method,stage,stage_order,x,scientificName,species,className,sp_persist,n_pu,total_pu_area_km2
pipe,0,0,0,Accipiter henstii,Accipiter_henstii,AVES,0.765875108539227,1,81405.8352855587
pipe,0,0,0,Accipiter madagascariensis,Accipiter_madagascariensis,AVES,0.927685507869511,1,100295.882031971
pipe,0,0,0,Acrocephalus newtoni,Acrocephalus_newtoni,AVES,0.999999999999481,10,119748.628033797
pipe,0,0,0,Alectroenas madagascariensis,Alectroenas_madagascariensis,AVES,0.998532955338285,6,68964.4888693073
pipe,0,0,0,Allocebus trichotis,Allocebus_trichotis,MAMMALIA,0.00783473496029241,3,72.1001097191941
pipe,0,0,0,Anas bernieri,Anas_bernieri,AVES,0,1,161.555721101997
pipe,0,0,0,Apus balstoni,Apus_balstoni,AVES,0.999999002903074,6,96782.468488452
pipe,0,0,0,Artamella viridis,Artamella_viridis,AVES,0.999991790126899,10,118037.351054388
pipe,0,0,0,Asio madagascariensis,Asio_madagascariensis,AVES,0.880258448741697,2,70836.8714421994
pipe,0,0,0,Atelornis crossleyi,Atelornis_crossleyi,AVES,0.999998758967357,7,11572.6222161697
pipe,0,0,0,Atelornis pittoides,Atelornis_pittoides,AVES,0.999745020877506,3,42621.3326259036
pipe,0,0,0,Athene superciliaris,Athene_superciliaris,AVES,0.999598784043913,1,75154.9789321164
pipe,0,0,0,Avahi laniger,Avahi_laniger,MAMMALIA,1,111,38253.4654300891
pipe,0,0,0,Avahi occidentalis,Avahi_occidentalis,MAMMALIA,0.996177513146535,4,630.90092483603
pipe,0,0,0,Aviceda madagascariensis,Aviceda_madagascariensis,AVES,0.97750066274377,1,107532.281324075
pipe,0,0,0,Bernieria madagascariensis,Bernieria_madagascariensis,AVES,0.999999520455142,10,99394.0554042342
pipe,0,0,0,Brachypteracias leptosomus,Brachypteracias_leptosomus,AVES,0.999771336916958,1,37031.6513341992
pipe,0,0,0,Brachytarsomys albicauda,Brachytarsomys_albicauda,MAMMALIA,0.999999991596676,50,1815.1748536385
pipe,0,0,0,Brachyuromys betsileoensis,Brachyuromys_betsileoensis,MAMMALIA,1,117,14393.3535845593
pipe,0,0,0,Brachyuromys ramirohitra,Brachyuromys_ramirohitra,MAMMALIA,0.655414845690046,2,90.5857082152947
pipe,0,0,0,Bradypterus brunneus,Bradypterus_brunneus,AVES,1,38,12772.3634521563
pipe,0,0,0,Bradypterus seebohmi,Bradypterus_seebohmi,AVES,0.452718233996164,1,71.7493427546057
pipe,0,0,0,Buteo brachypterus,Buteo_brachypterus,AVES,0.872058171840981,1,116634.251730965
pipe,0,0,0,Calicalicus madagascariensis,Calicalicus_madagascariensis,AVES,0.999999999949407,13,101012.694085224
pipe,0,0,0,Cheirogaleus crossleyi,Cheirogaleus_crossleyi,MAMMALIA,1,92,5731.87398069381
pipe,0,0,0,Cheirogaleus major,Cheirogaleus_major,MAMMALIA,1,281,72957.4461733377
pipe,0,0,0,Cheirogaleus medius,Cheirogaleus_medius,MAMMALIA,1,1693,63243.3814837725
pipe,0,0,0,Cinnyris notatus,Cinnyris_notatus,AVES,0.99999995559106,16,117370.484149475
pipe,0,0,0,Copsychus albospecularis,Copsychus_albospecularis,AVES,0.999995735454347,5,59545.5432791211
pipe,0,0,0,Coracopsis nigra,Coracopsis_nigra,AVES,0.995976861693383,3,112428.519988189
pipe,0,0,0,Corythornis madagascariensis,Corythornis_madagascariensis,AVES,0.894443720384505,5,91413.3850066191
pipe,0,0,0,Coua caerulea,Coua_caerulea,AVES,0.999923357849972,6,43261.1604187311
pipe,0,0,0,Coua coquereli,Coua_coquereli,AVES,0.999934088614735,1,30978.4157262958
pipe,0,0,0,Coua cristata,Coua_cristata,AVES,0.999993467101693,4,82457.7263657002
pipe,0,0,0,Coua cursor,Coua_cursor,AVES,0.999730982957567,1,18335.9341827981
pipe,0,0,0,Coua gigas,Coua_gigas,AVES,0.999875333122457,1,31503.665529228
pipe,0,0,0,Coua reynaudii,Coua_reynaudii,AVES,0.999893536909553,4,36912.0383393462
pipe,0,0,0,Coua ruficeps,Coua_ruficeps,AVES,0.959346120072291,3,1327.46846918481
pipe,0,0,0,Coua serriana,Coua_serriana,AVES,0.991471316214561,1,32261.1250374597
pipe,0,0,0,Crossleyia xanthophrys,Crossleyia_xanthophrys,AVES,1,45,4117.99735246585
pipe,0,0,0,Cryptoprocta ferox,Cryptoprocta_ferox,MAMMALIA,0.0704722846506252,4,37156.8714485855
pipe,0,0,0,Cryptosylvicola randrianasoloi,Cryptosylvicola_randrianasoloi,AVES,1,39,5909.73895894305
pipe,0,0,0,Cyanolanius madagascarinus,Cyanolanius_madagascarinus,AVES,0.999999763216334,6,111472.310295942
pipe,0,0,0,Daubentonia madagascariensis,Daubentonia_madagascariensis,MAMMALIA,1,66,38656.9744324359
pipe,0,0,0,Echinops telfairi,Echinops_telfairi,MAMMALIA,1,464,58756.346735598
pipe,0,0,0,Eliurus antsingy,Eliurus_antsingy,MAMMALIA,0.0133748649074148,5,69.4813072094932
pipe,0,0,0,Eliurus grandidieri,Eliurus_grandidieri,MAMMALIA,0.999641415738649,27,917.641006159522
pipe,0,0,0,Eliurus majori,Eliurus_majori,MAMMALIA,1,340,45494.3563680893
pipe,0,0,0,Eliurus minor,Eliurus_minor,MAMMALIA,1,1650,74538.857621201
pipe,0,0,0,Eliurus myoxinus,Eliurus_myoxinus,MAMMALIA,1,1287,89581.4926753732
pipe,0,0,0,Eliurus tanala,Eliurus_tanala,MAMMALIA,1,439,48738.095486133
pipe,0,0,0,Eliurus webbi,Eliurus_webbi,MAMMALIA,1,509,64109.5950543302
pipe,0,0,0,Eremopterix hova,Eremopterix_hova,AVES,0.999999862347247,22,4111.79749526026
pipe,0,0,0,Eulemur albifrons,Eulemur_albifrons,MAMMALIA,1,44,21033.6387743731
pipe,0,0,0,Eulemur cinereiceps,Eulemur_cinereiceps,MAMMALIA,1,124,104254.75479417
pipe,0,0,0,Eulemur collaris,Eulemur_collaris,MAMMALIA,1,110,101994.593872544
pipe,0,0,0,Eulemur coronatus,Eulemur_coronatus,MAMMALIA,1,168,30700.3288804389
pipe,0,0,0,Eulemur flavifrons,Eulemur_flavifrons,MAMMALIA,0.000213248908682684,1,25.074716512655
pipe,0,0,0,Eulemur fulvus,Eulemur_fulvus,MAMMALIA,1,92,104848.149055385
pipe,0,0,0,Eulemur macaco,Eulemur_macaco,MAMMALIA,1,43,39376.352313315
pipe,0,0,0,Eulemur mongoz,Eulemur_mongoz,MAMMALIA,0.999999952898049,33,2266.66703720268
pipe,0,0,0,Eulemur rubriventer,Eulemur_rubriventer,MAMMALIA,1,215,85220.055789026
pipe,0,0,0,Eulemur rufus,Eulemur_rufus,MAMMALIA,1,146,52873.432817392
pipe,0,0,0,Eulemur sanfordi,Eulemur_sanfordi,MAMMALIA,1,158,104692.318662475
pipe,0,0,0,Euryceros prevostii,Euryceros_prevostii,AVES,0.999000955068605,3,2839.06294695103
pipe,0,0,0,Falco zoniventris,Falco_zoniventris,AVES,0.932961278308184,1,73443.3410411674
pipe,0,0,0,Falculea palliata,Falculea_palliata,AVES,0.999999999468312,6,31125.8546995143
pipe,0,0,0,Fossa fossana,Fossa_fossana,MAMMALIA,0.978483142852742,2,48599.460922311
pipe,0,0,0,Foudia madagascariensis,Foudia_madagascariensis,AVES,0.999964283013746,16,151696.571517404
pipe,0,0,0,Foudia omissa,Foudia_omissa,AVES,0.999999999964813,15,51695.3683697188
pipe,0,0,0,Gactornis enarratus,Gactornis_enarratus,AVES,0.999999514554391,5,49094.8953315527
pipe,0,0,0,Galidia elegans,Galidia_elegans,MAMMALIA,0.968235456479531,6,49877.3202057596
pipe,0,0,0,Galidictis fasciata,Galidictis_fasciata,MAMMALIA,0,3,4247.07070700451
pipe,0,0,0,Geobiastes squamiger,Geobiastes_squamiger,AVES,0.999652519491142,4,10926.8523774886
pipe,0,0,0,Geogale aurita,Geogale_aurita,MAMMALIA,1,795,32511.8284537484
pipe,0,0,0,Gymnuromys roberti,Gymnuromys_roberti,MAMMALIA,1,172,26603.2793134595
pipe,0,0,0,Haliaeetus vociferoides,Haliaeetus_vociferoides,AVES,0.0115773783592114,1,5133.49426771155
pipe,0,0,0,Hapalemur alaotrensis,Hapalemur_alaotrensis,MAMMALIA,1,141,11439.9057848001
pipe,0,0,0,Hapalemur aureus,Hapalemur_aureus,MAMMALIA,0.999999995692329,24,1820.55619313019
pipe,0,0,0,Hapalemur griseus,Hapalemur_griseus,MAMMALIA,1,165,96797.1992744246
pipe,0,0,0,Hapalemur occidentalis,Hapalemur_occidentalis,MAMMALIA,0.999995100328246,28,1026.71440945896
pipe,0,0,0,Hartertula flavoviridis,Hartertula_flavoviridis,AVES,1,45,8110.84595378394
pipe,0,0,0,Hartlaubius auratus,Hartlaubius_auratus,AVES,0.999908849362027,4,102250.658932244
pipe,0,0,0,Hemicentetes nigriceps,Hemicentetes_nigriceps,MAMMALIA,0.999953127257988,35,2052.96238155247
pipe,0,0,0,Hemicentetes semispinosus,Hemicentetes_semispinosus,MAMMALIA,0.999999999999998,82,73146.0227469838
pipe,0,0,0,Hypogeomys antimena,Hypogeomys_antimena,MAMMALIA,0.13382196561483,5,104.686912753015
pipe,0,0,0,Hypositta corallirostris,Hypositta_corallirostris,AVES,0.999989919803511,10,62434.9575957259
pipe,0,0,0,Indri indri,Indri_indri,MAMMALIA,0.999999981093542,19,63643.0065547893
pipe,0,0,0,Lemur catta,Lemur_catta,MAMMALIA,1,172,28828.0651897789
pipe,0,0,0,Lepidopygia nana,Lepidopygia_nana,AVES,0.993565759031579,24,160602.278061778
pipe,0,0,0,Lepilemur ankaranensis,Lepilemur_ankaranensis,MAMMALIA,0.942459903341432,13,361.823311685573
pipe,0,0,0,Lepilemur edwardsi,Lepilemur_edwardsi,MAMMALIA,1,56,10363.7149847007
pipe,0,0,0,Lepilemur leucopus,Lepilemur_leucopus,MAMMALIA,1,82,22553.130172594
pipe,0,0,0,Lepilemur microdon,Lepilemur_microdon,MAMMALIA,0.999999999997001,34,4773.54297635564
pipe,0,0,0,Lepilemur mustelinus,Lepilemur_mustelinus,MAMMALIA,1,248,91970.6800562632
pipe,0,0,0,Lepilemur ruficaudatus,Lepilemur_ruficaudatus,MAMMALIA,1,182,19221.242925611
pipe,0,0,0,Leptopterus chabert,Leptopterus_chabert,AVES,0.999990744115013,11,135294.726469808
pipe,0,0,0,Lophotibis cristata,Lophotibis_cristata,AVES,0.99984262942438,2,83241.1822643856
pipe,0,0,0,Macrotarsomys bastardi,Macrotarsomys_bastardi,MAMMALIA,1,277,8155.32697095479
pipe,0,0,0,Margaroperdix madagarensis,Margaroperdix_madagarensis,AVES,0.999978649954335,2,109163.465616219
pipe,0,0,0,Mentocrex kioloides,Mentocrex_kioloides,AVES,0.997745372881942,1,33668.8999710913
pipe,0,0,0,Mesitornis unicolor,Mesitornis_unicolor,AVES,0,1,89.8278131379881
pipe,0,0,0,Mesitornis variegatus,Mesitornis_variegatus,AVES,0.998762356934088,5,2869.24937298196
pipe,0,0,0,Microcebus berthae,Microcebus_berthae,MAMMALIA,1.52725564417366e-08,2,17.7781751306701
pipe,0,0,0,Microcebus griseorufus,Microcebus_griseorufus,MAMMALIA,0.995769019106106,14,501.433658043837
pipe,0,0,0,Microcebus murinus,Microcebus_murinus,MAMMALIA,1,1713,98648.0994171873
pipe,0,0,0,Microcebus myoxinus,Microcebus_myoxinus,MAMMALIA,0.999999992654343,102,1124.39007911773
pipe,0,0,0,Microcebus ravelobensis,Microcebus_ravelobensis,MAMMALIA,0.778620368188717,15,246.875988043963
pipe,0,0,0,Microcebus rufus,Microcebus_rufus,MAMMALIA,1,1410,72064.129868253
pipe,0,0,0,Microcebus tavaratra,Microcebus_tavaratra,MAMMALIA,0.993489557216144,45,767.433244596441
pipe,0,0,0,Microgale brevicaudata,Microgale_brevicaudata,MAMMALIA,1,899,32538.4482627255
pipe,0,0,0,Microgale cowani,Microgale_cowani,MAMMALIA,1,614,61599.7511156241
pipe,0,0,0,Microgale drouhardi,Microgale_drouhardi,MAMMALIA,1,318,26763.011032268
pipe,0,0,0,Microgale dryas,Microgale_dryas,MAMMALIA,0.897201399235291,47,1369.92029440591
pipe,0,0,0,Microgale fotsifotsy,Microgale_fotsifotsy,MAMMALIA,1,406,31282.5520477908
pipe,0,0,0,Microgale gracilis,Microgale_gracilis,MAMMALIA,0.999999999998795,118,9616.30546971176
pipe,0,0,0,Microgale gymnorhyncha,Microgale_gymnorhyncha,MAMMALIA,1,131,19647.1566155424
pipe,0,0,0,Microgale longicaudata,Microgale_longicaudata,MAMMALIA,1,1118,63542.4841558526
pipe,0,0,0,Microgale mergulus,Microgale_mergulus,MAMMALIA,0.999999999999896,71,5562.61775285837
pipe,0,0,0,Microgale parvula,Microgale_parvula,MAMMALIA,0.999999999999961,1319,63644.5861034212
pipe,0,0,0,Microgale principula,Microgale_principula,MAMMALIA,1,617,50694.3369124667
pipe,0,0,0,Microgale pusilla,Microgale_pusilla,MAMMALIA,0.999999999978931,415,19934.6384600131
pipe,0,0,0,Microgale soricoides,Microgale_soricoides,MAMMALIA,1,143,27525.3521029543
pipe,0,0,0,Microgale taiva,Microgale_taiva,MAMMALIA,1,310,40793.1049467723
pipe,0,0,0,Microgale thomasi,Microgale_thomasi,MAMMALIA,1,129,24416.4063766389
pipe,0,0,0,Mirza coquereli,Mirza_coquereli,MAMMALIA,0.999997589067307,53,2653.00074277788
pipe,0,0,0,Monias benschi,Monias_benschi,AVES,0,1,82.9420458882198
pipe,0,0,0,Monticola erythronotus,Monticola_erythronotus,AVES,0.505764981643123,1,97.4973036619921
pipe,0,0,0,Monticola sharpei,Monticola_sharpei,AVES,0.999999999999973,10,112347.531793114
pipe,0,0,0,Monticolomys koopmani,Monticolomys_koopmani,MAMMALIA,0.132627247638879,6,104.060766616412
pipe,0,0,0,Motacilla flaviventris,Motacilla_flaviventris,AVES,1,23,20547.3955734012
pipe,0,0,0,Mystacornis crossleyi,Mystacornis_crossleyi,AVES,0.99999999999998,10,47378.6432934249
pipe,0,0,0,Neodrepanis coruscans,Neodrepanis_coruscans,AVES,0.99999845514974,15,29636.806082244
pipe,0,0,0,Neodrepanis hypoxantha,Neodrepanis_hypoxantha,AVES,0.0211788109146441,3,88.4296056242715
pipe,0,0,0,Neomixis striatigula,Neomixis_striatigula,AVES,0.999999999993975,21,58553.2749873828
pipe,0,0,0,Neomixis tenella,Neomixis_tenella,AVES,1,46,100872.507958581
pipe,0,0,0,Neomixis viridis,Neomixis_viridis,AVES,0.999999999968365,24,53773.2576753967
pipe,0,0,0,Nesillas lantzii,Nesillas_lantzii,AVES,0.999983000083555,3,2703.93284842042
pipe,0,0,0,Nesogale dobsoni,Nesogale_dobsoni,MAMMALIA,1,401,70569.9395597334
pipe,0,0,0,Nesogale talazaci,Nesogale_talazaci,MAMMALIA,1,209,64825.7784003662
pipe,0,0,0,Nesomys audeberti,Nesomys_audeberti,MAMMALIA,1,111,4404.70734705306
pipe,0,0,0,Nesomys lambertoni,Nesomys_lambertoni,MAMMALIA,0.99998398237535,29,958.575495315822
pipe,0,0,0,Nesomys rufus,Nesomys_rufus,MAMMALIA,1,228,47158.8717763674
pipe,0,0,0,Newtonia amphichroa,Newtonia_amphichroa,AVES,1,15,42707.2911220113
pipe,0,0,0,Newtonia archboldi,Newtonia_archboldi,AVES,0.999743205924592,10,2057.60292387806
pipe,0,0,0,Newtonia brunneicauda,Newtonia_brunneicauda,AVES,0.999999976025883,11,128214.085634947
pipe,0,0,0,Newtonia fanovanae,Newtonia_fanovanae,AVES,0.3530552834488,2,98.220702482002
pipe,0,0,0,Oriolia bernieri,Oriolia_bernieri,AVES,0.999997529517173,13,14262.3456490558
pipe,0,0,0,Oryzorictes hova,Oryzorictes_hova,MAMMALIA,1,265,66233.2154541267
pipe,0,0,0,Oryzorictes tetradactylus,Oryzorictes_tetradactylus,MAMMALIA,1,155,10717.5339834055
pipe,0,0,0,Otus rutilus,Otus_rutilus,AVES,0.999999884940967,4,111949.764996871
pipe,0,0,0,Oxylabes madagascariensis,Oxylabes_madagascariensis,AVES,0.999999999999997,14,53797.7359975744
pipe,0,0,0,Phaner electromontis,Phaner_electromontis,MAMMALIA,1.1181189119025e-07,1,17.4337788633334
pipe,0,0,0,Phaner furcifer,Phaner_furcifer,MAMMALIA,0.887905466959624,58,892.662774423233
pipe,0,0,0,Phaner pallescens,Phaner_pallescens,MAMMALIA,0.999999999997009,57,3504.1481557881
pipe,0,0,0,Phaner parienti,Phaner_parienti,MAMMALIA,0.00280017666108179,1,24.4501852478606
pipe,0,0,0,Philepitta castanea,Philepitta_castanea,AVES,0.983835197382121,4,38533.17496099
pipe,0,0,0,Philepitta schlegeli,Philepitta_schlegeli,AVES,0.988278027030843,14,4281.37986122647
pipe,0,0,0,Ploceus nelicourvi,Ploceus_nelicourvi,AVES,0.999999997546978,9,62225.2788867866
pipe,0,0,0,Ploceus sakalava,Ploceus_sakalava,AVES,0.999999986026268,18,45935.1176779656
pipe,0,0,0,Polyboroides radiatus,Polyboroides_radiatus,AVES,0.998872473273459,1,126880.731002869
pipe,0,0,0,Pseudobias wardi,Pseudobias_wardi,AVES,0.999999999999996,19,41782.4877384969
pipe,0,0,0,Pterocles personatus,Pterocles_personatus,AVES,0.940123497880855,5,7087.00341547594
pipe,0,0,0,Rallus madagascariensis,Rallus_madagascariensis,AVES,0.999999431971117,5,14553.5629941738
pipe,0,0,0,Randia pseudozosterops,Randia_pseudozosterops,AVES,0.999998919608882,6,46653.22527701
pipe,0,0,0,Sarothrura insularis,Sarothrura_insularis,AVES,0.999970539243504,7,77231.7846360684
pipe,0,0,0,Schetba rufa,Schetba_rufa,AVES,1,20,29985.5572878945
pipe,0,0,0,Setifer setosus,Setifer_setosus,MAMMALIA,1,197,121768.247863368
pipe,0,0,0,Tenrec ecaudatus,Tenrec_ecaudatus,MAMMALIA,1,54,133405.07041149
pipe,0,0,0,Thamnornis chloropetoides,Thamnornis_chloropetoides,AVES,0.999977507869305,5,3407.17432487525
pipe,0,0,0,Treron australis,Treron_australis,AVES,0.996979772420716,1,122191.673916884
pipe,0,0,0,Turnix nigricollis,Turnix_nigricollis,AVES,0.999949079462136,2,137927.251420088
pipe,0,0,0,Tylas eduardi,Tylas_eduardi,AVES,0.999999989122082,6,60620.0089657779
pipe,0,0,0,Vanga curvirostris,Vanga_curvirostris,AVES,0.999946694822322,7,134928.457939634
pipe,0,0,0,Varecia rubra,Varecia_rubra,MAMMALIA,1,47,74463.7318670284
pipe,0,0,0,Varecia variegata,Varecia_variegata,MAMMALIA,0.999999999999927,38,73381.7001135045
pipe,0,0,0,Xanthomixis apperti,Xanthomixis_apperti,AVES,0.441311211243701,1,68.4073900828693
pipe,0,0,0,Xanthomixis cinereiceps,Xanthomixis_cinereiceps,AVES,1,21,17538.7243960844
pipe,0,0,0,Xanthomixis zosterops,Xanthomixis_zosterops,AVES,0.999999999983305,14,63332.6962077734
pipe,0,0,0,Xenopirostris damii,Xenopirostris_damii,AVES,0.00179910755944279,1,93.5023436630615
pipe,0,0,0,Xenopirostris polleni,Xenopirostris_polleni,AVES,0.999999970589095,10,17756.9551348295
pipe,0,0,0,Xenopirostris xenopirostris,Xenopirostris_xenopirostris,AVES,0.965058075374104,1,1102.55740261015
pipe,1,1,4.74865574883676,Accipiter henstii,Accipiter_henstii,AVES,0.765875108539227,1,81405.8352855587
pipe,1,1,4.74865574883676,Accipiter madagascariensis,Accipiter_madagascariensis,AVES,0.927685507869511,1,100295.882031971
pipe,1,1,4.74865574883676,Acrocephalus newtoni,Acrocephalus_newtoni,AVES,0.999999999999914,11,118546.169549476
pipe,1,1,4.74865574883676,Alectroenas madagascariensis,Alectroenas_madagascariensis,AVES,0.998532955338285,6,68964.4888693073
pipe,1,1,4.74865574883676,Allocebus trichotis,Allocebus_trichotis,MAMMALIA,0.0078347349602923,3,72.1001097191941
pipe,1,1,4.74865574883676,Anas bernieri,Anas_bernieri,AVES,0,1,156.615286251275
pipe,1,1,4.74865574883676,Apus balstoni,Apus_balstoni,AVES,0.999999954532783,4,96276.9210808294
pipe,1,1,4.74865574883676,Artamella viridis,Artamella_viridis,AVES,0.999991737039207,10,117533.445645469
pipe,1,1,4.74865574883676,Asio madagascariensis,Asio_madagascariensis,AVES,0.880258448741697,2,70836.8714421994
pipe,1,1,4.74865574883676,Atelornis crossleyi,Atelornis_crossleyi,AVES,0.999998758967357,7,11572.6222161697
pipe,1,1,4.74865574883676,Atelornis pittoides,Atelornis_pittoides,AVES,0.999745020877506,3,42621.3326259037
pipe,1,1,4.74865574883676,Athene superciliaris,Athene_superciliaris,AVES,0.999598784043913,1,75154.9789321163
pipe,1,1,4.74865574883676,Avahi laniger,Avahi_laniger,MAMMALIA,1,110,38160.1483657987
pipe,1,1,4.74865574883676,Avahi occidentalis,Avahi_occidentalis,MAMMALIA,0.996177513146535,4,629.897489759678
pipe,1,1,4.74865574883676,Aviceda madagascariensis,Aviceda_madagascariensis,AVES,0.97750066274377,1,107532.281324075
pipe,1,1,4.74865574883676,Bernieria madagascariensis,Bernieria_madagascariensis,AVES,0.999999846429051,11,99250.0999180872
pipe,1,1,4.74865574883676,Brachypteracias leptosomus,Brachypteracias_leptosomus,AVES,0.999771336916958,1,37031.6513341992
pipe,1,1,4.74865574883676,Brachytarsomys albicauda,Brachytarsomys_albicauda,MAMMALIA,0.99999998952922,50,1790.79003444729
pipe,1,1,4.74865574883676,Brachyuromys betsileoensis,Brachyuromys_betsileoensis,MAMMALIA,1,124,14056.1875398741
pipe,1,1,4.74865574883676,Brachyuromys ramirohitra,Brachyuromys_ramirohitra,MAMMALIA,0.655414845690046,2,90.5857082152948
pipe,1,1,4.74865574883676,Bradypterus brunneus,Bradypterus_brunneus,AVES,1,38,12767.345441453
pipe,1,1,4.74865574883676,Bradypterus seebohmi,Bradypterus_seebohmi,AVES,0.452718233996164,1,71.7493427546058
pipe,1,1,4.74865574883676,Buteo brachypterus,Buteo_brachypterus,AVES,0.872058171840981,1,116634.251730965
pipe,1,1,4.74865574883676,Calicalicus madagascariensis,Calicalicus_madagascariensis,AVES,0.999999999984412,15,100691.042355864
pipe,1,1,4.74865574883676,Cheirogaleus crossleyi,Cheirogaleus_crossleyi,MAMMALIA,1,92,5731.60752767041
pipe,1,1,4.74865574883676,Cheirogaleus major,Cheirogaleus_major,MAMMALIA,1,272,72337.9685449486
pipe,1,1,4.74865574883676,Cheirogaleus medius,Cheirogaleus_medius,MAMMALIA,1,1646,60030.9697189016
pipe,1,1,4.74865574883676,Cinnyris notatus,Cinnyris_notatus,AVES,0.999999944926819,19,114380.905986454
pipe,1,1,4.74865574883676,Copsychus albospecularis,Copsychus_albospecularis,AVES,0.999995704903462,5,59235.2079061101
pipe,1,1,4.74865574883676,Coracopsis nigra,Coracopsis_nigra,AVES,0.995976861693383,3,112428.519988189
pipe,1,1,4.74865574883676,Corythornis madagascariensis,Corythornis_madagascariensis,AVES,0.894443720384505,5,91413.3850066192
pipe,1,1,4.74865574883676,Coua caerulea,Coua_caerulea,AVES,0.999923357849972,6,43261.1604187311
pipe,1,1,4.74865574883676,Coua coquereli,Coua_coquereli,AVES,0.999932515019641,1,30607.1674362561
pipe,1,1,4.74865574883676,Coua cristata,Coua_cristata,AVES,0.999993467101693,4,82457.7263657003
pipe,1,1,4.74865574883676,Coua cursor,Coua_cursor,AVES,0.999730982957567,1,18335.9341827981
pipe,1,1,4.74865574883676,Coua gigas,Coua_gigas,AVES,0.999875232204983,1,31491.5426472852
pipe,1,1,4.74865574883676,Coua reynaudii,Coua_reynaudii,AVES,0.999893536909553,4,36912.0383393462
pipe,1,1,4.74865574883676,Coua ruficeps,Coua_ruficeps,AVES,0.959346120072291,3,1327.46846918482
pipe,1,1,4.74865574883676,Coua serriana,Coua_serriana,AVES,0.991471316214561,1,32261.1250374597
pipe,1,1,4.74865574883676,Crossleyia xanthophrys,Crossleyia_xanthophrys,AVES,1,45,4116.74088725148
pipe,1,1,4.74865574883676,Cryptoprocta ferox,Cryptoprocta_ferox,MAMMALIA,0.0704722846506246,4,37145.8531169558
pipe,1,1,4.74865574883676,Cryptosylvicola randrianasoloi,Cryptosylvicola_randrianasoloi,AVES,1,39,5905.30153562051
pipe,1,1,4.74865574883676,Cyanolanius madagascarinus,Cyanolanius_madagascarinus,AVES,0.999999835914766,9,110935.681521754
pipe,1,1,4.74865574883676,Daubentonia madagascariensis,Daubentonia_madagascariensis,MAMMALIA,1,65,38328.7665662221
pipe,1,1,4.74865574883676,Echinops telfairi,Echinops_telfairi,MAMMALIA,1,457,57412.99657778
pipe,1,1,4.74865574883676,Eliurus antsingy,Eliurus_antsingy,MAMMALIA,0.0133748649074149,5,69.3900821470956
pipe,1,1,4.74865574883676,Eliurus grandidieri,Eliurus_grandidieri,MAMMALIA,0.999641415738649,27,917.280209898303
pipe,1,1,4.74865574883676,Eliurus majori,Eliurus_majori,MAMMALIA,1,364,44806.7213539993
pipe,1,1,4.74865574883676,Eliurus minor,Eliurus_minor,MAMMALIA,1,1646,73884.5862610997
pipe,1,1,4.74865574883676,Eliurus myoxinus,Eliurus_myoxinus,MAMMALIA,1,1310,86902.4679183946
pipe,1,1,4.74865574883676,Eliurus tanala,Eliurus_tanala,MAMMALIA,1,466,47970.6831683726
pipe,1,1,4.74865574883676,Eliurus webbi,Eliurus_webbi,MAMMALIA,1,555,63115.2859444029
pipe,1,1,4.74865574883676,Eremopterix hova,Eremopterix_hova,AVES,0.999999826925222,24,3950.76390445266
pipe,1,1,4.74865574883676,Eulemur albifrons,Eulemur_albifrons,MAMMALIA,1,44,21033.6387743731
pipe,1,1,4.74865574883676,Eulemur cinereiceps,Eulemur_cinereiceps,MAMMALIA,1,125,103286.860037421
pipe,1,1,4.74865574883676,Eulemur collaris,Eulemur_collaris,MAMMALIA,1,106,101282.958827391
pipe,1,1,4.74865574883676,Eulemur coronatus,Eulemur_coronatus,MAMMALIA,1,165,30639.037092244
pipe,1,1,4.74865574883676,Eulemur flavifrons,Eulemur_flavifrons,MAMMALIA,0.000213248908682684,1,25.074716512655
pipe,1,1,4.74865574883676,Eulemur fulvus,Eulemur_fulvus,MAMMALIA,1,96,103878.053404767
pipe,1,1,4.74865574883676,Eulemur macaco,Eulemur_macaco,MAMMALIA,1,45,39175.951274805
pipe,1,1,4.74865574883676,Eulemur mongoz,Eulemur_mongoz,MAMMALIA,0.999999952749741,33,2263.93643487816
pipe,1,1,4.74865574883676,Eulemur rubriventer,Eulemur_rubriventer,MAMMALIA,1,211,84752.3825692467
pipe,1,1,4.74865574883676,Eulemur rufus,Eulemur_rufus,MAMMALIA,1,164,51664.4907604135
pipe,1,1,4.74865574883676,Eulemur sanfordi,Eulemur_sanfordi,MAMMALIA,1,160,103729.882968823
pipe,1,1,4.74865574883676,Euryceros prevostii,Euryceros_prevostii,AVES,0.999000955068605,3,2839.06294695103
pipe,1,1,4.74865574883676,Falco zoniventris,Falco_zoniventris,AVES,0.932961278308184,1,73443.3410411675
pipe,1,1,4.74865574883676,Falculea palliata,Falculea_palliata,AVES,0.999999999438818,6,30737.9571865434
pipe,1,1,4.74865574883676,Fossa fossana,Fossa_fossana,MAMMALIA,0.978483142852742,2,48599.4609223109
pipe,1,1,4.74865574883676,Foudia madagascariensis,Foudia_madagascariensis,AVES,0.999992722196957,16,149489.002936005
pipe,1,1,4.74865574883676,Foudia omissa,Foudia_omissa,AVES,0.999999999963853,15,51667.8726223776
pipe,1,1,4.74865574883676,Gactornis enarratus,Gactornis_enarratus,AVES,0.999999514554391,5,49094.8953315528
pipe,1,1,4.74865574883676,Galidia elegans,Galidia_elegans,MAMMALIA,0.968235456479531,6,49877.3202057595
pipe,1,1,4.74865574883676,Galidictis fasciata,Galidictis_fasciata,MAMMALIA,0,3,4247.07070700451
pipe,1,1,4.74865574883676,Geobiastes squamiger,Geobiastes_squamiger,AVES,0.999652519491142,4,10926.8523774886
pipe,1,1,4.74865574883676,Geogale aurita,Geogale_aurita,MAMMALIA,1,780,31984.8442020208
pipe,1,1,4.74865574883676,Gymnuromys roberti,Gymnuromys_roberti,MAMMALIA,1,175,26369.4167531284
pipe,1,1,4.74865574883676,Haliaeetus vociferoides,Haliaeetus_vociferoides,AVES,0.0115773783592114,1,5133.49426771156
pipe,1,1,4.74865574883676,Hapalemur alaotrensis,Hapalemur_alaotrensis,MAMMALIA,1,143,11074.2037279226
pipe,1,1,4.74865574883676,Hapalemur aureus,Hapalemur_aureus,MAMMALIA,0.999999994495938,24,1806.91072140088
pipe,1,1,4.74865574883676,Hapalemur griseus,Hapalemur_griseus,MAMMALIA,1,161,96478.6879770429
pipe,1,1,4.74865574883676,Hapalemur occidentalis,Hapalemur_occidentalis,MAMMALIA,0.999995100328246,28,1026.71440945896
pipe,1,1,4.74865574883676,Hartertula flavoviridis,Hartertula_flavoviridis,AVES,1,45,8108.32123038134
pipe,1,1,4.74865574883676,Hartlaubius auratus,Hartlaubius_auratus,AVES,0.999908766466144,5,102193.945136206
pipe,1,1,4.74865574883676,Hemicentetes nigriceps,Hemicentetes_nigriceps,MAMMALIA,0.999953127257988,32,2006.07132833835
pipe,1,1,4.74865574883676,Hemicentetes semispinosus,Hemicentetes_semispinosus,MAMMALIA,0.999999999999996,82,73097.5191078914
pipe,1,1,4.74865574883676,Hypogeomys antimena,Hypogeomys_antimena,MAMMALIA,0.133821965614829,5,103.882742615758
pipe,1,1,4.74865574883676,Hypositta corallirostris,Hypositta_corallirostris,AVES,0.999989919146501,10,62431.7357032171
pipe,1,1,4.74865574883676,Indri indri,Indri_indri,MAMMALIA,0.999999981093416,19,63642.8241008612
pipe,1,1,4.74865574883676,Lemur catta,Lemur_catta,MAMMALIA,1,219,27102.6334515861
pipe,1,1,4.74865574883676,Lepidopygia nana,Lepidopygia_nana,AVES,0.993602514572219,25,156973.811973209
pipe,1,1,4.74865574883676,Lepilemur ankaranensis,Lepilemur_ankaranensis,MAMMALIA,0.942459903341432,13,361.823311685573
pipe,1,1,4.74865574883676,Lepilemur edwardsi,Lepilemur_edwardsi,MAMMALIA,1,56,10191.6812263564
pipe,1,1,4.74865574883676,Lepilemur leucopus,Lepilemur_leucopus,MAMMALIA,1,85,21721.3407093688
pipe,1,1,4.74865574883676,Lepilemur microdon,Lepilemur_microdon,MAMMALIA,0.999999999996764,33,4750.13398729133
pipe,1,1,4.74865574883676,Lepilemur mustelinus,Lepilemur_mustelinus,MAMMALIA,1,252,90763.0989781753
pipe,1,1,4.74865574883676,Lepilemur ruficaudatus,Lepilemur_ruficaudatus,MAMMALIA,1,189,18067.8122133292
pipe,1,1,4.74865574883676,Leptopterus chabert,Leptopterus_chabert,AVES,0.999990656404288,11,134384.252149197
pipe,1,1,4.74865574883676,Lophotibis cristata,Lophotibis_cristata,AVES,0.99984262942438,2,83241.1822643857
pipe,1,1,4.74865574883676,Macrotarsomys bastardi,Macrotarsomys_bastardi,MAMMALIA,1,273,8065.82798688937
pipe,1,1,4.74865574883676,Margaroperdix madagarensis,Margaroperdix_madagarensis,AVES,0.999978309464015,2,108107.726860513
pipe,1,1,4.74865574883676,Mentocrex kioloides,Mentocrex_kioloides,AVES,0.997745372881942,1,33668.8999710913
pipe,1,1,4.74865574883676,Mesitornis unicolor,Mesitornis_unicolor,AVES,0,1,89.8278131379881
pipe,1,1,4.74865574883676,Mesitornis variegatus,Mesitornis_variegatus,AVES,0.998762356934088,5,2869.24937298196
pipe,1,1,4.74865574883676,Microcebus berthae,Microcebus_berthae,MAMMALIA,1.52725564417366e-08,2,17.4207558809549
pipe,1,1,4.74865574883676,Microcebus griseorufus,Microcebus_griseorufus,MAMMALIA,0.995769019106106,14,501.433658043836
pipe,1,1,4.74865574883676,Microcebus murinus,Microcebus_murinus,MAMMALIA,1,1710,94671.3651311347
pipe,1,1,4.74865574883676,Microcebus myoxinus,Microcebus_myoxinus,MAMMALIA,0.999999990850514,99,1100.14647986423
pipe,1,1,4.74865574883676,Microcebus ravelobensis,Microcebus_ravelobensis,MAMMALIA,0.778620368188717,13,239.222934365321
pipe,1,1,4.74865574883676,Microcebus rufus,Microcebus_rufus,MAMMALIA,1,1389,71180.4748669141
pipe,1,1,4.74865574883676,Microcebus tavaratra,Microcebus_tavaratra,MAMMALIA,0.993489556491056,42,751.270493284087
pipe,1,1,4.74865574883676,Microgale brevicaudata,Microgale_brevicaudata,MAMMALIA,1,880,32060.7940350099
pipe,1,1,4.74865574883676,Microgale cowani,Microgale_cowani,MAMMALIA,1,647,60297.1159491452
pipe,1,1,4.74865574883676,Microgale drouhardi,Microgale_drouhardi,MAMMALIA,1,324,26561.2549781434
pipe,1,1,4.74865574883676,Microgale dryas,Microgale_dryas,MAMMALIA,0.897201399235291,47,1369.92029440591
pipe,1,1,4.74865574883676,Microgale fotsifotsy,Microgale_fotsifotsy,MAMMALIA,1,408,31005.1284947541
pipe,1,1,4.74865574883676,Microgale gracilis,Microgale_gracilis,MAMMALIA,0.999999999998709,119,9600.07609251455
pipe,1,1,4.74865574883676,Microgale gymnorhyncha,Microgale_gymnorhyncha,MAMMALIA,1,144,19422.7115134009
pipe,1,1,4.74865574883676,Microgale longicaudata,Microgale_longicaudata,MAMMALIA,1,1121,62974.2018462149
pipe,1,1,4.74865574883676,Microgale mergulus,Microgale_mergulus,MAMMALIA,0.999999999999959,71,5534.54282775052
pipe,1,1,4.74865574883676,Microgale parvula,Microgale_parvula,MAMMALIA,1,1324,63145.6395825631
pipe,1,1,4.74865574883676,Microgale principula,Microgale_principula,MAMMALIA,1,619,50309.7715689012
pipe,1,1,4.74865574883676,Microgale pusilla,Microgale_pusilla,MAMMALIA,0.999999999968303,400,19660.5934643319
pipe,1,1,4.74865574883676,Microgale soricoides,Microgale_soricoides,MAMMALIA,1,155,27267.41073001
pipe,1,1,4.74865574883676,Microgale taiva,Microgale_taiva,MAMMALIA,1,319,40513.4836645769
pipe,1,1,4.74865574883676,Microgale thomasi,Microgale_thomasi,MAMMALIA,1,123,24341.2209328104
pipe,1,1,4.74865574883676,Mirza coquereli,Mirza_coquereli,MAMMALIA,0.999997588863418,53,2647.59570340002
pipe,1,1,4.74865574883676,Monias benschi,Monias_benschi,AVES,0,1,82.9420458882198
pipe,1,1,4.74865574883676,Monticola erythronotus,Monticola_erythronotus,AVES,0.505764981643122,1,97.497303661992
pipe,1,1,4.74865574883676,Monticola sharpei,Monticola_sharpei,AVES,0.999999999999992,15,109523.257494389
pipe,1,1,4.74865574883676,Monticolomys koopmani,Monticolomys_koopmani,MAMMALIA,0.132627247638879,6,104.060766616412
pipe,1,1,4.74865574883676,Motacilla flaviventris,Motacilla_flaviventris,AVES,1,27,19165.5933427538
pipe,1,1,4.74865574883676,Mystacornis crossleyi,Mystacornis_crossleyi,AVES,0.99999999999998,10,47376.6713303955
pipe,1,1,4.74865574883676,Neodrepanis coruscans,Neodrepanis_coruscans,AVES,0.999998425287023,15,29484.0934652967
pipe,1,1,4.74865574883676,Neodrepanis hypoxantha,Neodrepanis_hypoxantha,AVES,0.0211788109146442,3,88.4296056242715
pipe,1,1,4.74865574883676,Neomixis striatigula,Neomixis_striatigula,AVES,0.999999999993972,21,58537.1638071214
pipe,1,1,4.74865574883676,Neomixis tenella,Neomixis_tenella,AVES,1,48,98470.0037359432
pipe,1,1,4.74865574883676,Neomixis viridis,Neomixis_viridis,AVES,0.999999999968341,24,53747.9815866659
pipe,1,1,4.74865574883676,Nesillas lantzii,Nesillas_lantzii,AVES,0.999982937128992,3,2699.47463594861
pipe,1,1,4.74865574883676,Nesogale dobsoni,Nesogale_dobsoni,MAMMALIA,1,387,69949.7990254138
pipe,1,1,4.74865574883676,Nesogale talazaci,Nesogale_talazaci,MAMMALIA,1,209,64823.3266892579
pipe,1,1,4.74865574883676,Nesomys audeberti,Nesomys_audeberti,MAMMALIA,1,114,4294.48788952611
pipe,1,1,4.74865574883676,Nesomys lambertoni,Nesomys_lambertoni,MAMMALIA,0.999983981885885,28,948.983050557469
pipe,1,1,4.74865574883676,Nesomys rufus,Nesomys_rufus,MAMMALIA,1,243,46441.1606063473
pipe,1,1,4.74865574883676,Newtonia amphichroa,Newtonia_amphichroa,AVES,1,15,42683.6680091598
pipe,1,1,4.74865574883676,Newtonia archboldi,Newtonia_archboldi,AVES,0.999743204890143,9,2043.76389785994
pipe,1,1,4.74865574883676,Newtonia brunneicauda,Newtonia_brunneicauda,AVES,0.999999997806669,16,126392.297811309
pipe,1,1,4.74865574883676,Newtonia fanovanae,Newtonia_fanovanae,AVES,0.353055283448799,2,98.220702482002
pipe,1,1,4.74865574883676,Oriolia bernieri,Oriolia_bernieri,AVES,0.999997529517173,13,14262.3456490558
pipe,1,1,4.74865574883676,Oryzorictes hova,Oryzorictes_hova,MAMMALIA,1,266,65872.4565761307
pipe,1,1,4.74865574883676,Oryzorictes tetradactylus,Oryzorictes_tetradactylus,MAMMALIA,1,156,10581.4119165557
pipe,1,1,4.74865574883676,Otus rutilus,Otus_rutilus,AVES,0.999999884789926,4,111875.98519493
pipe,1,1,4.74865574883676,Oxylabes madagascariensis,Oxylabes_madagascariensis,AVES,0.999999999999997,14,53783.4107612645
pipe,1,1,4.74865574883676,Phaner electromontis,Phaner_electromontis,MAMMALIA,1.1181189119025e-07,1,17.4337788633334
pipe,1,1,4.74865574883676,Phaner furcifer,Phaner_furcifer,MAMMALIA,0.887905466959624,53,855.534787806479
pipe,1,1,4.74865574883676,Phaner pallescens,Phaner_pallescens,MAMMALIA,0.999999999996959,55,3428.56145743033
pipe,1,1,4.74865574883676,Phaner parienti,Phaner_parienti,MAMMALIA,0.00280017666108179,1,24.4501852478606
pipe,1,1,4.74865574883676,Philepitta castanea,Philepitta_castanea,AVES,0.983835197382121,4,38533.17496099
pipe,1,1,4.74865574883676,Philepitta schlegeli,Philepitta_schlegeli,AVES,0.988278027030843,14,4281.37986122647
pipe,1,1,4.74865574883676,Ploceus nelicourvi,Ploceus_nelicourvi,AVES,0.999999997523435,9,62213.473893682
pipe,1,1,4.74865574883676,Ploceus sakalava,Ploceus_sakalava,AVES,0.99999999866971,22,43823.1186995164
pipe,1,1,4.74865574883676,Polyboroides radiatus,Polyboroides_radiatus,AVES,0.998864129950689,1,126319.671783681
pipe,1,1,4.74865574883676,Pseudobias wardi,Pseudobias_wardi,AVES,0.999999999999996,19,41777.9586801586
pipe,1,1,4.74865574883676,Pterocles personatus,Pterocles_personatus,AVES,0.940123497880855,5,7087.00341547594
pipe,1,1,4.74865574883676,Rallus madagascariensis,Rallus_madagascariensis,AVES,0.99999943079953,5,14542.6010662121
pipe,1,1,4.74865574883676,Randia pseudozosterops,Randia_pseudozosterops,AVES,0.999998919608882,6,46653.22527701
pipe,1,1,4.74865574883676,Sarothrura insularis,Sarothrura_insularis,AVES,0.999970425229213,6,76978.6813878619
pipe,1,1,4.74865574883676,Schetba rufa,Schetba_rufa,AVES,0.999999999999999,21,29896.284627056
pipe,1,1,4.74865574883676,Setifer setosus,Setifer_setosus,MAMMALIA,1,192,120640.745507704
pipe,1,1,4.74865574883676,Tenrec ecaudatus,Tenrec_ecaudatus,MAMMALIA,1,57,132014.645342063
pipe,1,1,4.74865574883676,Thamnornis chloropetoides,Thamnornis_chloropetoides,AVES,0.999977109293437,5,3375.83824695793
pipe,1,1,4.74865574883676,Treron australis,Treron_australis,AVES,0.996979772420716,1,122191.673916884
pipe,1,1,4.74865574883676,Turnix nigricollis,Turnix_nigricollis,AVES,0.999948675458428,2,137259.660805039
pipe,1,1,4.74865574883676,Tylas eduardi,Tylas_eduardi,AVES,0.999999989094296,6,60612.3887230503
pipe,1,1,4.74865574883676,Vanga curvirostris,Vanga_curvirostris,AVES,0.999946374258528,7,134313.317692931
pipe,1,1,4.74865574883676,Varecia rubra,Varecia_rubra,MAMMALIA,1,45,74381.098264235
pipe,1,1,4.74865574883676,Varecia variegata,Varecia_variegata,MAMMALIA,0.999999999999925,38,73361.9656955083
pipe,1,1,4.74865574883676,Xanthomixis apperti,Xanthomixis_apperti,AVES,0.441311211243701,1,68.4073900828693
pipe,1,1,4.74865574883676,Xanthomixis cinereiceps,Xanthomixis_cinereiceps,AVES,1,21,17537.1523129611
pipe,1,1,4.74865574883676,Xanthomixis zosterops,Xanthomixis_zosterops,AVES,0.999999999981615,14,63305.4705567865
pipe,1,1,4.74865574883676,Xenopirostris damii,Xenopirostris_damii,AVES,0.00179910755944268,1,93.5023436630614
pipe,1,1,4.74865574883676,Xenopirostris polleni,Xenopirostris_polleni,AVES,0.999999970589095,10,17756.9551348295
pipe,1,1,4.74865574883676,Xenopirostris xenopirostris,Xenopirostris_xenopirostris,AVES,0.965058075374104,1,1102.55740261015
pipe,2,2,9.45013491751602,Accipiter henstii,Accipiter_henstii,AVES,0.765875108539227,1,81405.8352855587
pipe,2,2,9.45013491751602,Accipiter madagascariensis,Accipiter_madagascariensis,AVES,0.927685507869511,1,100295.882031971
pipe,2,2,9.45013491751602,Acrocephalus newtoni,Acrocephalus_newtoni,AVES,0.999999999999871,12,114048.675003688
pipe,2,2,9.45013491751602,Alectroenas madagascariensis,Alectroenas_madagascariensis,AVES,0.99853287730112,6,68951.919761342
pipe,2,2,9.45013491751602,Allocebus trichotis,Allocebus_trichotis,MAMMALIA,0.0078347349602923,3,72.1001097191941
pipe,2,2,9.45013491751602,Anas bernieri,Anas_bernieri,AVES,0,1,149.573642188743
pipe,2,2,9.45013491751602,Apus balstoni,Apus_balstoni,AVES,0.999999950532512,4,95750.0927811041
pipe,2,2,9.45013491751602,Artamella viridis,Artamella_viridis,AVES,0.999991463559937,8,114985.086078502
pipe,2,2,9.45013491751602,Asio madagascariensis,Asio_madagascariensis,AVES,0.880258448741697,2,70836.8714421994
pipe,2,2,9.45013491751602,Atelornis crossleyi,Atelornis_crossleyi,AVES,0.999998758967357,7,11572.6222161697
pipe,2,2,9.45013491751602,Atelornis pittoides,Atelornis_pittoides,AVES,0.999744981624739,3,42617.5683144123
pipe,2,2,9.45013491751602,Athene superciliaris,Athene_superciliaris,AVES,0.999598784043913,1,75154.9789321163
pipe,2,2,9.45013491751602,Avahi laniger,Avahi_laniger,MAMMALIA,1,99,36914.0719975594
pipe,2,2,9.45013491751602,Avahi occidentalis,Avahi_occidentalis,MAMMALIA,0.996177513146535,4,629.897489759678
pipe,2,2,9.45013491751602,Aviceda madagascariensis,Aviceda_madagascariensis,AVES,0.97750066274377,1,107532.281324075
pipe,2,2,9.45013491751602,Bernieria madagascariensis,Bernieria_madagascariensis,AVES,0.999999998285017,15,95253.4659102328
pipe,2,2,9.45013491751602,Brachypteracias leptosomus,Brachypteracias_leptosomus,AVES,0.999771336916958,1,37031.6513341992
pipe,2,2,9.45013491751602,Brachytarsomys albicauda,Brachytarsomys_albicauda,MAMMALIA,0.999999989334113,50,1781.88121692405
pipe,2,2,9.45013491751602,Brachyuromys betsileoensis,Brachyuromys_betsileoensis,MAMMALIA,1,124,13859.4110155449
pipe,2,2,9.45013491751602,Brachyuromys ramirohitra,Brachyuromys_ramirohitra,MAMMALIA,0.655414845690046,2,90.5857082152948
pipe,2,2,9.45013491751602,Bradypterus brunneus,Bradypterus_brunneus,AVES,1,38,12695.7605623169
pipe,2,2,9.45013491751602,Bradypterus seebohmi,Bradypterus_seebohmi,AVES,0.452718233996164,1,71.7493427546058
pipe,2,2,9.45013491751602,Buteo brachypterus,Buteo_brachypterus,AVES,0.872058171840981,1,116634.251730965
pipe,2,2,9.45013491751602,Calicalicus madagascariensis,Calicalicus_madagascariensis,AVES,0.999999999999986,21,96476.2603478354
pipe,2,2,9.45013491751602,Cheirogaleus crossleyi,Cheirogaleus_crossleyi,MAMMALIA,1,92,5642.19690457647
pipe,2,2,9.45013491751602,Cheirogaleus major,Cheirogaleus_major,MAMMALIA,1,313,69544.5819966784
pipe,2,2,9.45013491751602,Cheirogaleus medius,Cheirogaleus_medius,MAMMALIA,1,1566,57624.8230074166
pipe,2,2,9.45013491751602,Cinnyris notatus,Cinnyris_notatus,AVES,0.999999999951345,22,108006.486095271
pipe,2,2,9.45013491751602,Copsychus albospecularis,Copsychus_albospecularis,AVES,0.999997237114425,6,57468.85471237
pipe,2,2,9.45013491751602,Coracopsis nigra,Coracopsis_nigra,AVES,0.995976861693383,3,112428.519988189
pipe,2,2,9.45013491751602,Corythornis madagascariensis,Corythornis_madagascariensis,AVES,0.894443720384505,5,91413.3850066192
pipe,2,2,9.45013491751602,Coua caerulea,Coua_caerulea,AVES,0.999923348901036,6,43258.6202217408
pipe,2,2,9.45013491751602,Coua coquereli,Coua_coquereli,AVES,0.999931251329661,1,30318.3808235479
pipe,2,2,9.45013491751602,Coua cristata,Coua_cristata,AVES,0.999993466921014,4,82456.5180805201
pipe,2,2,9.45013491751602,Coua cursor,Coua_cursor,AVES,0.999730982957567,1,18335.9341827981
pipe,2,2,9.45013491751602,Coua gigas,Coua_gigas,AVES,0.999875164027899,1,31483.3609587157
pipe,2,2,9.45013491751602,Coua reynaudii,Coua_reynaudii,AVES,0.999893524405902,4,36909.7856938053
pipe,2,2,9.45013491751602,Coua ruficeps,Coua_ruficeps,AVES,0.959346120072291,3,1327.46846918482
pipe,2,2,9.45013491751602,Coua serriana,Coua_serriana,AVES,0.991471316214561,1,32261.1250374597
pipe,2,2,9.45013491751602,Crossleyia xanthophrys,Crossleyia_xanthophrys,AVES,1,45,4108.00359365878
pipe,2,2,9.45013491751602,Cryptoprocta ferox,Cryptoprocta_ferox,MAMMALIA,0.0704722846506246,4,37145.8531169558
pipe,2,2,9.45013491751602,Cryptosylvicola randrianasoloi,Cryptosylvicola_randrianasoloi,AVES,1,39,5858.62140066465
pipe,2,2,9.45013491751602,Cyanolanius madagascarinus,Cyanolanius_madagascarinus,AVES,0.99999996360805,12,105948.209486567
pipe,2,2,9.45013491751602,Daubentonia madagascariensis,Daubentonia_madagascariensis,MAMMALIA,1,73,37361.2075322962
pipe,2,2,9.45013491751602,Echinops telfairi,Echinops_telfairi,MAMMALIA,1,436,55445.6343251357
pipe,2,2,9.45013491751602,Eliurus antsingy,Eliurus_antsingy,MAMMALIA,0.0133748649074149,5,69.3900821470956
pipe,2,2,9.45013491751602,Eliurus grandidieri,Eliurus_grandidieri,MAMMALIA,0.999641415738649,27,917.009629466638
pipe,2,2,9.45013491751602,Eliurus majori,Eliurus_majori,MAMMALIA,1,354,44034.9276162747
pipe,2,2,9.45013491751602,Eliurus minor,Eliurus_minor,MAMMALIA,1,1603,73225.0882518641
pipe,2,2,9.45013491751602,Eliurus myoxinus,Eliurus_myoxinus,MAMMALIA,1,1257,84556.0753544418
pipe,2,2,9.45013491751602,Eliurus tanala,Eliurus_tanala,MAMMALIA,1,478,47181.4126543155
pipe,2,2,9.45013491751602,Eliurus webbi,Eliurus_webbi,MAMMALIA,1,544,61901.2434067219
pipe,2,2,9.45013491751602,Eremopterix hova,Eremopterix_hova,AVES,0.999999732472487,23,3805.34089891426
pipe,2,2,9.45013491751602,Eulemur albifrons,Eulemur_albifrons,MAMMALIA,1,50,20279.6085630786
pipe,2,2,9.45013491751602,Eulemur cinereiceps,Eulemur_cinereiceps,MAMMALIA,1,199,96881.2262144692
pipe,2,2,9.45013491751602,Eulemur collaris,Eulemur_collaris,MAMMALIA,1,144,96140.8482391145
pipe,2,2,9.45013491751602,Eulemur coronatus,Eulemur_coronatus,MAMMALIA,1,207,28554.8565149436
pipe,2,2,9.45013491751602,Eulemur flavifrons,Eulemur_flavifrons,MAMMALIA,0.000213248908682684,1,25.074716512655
pipe,2,2,9.45013491751602,Eulemur fulvus,Eulemur_fulvus,MAMMALIA,1,167,97495.1675249615
pipe,2,2,9.45013491751602,Eulemur macaco,Eulemur_macaco,MAMMALIA,1,56,38191.4598772661
pipe,2,2,9.45013491751602,Eulemur mongoz,Eulemur_mongoz,MAMMALIA,0.999999920061048,30,2131.73226443496
pipe,2,2,9.45013491751602,Eulemur rubriventer,Eulemur_rubriventer,MAMMALIA,1,292,80258.2603925547
pipe,2,2,9.45013491751602,Eulemur rufus,Eulemur_rufus,MAMMALIA,1,196,48844.3531453401
pipe,2,2,9.45013491751602,Eulemur sanfordi,Eulemur_sanfordi,MAMMALIA,1,252,97507.3701975229
pipe,2,2,9.45013491751602,Euryceros prevostii,Euryceros_prevostii,AVES,0.999000955068605,3,2839.06294695103
pipe,2,2,9.45013491751602,Falco zoniventris,Falco_zoniventris,AVES,0.932961278308184,1,73443.3410411675
pipe,2,2,9.45013491751602,Falculea palliata,Falculea_palliata,AVES,0.999999999997601,7,30056.9862959458
pipe,2,2,9.45013491751602,Fossa fossana,Fossa_fossana,MAMMALIA,0.978483142852742,2,48599.4609223109
pipe,2,2,9.45013491751602,Foudia madagascariensis,Foudia_madagascariensis,AVES,0.999996739259241,17,143537.073540111
pipe,2,2,9.45013491751602,Foudia omissa,Foudia_omissa,AVES,0.999999999957824,15,51104.3794135037
pipe,2,2,9.45013491751602,Gactornis enarratus,Gactornis_enarratus,AVES,0.999999514554391,5,49094.8953315528
pipe,2,2,9.45013491751602,Galidia elegans,Galidia_elegans,MAMMALIA,0.968235456479531,6,49877.3202057595
pipe,2,2,9.45013491751602,Galidictis fasciata,Galidictis_fasciata,MAMMALIA,0,3,4247.07070700451
pipe,2,2,9.45013491751602,Geobiastes squamiger,Geobiastes_squamiger,AVES,0.999652519491142,4,10926.8523774886
pipe,2,2,9.45013491751602,Geogale aurita,Geogale_aurita,MAMMALIA,1,756,31689.1502562332
pipe,2,2,9.45013491751602,Gymnuromys roberti,Gymnuromys_roberti,MAMMALIA,1,171,26159.535426768
pipe,2,2,9.45013491751602,Haliaeetus vociferoides,Haliaeetus_vociferoides,AVES,0.0115773783592114,1,5133.49426771156
pipe,2,2,9.45013491751602,Hapalemur alaotrensis,Hapalemur_alaotrensis,MAMMALIA,1,140,10963.0337014908
pipe,2,2,9.45013491751602,Hapalemur aureus,Hapalemur_aureus,MAMMALIA,0.99999997955734,25,1734.11067424671
pipe,2,2,9.45013491751602,Hapalemur griseus,Hapalemur_griseus,MAMMALIA,1,215,92069.1070104177
pipe,2,2,9.45013491751602,Hapalemur occidentalis,Hapalemur_occidentalis,MAMMALIA,0.999995100327948,26,1006.53487848256
pipe,2,2,9.45013491751602,Hartertula flavoviridis,Hartertula_flavoviridis,AVES,1,44,8072.8420348216
pipe,2,2,9.45013491751602,Hartlaubius auratus,Hartlaubius_auratus,AVES,0.999981620251743,8,96729.0882958509
pipe,2,2,9.45013491751602,Hemicentetes nigriceps,Hemicentetes_nigriceps,MAMMALIA,0.999953099904744,29,1939.31365423675
pipe,2,2,9.45013491751602,Hemicentetes semispinosus,Hemicentetes_semispinosus,MAMMALIA,1,115,70623.9937442469
pipe,2,2,9.45013491751602,Hypogeomys antimena,Hypogeomys_antimena,MAMMALIA,0.133821965614829,5,102.721854711814
pipe,2,2,9.45013491751602,Hypositta corallirostris,Hypositta_corallirostris,AVES,0.999989740539462,11,61587.2283897142
pipe,2,2,9.45013491751602,Indri indri,Indri_indri,MAMMALIA,0.999999980956583,18,63452.2612268122
pipe,2,2,9.45013491751602,Lemur catta,Lemur_catta,MAMMALIA,1,230,25327.4828394367
pipe,2,2,9.45013491751602,Lepidopygia nana,Lepidopygia_nana,AVES,0.995362829307635,35,148664.346325446
pipe,2,2,9.45013491751602,Lepilemur ankaranensis,Lepilemur_ankaranensis,MAMMALIA,0.942459903341432,11,342.092378547278
pipe,2,2,9.45013491751602,Lepilemur edwardsi,Lepilemur_edwardsi,MAMMALIA,1,80,9363.39450114518
pipe,2,2,9.45013491751602,Lepilemur leucopus,Lepilemur_leucopus,MAMMALIA,1,90,21520.2944972777
pipe,2,2,9.45013491751602,Lepilemur microdon,Lepilemur_microdon,MAMMALIA,0.999999999988906,36,4538.52961899105
pipe,2,2,9.45013491751602,Lepilemur mustelinus,Lepilemur_mustelinus,MAMMALIA,1,299,87174.628882418
pipe,2,2,9.45013491751602,Lepilemur ruficaudatus,Lepilemur_ruficaudatus,MAMMALIA,1,213,16979.153093637
pipe,2,2,9.45013491751602,Leptopterus chabert,Leptopterus_chabert,AVES,0.999990635450857,12,129559.321006993
pipe,2,2,9.45013491751602,Lophotibis cristata,Lophotibis_cristata,AVES,0.999842598122139,2,83232.5261387801
pipe,2,2,9.45013491751602,Macrotarsomys bastardi,Macrotarsomys_bastardi,MAMMALIA,1,273,8019.39623578657
pipe,2,2,9.45013491751602,Margaroperdix madagarensis,Margaroperdix_madagarensis,AVES,0.999977421839666,2,105477.11175341
pipe,2,2,9.45013491751602,Mentocrex kioloides,Mentocrex_kioloides,AVES,0.997745372881942,1,33668.8999710913
pipe,2,2,9.45013491751602,Mesitornis unicolor,Mesitornis_unicolor,AVES,0,1,89.8278131379881
pipe,2,2,9.45013491751602,Mesitornis variegatus,Mesitornis_variegatus,AVES,0.998762356934088,5,2869.24937298196
pipe,2,2,9.45013491751602,Microcebus berthae,Microcebus_berthae,MAMMALIA,1.52725564417366e-08,2,16.7952443947329
pipe,2,2,9.45013491751602,Microcebus griseorufus,Microcebus_griseorufus,MAMMALIA,0.995769019106106,14,501.433658043836
pipe,2,2,9.45013491751602,Microcebus murinus,Microcebus_murinus,MAMMALIA,1,1634,91443.901454102
pipe,2,2,9.45013491751602,Microcebus myoxinus,Microcebus_myoxinus,MAMMALIA,0.999999989640897,98,1088.81660658391
pipe,2,2,9.45013491751602,Microcebus ravelobensis,Microcebus_ravelobensis,MAMMALIA,0.778620368188717,12,236.31409286757
pipe,2,2,9.45013491751602,Microcebus rufus,Microcebus_rufus,MAMMALIA,1,1325,70345.1929566901
pipe,2,2,9.45013491751602,Microcebus tavaratra,Microcebus_tavaratra,MAMMALIA,0.993489553700755,41,746.512561195913
pipe,2,2,9.45013491751602,Microgale brevicaudata,Microgale_brevicaudata,MAMMALIA,1,850,31576.6719692642
pipe,2,2,9.45013491751602,Microgale cowani,Microgale_cowani,MAMMALIA,1,605,58973.4049616129
pipe,2,2,9.45013491751602,Microgale drouhardi,Microgale_drouhardi,MAMMALIA,1,320,26451.5819734434
pipe,2,2,9.45013491751602,Microgale dryas,Microgale_dryas,MAMMALIA,0.897201398620069,47,1361.01937916703
pipe,2,2,9.45013491751602,Microgale fotsifotsy,Microgale_fotsifotsy,MAMMALIA,1,396,30828.7449386482
pipe,2,2,9.45013491751602,Microgale gracilis,Microgale_gracilis,MAMMALIA,0.99999999999801,122,9461.73890204376
pipe,2,2,9.45013491751602,Microgale gymnorhyncha,Microgale_gymnorhyncha,MAMMALIA,1,149,19182.5878047208
pipe,2,2,9.45013491751602,Microgale longicaudata,Microgale_longicaudata,MAMMALIA,1,1098,62385.5644387775
pipe,2,2,9.45013491751602,Microgale mergulus,Microgale_mergulus,MAMMALIA,0.999999999999529,73,5311.17441103977
pipe,2,2,9.45013491751602,Microgale parvula,Microgale_parvula,MAMMALIA,1,1286,62716.2259945477
pipe,2,2,9.45013491751602,Microgale principula,Microgale_principula,MAMMALIA,1,611,50053.7017172474
pipe,2,2,9.45013491751602,Microgale pusilla,Microgale_pusilla,MAMMALIA,0.999999999954248,392,19464.1041243992
pipe,2,2,9.45013491751602,Microgale soricoides,Microgale_soricoides,MAMMALIA,1,159,27007.446405319
pipe,2,2,9.45013491751602,Microgale taiva,Microgale_taiva,MAMMALIA,1,316,40419.9016902532
pipe,2,2,9.45013491751602,Microgale thomasi,Microgale_thomasi,MAMMALIA,1,117,24163.4437557998
pipe,2,2,9.45013491751602,Mirza coquereli,Mirza_coquereli,MAMMALIA,0.999997019538846,49,2487.38497287827
pipe,2,2,9.45013491751602,Monias benschi,Monias_benschi,AVES,0,1,82.9420458882198
pipe,2,2,9.45013491751602,Monticola erythronotus,Monticola_erythronotus,AVES,0.505764981643122,1,97.497303661992
pipe,2,2,9.45013491751602,Monticola sharpei,Monticola_sharpei,AVES,1,18,104003.386986376
pipe,2,2,9.45013491751602,Monticolomys koopmani,Monticolomys_koopmani,MAMMALIA,0.132627247638879,6,104.060766616412
pipe,2,2,9.45013491751602,Motacilla flaviventris,Motacilla_flaviventris,AVES,1,28,17956.1714005377
pipe,2,2,9.45013491751602,Mystacornis crossleyi,Mystacornis_crossleyi,AVES,0.999999999999988,11,47070.334498337
pipe,2,2,9.45013491751602,Neodrepanis coruscans,Neodrepanis_coruscans,AVES,0.999998960912454,15,29421.2463268156
pipe,2,2,9.45013491751602,Neodrepanis hypoxantha,Neodrepanis_hypoxantha,AVES,0.0211788109146442,3,88.4296056242715
pipe,2,2,9.45013491751602,Neomixis striatigula,Neomixis_striatigula,AVES,0.999999999987938,21,57607.4665469225
pipe,2,2,9.45013491751602,Neomixis tenella,Neomixis_tenella,AVES,1,66,94503.087375005
pipe,2,2,9.45013491751602,Neomixis viridis,Neomixis_viridis,AVES,0.999999999938916,24,53228.1779631952
pipe,2,2,9.45013491751602,Nesillas lantzii,Nesillas_lantzii,AVES,0.999982804418335,3,2690.16012016346
pipe,2,2,9.45013491751602,Nesogale dobsoni,Nesogale_dobsoni,MAMMALIA,1,379,67774.7614355249
pipe,2,2,9.45013491751602,Nesogale talazaci,Nesogale_talazaci,MAMMALIA,1,237,63267.6426063482
pipe,2,2,9.45013491751602,Nesomys audeberti,Nesomys_audeberti,MAMMALIA,1,108,4117.66085394942
pipe,2,2,9.45013491751602,Nesomys lambertoni,Nesomys_lambertoni,MAMMALIA,0.999983981685221,26,932.949397609887
pipe,2,2,9.45013491751602,Nesomys rufus,Nesomys_rufus,MAMMALIA,1,255,45735.5589729931
pipe,2,2,9.45013491751602,Newtonia amphichroa,Newtonia_amphichroa,AVES,1,18,42533.8589918677
pipe,2,2,9.45013491751602,Newtonia archboldi,Newtonia_archboldi,AVES,0.999743204888182,9,2043.15272270097
pipe,2,2,9.45013491751602,Newtonia brunneicauda,Newtonia_brunneicauda,AVES,0.999999999998928,24,119809.474281585
pipe,2,2,9.45013491751602,Newtonia fanovanae,Newtonia_fanovanae,AVES,0.353055283448799,2,98.220702482002
pipe,2,2,9.45013491751602,Oriolia bernieri,Oriolia_bernieri,AVES,0.999999971985186,14,14051.8909907503
pipe,2,2,9.45013491751602,Oryzorictes hova,Oryzorictes_hova,MAMMALIA,1,283,64427.3363679883
pipe,2,2,9.45013491751602,Oryzorictes tetradactylus,Oryzorictes_tetradactylus,MAMMALIA,1,151,10084.0452290769
pipe,2,2,9.45013491751602,Otus rutilus,Otus_rutilus,AVES,0.999999883396392,4,111202.11144645
pipe,2,2,9.45013491751602,Oxylabes madagascariensis,Oxylabes_madagascariensis,AVES,0.999999999999997,14,53349.0032844491
pipe,2,2,9.45013491751602,Phaner electromontis,Phaner_electromontis,MAMMALIA,1.1181189119025e-07,1,17.4337788633334
pipe,2,2,9.45013491751602,Phaner furcifer,Phaner_furcifer,MAMMALIA,0.887905465537903,48,806.065158960303
pipe,2,2,9.45013491751602,Phaner pallescens,Phaner_pallescens,MAMMALIA,0.999999999996636,54,3339.91010578686
pipe,2,2,9.45013491751602,Phaner parienti,Phaner_parienti,MAMMALIA,0.00280017666108179,1,24.4501852478606
pipe,2,2,9.45013491751602,Philepitta castanea,Philepitta_castanea,AVES,0.983835197382121,4,38533.17496099
pipe,2,2,9.45013491751602,Philepitta schlegeli,Philepitta_schlegeli,AVES,0.988278027030843,13,4272.35456493457
pipe,2,2,9.45013491751602,Ploceus nelicourvi,Ploceus_nelicourvi,AVES,0.999999998926543,10,61278.9952902807
pipe,2,2,9.45013491751602,Ploceus sakalava,Ploceus_sakalava,AVES,0.999999997018223,21,41552.4854694797
pipe,2,2,9.45013491751602,Polyboroides radiatus,Polyboroides_radiatus,AVES,0.998854683059291,1,125692.321571176
pipe,2,2,9.45013491751602,Pseudobias wardi,Pseudobias_wardi,AVES,0.999999999999995,17,41544.6103831218
pipe,2,2,9.45013491751602,Pterocles personatus,Pterocles_personatus,AVES,0.940123497880855,5,7087.00341547594
pipe,2,2,9.45013491751602,Rallus madagascariensis,Rallus_madagascariensis,AVES,0.999999429242302,5,14528.0828677106
pipe,2,2,9.45013491751602,Randia pseudozosterops,Randia_pseudozosterops,AVES,0.999998869317954,6,45408.4871078703
pipe,2,2,9.45013491751602,Sarothrura insularis,Sarothrura_insularis,AVES,0.999970058384666,6,76358.4235078797
pipe,2,2,9.45013491751602,Schetba rufa,Schetba_rufa,AVES,0.999999999999998,21,28915.6959411784
pipe,2,2,9.45013491751602,Setifer setosus,Setifer_setosus,MAMMALIA,1,242,116149.143393796
pipe,2,2,9.45013491751602,Tenrec ecaudatus,Tenrec_ecaudatus,MAMMALIA,1,88,126381.712691707
pipe,2,2,9.45013491751602,Thamnornis chloropetoides,Thamnornis_chloropetoides,AVES,0.999976954015688,5,3364.07667519472
pipe,2,2,9.45013491751602,Treron australis,Treron_australis,AVES,0.9969577093777,1,121400.977684462
pipe,2,2,9.45013491751602,Turnix nigricollis,Turnix_nigricollis,AVES,0.999947615971527,2,135548.53747246
pipe,2,2,9.45013491751602,Tylas eduardi,Tylas_eduardi,AVES,0.999999988516253,6,59970.5157083722
pipe,2,2,9.45013491751602,Vanga curvirostris,Vanga_curvirostris,AVES,0.999944278629016,7,130450.118765805
pipe,2,2,9.45013491751602,Varecia rubra,Varecia_rubra,MAMMALIA,1,56,72117.4504010899
pipe,2,2,9.45013491751602,Varecia variegata,Varecia_variegata,MAMMALIA,0.999999999999995,42,71684.6186005477
pipe,2,2,9.45013491751602,Xanthomixis apperti,Xanthomixis_apperti,AVES,0.441311211243701,1,68.4073900828693
pipe,2,2,9.45013491751602,Xanthomixis cinereiceps,Xanthomixis_cinereiceps,AVES,1,22,17402.8890355918
pipe,2,2,9.45013491751602,Xanthomixis zosterops,Xanthomixis_zosterops,AVES,0.999999999955387,18,61918.0545957716
pipe,2,2,9.45013491751602,Xenopirostris damii,Xenopirostris_damii,AVES,0.00179910755944268,1,93.5023436630614
pipe,2,2,9.45013491751602,Xenopirostris polleni,Xenopirostris_polleni,AVES,0.999999969632933,10,17624.8957524302
pipe,2,2,9.45013491751602,Xenopirostris xenopirostris,Xenopirostris_xenopirostris,AVES,0.965058075374104,1,1102.55740261015
pipe,3,3,14.1409219785651,Accipiter henstii,Accipiter_henstii,AVES,0.765875108539227,1,81405.8352855587
pipe,3,3,14.1409219785651,Accipiter madagascariensis,Accipiter_madagascariensis,AVES,0.927685507869511,1,100295.882031971
pipe,3,3,14.1409219785651,Acrocephalus newtoni,Acrocephalus_newtoni,AVES,0.999999999999981,14,107066.025202524
pipe,3,3,14.1409219785651,Alectroenas madagascariensis,Alectroenas_madagascariensis,AVES,0.998532793968176,6,68946.5815662861
pipe,3,3,14.1409219785651,Allocebus trichotis,Allocebus_trichotis,MAMMALIA,0.0078347349602923,3,72.1001097191941
pipe,3,3,14.1409219785651,Anas bernieri,Anas_bernieri,AVES,0,0,0
pipe,3,3,14.1409219785651,Apus balstoni,Apus_balstoni,AVES,0.999999950522905,4,95740.5105632073
pipe,3,3,14.1409219785651,Artamella viridis,Artamella_viridis,AVES,0.999991439910597,8,114774.095758751
pipe,3,3,14.1409219785651,Asio madagascariensis,Asio_madagascariensis,AVES,0.880258448741697,2,70836.8714421994
pipe,3,3,14.1409219785651,Atelornis crossleyi,Atelornis_crossleyi,AVES,0.999998758967357,7,11572.6222161697
pipe,3,3,14.1409219785651,Atelornis pittoides,Atelornis_pittoides,AVES,0.999744981624739,3,42617.5683144123
pipe,3,3,14.1409219785651,Athene superciliaris,Athene_superciliaris,AVES,0.999598567467277,1,75129.5339576453
pipe,3,3,14.1409219785651,Avahi laniger,Avahi_laniger,MAMMALIA,1,99,36913.5344380913
pipe,3,3,14.1409219785651,Avahi occidentalis,Avahi_occidentalis,MAMMALIA,0.996177513146535,4,629.167875788053
pipe,3,3,14.1409219785651,Aviceda madagascariensis,Aviceda_madagascariensis,AVES,0.97750066274377,1,107532.281324075
pipe,3,3,14.1409219785651,Bernieria madagascariensis,Bernieria_madagascariensis,AVES,0.999999998269932,15,95210.732270739
pipe,3,3,14.1409219785651,Brachypteracias leptosomus,Brachypteracias_leptosomus,AVES,0.999771336916958,1,37031.6513341992
pipe,3,3,14.1409219785651,Brachytarsomys albicauda,Brachytarsomys_albicauda,MAMMALIA,0.999999989334113,50,1781.88121692405
pipe,3,3,14.1409219785651,Brachyuromys betsileoensis,Brachyuromys_betsileoensis,MAMMALIA,1,123,13188.2484263174
pipe,3,3,14.1409219785651,Brachyuromys ramirohitra,Brachyuromys_ramirohitra,MAMMALIA,0.655414845690046,2,90.5857082152948
pipe,3,3,14.1409219785651,Bradypterus brunneus,Bradypterus_brunneus,AVES,1,38,12695.5759372238
pipe,3,3,14.1409219785651,Bradypterus seebohmi,Bradypterus_seebohmi,AVES,0.452718233996164,1,71.7493427546058
pipe,3,3,14.1409219785651,Buteo brachypterus,Buteo_brachypterus,AVES,0.872058171840981,1,116634.251730965
pipe,3,3,14.1409219785651,Calicalicus madagascariensis,Calicalicus_madagascariensis,AVES,0.999999999999983,22,96412.3916249195
pipe,3,3,14.1409219785651,Cheirogaleus crossleyi,Cheirogaleus_crossleyi,MAMMALIA,1,92,5642.19690457647
pipe,3,3,14.1409219785651,Cheirogaleus major,Cheirogaleus_major,MAMMALIA,1,311,69520.3984230204
pipe,3,3,14.1409219785651,Cheirogaleus medius,Cheirogaleus_medius,MAMMALIA,1,1548,57487.5841667095
pipe,3,3,14.1409219785651,Cinnyris notatus,Cinnyris_notatus,AVES,0.999999999986552,23,107709.503906154
pipe,3,3,14.1409219785651,Copsychus albospecularis,Copsychus_albospecularis,AVES,0.999997199863563,6,57465.2263118918
pipe,3,3,14.1409219785651,Coracopsis nigra,Coracopsis_nigra,AVES,0.995976674541404,3,112423.758794122
pipe,3,3,14.1409219785651,Corythornis madagascariensis,Corythornis_madagascariensis,AVES,0.894443720384505,5,91413.3850066192
pipe,3,3,14.1409219785651,Coua caerulea,Coua_caerulea,AVES,0.999923348901036,6,43258.6202217408
pipe,3,3,14.1409219785651,Coua coquereli,Coua_coquereli,AVES,0.999930984646063,1,30258.4604099487
pipe,3,3,14.1409219785651,Coua cristata,Coua_cristata,AVES,0.999993466921014,4,82456.5180805201
pipe,3,3,14.1409219785651,Coua cursor,Coua_cursor,AVES,0.999730982957567,1,18335.9341827981
pipe,3,3,14.1409219785651,Coua gigas,Coua_gigas,AVES,0.999875090201928,1,31474.5088110554
pipe,3,3,14.1409219785651,Coua reynaudii,Coua_reynaudii,AVES,0.999893524405902,4,36909.7856938053
pipe,3,3,14.1409219785651,Coua ruficeps,Coua_ruficeps,AVES,0.959346120072291,3,1327.46846918482
pipe,3,3,14.1409219785651,Coua serriana,Coua_serriana,AVES,0.991471316214561,1,32261.1250374597
pipe,3,3,14.1409219785651,Crossleyia xanthophrys,Crossleyia_xanthophrys,AVES,1,45,4108.00359365878
pipe,3,3,14.1409219785651,Cryptoprocta ferox,Cryptoprocta_ferox,MAMMALIA,0.0704722846506246,4,37145.8531169558
pipe,3,3,14.1409219785651,Cryptosylvicola randrianasoloi,Cryptosylvicola_randrianasoloi,AVES,1,39,5858.62140066465
pipe,3,3,14.1409219785651,Cyanolanius madagascarinus,Cyanolanius_madagascarinus,AVES,0.999999989452105,13,105793.199555823
pipe,3,3,14.1409219785651,Daubentonia madagascariensis,Daubentonia_madagascariensis,MAMMALIA,1,73,37358.6413141846
pipe,3,3,14.1409219785651,Echinops telfairi,Echinops_telfairi,MAMMALIA,1,437,55391.4921046686
pipe,3,3,14.1409219785651,Eliurus antsingy,Eliurus_antsingy,MAMMALIA,0.0133748649074149,5,69.3900821470956
pipe,3,3,14.1409219785651,Eliurus grandidieri,Eliurus_grandidieri,MAMMALIA,0.999641415738649,27,917.009629466638
pipe,3,3,14.1409219785651,Eliurus majori,Eliurus_majori,MAMMALIA,1,354,44034.0257913495
pipe,3,3,14.1409219785651,Eliurus minor,Eliurus_minor,MAMMALIA,1,1602,73213.1359398286
pipe,3,3,14.1409219785651,Eliurus myoxinus,Eliurus_myoxinus,MAMMALIA,1,1256,84489.7957141676
pipe,3,3,14.1409219785651,Eliurus tanala,Eliurus_tanala,MAMMALIA,1,478,47180.7738243324
pipe,3,3,14.1409219785651,Eliurus webbi,Eliurus_webbi,MAMMALIA,1,542,61877.4107333357
pipe,3,3,14.1409219785651,Eremopterix hova,Eremopterix_hova,AVES,0.999999703047721,23,3762.05337664463
pipe,3,3,14.1409219785651,Eulemur albifrons,Eulemur_albifrons,MAMMALIA,1,50,20275.2989726232
pipe,3,3,14.1409219785651,Eulemur cinereiceps,Eulemur_cinereiceps,MAMMALIA,1,197,96778.6171885826
pipe,3,3,14.1409219785651,Eulemur collaris,Eulemur_collaris,MAMMALIA,1,145,96104.0993488608
pipe,3,3,14.1409219785651,Eulemur coronatus,Eulemur_coronatus,MAMMALIA,1,208,28511.8416429613
pipe,3,3,14.1409219785651,Eulemur flavifrons,Eulemur_flavifrons,MAMMALIA,0.000213248908682684,1,25.074716512655
pipe,3,3,14.1409219785651,Eulemur fulvus,Eulemur_fulvus,MAMMALIA,1,167,97376.7928026247
pipe,3,3,14.1409219785651,Eulemur macaco,Eulemur_macaco,MAMMALIA,1,57,38162.7519588166
pipe,3,3,14.1409219785651,Eulemur mongoz,Eulemur_mongoz,MAMMALIA,0.999999920061048,30,2131.73226443496
pipe,3,3,14.1409219785651,Eulemur rubriventer,Eulemur_rubriventer,MAMMALIA,1,293,80235.1209946007
pipe,3,3,14.1409219785651,Eulemur rufus,Eulemur_rufus,MAMMALIA,1,195,48753.5862752373
pipe,3,3,14.1409219785651,Eulemur sanfordi,Eulemur_sanfordi,MAMMALIA,1,256,97434.9154881708
pipe,3,3,14.1409219785651,Euryceros prevostii,Euryceros_prevostii,AVES,0.999000955068605,3,2839.06294695103
pipe,3,3,14.1409219785651,Falco zoniventris,Falco_zoniventris,AVES,0.932961278308184,1,73443.3410411675
pipe,3,3,14.1409219785651,Falculea palliata,Falculea_palliata,AVES,0.999999999997584,7,29989.868363118
pipe,3,3,14.1409219785651,Fossa fossana,Fossa_fossana,MAMMALIA,0.978483142852742,2,48599.4609223109
pipe,3,3,14.1409219785651,Foudia madagascariensis,Foudia_madagascariensis,AVES,0.999997666123556,18,143043.317491011
pipe,3,3,14.1409219785651,Foudia omissa,Foudia_omissa,AVES,0.999999999957787,15,51099.6951014304
pipe,3,3,14.1409219785651,Gactornis enarratus,Gactornis_enarratus,AVES,0.999999514554391,5,49094.8953315528
pipe,3,3,14.1409219785651,Galidia elegans,Galidia_elegans,MAMMALIA,0.968235456479531,6,49877.3202057595
pipe,3,3,14.1409219785651,Galidictis fasciata,Galidictis_fasciata,MAMMALIA,0,3,4247.07070700451
pipe,3,3,14.1409219785651,Geobiastes squamiger,Geobiastes_squamiger,AVES,0.999652519491142,4,10926.8523774886
pipe,3,3,14.1409219785651,Geogale aurita,Geogale_aurita,MAMMALIA,1,756,31681.4796183896
pipe,3,3,14.1409219785651,Gymnuromys roberti,Gymnuromys_roberti,MAMMALIA,1,171,26159.2594678881
pipe,3,3,14.1409219785651,Haliaeetus vociferoides,Haliaeetus_vociferoides,AVES,0.0115773783592114,1,5133.49426771156
pipe,3,3,14.1409219785651,Hapalemur alaotrensis,Hapalemur_alaotrensis,MAMMALIA,1,90,4923.87420772511
pipe,3,3,14.1409219785651,Hapalemur aureus,Hapalemur_aureus,MAMMALIA,0.999999979501793,25,1733.75053110487
pipe,3,3,14.1409219785651,Hapalemur griseus,Hapalemur_griseus,MAMMALIA,1,215,92023.1753080237
pipe,3,3,14.1409219785651,Hapalemur occidentalis,Hapalemur_occidentalis,MAMMALIA,0.999995100327948,26,1006.17654477476
pipe,3,3,14.1409219785651,Hartertula flavoviridis,Hartertula_flavoviridis,AVES,1,44,8072.8420348216
pipe,3,3,14.1409219785651,Hartlaubius auratus,Hartlaubius_auratus,AVES,0.999981600031118,8,96641.8687458988
pipe,3,3,14.1409219785651,Hemicentetes nigriceps,Hemicentetes_nigriceps,MAMMALIA,0.999953099904744,29,1939.31365423675
pipe,3,3,14.1409219785651,Hemicentetes semispinosus,Hemicentetes_semispinosus,MAMMALIA,1,115,70613.4164073002
pipe,3,3,14.1409219785651,Hypogeomys antimena,Hypogeomys_antimena,MAMMALIA,0.133821965614829,5,102.721854711814
pipe,3,3,14.1409219785651,Hypositta corallirostris,Hypositta_corallirostris,AVES,0.999989740403582,11,61586.5829219026
pipe,3,3,14.1409219785651,Indri indri,Indri_indri,MAMMALIA,0.999999980956583,18,63452.2612268122
pipe,3,3,14.1409219785651,Lemur catta,Lemur_catta,MAMMALIA,1,230,25300.8760563097
pipe,3,3,14.1409219785651,Lepidopygia nana,Lepidopygia_nana,AVES,0.997353086017245,36,139692.566254971
pipe,3,3,14.1409219785651,Lepilemur ankaranensis,Lepilemur_ankaranensis,MAMMALIA,0.942459903341432,11,342.092378547278
pipe,3,3,14.1409219785651,Lepilemur edwardsi,Lepilemur_edwardsi,MAMMALIA,1,80,9350.14429507173
pipe,3,3,14.1409219785651,Lepilemur leucopus,Lepilemur_leucopus,MAMMALIA,1,90,21480.0078941368
pipe,3,3,14.1409219785651,Lepilemur microdon,Lepilemur_microdon,MAMMALIA,0.999999999988906,36,4538.52961899105
pipe,3,3,14.1409219785651,Lepilemur mustelinus,Lepilemur_mustelinus,MAMMALIA,1,298,87146.8440336505
pipe,3,3,14.1409219785651,Lepilemur ruficaudatus,Lepilemur_ruficaudatus,MAMMALIA,1,213,16930.0478971883
pipe,3,3,14.1409219785651,Leptopterus chabert,Leptopterus_chabert,AVES,0.999994440191303,13,129428.5593565
pipe,3,3,14.1409219785651,Lophotibis cristata,Lophotibis_cristata,AVES,0.999842598122139,2,83232.5261387801
pipe,3,3,14.1409219785651,Macrotarsomys bastardi,Macrotarsomys_bastardi,MAMMALIA,1,271,8009.38638169383
pipe,3,3,14.1409219785651,Margaroperdix madagarensis,Margaroperdix_madagarensis,AVES,0.999977366868188,2,105319.688156989
pipe,3,3,14.1409219785651,Mentocrex kioloides,Mentocrex_kioloides,AVES,0.997745372881942,1,33668.8999710913
pipe,3,3,14.1409219785651,Mesitornis unicolor,Mesitornis_unicolor,AVES,0,1,89.8278131379881
pipe,3,3,14.1409219785651,Mesitornis variegatus,Mesitornis_variegatus,AVES,0.998762356934088,5,2869.24937298196
pipe,3,3,14.1409219785651,Microcebus berthae,Microcebus_berthae,MAMMALIA,1.52725564417366e-08,2,16.7952443947329
pipe,3,3,14.1409219785651,Microcebus griseorufus,Microcebus_griseorufus,MAMMALIA,0.995769019106106,14,501.433658043836
pipe,3,3,14.1409219785651,Microcebus murinus,Microcebus_murinus,MAMMALIA,1,1635,91310.4319092479
pipe,3,3,14.1409219785651,Microcebus myoxinus,Microcebus_myoxinus,MAMMALIA,0.999999989630853,98,1088.26869839482
pipe,3,3,14.1409219785651,Microcebus ravelobensis,Microcebus_ravelobensis,MAMMALIA,0.778620368188717,12,236.31409286757
pipe,3,3,14.1409219785651,Microcebus rufus,Microcebus_rufus,MAMMALIA,1,1326,70308.3140707685
pipe,3,3,14.1409219785651,Microcebus tavaratra,Microcebus_tavaratra,MAMMALIA,0.993489553700755,41,743.969330465913
pipe,3,3,14.1409219785651,Microgale brevicaudata,Microgale_brevicaudata,MAMMALIA,1,847,31553.6164915014
pipe,3,3,14.1409219785651,Microgale cowani,Microgale_cowani,MAMMALIA,1,607,58966.101945695
pipe,3,3,14.1409219785651,Microgale drouhardi,Microgale_drouhardi,MAMMALIA,1,320,26451.4895691238
pipe,3,3,14.1409219785651,Microgale dryas,Microgale_dryas,MAMMALIA,0.897201398620069,47,1361.01937916703
pipe,3,3,14.1409219785651,Microgale fotsifotsy,Microgale_fotsifotsy,MAMMALIA,1,396,30828.7449386482
pipe,3,3,14.1409219785651,Microgale gracilis,Microgale_gracilis,MAMMALIA,0.99999999999801,122,9461.73890204376
pipe,3,3,14.1409219785651,Microgale gymnorhyncha,Microgale_gymnorhyncha,MAMMALIA,1,149,19182.5878047208
pipe,3,3,14.1409219785651,Microgale longicaudata,Microgale_longicaudata,MAMMALIA,1,1098,62381.7641519237
pipe,3,3,14.1409219785651,Microgale mergulus,Microgale_mergulus,MAMMALIA,0.999999999999529,72,5281.34587308972
pipe,3,3,14.1409219785651,Microgale parvula,Microgale_parvula,MAMMALIA,1,1285,62706.9810120682
pipe,3,3,14.1409219785651,Microgale principula,Microgale_principula,MAMMALIA,1,611,50052.8222208438
pipe,3,3,14.1409219785651,Microgale pusilla,Microgale_pusilla,MAMMALIA,0.999999999565041,408,18409.0580175065
pipe,3,3,14.1409219785651,Microgale soricoides,Microgale_soricoides,MAMMALIA,1,159,27007.446405319
pipe,3,3,14.1409219785651,Microgale taiva,Microgale_taiva,MAMMALIA,1,316,40419.9016902532
pipe,3,3,14.1409219785651,Microgale thomasi,Microgale_thomasi,MAMMALIA,1,117,24163.4437557998
pipe,3,3,14.1409219785651,Mirza coquereli,Mirza_coquereli,MAMMALIA,0.999997019538846,49,2487.1078516914
pipe,3,3,14.1409219785651,Monias benschi,Monias_benschi,AVES,0,1,82.9420458882198
pipe,3,3,14.1409219785651,Monticola erythronotus,Monticola_erythronotus,AVES,0.505764981643122,1,97.497303661992
pipe,3,3,14.1409219785651,Monticola sharpei,Monticola_sharpei,AVES,1,19,103905.361868914
pipe,3,3,14.1409219785651,Monticolomys koopmani,Monticolomys_koopmani,MAMMALIA,0.132627247638879,6,104.060766616412
pipe,3,3,14.1409219785651,Motacilla flaviventris,Motacilla_flaviventris,AVES,1,33,15879.9531246474
pipe,3,3,14.1409219785651,Mystacornis crossleyi,Mystacornis_crossleyi,AVES,0.999999999999988,11,47069.6207777921
pipe,3,3,14.1409219785651,Neodrepanis coruscans,Neodrepanis_coruscans,AVES,0.999998960912454,15,29421.2463268156
pipe,3,3,14.1409219785651,Neodrepanis hypoxantha,Neodrepanis_hypoxantha,AVES,0.0211788109146442,3,88.4296056242715
pipe,3,3,14.1409219785651,Neomixis striatigula,Neomixis_striatigula,AVES,0.999999999997343,22,57604.7755131383
pipe,3,3,14.1409219785651,Neomixis tenella,Neomixis_tenella,AVES,1,66,94212.8134227593
pipe,3,3,14.1409219785651,Neomixis viridis,Neomixis_viridis,AVES,0.999999999940619,25,53227.2915590369
pipe,3,3,14.1409219785651,Nesillas lantzii,Nesillas_lantzii,AVES,0.999982780593027,3,2688.49977370989
pipe,3,3,14.1409219785651,Nesogale dobsoni,Nesogale_dobsoni,MAMMALIA,1,378,67754.5438641471
pipe,3,3,14.1409219785651,Nesogale talazaci,Nesogale_talazaci,MAMMALIA,1,237,63267.6426063482
pipe,3,3,14.1409219785651,Nesomys audeberti,Nesomys_audeberti,MAMMALIA,1,108,4117.48196431182
pipe,3,3,14.1409219785651,Nesomys lambertoni,Nesomys_lambertoni,MAMMALIA,0.999983981685221,26,932.949397609887
pipe,3,3,14.1409219785651,Nesomys rufus,Nesomys_rufus,MAMMALIA,1,255,45716.7895659532
pipe,3,3,14.1409219785651,Newtonia amphichroa,Newtonia_amphichroa,AVES,1,18,42533.7662178329
pipe,3,3,14.1409219785651,Newtonia archboldi,Newtonia_archboldi,AVES,0.999743204888182,9,2043.15272270097
pipe,3,3,14.1409219785651,Newtonia brunneicauda,Newtonia_brunneicauda,AVES,0.999999999999837,24,119603.891505486
pipe,3,3,14.1409219785651,Newtonia fanovanae,Newtonia_fanovanae,AVES,0.353055283448799,2,98.220702482002
pipe,3,3,14.1409219785651,Oriolia bernieri,Oriolia_bernieri,AVES,0.999999971985186,14,14051.8909907503
pipe,3,3,14.1409219785651,Oryzorictes hova,Oryzorictes_hova,MAMMALIA,1,290,62755.8531997501
pipe,3,3,14.1409219785651,Oryzorictes tetradactylus,Oryzorictes_tetradactylus,MAMMALIA,0.999999999999931,152,8965.27115002997
pipe,3,3,14.1409219785651,Otus rutilus,Otus_rutilus,AVES,0.999999882980446,4,111003.328735422
pipe,3,3,14.1409219785651,Oxylabes madagascariensis,Oxylabes_madagascariensis,AVES,0.999999999999997,14,53341.6461398097
pipe,3,3,14.1409219785651,Phaner electromontis,Phaner_electromontis,MAMMALIA,1.1181189119025e-07,1,17.4337788633334
pipe,3,3,14.1409219785651,Phaner furcifer,Phaner_furcifer,MAMMALIA,0.887905465537903,48,806.065158960303
pipe,3,3,14.1409219785651,Phaner pallescens,Phaner_pallescens,MAMMALIA,0.999999999996215,51,3316.02156268082
pipe,3,3,14.1409219785651,Phaner parienti,Phaner_parienti,MAMMALIA,0.00280017666108179,1,24.4501852478606
pipe,3,3,14.1409219785651,Philepitta castanea,Philepitta_castanea,AVES,0.983835197382121,4,38533.17496099
pipe,3,3,14.1409219785651,Philepitta schlegeli,Philepitta_schlegeli,AVES,0.988278027030843,13,4271.80311925886
pipe,3,3,14.1409219785651,Ploceus nelicourvi,Ploceus_nelicourvi,AVES,0.999999998926097,10,61266.4813091421
pipe,3,3,14.1409219785651,Ploceus sakalava,Ploceus_sakalava,AVES,0.999999998225714,22,41339.5103348408
pipe,3,3,14.1409219785651,Polyboroides radiatus,Polyboroides_radiatus,AVES,0.998686402741966,1,115750.958343473
pipe,3,3,14.1409219785651,Pseudobias wardi,Pseudobias_wardi,AVES,0.999999999999995,17,41544.6103831218
pipe,3,3,14.1409219785651,Pterocles personatus,Pterocles_personatus,AVES,0.940123497880855,5,7087.00341547594
pipe,3,3,14.1409219785651,Rallus madagascariensis,Rallus_madagascariensis,AVES,0.999999429242302,5,14528.0828677106
pipe,3,3,14.1409219785651,Randia pseudozosterops,Randia_pseudozosterops,AVES,0.999998847318876,6,45404.2046166979
pipe,3,3,14.1409219785651,Sarothrura insularis,Sarothrura_insularis,AVES,0.999968713591842,5,74126.7658086084
pipe,3,3,14.1409219785651,Schetba rufa,Schetba_rufa,AVES,0.999999999999998,21,28913.1127131509
pipe,3,3,14.1409219785651,Setifer setosus,Setifer_setosus,MAMMALIA,1,242,116099.091323885
pipe,3,3,14.1409219785651,Tenrec ecaudatus,Tenrec_ecaudatus,MAMMALIA,1,90,126105.932828277
pipe,3,3,14.1409219785651,Thamnornis chloropetoides,Thamnornis_chloropetoides,AVES,0.999976954015688,5,3364.07667519472
pipe,3,3,14.1409219785651,Treron australis,Treron_australis,AVES,0.996954968104619,1,121303.492510792
pipe,3,3,14.1409219785651,Turnix nigricollis,Turnix_nigricollis,AVES,0.999947461364333,2,135303.50567703
pipe,3,3,14.1409219785651,Tylas eduardi,Tylas_eduardi,AVES,0.999999988497552,6,59965.1913677797
pipe,3,3,14.1409219785651,Vanga curvirostris,Vanga_curvirostris,AVES,0.999944222602665,7,130350.45205686
pipe,3,3,14.1409219785651,Varecia rubra,Varecia_rubra,MAMMALIA,1,55,72096.783249819
pipe,3,3,14.1409219785651,Varecia variegata,Varecia_variegata,MAMMALIA,0.999999999999995,42,71680.1468020997
pipe,3,3,14.1409219785651,Xanthomixis apperti,Xanthomixis_apperti,AVES,0.441311211243701,1,68.4073900828693
pipe,3,3,14.1409219785651,Xanthomixis cinereiceps,Xanthomixis_cinereiceps,AVES,1,22,17402.8890355918
pipe,3,3,14.1409219785651,Xanthomixis zosterops,Xanthomixis_zosterops,AVES,0.999999999954973,17,61901.289646628
pipe,3,3,14.1409219785651,Xenopirostris damii,Xenopirostris_damii,AVES,0.00179910755944268,1,93.5023436630614
pipe,3,3,14.1409219785651,Xenopirostris polleni,Xenopirostris_polleni,AVES,0.999999969631207,10,17624.5374187224
pipe,3,3,14.1409219785651,Xenopirostris xenopirostris,Xenopirostris_xenopirostris,AVES,0.965058075374104,1,1102.55740261015
pipe,4,4,18.8353199706999,Accipiter henstii,Accipiter_henstii,AVES,0.765875108539227,1,81405.8352855587
pipe,4,4,18.8353199706999,Accipiter madagascariensis,Accipiter_madagascariensis,AVES,0.927685507869511,1,100295.882031971
pipe,4,4,18.8353199706999,Acrocephalus newtoni,Acrocephalus_newtoni,AVES,1,15,101948.755339072
pipe,4,4,18.8353199706999,Alectroenas madagascariensis,Alectroenas_madagascariensis,AVES,0.998474507428268,6,66557.243859743
pipe,4,4,18.8353199706999,Allocebus trichotis,Allocebus_trichotis,MAMMALIA,0.0078347349602923,3,72.1001097191941
pipe,4,4,18.8353199706999,Anas bernieri,Anas_bernieri,AVES,0,0,0
pipe,4,4,18.8353199706999,Apus balstoni,Apus_balstoni,AVES,0.999999946982779,4,93307.7329885898
pipe,4,4,18.8353199706999,Artamella viridis,Artamella_viridis,AVES,0.999992829005191,10,110262.151193627
pipe,4,4,18.8353199706999,Asio madagascariensis,Asio_madagascariensis,AVES,0.880258448741697,2,70836.8714421994
pipe,4,4,18.8353199706999,Atelornis crossleyi,Atelornis_crossleyi,AVES,0.999998758967357,7,11572.6222161697
pipe,4,4,18.8353199706999,Atelornis pittoides,Atelornis_pittoides,AVES,0.999743038545573,3,42432.3648776395
pipe,4,4,18.8353199706999,Athene superciliaris,Athene_superciliaris,AVES,0.99958599781573,1,73690.0320448271
pipe,4,4,18.8353199706999,Avahi laniger,Avahi_laniger,MAMMALIA,1,100,36154.8502945981
pipe,4,4,18.8353199706999,Avahi occidentalis,Avahi_occidentalis,MAMMALIA,0.996177513146535,3,617.947951280703
pipe,4,4,18.8353199706999,Aviceda madagascariensis,Aviceda_madagascariensis,AVES,0.977476873800697,1,107442.680269345
pipe,4,4,18.8353199706999,Bernieria madagascariensis,Bernieria_madagascariensis,AVES,0.999999998747773,18,92116.617020554
pipe,4,4,18.8353199706999,Brachypteracias leptosomus,Brachypteracias_leptosomus,AVES,0.999771336916958,1,37031.6513341992
pipe,4,4,18.8353199706999,Brachytarsomys albicauda,Brachytarsomys_albicauda,MAMMALIA,0.999999989175674,51,1779.27863425202
pipe,4,4,18.8353199706999,Brachyuromys betsileoensis,Brachyuromys_betsileoensis,MAMMALIA,1,115,12857.1185908138
pipe,4,4,18.8353199706999,Brachyuromys ramirohitra,Brachyuromys_ramirohitra,MAMMALIA,0.655414845690046,2,90.5857082152948
pipe,4,4,18.8353199706999,Bradypterus brunneus,Bradypterus_brunneus,AVES,1,37,12547.6497496434
pipe,4,4,18.8353199706999,Bradypterus seebohmi,Bradypterus_seebohmi,AVES,0.452718233996164,1,71.7493427546058
pipe,4,4,18.8353199706999,Buteo brachypterus,Buteo_brachypterus,AVES,0.872058171840981,1,116634.251730965
pipe,4,4,18.8353199706999,Calicalicus madagascariensis,Calicalicus_madagascariensis,AVES,1,26,92986.3048184106
pipe,4,4,18.8353199706999,Cheirogaleus crossleyi,Cheirogaleus_crossleyi,MAMMALIA,1,90,5560.27790696893
pipe,4,4,18.8353199706999,Cheirogaleus major,Cheirogaleus_major,MAMMALIA,1,311,67642.6788618863
pipe,4,4,18.8353199706999,Cheirogaleus medius,Cheirogaleus_medius,MAMMALIA,1,1298,55104.8849876263
pipe,4,4,18.8353199706999,Cinnyris notatus,Cinnyris_notatus,AVES,0.999999999999705,43,102554.939825516
pipe,4,4,18.8353199706999,Copsychus albospecularis,Copsychus_albospecularis,AVES,0.999996805502424,7,55873.5275540688
pipe,4,4,18.8353199706999,Coracopsis nigra,Coracopsis_nigra,AVES,0.995846265852565,3,109205.854313384
pipe,4,4,18.8353199706999,Corythornis madagascariensis,Corythornis_madagascariensis,AVES,0.894443287137072,5,91398.3566045223
pipe,4,4,18.8353199706999,Coua caerulea,Coua_caerulea,AVES,0.999922931837585,6,43182.1543590904
pipe,4,4,18.8353199706999,Coua coquereli,Coua_coquereli,AVES,0.999924212239001,1,28845.2737311506
pipe,4,4,18.8353199706999,Coua cristata,Coua_cristata,AVES,0.999993303144452,4,81381.9082779816
pipe,4,4,18.8353199706999,Coua cursor,Coua_cursor,AVES,0.999717646370524,1,17906.4919143746
pipe,4,4,18.8353199706999,Coua gigas,Coua_gigas,AVES,0.99986778119544,1,30634.6357315625
pipe,4,4,18.8353199706999,Coua reynaudii,Coua_reynaudii,AVES,0.99989334357938,4,36877.2536044109
pipe,4,4,18.8353199706999,Coua ruficeps,Coua_ruficeps,AVES,0.959346120072291,3,1327.46846918482
pipe,4,4,18.8353199706999,Coua serriana,Coua_serriana,AVES,0.991471316214561,1,32261.1250374597
pipe,4,4,18.8353199706999,Crossleyia xanthophrys,Crossleyia_xanthophrys,AVES,1,44,4066.72582632444
pipe,4,4,18.8353199706999,Cryptoprocta ferox,Cryptoprocta_ferox,MAMMALIA,0.0704722846506246,4,37145.8531169558
pipe,4,4,18.8353199706999,Cryptosylvicola randrianasoloi,Cryptosylvicola_randrianasoloi,AVES,1,39,5827.08509027249
pipe,4,4,18.8353199706999,Cyanolanius madagascarinus,Cyanolanius_madagascarinus,AVES,0.999999999898948,14,100990.189848545
pipe,4,4,18.8353199706999,Daubentonia madagascariensis,Daubentonia_madagascariensis,MAMMALIA,1,86,35258.5755647965
pipe,4,4,18.8353199706999,Echinops telfairi,Echinops_telfairi,MAMMALIA,1,424,53697.6636897962
pipe,4,4,18.8353199706999,Eliurus antsingy,Eliurus_antsingy,MAMMALIA,0.0133748649074149,5,69.3900821470956
pipe,4,4,18.8353199706999,Eliurus grandidieri,Eliurus_grandidieri,MAMMALIA,0.999641415738649,25,909.705389651238
pipe,4,4,18.8353199706999,Eliurus majori,Eliurus_majori,MAMMALIA,1,341,43563.0922808996
pipe,4,4,18.8353199706999,Eliurus minor,Eliurus_minor,MAMMALIA,1,1543,72668.346039575
pipe,4,4,18.8353199706999,Eliurus myoxinus,Eliurus_myoxinus,MAMMALIA,1,1127,82381.1267521135
pipe,4,4,18.8353199706999,Eliurus tanala,Eliurus_tanala,MAMMALIA,1,453,46435.3024099438
pipe,4,4,18.8353199706999,Eliurus webbi,Eliurus_webbi,MAMMALIA,1,526,60908.7526363683
pipe,4,4,18.8353199706999,Eremopterix hova,Eremopterix_hova,AVES,0.999999627954006,22,3670.63920434959
pipe,4,4,18.8353199706999,Eulemur albifrons,Eulemur_albifrons,MAMMALIA,1,68,19455.8285654542
pipe,4,4,18.8353199706999,Eulemur cinereiceps,Eulemur_cinereiceps,MAMMALIA,1,239,93039.4610912246
pipe,4,4,18.8353199706999,Eulemur collaris,Eulemur_collaris,MAMMALIA,1,177,92188.5902980664
pipe,4,4,18.8353199706999,Eulemur coronatus,Eulemur_coronatus,MAMMALIA,1,235,27153.7854801021
pipe,4,4,18.8353199706999,Eulemur flavifrons,Eulemur_flavifrons,MAMMALIA,0.000213248908682684,1,25.074716512655
pipe,4,4,18.8353199706999,Eulemur fulvus,Eulemur_fulvus,MAMMALIA,1,217,93464.7527829465
pipe,4,4,18.8353199706999,Eulemur macaco,Eulemur_macaco,MAMMALIA,1,61,37337.4291354149
pipe,4,4,18.8353199706999,Eulemur mongoz,Eulemur_mongoz,MAMMALIA,0.99999989058302,30,2089.6085773972
pipe,4,4,18.8353199706999,Eulemur rubriventer,Eulemur_rubriventer,MAMMALIA,1,338,77734.5683734164
pipe,4,4,18.8353199706999,Eulemur rufus,Eulemur_rufus,MAMMALIA,1,215,46376.2748166009
pipe,4,4,18.8353199706999,Eulemur sanfordi,Eulemur_sanfordi,MAMMALIA,1,312,93680.4982848595
pipe,4,4,18.8353199706999,Euryceros prevostii,Euryceros_prevostii,AVES,0.999000955068605,3,2839.06294695103
pipe,4,4,18.8353199706999,Falco zoniventris,Falco_zoniventris,AVES,0.932961278308184,1,73443.3410411675
pipe,4,4,18.8353199706999,Falculea palliata,Falculea_palliata,AVES,0.999999999996277,7,28718.0989357383
pipe,4,4,18.8353199706999,Fossa fossana,Fossa_fossana,MAMMALIA,0.978483142852742,2,48599.4609223109
pipe,4,4,18.8353199706999,Foudia madagascariensis,Foudia_madagascariensis,AVES,0.999999900957792,27,136248.891480305
pipe,4,4,18.8353199706999,Foudia omissa,Foudia_omissa,AVES,0.999999999958707,18,50073.2510597789
pipe,4,4,18.8353199706999,Gactornis enarratus,Gactornis_enarratus,AVES,0.999999484821457,5,48812.2165276541
pipe,4,4,18.8353199706999,Galidia elegans,Galidia_elegans,MAMMALIA,0.968235456479531,6,49877.3202057595
pipe,4,4,18.8353199706999,Galidictis fasciata,Galidictis_fasciata,MAMMALIA,0,3,4247.07070700451
pipe,4,4,18.8353199706999,Geobiastes squamiger,Geobiastes_squamiger,AVES,0.999651534883248,4,10912.2023785805
pipe,4,4,18.8353199706999,Geogale aurita,Geogale_aurita,MAMMALIA,1,691,31257.0551036538
pipe,4,4,18.8353199706999,Gymnuromys roberti,Gymnuromys_roberti,MAMMALIA,1,163,26019.5998824989
pipe,4,4,18.8353199706999,Haliaeetus vociferoides,Haliaeetus_vociferoides,AVES,0.0115773783592114,1,5133.49426771156
pipe,4,4,18.8353199706999,Hapalemur alaotrensis,Hapalemur_alaotrensis,MAMMALIA,1,56,3792.79566395532
pipe,4,4,18.8353199706999,Hapalemur aureus,Hapalemur_aureus,MAMMALIA,0.999999977278618,26,1705.58628779796
pipe,4,4,18.8353199706999,Hapalemur griseus,Hapalemur_griseus,MAMMALIA,1,248,89061.3366621233
pipe,4,4,18.8353199706999,Hapalemur occidentalis,Hapalemur_occidentalis,MAMMALIA,0.999980202542243,26,928.619128115792
pipe,4,4,18.8353199706999,Hartertula flavoviridis,Hartertula_flavoviridis,AVES,1,43,8024.20134450056
pipe,4,4,18.8353199706999,Hartlaubius auratus,Hartlaubius_auratus,AVES,0.999998749166178,9,93492.935134412
pipe,4,4,18.8353199706999,Hemicentetes nigriceps,Hemicentetes_nigriceps,MAMMALIA,0.99994384558201,28,1850.31293042443
pipe,4,4,18.8353199706999,Hemicentetes semispinosus,Hemicentetes_semispinosus,MAMMALIA,1,136,68737.9325400695
pipe,4,4,18.8353199706999,Hypogeomys antimena,Hypogeomys_antimena,MAMMALIA,0.133821965614829,5,102.721854711814
pipe,4,4,18.8353199706999,Hypositta corallirostris,Hypositta_corallirostris,AVES,0.99998272593013,9,60201.2498004697
pipe,4,4,18.8353199706999,Indri indri,Indri_indri,MAMMALIA,0.999999969981461,17,62897.24464854
pipe,4,4,18.8353199706999,Lemur catta,Lemur_catta,MAMMALIA,1,216,24284.7920960575
pipe,4,4,18.8353199706999,Lepidopygia nana,Lepidopygia_nana,AVES,0.998135413725367,62,131758.894912479
pipe,4,4,18.8353199706999,Lepilemur ankaranensis,Lepilemur_ankaranensis,MAMMALIA,0.942459903341432,11,337.837326840144
pipe,4,4,18.8353199706999,Lepilemur edwardsi,Lepilemur_edwardsi,MAMMALIA,1,80,8845.64091116905
pipe,4,4,18.8353199706999,Lepilemur leucopus,Lepilemur_leucopus,MAMMALIA,1,90,20867.8864140902
pipe,4,4,18.8353199706999,Lepilemur microdon,Lepilemur_microdon,MAMMALIA,0.999999999967494,34,4306.91871749465
pipe,4,4,18.8353199706999,Lepilemur mustelinus,Lepilemur_mustelinus,MAMMALIA,1,298,84516.5331876281
pipe,4,4,18.8353199706999,Lepilemur ruficaudatus,Lepilemur_ruficaudatus,MAMMALIA,1,206,16047.4964974457
pipe,4,4,18.8353199706999,Leptopterus chabert,Leptopterus_chabert,AVES,0.999999961260805,16,123429.087069028
pipe,4,4,18.8353199706999,Lophotibis cristata,Lophotibis_cristata,AVES,0.999842318602477,2,83155.3460094383
pipe,4,4,18.8353199706999,Macrotarsomys bastardi,Macrotarsomys_bastardi,MAMMALIA,1,234,7833.53033567859
pipe,4,4,18.8353199706999,Margaroperdix madagarensis,Margaroperdix_madagarensis,AVES,0.999975537324474,2,100409.457158931
pipe,4,4,18.8353199706999,Mentocrex kioloides,Mentocrex_kioloides,AVES,0.997628765892619,1,32536.7434325392
pipe,4,4,18.8353199706999,Mesitornis unicolor,Mesitornis_unicolor,AVES,0,1,89.8278131379881
pipe,4,4,18.8353199706999,Mesitornis variegatus,Mesitornis_variegatus,AVES,0.998762356934088,5,2869.24937298196
pipe,4,4,18.8353199706999,Microcebus berthae,Microcebus_berthae,MAMMALIA,1.52725564417366e-08,2,16.7952443947329
pipe,4,4,18.8353199706999,Microcebus griseorufus,Microcebus_griseorufus,MAMMALIA,0.995769019106106,14,501.433658043836
pipe,4,4,18.8353199706999,Microcebus murinus,Microcebus_murinus,MAMMALIA,1,1442,88260.0740886497
pipe,4,4,18.8353199706999,Microcebus myoxinus,Microcebus_myoxinus,MAMMALIA,0.99999998961429,81,1036.32813740434
pipe,4,4,18.8353199706999,Microcebus ravelobensis,Microcebus_ravelobensis,MAMMALIA,0.778620368188717,12,236.31409286757
pipe,4,4,18.8353199706999,Microcebus rufus,Microcebus_rufus,MAMMALIA,1,1218,69362.3292485689
pipe,4,4,18.8353199706999,Microcebus tavaratra,Microcebus_tavaratra,MAMMALIA,0.993489486729037,37,712.53863024752
pipe,4,4,18.8353199706999,Microgale brevicaudata,Microgale_brevicaudata,MAMMALIA,1,773,30863.8703887966
pipe,4,4,18.8353199706999,Microgale cowani,Microgale_cowani,MAMMALIA,1,582,57911.7841714825
pipe,4,4,18.8353199706999,Microgale drouhardi,Microgale_drouhardi,MAMMALIA,1,311,26339.3080259566
pipe,4,4,18.8353199706999,Microgale dryas,Microgale_dryas,MAMMALIA,0.897201398108506,47,1354.89734870606
pipe,4,4,18.8353199706999,Microgale fotsifotsy,Microgale_fotsifotsy,MAMMALIA,1,374,30624.4322284328
pipe,4,4,18.8353199706999,Microgale gracilis,Microgale_gracilis,MAMMALIA,0.999999999997094,117,9337.04179988553
pipe,4,4,18.8353199706999,Microgale gymnorhyncha,Microgale_gymnorhyncha,MAMMALIA,1,142,18961.627699211
pipe,4,4,18.8353199706999,Microgale longicaudata,Microgale_longicaudata,MAMMALIA,1,1065,61978.1502324474
pipe,4,4,18.8353199706999,Microgale mergulus,Microgale_mergulus,MAMMALIA,0.999999999997592,74,5116.07462254788
pipe,4,4,18.8353199706999,Microgale parvula,Microgale_parvula,MAMMALIA,1,1220,62194.5609419308
pipe,4,4,18.8353199706999,Microgale principula,Microgale_principula,MAMMALIA,1,591,49779.2139191163
pipe,4,4,18.8353199706999,Microgale pusilla,Microgale_pusilla,MAMMALIA,0.999999999054285,377,17441.2040847291
pipe,4,4,18.8353199706999,Microgale soricoides,Microgale_soricoides,MAMMALIA,1,150,26781.069697971
pipe,4,4,18.8353199706999,Microgale taiva,Microgale_taiva,MAMMALIA,1,312,40331.8475553027
pipe,4,4,18.8353199706999,Microgale thomasi,Microgale_thomasi,MAMMALIA,1,110,24058.3886425159
pipe,4,4,18.8353199706999,Mirza coquereli,Mirza_coquereli,MAMMALIA,0.999996954530665,46,2399.43528049676
pipe,4,4,18.8353199706999,Monias benschi,Monias_benschi,AVES,0,1,82.9420458882198
pipe,4,4,18.8353199706999,Monticola erythronotus,Monticola_erythronotus,AVES,0.505764981643122,1,97.497303661992
pipe,4,4,18.8353199706999,Monticola sharpei,Monticola_sharpei,AVES,1,25,99616.9900656213
pipe,4,4,18.8353199706999,Monticolomys koopmani,Monticolomys_koopmani,MAMMALIA,0.132627247638879,6,104.060766616412
pipe,4,4,18.8353199706999,Motacilla flaviventris,Motacilla_flaviventris,AVES,1,36,14735.7008556257
pipe,4,4,18.8353199706999,Mystacornis crossleyi,Mystacornis_crossleyi,AVES,0.999999999999988,12,46386.052016018
pipe,4,4,18.8353199706999,Neodrepanis coruscans,Neodrepanis_coruscans,AVES,0.999998768373134,15,29330.4465630523
pipe,4,4,18.8353199706999,Neodrepanis hypoxantha,Neodrepanis_hypoxantha,AVES,0.0211788109146442,3,88.4296056242715
pipe,4,4,18.8353199706999,Neomixis striatigula,Neomixis_striatigula,AVES,0.999999999995797,28,56297.35007779
pipe,4,4,18.8353199706999,Neomixis tenella,Neomixis_tenella,AVES,1,96,90498.1940319791
pipe,4,4,18.8353199706999,Neomixis viridis,Neomixis_viridis,AVES,0.99999999999923,29,52259.1130850174
pipe,4,4,18.8353199706999,Nesillas lantzii,Nesillas_lantzii,AVES,0.999982201153661,3,2662.94984287919
pipe,4,4,18.8353199706999,Nesogale dobsoni,Nesogale_dobsoni,MAMMALIA,1,364,66498.4615616858
pipe,4,4,18.8353199706999,Nesogale talazaci,Nesogale_talazaci,MAMMALIA,1,231,62037.6829746553
pipe,4,4,18.8353199706999,Nesomys audeberti,Nesomys_audeberti,MAMMALIA,1,106,4046.64977940621
pipe,4,4,18.8353199706999,Nesomys lambertoni,Nesomys_lambertoni,MAMMALIA,0.999982516617858,24,907.467747374969
pipe,4,4,18.8353199706999,Nesomys rufus,Nesomys_rufus,MAMMALIA,1,248,45021.2362781538
pipe,4,4,18.8353199706999,Newtonia amphichroa,Newtonia_amphichroa,AVES,1,16,42105.9906404768
pipe,4,4,18.8353199706999,Newtonia archboldi,Newtonia_archboldi,AVES,0.999741928196117,9,2034.17561003506
pipe,4,4,18.8353199706999,Newtonia brunneicauda,Newtonia_brunneicauda,AVES,1,41,114586.36012097
pipe,4,4,18.8353199706999,Newtonia fanovanae,Newtonia_fanovanae,AVES,0.353055283448799,2,98.220702482002
pipe,4,4,18.8353199706999,Oriolia bernieri,Oriolia_bernieri,AVES,0.99999996918324,14,13766.0633506095
pipe,4,4,18.8353199706999,Oryzorictes hova,Oryzorictes_hova,MAMMALIA,1,286,60423.8502753621
pipe,4,4,18.8353199706999,Oryzorictes tetradactylus,Oryzorictes_tetradactylus,MAMMALIA,0.999999999999654,146,8672.01642967681
pipe,4,4,18.8353199706999,Otus rutilus,Otus_rutilus,AVES,0.999999875722327,4,108623.134799272
pipe,4,4,18.8353199706999,Oxylabes madagascariensis,Oxylabes_madagascariensis,AVES,1,18,52235.6073019968
pipe,4,4,18.8353199706999,Phaner electromontis,Phaner_electromontis,MAMMALIA,1.1181189119025e-07,1,17.4337788633334
pipe,4,4,18.8353199706999,Phaner furcifer,Phaner_furcifer,MAMMALIA,0.887905465228731,44,760.692849183311
pipe,4,4,18.8353199706999,Phaner pallescens,Phaner_pallescens,MAMMALIA,0.999999999999001,48,3217.39734591368
pipe,4,4,18.8353199706999,Phaner parienti,Phaner_parienti,MAMMALIA,0.00280017666108179,1,24.4501852478606
pipe,4,4,18.8353199706999,Philepitta castanea,Philepitta_castanea,AVES,0.983835197382121,4,38532.9081143783
pipe,4,4,18.8353199706999,Philepitta schlegeli,Philepitta_schlegeli,AVES,0.988278027030843,13,4271.15978816368
pipe,4,4,18.8353199706999,Ploceus nelicourvi,Ploceus_nelicourvi,AVES,0.999999997648338,9,59829.894389109
pipe,4,4,18.8353199706999,Ploceus sakalava,Ploceus_sakalava,AVES,0.999999997557725,24,39077.2745675113
pipe,4,4,18.8353199706999,Polyboroides radiatus,Polyboroides_radiatus,AVES,0.998640809014918,1,113401.670228089
pipe,4,4,18.8353199706999,Pseudobias wardi,Pseudobias_wardi,AVES,1,19,41098.8681840485
pipe,4,4,18.8353199706999,Pterocles personatus,Pterocles_personatus,AVES,0.940123497880855,5,7087.00341547594
pipe,4,4,18.8353199706999,Rallus madagascariensis,Rallus_madagascariensis,AVES,0.999999292733822,5,14440.9762585483
pipe,4,4,18.8353199706999,Randia pseudozosterops,Randia_pseudozosterops,AVES,0.999998362783515,9,44252.904332636
pipe,4,4,18.8353199706999,Sarothrura insularis,Sarothrura_insularis,AVES,0.999968980904355,8,71357.1885761668
pipe,4,4,18.8353199706999,Schetba rufa,Schetba_rufa,AVES,0.999999999999997,22,27920.3868734495
pipe,4,4,18.8353199706999,Setifer setosus,Setifer_setosus,MAMMALIA,1,270,112086.663636939
pipe,4,4,18.8353199706999,Tenrec ecaudatus,Tenrec_ecaudatus,MAMMALIA,1,121,119501.36629233
pipe,4,4,18.8353199706999,Thamnornis chloropetoides,Thamnornis_chloropetoides,AVES,0.999975893673047,5,3307.13851710381
pipe,4,4,18.8353199706999,Treron australis,Treron_australis,AVES,0.996876293324765,2,116356.510075925
pipe,4,4,18.8353199706999,Turnix nigricollis,Turnix_nigricollis,AVES,0.999943854490328,2,129865.076048438
pipe,4,4,18.8353199706999,Tylas eduardi,Tylas_eduardi,AVES,0.999999987712006,6,58401.1910668083
pipe,4,4,18.8353199706999,Vanga curvirostris,Vanga_curvirostris,AVES,0.999940679521118,7,124386.358440753
pipe,4,4,18.8353199706999,Varecia rubra,Varecia_rubra,MAMMALIA,1,71,69777.0803474899
pipe,4,4,18.8353199706999,Varecia variegata,Varecia_variegata,MAMMALIA,0.999999999999586,51,69274.1310177684
pipe,4,4,18.8353199706999,Xanthomixis apperti,Xanthomixis_apperti,AVES,0.441311211243701,1,68.4073900828693
pipe,4,4,18.8353199706999,Xanthomixis cinereiceps,Xanthomixis_cinereiceps,AVES,1,21,17218.770116148
pipe,4,4,18.8353199706999,Xanthomixis zosterops,Xanthomixis_zosterops,AVES,0.999999999851811,22,60362.7621610384
pipe,4,4,18.8353199706999,Xenopirostris damii,Xenopirostris_damii,AVES,0.00179910755944268,1,93.5023436630614
pipe,4,4,18.8353199706999,Xenopirostris polleni,Xenopirostris_polleni,AVES,0.999999967051674,10,17324.3319534596
pipe,4,4,18.8353199706999,Xenopirostris xenopirostris,Xenopirostris_xenopirostris,AVES,0.965058075374104,1,1102.55740261015
pipe,5,5,23.5299055436702,Accipiter henstii,Accipiter_henstii,AVES,0.765875108539227,1,81405.8352855587
pipe,5,5,23.5299055436702,Accipiter madagascariensis,Accipiter_madagascariensis,AVES,0.927584880513239,1,100156.981201099
pipe,5,5,23.5299055436702,Acrocephalus newtoni,Acrocephalus_newtoni,AVES,1,28,96053.061014997
pipe,5,5,23.5299055436702,Alectroenas madagascariensis,Alectroenas_madagascariensis,AVES,0.99844854478798,7,64468.0749558767
pipe,5,5,23.5299055436702,Allocebus trichotis,Allocebus_trichotis,MAMMALIA,0.0078347349602923,3,72.1001097191941
pipe,5,5,23.5299055436702,Anas bernieri,Anas_bernieri,AVES,0,0,0
pipe,5,5,23.5299055436702,Apus balstoni,Apus_balstoni,AVES,0.99999997972787,9,88819.8756135438
pipe,5,5,23.5299055436702,Artamella viridis,Artamella_viridis,AVES,0.999999579976136,11,105594.233053613
pipe,5,5,23.5299055436702,Asio madagascariensis,Asio_madagascariensis,AVES,0.880258448741697,2,70836.8714421994
pipe,5,5,23.5299055436702,Atelornis crossleyi,Atelornis_crossleyi,AVES,0.999998757950016,7,11567.2300289101
pipe,5,5,23.5299055436702,Atelornis pittoides,Atelornis_pittoides,AVES,0.999740451137938,3,42189.1536879075
pipe,5,5,23.5299055436702,Athene superciliaris,Athene_superciliaris,AVES,0.999568947325019,1,71847.3525051137
pipe,5,5,23.5299055436702,Avahi laniger,Avahi_laniger,MAMMALIA,1,119,34629.1429367019
pipe,5,5,23.5299055436702,Avahi occidentalis,Avahi_occidentalis,MAMMALIA,0.996177513146535,3,617.947951280703
pipe,5,5,23.5299055436702,Aviceda madagascariensis,Aviceda_madagascariensis,AVES,0.977305360994148,1,106801.631640122
pipe,5,5,23.5299055436702,Bernieria madagascariensis,Bernieria_madagascariensis,AVES,1,25,86750.3832236846
pipe,5,5,23.5299055436702,Brachypteracias leptosomus,Brachypteracias_leptosomus,AVES,0.999770459055665,1,36954.0531078217
pipe,5,5,23.5299055436702,Brachytarsomys albicauda,Brachytarsomys_albicauda,MAMMALIA,0.999999987683612,45,1736.64307459311
pipe,5,5,23.5299055436702,Brachyuromys betsileoensis,Brachyuromys_betsileoensis,MAMMALIA,1,113,12417.9390327925
pipe,5,5,23.5299055436702,Brachyuromys ramirohitra,Brachyuromys_ramirohitra,MAMMALIA,0.655414845690046,2,90.5857082152948
pipe,5,5,23.5299055436702,Bradypterus brunneus,Bradypterus_brunneus,AVES,1,38,12247.9918039061
pipe,5,5,23.5299055436702,Bradypterus seebohmi,Bradypterus_seebohmi,AVES,0.452718233996164,1,71.7493427546058
pipe,5,5,23.5299055436702,Buteo brachypterus,Buteo_brachypterus,AVES,0.870907178877917,1,115460.609459659
pipe,5,5,23.5299055436702,Calicalicus madagascariensis,Calicalicus_madagascariensis,AVES,1,37,87871.5004086367
pipe,5,5,23.5299055436702,Cheirogaleus crossleyi,Cheirogaleus_crossleyi,MAMMALIA,1,90,5424.7956004337
pipe,5,5,23.5299055436702,Cheirogaleus major,Cheirogaleus_major,MAMMALIA,1,330,64955.1003203023
pipe,5,5,23.5299055436702,Cheirogaleus medius,Cheirogaleus_medius,MAMMALIA,1,962,51839.597633559
pipe,5,5,23.5299055436702,Cinnyris notatus,Cinnyris_notatus,AVES,1,55,96659.9666227504
pipe,5,5,23.5299055436702,Copsychus albospecularis,Copsychus_albospecularis,AVES,0.999995851318907,9,53790.0806403082
pipe,5,5,23.5299055436702,Coracopsis nigra,Coracopsis_nigra,AVES,0.99565442292621,2,104758.037865519
pipe,5,5,23.5299055436702,Corythornis madagascariensis,Corythornis_madagascariensis,AVES,0.892661538590704,7,86886.4109087818
pipe,5,5,23.5299055436702,Coua caerulea,Coua_caerulea,AVES,0.999922415293644,6,43034.1790768379
pipe,5,5,23.5299055436702,Coua coquereli,Coua_coquereli,AVES,0.999912278865624,1,26768.8922287204
pipe,5,5,23.5299055436702,Coua cristata,Coua_cristata,AVES,0.999998458058035,5,78697.4760988693
pipe,5,5,23.5299055436702,Coua cursor,Coua_cursor,AVES,0.999714785657595,1,17818.3018124695
pipe,5,5,23.5299055436702,Coua gigas,Coua_gigas,AVES,0.999858238945007,1,29636.0823659414
pipe,5,5,23.5299055436702,Coua reynaudii,Coua_reynaudii,AVES,0.999892508246437,4,36728.0650826405
pipe,5,5,23.5299055436702,Coua ruficeps,Coua_ruficeps,AVES,0.959346120072291,3,1327.46846918482
pipe,5,5,23.5299055436702,Coua serriana,Coua_serriana,AVES,0.991471316214561,1,32261.1250374597
pipe,5,5,23.5299055436702,Crossleyia xanthophrys,Crossleyia_xanthophrys,AVES,1,42,3972.68180388708
pipe,5,5,23.5299055436702,Cryptoprocta ferox,Cryptoprocta_ferox,MAMMALIA,0.0704722846506246,4,37090.2958127398
pipe,5,5,23.5299055436702,Cryptosylvicola randrianasoloi,Cryptosylvicola_randrianasoloi,AVES,1,38,5764.1452153792
pipe,5,5,23.5299055436702,Cyanolanius madagascarinus,Cyanolanius_madagascarinus,AVES,0.999999999999977,19,95109.7587587378
pipe,5,5,23.5299055436702,Daubentonia madagascariensis,Daubentonia_madagascariensis,MAMMALIA,1,87,33043.6319712352
pipe,5,5,23.5299055436702,Echinops telfairi,Echinops_telfairi,MAMMALIA,1,417,51879.8662150328
pipe,5,5,23.5299055436702,Eliurus antsingy,Eliurus_antsingy,MAMMALIA,0.0133748649074149,5,69.3900821470956
pipe,5,5,23.5299055436702,Eliurus grandidieri,Eliurus_grandidieri,MAMMALIA,0.999641415738649,25,909.705389651238
pipe,5,5,23.5299055436702,Eliurus majori,Eliurus_majori,MAMMALIA,1,339,42275.4475418593
pipe,5,5,23.5299055436702,Eliurus minor,Eliurus_minor,MAMMALIA,1,1273,70954.1775577493
pipe,5,5,23.5299055436702,Eliurus myoxinus,Eliurus_myoxinus,MAMMALIA,1,969,79567.4618192533
pipe,5,5,23.5299055436702,Eliurus tanala,Eliurus_tanala,MAMMALIA,1,469,44943.1931334561
pipe,5,5,23.5299055436702,Eliurus webbi,Eliurus_webbi,MAMMALIA,1,520,59312.5946729324
pipe,5,5,23.5299055436702,Eremopterix hova,Eremopterix_hova,AVES,0.999999140803191,25,3450.6785242483
pipe,5,5,23.5299055436702,Eulemur albifrons,Eulemur_albifrons,MAMMALIA,1,75,18839.9973287843
pipe,5,5,23.5299055436702,Eulemur cinereiceps,Eulemur_cinereiceps,MAMMALIA,1,265,87785.0593303729
pipe,5,5,23.5299055436702,Eulemur collaris,Eulemur_collaris,MAMMALIA,1,205,87210.5184369402
pipe,5,5,23.5299055436702,Eulemur coronatus,Eulemur_coronatus,MAMMALIA,1,253,25540.2737717309
pipe,5,5,23.5299055436702,Eulemur flavifrons,Eulemur_flavifrons,MAMMALIA,0.000213248908682684,1,25.074716512655
pipe,5,5,23.5299055436702,Eulemur fulvus,Eulemur_fulvus,MAMMALIA,1,231,88069.7036679203
pipe,5,5,23.5299055436702,Eulemur macaco,Eulemur_macaco,MAMMALIA,1,81,35532.4933301619
pipe,5,5,23.5299055436702,Eulemur mongoz,Eulemur_mongoz,MAMMALIA,0.999999763052324,27,1896.5641864274
pipe,5,5,23.5299055436702,Eulemur rubriventer,Eulemur_rubriventer,MAMMALIA,1,358,73719.9954366819
pipe,5,5,23.5299055436702,Eulemur rufus,Eulemur_rufus,MAMMALIA,1,218,43471.7008215712
pipe,5,5,23.5299055436702,Eulemur sanfordi,Eulemur_sanfordi,MAMMALIA,1,321,88308.4981477467
pipe,5,5,23.5299055436702,Euryceros prevostii,Euryceros_prevostii,AVES,0.998999571455012,3,2837.05015201021
pipe,5,5,23.5299055436702,Falco zoniventris,Falco_zoniventris,AVES,0.932516389675089,1,72959.9202353515
pipe,5,5,23.5299055436702,Falculea palliata,Falculea_palliata,AVES,0.999999999996497,8,27718.8598273679
pipe,5,5,23.5299055436702,Fossa fossana,Fossa_fossana,MAMMALIA,0.978483142852742,2,48599.4609223109
pipe,5,5,23.5299055436702,Foudia madagascariensis,Foudia_madagascariensis,AVES,0.999999999164405,44,129545.273920372
pipe,5,5,23.5299055436702,Foudia omissa,Foudia_omissa,AVES,0.999999999930433,18,48603.2271015234
pipe,5,5,23.5299055436702,Gactornis enarratus,Gactornis_enarratus,AVES,0.999999420889456,5,48329.476933684
pipe,5,5,23.5299055436702,Galidia elegans,Galidia_elegans,MAMMALIA,0.968235456479531,6,49877.3202057595
pipe,5,5,23.5299055436702,Galidictis fasciata,Galidictis_fasciata,MAMMALIA,0,3,4247.07070700451
pipe,5,5,23.5299055436702,Geobiastes squamiger,Geobiastes_squamiger,AVES,0.999651371391992,4,10909.7760157827
pipe,5,5,23.5299055436702,Geogale aurita,Geogale_aurita,MAMMALIA,1,623,30662.6133596105
pipe,5,5,23.5299055436702,Gymnuromys roberti,Gymnuromys_roberti,MAMMALIA,1,152,25441.9195038355
pipe,5,5,23.5299055436702,Haliaeetus vociferoides,Haliaeetus_vociferoides,AVES,0.0115773783592114,1,5133.49426771156
pipe,5,5,23.5299055436702,Hapalemur alaotrensis,Hapalemur_alaotrensis,MAMMALIA,1,54,3556.42553161266
pipe,5,5,23.5299055436702,Hapalemur aureus,Hapalemur_aureus,MAMMALIA,0.999999968237739,20,1594.48450687388
pipe,5,5,23.5299055436702,Hapalemur griseus,Hapalemur_griseus,MAMMALIA,1,277,84232.7133488327
pipe,5,5,23.5299055436702,Hapalemur occidentalis,Hapalemur_occidentalis,MAMMALIA,0.99995615159883,26,904.586186203987
pipe,5,5,23.5299055436702,Hartertula flavoviridis,Hartertula_flavoviridis,AVES,1,42,7856.46113445006
pipe,5,5,23.5299055436702,Hartlaubius auratus,Hartlaubius_auratus,AVES,0.999999670704258,11,87930.3202205423
pipe,5,5,23.5299055436702,Hemicentetes nigriceps,Hemicentetes_nigriceps,MAMMALIA,0.999887345625754,27,1786.2637694613
pipe,5,5,23.5299055436702,Hemicentetes semispinosus,Hemicentetes_semispinosus,MAMMALIA,1,163,66132.3575427275
pipe,5,5,23.5299055436702,Hypogeomys antimena,Hypogeomys_antimena,MAMMALIA,0.133821965614829,5,102.721854711814
pipe,5,5,23.5299055436702,Hypositta corallirostris,Hypositta_corallirostris,AVES,0.999986431014113,13,58195.2873292449
pipe,5,5,23.5299055436702,Indri indri,Indri_indri,MAMMALIA,0.99999999719102,18,61522.8482649381
pipe,5,5,23.5299055436702,Lemur catta,Lemur_catta,MAMMALIA,1,213,22871.6812137046
pipe,5,5,23.5299055436702,Lepidopygia nana,Lepidopygia_nana,AVES,0.998752256900914,83,123646.509992488
pipe,5,5,23.5299055436702,Lepilemur ankaranensis,Lepilemur_ankaranensis,MAMMALIA,0.942459903341432,10,326.317074209937
pipe,5,5,23.5299055436702,Lepilemur edwardsi,Lepilemur_edwardsi,MAMMALIA,1,80,7990.21963497746
pipe,5,5,23.5299055436702,Lepilemur leucopus,Lepilemur_leucopus,MAMMALIA,1,85,20583.293265485
pipe,5,5,23.5299055436702,Lepilemur microdon,Lepilemur_microdon,MAMMALIA,0.999999999773195,34,4012.13811353708
pipe,5,5,23.5299055436702,Lepilemur mustelinus,Lepilemur_mustelinus,MAMMALIA,1,310,81344.2782017224
pipe,5,5,23.5299055436702,Lepilemur ruficaudatus,Lepilemur_ruficaudatus,MAMMALIA,1,189,15054.4315578838
pipe,5,5,23.5299055436702,Leptopterus chabert,Leptopterus_chabert,AVES,0.999999997974591,28,117779.124095274
pipe,5,5,23.5299055436702,Lophotibis cristata,Lophotibis_cristata,AVES,0.99983970621251,2,82443.994012976
pipe,5,5,23.5299055436702,Macrotarsomys bastardi,Macrotarsomys_bastardi,MAMMALIA,1,218,7743.61846775154
pipe,5,5,23.5299055436702,Margaroperdix madagarensis,Margaroperdix_madagarensis,AVES,0.999973541943398,2,95688.3874625058
pipe,5,5,23.5299055436702,Mentocrex kioloides,Mentocrex_kioloides,AVES,0.997624136769866,1,32493.7292687171
pipe,5,5,23.5299055436702,Mesitornis unicolor,Mesitornis_unicolor,AVES,0,1,89.8278131379881
pipe,5,5,23.5299055436702,Mesitornis variegatus,Mesitornis_variegatus,AVES,0.998762356934088,5,2869.24937298196
pipe,5,5,23.5299055436702,Microcebus berthae,Microcebus_berthae,MAMMALIA,1.52725564417366e-08,2,16.7952443947329
pipe,5,5,23.5299055436702,Microcebus griseorufus,Microcebus_griseorufus,MAMMALIA,0.995769019106106,14,501.433658043836
pipe,5,5,23.5299055436702,Microcebus murinus,Microcebus_murinus,MAMMALIA,1,1200,84112.4929971958
pipe,5,5,23.5299055436702,Microcebus myoxinus,Microcebus_myoxinus,MAMMALIA,0.999999985462267,74,989.788231908457
pipe,5,5,23.5299055436702,Microcebus ravelobensis,Microcebus_ravelobensis,MAMMALIA,0.778620368188717,11,232.554175002825
pipe,5,5,23.5299055436702,Microcebus rufus,Microcebus_rufus,MAMMALIA,1,1042,67856.6044467259
pipe,5,5,23.5299055436702,Microcebus tavaratra,Microcebus_tavaratra,MAMMALIA,0.993489484438584,34,688.882910405007
pipe,5,5,23.5299055436702,Microgale brevicaudata,Microgale_brevicaudata,MAMMALIA,1,665,29885.8803717108
pipe,5,5,23.5299055436702,Microgale cowani,Microgale_cowani,MAMMALIA,1,562,56253.0988265596
pipe,5,5,23.5299055436702,Microgale drouhardi,Microgale_drouhardi,MAMMALIA,1,308,26002.968954566
pipe,5,5,23.5299055436702,Microgale dryas,Microgale_dryas,MAMMALIA,0.8972013977551,46,1324.75894826905
pipe,5,5,23.5299055436702,Microgale fotsifotsy,Microgale_fotsifotsy,MAMMALIA,1,357,30116.8800717043
pipe,5,5,23.5299055436702,Microgale gracilis,Microgale_gracilis,MAMMALIA,0.999999999988073,123,8971.52288262673
pipe,5,5,23.5299055436702,Microgale gymnorhyncha,Microgale_gymnorhyncha,MAMMALIA,1,142,18442.4627295946
pipe,5,5,23.5299055436702,Microgale longicaudata,Microgale_longicaudata,MAMMALIA,1,952,60769.5986039929
pipe,5,5,23.5299055436702,Microgale mergulus,Microgale_mergulus,MAMMALIA,0.999999999976127,72,4818.26848727304
pipe,5,5,23.5299055436702,Microgale parvula,Microgale_parvula,MAMMALIA,1,1037,60886.7327836407
pipe,5,5,23.5299055436702,Microgale principula,Microgale_principula,MAMMALIA,1,577,49245.6913398699
pipe,5,5,23.5299055436702,Microgale pusilla,Microgale_pusilla,MAMMALIA,0.99999999890942,344,17081.7940956282
pipe,5,5,23.5299055436702,Microgale soricoides,Microgale_soricoides,MAMMALIA,1,148,26199.6635420876
pipe,5,5,23.5299055436702,Microgale taiva,Microgale_taiva,MAMMALIA,1,305,39769.9041444707
pipe,5,5,23.5299055436702,Microgale thomasi,Microgale_thomasi,MAMMALIA,1,108,23800.7805569662
pipe,5,5,23.5299055436702,Mirza coquereli,Mirza_coquereli,MAMMALIA,0.999996887198156,41,2306.06131027118
pipe,5,5,23.5299055436702,Monias benschi,Monias_benschi,AVES,0,1,82.9420458882198
pipe,5,5,23.5299055436702,Monticola erythronotus,Monticola_erythronotus,AVES,0.505764981643122,1,97.497303661992
pipe,5,5,23.5299055436702,Monticola sharpei,Monticola_sharpei,AVES,1,29,94630.2148040584
pipe,5,5,23.5299055436702,Monticolomys koopmani,Monticolomys_koopmani,MAMMALIA,0.132627247638879,6,104.060766616412
pipe,5,5,23.5299055436702,Motacilla flaviventris,Motacilla_flaviventris,AVES,1,39,13588.3576688028
pipe,5,5,23.5299055436702,Mystacornis crossleyi,Mystacornis_crossleyi,AVES,0.999999999999975,13,45175.6800258833
pipe,5,5,23.5299055436702,Neodrepanis coruscans,Neodrepanis_coruscans,AVES,0.999998616871908,15,28632.7200799642
pipe,5,5,23.5299055436702,Neodrepanis hypoxantha,Neodrepanis_hypoxantha,AVES,0.0211788109146442,3,88.4296056242715
pipe,5,5,23.5299055436702,Neomixis striatigula,Neomixis_striatigula,AVES,0.999999999999591,32,54193.523974499
pipe,5,5,23.5299055436702,Neomixis tenella,Neomixis_tenella,AVES,1,110,86837.890875038
pipe,5,5,23.5299055436702,Neomixis viridis,Neomixis_viridis,AVES,1,37,50539.0336326378
pipe,5,5,23.5299055436702,Nesillas lantzii,Nesillas_lantzii,AVES,0.999980632598794,3,2630.58677144172
pipe,5,5,23.5299055436702,Nesogale dobsoni,Nesogale_dobsoni,MAMMALIA,1,362,64069.4956424138
pipe,5,5,23.5299055436702,Nesogale talazaci,Nesogale_talazaci,MAMMALIA,1,252,60079.9998423161
pipe,5,5,23.5299055436702,Nesomys audeberti,Nesomys_audeberti,MAMMALIA,1,109,3889.84495969784
pipe,5,5,23.5299055436702,Nesomys lambertoni,Nesomys_lambertoni,MAMMALIA,0.999961789324811,25,886.24634899626
pipe,5,5,23.5299055436702,Nesomys rufus,Nesomys_rufus,MAMMALIA,1,273,43826.9532364799
pipe,5,5,23.5299055436702,Newtonia amphichroa,Newtonia_amphichroa,AVES,1,16,40848.8317873983
pipe,5,5,23.5299055436702,Newtonia archboldi,Newtonia_archboldi,AVES,0.999964343714504,11,1983.69818686476
pipe,5,5,23.5299055436702,Newtonia brunneicauda,Newtonia_brunneicauda,AVES,1,52,108544.877657257
pipe,5,5,23.5299055436702,Newtonia fanovanae,Newtonia_fanovanae,AVES,0.353055283448799,2,98.220702482002
pipe,5,5,23.5299055436702,Oriolia bernieri,Oriolia_bernieri,AVES,0.999999963890829,14,13364.3477831582
pipe,5,5,23.5299055436702,Oryzorictes hova,Oryzorictes_hova,MAMMALIA,1,299,58627.5826327176
pipe,5,5,23.5299055436702,Oryzorictes tetradactylus,Oryzorictes_tetradactylus,MAMMALIA,0.999999999998158,142,8216.11190279643
pipe,5,5,23.5299055436702,Otus rutilus,Otus_rutilus,AVES,0.999999891416954,5,103953.541092586
pipe,5,5,23.5299055436702,Oxylabes madagascariensis,Oxylabes_madagascariensis,AVES,1,21,50735.6782597694
pipe,5,5,23.5299055436702,Phaner electromontis,Phaner_electromontis,MAMMALIA,6.41384153565738e-08,1,17.2483306993491
pipe,5,5,23.5299055436702,Phaner furcifer,Phaner_furcifer,MAMMALIA,0.887905456410234,40,733.284836093332
pipe,5,5,23.5299055436702,Phaner pallescens,Phaner_pallescens,MAMMALIA,0.99999999999892,47,3183.96544717644
pipe,5,5,23.5299055436702,Phaner parienti,Phaner_parienti,MAMMALIA,0.00280017666108179,1,24.4501852478606
pipe,5,5,23.5299055436702,Philepitta castanea,Philepitta_castanea,AVES,0.983291465355687,5,37036.9919742287
pipe,5,5,23.5299055436702,Philepitta schlegeli,Philepitta_schlegeli,AVES,0.988278027030843,13,4271.15978816368
pipe,5,5,23.5299055436702,Ploceus nelicourvi,Ploceus_nelicourvi,AVES,0.999999999994663,13,58098.6228681996
pipe,5,5,23.5299055436702,Ploceus sakalava,Ploceus_sakalava,AVES,0.999999999997199,34,36681.6191421516
pipe,5,5,23.5299055436702,Polyboroides radiatus,Polyboroides_radiatus,AVES,0.998600193537342,1,111412.809228805
pipe,5,5,23.5299055436702,Pseudobias wardi,Pseudobias_wardi,AVES,1,20,39994.2184592823
pipe,5,5,23.5299055436702,Pterocles personatus,Pterocles_personatus,AVES,0.940118142771648,4,6876.15796477548
pipe,5,5,23.5299055436702,Rallus madagascariensis,Rallus_madagascariensis,AVES,0.999999167339213,5,14286.6313129212
pipe,5,5,23.5299055436702,Randia pseudozosterops,Randia_pseudozosterops,AVES,0.999999809865732,13,43014.6253719102
pipe,5,5,23.5299055436702,Sarothrura insularis,Sarothrura_insularis,AVES,0.999962091759096,9,69269.1482165325
pipe,5,5,23.5299055436702,Schetba rufa,Schetba_rufa,AVES,1,27,26965.7297095223
pipe,5,5,23.5299055436702,Setifer setosus,Setifer_setosus,MAMMALIA,1,291,107227.17139756
pipe,5,5,23.5299055436702,Tenrec ecaudatus,Tenrec_ecaudatus,MAMMALIA,1,159,112852.232383093
pipe,5,5,23.5299055436702,Thamnornis chloropetoides,Thamnornis_chloropetoides,AVES,0.99997558627154,5,3291.2059526292
pipe,5,5,23.5299055436702,Treron australis,Treron_australis,AVES,0.996739107433372,2,111989.82301015
pipe,5,5,23.5299055436702,Turnix nigricollis,Turnix_nigricollis,AVES,0.99995716968653,4,123740.503170415
pipe,5,5,23.5299055436702,Tylas eduardi,Tylas_eduardi,AVES,0.999999986869665,6,56822.4315579069
pipe,5,5,23.5299055436702,Vanga curvirostris,Vanga_curvirostris,AVES,0.999998421041137,10,119388.827381217
pipe,5,5,23.5299055436702,Varecia rubra,Varecia_rubra,MAMMALIA,1,77,66820.448756191
pipe,5,5,23.5299055436702,Varecia variegata,Varecia_variegata,MAMMALIA,1,58,66507.4391916214
pipe,5,5,23.5299055436702,Xanthomixis apperti,Xanthomixis_apperti,AVES,0.441311211243701,1,68.4073900828693
pipe,5,5,23.5299055436702,Xanthomixis cinereiceps,Xanthomixis_cinereiceps,AVES,1,20,16626.7125506706
pipe,5,5,23.5299055436702,Xanthomixis zosterops,Xanthomixis_zosterops,AVES,0.99999999999985,25,58390.9758021631
pipe,5,5,23.5299055436702,Xenopirostris damii,Xenopirostris_damii,AVES,0.00179910755944268,1,93.5023436630614
pipe,5,5,23.5299055436702,Xenopirostris polleni,Xenopirostris_polleni,AVES,0.999999962417438,9,16804.2902038118
pipe,5,5,23.5299055436702,Xenopirostris xenopirostris,Xenopirostris_xenopirostris,AVES,0.965058075374104,1,1102.55740261015
pipe,6,6,28.2220994609865,Accipiter henstii,Accipiter_henstii,AVES,0.765875108539227,1,81405.8352855587
pipe,6,6,28.2220994609865,Accipiter madagascariensis,Accipiter_madagascariensis,AVES,0.926839777095274,1,99140.1427484054
pipe,6,6,28.2220994609865,Acrocephalus newtoni,Acrocephalus_newtoni,AVES,1,34,93337.1763016079
pipe,6,6,28.2220994609865,Alectroenas madagascariensis,Alectroenas_madagascariensis,AVES,0.998390766812806,6,63436.1571157528
pipe,6,6,28.2220994609865,Allocebus trichotis,Allocebus_trichotis,MAMMALIA,0.0078347349602923,3,72.1001097191941
pipe,6,6,28.2220994609865,Anas bernieri,Anas_bernieri,AVES,0,0,0
pipe,6,6,28.2220994609865,Apus balstoni,Apus_balstoni,AVES,0.99999996584715,10,86328.4084303735
pipe,6,6,28.2220994609865,Artamella viridis,Artamella_viridis,AVES,0.999999999995094,16,101421.20380639
pipe,6,6,28.2220994609865,Asio madagascariensis,Asio_madagascariensis,AVES,0.879709404346079,2,70428.8896971787
pipe,6,6,28.2220994609865,Atelornis crossleyi,Atelornis_crossleyi,AVES,0.999998752332702,7,11537.2134314604
pipe,6,6,28.2220994609865,Atelornis pittoides,Atelornis_pittoides,AVES,0.999733813614061,3,41581.4804711615
pipe,6,6,28.2220994609865,Athene superciliaris,Athene_superciliaris,AVES,0.999548992715957,1,69836.0172900928
pipe,6,6,28.2220994609865,Avahi laniger,Avahi_laniger,MAMMALIA,1,114,34220.0888949799
pipe,6,6,28.2220994609865,Avahi occidentalis,Avahi_occidentalis,MAMMALIA,0.996177513146535,3,617.947951280703
pipe,6,6,28.2220994609865,Aviceda madagascariensis,Aviceda_madagascariensis,AVES,0.975978819912504,1,102120.125413611
pipe,6,6,28.2220994609865,Bernieria madagascariensis,Bernieria_madagascariensis,AVES,0.999999999999957,27,84807.4089427906
pipe,6,6,28.2220994609865,Brachypteracias leptosomus,Brachypteracias_leptosomus,AVES,0.999767886368497,1,36729.2642496595
pipe,6,6,28.2220994609865,Brachytarsomys albicauda,Brachytarsomys_albicauda,MAMMALIA,0.999999986114462,46,1727.57067772927
pipe,6,6,28.2220994609865,Brachyuromys betsileoensis,Brachyuromys_betsileoensis,MAMMALIA,1,110,12279.9261618472
pipe,6,6,28.2220994609865,Brachyuromys ramirohitra,Brachyuromys_ramirohitra,MAMMALIA,0.655414845690046,2,90.5857082152948
pipe,6,6,28.2220994609865,Bradypterus brunneus,Bradypterus_brunneus,AVES,1,40,12151.7797915331
pipe,6,6,28.2220994609865,Bradypterus seebohmi,Bradypterus_seebohmi,AVES,0.452718233996164,1,71.7493427546058
pipe,6,6,28.2220994609865,Buteo brachypterus,Buteo_brachypterus,AVES,0.86595390432379,1,110646.606730491
pipe,6,6,28.2220994609865,Calicalicus madagascariensis,Calicalicus_madagascariensis,AVES,1,37,85313.9283486887
pipe,6,6,28.2220994609865,Cheirogaleus crossleyi,Cheirogaleus_crossleyi,MAMMALIA,1,90,5404.16400555085
pipe,6,6,28.2220994609865,Cheirogaleus major,Cheirogaleus_major,MAMMALIA,1,317,63767.0016093667
pipe,6,6,28.2220994609865,Cheirogaleus medius,Cheirogaleus_medius,MAMMALIA,1,827,49457.6044682025
pipe,6,6,28.2220994609865,Cinnyris notatus,Cinnyris_notatus,AVES,1,59,93520.4933554421
pipe,6,6,28.2220994609865,Copsychus albospecularis,Copsychus_albospecularis,AVES,0.999995168566837,10,52715.7127886002
pipe,6,6,28.2220994609865,Coracopsis nigra,Coracopsis_nigra,AVES,0.995546591006716,3,102121.210708714
pipe,6,6,28.2220994609865,Corythornis madagascariensis,Corythornis_madagascariensis,AVES,0.891224166980026,6,85076.5358046357
pipe,6,6,28.2220994609865,Coua caerulea,Coua_caerulea,AVES,0.999920941033485,6,42610.113659664
pipe,6,6,28.2220994609865,Coua coquereli,Coua_coquereli,AVES,0.999960172379079,2,25252.2566001715
pipe,6,6,28.2220994609865,Coua cristata,Coua_cristata,AVES,0.999998298367973,6,77488.521119234
pipe,6,6,28.2220994609865,Coua cursor,Coua_cursor,AVES,0.999697472419127,1,17311.4100819395
pipe,6,6,28.2220994609865,Coua gigas,Coua_gigas,AVES,0.999843183574269,1,28247.4613512056
pipe,6,6,28.2220994609865,Coua reynaudii,Coua_reynaudii,AVES,0.999879360430767,4,36544.6081763249
pipe,6,6,28.2220994609865,Coua ruficeps,Coua_ruficeps,AVES,0.959346120072291,3,1327.37713844072
pipe,6,6,28.2220994609865,Coua serriana,Coua_serriana,AVES,0.991246902421283,1,31602.3622201464
pipe,6,6,28.2220994609865,Crossleyia xanthophrys,Crossleyia_xanthophrys,AVES,1,42,3955.25645036168
pipe,6,6,28.2220994609865,Cryptoprocta ferox,Cryptoprocta_ferox,MAMMALIA,0.0704722846506246,4,36599.279533069
pipe,6,6,28.2220994609865,Cryptosylvicola randrianasoloi,Cryptosylvicola_randrianasoloi,AVES,1,39,5693.97106739097
pipe,6,6,28.2220994609865,Cyanolanius madagascarinus,Cyanolanius_madagascarinus,AVES,0.999999999997821,25,92086.9329597363
pipe,6,6,28.2220994609865,Daubentonia madagascariensis,Daubentonia_madagascariensis,MAMMALIA,1,89,32076.3102693406
pipe,6,6,28.2220994609865,Echinops telfairi,Echinops_telfairi,MAMMALIA,1,391,49715.8154560736
pipe,6,6,28.2220994609865,Eliurus antsingy,Eliurus_antsingy,MAMMALIA,0.0133748649074149,5,69.3900821470956
pipe,6,6,28.2220994609865,Eliurus grandidieri,Eliurus_grandidieri,MAMMALIA,0.999641415738649,25,909.705389651238
pipe,6,6,28.2220994609865,Eliurus majori,Eliurus_majori,MAMMALIA,1,317,41890.3269868944
pipe,6,6,28.2220994609865,Eliurus minor,Eliurus_minor,MAMMALIA,1,1106,70105.4413869329
pipe,6,6,28.2220994609865,Eliurus myoxinus,Eliurus_myoxinus,MAMMALIA,1,878,77141.8639519433
pipe,6,6,28.2220994609865,Eliurus tanala,Eliurus_tanala,MAMMALIA,1,449,44492.9693940143
pipe,6,6,28.2220994609865,Eliurus webbi,Eliurus_webbi,MAMMALIA,1,502,58687.6689484709
pipe,6,6,28.2220994609865,Eremopterix hova,Eremopterix_hova,AVES,0.999998817823714,27,3395.43205274165
pipe,6,6,28.2220994609865,Eulemur albifrons,Eulemur_albifrons,MAMMALIA,1,80,18415.6437268407
pipe,6,6,28.2220994609865,Eulemur cinereiceps,Eulemur_cinereiceps,MAMMALIA,1,256,85749.9252151828
pipe,6,6,28.2220994609865,Eulemur collaris,Eulemur_collaris,MAMMALIA,1,204,85237.4244015627
pipe,6,6,28.2220994609865,Eulemur coronatus,Eulemur_coronatus,MAMMALIA,1,251,24831.0983116676
pipe,6,6,28.2220994609865,Eulemur flavifrons,Eulemur_flavifrons,MAMMALIA,0.000213248908682684,1,25.074716512655
pipe,6,6,28.2220994609865,Eulemur fulvus,Eulemur_fulvus,MAMMALIA,1,232,85973.8421066569
pipe,6,6,28.2220994609865,Eulemur macaco,Eulemur_macaco,MAMMALIA,1,77,35001.9667747053
pipe,6,6,28.2220994609865,Eulemur mongoz,Eulemur_mongoz,MAMMALIA,0.999999751138867,25,1861.07608707136
pipe,6,6,28.2220994609865,Eulemur rubriventer,Eulemur_rubriventer,MAMMALIA,1,336,72069.8649481834
pipe,6,6,28.2220994609865,Eulemur rufus,Eulemur_rufus,MAMMALIA,1,221,41617.9497482495
pipe,6,6,28.2220994609865,Eulemur sanfordi,Eulemur_sanfordi,MAMMALIA,1,302,86172.3509879066
pipe,6,6,28.2220994609865,Euryceros prevostii,Euryceros_prevostii,AVES,0.998999571455012,3,2837.05015201021
pipe,6,6,28.2220994609865,Falco zoniventris,Falco_zoniventris,AVES,0.931617171630983,1,72001.7044216331
pipe,6,6,28.2220994609865,Falculea palliata,Falculea_palliata,AVES,0.999999999999531,9,26376.2629956263
pipe,6,6,28.2220994609865,Fossa fossana,Fossa_fossana,MAMMALIA,0.978483142852742,2,48599.4609223109
pipe,6,6,28.2220994609865,Foudia madagascariensis,Foudia_madagascariensis,AVES,0.999999985491552,52,123316.941768912
pipe,6,6,28.2220994609865,Foudia omissa,Foudia_omissa,AVES,0.999999999970834,17,47598.6588655182
pipe,6,6,28.2220994609865,Gactornis enarratus,Gactornis_enarratus,AVES,0.999999308605544,5,47713.8834945031
pipe,6,6,28.2220994609865,Galidia elegans,Galidia_elegans,MAMMALIA,0.968235456479531,6,49873.3017228595
pipe,6,6,28.2220994609865,Galidictis fasciata,Galidictis_fasciata,MAMMALIA,0,3,4247.07070700451
pipe,6,6,28.2220994609865,Geobiastes squamiger,Geobiastes_squamiger,AVES,0.999647398037644,4,10851.3462353121
pipe,6,6,28.2220994609865,Geogale aurita,Geogale_aurita,MAMMALIA,1,568,30021.8197587212
pipe,6,6,28.2220994609865,Gymnuromys roberti,Gymnuromys_roberti,MAMMALIA,1,149,25336.1587837074
pipe,6,6,28.2220994609865,Haliaeetus vociferoides,Haliaeetus_vociferoides,AVES,0.0115773783592114,1,5133.49426771156
pipe,6,6,28.2220994609865,Hapalemur alaotrensis,Hapalemur_alaotrensis,MAMMALIA,1,51,3448.28356547679
pipe,6,6,28.2220994609865,Hapalemur aureus,Hapalemur_aureus,MAMMALIA,0.999999961735178,20,1584.29859167178
pipe,6,6,28.2220994609865,Hapalemur griseus,Hapalemur_griseus,MAMMALIA,1,266,82536.4708455536
pipe,6,6,28.2220994609865,Hapalemur occidentalis,Hapalemur_occidentalis,MAMMALIA,0.999952883195927,27,887.578960322097
pipe,6,6,28.2220994609865,Hartertula flavoviridis,Hartertula_flavoviridis,AVES,1,41,7815.12171779713
pipe,6,6,28.2220994609865,Hartlaubius auratus,Hartlaubius_auratus,AVES,0.99999935923396,15,85967.2082839096
pipe,6,6,28.2220994609865,Hemicentetes nigriceps,Hemicentetes_nigriceps,MAMMALIA,0.999881108793835,26,1757.19879921369
pipe,6,6,28.2220994609865,Hemicentetes semispinosus,Hemicentetes_semispinosus,MAMMALIA,1,162,65168.7252858642
pipe,6,6,28.2220994609865,Hypogeomys antimena,Hypogeomys_antimena,MAMMALIA,0.133821965614829,5,102.721854711814
pipe,6,6,28.2220994609865,Hypositta corallirostris,Hypositta_corallirostris,AVES,0.999976686047352,13,57201.2721370123
pipe,6,6,28.2220994609865,Indri indri,Indri_indri,MAMMALIA,0.999999999999226,19,60169.8530692013
pipe,6,6,28.2220994609865,Lemur catta,Lemur_catta,MAMMALIA,1,192,21620.7084004876
pipe,6,6,28.2220994609865,Lepidopygia nana,Lepidopygia_nana,AVES,0.999771289445347,87,117490.115266451
pipe,6,6,28.2220994609865,Lepilemur ankaranensis,Lepilemur_ankaranensis,MAMMALIA,0.942459903341432,10,326.317074209937
pipe,6,6,28.2220994609865,Lepilemur edwardsi,Lepilemur_edwardsi,MAMMALIA,1,79,7906.84721116841
pipe,6,6,28.2220994609865,Lepilemur leucopus,Lepilemur_leucopus,MAMMALIA,1,89,19633.7807295533
pipe,6,6,28.2220994609865,Lepilemur microdon,Lepilemur_microdon,MAMMALIA,0.999999999832151,34,3921.6938832626
pipe,6,6,28.2220994609865,Lepilemur mustelinus,Lepilemur_mustelinus,MAMMALIA,1,295,79472.4961154237
pipe,6,6,28.2220994609865,Lepilemur ruficaudatus,Lepilemur_ruficaudatus,MAMMALIA,1,179,13695.0840020931
pipe,6,6,28.2220994609865,Leptopterus chabert,Leptopterus_chabert,AVES,0.999999969999825,32,113446.266834561
pipe,6,6,28.2220994609865,Lophotibis cristata,Lophotibis_cristata,AVES,0.999837984962574,2,81984.9090676157
pipe,6,6,28.2220994609865,Macrotarsomys bastardi,Macrotarsomys_bastardi,MAMMALIA,1,196,7575.12017774741
pipe,6,6,28.2220994609865,Margaroperdix madagarensis,Margaroperdix_madagarensis,AVES,0.999971396244639,2,91213.7763558061
pipe,6,6,28.2220994609865,Mentocrex kioloides,Mentocrex_kioloides,AVES,0.997605309098328,1,32320.2209386243
pipe,6,6,28.2220994609865,Mesitornis unicolor,Mesitornis_unicolor,AVES,0,1,89.8278131379881
pipe,6,6,28.2220994609865,Mesitornis variegatus,Mesitornis_variegatus,AVES,0.998762356934088,4,2807.04549820973
pipe,6,6,28.2220994609865,Microcebus berthae,Microcebus_berthae,MAMMALIA,1.52725564417366e-08,2,16.7952443947329
pipe,6,6,28.2220994609865,Microcebus griseorufus,Microcebus_griseorufus,MAMMALIA,0.995769019106106,14,501.173527921157
pipe,6,6,28.2220994609865,Microcebus murinus,Microcebus_murinus,MAMMALIA,1,1100,81133.7715289159
pipe,6,6,28.2220994609865,Microcebus myoxinus,Microcebus_myoxinus,MAMMALIA,0.999999985349531,71,966.787383996515
pipe,6,6,28.2220994609865,Microcebus ravelobensis,Microcebus_ravelobensis,MAMMALIA,0.778620368188717,11,232.554175002825
pipe,6,6,28.2220994609865,Microcebus rufus,Microcebus_rufus,MAMMALIA,1,925,67012.1549432763
pipe,6,6,28.2220994609865,Microcebus tavaratra,Microcebus_tavaratra,MAMMALIA,0.993488585889862,32,672.049122625756
pipe,6,6,28.2220994609865,Microgale brevicaudata,Microgale_brevicaudata,MAMMALIA,1,625,29455.3829172753
pipe,6,6,28.2220994609865,Microgale cowani,Microgale_cowani,MAMMALIA,1,527,55030.5327628707
pipe,6,6,28.2220994609865,Microgale drouhardi,Microgale_drouhardi,MAMMALIA,1,300,25863.442637949
pipe,6,6,28.2220994609865,Microgale dryas,Microgale_dryas,MAMMALIA,0.8972013977551,46,1322.51851573001
pipe,6,6,28.2220994609865,Microgale fotsifotsy,Microgale_fotsifotsy,MAMMALIA,1,339,29825.8087796647
pipe,6,6,28.2220994609865,Microgale gracilis,Microgale_gracilis,MAMMALIA,0.999999999985971,120,8872.56689979683
pipe,6,6,28.2220994609865,Microgale gymnorhyncha,Microgale_gymnorhyncha,MAMMALIA,1,142,18318.010895944
pipe,6,6,28.2220994609865,Microgale longicaudata,Microgale_longicaudata,MAMMALIA,1,878,60216.8208416415
pipe,6,6,28.2220994609865,Microgale mergulus,Microgale_mergulus,MAMMALIA,0.999999999953696,73,4695.6748957202
pipe,6,6,28.2220994609865,Microgale parvula,Microgale_parvula,MAMMALIA,1,932,60357.196868076
pipe,6,6,28.2220994609865,Microgale principula,Microgale_principula,MAMMALIA,1,566,49039.3281631823
pipe,6,6,28.2220994609865,Microgale pusilla,Microgale_pusilla,MAMMALIA,0.999999998831621,311,16908.3126785496
pipe,6,6,28.2220994609865,Microgale soricoides,Microgale_soricoides,MAMMALIA,1,144,25991.272411015
pipe,6,6,28.2220994609865,Microgale taiva,Microgale_taiva,MAMMALIA,1,301,39670.730921989
pipe,6,6,28.2220994609865,Microgale thomasi,Microgale_thomasi,MAMMALIA,1,104,23615.5196173851
pipe,6,6,28.2220994609865,Mirza coquereli,Mirza_coquereli,MAMMALIA,0.999996831550156,37,2235.53553089558
pipe,6,6,28.2220994609865,Monias benschi,Monias_benschi,AVES,0,1,78.2215661596996
pipe,6,6,28.2220994609865,Monticola erythronotus,Monticola_erythronotus,AVES,0.505764981643122,1,97.497303661992
pipe,6,6,28.2220994609865,Monticola sharpei,Monticola_sharpei,AVES,1,31,90021.0665475341
pipe,6,6,28.2220994609865,Monticolomys koopmani,Monticolomys_koopmani,MAMMALIA,0.132627247638879,5,98.0466375863042
pipe,6,6,28.2220994609865,Motacilla flaviventris,Motacilla_flaviventris,AVES,1,40,10631.5956855491
pipe,6,6,28.2220994609865,Mystacornis crossleyi,Mystacornis_crossleyi,AVES,0.999999999999967,12,44683.6655132916
pipe,6,6,28.2220994609865,Neodrepanis coruscans,Neodrepanis_coruscans,AVES,0.99999859713053,14,28526.1345304832
pipe,6,6,28.2220994609865,Neodrepanis hypoxantha,Neodrepanis_hypoxantha,AVES,0.0211788109146442,3,88.4296056242715
pipe,6,6,28.2220994609865,Neomixis striatigula,Neomixis_striatigula,AVES,0.999999999998333,32,53340.1484051311
pipe,6,6,28.2220994609865,Neomixis tenella,Neomixis_tenella,AVES,1,121,84164.0970864901
pipe,6,6,28.2220994609865,Neomixis viridis,Neomixis_viridis,AVES,1,35,49549.0959042348
pipe,6,6,28.2220994609865,Nesillas lantzii,Nesillas_lantzii,AVES,0.999980170051182,3,2619.51301637646
pipe,6,6,28.2220994609865,Nesogale dobsoni,Nesogale_dobsoni,MAMMALIA,1,332,62984.9309984336
pipe,6,6,28.2220994609865,Nesogale talazaci,Nesogale_talazaci,MAMMALIA,1,240,59283.4472038959
pipe,6,6,28.2220994609865,Nesomys audeberti,Nesomys_audeberti,MAMMALIA,1,107,3863.28552918954
pipe,6,6,28.2220994609865,Nesomys lambertoni,Nesomys_lambertoni,MAMMALIA,0.999932079520741,24,854.128980416666
pipe,6,6,28.2220994609865,Nesomys rufus,Nesomys_rufus,MAMMALIA,1,271,43371.3452879392
pipe,6,6,28.2220994609865,Newtonia amphichroa,Newtonia_amphichroa,AVES,1,16,40492.7438351736
pipe,6,6,28.2220994609865,Newtonia archboldi,Newtonia_archboldi,AVES,0.999963274875267,11,1972.98517980819
pipe,6,6,28.2220994609865,Newtonia brunneicauda,Newtonia_brunneicauda,AVES,1,59,105442.207376569
pipe,6,6,28.2220994609865,Newtonia fanovanae,Newtonia_fanovanae,AVES,0.353055283448799,2,98.220702482002
pipe,6,6,28.2220994609865,Oriolia bernieri,Oriolia_bernieri,AVES,0.999999960948315,14,13108.8040888652
pipe,6,6,28.2220994609865,Oryzorictes hova,Oryzorictes_hova,MAMMALIA,1,293,57871.116178305
pipe,6,6,28.2220994609865,Oryzorictes tetradactylus,Oryzorictes_tetradactylus,MAMMALIA,0.999999999995728,135,7919.83846947376
pipe,6,6,28.2220994609865,Otus rutilus,Otus_rutilus,AVES,0.99999983375452,6,100690.92027545
pipe,6,6,28.2220994609865,Oxylabes madagascariensis,Oxylabes_madagascariensis,AVES,1,18,49671.0435943016
pipe,6,6,28.2220994609865,Phaner electromontis,Phaner_electromontis,MAMMALIA,6.41384153565738e-08,1,17.2483306993491
pipe,6,6,28.2220994609865,Phaner furcifer,Phaner_furcifer,MAMMALIA,0.887905456410234,39,726.476848475258
pipe,6,6,28.2220994609865,Phaner pallescens,Phaner_pallescens,MAMMALIA,0.999999999998845,46,3133.17006371224
pipe,6,6,28.2220994609865,Phaner parienti,Phaner_parienti,MAMMALIA,0.00280017666108179,1,24.4501852478606
pipe,6,6,28.2220994609865,Philepitta castanea,Philepitta_castanea,AVES,0.983185133365202,5,36753.2307420338
pipe,6,6,28.2220994609865,Philepitta schlegeli,Philepitta_schlegeli,AVES,0.988278027030843,13,4271.15978816368
pipe,6,6,28.2220994609865,Ploceus nelicourvi,Ploceus_nelicourvi,AVES,0.999999999982846,11,57085.8842737953
pipe,6,6,28.2220994609865,Ploceus sakalava,Ploceus_sakalava,AVES,0.999999999998703,40,34258.9562775487
pipe,6,6,28.2220994609865,Polyboroides radiatus,Polyboroides_radiatus,AVES,0.998464402299051,1,105384.05808352
pipe,6,6,28.2220994609865,Pseudobias wardi,Pseudobias_wardi,AVES,1,20,39623.9936408436
pipe,6,6,28.2220994609865,Pterocles personatus,Pterocles_personatus,AVES,0.940118142771648,4,6876.15796477548
pipe,6,6,28.2220994609865,Rallus madagascariensis,Rallus_madagascariensis,AVES,0.999999129949134,5,14208.5245256758
pipe,6,6,28.2220994609865,Randia pseudozosterops,Randia_pseudozosterops,AVES,0.999999894185239,16,42185.3610936486
pipe,6,6,28.2220994609865,Sarothrura insularis,Sarothrura_insularis,AVES,0.999950166337837,7,67281.3434423464
pipe,6,6,28.2220994609865,Schetba rufa,Schetba_rufa,AVES,1,27,26302.6258140818
pipe,6,6,28.2220994609865,Setifer setosus,Setifer_setosus,MAMMALIA,1,282,104940.708723134
pipe,6,6,28.2220994609865,Tenrec ecaudatus,Tenrec_ecaudatus,MAMMALIA,1,165,108003.87189972
pipe,6,6,28.2220994609865,Thamnornis chloropetoides,Thamnornis_chloropetoides,AVES,0.99997558627154,5,3291.2059526292
pipe,6,6,28.2220994609865,Treron australis,Treron_australis,AVES,0.996541201194602,2,106269.003456184
pipe,6,6,28.2220994609865,Turnix nigricollis,Turnix_nigricollis,AVES,0.999949121184114,4,116033.768228439
pipe,6,6,28.2220994609865,Tylas eduardi,Tylas_eduardi,AVES,0.999999999904391,7,55668.148009589
pipe,6,6,28.2220994609865,Vanga curvirostris,Vanga_curvirostris,AVES,0.999998203602158,11,114732.342565048
pipe,6,6,28.2220994609865,Varecia rubra,Varecia_rubra,MAMMALIA,1,88,65639.7777378661
pipe,6,6,28.2220994609865,Varecia variegata,Varecia_variegata,MAMMALIA,1,63,65232.5395777178
pipe,6,6,28.2220994609865,Xanthomixis apperti,Xanthomixis_apperti,AVES,0.441311211243701,1,68.4073900828693
pipe,6,6,28.2220994609865,Xanthomixis cinereiceps,Xanthomixis_cinereiceps,AVES,1,20,16444.1613111707
pipe,6,6,28.2220994609865,Xanthomixis zosterops,Xanthomixis_zosterops,AVES,0.999999999999817,24,57369.5648159428
pipe,6,6,28.2220994609865,Xenopirostris damii,Xenopirostris_damii,AVES,0.00179910755944268,1,93.5023436630614
pipe,6,6,28.2220994609865,Xenopirostris polleni,Xenopirostris_polleni,AVES,0.999999958871335,10,16589.3441187849
pipe,6,6,28.2220994609865,Xenopirostris xenopirostris,Xenopirostris_xenopirostris,AVES,0.965058075374104,1,1102.55740261015
pipe,7,7,32.9130272076623,Accipiter henstii,Accipiter_henstii,AVES,0.76527870474319,1,81145.9133266379
pipe,7,7,32.9130272076623,Accipiter madagascariensis,Accipiter_madagascariensis,AVES,0.92288751091324,1,94069.0111341217
pipe,7,7,32.9130272076623,Acrocephalus newtoni,Acrocephalus_newtoni,AVES,1,41,90589.9979520098
pipe,7,7,32.9130272076623,Alectroenas madagascariensis,Alectroenas_madagascariensis,AVES,0.998328188157882,6,62064.3803750995
pipe,7,7,32.9130272076623,Allocebus trichotis,Allocebus_trichotis,MAMMALIA,0.0078347349602923,3,72.1001097191941
pipe,7,7,32.9130272076623,Anas bernieri,Anas_bernieri,AVES,0,0,0
pipe,7,7,32.9130272076623,Apus balstoni,Apus_balstoni,AVES,0.999999960096135,9,84027.2461472977
pipe,7,7,32.9130272076623,Artamella viridis,Artamella_viridis,AVES,0.999999999993958,14,97978.7342394677
pipe,7,7,32.9130272076623,Asio madagascariensis,Asio_madagascariensis,AVES,0.878146272971411,2,69289.7624532431
pipe,7,7,32.9130272076623,Atelornis crossleyi,Atelornis_crossleyi,AVES,0.999998692314295,6,11369.3735449732
pipe,7,7,32.9130272076623,Atelornis pittoides,Atelornis_pittoides,AVES,0.999725753993594,3,40876.0513156309
pipe,7,7,32.9130272076623,Athene superciliaris,Athene_superciliaris,AVES,0.999502652142775,3,64752.2762986532
pipe,7,7,32.9130272076623,Avahi laniger,Avahi_laniger,MAMMALIA,1,120,33539.3812268168
pipe,7,7,32.9130272076623,Avahi occidentalis,Avahi_occidentalis,MAMMALIA,0.996177513146535,3,617.947951280703
pipe,7,7,32.9130272076623,Aviceda madagascariensis,Aviceda_madagascariensis,AVES,0.974302911257234,1,96825.3185690619
pipe,7,7,32.9130272076623,Bernieria madagascariensis,Bernieria_madagascariensis,AVES,0.999999999999993,25,82573.8626839328
pipe,7,7,32.9130272076623,Brachypteracias leptosomus,Brachypteracias_leptosomus,AVES,0.999761534884151,1,36190.4627011921
pipe,7,7,32.9130272076623,Brachytarsomys albicauda,Brachytarsomys_albicauda,MAMMALIA,0.999999986114382,46,1724.25881065628
pipe,7,7,32.9130272076623,Brachyuromys betsileoensis,Brachyuromys_betsileoensis,MAMMALIA,1,98,11951.8170908009
pipe,7,7,32.9130272076623,Brachyuromys ramirohitra,Brachyuromys_ramirohitra,MAMMALIA,0.655414845690046,2,90.5857082152948
pipe,7,7,32.9130272076623,Bradypterus brunneus,Bradypterus_brunneus,AVES,1,41,11856.2090054463
pipe,7,7,32.9130272076623,Bradypterus seebohmi,Bradypterus_seebohmi,AVES,0.452718233996164,1,71.7493427546058
pipe,7,7,32.9130272076623,Buteo brachypterus,Buteo_brachypterus,AVES,0.86347018508699,1,108368.071895245
pipe,7,7,32.9130272076623,Calicalicus madagascariensis,Calicalicus_madagascariensis,AVES,1,44,83071.2031783286
pipe,7,7,32.9130272076623,Cheirogaleus crossleyi,Cheirogaleus_crossleyi,MAMMALIA,1,87,5313.2268520697
pipe,7,7,32.9130272076623,Cheirogaleus major,Cheirogaleus_major,MAMMALIA,1,296,62665.6258396855
pipe,7,7,32.9130272076623,Cheirogaleus medius,Cheirogaleus_medius,MAMMALIA,1,712,44562.7563389861
pipe,7,7,32.9130272076623,Cinnyris notatus,Cinnyris_notatus,AVES,1,62,90450.8466590082
pipe,7,7,32.9130272076623,Copsychus albospecularis,Copsychus_albospecularis,AVES,0.999989461322212,12,51515.2103612362
pipe,7,7,32.9130272076623,Coracopsis nigra,Coracopsis_nigra,AVES,0.995327624725859,3,97761.9425016869
pipe,7,7,32.9130272076623,Corythornis madagascariensis,Corythornis_madagascariensis,AVES,0.897670711315383,7,82925.6146692773
pipe,7,7,32.9130272076623,Coua caerulea,Coua_caerulea,AVES,0.999919536449877,6,42157.3319282688
pipe,7,7,32.9130272076623,Coua coquereli,Coua_coquereli,AVES,0.999988776317932,3,22668.2121736555
pipe,7,7,32.9130272076623,Coua cristata,Coua_cristata,AVES,0.999998213665127,6,76019.8348969922
pipe,7,7,32.9130272076623,Coua cursor,Coua_cursor,AVES,0.999677359699481,2,16430.7965525676
pipe,7,7,32.9130272076623,Coua gigas,Coua_gigas,AVES,0.999803668892282,1,25386.0549407092
pipe,7,7,32.9130272076623,Coua reynaudii,Coua_reynaudii,AVES,0.999868846835264,4,35964.6219427865
pipe,7,7,32.9130272076623,Coua ruficeps,Coua_ruficeps,AVES,0.959346120072291,3,1327.28580644745
pipe,7,7,32.9130272076623,Coua serriana,Coua_serriana,AVES,0.991074247930806,1,31115.7830879887
pipe,7,7,32.9130272076623,Crossleyia xanthophrys,Crossleyia_xanthophrys,AVES,1,41,3889.24736457212
pipe,7,7,32.9130272076623,Cryptoprocta ferox,Cryptoprocta_ferox,MAMMALIA,0.0704722846506246,3,31382.0255183108
pipe,7,7,32.9130272076623,Cryptosylvicola randrianasoloi,Cryptosylvicola_randrianasoloi,AVES,1,38,5649.95951368894
pipe,7,7,32.9130272076623,Cyanolanius madagascarinus,Cyanolanius_madagascarinus,AVES,1,32,89429.1517156135
pipe,7,7,32.9130272076623,Daubentonia madagascariensis,Daubentonia_madagascariensis,MAMMALIA,1,88,30982.5598543452
pipe,7,7,32.9130272076623,Echinops telfairi,Echinops_telfairi,MAMMALIA,1,353,44309.3908867972
pipe,7,7,32.9130272076623,Eliurus antsingy,Eliurus_antsingy,MAMMALIA,0.0133748649074149,5,69.3900821470956
pipe,7,7,32.9130272076623,Eliurus grandidieri,Eliurus_grandidieri,MAMMALIA,0.999640446063556,25,909.062290056589
pipe,7,7,32.9130272076623,Eliurus majori,Eliurus_majori,MAMMALIA,1,245,41000.0059571846
pipe,7,7,32.9130272076623,Eliurus minor,Eliurus_minor,MAMMALIA,1,896,68799.9363224377
pipe,7,7,32.9130272076623,Eliurus myoxinus,Eliurus_myoxinus,MAMMALIA,1,746,72201.4320440652
pipe,7,7,32.9130272076623,Eliurus tanala,Eliurus_tanala,MAMMALIA,1,374,43491.6103124968
pipe,7,7,32.9130272076623,Eliurus webbi,Eliurus_webbi,MAMMALIA,1,448,57856.7877305272
pipe,7,7,32.9130272076623,Eremopterix hova,Eremopterix_hova,AVES,0.999997371897684,24,3139.54003010577
pipe,7,7,32.9130272076623,Eulemur albifrons,Eulemur_albifrons,MAMMALIA,1,82,18120.9650408123
pipe,7,7,32.9130272076623,Eulemur cinereiceps,Eulemur_cinereiceps,MAMMALIA,1,252,83311.9535187773
pipe,7,7,32.9130272076623,Eulemur collaris,Eulemur_collaris,MAMMALIA,1,204,82843.1889816919
pipe,7,7,32.9130272076623,Eulemur coronatus,Eulemur_coronatus,MAMMALIA,1,253,24048.6559783099
pipe,7,7,32.9130272076623,Eulemur flavifrons,Eulemur_flavifrons,MAMMALIA,0.000213248908682684,1,25.074716512655
pipe,7,7,32.9130272076623,Eulemur fulvus,Eulemur_fulvus,MAMMALIA,1,230,83487.4446922466
pipe,7,7,32.9130272076623,Eulemur macaco,Eulemur_macaco,MAMMALIA,1,78,34000.5501734217
pipe,7,7,32.9130272076623,Eulemur mongoz,Eulemur_mongoz,MAMMALIA,0.999999566705148,24,1797.83336016671
pipe,7,7,32.9130272076623,Eulemur rubriventer,Eulemur_rubriventer,MAMMALIA,1,309,70314.7176372209
pipe,7,7,32.9130272076623,Eulemur rufus,Eulemur_rufus,MAMMALIA,1,213,38406.0562664964
pipe,7,7,32.9130272076623,Eulemur sanfordi,Eulemur_sanfordi,MAMMALIA,1,283,83632.0159102844
pipe,7,7,32.9130272076623,Euryceros prevostii,Euryceros_prevostii,AVES,0.998999571455012,3,2837.05015201021
pipe,7,7,32.9130272076623,Falco zoniventris,Falco_zoniventris,AVES,0.927271327735491,1,67699.2945660619
pipe,7,7,32.9130272076623,Falculea palliata,Falculea_palliata,AVES,0.999999999999399,11,23239.4201939899
pipe,7,7,32.9130272076623,Fossa fossana,Fossa_fossana,MAMMALIA,0.978483142852742,2,48599.4609223109
pipe,7,7,32.9130272076623,Foudia madagascariensis,Foudia_madagascariensis,AVES,0.999999939269136,56,116724.971121021
pipe,7,7,32.9130272076623,Foudia omissa,Foudia_omissa,AVES,0.999999999981952,21,46744.8921224807
pipe,7,7,32.9130272076623,Gactornis enarratus,Gactornis_enarratus,AVES,0.999999233849466,5,46933.6129349196
pipe,7,7,32.9130272076623,Galidia elegans,Galidia_elegans,MAMMALIA,0.968235456479531,6,49544.7795755114
pipe,7,7,32.9130272076623,Galidictis fasciata,Galidictis_fasciata,MAMMALIA,0,3,4247.07070700451
pipe,7,7,32.9130272076623,Geobiastes squamiger,Geobiastes_squamiger,AVES,0.999617166386497,4,10684.7331345952
pipe,7,7,32.9130272076623,Geogale aurita,Geogale_aurita,MAMMALIA,1,496,27076.9896175431
pipe,7,7,32.9130272076623,Gymnuromys roberti,Gymnuromys_roberti,MAMMALIA,1,131,25044.895291289
pipe,7,7,32.9130272076623,Haliaeetus vociferoides,Haliaeetus_vociferoides,AVES,0.0115773783592114,1,5133.49426771156
pipe,7,7,32.9130272076623,Hapalemur alaotrensis,Hapalemur_alaotrensis,MAMMALIA,1,51,3448.28356547679
pipe,7,7,32.9130272076623,Hapalemur aureus,Hapalemur_aureus,MAMMALIA,0.99999995847237,19,1563.53348564634
pipe,7,7,32.9130272076623,Hapalemur griseus,Hapalemur_griseus,MAMMALIA,1,260,80417.1082044533
pipe,7,7,32.9130272076623,Hapalemur occidentalis,Hapalemur_occidentalis,MAMMALIA,0.999932284217748,27,868.751462579048
pipe,7,7,32.9130272076623,Hartertula flavoviridis,Hartertula_flavoviridis,AVES,1,40,7702.82278424273
pipe,7,7,32.9130272076623,Hartlaubius auratus,Hartlaubius_auratus,AVES,0.99999999942875,17,83763.3117241093
pipe,7,7,32.9130272076623,Hemicentetes nigriceps,Hemicentetes_nigriceps,MAMMALIA,0.999819586544987,24,1678.26441705794
pipe,7,7,32.9130272076623,Hemicentetes semispinosus,Hemicentetes_semispinosus,MAMMALIA,1,165,64112.4065608281
pipe,7,7,32.9130272076623,Hypogeomys antimena,Hypogeomys_antimena,MAMMALIA,0.133821965614829,4,93.1612903583482
pipe,7,7,32.9130272076623,Hypositta corallirostris,Hypositta_corallirostris,AVES,0.999975424000986,14,56072.4498320844
pipe,7,7,32.9130272076623,Indri indri,Indri_indri,MAMMALIA,0.999999999999345,22,59204.6002089882
pipe,7,7,32.9130272076623,Lemur catta,Lemur_catta,MAMMALIA,1,163,18442.5092828508
pipe,7,7,32.9130272076623,Lepidopygia nana,Lepidopygia_nana,AVES,0.999948935519208,93,111892.113674129
pipe,7,7,32.9130272076623,Lepilemur ankaranensis,Lepilemur_ankaranensis,MAMMALIA,0.942459903341432,10,326.317074209937
pipe,7,7,32.9130272076623,Lepilemur edwardsi,Lepilemur_edwardsi,MAMMALIA,1,69,7552.68549050675
pipe,7,7,32.9130272076623,Lepilemur leucopus,Lepilemur_leucopus,MAMMALIA,1,76,16210.0213055873
pipe,7,7,32.9130272076623,Lepilemur microdon,Lepilemur_microdon,MAMMALIA,0.999999999763465,32,3786.01364124332
pipe,7,7,32.9130272076623,Lepilemur mustelinus,Lepilemur_mustelinus,MAMMALIA,1,263,75070.8064371508
pipe,7,7,32.9130272076623,Lepilemur ruficaudatus,Lepilemur_ruficaudatus,MAMMALIA,1,154,11873.5227694528
pipe,7,7,32.9130272076623,Leptopterus chabert,Leptopterus_chabert,AVES,0.999999940123861,37,109328.921749273
pipe,7,7,32.9130272076623,Lophotibis cristata,Lophotibis_cristata,AVES,0.999833500447369,2,80823.0638018169
pipe,7,7,32.9130272076623,Macrotarsomys bastardi,Macrotarsomys_bastardi,MAMMALIA,1,166,6616.28886052942
pipe,7,7,32.9130272076623,Margaroperdix madagarensis,Margaroperdix_madagarensis,AVES,0.999997617261833,4,85050.7341062974
pipe,7,7,32.9130272076623,Mentocrex kioloides,Mentocrex_kioloides,AVES,0.997550546157247,1,31828.3107872445
pipe,7,7,32.9130272076623,Mesitornis unicolor,Mesitornis_unicolor,AVES,0,1,89.8278131379881
pipe,7,7,32.9130272076623,Mesitornis variegatus,Mesitornis_variegatus,AVES,0.998721172425563,4,2783.80263434159
pipe,7,7,32.9130272076623,Microcebus berthae,Microcebus_berthae,MAMMALIA,1.52725564417366e-08,2,16.7952443947329
pipe,7,7,32.9130272076623,Microcebus griseorufus,Microcebus_griseorufus,MAMMALIA,0.995766900373794,13,484.502876857873
pipe,7,7,32.9130272076623,Microcebus murinus,Microcebus_murinus,MAMMALIA,1,955,74892.7212313049
pipe,7,7,32.9130272076623,Microcebus myoxinus,Microcebus_myoxinus,MAMMALIA,0.999999984228967,70,963.13716894955
pipe,7,7,32.9130272076623,Microcebus ravelobensis,Microcebus_ravelobensis,MAMMALIA,0.778620368188717,11,232.554175002825
pipe,7,7,32.9130272076623,Microcebus rufus,Microcebus_rufus,MAMMALIA,1,742,65294.1555012434
pipe,7,7,32.9130272076623,Microcebus tavaratra,Microcebus_tavaratra,MAMMALIA,0.993488585889862,30,660.265351119552
pipe,7,7,32.9130272076623,Microgale brevicaudata,Microgale_brevicaudata,MAMMALIA,1,562,27559.1609636901
pipe,7,7,32.9130272076623,Microgale cowani,Microgale_cowani,MAMMALIA,1,434,53685.7932674453
pipe,7,7,32.9130272076623,Microgale drouhardi,Microgale_drouhardi,MAMMALIA,1,290,25567.4605918677
pipe,7,7,32.9130272076623,Microgale dryas,Microgale_dryas,MAMMALIA,0.897201397748361,47,1315.65322910508
pipe,7,7,32.9130272076623,Microgale fotsifotsy,Microgale_fotsifotsy,MAMMALIA,1,305,29343.0678683078
pipe,7,7,32.9130272076623,Microgale gracilis,Microgale_gracilis,MAMMALIA,0.999999999984327,115,8696.3350575112
pipe,7,7,32.9130272076623,Microgale gymnorhyncha,Microgale_gymnorhyncha,MAMMALIA,1,117,17929.6866747833
pipe,7,7,32.9130272076623,Microgale longicaudata,Microgale_longicaudata,MAMMALIA,1,725,59050.5488404968
pipe,7,7,32.9130272076623,Microgale mergulus,Microgale_mergulus,MAMMALIA,0.99999999991935,71,4614.86006843535
pipe,7,7,32.9130272076623,Microgale parvula,Microgale_parvula,MAMMALIA,1,759,59300.8539731356
pipe,7,7,32.9130272076623,Microgale principula,Microgale_principula,MAMMALIA,1,525,48625.239600414
pipe,7,7,32.9130272076623,Microgale pusilla,Microgale_pusilla,MAMMALIA,0.999999998789165,283,16727.2762042658
pipe,7,7,32.9130272076623,Microgale soricoides,Microgale_soricoides,MAMMALIA,1,119,25637.175000587
pipe,7,7,32.9130272076623,Microgale taiva,Microgale_taiva,MAMMALIA,1,273,39292.1061135981
pipe,7,7,32.9130272076623,Microgale thomasi,Microgale_thomasi,MAMMALIA,1,100,23476.558253364
pipe,7,7,32.9130272076623,Mirza coquereli,Mirza_coquereli,MAMMALIA,0.999996786449683,33,2160.7338679689
pipe,7,7,32.9130272076623,Monias benschi,Monias_benschi,AVES,0,1,78.2215661596996
pipe,7,7,32.9130272076623,Monticola erythronotus,Monticola_erythronotus,AVES,0.505764981643122,1,97.497303661992
pipe,7,7,32.9130272076623,Monticola sharpei,Monticola_sharpei,AVES,1,34,84673.4295506502
pipe,7,7,32.9130272076623,Monticolomys koopmani,Monticolomys_koopmani,MAMMALIA,0.132627247638879,5,98.0466375863042
pipe,7,7,32.9130272076623,Motacilla flaviventris,Motacilla_flaviventris,AVES,1,36,9813.82931902141
pipe,7,7,32.9130272076623,Mystacornis crossleyi,Mystacornis_crossleyi,AVES,0.999999999999958,12,43967.7850335496
pipe,7,7,32.9130272076623,Neodrepanis coruscans,Neodrepanis_coruscans,AVES,0.999998506399139,14,28113.9918076348
pipe,7,7,32.9130272076623,Neodrepanis hypoxantha,Neodrepanis_hypoxantha,AVES,0.0211788109146442,3,88.4296056242715
pipe,7,7,32.9130272076623,Neomixis striatigula,Neomixis_striatigula,AVES,0.999999999999391,37,52246.5390516354
pipe,7,7,32.9130272076623,Neomixis tenella,Neomixis_tenella,AVES,1,117,81625.2948748381
pipe,7,7,32.9130272076623,Neomixis viridis,Neomixis_viridis,AVES,0.999999999999993,35,48660.4275904081
pipe,7,7,32.9130272076623,Nesillas lantzii,Nesillas_lantzii,AVES,0.999978415536205,3,2594.41750693177
pipe,7,7,32.9130272076623,Nesogale dobsoni,Nesogale_dobsoni,MAMMALIA,1,291,61679.1021158497
pipe,7,7,32.9130272076623,Nesogale talazaci,Nesogale_talazaci,MAMMALIA,1,237,58409.5314291108
pipe,7,7,32.9130272076623,Nesomys audeberti,Nesomys_audeberti,MAMMALIA,1,102,3806.05355643625
pipe,7,7,32.9130272076623,Nesomys lambertoni,Nesomys_lambertoni,MAMMALIA,0.999919255854397,24,845.05341483995
pipe,7,7,32.9130272076623,Nesomys rufus,Nesomys_rufus,MAMMALIA,1,277,42965.5251085993
pipe,7,7,32.9130272076623,Newtonia amphichroa,Newtonia_amphichroa,AVES,1,16,39875.8292221931
pipe,7,7,32.9130272076623,Newtonia archboldi,Newtonia_archboldi,AVES,0.999955706405345,11,1932.26968330133
pipe,7,7,32.9130272076623,Newtonia brunneicauda,Newtonia_brunneicauda,AVES,1,65,101852.852527962
pipe,7,7,32.9130272076623,Newtonia fanovanae,Newtonia_fanovanae,AVES,0.353055283448799,2,98.220702482002
pipe,7,7,32.9130272076623,Oriolia bernieri,Oriolia_bernieri,AVES,0.999999956382956,14,12795.3732098619
pipe,7,7,32.9130272076623,Oryzorictes hova,Oryzorictes_hova,MAMMALIA,1,287,57186.0328065456
pipe,7,7,32.9130272076623,Oryzorictes tetradactylus,Oryzorictes_tetradactylus,MAMMALIA,0.999999999991586,116,7579.46904088199
pipe,7,7,32.9130272076623,Otus rutilus,Otus_rutilus,AVES,0.999999787765483,5,96876.6492615359
pipe,7,7,32.9130272076623,Oxylabes madagascariensis,Oxylabes_madagascariensis,AVES,1,20,48768.3967319117
pipe,7,7,32.9130272076623,Phaner electromontis,Phaner_electromontis,MAMMALIA,6.41384153565738e-08,1,17.2483306993491
pipe,7,7,32.9130272076623,Phaner furcifer,Phaner_furcifer,MAMMALIA,0.887904765191739,34,686.188393407905
pipe,7,7,32.9130272076623,Phaner pallescens,Phaner_pallescens,MAMMALIA,0.999999999998475,41,2991.33363314581
pipe,7,7,32.9130272076623,Phaner parienti,Phaner_parienti,MAMMALIA,0.00280017666108179,1,24.4501852478606
pipe,7,7,32.9130272076623,Philepitta castanea,Philepitta_castanea,AVES,0.982968564590619,5,36189.7086684397
pipe,7,7,32.9130272076623,Philepitta schlegeli,Philepitta_schlegeli,AVES,0.988278027030843,13,4271.15978816368
pipe,7,7,32.9130272076623,Ploceus nelicourvi,Ploceus_nelicourvi,AVES,0.999999999962509,13,56193.76978182
pipe,7,7,32.9130272076623,Ploceus sakalava,Ploceus_sakalava,AVES,0.999999999990775,45,30663.2331196908
pipe,7,7,32.9130272076623,Polyboroides radiatus,Polyboroides_radiatus,AVES,0.998293797156683,1,98921.0539044142
pipe,7,7,32.9130272076623,Pseudobias wardi,Pseudobias_wardi,AVES,1,21,38929.2463254974
pipe,7,7,32.9130272076623,Pterocles personatus,Pterocles_personatus,AVES,0.940118142771648,4,6876.15796477548
pipe,7,7,32.9130272076623,Rallus madagascariensis,Rallus_madagascariensis,AVES,0.999998867214041,5,13929.4768892669
pipe,7,7,32.9130272076623,Randia pseudozosterops,Randia_pseudozosterops,AVES,0.999999840738669,18,41501.5092940553
pipe,7,7,32.9130272076623,Sarothrura insularis,Sarothrura_insularis,AVES,0.999947152837127,8,65651.9316715747
pipe,7,7,32.9130272076623,Schetba rufa,Schetba_rufa,AVES,1,27,25340.7856190156
pipe,7,7,32.9130272076623,Setifer setosus,Setifer_setosus,MAMMALIA,1,264,100205.149949421
pipe,7,7,32.9130272076623,Tenrec ecaudatus,Tenrec_ecaudatus,MAMMALIA,1,166,102644.720670765
pipe,7,7,32.9130272076623,Thamnornis chloropetoides,Thamnornis_chloropetoides,AVES,0.999974500565231,5,3218.31668215822
pipe,7,7,32.9130272076623,Treron australis,Treron_australis,AVES,0.996219191309516,2,98851.0099333386
pipe,7,7,32.9130272076623,Turnix nigricollis,Turnix_nigricollis,AVES,0.999991464749401,5,107357.961380732
pipe,7,7,32.9130272076623,Tylas eduardi,Tylas_eduardi,AVES,0.999999999877364,8,54726.632561264
pipe,7,7,32.9130272076623,Vanga curvirostris,Vanga_curvirostris,AVES,0.999997767556915,8,109947.259964114
pipe,7,7,32.9130272076623,Varecia rubra,Varecia_rubra,MAMMALIA,1,90,63935.0395599413
pipe,7,7,32.9130272076623,Varecia variegata,Varecia_variegata,MAMMALIA,1,64,63528.3584857357
pipe,7,7,32.9130272076623,Xanthomixis apperti,Xanthomixis_apperti,AVES,0.441311211243701,1,68.4073900828693
pipe,7,7,32.9130272076623,Xanthomixis cinereiceps,Xanthomixis_cinereiceps,AVES,1,19,16222.7351964889
pipe,7,7,32.9130272076623,Xanthomixis zosterops,Xanthomixis_zosterops,AVES,0.999999999999619,25,56418.873182549
pipe,7,7,32.9130272076623,Xenopirostris damii,Xenopirostris_damii,AVES,0.00179910755944268,1,93.5023436630614
pipe,7,7,32.9130272076623,Xenopirostris polleni,Xenopirostris_polleni,AVES,0.999999955434017,10,16265.4059026241
pipe,7,7,32.9130272076623,Xenopirostris xenopirostris,Xenopirostris_xenopirostris,AVES,0.965058075374104,1,1102.55740261015
pipe,8,8,37.603063945369,Accipiter henstii,Accipiter_henstii,AVES,0.765025528678177,1,81035.9962344405
pipe,8,8,37.603063945369,Accipiter madagascariensis,Accipiter_madagascariensis,AVES,0.91744709988408,1,87868.3375225359
pipe,8,8,37.603063945369,Acrocephalus newtoni,Acrocephalus_newtoni,AVES,1,46,88867.2150645311
pipe,8,8,37.603063945369,Alectroenas madagascariensis,Alectroenas_madagascariensis,AVES,0.998283384830443,6,61105.0636973229
pipe,8,8,37.603063945369,Allocebus trichotis,Allocebus_trichotis,MAMMALIA,0.0078347349602923,3,72.1001097191941
pipe,8,8,37.603063945369,Anas bernieri,Anas_bernieri,AVES,0,0,0
pipe,8,8,37.603063945369,Apus balstoni,Apus_balstoni,AVES,0.99999999988042,12,82571.6528398427
pipe,8,8,37.603063945369,Artamella viridis,Artamella_viridis,AVES,0.999999999999987,17,93261.2586571474
pipe,8,8,37.603063945369,Asio madagascariensis,Asio_madagascariensis,AVES,0.875271015032593,2,67277.2892277978
pipe,8,8,37.603063945369,Atelornis crossleyi,Atelornis_crossleyi,AVES,0.999998686083362,6,11349.834841641
pipe,8,8,37.603063945369,Atelornis pittoides,Atelornis_pittoides,AVES,0.999722535956041,3,40589.9013641229
pipe,8,8,37.603063945369,Athene superciliaris,Athene_superciliaris,AVES,0.999405746409068,2,58056.7750050415
pipe,8,8,37.603063945369,Avahi laniger,Avahi_laniger,MAMMALIA,1,121,33297.9549002683
pipe,8,8,37.603063945369,Avahi occidentalis,Avahi_occidentalis,MAMMALIA,0.996177513146535,3,617.947951280703
pipe,8,8,37.603063945369,Aviceda madagascariensis,Aviceda_madagascariensis,AVES,0.971849646710778,1,90095.9536990826
pipe,8,8,37.603063945369,Bernieria madagascariensis,Bernieria_madagascariensis,AVES,0.999999999999985,32,81277.8647283954
pipe,8,8,37.603063945369,Brachypteracias leptosomus,Brachypteracias_leptosomus,AVES,0.999759362771605,1,36011.2716112108
pipe,8,8,37.603063945369,Brachytarsomys albicauda,Brachytarsomys_albicauda,MAMMALIA,0.999999986113697,43,1700.25746110397
pipe,8,8,37.603063945369,Brachyuromys betsileoensis,Brachyuromys_betsileoensis,MAMMALIA,1,87,11797.0819069556
pipe,8,8,37.603063945369,Brachyuromys ramirohitra,Brachyuromys_ramirohitra,MAMMALIA,0.655414845690046,2,90.5857082152948
pipe,8,8,37.603063945369,Bradypterus brunneus,Bradypterus_brunneus,AVES,1,40,11740.8918665965
pipe,8,8,37.603063945369,Bradypterus seebohmi,Bradypterus_seebohmi,AVES,0.452718233996164,1,71.7493427546058
pipe,8,8,37.603063945369,Buteo brachypterus,Buteo_brachypterus,AVES,0.857573381102215,1,103285.962209507
pipe,8,8,37.603063945369,Calicalicus madagascariensis,Calicalicus_madagascariensis,AVES,1,46,81687.2998062895
pipe,8,8,37.603063945369,Cheirogaleus crossleyi,Cheirogaleus_crossleyi,MAMMALIA,1,84,5260.85145968102
pipe,8,8,37.603063945369,Cheirogaleus major,Cheirogaleus_major,MAMMALIA,1,270,61960.2151769066
pipe,8,8,37.603063945369,Cheirogaleus medius,Cheirogaleus_medius,MAMMALIA,1,633,38747.5269191492
pipe,8,8,37.603063945369,Cinnyris notatus,Cinnyris_notatus,AVES,1,65,88716.5308203155
pipe,8,8,37.603063945369,Copsychus albospecularis,Copsychus_albospecularis,AVES,0.999986619156794,12,51001.5430641558
pipe,8,8,37.603063945369,Coracopsis nigra,Coracopsis_nigra,AVES,0.995041371086079,3,92620.4663956836
pipe,8,8,37.603063945369,Corythornis madagascariensis,Corythornis_madagascariensis,AVES,0.8960900510777,8,81406.6276476659
pipe,8,8,37.603063945369,Coua caerulea,Coua_caerulea,AVES,0.999917979235961,6,41865.9472530522
pipe,8,8,37.603063945369,Coua coquereli,Coua_coquereli,AVES,0.999976329691272,3,20973.8592075618
pipe,8,8,37.603063945369,Coua cristata,Coua_cristata,AVES,0.99999782654233,7,72834.026739919
pipe,8,8,37.603063945369,Coua cursor,Coua_cursor,AVES,0.99930782203405,2,11592.0236331309
pipe,8,8,37.603063945369,Coua gigas,Coua_gigas,AVES,0.999748499423301,1,22569.099491017
pipe,8,8,37.603063945369,Coua reynaudii,Coua_reynaudii,AVES,0.999838786330403,4,35706.4251051867
pipe,8,8,37.603063945369,Coua ruficeps,Coua_ruficeps,AVES,0.959346120072291,3,1327.28580644745
pipe,8,8,37.603063945369,Coua serriana,Coua_serriana,AVES,0.991051777674036,1,31053.6950687844
pipe,8,8,37.603063945369,Crossleyia xanthophrys,Crossleyia_xanthophrys,AVES,1,38,3832.81171680931
pipe,8,8,37.603063945369,Cryptoprocta ferox,Cryptoprocta_ferox,MAMMALIA,0.0704722846506246,3,31358.4746893274
pipe,8,8,37.603063945369,Cryptosylvicola randrianasoloi,Cryptosylvicola_randrianasoloi,AVES,1,36,5621.6843035018
pipe,8,8,37.603063945369,Cyanolanius madagascarinus,Cyanolanius_madagascarinus,AVES,1,36,87694.0094892493
pipe,8,8,37.603063945369,Daubentonia madagascariensis,Daubentonia_madagascariensis,MAMMALIA,1,91,30388.8166953337
pipe,8,8,37.603063945369,Echinops telfairi,Echinops_telfairi,MAMMALIA,1,330,38044.5703462669
pipe,8,8,37.603063945369,Eliurus antsingy,Eliurus_antsingy,MAMMALIA,0.0133748649074149,5,69.3900821470956
pipe,8,8,37.603063945369,Eliurus grandidieri,Eliurus_grandidieri,MAMMALIA,0.999640446063556,24,901.520020315635
pipe,8,8,37.603063945369,Eliurus majori,Eliurus_majori,MAMMALIA,1,202,40496.6552276937
pipe,8,8,37.603063945369,Eliurus minor,Eliurus_minor,MAMMALIA,1,748,67818.1642009579
pipe,8,8,37.603063945369,Eliurus myoxinus,Eliurus_myoxinus,MAMMALIA,1,647,67385.5397527293
pipe,8,8,37.603063945369,Eliurus tanala,Eliurus_tanala,MAMMALIA,1,303,42768.6816747468
pipe,8,8,37.603063945369,Eliurus webbi,Eliurus_webbi,MAMMALIA,1,371,57115.3108797462
pipe,8,8,37.603063945369,Eremopterix hova,Eremopterix_hova,AVES,0.999996327251705,23,3025.04035581331
pipe,8,8,37.603063945369,Eulemur albifrons,Eulemur_albifrons,MAMMALIA,1,75,17895.6870733634
pipe,8,8,37.603063945369,Eulemur cinereiceps,Eulemur_cinereiceps,MAMMALIA,1,249,81889.960080777
pipe,8,8,37.603063945369,Eulemur collaris,Eulemur_collaris,MAMMALIA,1,202,81390.0107729685
pipe,8,8,37.603063945369,Eulemur coronatus,Eulemur_coronatus,MAMMALIA,1,238,23468.1009089399
pipe,8,8,37.603063945369,Eulemur flavifrons,Eulemur_flavifrons,MAMMALIA,0.000213248908682684,1,25.074716512655
pipe,8,8,37.603063945369,Eulemur fulvus,Eulemur_fulvus,MAMMALIA,1,227,82015.0778182902
pipe,8,8,37.603063945369,Eulemur macaco,Eulemur_macaco,MAMMALIA,1,79,33561.3370268937
pipe,8,8,37.603063945369,Eulemur mongoz,Eulemur_mongoz,MAMMALIA,0.99999946821177,24,1740.68502367302
pipe,8,8,37.603063945369,Eulemur rubriventer,Eulemur_rubriventer,MAMMALIA,1,287,69169.5482831505
pipe,8,8,37.603063945369,Eulemur rufus,Eulemur_rufus,MAMMALIA,1,202,36333.0257584688
pipe,8,8,37.603063945369,Eulemur sanfordi,Eulemur_sanfordi,MAMMALIA,1,271,82120.5578234363
pipe,8,8,37.603063945369,Euryceros prevostii,Euryceros_prevostii,AVES,0.998999571455012,3,2837.05015201021
pipe,8,8,37.603063945369,Falco zoniventris,Falco_zoniventris,AVES,0.924028254925131,1,64804.1561987524
pipe,8,8,37.603063945369,Falculea palliata,Falculea_palliata,AVES,0.999999999997318,11,20132.7782093317
pipe,8,8,37.603063945369,Fossa fossana,Fossa_fossana,MAMMALIA,0.978483142852742,2,48599.4609223109
pipe,8,8,37.603063945369,Foudia madagascariensis,Foudia_madagascariensis,AVES,0.999999985085581,59,109158.642841691
pipe,8,8,37.603063945369,Foudia omissa,Foudia_omissa,AVES,0.999999999964723,23,46337.1680351146
pipe,8,8,37.603063945369,Gactornis enarratus,Gactornis_enarratus,AVES,0.999999019403981,4,46528.2239748029
pipe,8,8,37.603063945369,Galidia elegans,Galidia_elegans,MAMMALIA,0.968235456479531,6,49140.519982556
pipe,8,8,37.603063945369,Galidictis fasciata,Galidictis_fasciata,MAMMALIA,0,3,4247.07070700451
pipe,8,8,37.603063945369,Geobiastes squamiger,Geobiastes_squamiger,AVES,0.999613859362225,4,10668.8527299716
pipe,8,8,37.603063945369,Geogale aurita,Geogale_aurita,MAMMALIA,1,431,24990.5165233025
pipe,8,8,37.603063945369,Gymnuromys roberti,Gymnuromys_roberti,MAMMALIA,1,114,24884.4187535423
pipe,8,8,37.603063945369,Haliaeetus vociferoides,Haliaeetus_vociferoides,AVES,0.0115773783592114,1,5133.49426771156
pipe,8,8,37.603063945369,Hapalemur alaotrensis,Hapalemur_alaotrensis,MAMMALIA,1,51,3447.73646027897
pipe,8,8,37.603063945369,Hapalemur aureus,Hapalemur_aureus,MAMMALIA,0.999999957957659,19,1555.81867714459
pipe,8,8,37.603063945369,Hapalemur griseus,Hapalemur_griseus,MAMMALIA,1,261,79134.0221437132
pipe,8,8,37.603063945369,Hapalemur occidentalis,Hapalemur_occidentalis,MAMMALIA,0.999929451802518,25,852.629509823778
pipe,8,8,37.603063945369,Hartertula flavoviridis,Hartertula_flavoviridis,AVES,1,39,7646.72479368055
pipe,8,8,37.603063945369,Hartlaubius auratus,Hartlaubius_auratus,AVES,0.999999999497689,21,82216.0299666437
pipe,8,8,37.603063945369,Hemicentetes nigriceps,Hemicentetes_nigriceps,MAMMALIA,0.999812852363207,23,1664.59633708624
pipe,8,8,37.603063945369,Hemicentetes semispinosus,Hemicentetes_semispinosus,MAMMALIA,1,163,63427.9194668768
pipe,8,8,37.603063945369,Hypogeomys antimena,Hypogeomys_antimena,MAMMALIA,0.133821965614829,4,93.1612903583482
pipe,8,8,37.603063945369,Hypositta corallirostris,Hypositta_corallirostris,AVES,0.999970270381787,14,55426.364100853
pipe,8,8,37.603063945369,Indri indri,Indri_indri,MAMMALIA,0.999999999998593,21,58352.6253512533
pipe,8,8,37.603063945369,Lemur catta,Lemur_catta,MAMMALIA,1,151,16000.9100996954
pipe,8,8,37.603063945369,Lepidopygia nana,Lepidopygia_nana,AVES,0.999920173125553,100,107612.475298438
pipe,8,8,37.603063945369,Lepilemur ankaranensis,Lepilemur_ankaranensis,MAMMALIA,0.942459903341432,10,326.317074209937
pipe,8,8,37.603063945369,Lepilemur edwardsi,Lepilemur_edwardsi,MAMMALIA,1,65,7242.23040267357
pipe,8,8,37.603063945369,Lepilemur leucopus,Lepilemur_leucopus,MAMMALIA,1,66,11161.3030730695
pipe,8,8,37.603063945369,Lepilemur microdon,Lepilemur_microdon,MAMMALIA,0.999999999581581,31,3676.90153212302
pipe,8,8,37.603063945369,Lepilemur mustelinus,Lepilemur_mustelinus,MAMMALIA,1,259,71009.8327248349
pipe,8,8,37.603063945369,Lepilemur ruficaudatus,Lepilemur_ruficaudatus,MAMMALIA,1,141,10385.3832639215
pipe,8,8,37.603063945369,Leptopterus chabert,Leptopterus_chabert,AVES,0.999999999422382,37,103881.426562504
pipe,8,8,37.603063945369,Lophotibis cristata,Lophotibis_cristata,AVES,0.99982993919222,2,79933.9605326509
pipe,8,8,37.603063945369,Macrotarsomys bastardi,Macrotarsomys_bastardi,MAMMALIA,1,143,5910.28269685726
pipe,8,8,37.603063945369,Margaroperdix madagarensis,Margaroperdix_madagarensis,AVES,0.999999752483584,5,80712.7116502857
pipe,8,8,37.603063945369,Mentocrex kioloides,Mentocrex_kioloides,AVES,0.997534050927585,1,31683.7427040615
pipe,8,8,37.603063945369,Mesitornis unicolor,Mesitornis_unicolor,AVES,0,1,89.8278131379881
pipe,8,8,37.603063945369,Mesitornis variegatus,Mesitornis_variegatus,AVES,0.998721172425563,4,2783.80263434159
pipe,8,8,37.603063945369,Microcebus berthae,Microcebus_berthae,MAMMALIA,1.52725564417366e-08,2,16.7952443947329
pipe,8,8,37.603063945369,Microcebus griseorufus,Microcebus_griseorufus,MAMMALIA,0.99576690037371,13,484.242512627561
pipe,8,8,37.603063945369,Microcebus murinus,Microcebus_murinus,MAMMALIA,1,869,67971.881697117
pipe,8,8,37.603063945369,Microcebus myoxinus,Microcebus_myoxinus,MAMMALIA,0.999999976003473,69,938.407879795298
pipe,8,8,37.603063945369,Microcebus ravelobensis,Microcebus_ravelobensis,MAMMALIA,0.778620368188717,11,230.272453169512
pipe,8,8,37.603063945369,Microcebus rufus,Microcebus_rufus,MAMMALIA,1,588,63261.3082694397
pipe,8,8,37.603063945369,Microcebus tavaratra,Microcebus_tavaratra,MAMMALIA,0.993488585889862,30,660.265351119552
pipe,8,8,37.603063945369,Microgale brevicaudata,Microgale_brevicaudata,MAMMALIA,1,498,26468.6911475813
pipe,8,8,37.603063945369,Microgale cowani,Microgale_cowani,MAMMALIA,1,354,52719.5730897302
pipe,8,8,37.603063945369,Microgale drouhardi,Microgale_drouhardi,MAMMALIA,1,268,25290.7755497561
pipe,8,8,37.603063945369,Microgale dryas,Microgale_dryas,MAMMALIA,0.897201397748361,47,1315.65322910508
pipe,8,8,37.603063945369,Microgale fotsifotsy,Microgale_fotsifotsy,MAMMALIA,1,284,29102.9458260599
pipe,8,8,37.603063945369,Microgale gracilis,Microgale_gracilis,MAMMALIA,0.999999999978366,111,8617.97938619571
pipe,8,8,37.603063945369,Microgale gymnorhyncha,Microgale_gymnorhyncha,MAMMALIA,1,94,17596.7747195192
pipe,8,8,37.603063945369,Microgale longicaudata,Microgale_longicaudata,MAMMALIA,1,600,58204.981527183
pipe,8,8,37.603063945369,Microgale mergulus,Microgale_mergulus,MAMMALIA,0.999999999914544,70,4575.79591471436
pipe,8,8,37.603063945369,Microgale parvula,Microgale_parvula,MAMMALIA,1,622,58415.7913409683
pipe,8,8,37.603063945369,Microgale principula,Microgale_principula,MAMMALIA,1,453,48154.9639172694
pipe,8,8,37.603063945369,Microgale pusilla,Microgale_pusilla,MAMMALIA,0.99999999874073,256,16553.1305836873
pipe,8,8,37.603063945369,Microgale soricoides,Microgale_soricoides,MAMMALIA,1,95,25331.4128297211
pipe,8,8,37.603063945369,Microgale taiva,Microgale_taiva,MAMMALIA,1,238,39004.6225775878
pipe,8,8,37.603063945369,Microgale thomasi,Microgale_thomasi,MAMMALIA,1,92,23367.3346918159
pipe,8,8,37.603063945369,Mirza coquereli,Mirza_coquereli,MAMMALIA,0.999972195222589,33,1971.13629904159
pipe,8,8,37.603063945369,Monias benschi,Monias_benschi,AVES,0,1,78.2215661596996
pipe,8,8,37.603063945369,Monticola erythronotus,Monticola_erythronotus,AVES,0.505764981643122,1,97.497303661992
pipe,8,8,37.603063945369,Monticola sharpei,Monticola_sharpei,AVES,1,39,79086.0054613944
pipe,8,8,37.603063945369,Monticolomys koopmani,Monticolomys_koopmani,MAMMALIA,0.132627247638879,5,98.0466375863042
pipe,8,8,37.603063945369,Motacilla flaviventris,Motacilla_flaviventris,AVES,1,35,8829.83142425379
pipe,8,8,37.603063945369,Mystacornis crossleyi,Mystacornis_crossleyi,AVES,0.999999999999907,12,43581.965912659
pipe,8,8,37.603063945369,Neodrepanis coruscans,Neodrepanis_coruscans,AVES,0.999998500960599,14,28064.2633694739
pipe,8,8,37.603063945369,Neodrepanis hypoxantha,Neodrepanis_hypoxantha,AVES,0.0211788109146442,3,88.4296056242715
pipe,8,8,37.603063945369,Neomixis striatigula,Neomixis_striatigula,AVES,0.999999999999438,41,51636.5742704
pipe,8,8,37.603063945369,Neomixis tenella,Neomixis_tenella,AVES,1,113,79480.4691135442
pipe,8,8,37.603063945369,Neomixis viridis,Neomixis_viridis,AVES,0.999999999999997,35,48260.9108510765
pipe,8,8,37.603063945369,Nesillas lantzii,Nesillas_lantzii,AVES,0.99995528247184,5,2458.23992640429
pipe,8,8,37.603063945369,Nesogale dobsoni,Nesogale_dobsoni,MAMMALIA,1,256,60683.2289801527
pipe,8,8,37.603063945369,Nesogale talazaci,Nesogale_talazaci,MAMMALIA,1,229,57850.3414169228
pipe,8,8,37.603063945369,Nesomys audeberti,Nesomys_audeberti,MAMMALIA,1,100,3769.92913694451
pipe,8,8,37.603063945369,Nesomys lambertoni,Nesomys_lambertoni,MAMMALIA,0.999899504534113,24,835.932740620361
pipe,8,8,37.603063945369,Nesomys rufus,Nesomys_rufus,MAMMALIA,1,241,42557.4928930626
pipe,8,8,37.603063945369,Newtonia amphichroa,Newtonia_amphichroa,AVES,1,18,39631.3722996156
pipe,8,8,37.603063945369,Newtonia archboldi,Newtonia_archboldi,AVES,0.999955471870266,9,1890.49053134017
pipe,8,8,37.603063945369,Newtonia brunneicauda,Newtonia_brunneicauda,AVES,1,74,97719.2906238238
pipe,8,8,37.603063945369,Newtonia fanovanae,Newtonia_fanovanae,AVES,0.353055283448799,2,98.220702482002
pipe,8,8,37.603063945369,Oriolia bernieri,Oriolia_bernieri,AVES,0.999999955770597,14,12766.7613442653
pipe,8,8,37.603063945369,Oryzorictes hova,Oryzorictes_hova,MAMMALIA,1,259,56603.8740234369
pipe,8,8,37.603063945369,Oryzorictes tetradactylus,Oryzorictes_tetradactylus,MAMMALIA,0.999999999968493,104,7161.46446142087
pipe,8,8,37.603063945369,Otus rutilus,Otus_rutilus,AVES,0.999999713795818,5,94327.7614442899
pipe,8,8,37.603063945369,Oxylabes madagascariensis,Oxylabes_madagascariensis,AVES,1,22,48269.766930826
pipe,8,8,37.603063945369,Phaner electromontis,Phaner_electromontis,MAMMALIA,6.41384153565738e-08,1,17.2483306993491
pipe,8,8,37.603063945369,Phaner furcifer,Phaner_furcifer,MAMMALIA,0.887904765191739,34,686.188393407905
pipe,8,8,37.603063945369,Phaner pallescens,Phaner_pallescens,MAMMALIA,0.999999999818832,39,2747.11327727988
pipe,8,8,37.603063945369,Phaner parienti,Phaner_parienti,MAMMALIA,0.00280017666108179,1,24.4501852478606
pipe,8,8,37.603063945369,Philepitta castanea,Philepitta_castanea,AVES,0.982939745756594,6,36137.8666722102
pipe,8,8,37.603063945369,Philepitta schlegeli,Philepitta_schlegeli,AVES,0.988278027030843,13,4271.15978816368
pipe,8,8,37.603063945369,Ploceus nelicourvi,Ploceus_nelicourvi,AVES,0.999999999874753,15,55557.3240800693
pipe,8,8,37.603063945369,Ploceus sakalava,Ploceus_sakalava,AVES,0.999999999650669,52,26815.6208796166
pipe,8,8,37.603063945369,Polyboroides radiatus,Polyboroides_radiatus,AVES,0.998056641292313,1,91483.0803202159
pipe,8,8,37.603063945369,Pseudobias wardi,Pseudobias_wardi,AVES,1,21,38703.6083857161
pipe,8,8,37.603063945369,Pterocles personatus,Pterocles_personatus,AVES,0.940118142771648,4,6876.15796477548
pipe,8,8,37.603063945369,Rallus madagascariensis,Rallus_madagascariensis,AVES,0.99999879687005,5,13842.3978310196
pipe,8,8,37.603063945369,Randia pseudozosterops,Randia_pseudozosterops,AVES,0.999999979715776,19,41147.7629804617
pipe,8,8,37.603063945369,Sarothrura insularis,Sarothrura_insularis,AVES,0.999945238135673,8,64626.9803153438
pipe,8,8,37.603063945369,Schetba rufa,Schetba_rufa,AVES,1,25,25080.7551682759
pipe,8,8,37.603063945369,Setifer setosus,Setifer_setosus,MAMMALIA,1,269,95056.6004950914
pipe,8,8,37.603063945369,Tenrec ecaudatus,Tenrec_ecaudatus,MAMMALIA,1,160,98515.3847582811
pipe,8,8,37.603063945369,Thamnornis chloropetoides,Thamnornis_chloropetoides,AVES,0.999973188985144,6,2949.88897624393
pipe,8,8,37.603063945369,Treron australis,Treron_australis,AVES,0.995872441624327,2,91425.1377715166
pipe,8,8,37.603063945369,Turnix nigricollis,Turnix_nigricollis,AVES,0.999987266011564,5,98606.941636603
pipe,8,8,37.603063945369,Tylas eduardi,Tylas_eduardi,AVES,0.999999999882652,10,54140.8790565389
pipe,8,8,37.603063945369,Vanga curvirostris,Vanga_curvirostris,AVES,0.999997424108,10,103231.992587702
pipe,8,8,37.603063945369,Varecia rubra,Varecia_rubra,MAMMALIA,1,89,62833.3281120502
pipe,8,8,37.603063945369,Varecia variegata,Varecia_variegata,MAMMALIA,1,68,62474.2484664185
pipe,8,8,37.603063945369,Xanthomixis apperti,Xanthomixis_apperti,AVES,0.441311211243701,1,68.4073900828693
pipe,8,8,37.603063945369,Xanthomixis cinereiceps,Xanthomixis_cinereiceps,AVES,1,20,16065.5420813405
pipe,8,8,37.603063945369,Xanthomixis zosterops,Xanthomixis_zosterops,AVES,0.99999999999858,29,55787.0181453907
pipe,8,8,37.603063945369,Xenopirostris damii,Xenopirostris_damii,AVES,0.00179910755944268,1,93.5023436630614
pipe,8,8,37.603063945369,Xenopirostris polleni,Xenopirostris_polleni,AVES,0.999999953963482,8,16055.6920070032
pipe,8,8,37.603063945369,Xenopirostris xenopirostris,Xenopirostris_xenopirostris,AVES,0.965058075374104,1,1102.55740261015
pipe,9,9,42.294366853716,Accipiter henstii,Accipiter_henstii,AVES,0.76286516779964,1,80108.1390045304
pipe,9,9,42.294366853716,Accipiter madagascariensis,Accipiter_madagascariensis,AVES,0.915724856678723,1,86069.1438356045
pipe,9,9,42.294366853716,Acrocephalus newtoni,Acrocephalus_newtoni,AVES,1,49,86266.940456514
pipe,9,9,42.294366853716,Alectroenas madagascariensis,Alectroenas_madagascariensis,AVES,0.998245253146744,5,59883.0501432618
pipe,9,9,42.294366853716,Allocebus trichotis,Allocebus_trichotis,MAMMALIA,0.0078347349602923,3,72.1001097191941
pipe,9,9,42.294366853716,Anas bernieri,Anas_bernieri,AVES,0,0,0
pipe,9,9,42.294366853716,Apus balstoni,Apus_balstoni,AVES,0.999999999845522,12,80558.8172994944
pipe,9,9,42.294366853716,Artamella viridis,Artamella_viridis,AVES,0.999999999999989,19,87087.9328924029
pipe,9,9,42.294366853716,Asio madagascariensis,Asio_madagascariensis,AVES,0.873172098330244,2,65872.2429858842
pipe,9,9,42.294366853716,Atelornis crossleyi,Atelornis_crossleyi,AVES,0.999998642297684,6,11216.3544362255
pipe,9,9,42.294366853716,Atelornis pittoides,Atelornis_pittoides,AVES,0.999933816567906,4,39988.6326862967
pipe,9,9,42.294366853716,Athene superciliaris,Athene_superciliaris,AVES,0.999994345836866,3,55723.1692612313
pipe,9,9,42.294366853716,Avahi laniger,Avahi_laniger,MAMMALIA,1,122,32694.8428490292
pipe,9,9,42.294366853716,Avahi occidentalis,Avahi_occidentalis,MAMMALIA,0.996177513146535,3,617.947951280703
pipe,9,9,42.294366853716,Aviceda madagascariensis,Aviceda_madagascariensis,AVES,0.969298667030349,1,84123.6238265436
pipe,9,9,42.294366853716,Bernieria madagascariensis,Bernieria_madagascariensis,AVES,0.999999999999999,31,79024.5439983948
pipe,9,9,42.294366853716,Brachypteracias leptosomus,Brachypteracias_leptosomus,AVES,0.999750555894051,2,35416.5270011097
pipe,9,9,42.294366853716,Brachytarsomys albicauda,Brachytarsomys_albicauda,MAMMALIA,0.999999986113627,42,1689.51280853426
pipe,9,9,42.294366853716,Brachyuromys betsileoensis,Brachyuromys_betsileoensis,MAMMALIA,1,73,11592.0585501146
pipe,9,9,42.294366853716,Brachyuromys ramirohitra,Brachyuromys_ramirohitra,MAMMALIA,0.655414845690046,2,90.5857082152948
pipe,9,9,42.294366853716,Bradypterus brunneus,Bradypterus_brunneus,AVES,1,38,11575.0993380303
pipe,9,9,42.294366853716,Bradypterus seebohmi,Bradypterus_seebohmi,AVES,0.452718233996164,1,71.7493427546058
pipe,9,9,42.294366853716,Buteo brachypterus,Buteo_brachypterus,AVES,0.849085674091131,1,96687.9480458311
pipe,9,9,42.294366853716,Calicalicus madagascariensis,Calicalicus_madagascariensis,AVES,1,49,79520.5546748114
pipe,9,9,42.294366853716,Cheirogaleus crossleyi,Cheirogaleus_crossleyi,MAMMALIA,1,83,5214.55416421042
pipe,9,9,42.294366853716,Cheirogaleus major,Cheirogaleus_major,MAMMALIA,1,240,60637.0447225536
pipe,9,9,42.294366853716,Cheirogaleus medius,Cheirogaleus_medius,MAMMALIA,1,509,36597.9020023416
pipe,9,9,42.294366853716,Cinnyris notatus,Cinnyris_notatus,AVES,1,67,85431.2488591395
pipe,9,9,42.294366853716,Copsychus albospecularis,Copsychus_albospecularis,AVES,0.999985784808577,12,49729.7866224088
pipe,9,9,42.294366853716,Coracopsis nigra,Coracopsis_nigra,AVES,0.994860937179035,3,89602.4558108305
pipe,9,9,42.294366853716,Corythornis madagascariensis,Corythornis_madagascariensis,AVES,0.893844727419016,10,79206.2628162381
pipe,9,9,42.294366853716,Coua caerulea,Coua_caerulea,AVES,0.999914697331781,6,41042.0532449199
pipe,9,9,42.294366853716,Coua coquereli,Coua_coquereli,AVES,0.999973654823927,3,19903.7676589679
pipe,9,9,42.294366853716,Coua cristata,Coua_cristata,AVES,0.999997683923468,6,70534.7426852967
pipe,9,9,42.294366853716,Coua cursor,Coua_cursor,AVES,0.999218883572268,2,10943.3956678346
pipe,9,9,42.294366853716,Coua gigas,Coua_gigas,AVES,0.999729973824846,1,21820.3102545902
pipe,9,9,42.294366853716,Coua reynaudii,Coua_reynaudii,AVES,0.999827197104048,4,35134.4057812873
pipe,9,9,42.294366853716,Coua ruficeps,Coua_ruficeps,AVES,0.959346120072291,3,1327.28580644745
pipe,9,9,42.294366853716,Coua serriana,Coua_serriana,AVES,0.990767075127919,1,30290.5278829052
pipe,9,9,42.294366853716,Crossleyia xanthophrys,Crossleyia_xanthophrys,AVES,0.999999999999999,38,3790.569614513
pipe,9,9,42.294366853716,Cryptoprocta ferox,Cryptoprocta_ferox,MAMMALIA,0.0704722846506246,3,31358.4746893274
pipe,9,9,42.294366853716,Cryptosylvicola randrianasoloi,Cryptosylvicola_randrianasoloi,AVES,1,34,5594.83109163473
pipe,9,9,42.294366853716,Cyanolanius madagascarinus,Cyanolanius_madagascarinus,AVES,1,40,84901.2884118908
pipe,9,9,42.294366853716,Daubentonia madagascariensis,Daubentonia_madagascariensis,MAMMALIA,1,94,29421.282786363
pipe,9,9,42.294366853716,Echinops telfairi,Echinops_telfairi,MAMMALIA,1,305,36138.5515093862
pipe,9,9,42.294366853716,Eliurus antsingy,Eliurus_antsingy,MAMMALIA,0.0133737178280204,5,66.3291121204592
pipe,9,9,42.294366853716,Eliurus grandidieri,Eliurus_grandidieri,MAMMALIA,0.999640446063556,24,901.520020315635
pipe,9,9,42.294366853716,Eliurus majori,Eliurus_majori,MAMMALIA,1,160,39744.8912702228
pipe,9,9,42.294366853716,Eliurus minor,Eliurus_minor,MAMMALIA,1,566,66384.5715496989
pipe,9,9,42.294366853716,Eliurus myoxinus,Eliurus_myoxinus,MAMMALIA,1,536,65002.0703762171
pipe,9,9,42.294366853716,Eliurus tanala,Eliurus_tanala,MAMMALIA,1,234,41922.1152027382
pipe,9,9,42.294366853716,Eliurus webbi,Eliurus_webbi,MAMMALIA,1,267,55862.8421757595
pipe,9,9,42.294366853716,Eremopterix hova,Eremopterix_hova,AVES,0.999990056136463,22,2862.34610812848
pipe,9,9,42.294366853716,Eulemur albifrons,Eulemur_albifrons,MAMMALIA,1,67,17474.0480471045
pipe,9,9,42.294366853716,Eulemur cinereiceps,Eulemur_cinereiceps,MAMMALIA,1,246,79247.2392025323
pipe,9,9,42.294366853716,Eulemur collaris,Eulemur_collaris,MAMMALIA,1,209,78860.9316318483
pipe,9,9,42.294366853716,Eulemur coronatus,Eulemur_coronatus,MAMMALIA,1,236,22597.8354811703
pipe,9,9,42.294366853716,Eulemur flavifrons,Eulemur_flavifrons,MAMMALIA,0.000213248908682684,1,25.074716512655
pipe,9,9,42.294366853716,Eulemur fulvus,Eulemur_fulvus,MAMMALIA,1,223,79337.6904349246
pipe,9,9,42.294366853716,Eulemur macaco,Eulemur_macaco,MAMMALIA,1,82,32841.7988799166
pipe,9,9,42.294366853716,Eulemur mongoz,Eulemur_mongoz,MAMMALIA,0.99999939682773,22,1684.456905702
pipe,9,9,42.294366853716,Eulemur rubriventer,Eulemur_rubriventer,MAMMALIA,1,272,67515.2881309076
pipe,9,9,42.294366853716,Eulemur rufus,Eulemur_rufus,MAMMALIA,1,200,35053.461697408
pipe,9,9,42.294366853716,Eulemur sanfordi,Eulemur_sanfordi,MAMMALIA,1,268,79450.159203172
pipe,9,9,42.294366853716,Euryceros prevostii,Euryceros_prevostii,AVES,0.998901601819684,3,2809.20744913971
pipe,9,9,42.294366853716,Falco zoniventris,Falco_zoniventris,AVES,0.91748641985525,1,59645.6329746951
pipe,9,9,42.294366853716,Falculea palliata,Falculea_palliata,AVES,0.999999999990309,13,18986.5341463704
pipe,9,9,42.294366853716,Fossa fossana,Fossa_fossana,MAMMALIA,0.97847274160129,2,48594.0546410592
pipe,9,9,42.294366853716,Foudia madagascariensis,Foudia_madagascariensis,AVES,0.999999996656414,62,101038.924087292
pipe,9,9,42.294366853716,Foudia omissa,Foudia_omissa,AVES,0.999999999949562,21,45547.5315112669
pipe,9,9,42.294366853716,Gactornis enarratus,Gactornis_enarratus,AVES,0.999998894999952,5,45662.699019248
pipe,9,9,42.294366853716,Galidia elegans,Galidia_elegans,MAMMALIA,0.968235456479531,6,49140.519982556
pipe,9,9,42.294366853716,Galidictis fasciata,Galidictis_fasciata,MAMMALIA,0,3,4247.07070700451
pipe,9,9,42.294366853716,Geobiastes squamiger,Geobiastes_squamiger,AVES,0.999280935846857,5,10466.5279615429
pipe,9,9,42.294366853716,Geogale aurita,Geogale_aurita,MAMMALIA,1,374,24093.8834003688
pipe,9,9,42.294366853716,Gymnuromys roberti,Gymnuromys_roberti,MAMMALIA,1,92,24570.5915627795
pipe,9,9,42.294366853716,Haliaeetus vociferoides,Haliaeetus_vociferoides,AVES,0.0115773783592114,1,5133.49426771156
pipe,9,9,42.294366853716,Hapalemur alaotrensis,Hapalemur_alaotrensis,MAMMALIA,1,51,3444.32737158856
pipe,9,9,42.294366853716,Hapalemur aureus,Hapalemur_aureus,MAMMALIA,0.99999995193295,17,1521.9519091168
pipe,9,9,42.294366853716,Hapalemur griseus,Hapalemur_griseus,MAMMALIA,1,256,77106.5184398165
pipe,9,9,42.294366853716,Hapalemur occidentalis,Hapalemur_occidentalis,MAMMALIA,0.999910050333037,21,810.529821966088
pipe,9,9,42.294366853716,Hartertula flavoviridis,Hartertula_flavoviridis,AVES,1,40,7560.76616764183
pipe,9,9,42.294366853716,Hartlaubius auratus,Hartlaubius_auratus,AVES,0.999999999189275,23,79982.7370906888
pipe,9,9,42.294366853716,Hemicentetes nigriceps,Hemicentetes_nigriceps,MAMMALIA,0.999769445240685,24,1642.85015264118
pipe,9,9,42.294366853716,Hemicentetes semispinosus,Hemicentetes_semispinosus,MAMMALIA,1,163,62362.4334184959
pipe,9,9,42.294366853716,Hypogeomys antimena,Hypogeomys_antimena,MAMMALIA,0.133821965614829,4,93.1612903583482
pipe,9,9,42.294366853716,Hypositta corallirostris,Hypositta_corallirostris,AVES,0.999994037467751,17,54513.4309237686
pipe,9,9,42.294366853716,Indri indri,Indri_indri,MAMMALIA,0.999999999997706,21,57164.2639798844
pipe,9,9,42.294366853716,Lemur catta,Lemur_catta,MAMMALIA,1,147,14992.7124335347
pipe,9,9,42.294366853716,Lepidopygia nana,Lepidopygia_nana,AVES,0.999950176807465,111,101252.349278589
pipe,9,9,42.294366853716,Lepilemur ankaranensis,Lepilemur_ankaranensis,MAMMALIA,0.942459903341432,9,316.5934792843
pipe,9,9,42.294366853716,Lepilemur edwardsi,Lepilemur_edwardsi,MAMMALIA,1,60,6776.01514245364
pipe,9,9,42.294366853716,Lepilemur leucopus,Lepilemur_leucopus,MAMMALIA,1,64,10116.735200808
pipe,9,9,42.294366853716,Lepilemur microdon,Lepilemur_microdon,MAMMALIA,0.999999999428523,32,3638.25888685361
pipe,9,9,42.294366853716,Lepilemur mustelinus,Lepilemur_mustelinus,MAMMALIA,1,253,69017.7359837875
pipe,9,9,42.294366853716,Lepilemur ruficaudatus,Lepilemur_ruficaudatus,MAMMALIA,1,130,9634.81002948261
pipe,9,9,42.294366853716,Leptopterus chabert,Leptopterus_chabert,AVES,0.999999999999996,41,96743.9369941444
pipe,9,9,42.294366853716,Lophotibis cristata,Lophotibis_cristata,AVES,0.999824283487382,2,78578.9469415237
pipe,9,9,42.294366853716,Macrotarsomys bastardi,Macrotarsomys_bastardi,MAMMALIA,1,118,5559.14660004589
pipe,9,9,42.294366853716,Margaroperdix madagarensis,Margaroperdix_madagarensis,AVES,0.999999663425209,5,76664.8536140247
pipe,9,9,42.294366853716,Mentocrex kioloides,Mentocrex_kioloides,AVES,0.99748531911548,1,31265.9674495878
pipe,9,9,42.294366853716,Mesitornis unicolor,Mesitornis_unicolor,AVES,0,1,89.8278131379881
pipe,9,9,42.294366853716,Mesitornis variegatus,Mesitornis_variegatus,AVES,0.998685311697165,4,2766.94465933717
pipe,9,9,42.294366853716,Microcebus berthae,Microcebus_berthae,MAMMALIA,1.52725564417366e-08,2,16.7952443947329
pipe,9,9,42.294366853716,Microcebus griseorufus,Microcebus_griseorufus,MAMMALIA,0.995766326563,11,460.42228269476
pipe,9,9,42.294366853716,Microcebus murinus,Microcebus_murinus,MAMMALIA,1,729,64505.3663853682
pipe,9,9,42.294366853716,Microcebus myoxinus,Microcebus_myoxinus,MAMMALIA,0.999999960375941,56,874.132518560734
pipe,9,9,42.294366853716,Microcebus ravelobensis,Microcebus_ravelobensis,MAMMALIA,0.778620368188717,11,230.272453169512
pipe,9,9,42.294366853716,Microcebus rufus,Microcebus_rufus,MAMMALIA,1,421,61749.7895264408
pipe,9,9,42.294366853716,Microcebus tavaratra,Microcebus_tavaratra,MAMMALIA,0.993485781713749,28,640.719328531557
pipe,9,9,42.294366853716,Microgale brevicaudata,Microgale_brevicaudata,MAMMALIA,1,427,25606.3013698291
pipe,9,9,42.294366853716,Microgale cowani,Microgale_cowani,MAMMALIA,1,286,51534.6683264292
pipe,9,9,42.294366853716,Microgale drouhardi,Microgale_drouhardi,MAMMALIA,1,194,24767.4487594085
pipe,9,9,42.294366853716,Microgale dryas,Microgale_dryas,MAMMALIA,0.897201397748361,46,1300.82646102762
pipe,9,9,42.294366853716,Microgale fotsifotsy,Microgale_fotsifotsy,MAMMALIA,1,207,28500.5450536892
pipe,9,9,42.294366853716,Microgale gracilis,Microgale_gracilis,MAMMALIA,0.999999999967813,102,8411.43289548122
pipe,9,9,42.294366853716,Microgale gymnorhyncha,Microgale_gymnorhyncha,MAMMALIA,1,79,17376.0501593547
pipe,9,9,42.294366853716,Microgale longicaudata,Microgale_longicaudata,MAMMALIA,1,450,56906.1578698231
pipe,9,9,42.294366853716,Microgale mergulus,Microgale_mergulus,MAMMALIA,0.999999999896349,70,4471.73125751592
pipe,9,9,42.294366853716,Microgale parvula,Microgale_parvula,MAMMALIA,1,474,57312.4590226369
pipe,9,9,42.294366853716,Microgale principula,Microgale_principula,MAMMALIA,1,315,47138.7031717481
pipe,9,9,42.294366853716,Microgale pusilla,Microgale_pusilla,MAMMALIA,0.999999998670322,215,16159.4295706989
pipe,9,9,42.294366853716,Microgale soricoides,Microgale_soricoides,MAMMALIA,1,80,25035.7311956996
pipe,9,9,42.294366853716,Microgale taiva,Microgale_taiva,MAMMALIA,1,173,38427.8122826076
pipe,9,9,42.294366853716,Microgale thomasi,Microgale_thomasi,MAMMALIA,1,84,23199.7549573282
pipe,9,9,42.294366853716,Mirza coquereli,Mirza_coquereli,MAMMALIA,0.999943367888378,32,1847.8436064341
pipe,9,9,42.294366853716,Monias benschi,Monias_benschi,AVES,0,1,78.2215661596996
pipe,9,9,42.294366853716,Monticola erythronotus,Monticola_erythronotus,AVES,0.505764981643122,1,97.497303661992
pipe,9,9,42.294366853716,Monticola sharpei,Monticola_sharpei,AVES,1,42,73353.6038012472
pipe,9,9,42.294366853716,Monticolomys koopmani,Monticolomys_koopmani,MAMMALIA,0.132627247638879,5,98.0466375863042
pipe,9,9,42.294366853716,Motacilla flaviventris,Motacilla_flaviventris,AVES,1,35,6439.4161820412
pipe,9,9,42.294366853716,Mystacornis crossleyi,Mystacornis_crossleyi,AVES,0.999999999999971,13,42827.4966455088
pipe,9,9,42.294366853716,Neodrepanis coruscans,Neodrepanis_coruscans,AVES,0.999998300091513,14,27719.1174529324
pipe,9,9,42.294366853716,Neodrepanis hypoxantha,Neodrepanis_hypoxantha,AVES,0.0211788109146442,3,88.4296056242715
pipe,9,9,42.294366853716,Neomixis striatigula,Neomixis_striatigula,AVES,0.999999999999973,43,50673.6972045596
pipe,9,9,42.294366853716,Neomixis tenella,Neomixis_tenella,AVES,1,113,73728.424307863
pipe,9,9,42.294366853716,Neomixis viridis,Neomixis_viridis,AVES,1,36,47478.5066318563
pipe,9,9,42.294366853716,Nesillas lantzii,Nesillas_lantzii,AVES,0.99989960794537,4,2135.9323881063
pipe,9,9,42.294366853716,Nesogale dobsoni,Nesogale_dobsoni,MAMMALIA,1,235,59441.0785853618
pipe,9,9,42.294366853716,Nesogale talazaci,Nesogale_talazaci,MAMMALIA,1,220,57003.8165938378
pipe,9,9,42.294366853716,Nesomys audeberti,Nesomys_audeberti,MAMMALIA,1,92,3691.23238238634
pipe,9,9,42.294366853716,Nesomys lambertoni,Nesomys_lambertoni,MAMMALIA,0.99989321444276,22,823.022525657211
pipe,9,9,42.294366853716,Nesomys rufus,Nesomys_rufus,MAMMALIA,1,187,41688.8920600297
pipe,9,9,42.294366853716,Newtonia amphichroa,Newtonia_amphichroa,AVES,1,19,39095.7083052905
pipe,9,9,42.294366853716,Newtonia archboldi,Newtonia_archboldi,AVES,0.999975058341065,8,1576.37108393793
pipe,9,9,42.294366853716,Newtonia brunneicauda,Newtonia_brunneicauda,AVES,1,81,94132.5199021096
pipe,9,9,42.294366853716,Newtonia fanovanae,Newtonia_fanovanae,AVES,0.353055283448799,2,98.220702482002
pipe,9,9,42.294366853716,Oriolia bernieri,Oriolia_bernieri,AVES,0.999999949637164,14,12396.1951413586
pipe,9,9,42.294366853716,Oryzorictes hova,Oryzorictes_hova,MAMMALIA,1,230,55563.3721384358
pipe,9,9,42.294366853716,Oryzorictes tetradactylus,Oryzorictes_tetradactylus,MAMMALIA,0.99999999996508,99,7026.09410645473
pipe,9,9,42.294366853716,Otus rutilus,Otus_rutilus,AVES,0.999999654883798,5,90148.8116087215
pipe,9,9,42.294366853716,Oxylabes madagascariensis,Oxylabes_madagascariensis,AVES,1,21,47463.988160401
pipe,9,9,42.294366853716,Phaner electromontis,Phaner_electromontis,MAMMALIA,6.41384153565738e-08,1,17.2483306993491
pipe,9,9,42.294366853716,Phaner furcifer,Phaner_furcifer,MAMMALIA,0.887904764954684,32,658.685212673607
pipe,9,9,42.294366853716,Phaner pallescens,Phaner_pallescens,MAMMALIA,0.999999999519788,37,2556.91616310043
pipe,9,9,42.294366853716,Phaner parienti,Phaner_parienti,MAMMALIA,0.00280017666108179,1,24.4501852478606
pipe,9,9,42.294366853716,Philepitta castanea,Philepitta_castanea,AVES,0.990738789405001,7,35584.9624772338
pipe,9,9,42.294366853716,Philepitta schlegeli,Philepitta_schlegeli,AVES,0.996746322282331,15,3760.15899396833
pipe,9,9,42.294366853716,Ploceus nelicourvi,Ploceus_nelicourvi,AVES,0.999999999848557,14,54425.6583116728
pipe,9,9,42.294366853716,Ploceus sakalava,Ploceus_sakalava,AVES,0.999999999614687,53,23854.8162204271
pipe,9,9,42.294366853716,Polyboroides radiatus,Polyboroides_radiatus,AVES,0.997793449738603,1,84765.517198638
pipe,9,9,42.294366853716,Pseudobias wardi,Pseudobias_wardi,AVES,1,22,38146.3166068183
pipe,9,9,42.294366853716,Pterocles personatus,Pterocles_personatus,AVES,0.940118142771648,4,6876.15796477548
pipe,9,9,42.294366853716,Rallus madagascariensis,Rallus_madagascariensis,AVES,0.999998543972119,5,13545.7083987838
pipe,9,9,42.294366853716,Randia pseudozosterops,Randia_pseudozosterops,AVES,0.999999989746102,21,40209.2549680509
pipe,9,9,42.294366853716,Sarothrura insularis,Sarothrura_insularis,AVES,0.999986895984625,10,63212.8681478798
pipe,9,9,42.294366853716,Schetba rufa,Schetba_rufa,AVES,1,27,24381.8471919905
pipe,9,9,42.294366853716,Setifer setosus,Setifer_setosus,MAMMALIA,1,268,92121.7437565271
pipe,9,9,42.294366853716,Tenrec ecaudatus,Tenrec_ecaudatus,MAMMALIA,1,169,92377.2542023814
pipe,9,9,42.294366853716,Thamnornis chloropetoides,Thamnornis_chloropetoides,AVES,0.999997788583013,6,2690.72960365258
pipe,9,9,42.294366853716,Treron australis,Treron_australis,AVES,0.995469977649656,2,84204.6830230268
pipe,9,9,42.294366853716,Turnix nigricollis,Turnix_nigricollis,AVES,0.999982675494018,8,90454.8205641298
pipe,9,9,42.294366853716,Tylas eduardi,Tylas_eduardi,AVES,0.99999999982272,9,53037.3023875284
pipe,9,9,42.294366853716,Vanga curvirostris,Vanga_curvirostris,AVES,0.999996727292328,9,95742.5847329868
pipe,9,9,42.294366853716,Varecia rubra,Varecia_rubra,MAMMALIA,1,93,61620.9355913484
pipe,9,9,42.294366853716,Varecia variegata,Varecia_variegata,MAMMALIA,1,71,61268.7873040522
pipe,9,9,42.294366853716,Xanthomixis apperti,Xanthomixis_apperti,AVES,0.441311211243701,1,68.4073900828693
pipe,9,9,42.294366853716,Xanthomixis cinereiceps,Xanthomixis_cinereiceps,AVES,1,22,15847.2883727788
pipe,9,9,42.294366853716,Xanthomixis zosterops,Xanthomixis_zosterops,AVES,0.999999999999127,30,54636.1445582948
pipe,9,9,42.294366853716,Xenopirostris damii,Xenopirostris_damii,AVES,0.00179910755944268,1,93.5023436630614
pipe,9,9,42.294366853716,Xenopirostris polleni,Xenopirostris_polleni,AVES,0.999999950320795,8,15686.1743078407
pipe,9,9,42.294366853716,Xenopirostris xenopirostris,Xenopirostris_xenopirostris,AVES,0.965058075374104,1,1102.55740261015
pipe,10,10,46.984731857885,Accipiter henstii,Accipiter_henstii,AVES,0.75555545418093,1,77096.8418844097
pipe,10,10,46.984731857885,Accipiter madagascariensis,Accipiter_madagascariensis,AVES,0.910241190613854,1,80791.8514091174
pipe,10,10,46.984731857885,Acrocephalus newtoni,Acrocephalus_newtoni,AVES,1,58,82636.5711278914
pipe,10,10,46.984731857885,Alectroenas madagascariensis,Alectroenas_madagascariensis,AVES,0.99818733613993,5,58150.1192903639
pipe,10,10,46.984731857885,Allocebus trichotis,Allocebus_trichotis,MAMMALIA,0.0078347349602923,3,72.1001097191941
pipe,10,10,46.984731857885,Anas bernieri,Anas_bernieri,AVES,0,0,0
pipe,10,10,46.984731857885,Apus balstoni,Apus_balstoni,AVES,0.999999999999961,13,77490.2407200673
pipe,10,10,46.984731857885,Artamella viridis,Artamella_viridis,AVES,1,19,82014.4511248442
pipe,10,10,46.984731857885,Asio madagascariensis,Asio_madagascariensis,AVES,0.869925592018562,3,64456.5811600342
pipe,10,10,46.984731857885,Atelornis crossleyi,Atelornis_crossleyi,AVES,0.999998331516533,6,11143.5433392492
pipe,10,10,46.984731857885,Atelornis pittoides,Atelornis_pittoides,AVES,0.999923231153688,4,39640.3351641522
pipe,10,10,46.984731857885,Athene superciliaris,Athene_superciliaris,AVES,0.999992873653327,3,50491.4806858267
pipe,10,10,46.984731857885,Avahi laniger,Avahi_laniger,MAMMALIA,1,122,32057.6290963071
pipe,10,10,46.984731857885,Avahi occidentalis,Avahi_occidentalis,MAMMALIA,0.996177513146535,3,617.947951280703
pipe,10,10,46.984731857885,Aviceda madagascariensis,Aviceda_madagascariensis,AVES,0.96600540359962,1,77605.5979250458
pipe,10,10,46.984731857885,Bernieria madagascariensis,Bernieria_madagascariensis,AVES,1,37,76066.6882289266
pipe,10,10,46.984731857885,Brachypteracias leptosomus,Brachypteracias_leptosomus,AVES,0.999745520679553,2,35021.7826498007
pipe,10,10,46.984731857885,Brachytarsomys albicauda,Brachytarsomys_albicauda,MAMMALIA,0.999999986113626,39,1656.93034673279
pipe,10,10,46.984731857885,Brachyuromys betsileoensis,Brachyuromys_betsileoensis,MAMMALIA,1,63,11372.3942622707
pipe,10,10,46.984731857885,Brachyuromys ramirohitra,Brachyuromys_ramirohitra,MAMMALIA,0.655414845690046,2,90.5857082152948
pipe,10,10,46.984731857885,Bradypterus brunneus,Bradypterus_brunneus,AVES,1,39,11524.3102751288
pipe,10,10,46.984731857885,Bradypterus seebohmi,Bradypterus_seebohmi,AVES,0.452718233996164,1,71.7493427546058
pipe,10,10,46.984731857885,Buteo brachypterus,Buteo_brachypterus,AVES,0.838214073208498,1,89276.2616951087
pipe,10,10,46.984731857885,Calicalicus madagascariensis,Calicalicus_madagascariensis,AVES,1,63,76449.7057459852
pipe,10,10,46.984731857885,Cheirogaleus crossleyi,Cheirogaleus_crossleyi,MAMMALIA,1,79,5175.89487869282
pipe,10,10,46.984731857885,Cheirogaleus major,Cheirogaleus_major,MAMMALIA,1,194,59029.5550897379
pipe,10,10,46.984731857885,Cheirogaleus medius,Cheirogaleus_medius,MAMMALIA,1,486,32048.889988499
pipe,10,10,46.984731857885,Cinnyris notatus,Cinnyris_notatus,AVES,1,68,80519.7868444505
pipe,10,10,46.984731857885,Copsychus albospecularis,Copsychus_albospecularis,AVES,0.999978005779983,13,48677.3782165134
pipe,10,10,46.984731857885,Coracopsis nigra,Coracopsis_nigra,AVES,0.994535813934248,3,85020.7464490281
pipe,10,10,46.984731857885,Corythornis madagascariensis,Corythornis_madagascariensis,AVES,0.890981904291628,10,76271.3591897
pipe,10,10,46.984731857885,Coua caerulea,Coua_caerulea,AVES,0.999907450913316,5,40119.8182977228
pipe,10,10,46.984731857885,Coua coquereli,Coua_coquereli,AVES,0.99991045501523,4,17380.8515058859
pipe,10,10,46.984731857885,Coua cristata,Coua_cristata,AVES,0.999997484832797,6,67565.048598193
pipe,10,10,46.984731857885,Coua cursor,Coua_cursor,AVES,0.998948515998149,1,9416.80243886539
pipe,10,10,46.984731857885,Coua gigas,Coua_gigas,AVES,0.999662581177789,1,19631.1904263249
pipe,10,10,46.984731857885,Coua reynaudii,Coua_reynaudii,AVES,0.999823323856152,4,34738.7884278989
pipe,10,10,46.984731857885,Coua ruficeps,Coua_ruficeps,AVES,0.959346120072291,3,1326.55515300157
pipe,10,10,46.984731857885,Coua serriana,Coua_serriana,AVES,0.99056920831336,1,29784.5071972575
pipe,10,10,46.984731857885,Crossleyia xanthophrys,Crossleyia_xanthophrys,AVES,0.999999999999999,38,3788.5613596012
pipe,10,10,46.984731857885,Cryptoprocta ferox,Cryptoprocta_ferox,MAMMALIA,0.0704722846506246,2,26796.670758898
pipe,10,10,46.984731857885,Cryptosylvicola randrianasoloi,Cryptosylvicola_randrianasoloi,AVES,1,32,5486.86963308236
pipe,10,10,46.984731857885,Cyanolanius madagascarinus,Cyanolanius_madagascarinus,AVES,1,43,80195.0797773148
pipe,10,10,46.984731857885,Daubentonia madagascariensis,Daubentonia_madagascariensis,MAMMALIA,1,92,28140.3402076762
pipe,10,10,46.984731857885,Echinops telfairi,Echinops_telfairi,MAMMALIA,1,288,31106.914300689
pipe,10,10,46.984731857885,Eliurus antsingy,Eliurus_antsingy,MAMMALIA,0.0133737178280204,5,66.3291121204592
pipe,10,10,46.984731857885,Eliurus grandidieri,Eliurus_grandidieri,MAMMALIA,0.999640446063556,24,901.520020315635
pipe,10,10,46.984731857885,Eliurus majori,Eliurus_majori,MAMMALIA,1,130,38905.4554913517
pipe,10,10,46.984731857885,Eliurus minor,Eliurus_minor,MAMMALIA,1,459,64427.2084960296
pipe,10,10,46.984731857885,Eliurus myoxinus,Eliurus_myoxinus,MAMMALIA,1,476,59354.1950926369
pipe,10,10,46.984731857885,Eliurus tanala,Eliurus_tanala,MAMMALIA,1,194,41190.9936394894
pipe,10,10,46.984731857885,Eliurus webbi,Eliurus_webbi,MAMMALIA,1,209,54692.2623469904
pipe,10,10,46.984731857885,Eremopterix hova,Eremopterix_hova,AVES,0.999989299243866,21,2808.20558862881
pipe,10,10,46.984731857885,Eulemur albifrons,Eulemur_albifrons,MAMMALIA,1,64,17053.4724625455
pipe,10,10,46.984731857885,Eulemur cinereiceps,Eulemur_cinereiceps,MAMMALIA,1,238,75362.0088184025
pipe,10,10,46.984731857885,Eulemur collaris,Eulemur_collaris,MAMMALIA,1,207,75038.3178282629
pipe,10,10,46.984731857885,Eulemur coronatus,Eulemur_coronatus,MAMMALIA,1,217,21604.411172947
pipe,10,10,46.984731857885,Eulemur flavifrons,Eulemur_flavifrons,MAMMALIA,0.000213248908682684,1,25.074716512655
pipe,10,10,46.984731857885,Eulemur fulvus,Eulemur_fulvus,MAMMALIA,1,213,75442.3338010039
pipe,10,10,46.984731857885,Eulemur macaco,Eulemur_macaco,MAMMALIA,1,78,32273.8664026449
pipe,10,10,46.984731857885,Eulemur mongoz,Eulemur_mongoz,MAMMALIA,0.999999351381777,18,1598.77993451487
pipe,10,10,46.984731857885,Eulemur rubriventer,Eulemur_rubriventer,MAMMALIA,1,240,65602.2742249585
pipe,10,10,46.984731857885,Eulemur rufus,Eulemur_rufus,MAMMALIA,1,205,32468.2873076566
pipe,10,10,46.984731857885,Eulemur sanfordi,Eulemur_sanfordi,MAMMALIA,1,251,75478.5460461347
pipe,10,10,46.984731857885,Euryceros prevostii,Euryceros_prevostii,AVES,0.998879094619477,3,2803.36538461873
pipe,10,10,46.984731857885,Falco zoniventris,Falco_zoniventris,AVES,0.910124756671185,1,54724.4028351274
pipe,10,10,46.984731857885,Falculea palliata,Falculea_palliata,AVES,0.999999999863354,16,16001.5556748232
pipe,10,10,46.984731857885,Fossa fossana,Fossa_fossana,MAMMALIA,0.97847274160129,2,48594.0546410592
pipe,10,10,46.984731857885,Foudia madagascariensis,Foudia_madagascariensis,AVES,0.999999999999993,66,92734.453697607
pipe,10,10,46.984731857885,Foudia omissa,Foudia_omissa,AVES,0.999999999966831,24,45042.8568272175
pipe,10,10,46.984731857885,Gactornis enarratus,Gactornis_enarratus,AVES,0.999998856849539,5,45081.8766377672
pipe,10,10,46.984731857885,Galidia elegans,Galidia_elegans,MAMMALIA,0.968211935532166,5,46860.1385456136
pipe,10,10,46.984731857885,Galidictis fasciata,Galidictis_fasciata,MAMMALIA,0,3,4247.07070700451
pipe,10,10,46.984731857885,Geobiastes squamiger,Geobiastes_squamiger,AVES,0.999252179781419,5,10333.9322147616
pipe,10,10,46.984731857885,Geogale aurita,Geogale_aurita,MAMMALIA,1,337,21282.6805947909
pipe,10,10,46.984731857885,Gymnuromys roberti,Gymnuromys_roberti,MAMMALIA,1,82,24407.904748723
pipe,10,10,46.984731857885,Haliaeetus vociferoides,Haliaeetus_vociferoides,AVES,0.0115773783592114,1,5133.49426771156
pipe,10,10,46.984731857885,Hapalemur alaotrensis,Hapalemur_alaotrensis,MAMMALIA,1,50,3426.76809497623
pipe,10,10,46.984731857885,Hapalemur aureus,Hapalemur_aureus,MAMMALIA,0.99999995193295,17,1521.9519091168
pipe,10,10,46.984731857885,Hapalemur griseus,Hapalemur_griseus,MAMMALIA,1,238,74599.2751800023
pipe,10,10,46.984731857885,Hapalemur occidentalis,Hapalemur_occidentalis,MAMMALIA,0.999864166360028,18,748.219802883358
pipe,10,10,46.984731857885,Hartertula flavoviridis,Hartertula_flavoviridis,AVES,1,40,7528.45579873792
pipe,10,10,46.984731857885,Hartlaubius auratus,Hartlaubius_auratus,AVES,0.999999999983739,25,76928.5816096037
pipe,10,10,46.984731857885,Hemicentetes nigriceps,Hemicentetes_nigriceps,MAMMALIA,0.999717192656545,25,1624.54813984489
pipe,10,10,46.984731857885,Hemicentetes semispinosus,Hemicentetes_semispinosus,MAMMALIA,1,146,61209.0886544059
pipe,10,10,46.984731857885,Hypogeomys antimena,Hypogeomys_antimena,MAMMALIA,0.133821965614829,4,93.1612903583482
pipe,10,10,46.984731857885,Hypositta corallirostris,Hypositta_corallirostris,AVES,0.999999967388389,17,53636.6396168206
pipe,10,10,46.984731857885,Indri indri,Indri_indri,MAMMALIA,0.999999999995485,21,55890.3528301449
pipe,10,10,46.984731857885,Lemur catta,Lemur_catta,MAMMALIA,1,139,13125.6683362982
pipe,10,10,46.984731857885,Lepidopygia nana,Lepidopygia_nana,AVES,0.999998767076827,112,94418.3124549734
pipe,10,10,46.984731857885,Lepilemur ankaranensis,Lepilemur_ankaranensis,MAMMALIA,0.942459903341432,9,316.5934792843
pipe,10,10,46.984731857885,Lepilemur edwardsi,Lepilemur_edwardsi,MAMMALIA,1,58,6008.16467943274
pipe,10,10,46.984731857885,Lepilemur leucopus,Lepilemur_leucopus,MAMMALIA,1,53,8107.08062527814
pipe,10,10,46.984731857885,Lepilemur microdon,Lepilemur_microdon,MAMMALIA,0.999999999238857,31,3577.28437955098
pipe,10,10,46.984731857885,Lepilemur mustelinus,Lepilemur_mustelinus,MAMMALIA,1,239,65040.9815476791
pipe,10,10,46.984731857885,Lepilemur ruficaudatus,Lepilemur_ruficaudatus,MAMMALIA,1,120,8452.25884902567
pipe,10,10,46.984731857885,Leptopterus chabert,Leptopterus_chabert,AVES,1,46,89695.934520306
pipe,10,10,46.984731857885,Lophotibis cristata,Lophotibis_cristata,AVES,0.999809811740625,2,75396.3529380482
pipe,10,10,46.984731857885,Macrotarsomys bastardi,Macrotarsomys_bastardi,MAMMALIA,0.999999999999999,95,4308.24016341517
pipe,10,10,46.984731857885,Margaroperdix madagarensis,Margaroperdix_madagarensis,AVES,0.999998764520475,5,70980.8862865109
pipe,10,10,46.984731857885,Mentocrex kioloides,Mentocrex_kioloides,AVES,0.99744704888953,2,31044.6286944342
pipe,10,10,46.984731857885,Mesitornis unicolor,Mesitornis_unicolor,AVES,0,1,89.8278131379881
pipe,10,10,46.984731857885,Mesitornis variegatus,Mesitornis_variegatus,AVES,0.998683212820021,5,2740.72888936833
pipe,10,10,46.984731857885,Microcebus berthae,Microcebus_berthae,MAMMALIA,1.52725564417366e-08,2,16.7952443947329
pipe,10,10,46.984731857885,Microcebus griseorufus,Microcebus_griseorufus,MAMMALIA,0.995766326563,11,460.42228269476
pipe,10,10,46.984731857885,Microcebus murinus,Microcebus_murinus,MAMMALIA,1,652,58540.5713528292
pipe,10,10,46.984731857885,Microcebus myoxinus,Microcebus_myoxinus,MAMMALIA,0.999999911124906,51,812.726627956026
pipe,10,10,46.984731857885,Microcebus ravelobensis,Microcebus_ravelobensis,MAMMALIA,0.778620368188717,11,230.272453169512
pipe,10,10,46.984731857885,Microcebus rufus,Microcebus_rufus,MAMMALIA,1,320,60140.6728784856
pipe,10,10,46.984731857885,Microcebus tavaratra,Microcebus_tavaratra,MAMMALIA,0.993485781713749,27,635.834888984556
pipe,10,10,46.984731857885,Microgale brevicaudata,Microgale_brevicaudata,MAMMALIA,1,378,23414.2544410157
pipe,10,10,46.984731857885,Microgale cowani,Microgale_cowani,MAMMALIA,1,221,49997.7074864785
pipe,10,10,46.984731857885,Microgale drouhardi,Microgale_drouhardi,MAMMALIA,1,165,24436.9387741864
pipe,10,10,46.984731857885,Microgale dryas,Microgale_dryas,MAMMALIA,0.897201397748361,45,1293.30665845933
pipe,10,10,46.984731857885,Microgale fotsifotsy,Microgale_fotsifotsy,MAMMALIA,1,176,27799.9644363424
pipe,10,10,46.984731857885,Microgale gracilis,Microgale_gracilis,MAMMALIA,0.999999999967306,94,8320.27275846883
pipe,10,10,46.984731857885,Microgale gymnorhyncha,Microgale_gymnorhyncha,MAMMALIA,1,70,17178.4703060859
pipe,10,10,46.984731857885,Microgale longicaudata,Microgale_longicaudata,MAMMALIA,1,362,55233.3480389225
pipe,10,10,46.984731857885,Microgale mergulus,Microgale_mergulus,MAMMALIA,0.999999999892703,64,4378.01809998814
pipe,10,10,46.984731857885,Microgale parvula,Microgale_parvula,MAMMALIA,1,380,56221.1975027013
pipe,10,10,46.984731857885,Microgale principula,Microgale_principula,MAMMALIA,1,246,46418.9419717086
pipe,10,10,46.984731857885,Microgale pusilla,Microgale_pusilla,MAMMALIA,0.999999998544366,177,15703.2266934652
pipe,10,10,46.984731857885,Microgale soricoides,Microgale_soricoides,MAMMALIA,1,71,24714.6599325972
pipe,10,10,46.984731857885,Microgale taiva,Microgale_taiva,MAMMALIA,1,146,38112.8357179474
pipe,10,10,46.984731857885,Microgale thomasi,Microgale_thomasi,MAMMALIA,1,78,22887.3090644965
pipe,10,10,46.984731857885,Mirza coquereli,Mirza_coquereli,MAMMALIA,0.999914222329768,29,1749.26070810568
pipe,10,10,46.984731857885,Monias benschi,Monias_benschi,AVES,0,1,78.2215661596996
pipe,10,10,46.984731857885,Monticola erythronotus,Monticola_erythronotus,AVES,0.505764981643122,1,97.497303661992
pipe,10,10,46.984731857885,Monticola sharpei,Monticola_sharpei,AVES,1,41,69391.2408396952
pipe,10,10,46.984731857885,Monticolomys koopmani,Monticolomys_koopmani,MAMMALIA,0.132627247638879,5,98.0466375863042
pipe,10,10,46.984731857885,Motacilla flaviventris,Motacilla_flaviventris,AVES,0.999999999999997,36,5236.0774564404
pipe,10,10,46.984731857885,Mystacornis crossleyi,Mystacornis_crossleyi,AVES,0.999999999999958,13,42388.6588953679
pipe,10,10,46.984731857885,Neodrepanis coruscans,Neodrepanis_coruscans,AVES,0.999998274679553,14,27576.3123618572
pipe,10,10,46.984731857885,Neodrepanis hypoxantha,Neodrepanis_hypoxantha,AVES,0.0211788109146442,3,88.4296056242715
pipe,10,10,46.984731857885,Neomixis striatigula,Neomixis_striatigula,AVES,1,40,49823.7735106202
pipe,10,10,46.984731857885,Neomixis tenella,Neomixis_tenella,AVES,1,114,68689.7646286308
pipe,10,10,46.984731857885,Neomixis viridis,Neomixis_viridis,AVES,1,30,46996.897369489
pipe,10,10,46.984731857885,Nesillas lantzii,Nesillas_lantzii,AVES,0.999855103324751,4,2095.42718025718
pipe,10,10,46.984731857885,Nesogale dobsoni,Nesogale_dobsoni,MAMMALIA,1,184,57516.6031416097
pipe,10,10,46.984731857885,Nesogale talazaci,Nesogale_talazaci,MAMMALIA,1,175,55892.6524364897
pipe,10,10,46.984731857885,Nesomys audeberti,Nesomys_audeberti,MAMMALIA,1,79,3593.47082806715
pipe,10,10,46.984731857885,Nesomys lambertoni,Nesomys_lambertoni,MAMMALIA,0.999880769916927,20,793.361805072253
pipe,10,10,46.984731857885,Nesomys rufus,Nesomys_rufus,MAMMALIA,1,147,40927.4874247477
pipe,10,10,46.984731857885,Newtonia amphichroa,Newtonia_amphichroa,AVES,1,17,38702.4644417816
pipe,10,10,46.984731857885,Newtonia archboldi,Newtonia_archboldi,AVES,0.99995906367303,8,1519.9804831068
pipe,10,10,46.984731857885,Newtonia brunneicauda,Newtonia_brunneicauda,AVES,1,83,87740.8295943676
pipe,10,10,46.984731857885,Newtonia fanovanae,Newtonia_fanovanae,AVES,0.353055283448799,2,98.220702482002
pipe,10,10,46.984731857885,Oriolia bernieri,Oriolia_bernieri,AVES,0.999999927186664,14,12036.1359083995
pipe,10,10,46.984731857885,Oryzorictes hova,Oryzorictes_hova,MAMMALIA,1,181,54387.1960111962
pipe,10,10,46.984731857885,Oryzorictes tetradactylus,Oryzorictes_tetradactylus,MAMMALIA,0.999999999945797,89,6758.11419627501
pipe,10,10,46.984731857885,Otus rutilus,Otus_rutilus,AVES,0.999999966035895,5,84153.445159512
pipe,10,10,46.984731857885,Oxylabes madagascariensis,Oxylabes_madagascariensis,AVES,1,27,46895.7184941689
pipe,10,10,46.984731857885,Phaner electromontis,Phaner_electromontis,MAMMALIA,6.41384153565738e-08,1,17.2483306993491
pipe,10,10,46.984731857885,Phaner furcifer,Phaner_furcifer,MAMMALIA,0.887904608381639,32,658.502120397017
pipe,10,10,46.984731857885,Phaner pallescens,Phaner_pallescens,MAMMALIA,0.999999993707065,33,2243.14232671289
pipe,10,10,46.984731857885,Phaner parienti,Phaner_parienti,MAMMALIA,0.00280017666108179,1,24.4501852478606
pipe,10,10,46.984731857885,Philepitta castanea,Philepitta_castanea,AVES,0.990684433710084,7,35341.9600953028
pipe,10,10,46.984731857885,Philepitta schlegeli,Philepitta_schlegeli,AVES,0.996396004125122,13,3658.46840227174
pipe,10,10,46.984731857885,Ploceus nelicourvi,Ploceus_nelicourvi,AVES,0.999999999974745,15,53511.5051890107
pipe,10,10,46.984731857885,Ploceus sakalava,Ploceus_sakalava,AVES,0.999999999984995,55,19650.1459896563
pipe,10,10,46.984731857885,Polyboroides radiatus,Polyboroides_radiatus,AVES,0.997406916820673,1,76937.6464984904
pipe,10,10,46.984731857885,Pseudobias wardi,Pseudobias_wardi,AVES,1,20,37822.1599391406
pipe,10,10,46.984731857885,Pterocles personatus,Pterocles_personatus,AVES,0.940118142771648,4,6876.15796477548
pipe,10,10,46.984731857885,Rallus madagascariensis,Rallus_madagascariensis,AVES,0.999998371573555,5,13373.6226126627
pipe,10,10,46.984731857885,Randia pseudozosterops,Randia_pseudozosterops,AVES,0.999999999999474,20,39531.7133369619
pipe,10,10,46.984731857885,Sarothrura insularis,Sarothrura_insularis,AVES,0.999979142028664,8,61076.4339988957
pipe,10,10,46.984731857885,Schetba rufa,Schetba_rufa,AVES,1,28,23507.5999723834
pipe,10,10,46.984731857885,Setifer setosus,Setifer_setosus,MAMMALIA,1,252,86224.9762631462
pipe,10,10,46.984731857885,Tenrec ecaudatus,Tenrec_ecaudatus,MAMMALIA,1,184,86338.9562132404
pipe,10,10,46.984731857885,Thamnornis chloropetoides,Thamnornis_chloropetoides,AVES,0.999996847201181,5,2575.84469626194
pipe,10,10,46.984731857885,Treron australis,Treron_australis,AVES,0.994909258888429,2,76755.5177401997
pipe,10,10,46.984731857885,Turnix nigricollis,Turnix_nigricollis,AVES,0.999997835510203,8,81617.3778270195
pipe,10,10,46.984731857885,Tylas eduardi,Tylas_eduardi,AVES,0.999999999983294,8,52204.5413984811
pipe,10,10,46.984731857885,Vanga curvirostris,Vanga_curvirostris,AVES,0.999998208380409,13,88112.6421933874
pipe,10,10,46.984731857885,Varecia rubra,Varecia_rubra,MAMMALIA,1,95,60412.0409520178
pipe,10,10,46.984731857885,Varecia variegata,Varecia_variegata,MAMMALIA,1,75,60089.0064869787
pipe,10,10,46.984731857885,Xanthomixis apperti,Xanthomixis_apperti,AVES,0.441311211243701,1,68.4073900828693
pipe,10,10,46.984731857885,Xanthomixis cinereiceps,Xanthomixis_cinereiceps,AVES,1,21,15703.3095817263
pipe,10,10,46.984731857885,Xanthomixis zosterops,Xanthomixis_zosterops,AVES,1,26,53750.0847881904
pipe,10,10,46.984731857885,Xenopirostris damii,Xenopirostris_damii,AVES,0.00179910755944268,1,93.5023436630614
pipe,10,10,46.984731857885,Xenopirostris polleni,Xenopirostris_polleni,AVES,0.999999947399134,8,15450.4184468397
pipe,10,10,46.984731857885,Xenopirostris xenopirostris,Xenopirostris_xenopirostris,AVES,0.965058075374104,1,1102.55740261015
pipe,11,11,51.6772071464547,Accipiter henstii,Accipiter_henstii,AVES,0.74799515611707,1,74175.8651166435
pipe,11,11,51.6772071464547,Accipiter madagascariensis,Accipiter_madagascariensis,AVES,0.902610882032234,1,74419.5393344292
pipe,11,11,51.6772071464547,Acrocephalus newtoni,Acrocephalus_newtoni,AVES,1,57,79104.076730072
pipe,11,11,51.6772071464547,Alectroenas madagascariensis,Alectroenas_madagascariensis,AVES,0.999164744849057,6,56518.8166836855
pipe,11,11,51.6772071464547,Allocebus trichotis,Allocebus_trichotis,MAMMALIA,0.0078347349602923,3,72.1001097191941
pipe,11,11,51.6772071464547,Anas bernieri,Anas_bernieri,AVES,0,0,0
pipe,11,11,51.6772071464547,Apus balstoni,Apus_balstoni,AVES,1,16,74628.7403108037
pipe,11,11,51.6772071464547,Artamella viridis,Artamella_viridis,AVES,1,21,77190.0980675752
pipe,11,11,51.6772071464547,Asio madagascariensis,Asio_madagascariensis,AVES,0.865228611563287,3,61613.8940454012
pipe,11,11,51.6772071464547,Atelornis crossleyi,Atelornis_crossleyi,AVES,0.999998315021171,6,11104.0540850055
pipe,11,11,51.6772071464547,Atelornis pittoides,Atelornis_pittoides,AVES,0.999904435045541,4,38996.8824387269
pipe,11,11,51.6772071464547,Athene superciliaris,Athene_superciliaris,AVES,0.99999051025109,3,44853.0154503292
pipe,11,11,51.6772071464547,Avahi laniger,Avahi_laniger,MAMMALIA,1,109,31477.1091544004
pipe,11,11,51.6772071464547,Avahi occidentalis,Avahi_occidentalis,MAMMALIA,0.996177513146535,3,617.947951280703
pipe,11,11,51.6772071464547,Aviceda madagascariensis,Aviceda_madagascariensis,AVES,0.962347763408015,1,71568.75316613
pipe,11,11,51.6772071464547,Bernieria madagascariensis,Bernieria_madagascariensis,AVES,1,35,73378.4782277953
pipe,11,11,51.6772071464547,Brachypteracias leptosomus,Brachypteracias_leptosomus,AVES,0.999739574932253,2,34583.0475336782
pipe,11,11,51.6772071464547,Brachytarsomys albicauda,Brachytarsomys_albicauda,MAMMALIA,0.999999986037982,39,1656.66040545958
pipe,11,11,51.6772071464547,Brachyuromys betsileoensis,Brachyuromys_betsileoensis,MAMMALIA,1,63,11271.3053519293
pipe,11,11,51.6772071464547,Brachyuromys ramirohitra,Brachyuromys_ramirohitra,MAMMALIA,0.655414845690046,2,90.5857082152948
pipe,11,11,51.6772071464547,Bradypterus brunneus,Bradypterus_brunneus,AVES,1,39,11388.8291227701
pipe,11,11,51.6772071464547,Bradypterus seebohmi,Bradypterus_seebohmi,AVES,0.452718233996164,1,71.7493427546058
pipe,11,11,51.6772071464547,Buteo brachypterus,Buteo_brachypterus,AVES,0.825121860471433,1,81607.3188058642
pipe,11,11,51.6772071464547,Calicalicus madagascariensis,Calicalicus_madagascariensis,AVES,1,60,73789.5040733139
pipe,11,11,51.6772071464547,Cheirogaleus crossleyi,Cheirogaleus_crossleyi,MAMMALIA,1,75,5097.61311316707
pipe,11,11,51.6772071464547,Cheirogaleus major,Cheirogaleus_major,MAMMALIA,1,155,57523.2475045505
pipe,11,11,51.6772071464547,Cheirogaleus medius,Cheirogaleus_medius,MAMMALIA,1,411,26964.6398962965
pipe,11,11,51.6772071464547,Cinnyris notatus,Cinnyris_notatus,AVES,1,64,76558.0472728239
pipe,11,11,51.6772071464547,Copsychus albospecularis,Copsychus_albospecularis,AVES,0.999999950289332,11,47111.7153683229
pipe,11,11,51.6772071464547,Coracopsis nigra,Coracopsis_nigra,AVES,0.994116818547111,2,79406.3469633105
pipe,11,11,51.6772071464547,Corythornis madagascariensis,Corythornis_madagascariensis,AVES,0.921167917872197,12,73806.0783031379
pipe,11,11,51.6772071464547,Coua caerulea,Coua_caerulea,AVES,0.999899994066391,5,39371.5010386761
pipe,11,11,51.6772071464547,Coua coquereli,Coua_coquereli,AVES,0.999999087356844,5,15149.267067019
pipe,11,11,51.6772071464547,Coua cristata,Coua_cristata,AVES,0.999999994026873,6,64048.4929535973
pipe,11,11,51.6772071464547,Coua cursor,Coua_cursor,AVES,0.996972148118013,2,5370.4859749334
pipe,11,11,51.6772071464547,Coua gigas,Coua_gigas,AVES,0.999531138465712,1,16796.4972715434
pipe,11,11,51.6772071464547,Coua reynaudii,Coua_reynaudii,AVES,0.999813094914493,4,34228.0959597908
pipe,11,11,51.6772071464547,Coua ruficeps,Coua_ruficeps,AVES,0.959346120072291,3,1326.55515300157
pipe,11,11,51.6772071464547,Coua serriana,Coua_serriana,AVES,0.990369541773342,1,29292.808384646
pipe,11,11,51.6772071464547,Crossleyia xanthophrys,Crossleyia_xanthophrys,AVES,0.999999999999998,38,3765.74928679233
pipe,11,11,51.6772071464547,Cryptoprocta ferox,Cryptoprocta_ferox,MAMMALIA,0.0704722846506246,2,26796.670758898
pipe,11,11,51.6772071464547,Cryptosylvicola randrianasoloi,Cryptosylvicola_randrianasoloi,AVES,1,30,5441.65187626386
pipe,11,11,51.6772071464547,Cyanolanius madagascarinus,Cyanolanius_madagascarinus,AVES,1,43,76379.6956206393
pipe,11,11,51.6772071464547,Daubentonia madagascariensis,Daubentonia_madagascariensis,MAMMALIA,1,85,27224.3150471729
pipe,11,11,51.6772071464547,Echinops telfairi,Echinops_telfairi,MAMMALIA,1,248,25196.2190154523
pipe,11,11,51.6772071464547,Eliurus antsingy,Eliurus_antsingy,MAMMALIA,0.0133737178280204,4,59.4878232162461
pipe,11,11,51.6772071464547,Eliurus grandidieri,Eliurus_grandidieri,MAMMALIA,0.999639968010997,24,901.430484672965
pipe,11,11,51.6772071464547,Eliurus majori,Eliurus_majori,MAMMALIA,1,107,37919.576001946
pipe,11,11,51.6772071464547,Eliurus minor,Eliurus_minor,MAMMALIA,1,368,62907.1584003023
pipe,11,11,51.6772071464547,Eliurus myoxinus,Eliurus_myoxinus,MAMMALIA,1,396,53992.6934691471
pipe,11,11,51.6772071464547,Eliurus tanala,Eliurus_tanala,MAMMALIA,1,162,40087.400515762
pipe,11,11,51.6772071464547,Eliurus webbi,Eliurus_webbi,MAMMALIA,1,167,53652.678116938
pipe,11,11,51.6772071464547,Eremopterix hova,Eremopterix_hova,AVES,0.99997318355737,20,2621.57816138475
pipe,11,11,51.6772071464547,Eulemur albifrons,Eulemur_albifrons,MAMMALIA,1,56,16702.5942728853
pipe,11,11,51.6772071464547,Eulemur cinereiceps,Eulemur_cinereiceps,MAMMALIA,1,201,71906.51677997
pipe,11,11,51.6772071464547,Eulemur collaris,Eulemur_collaris,MAMMALIA,1,185,71714.1912997716
pipe,11,11,51.6772071464547,Eulemur coronatus,Eulemur_coronatus,MAMMALIA,1,197,20808.7332296405
pipe,11,11,51.6772071464547,Eulemur flavifrons,Eulemur_flavifrons,MAMMALIA,0.000213248908682684,1,25.074716512655
pipe,11,11,51.6772071464547,Eulemur fulvus,Eulemur_fulvus,MAMMALIA,1,187,71955.979632919
pipe,11,11,51.6772071464547,Eulemur macaco,Eulemur_macaco,MAMMALIA,1,67,31440.8122455142
pipe,11,11,51.6772071464547,Eulemur mongoz,Eulemur_mongoz,MAMMALIA,0.999999004991649,18,1558.30265450556
pipe,11,11,51.6772071464547,Eulemur rubriventer,Eulemur_rubriventer,MAMMALIA,1,189,63502.1471315333
pipe,11,11,51.6772071464547,Eulemur rufus,Eulemur_rufus,MAMMALIA,1,166,29740.8358723135
pipe,11,11,51.6772071464547,Eulemur sanfordi,Eulemur_sanfordi,MAMMALIA,1,212,71983.7974011808
pipe,11,11,51.6772071464547,Euryceros prevostii,Euryceros_prevostii,AVES,0.998826452680277,3,2790.40519203128
pipe,11,11,51.6772071464547,Falco zoniventris,Falco_zoniventris,AVES,0.900672360814769,1,49458.1781884207
pipe,11,11,51.6772071464547,Falculea palliata,Falculea_palliata,AVES,0.99999999991968,17,12808.6991731515
pipe,11,11,51.6772071464547,Fossa fossana,Fossa_fossana,MAMMALIA,0.978256531662378,2,48482.5009105625
pipe,11,11,51.6772071464547,Foudia madagascariensis,Foudia_madagascariensis,AVES,0.999999999999998,63,84928.1935652584
pipe,11,11,51.6772071464547,Foudia omissa,Foudia_omissa,AVES,0.99999999994858,25,44378.8428783672
pipe,11,11,51.6772071464547,Gactornis enarratus,Gactornis_enarratus,AVES,0.999998787617432,5,44473.6271074001
pipe,11,11,51.6772071464547,Galidia elegans,Galidia_elegans,MAMMALIA,0.967707133164677,5,46656.5199292843
pipe,11,11,51.6772071464547,Galidictis fasciata,Galidictis_fasciata,MAMMALIA,0,3,4247.07070700451
pipe,11,11,51.6772071464547,Geobiastes squamiger,Geobiastes_squamiger,AVES,0.999179316585946,5,10159.1618101466
pipe,11,11,51.6772071464547,Geogale aurita,Geogale_aurita,MAMMALIA,1,286,18095.749148667
pipe,11,11,51.6772071464547,Gymnuromys roberti,Gymnuromys_roberti,MAMMALIA,1,72,24099.8146311706
pipe,11,11,51.6772071464547,Haliaeetus vociferoides,Haliaeetus_vociferoides,AVES,0.0115773783592114,1,5133.49426771156
pipe,11,11,51.6772071464547,Hapalemur alaotrensis,Hapalemur_alaotrensis,MAMMALIA,0.999999999999999,42,3187.62127577975
pipe,11,11,51.6772071464547,Hapalemur aureus,Hapalemur_aureus,MAMMALIA,0.999999951389243,16,1513.43266623406
pipe,11,11,51.6772071464547,Hapalemur griseus,Hapalemur_griseus,MAMMALIA,1,191,72003.8709655354
pipe,11,11,51.6772071464547,Hapalemur occidentalis,Hapalemur_occidentalis,MAMMALIA,0.999855228415505,18,744.45415028689
pipe,11,11,51.6772071464547,Hartertula flavoviridis,Hartertula_flavoviridis,AVES,1,41,7496.93638903524
pipe,11,11,51.6772071464547,Hartlaubius auratus,Hartlaubius_auratus,AVES,0.99999999999742,23,74139.0236225413
pipe,11,11,51.6772071464547,Hemicentetes nigriceps,Hemicentetes_nigriceps,MAMMALIA,0.999669796001954,25,1600.36435605074
pipe,11,11,51.6772071464547,Hemicentetes semispinosus,Hemicentetes_semispinosus,MAMMALIA,1,121,59844.991289011
pipe,11,11,51.6772071464547,Hypogeomys antimena,Hypogeomys_antimena,MAMMALIA,0.133821965614829,4,93.1612903583482
pipe,11,11,51.6772071464547,Hypositta corallirostris,Hypositta_corallirostris,AVES,0.999999954375489,20,52740.3134880397
pipe,11,11,51.6772071464547,Indri indri,Indri_indri,MAMMALIA,0.999999999999245,21,54773.2633656905
pipe,11,11,51.6772071464547,Lemur catta,Lemur_catta,MAMMALIA,1,122,10804.8733915229
pipe,11,11,51.6772071464547,Lepidopygia nana,Lepidopygia_nana,AVES,0.999998448738539,106,88309.11856216
pipe,11,11,51.6772071464547,Lepilemur ankaranensis,Lepilemur_ankaranensis,MAMMALIA,0.942459903341432,9,316.5934792843
pipe,11,11,51.6772071464547,Lepilemur edwardsi,Lepilemur_edwardsi,MAMMALIA,1,51,5449.64284269971
pipe,11,11,51.6772071464547,Lepilemur leucopus,Lepilemur_leucopus,MAMMALIA,1,45,4884.30780170229
pipe,11,11,51.6772071464547,Lepilemur microdon,Lepilemur_microdon,MAMMALIA,0.999999999044492,30,3482.0956089341
pipe,11,11,51.6772071464547,Lepilemur mustelinus,Lepilemur_mustelinus,MAMMALIA,1,201,60340.6071656976
pipe,11,11,51.6772071464547,Lepilemur ruficaudatus,Lepilemur_ruficaudatus,MAMMALIA,1,103,6997.1170811251
pipe,11,11,51.6772071464547,Leptopterus chabert,Leptopterus_chabert,AVES,1,45,82689.8734938227
pipe,11,11,51.6772071464547,Lophotibis cristata,Lophotibis_cristata,AVES,0.999794756975482,2,72882.4607324695
pipe,11,11,51.6772071464547,Macrotarsomys bastardi,Macrotarsomys_bastardi,MAMMALIA,0.999999999999983,84,3466.58658635502
pipe,11,11,51.6772071464547,Margaroperdix madagarensis,Margaroperdix_madagarensis,AVES,0.999999735787142,6,65988.4833612091
pipe,11,11,51.6772071464547,Mentocrex kioloides,Mentocrex_kioloides,AVES,0.997422970473101,2,30848.2055255128
pipe,11,11,51.6772071464547,Mesitornis unicolor,Mesitornis_unicolor,AVES,0,1,89.8278131379881
pipe,11,11,51.6772071464547,Mesitornis variegatus,Mesitornis_variegatus,AVES,0.99860862317718,5,2720.43935337696
pipe,11,11,51.6772071464547,Microcebus berthae,Microcebus_berthae,MAMMALIA,1.52725564417366e-08,2,16.7952443947329
pipe,11,11,51.6772071464547,Microcebus griseorufus,Microcebus_griseorufus,MAMMALIA,0.995763539856305,11,459.298684679831
pipe,11,11,51.6772071464547,Microcebus murinus,Microcebus_murinus,MAMMALIA,1,558,52168.0584760089
pipe,11,11,51.6772071464547,Microcebus myoxinus,Microcebus_myoxinus,MAMMALIA,0.999999911124906,48,808.447384207392
pipe,11,11,51.6772071464547,Microcebus ravelobensis,Microcebus_ravelobensis,MAMMALIA,0.778620368188717,11,230.272453169512
pipe,11,11,51.6772071464547,Microcebus rufus,Microcebus_rufus,MAMMALIA,1,252,57344.205244873
pipe,11,11,51.6772071464547,Microcebus tavaratra,Microcebus_tavaratra,MAMMALIA,0.993485781713749,26,626.948219473148
pipe,11,11,51.6772071464547,Microgale brevicaudata,Microgale_brevicaudata,MAMMALIA,1,327,22142.0485517269
pipe,11,11,51.6772071464547,Microgale cowani,Microgale_cowani,MAMMALIA,1,170,47997.0219784615
pipe,11,11,51.6772071464547,Microgale drouhardi,Microgale_drouhardi,MAMMALIA,1,137,23821.6047663765
pipe,11,11,51.6772071464547,Microgale dryas,Microgale_dryas,MAMMALIA,0.897201397748361,45,1293.30665845933
pipe,11,11,51.6772071464547,Microgale fotsifotsy,Microgale_fotsifotsy,MAMMALIA,1,149,27031.1699218368
pipe,11,11,51.6772071464547,Microgale gracilis,Microgale_gracilis,MAMMALIA,0.999999999966239,85,8110.68115501404
pipe,11,11,51.6772071464547,Microgale gymnorhyncha,Microgale_gymnorhyncha,MAMMALIA,1,62,16765.192843361
pipe,11,11,51.6772071464547,Microgale longicaudata,Microgale_longicaudata,MAMMALIA,1,289,53686.100606771
pipe,11,11,51.6772071464547,Microgale mergulus,Microgale_mergulus,MAMMALIA,0.999999999872023,59,4202.84625555419
pipe,11,11,51.6772071464547,Microgale parvula,Microgale_parvula,MAMMALIA,1,312,55043.2738067298
pipe,11,11,51.6772071464547,Microgale principula,Microgale_principula,MAMMALIA,1,195,45504.9036402166
pipe,11,11,51.6772071464547,Microgale pusilla,Microgale_pusilla,MAMMALIA,0.999999998068304,179,15296.0600078846
pipe,11,11,51.6772071464547,Microgale soricoides,Microgale_soricoides,MAMMALIA,1,65,24314.7254994656
pipe,11,11,51.6772071464547,Microgale taiva,Microgale_taiva,MAMMALIA,1,122,37711.0831254728
pipe,11,11,51.6772071464547,Microgale thomasi,Microgale_thomasi,MAMMALIA,1,73,22511.4521410676
pipe,11,11,51.6772071464547,Mirza coquereli,Mirza_coquereli,MAMMALIA,0.999885359257899,22,1477.22540554064
pipe,11,11,51.6772071464547,Monias benschi,Monias_benschi,AVES,0,1,78.2215661596996
pipe,11,11,51.6772071464547,Monticola erythronotus,Monticola_erythronotus,AVES,0.505764981643122,1,97.497303661992
pipe,11,11,51.6772071464547,Monticola sharpei,Monticola_sharpei,AVES,1,39,63978.0476725935
pipe,11,11,51.6772071464547,Monticolomys koopmani,Monticolomys_koopmani,MAMMALIA,0.132627247638879,5,98.0466375863042
pipe,11,11,51.6772071464547,Motacilla flaviventris,Motacilla_flaviventris,AVES,0.999999999992846,31,4318.69489868934
pipe,11,11,51.6772071464547,Mystacornis crossleyi,Mystacornis_crossleyi,AVES,0.99999999999995,11,41867.1613940709
pipe,11,11,51.6772071464547,Neodrepanis coruscans,Neodrepanis_coruscans,AVES,0.999998881178031,13,27423.655263797
pipe,11,11,51.6772071464547,Neodrepanis hypoxantha,Neodrepanis_hypoxantha,AVES,0.0211788109146442,3,88.4296056242715
pipe,11,11,51.6772071464547,Neomixis striatigula,Neomixis_striatigula,AVES,1,38,48851.3651581905
pipe,11,11,51.6772071464547,Neomixis tenella,Neomixis_tenella,AVES,1,106,63549.348219529
pipe,11,11,51.6772071464547,Neomixis viridis,Neomixis_viridis,AVES,0.999999999999998,29,46355.7909575298
pipe,11,11,51.6772071464547,Nesillas lantzii,Nesillas_lantzii,AVES,0.999765844311714,5,2071.54868198889
pipe,11,11,51.6772071464547,Nesogale dobsoni,Nesogale_dobsoni,MAMMALIA,1,147,55383.4111448635
pipe,11,11,51.6772071464547,Nesogale talazaci,Nesogale_talazaci,MAMMALIA,1,145,54778.2026895399
pipe,11,11,51.6772071464547,Nesomys audeberti,Nesomys_audeberti,MAMMALIA,1,71,3518.63111986446
pipe,11,11,51.6772071464547,Nesomys lambertoni,Nesomys_lambertoni,MAMMALIA,0.999858999090888,20,778.791585380194
pipe,11,11,51.6772071464547,Nesomys rufus,Nesomys_rufus,MAMMALIA,1,118,40212.7693821609
pipe,11,11,51.6772071464547,Newtonia amphichroa,Newtonia_amphichroa,AVES,1,17,38093.7421770121
pipe,11,11,51.6772071464547,Newtonia archboldi,Newtonia_archboldi,AVES,0.999955573539575,6,1464.44119924165
pipe,11,11,51.6772071464547,Newtonia brunneicauda,Newtonia_brunneicauda,AVES,1,83,81242.833256654
pipe,11,11,51.6772071464547,Newtonia fanovanae,Newtonia_fanovanae,AVES,0.353055283448799,2,98.220702482002
pipe,11,11,51.6772071464547,Oriolia bernieri,Oriolia_bernieri,AVES,0.999999916906255,13,11713.9703290897
pipe,11,11,51.6772071464547,Oryzorictes hova,Oryzorictes_hova,MAMMALIA,1,147,53023.4909222239
pipe,11,11,51.6772071464547,Oryzorictes tetradactylus,Oryzorictes_tetradactylus,MAMMALIA,0.999999999849616,83,6435.39163747199
pipe,11,11,51.6772071464547,Otus rutilus,Otus_rutilus,AVES,0.99999999991945,8,79573.5098601467
pipe,11,11,51.6772071464547,Oxylabes madagascariensis,Oxylabes_madagascariensis,AVES,1,27,46226.3319664393
pipe,11,11,51.6772071464547,Phaner electromontis,Phaner_electromontis,MAMMALIA,6.41384153565738e-08,1,17.2483306993491
pipe,11,11,51.6772071464547,Phaner furcifer,Phaner_furcifer,MAMMALIA,0.887904608381639,30,642.341361583547
pipe,11,11,51.6772071464547,Phaner pallescens,Phaner_pallescens,MAMMALIA,0.999999812498026,24,1915.81531526898
pipe,11,11,51.6772071464547,Phaner parienti,Phaner_parienti,MAMMALIA,0.00280017666108179,1,24.4501852478606
pipe,11,11,51.6772071464547,Philepitta castanea,Philepitta_castanea,AVES,0.990607907343268,5,34953.254454813
pipe,11,11,51.6772071464547,Philepitta schlegeli,Philepitta_schlegeli,AVES,0.996234803278652,13,3629.0089612033
pipe,11,11,51.6772071464547,Ploceus nelicourvi,Ploceus_nelicourvi,AVES,0.999999999999997,16,52480.5030329681
pipe,11,11,51.6772071464547,Ploceus sakalava,Ploceus_sakalava,AVES,0.99999999979228,52,16288.0363070148
pipe,11,11,51.6772071464547,Polyboroides radiatus,Polyboroides_radiatus,AVES,0.996951226959313,1,69815.2813283821
pipe,11,11,51.6772071464547,Pseudobias wardi,Pseudobias_wardi,AVES,1,19,37434.2150740909
pipe,11,11,51.6772071464547,Pterocles personatus,Pterocles_personatus,AVES,0.939919864031225,3,6590.36395288397
pipe,11,11,51.6772071464547,Rallus madagascariensis,Rallus_madagascariensis,AVES,0.9999982973805,5,13137.8226022139
pipe,11,11,51.6772071464547,Randia pseudozosterops,Randia_pseudozosterops,AVES,0.999999999999724,22,38907.4669040536
pipe,11,11,51.6772071464547,Sarothrura insularis,Sarothrura_insularis,AVES,0.999973706068318,7,59012.2497145767
pipe,11,11,51.6772071464547,Schetba rufa,Schetba_rufa,AVES,1,27,23006.0565271664
pipe,11,11,51.6772071464547,Setifer setosus,Setifer_setosus,MAMMALIA,1,216,80186.1982746362
pipe,11,11,51.6772071464547,Tenrec ecaudatus,Tenrec_ecaudatus,MAMMALIA,1,164,80814.9231531588
pipe,11,11,51.6772071464547,Thamnornis chloropetoides,Thamnornis_chloropetoides,AVES,0.9999976960987,6,2366.82488545541
pipe,11,11,51.6772071464547,Treron australis,Treron_australis,AVES,0.99437610283989,1,70163.9528451529
pipe,11,11,51.6772071464547,Turnix nigricollis,Turnix_nigricollis,AVES,0.999999997812249,12,73352.4449876812
pipe,11,11,51.6772071464547,Tylas eduardi,Tylas_eduardi,AVES,0.999999999962273,8,51027.686155119
pipe,11,11,51.6772071464547,Vanga curvirostris,Vanga_curvirostris,AVES,0.999999999970951,17,80979.6140343021
pipe,11,11,51.6772071464547,Varecia rubra,Varecia_rubra,MAMMALIA,1,86,58887.889181655
pipe,11,11,51.6772071464547,Varecia variegata,Varecia_variegata,MAMMALIA,1,71,58624.2182404346
pipe,11,11,51.6772071464547,Xanthomixis apperti,Xanthomixis_apperti,AVES,0.441311211243701,1,68.4073900828693
pipe,11,11,51.6772071464547,Xanthomixis cinereiceps,Xanthomixis_cinereiceps,AVES,1,20,15496.9361062582
pipe,11,11,51.6772071464547,Xanthomixis zosterops,Xanthomixis_zosterops,AVES,1,28,52729.9796655314
pipe,11,11,51.6772071464547,Xenopirostris damii,Xenopirostris_damii,AVES,0.00179910755944268,1,93.5023436630614
pipe,11,11,51.6772071464547,Xenopirostris polleni,Xenopirostris_polleni,AVES,0.999999943712475,8,15168.0261676681
pipe,11,11,51.6772071464547,Xenopirostris xenopirostris,Xenopirostris_xenopirostris,AVES,0.965058075374104,1,1102.55740261015
pipe,12,12,56.3696355398155,Accipiter henstii,Accipiter_henstii,AVES,0.728488735321518,1,67429.1476233291
pipe,12,12,56.3696355398155,Accipiter madagascariensis,Accipiter_madagascariensis,AVES,0.893772679966514,1,68161.9586253929
pipe,12,12,56.3696355398155,Acrocephalus newtoni,Acrocephalus_newtoni,AVES,1,46,72411.3771781901
pipe,12,12,56.3696355398155,Alectroenas madagascariensis,Alectroenas_madagascariensis,AVES,0.998625206045974,8,52113.6653357399
pipe,12,12,56.3696355398155,Allocebus trichotis,Allocebus_trichotis,MAMMALIA,0.0078347349602923,3,72.1001097191941
pipe,12,12,56.3696355398155,Anas bernieri,Anas_bernieri,AVES,0,0,0
pipe,12,12,56.3696355398155,Apus balstoni,Apus_balstoni,AVES,1,16,68458.0639913205
pipe,12,12,56.3696355398155,Artamella viridis,Artamella_viridis,AVES,1,23,69492.657409775
pipe,12,12,56.3696355398155,Asio madagascariensis,Asio_madagascariensis,AVES,0.8591334811836,3,58240.4419029567
pipe,12,12,56.3696355398155,Atelornis crossleyi,Atelornis_crossleyi,AVES,0.999998262708505,6,10982.5667040888
pipe,12,12,56.3696355398155,Atelornis pittoides,Atelornis_pittoides,AVES,0.999998818940936,5,37493.7717825434
pipe,12,12,56.3696355398155,Athene superciliaris,Athene_superciliaris,AVES,0.999999981271095,5,39666.1151213752
pipe,12,12,56.3696355398155,Avahi laniger,Avahi_laniger,MAMMALIA,1,85,30262.8027946667
pipe,12,12,56.3696355398155,Avahi occidentalis,Avahi_occidentalis,MAMMALIA,0.996177513146535,3,617.947951280703
pipe,12,12,56.3696355398155,Aviceda madagascariensis,Aviceda_madagascariensis,AVES,0.956777924442861,1,64145.4145914692
pipe,12,12,56.3696355398155,Bernieria madagascariensis,Bernieria_madagascariensis,AVES,1,29,67818.5942754474
pipe,12,12,56.3696355398155,Brachypteracias leptosomus,Brachypteracias_leptosomus,AVES,0.999731447179416,1,33911.5076343878
pipe,12,12,56.3696355398155,Brachytarsomys albicauda,Brachytarsomys_albicauda,MAMMALIA,0.999999984182247,38,1637.48880969617
pipe,12,12,56.3696355398155,Brachyuromys betsileoensis,Brachyuromys_betsileoensis,MAMMALIA,1,43,10525.934486196
pipe,12,12,56.3696355398155,Brachyuromys ramirohitra,Brachyuromys_ramirohitra,MAMMALIA,0.655414845690046,2,90.5857082152948
pipe,12,12,56.3696355398155,Bradypterus brunneus,Bradypterus_brunneus,AVES,1,37,10883.7010341954
pipe,12,12,56.3696355398155,Bradypterus seebohmi,Bradypterus_seebohmi,AVES,0.452718233996164,1,71.7493427546058
pipe,12,12,56.3696355398155,Buteo brachypterus,Buteo_brachypterus,AVES,0.808691299491919,1,73508.0137776004
pipe,12,12,56.3696355398155,Calicalicus madagascariensis,Calicalicus_madagascariensis,AVES,1,45,68037.2755430512
pipe,12,12,56.3696355398155,Cheirogaleus crossleyi,Cheirogaleus_crossleyi,MAMMALIA,1,71,4961.52104680522
pipe,12,12,56.3696355398155,Cheirogaleus major,Cheirogaleus_major,MAMMALIA,1,95,55132.3916825213
pipe,12,12,56.3696355398155,Cheirogaleus medius,Cheirogaleus_medius,MAMMALIA,1,341,23032.8326053553
pipe,12,12,56.3696355398155,Cinnyris notatus,Cinnyris_notatus,AVES,1,53,69621.1443564652
pipe,12,12,56.3696355398155,Copsychus albospecularis,Copsychus_albospecularis,AVES,0.999999841914105,10,45434.0738321126
pipe,12,12,56.3696355398155,Coracopsis nigra,Coracopsis_nigra,AVES,0.999916034291314,9,72106.7859536667
pipe,12,12,56.3696355398155,Corythornis madagascariensis,Corythornis_madagascariensis,AVES,0.911695273672797,12,67450.7996421813
pipe,12,12,56.3696355398155,Coua caerulea,Coua_caerulea,AVES,0.999894624520836,4,38255.6034977525
pipe,12,12,56.3696355398155,Coua coquereli,Coua_coquereli,AVES,0.999999763701666,5,13900.4639797553
pipe,12,12,56.3696355398155,Coua cristata,Coua_cristata,AVES,0.999999999991157,7,59044.5200538309
pipe,12,12,56.3696355398155,Coua cursor,Coua_cursor,AVES,0.995202513570652,2,4369.96401996312
pipe,12,12,56.3696355398155,Coua gigas,Coua_gigas,AVES,0.999380735026406,1,14723.4666074722
pipe,12,12,56.3696355398155,Coua reynaudii,Coua_reynaudii,AVES,0.999701218102869,4,32374.0229193718
pipe,12,12,56.3696355398155,Coua ruficeps,Coua_ruficeps,AVES,0.959346120072291,3,1326.55515300157
pipe,12,12,56.3696355398155,Coua serriana,Coua_serriana,AVES,0.990030953916825,1,28499.4584301127
pipe,12,12,56.3696355398155,Crossleyia xanthophrys,Crossleyia_xanthophrys,AVES,0.999999999999989,37,3578.49694773963
pipe,12,12,56.3696355398155,Cryptoprocta ferox,Cryptoprocta_ferox,MAMMALIA,0.0704722846506246,2,26796.670758898
pipe,12,12,56.3696355398155,Cryptosylvicola randrianasoloi,Cryptosylvicola_randrianasoloi,AVES,1,29,5378.29828326155
pipe,12,12,56.3696355398155,Cyanolanius madagascarinus,Cyanolanius_madagascarinus,AVES,1,34,68817.92082883
pipe,12,12,56.3696355398155,Daubentonia madagascariensis,Daubentonia_madagascariensis,MAMMALIA,1,74,25554.8639446843
pipe,12,12,56.3696355398155,Echinops telfairi,Echinops_telfairi,MAMMALIA,1,222,21975.7469330331
pipe,12,12,56.3696355398155,Eliurus antsingy,Eliurus_antsingy,MAMMALIA,0.0133737178280204,4,59.4878232162461
pipe,12,12,56.3696355398155,Eliurus grandidieri,Eliurus_grandidieri,MAMMALIA,0.999629359821735,24,900.263791531973
pipe,12,12,56.3696355398155,Eliurus majori,Eliurus_majori,MAMMALIA,1,66,36344.0085338975
pipe,12,12,56.3696355398155,Eliurus minor,Eliurus_minor,MAMMALIA,1,252,58894.333869076
pipe,12,12,56.3696355398155,Eliurus myoxinus,Eliurus_myoxinus,MAMMALIA,1,320,48722.1516299549
pipe,12,12,56.3696355398155,Eliurus tanala,Eliurus_tanala,MAMMALIA,1,112,38302.3595119981
pipe,12,12,56.3696355398155,Eliurus webbi,Eliurus_webbi,MAMMALIA,1,99,51262.2075223646
pipe,12,12,56.3696355398155,Eremopterix hova,Eremopterix_hova,AVES,0.999956263377856,21,2571.96337525052
pipe,12,12,56.3696355398155,Eulemur albifrons,Eulemur_albifrons,MAMMALIA,1,39,15826.7511074791
pipe,12,12,56.3696355398155,Eulemur cinereiceps,Eulemur_cinereiceps,MAMMALIA,1,145,65970.990383533
pipe,12,12,56.3696355398155,Eulemur collaris,Eulemur_collaris,MAMMALIA,1,136,65861.4301713123
pipe,12,12,56.3696355398155,Eulemur coronatus,Eulemur_coronatus,MAMMALIA,1,166,17666.3164676374
pipe,12,12,56.3696355398155,Eulemur flavifrons,Eulemur_flavifrons,MAMMALIA,0.000213248908682684,1,25.074716512655
pipe,12,12,56.3696355398155,Eulemur fulvus,Eulemur_fulvus,MAMMALIA,1,138,65983.8532613453
pipe,12,12,56.3696355398155,Eulemur macaco,Eulemur_macaco,MAMMALIA,1,50,29801.9160182843
pipe,12,12,56.3696355398155,Eulemur mongoz,Eulemur_mongoz,MAMMALIA,0.999996580933263,16,1314.08461623204
pipe,12,12,56.3696355398155,Eulemur rubriventer,Eulemur_rubriventer,MAMMALIA,1,127,59308.0384053283
pipe,12,12,56.3696355398155,Eulemur rufus,Eulemur_rufus,MAMMALIA,1,139,27669.6315509357
pipe,12,12,56.3696355398155,Eulemur sanfordi,Eulemur_sanfordi,MAMMALIA,1,152,66019.187004584
pipe,12,12,56.3696355398155,Euryceros prevostii,Euryceros_prevostii,AVES,0.998804606528494,3,2785.29564826215
pipe,12,12,56.3696355398155,Falco zoniventris,Falco_zoniventris,AVES,0.939264482629908,2,45058.8369918617
pipe,12,12,56.3696355398155,Falculea palliata,Falculea_palliata,AVES,0.999999999698945,15,10675.7557886198
pipe,12,12,56.3696355398155,Fossa fossana,Fossa_fossana,MAMMALIA,0.977643376571662,2,48172.9061852121
pipe,12,12,56.3696355398155,Foudia madagascariensis,Foudia_madagascariensis,AVES,1,53,75975.0312870482
pipe,12,12,56.3696355398155,Foudia omissa,Foudia_omissa,AVES,0.999999999390669,18,42754.5464711925
pipe,12,12,56.3696355398155,Gactornis enarratus,Gactornis_enarratus,AVES,0.999999996694959,6,42968.3959755127
pipe,12,12,56.3696355398155,Galidia elegans,Galidia_elegans,MAMMALIA,0.967500746542787,5,46386.7580250505
pipe,12,12,56.3696355398155,Galidictis fasciata,Galidictis_fasciata,MAMMALIA,0,3,4247.07070700451
pipe,12,12,56.3696355398155,Geobiastes squamiger,Geobiastes_squamiger,AVES,0.999052491731398,5,9941.63591219338
pipe,12,12,56.3696355398155,Geogale aurita,Geogale_aurita,MAMMALIA,1,249,16138.9197377314
pipe,12,12,56.3696355398155,Gymnuromys roberti,Gymnuromys_roberti,MAMMALIA,1,50,23430.8220780668
pipe,12,12,56.3696355398155,Haliaeetus vociferoides,Haliaeetus_vociferoides,AVES,0.0115773783592114,1,5133.49426771156
pipe,12,12,56.3696355398155,Hapalemur alaotrensis,Hapalemur_alaotrensis,MAMMALIA,0.999999999999999,42,3187.35242197248
pipe,12,12,56.3696355398155,Hapalemur aureus,Hapalemur_aureus,MAMMALIA,0.999999927750903,15,1473.17810528011
pipe,12,12,56.3696355398155,Hapalemur griseus,Hapalemur_griseus,MAMMALIA,1,137,66221.2662399596
pipe,12,12,56.3696355398155,Hapalemur occidentalis,Hapalemur_occidentalis,MAMMALIA,0.999741741795847,16,703.697294348405
pipe,12,12,56.3696355398155,Hartertula flavoviridis,Hartertula_flavoviridis,AVES,1,35,7171.48446014591
pipe,12,12,56.3696355398155,Hartlaubius auratus,Hartlaubius_auratus,AVES,1,23,67714.8661094229
pipe,12,12,56.3696355398155,Hemicentetes nigriceps,Hemicentetes_nigriceps,MAMMALIA,0.99966823257837,22,1544.66950564516
pipe,12,12,56.3696355398155,Hemicentetes semispinosus,Hemicentetes_semispinosus,MAMMALIA,1,78,55899.7842084299
pipe,12,12,56.3696355398155,Hypogeomys antimena,Hypogeomys_antimena,MAMMALIA,0.133821965614829,3,81.1960723686169
pipe,12,12,56.3696355398155,Hypositta corallirostris,Hypositta_corallirostris,AVES,0.999999818577061,18,50989.3721587019
pipe,12,12,56.3696355398155,Indri indri,Indri_indri,MAMMALIA,0.99999999999815,16,52592.3130309629
pipe,12,12,56.3696355398155,Lemur catta,Lemur_catta,MAMMALIA,1,104,9602.07531932993
pipe,12,12,56.3696355398155,Lepidopygia nana,Lepidopygia_nana,AVES,0.999998071084426,82,79813.0328168379
pipe,12,12,56.3696355398155,Lepilemur ankaranensis,Lepilemur_ankaranensis,MAMMALIA,0.942459903341432,9,316.5934792843
pipe,12,12,56.3696355398155,Lepilemur edwardsi,Lepilemur_edwardsi,MAMMALIA,1,41,4853.56749214191
pipe,12,12,56.3696355398155,Lepilemur leucopus,Lepilemur_leucopus,MAMMALIA,1,45,3928.6458236983
pipe,12,12,56.3696355398155,Lepilemur microdon,Lepilemur_microdon,MAMMALIA,0.999999998743936,29,3364.41418632741
pipe,12,12,56.3696355398155,Lepilemur mustelinus,Lepilemur_mustelinus,MAMMALIA,1,142,56324.7507419143
pipe,12,12,56.3696355398155,Lepilemur ruficaudatus,Lepilemur_ruficaudatus,MAMMALIA,1,86,6230.45487391578
pipe,12,12,56.3696355398155,Leptopterus chabert,Leptopterus_chabert,AVES,1,38,74010.445609144
pipe,12,12,56.3696355398155,Lophotibis cristata,Lophotibis_cristata,AVES,0.999758715184553,1,67086.9124965409
pipe,12,12,56.3696355398155,Macrotarsomys bastardi,Macrotarsomys_bastardi,MAMMALIA,0.999999999999119,69,2953.32740242638
pipe,12,12,56.3696355398155,Margaroperdix madagarensis,Margaroperdix_madagarensis,AVES,0.999999999844301,10,60591.4948459706
pipe,12,12,56.3696355398155,Mentocrex kioloides,Mentocrex_kioloides,AVES,0.997363926678948,1,30281.9933233803
pipe,12,12,56.3696355398155,Mesitornis unicolor,Mesitornis_unicolor,AVES,0,1,89.8278131379881
pipe,12,12,56.3696355398155,Mesitornis variegatus,Mesitornis_variegatus,AVES,0.998460936252824,5,2683.2968111132
pipe,12,12,56.3696355398155,Microcebus berthae,Microcebus_berthae,MAMMALIA,1.52725564417366e-08,1,10.8090685387869
pipe,12,12,56.3696355398155,Microcebus griseorufus,Microcebus_griseorufus,MAMMALIA,0.995763539856305,11,459.298684679831
pipe,12,12,56.3696355398155,Microcebus murinus,Microcebus_murinus,MAMMALIA,1,474,46073.8409332307
pipe,12,12,56.3696355398155,Microcebus myoxinus,Microcebus_myoxinus,MAMMALIA,0.999999873262007,38,780.379742602939
pipe,12,12,56.3696355398155,Microcebus ravelobensis,Microcebus_ravelobensis,MAMMALIA,0.778620368188717,11,230.272453169512
pipe,12,12,56.3696355398155,Microcebus rufus,Microcebus_rufus,MAMMALIA,1,156,53655.2734845104
pipe,12,12,56.3696355398155,Microcebus tavaratra,Microcebus_tavaratra,MAMMALIA,0.993485138533531,23,604.557948940296
pipe,12,12,56.3696355398155,Microgale brevicaudata,Microgale_brevicaudata,MAMMALIA,1,278,19968.2049436621
pipe,12,12,56.3696355398155,Microgale cowani,Microgale_cowani,MAMMALIA,1,108,45034.045299881
pipe,12,12,56.3696355398155,Microgale drouhardi,Microgale_drouhardi,MAMMALIA,1,104,22771.4326017106
pipe,12,12,56.3696355398155,Microgale dryas,Microgale_dryas,MAMMALIA,0.897201397746048,41,1257.07032099477
pipe,12,12,56.3696355398155,Microgale fotsifotsy,Microgale_fotsifotsy,MAMMALIA,1,108,25701.3119363346
pipe,12,12,56.3696355398155,Microgale gracilis,Microgale_gracilis,MAMMALIA,0.999999999962283,69,7866.25805804387
pipe,12,12,56.3696355398155,Microgale gymnorhyncha,Microgale_gymnorhyncha,MAMMALIA,1,44,15792.4066896971
pipe,12,12,56.3696355398155,Microgale longicaudata,Microgale_longicaudata,MAMMALIA,1,185,50022.5817325921
pipe,12,12,56.3696355398155,Microgale mergulus,Microgale_mergulus,MAMMALIA,0.999999999865305,54,4120.3448809317
pipe,12,12,56.3696355398155,Microgale parvula,Microgale_parvula,MAMMALIA,1,197,52352.3115387927
pipe,12,12,56.3696355398155,Microgale principula,Microgale_principula,MAMMALIA,1,132,44272.6919609692
pipe,12,12,56.3696355398155,Microgale pusilla,Microgale_pusilla,MAMMALIA,0.99999999745647,143,14525.2554737759
pipe,12,12,56.3696355398155,Microgale soricoides,Microgale_soricoides,MAMMALIA,1,43,23142.1250283815
pipe,12,12,56.3696355398155,Microgale taiva,Microgale_taiva,MAMMALIA,1,82,36602.646277761
pipe,12,12,56.3696355398155,Microgale thomasi,Microgale_thomasi,MAMMALIA,1,60,22133.4934772399
pipe,12,12,56.3696355398155,Mirza coquereli,Mirza_coquereli,MAMMALIA,0.999856652851297,17,1322.37266242896
pipe,12,12,56.3696355398155,Monias benschi,Monias_benschi,AVES,0,1,78.2215661596996
pipe,12,12,56.3696355398155,Monticola erythronotus,Monticola_erythronotus,AVES,0.505764981643122,1,97.497303661992
pipe,12,12,56.3696355398155,Monticola sharpei,Monticola_sharpei,AVES,1,31,59558.7638236581
pipe,12,12,56.3696355398155,Monticolomys koopmani,Monticolomys_koopmani,MAMMALIA,0.132627247638879,5,98.0466375863042
pipe,12,12,56.3696355398155,Motacilla flaviventris,Motacilla_flaviventris,AVES,0.999999999705593,23,3735.16562361408
pipe,12,12,56.3696355398155,Mystacornis crossleyi,Mystacornis_crossleyi,AVES,0.99999999999541,10,40545.8317938078
pipe,12,12,56.3696355398155,Neodrepanis coruscans,Neodrepanis_coruscans,AVES,0.999998878249812,12,27004.9373347697
pipe,12,12,56.3696355398155,Neodrepanis hypoxantha,Neodrepanis_hypoxantha,AVES,0.0211788109146442,3,88.4296056242715
pipe,12,12,56.3696355398155,Neomixis striatigula,Neomixis_striatigula,AVES,0.999999999999988,24,46942.1494754837
pipe,12,12,56.3696355398155,Neomixis tenella,Neomixis_tenella,AVES,1,87,58812.2889725202
pipe,12,12,56.3696355398155,Neomixis viridis,Neomixis_viridis,AVES,0.999999999999969,21,44774.6988112998
pipe,12,12,56.3696355398155,Nesillas lantzii,Nesillas_lantzii,AVES,0.999614638694508,5,1646.5102872913
pipe,12,12,56.3696355398155,Nesogale dobsoni,Nesogale_dobsoni,MAMMALIA,1,97,51963.6436640516
pipe,12,12,56.3696355398155,Nesogale talazaci,Nesogale_talazaci,MAMMALIA,1,100,52379.2062962704
pipe,12,12,56.3696355398155,Nesomys audeberti,Nesomys_audeberti,MAMMALIA,1,65,3415.62833199044
pipe,12,12,56.3696355398155,Nesomys lambertoni,Nesomys_lambertoni,MAMMALIA,0.99984883647885,12,670.89111574741
pipe,12,12,56.3696355398155,Nesomys rufus,Nesomys_rufus,MAMMALIA,1,82,39119.4084412573
pipe,12,12,56.3696355398155,Newtonia amphichroa,Newtonia_amphichroa,AVES,1,16,36640.0442406261
pipe,12,12,56.3696355398155,Newtonia archboldi,Newtonia_archboldi,AVES,0.999930941501832,6,1382.74815045793
pipe,12,12,56.3696355398155,Newtonia brunneicauda,Newtonia_brunneicauda,AVES,1,67,73963.0390101197
pipe,12,12,56.3696355398155,Newtonia fanovanae,Newtonia_fanovanae,AVES,0.353055283448799,2,98.220702482002
pipe,12,12,56.3696355398155,Oriolia bernieri,Oriolia_bernieri,AVES,0.999999867748497,14,11344.6089626686
pipe,12,12,56.3696355398155,Oryzorictes hova,Oryzorictes_hova,MAMMALIA,1,95,50542.8524339814
pipe,12,12,56.3696355398155,Oryzorictes tetradactylus,Oryzorictes_tetradactylus,MAMMALIA,0.999999999174549,69,5975.38525067801
pipe,12,12,56.3696355398155,Otus rutilus,Otus_rutilus,AVES,0.999999999657343,8,71523.4416062384
pipe,12,12,56.3696355398155,Oxylabes madagascariensis,Oxylabes_madagascariensis,AVES,0.999999999999998,20,43698.3092759103
pipe,12,12,56.3696355398155,Phaner electromontis,Phaner_electromontis,MAMMALIA,6.41384153565738e-08,1,17.2483306993491
pipe,12,12,56.3696355398155,Phaner furcifer,Phaner_furcifer,MAMMALIA,0.887899226004666,24,558.48119512169
pipe,12,12,56.3696355398155,Phaner pallescens,Phaner_pallescens,MAMMALIA,0.999999959729302,21,1788.04035050997
pipe,12,12,56.3696355398155,Phaner parienti,Phaner_parienti,MAMMALIA,0.00280017666108179,1,24.4501852478606
pipe,12,12,56.3696355398155,Philepitta castanea,Philepitta_castanea,AVES,0.998990190591502,6,34107.9364557281
pipe,12,12,56.3696355398155,Philepitta schlegeli,Philepitta_schlegeli,AVES,0.995592562155077,13,3505.46151754365
pipe,12,12,56.3696355398155,Ploceus nelicourvi,Ploceus_nelicourvi,AVES,0.999999999999954,12,50488.2099130344
pipe,12,12,56.3696355398155,Ploceus sakalava,Ploceus_sakalava,AVES,0.999999999862882,39,13244.9408344218
pipe,12,12,56.3696355398155,Polyboroides radiatus,Polyboroides_radiatus,AVES,0.996315345990329,1,62316.7533303399
pipe,12,12,56.3696355398155,Pseudobias wardi,Pseudobias_wardi,AVES,0.999999999999996,20,36416.3596055395
pipe,12,12,56.3696355398155,Pterocles personatus,Pterocles_personatus,AVES,0.939919864031225,3,6590.36395288397
pipe,12,12,56.3696355398155,Rallus madagascariensis,Rallus_madagascariensis,AVES,0.999997905732692,4,12778.6383367183
pipe,12,12,56.3696355398155,Randia pseudozosterops,Randia_pseudozosterops,AVES,0.999999999998421,18,37988.4352998559
pipe,12,12,56.3696355398155,Sarothrura insularis,Sarothrura_insularis,AVES,0.999999600829891,7,55278.3447301958
pipe,12,12,56.3696355398155,Schetba rufa,Schetba_rufa,AVES,1,28,22035.2681565838
pipe,12,12,56.3696355398155,Setifer setosus,Setifer_setosus,MAMMALIA,1,163,72858.1178035883
pipe,12,12,56.3696355398155,Tenrec ecaudatus,Tenrec_ecaudatus,MAMMALIA,1,131,72762.4754891377
pipe,12,12,56.3696355398155,Thamnornis chloropetoides,Thamnornis_chloropetoides,AVES,0.999991306285481,6,1911.93397238564
pipe,12,12,56.3696355398155,Treron australis,Treron_australis,AVES,0.999742719937601,4,62898.2406794669
pipe,12,12,56.3696355398155,Turnix nigricollis,Turnix_nigricollis,AVES,0.99999999584673,13,64934.9211424033
pipe,12,12,56.3696355398155,Tylas eduardi,Tylas_eduardi,AVES,0.999999999999979,9,49090.7579966979
pipe,12,12,56.3696355398155,Vanga curvirostris,Vanga_curvirostris,AVES,0.99999999999998,18,72825.1502655344
pipe,12,12,56.3696355398155,Varecia rubra,Varecia_rubra,MAMMALIA,1,57,54916.3031779845
pipe,12,12,56.3696355398155,Varecia variegata,Varecia_variegata,MAMMALIA,1,55,54856.1194443611
pipe,12,12,56.3696355398155,Xanthomixis apperti,Xanthomixis_apperti,AVES,0.441311211243701,1,68.4073900828693
pipe,12,12,56.3696355398155,Xanthomixis cinereiceps,Xanthomixis_cinereiceps,AVES,1,20,14870.0055024568
pipe,12,12,56.3696355398155,Xanthomixis zosterops,Xanthomixis_zosterops,AVES,0.999999999999998,23,50582.6432395525
pipe,12,12,56.3696355398155,Xenopirostris damii,Xenopirostris_damii,AVES,0.00179910755944268,1,93.5023436630614
pipe,12,12,56.3696355398155,Xenopirostris polleni,Xenopirostris_polleni,AVES,0.999999998951232,8,14794.179198693
pipe,12,12,56.3696355398155,Xenopirostris xenopirostris,Xenopirostris_xenopirostris,AVES,0.965058075374104,1,1102.55740261015
pipe,13,13,61.0801185886043,Accipiter henstii,Accipiter_henstii,AVES,0.711616748474205,1,62366.7546556247
pipe,13,13,61.0801185886043,Accipiter madagascariensis,Accipiter_madagascariensis,AVES,0.884829801187413,1,62789.748134397
pipe,13,13,61.0801185886043,Acrocephalus newtoni,Acrocephalus_newtoni,AVES,1,33,64910.8238708229
pipe,13,13,61.0801185886043,Alectroenas madagascariensis,Alectroenas_madagascariensis,AVES,0.997787398287717,7,48875.1506357104
pipe,13,13,61.0801185886043,Allocebus trichotis,Allocebus_trichotis,MAMMALIA,0.0078347349602923,3,72.1001097191941
pipe,13,13,61.0801185886043,Anas bernieri,Anas_bernieri,AVES,0,0,0
pipe,13,13,61.0801185886043,Apus balstoni,Apus_balstoni,AVES,1,18,62809.0738361904
pipe,13,13,61.0801185886043,Artamella viridis,Artamella_viridis,AVES,1,22,63534.5276577157
pipe,13,13,61.0801185886043,Asio madagascariensis,Asio_madagascariensis,AVES,0.845407935636423,3,53470.838885405
pipe,13,13,61.0801185886043,Atelornis crossleyi,Atelornis_crossleyi,AVES,0.999998246612761,6,10946.2867868533
pipe,13,13,61.0801185886043,Atelornis pittoides,Atelornis_pittoides,AVES,0.999998716616257,3,36353.156041041
pipe,13,13,61.0801185886043,Athene superciliaris,Athene_superciliaris,AVES,0.99999996637369,7,36678.2220485561
pipe,13,13,61.0801185886043,Avahi laniger,Avahi_laniger,MAMMALIA,1,68,28457.7292416799
pipe,13,13,61.0801185886043,Avahi occidentalis,Avahi_occidentalis,MAMMALIA,0.996177513146535,3,617.947951280703
pipe,13,13,61.0801185886043,Aviceda madagascariensis,Aviceda_madagascariensis,AVES,0.951729025079926,1,58749.7948774314
pipe,13,13,61.0801185886043,Bernieria madagascariensis,Bernieria_madagascariensis,AVES,1,24,62228.5778472446
pipe,13,13,61.0801185886043,Brachypteracias leptosomus,Brachypteracias_leptosomus,AVES,0.999719874762502,1,33137.4378338789
pipe,13,13,61.0801185886043,Brachytarsomys albicauda,Brachytarsomys_albicauda,MAMMALIA,0.999999984175033,36,1603.08191085025
pipe,13,13,61.0801185886043,Brachyuromys betsileoensis,Brachyuromys_betsileoensis,MAMMALIA,1,33,10048.9255021301
pipe,13,13,61.0801185886043,Brachyuromys ramirohitra,Brachyuromys_ramirohitra,MAMMALIA,0.655414845690046,2,90.5857082152948
pipe,13,13,61.0801185886043,Bradypterus brunneus,Bradypterus_brunneus,AVES,1,36,10665.8928840048
pipe,13,13,61.0801185886043,Bradypterus seebohmi,Bradypterus_seebohmi,AVES,0.452718233996164,1,71.7493427546058
pipe,13,13,61.0801185886043,Buteo brachypterus,Buteo_brachypterus,AVES,0.794624191888588,1,67630.9894730589
pipe,13,13,61.0801185886043,Calicalicus madagascariensis,Calicalicus_madagascariensis,AVES,1,36,62428.3252003395
pipe,13,13,61.0801185886043,Cheirogaleus crossleyi,Cheirogaleus_crossleyi,MAMMALIA,1,63,4744.82326968932
pipe,13,13,61.0801185886043,Cheirogaleus major,Cheirogaleus_major,MAMMALIA,1,59,51689.5749458003
pipe,13,13,61.0801185886043,Cheirogaleus medius,Cheirogaleus_medius,MAMMALIA,1,260,20355.1350786022
pipe,13,13,61.0801185886043,Cinnyris notatus,Cinnyris_notatus,AVES,1,38,63811.8445759814
pipe,13,13,61.0801185886043,Copsychus albospecularis,Copsychus_albospecularis,AVES,0.999999993574287,7,43594.0571519736
pipe,13,13,61.0801185886043,Coracopsis nigra,Coracopsis_nigra,AVES,0.999984838185237,10,66309.3904907987
pipe,13,13,61.0801185886043,Corythornis madagascariensis,Corythornis_madagascariensis,AVES,0.903705033102508,12,61821.586807762
pipe,13,13,61.0801185886043,Coua caerulea,Coua_caerulea,AVES,0.999880680770311,4,36090.7323881103
pipe,13,13,61.0801185886043,Coua coquereli,Coua_coquereli,AVES,0.999999761946195,7,12510.0668974876
pipe,13,13,61.0801185886043,Coua cristata,Coua_cristata,AVES,0.999999999996503,8,54953.9095629343
pipe,13,13,61.0801185886043,Coua cursor,Coua_cursor,AVES,0.994926025119002,2,4262.87773547645
pipe,13,13,61.0801185886043,Coua gigas,Coua_gigas,AVES,0.999234095562689,1,13315.564282283
pipe,13,13,61.0801185886043,Coua reynaudii,Coua_reynaudii,AVES,0.999640988237132,3,31384.9465592933
pipe,13,13,61.0801185886043,Coua ruficeps,Coua_ruficeps,AVES,0.959346120072291,3,1326.55515300157
pipe,13,13,61.0801185886043,Coua serriana,Coua_serriana,AVES,0.989564187825041,1,27481.7111223861
pipe,13,13,61.0801185886043,Crossleyia xanthophrys,Crossleyia_xanthophrys,AVES,0.999999999999988,36,3544.36897559026
pipe,13,13,61.0801185886043,Cryptoprocta ferox,Cryptoprocta_ferox,MAMMALIA,0.0704722846506246,2,26796.670758898
pipe,13,13,61.0801185886043,Cryptosylvicola randrianasoloi,Cryptosylvicola_randrianasoloi,AVES,1,27,5251.01814652605
pipe,13,13,61.0801185886043,Cyanolanius madagascarinus,Cyanolanius_madagascarinus,AVES,1,30,62934.9674166275
pipe,13,13,61.0801185886043,Daubentonia madagascariensis,Daubentonia_madagascariensis,MAMMALIA,1,59,23530.1943811068
pipe,13,13,61.0801185886043,Echinops telfairi,Echinops_telfairi,MAMMALIA,1,191,19846.2709784131
pipe,13,13,61.0801185886043,Eliurus antsingy,Eliurus_antsingy,MAMMALIA,0.0133737178280204,4,59.4878232162461
pipe,13,13,61.0801185886043,Eliurus grandidieri,Eliurus_grandidieri,MAMMALIA,0.99962687477772,23,879.685595314434
pipe,13,13,61.0801185886043,Eliurus majori,Eliurus_majori,MAMMALIA,1,45,34181.2097114942
pipe,13,13,61.0801185886043,Eliurus minor,Eliurus_minor,MAMMALIA,1,157,54418.0540242164
pipe,13,13,61.0801185886043,Eliurus myoxinus,Eliurus_myoxinus,MAMMALIA,1,241,44295.2998633096
pipe,13,13,61.0801185886043,Eliurus tanala,Eliurus_tanala,MAMMALIA,1,66,35700.1711261742
pipe,13,13,61.0801185886043,Eliurus webbi,Eliurus_webbi,MAMMALIA,1,54,48310.1057522161
pipe,13,13,61.0801185886043,Eremopterix hova,Eremopterix_hova,AVES,0.999956142791264,20,2556.96750780009
pipe,13,13,61.0801185886043,Eulemur albifrons,Eulemur_albifrons,MAMMALIA,1,28,15062.5828481778
pipe,13,13,61.0801185886043,Eulemur cinereiceps,Eulemur_cinereiceps,MAMMALIA,1,105,60531.1401290222
pipe,13,13,61.0801185886043,Eulemur collaris,Eulemur_collaris,MAMMALIA,1,99,60457.6990792509
pipe,13,13,61.0801185886043,Eulemur coronatus,Eulemur_coronatus,MAMMALIA,1,136,16208.3577773361
pipe,13,13,61.0801185886043,Eulemur flavifrons,Eulemur_flavifrons,MAMMALIA,0.000213248908682684,1,25.074716512655
pipe,13,13,61.0801185886043,Eulemur fulvus,Eulemur_fulvus,MAMMALIA,1,100,60546.0915719081
pipe,13,13,61.0801185886043,Eulemur macaco,Eulemur_macaco,MAMMALIA,1,35,28328.1698855675
pipe,13,13,61.0801185886043,Eulemur mongoz,Eulemur_mongoz,MAMMALIA,0.999909633637317,12,1004.75034470629
pipe,13,13,61.0801185886043,Eulemur rubriventer,Eulemur_rubriventer,MAMMALIA,1,85,54667.2470931699
pipe,13,13,61.0801185886043,Eulemur rufus,Eulemur_rufus,MAMMALIA,1,111,24671.1620736098
pipe,13,13,61.0801185886043,Eulemur sanfordi,Eulemur_sanfordi,MAMMALIA,1,108,60554.5986062924
pipe,13,13,61.0801185886043,Euryceros prevostii,Euryceros_prevostii,AVES,0.998686002487138,3,2658.32069339292
pipe,13,13,61.0801185886043,Falco zoniventris,Falco_zoniventris,AVES,0.930849016453247,3,41591.4289135755
pipe,13,13,61.0801185886043,Falculea palliata,Falculea_palliata,AVES,0.999999991465166,15,9721.81915346121
pipe,13,13,61.0801185886043,Fossa fossana,Fossa_fossana,MAMMALIA,0.975653869816293,2,47235.1119066863
pipe,13,13,61.0801185886043,Foudia madagascariensis,Foudia_madagascariensis,AVES,0.999999999999994,42,69435.0503717286
pipe,13,13,61.0801185886043,Foudia omissa,Foudia_omissa,AVES,0.999999996159442,12,40853.7506019866
pipe,13,13,61.0801185886043,Gactornis enarratus,Gactornis_enarratus,AVES,0.999999988654632,4,40925.2441539864
pipe,13,13,61.0801185886043,Galidia elegans,Galidia_elegans,MAMMALIA,0.966747538446534,4,44011.9486164224
pipe,13,13,61.0801185886043,Galidictis fasciata,Galidictis_fasciata,MAMMALIA,0,3,4245.50634234494
pipe,13,13,61.0801185886043,Geobiastes squamiger,Geobiastes_squamiger,AVES,0.998952714942582,5,9678.56144122508
pipe,13,13,61.0801185886043,Geogale aurita,Geogale_aurita,MAMMALIA,1,195,14098.9422476783
pipe,13,13,61.0801185886043,Gymnuromys roberti,Gymnuromys_roberti,MAMMALIA,1,36,22207.3049116909
pipe,13,13,61.0801185886043,Haliaeetus vociferoides,Haliaeetus_vociferoides,AVES,3.29514614483273e-08,1,2177.31484957172
pipe,13,13,61.0801185886043,Hapalemur alaotrensis,Hapalemur_alaotrensis,MAMMALIA,0.999999341887825,17,1416.29265357914
pipe,13,13,61.0801185886043,Hapalemur aureus,Hapalemur_aureus,MAMMALIA,0.999999914613177,13,1387.1199135943
pipe,13,13,61.0801185886043,Hapalemur griseus,Hapalemur_griseus,MAMMALIA,1,94,61033.6809475991
pipe,13,13,61.0801185886043,Hapalemur occidentalis,Hapalemur_occidentalis,MAMMALIA,0.999727891435155,14,666.732867204797
pipe,13,13,61.0801185886043,Hartertula flavoviridis,Hartertula_flavoviridis,AVES,1,33,7092.07464059531
pipe,13,13,61.0801185886043,Hartlaubius auratus,Hartlaubius_auratus,AVES,1,23,61961.9973138524
pipe,13,13,61.0801185886043,Hemicentetes nigriceps,Hemicentetes_nigriceps,MAMMALIA,0.999628092896106,20,1495.16376705438
pipe,13,13,61.0801185886043,Hemicentetes semispinosus,Hemicentetes_semispinosus,MAMMALIA,1,41,51761.3166647665
pipe,13,13,61.0801185886043,Hypogeomys antimena,Hypogeomys_antimena,MAMMALIA,0.133821965614829,3,81.1960723686169
pipe,13,13,61.0801185886043,Hypositta corallirostris,Hypositta_corallirostris,AVES,0.999999439726062,10,48245.3235619247
pipe,13,13,61.0801185886043,Indri indri,Indri_indri,MAMMALIA,0.999999999932139,14,49750.3818430421
pipe,13,13,61.0801185886043,Lemur catta,Lemur_catta,MAMMALIA,1,93,9002.15816691905
pipe,13,13,61.0801185886043,Lepidopygia nana,Lepidopygia_nana,AVES,0.999993576825074,60,71242.0794197259
pipe,13,13,61.0801185886043,Lepilemur ankaranensis,Lepilemur_ankaranensis,MAMMALIA,0.942459903341432,9,316.5934792843
pipe,13,13,61.0801185886043,Lepilemur edwardsi,Lepilemur_edwardsi,MAMMALIA,1,36,4065.8676870379
pipe,13,13,61.0801185886043,Lepilemur leucopus,Lepilemur_leucopus,MAMMALIA,0.999999999999997,39,3702.74790179988
pipe,13,13,61.0801185886043,Lepilemur microdon,Lepilemur_microdon,MAMMALIA,0.999999996951999,20,2937.75332234829
pipe,13,13,61.0801185886043,Lepilemur mustelinus,Lepilemur_mustelinus,MAMMALIA,1,105,52007.7556259759
pipe,13,13,61.0801185886043,Lepilemur ruficaudatus,Lepilemur_ruficaudatus,MAMMALIA,1,76,5648.42095882867
pipe,13,13,61.0801185886043,Leptopterus chabert,Leptopterus_chabert,AVES,1,33,68018.5463382198
pipe,13,13,61.0801185886043,Lophotibis cristata,Lophotibis_cristata,AVES,0.999995534666594,2,61767.4386027592
pipe,13,13,61.0801185886043,Macrotarsomys bastardi,Macrotarsomys_bastardi,MAMMALIA,0.999999999976064,60,2602.96728735243
pipe,13,13,61.0801185886043,Margaroperdix madagarensis,Margaroperdix_madagarensis,AVES,0.99999999999991,12,55892.7099054181
pipe,13,13,61.0801185886043,Mentocrex kioloides,Mentocrex_kioloides,AVES,0.997278637011862,1,29634.9904802034
pipe,13,13,61.0801185886043,Mesitornis unicolor,Mesitornis_unicolor,AVES,0,1,89.8278131379881
pipe,13,13,61.0801185886043,Mesitornis variegatus,Mesitornis_variegatus,AVES,0.998393672332052,5,2663.29845511808
pipe,13,13,61.0801185886043,Microcebus berthae,Microcebus_berthae,MAMMALIA,1.52725564417366e-08,1,10.8090685387869
pipe,13,13,61.0801185886043,Microcebus griseorufus,Microcebus_griseorufus,MAMMALIA,0.995763539856305,11,459.298684679831
pipe,13,13,61.0801185886043,Microcebus murinus,Microcebus_murinus,MAMMALIA,1,391,41804.2854570481
pipe,13,13,61.0801185886043,Microcebus myoxinus,Microcebus_myoxinus,MAMMALIA,0.999999767674718,33,727.27306718117
pipe,13,13,61.0801185886043,Microcebus ravelobensis,Microcebus_ravelobensis,MAMMALIA,0.778620368188717,11,230.272453169512
pipe,13,13,61.0801185886043,Microcebus rufus,Microcebus_rufus,MAMMALIA,1,91,49775.2796329686
pipe,13,13,61.0801185886043,Microcebus tavaratra,Microcebus_tavaratra,MAMMALIA,0.993484536036894,23,604.190735945664
pipe,13,13,61.0801185886043,Microgale brevicaudata,Microgale_brevicaudata,MAMMALIA,1,204,17803.538509962
pipe,13,13,61.0801185886043,Microgale cowani,Microgale_cowani,MAMMALIA,1,63,41643.5070530091
pipe,13,13,61.0801185886043,Microgale drouhardi,Microgale_drouhardi,MAMMALIA,1,72,21762.658652052
pipe,13,13,61.0801185886043,Microgale dryas,Microgale_dryas,MAMMALIA,0.897201396035758,37,1175.20780457434
pipe,13,13,61.0801185886043,Microgale fotsifotsy,Microgale_fotsifotsy,MAMMALIA,1,68,24092.105754572
pipe,13,13,61.0801185886043,Microgale gracilis,Microgale_gracilis,MAMMALIA,0.999999999945895,54,7481.34471205671
pipe,13,13,61.0801185886043,Microgale gymnorhyncha,Microgale_gymnorhyncha,MAMMALIA,1,30,14847.1178295199
pipe,13,13,61.0801185886043,Microgale longicaudata,Microgale_longicaudata,MAMMALIA,1,116,46197.169990167
pipe,13,13,61.0801185886043,Microgale mergulus,Microgale_mergulus,MAMMALIA,0.999999999704557,45,3777.02902774068
pipe,13,13,61.0801185886043,Microgale parvula,Microgale_parvula,MAMMALIA,0.999999999999991,118,49438.5533865902
pipe,13,13,61.0801185886043,Microgale principula,Microgale_principula,MAMMALIA,1,83,42400.7760493263
pipe,13,13,61.0801185886043,Microgale pusilla,Microgale_pusilla,MAMMALIA,0.999999994378427,109,13774.6235879516
pipe,13,13,61.0801185886043,Microgale soricoides,Microgale_soricoides,MAMMALIA,1,28,21830.9849927039
pipe,13,13,61.0801185886043,Microgale taiva,Microgale_taiva,MAMMALIA,1,62,35031.8696886605
pipe,13,13,61.0801185886043,Microgale thomasi,Microgale_thomasi,MAMMALIA,1,52,21494.7332811367
pipe,13,13,61.0801185886043,Mirza coquereli,Mirza_coquereli,MAMMALIA,0.999845308953665,15,1274.82799124586
pipe,13,13,61.0801185886043,Monias benschi,Monias_benschi,AVES,0,1,78.2215661596996
pipe,13,13,61.0801185886043,Monticola erythronotus,Monticola_erythronotus,AVES,0.505764981643122,1,97.497303661992
pipe,13,13,61.0801185886043,Monticola sharpei,Monticola_sharpei,AVES,1,24,55097.4884439076
pipe,13,13,61.0801185886043,Monticolomys koopmani,Monticolomys_koopmani,MAMMALIA,0.132627247638879,4,91.67036602125
pipe,13,13,61.0801185886043,Motacilla flaviventris,Motacilla_flaviventris,AVES,0.999999999291654,20,3403.3020909723
pipe,13,13,61.0801185886043,Mystacornis crossleyi,Mystacornis_crossleyi,AVES,0.99999999995727,6,39149.8568378245
pipe,13,13,61.0801185886043,Neodrepanis coruscans,Neodrepanis_coruscans,AVES,0.999998776273819,13,26468.653255447
pipe,13,13,61.0801185886043,Neodrepanis hypoxantha,Neodrepanis_hypoxantha,AVES,0.0211788109146442,3,88.4296056242715
pipe,13,13,61.0801185886043,Neomixis striatigula,Neomixis_striatigula,AVES,0.999999999997947,16,44464.4869027629
pipe,13,13,61.0801185886043,Neomixis tenella,Neomixis_tenella,AVES,1,69,54067.5096724435
pipe,13,13,61.0801185886043,Neomixis viridis,Neomixis_viridis,AVES,0.999999999978567,13,43038.2113108177
pipe,13,13,61.0801185886043,Nesillas lantzii,Nesillas_lantzii,AVES,0.999587673186048,4,1582.81161049369
pipe,13,13,61.0801185886043,Nesogale dobsoni,Nesogale_dobsoni,MAMMALIA,1,57,48642.878496673
pipe,13,13,61.0801185886043,Nesogale talazaci,Nesogale_talazaci,MAMMALIA,1,52,49171.8753186958
pipe,13,13,61.0801185886043,Nesomys audeberti,Nesomys_audeberti,MAMMALIA,1,57,3272.00728229788
pipe,13,13,61.0801185886043,Nesomys lambertoni,Nesomys_lambertoni,MAMMALIA,0.999667227299884,9,573.09119519269
pipe,13,13,61.0801185886043,Nesomys rufus,Nesomys_rufus,MAMMALIA,1,49,37479.1155192593
pipe,13,13,61.0801185886043,Newtonia amphichroa,Newtonia_amphichroa,AVES,1,13,35440.0342655593
pipe,13,13,61.0801185886043,Newtonia archboldi,Newtonia_archboldi,AVES,0.999900951598717,5,1305.98827048957
pipe,13,13,61.0801185886043,Newtonia brunneicauda,Newtonia_brunneicauda,AVES,1,55,68067.8246994606
pipe,13,13,61.0801185886043,Newtonia fanovanae,Newtonia_fanovanae,AVES,0.353055283448799,2,98.220702482002
pipe,13,13,61.0801185886043,Oriolia bernieri,Oriolia_bernieri,AVES,0.999999648284142,14,10783.221037979
pipe,13,13,61.0801185886043,Oryzorictes hova,Oryzorictes_hova,MAMMALIA,1,52,47530.0785956401
pipe,13,13,61.0801185886043,Oryzorictes tetradactylus,Oryzorictes_tetradactylus,MAMMALIA,0.999999991785726,60,5523.35225634458
pipe,13,13,61.0801185886043,Otus rutilus,Otus_rutilus,AVES,0.99999999999964,11,65631.7890808068
pipe,13,13,61.0801185886043,Oxylabes madagascariensis,Oxylabes_madagascariensis,AVES,0.999999999999409,12,41660.1188309263
pipe,13,13,61.0801185886043,Phaner electromontis,Phaner_electromontis,MAMMALIA,6.41384153565738e-08,1,17.2483306993491
pipe,13,13,61.0801185886043,Phaner furcifer,Phaner_furcifer,MAMMALIA,0.887896749966768,22,510.357693982383
pipe,13,13,61.0801185886043,Phaner pallescens,Phaner_pallescens,MAMMALIA,0.999999953187714,19,1747.6654346547
pipe,13,13,61.0801185886043,Phaner parienti,Phaner_parienti,MAMMALIA,0.00280017666108179,1,24.4501852478606
pipe,13,13,61.0801185886043,Philepitta castanea,Philepitta_castanea,AVES,0.998914971503053,4,33534.6340704121
pipe,13,13,61.0801185886043,Philepitta schlegeli,Philepitta_schlegeli,AVES,0.994096669271778,12,3344.1387490356
pipe,13,13,61.0801185886043,Ploceus nelicourvi,Ploceus_nelicourvi,AVES,0.99999999999735,8,47757.1746141069
pipe,13,13,61.0801185886043,Ploceus sakalava,Ploceus_sakalava,AVES,0.999999998237844,37,12000.92386567
pipe,13,13,61.0801185886043,Polyboroides radiatus,Polyboroides_radiatus,AVES,0.995443066756746,1,54863.9880734768
pipe,13,13,61.0801185886043,Pseudobias wardi,Pseudobias_wardi,AVES,0.999999999999988,14,35200.7136481703
pipe,13,13,61.0801185886043,Pterocles personatus,Pterocles_personatus,AVES,0.939919864031225,3,6590.36395288397
pipe,13,13,61.0801185886043,Rallus madagascariensis,Rallus_madagascariensis,AVES,0.999995097521847,4,12252.8549844998
pipe,13,13,61.0801185886043,Randia pseudozosterops,Randia_pseudozosterops,AVES,0.999999999985419,10,36534.2313192314
pipe,13,13,61.0801185886043,Sarothrura insularis,Sarothrura_insularis,AVES,0.999999106048069,5,51519.8556234565
pipe,13,13,61.0801185886043,Schetba rufa,Schetba_rufa,AVES,1,23,20840.6657644423
pipe,13,13,61.0801185886043,Setifer setosus,Setifer_setosus,MAMMALIA,1,124,67049.6259364179
pipe,13,13,61.0801185886043,Tenrec ecaudatus,Tenrec_ecaudatus,MAMMALIA,1,106,67117.1700975738
pipe,13,13,61.0801185886043,Thamnornis chloropetoides,Thamnornis_chloropetoides,AVES,0.999988379745874,6,1844.13686155901
pipe,13,13,61.0801185886043,Treron australis,Treron_australis,AVES,0.999956344277763,6,57160.9434255459
pipe,13,13,61.0801185886043,Turnix nigricollis,Turnix_nigricollis,AVES,0.999999999978256,15,59328.3977984081
pipe,13,13,61.0801185886043,Tylas eduardi,Tylas_eduardi,AVES,0.999999999997238,7,46553.453956687
pipe,13,13,61.0801185886043,Vanga curvirostris,Vanga_curvirostris,AVES,0.999999999999994,18,66876.0663411125
pipe,13,13,61.0801185886043,Varecia rubra,Varecia_rubra,MAMMALIA,1,30,50826.4257492855
pipe,13,13,61.0801185886043,Varecia variegata,Varecia_variegata,MAMMALIA,1,28,50796.1448261142
pipe,13,13,61.0801185886043,Xanthomixis apperti,Xanthomixis_apperti,AVES,0.441311211243701,1,68.4073900828693
pipe,13,13,61.0801185886043,Xanthomixis cinereiceps,Xanthomixis_cinereiceps,AVES,1,17,14219.9977700309
pipe,13,13,61.0801185886043,Xanthomixis zosterops,Xanthomixis_zosterops,AVES,0.999999999999807,13,47760.5561106031
pipe,13,13,61.0801185886043,Xenopirostris damii,Xenopirostris_damii,AVES,0.00179910755944268,1,93.5023436630614
pipe,13,13,61.0801185886043,Xenopirostris polleni,Xenopirostris_polleni,AVES,0.999999997809589,8,14186.9674693484
pipe,13,13,61.0801185886043,Xenopirostris xenopirostris,Xenopirostris_xenopirostris,AVES,0.965058075374104,1,1102.55740261015
pipe,14,14,65.7855369548315,Accipiter henstii,Accipiter_henstii,AVES,0.685668497277161,1,55693.2732378744
pipe,14,14,65.7855369548315,Accipiter madagascariensis,Accipiter_madagascariensis,AVES,0.870735297228711,1,55803.9843044268
pipe,14,14,65.7855369548315,Acrocephalus newtoni,Acrocephalus_newtoni,AVES,1,37,58201.3017682445
pipe,14,14,65.7855369548315,Alectroenas madagascariensis,Alectroenas_madagascariensis,AVES,0.997237413344742,7,44296.3212893695
pipe,14,14,65.7855369548315,Allocebus trichotis,Allocebus_trichotis,MAMMALIA,0.0078347349602923,3,72.1001097191941
pipe,14,14,65.7855369548315,Anas bernieri,Anas_bernieri,AVES,0,0,0
pipe,14,14,65.7855369548315,Apus balstoni,Apus_balstoni,AVES,1,16,56033.9681340618
pipe,14,14,65.7855369548315,Artamella viridis,Artamella_viridis,AVES,1,23,56234.2169924665
pipe,14,14,65.7855369548315,Asio madagascariensis,Asio_madagascariensis,AVES,0.827281457318128,3,47284.2120705679
pipe,14,14,65.7855369548315,Atelornis crossleyi,Atelornis_crossleyi,AVES,0.999998211211245,6,10868.2238574096
pipe,14,14,65.7855369548315,Atelornis pittoides,Atelornis_pittoides,AVES,0.999998308794629,3,33545.3118336401
pipe,14,14,65.7855369548315,Athene superciliaris,Athene_superciliaris,AVES,0.999999918156009,6,31765.9552195962
pipe,14,14,65.7855369548315,Avahi laniger,Avahi_laniger,MAMMALIA,1,55,27282.2325996231
pipe,14,14,65.7855369548315,Avahi occidentalis,Avahi_occidentalis,MAMMALIA,0.995652526496807,3,589.937683664781
pipe,14,14,65.7855369548315,Aviceda madagascariensis,Aviceda_madagascariensis,AVES,0.943069348116036,1,51507.3836515616
pipe,14,14,65.7855369548315,Bernieria madagascariensis,Bernieria_madagascariensis,AVES,1,29,55679.0291520647
pipe,14,14,65.7855369548315,Brachypteracias leptosomus,Brachypteracias_leptosomus,AVES,0.999669998028416,1,30295.2992778157
pipe,14,14,65.7855369548315,Brachytarsomys albicauda,Brachytarsomys_albicauda,MAMMALIA,0.999999984175033,36,1603.08191085025
pipe,14,14,65.7855369548315,Brachyuromys betsileoensis,Brachyuromys_betsileoensis,MAMMALIA,1,28,9789.83651953006
pipe,14,14,65.7855369548315,Brachyuromys ramirohitra,Brachyuromys_ramirohitra,MAMMALIA,0.655414845690046,2,90.5857082152948
pipe,14,14,65.7855369548315,Bradypterus brunneus,Bradypterus_brunneus,AVES,1,33,10507.6636061124
pipe,14,14,65.7855369548315,Bradypterus seebohmi,Bradypterus_seebohmi,AVES,0.452718233996164,1,71.7493427546058
pipe,14,14,65.7855369548315,Buteo brachypterus,Buteo_brachypterus,AVES,0.773111178581362,1,60089.0633161483
pipe,14,14,65.7855369548315,Calicalicus madagascariensis,Calicalicus_madagascariensis,AVES,1,39,55821.6788611812
pipe,14,14,65.7855369548315,Cheirogaleus crossleyi,Cheirogaleus_crossleyi,MAMMALIA,1,58,4594.41045321513
pipe,14,14,65.7855369548315,Cheirogaleus major,Cheirogaleus_major,MAMMALIA,1,34,47321.3810179072
pipe,14,14,65.7855369548315,Cheirogaleus medius,Cheirogaleus_medius,MAMMALIA,1,206,17458.9871829735
pipe,14,14,65.7855369548315,Cinnyris notatus,Cinnyris_notatus,AVES,1,39,56928.283530277
pipe,14,14,65.7855369548315,Copsychus albospecularis,Copsychus_albospecularis,AVES,0.99999998277395,8,40981.764254569
pipe,14,14,65.7855369548315,Coracopsis nigra,Coracopsis_nigra,AVES,0.999960584446974,10,58986.6311447849
pipe,14,14,65.7855369548315,Corythornis madagascariensis,Corythornis_madagascariensis,AVES,0.890414126381457,10,55229.4115276982
pipe,14,14,65.7855369548315,Coua caerulea,Coua_caerulea,AVES,0.999840264323649,3,33435.2884579002
pipe,14,14,65.7855369548315,Coua coquereli,Coua_coquereli,AVES,0.999998253155215,6,10421.566260314
pipe,14,14,65.7855369548315,Coua cristata,Coua_cristata,AVES,0.999999999999974,12,48973.9675282847
pipe,14,14,65.7855369548315,Coua cursor,Coua_cursor,AVES,0.991756413314101,2,3698.91354939265
pipe,14,14,65.7855369548315,Coua gigas,Coua_gigas,AVES,0.999967945018043,2,11158.1847699727
pipe,14,14,65.7855369548315,Coua reynaudii,Coua_reynaudii,AVES,0.999576074977338,3,28756.4780664953
pipe,14,14,65.7855369548315,Coua ruficeps,Coua_ruficeps,AVES,0.959346120072291,3,1326.55515300157
pipe,14,14,65.7855369548315,Coua serriana,Coua_serriana,AVES,0.988212503065454,1,24945.7448580923
pipe,14,14,65.7855369548315,Crossleyia xanthophrys,Crossleyia_xanthophrys,AVES,0.999999999999979,36,3493.18322212633
pipe,14,14,65.7855369548315,Cryptoprocta ferox,Cryptoprocta_ferox,MAMMALIA,0.0704722846506246,2,26796.670758898
pipe,14,14,65.7855369548315,Cryptosylvicola randrianasoloi,Cryptosylvicola_randrianasoloi,AVES,1,26,5228.73780747763
pipe,14,14,65.7855369548315,Cyanolanius madagascarinus,Cyanolanius_madagascarinus,AVES,1,32,56183.8398079438
pipe,14,14,65.7855369548315,Daubentonia madagascariensis,Daubentonia_madagascariensis,MAMMALIA,1,46,21334.6284196933
pipe,14,14,65.7855369548315,Echinops telfairi,Echinops_telfairi,MAMMALIA,1,164,17292.9782324783
pipe,14,14,65.7855369548315,Eliurus antsingy,Eliurus_antsingy,MAMMALIA,0.0133737178258206,3,49.043584514739
pipe,14,14,65.7855369548315,Eliurus grandidieri,Eliurus_grandidieri,MAMMALIA,0.99962687477772,23,879.685595314434
pipe,14,14,65.7855369548315,Eliurus majori,Eliurus_majori,MAMMALIA,1,32,32219.9151362792
pipe,14,14,65.7855369548315,Eliurus minor,Eliurus_minor,MAMMALIA,1,121,49173.4844189368
pipe,14,14,65.7855369548315,Eliurus myoxinus,Eliurus_myoxinus,MAMMALIA,1,182,39420.0674042596
pipe,14,14,65.7855369548315,Eliurus tanala,Eliurus_tanala,MAMMALIA,1,48,34071.0942378443
pipe,14,14,65.7855369548315,Eliurus webbi,Eliurus_webbi,MAMMALIA,1,34,43395.9243164598
pipe,14,14,65.7855369548315,Eremopterix hova,Eremopterix_hova,AVES,0.999946767081463,17,2455.50029830756
pipe,14,14,65.7855369548315,Eulemur albifrons,Eulemur_albifrons,MAMMALIA,1,19,13813.014653025
pipe,14,14,65.7855369548315,Eulemur cinereiceps,Eulemur_cinereiceps,MAMMALIA,1,86,54076.7394607462
pipe,14,14,65.7855369548315,Eulemur collaris,Eulemur_collaris,MAMMALIA,1,79,53987.0659751004
pipe,14,14,65.7855369548315,Eulemur coronatus,Eulemur_coronatus,MAMMALIA,1,114,13914.8161645044
pipe,14,14,65.7855369548315,Eulemur flavifrons,Eulemur_flavifrons,MAMMALIA,0.000213248908682684,1,25.074716512655
pipe,14,14,65.7855369548315,Eulemur fulvus,Eulemur_fulvus,MAMMALIA,1,79,54078.8409854052
pipe,14,14,65.7855369548315,Eulemur macaco,Eulemur_macaco,MAMMALIA,1,20,27154.5190880348
pipe,14,14,65.7855369548315,Eulemur mongoz,Eulemur_mongoz,MAMMALIA,0.999634409765933,10,884.729314649571
pipe,14,14,65.7855369548315,Eulemur rubriventer,Eulemur_rubriventer,MAMMALIA,1,66,50109.8260555792
pipe,14,14,65.7855369548315,Eulemur rufus,Eulemur_rufus,MAMMALIA,1,80,22255.0780538735
pipe,14,14,65.7855369548315,Eulemur sanfordi,Eulemur_sanfordi,MAMMALIA,1,89,54095.5923618263
pipe,14,14,65.7855369548315,Euryceros prevostii,Euryceros_prevostii,AVES,0.998420394342367,3,2498.58254406362
pipe,14,14,65.7855369548315,Falco zoniventris,Falco_zoniventris,AVES,0.91040949784803,3,37383.618874607
pipe,14,14,65.7855369548315,Falculea palliata,Falculea_palliata,AVES,0.999999906535571,15,8264.51292963174
pipe,14,14,65.7855369548315,Fossa fossana,Fossa_fossana,MAMMALIA,0.95982851236626,2,42056.1314875263
pipe,14,14,65.7855369548315,Foudia madagascariensis,Foudia_madagascariensis,AVES,0.999999999999997,42,61515.17187476
pipe,14,14,65.7855369548315,Foudia omissa,Foudia_omissa,AVES,0.999999998896496,9,36871.495907054
pipe,14,14,65.7855369548315,Gactornis enarratus,Gactornis_enarratus,AVES,0.999999980808573,4,36841.8096882134
pipe,14,14,65.7855369548315,Galidia elegans,Galidia_elegans,MAMMALIA,0.96164667641199,3,40950.6051547707
pipe,14,14,65.7855369548315,Galidictis fasciata,Galidictis_fasciata,MAMMALIA,0,2,2920.77011981549
pipe,14,14,65.7855369548315,Geobiastes squamiger,Geobiastes_squamiger,AVES,0.998441336169016,5,8981.62029984808
pipe,14,14,65.7855369548315,Geogale aurita,Geogale_aurita,MAMMALIA,0.999999999999961,165,12285.779363236
pipe,14,14,65.7855369548315,Gymnuromys roberti,Gymnuromys_roberti,MAMMALIA,1,34,21470.0437031373
pipe,14,14,65.7855369548315,Haliaeetus vociferoides,Haliaeetus_vociferoides,AVES,2.31966967856323e-09,1,2044.75858857331
pipe,14,14,65.7855369548315,Hapalemur alaotrensis,Hapalemur_alaotrensis,MAMMALIA,0.999999341887825,17,1416.29265357914
pipe,14,14,65.7855369548315,Hapalemur aureus,Hapalemur_aureus,MAMMALIA,0.999999906494432,13,1363.08028738916
pipe,14,14,65.7855369548315,Hapalemur griseus,Hapalemur_griseus,MAMMALIA,1,70,55172.0997303162
pipe,14,14,65.7855369548315,Hapalemur occidentalis,Hapalemur_occidentalis,MAMMALIA,0.9995223789822,14,647.380726205093
pipe,14,14,65.7855369548315,Hartertula flavoviridis,Hartertula_flavoviridis,AVES,1,31,6975.39829061959
pipe,14,14,65.7855369548315,Hartlaubius auratus,Hartlaubius_auratus,AVES,0.999999999999978,23,55443.9009988071
pipe,14,14,65.7855369548315,Hemicentetes nigriceps,Hemicentetes_nigriceps,MAMMALIA,0.999554137506906,18,1389.32335969427
pipe,14,14,65.7855369548315,Hemicentetes semispinosus,Hemicentetes_semispinosus,MAMMALIA,1,29,46437.3938255448
pipe,14,14,65.7855369548315,Hypogeomys antimena,Hypogeomys_antimena,MAMMALIA,0.133821965614829,3,81.1960723686169
pipe,14,14,65.7855369548315,Hypositta corallirostris,Hypositta_corallirostris,AVES,0.99999989153866,8,43976.3144388534
pipe,14,14,65.7855369548315,Indri indri,Indri_indri,MAMMALIA,0.999999999989562,11,45246.8656581338
pipe,14,14,65.7855369548315,Lemur catta,Lemur_catta,MAMMALIA,1,76,8037.28307514022
pipe,14,14,65.7855369548315,Lepidopygia nana,Lepidopygia_nana,AVES,0.999989548450265,59,63461.4033678388
pipe,14,14,65.7855369548315,Lepilemur ankaranensis,Lepilemur_ankaranensis,MAMMALIA,0.942459903341343,9,315.213818007167
pipe,14,14,65.7855369548315,Lepilemur edwardsi,Lepilemur_edwardsi,MAMMALIA,0.999999999999998,32,3642.12716637409
pipe,14,14,65.7855369548315,Lepilemur leucopus,Lepilemur_leucopus,MAMMALIA,0.999999999996673,28,2756.13112566605
pipe,14,14,65.7855369548315,Lepilemur microdon,Lepilemur_microdon,MAMMALIA,0.999999996185048,18,2856.18104631906
pipe,14,14,65.7855369548315,Lepilemur mustelinus,Lepilemur_mustelinus,MAMMALIA,1,75,46272.940023974
pipe,14,14,65.7855369548315,Lepilemur ruficaudatus,Lepilemur_ruficaudatus,MAMMALIA,1,58,4602.28385365311
pipe,14,14,65.7855369548315,Leptopterus chabert,Leptopterus_chabert,AVES,1,36,60527.2341662368
pipe,14,14,65.7855369548315,Lophotibis cristata,Lophotibis_cristata,AVES,0.999998403232438,3,55267.7300634213
pipe,14,14,65.7855369548315,Macrotarsomys bastardi,Macrotarsomys_bastardi,MAMMALIA,0.999999999726454,47,2201.4972450202
pipe,14,14,65.7855369548315,Margaroperdix madagarensis,Margaroperdix_madagarensis,AVES,0.999999999977426,12,50780.9184388837
pipe,14,14,65.7855369548315,Mentocrex kioloides,Mentocrex_kioloides,AVES,0.996942340974397,1,27383.2066624245
pipe,14,14,65.7855369548315,Mesitornis unicolor,Mesitornis_unicolor,AVES,0,0,0
pipe,14,14,65.7855369548315,Mesitornis variegatus,Mesitornis_variegatus,AVES,0.998302900599906,5,2634.71751237997
pipe,14,14,65.7855369548315,Microcebus berthae,Microcebus_berthae,MAMMALIA,1.52725564417366e-08,1,10.8090685387869
pipe,14,14,65.7855369548315,Microcebus griseorufus,Microcebus_griseorufus,MAMMALIA,0.995763539856305,11,459.298684679831
pipe,14,14,65.7855369548315,Microcebus murinus,Microcebus_murinus,MAMMALIA,1,319,35780.4782215749
pipe,14,14,65.7855369548315,Microcebus myoxinus,Microcebus_myoxinus,MAMMALIA,0.999999581293979,28,670.041025191566
pipe,14,14,65.7855369548315,Microcebus ravelobensis,Microcebus_ravelobensis,MAMMALIA,0.778620368188717,9,218.856960565414
pipe,14,14,65.7855369548315,Microcebus rufus,Microcebus_rufus,MAMMALIA,1,62,45363.4318059459
pipe,14,14,65.7855369548315,Microcebus tavaratra,Microcebus_tavaratra,MAMMALIA,0.993455720807786,19,570.618823575543
pipe,14,14,65.7855369548315,Microgale brevicaudata,Microgale_brevicaudata,MAMMALIA,1,171,16388.4127973592
pipe,14,14,65.7855369548315,Microgale cowani,Microgale_cowani,MAMMALIA,0.999999999999999,38,38860.620679538
pipe,14,14,65.7855369548315,Microgale drouhardi,Microgale_drouhardi,MAMMALIA,1,52,20999.2052970244
pipe,14,14,65.7855369548315,Microgale dryas,Microgale_dryas,MAMMALIA,0.897201396035758,32,1125.93689495235
pipe,14,14,65.7855369548315,Microgale fotsifotsy,Microgale_fotsifotsy,MAMMALIA,1,49,23339.7572648272
pipe,14,14,65.7855369548315,Microgale gracilis,Microgale_gracilis,MAMMALIA,0.999999999944987,49,7394.1123566551
pipe,14,14,65.7855369548315,Microgale gymnorhyncha,Microgale_gymnorhyncha,MAMMALIA,0.999999999999998,30,14190.1335934168
pipe,14,14,65.7855369548315,Microgale longicaudata,Microgale_longicaudata,MAMMALIA,1,85,42489.628082005
pipe,14,14,65.7855369548315,Microgale mergulus,Microgale_mergulus,MAMMALIA,0.999999999685413,37,3632.50547524569
pipe,14,14,65.7855369548315,Microgale parvula,Microgale_parvula,MAMMALIA,0.999999999999954,79,45800.9558173433
pipe,14,14,65.7855369548315,Microgale principula,Microgale_principula,MAMMALIA,1,51,39631.6340110158
pipe,14,14,65.7855369548315,Microgale pusilla,Microgale_pusilla,MAMMALIA,0.999999996267675,93,13369.1439214115
pipe,14,14,65.7855369548315,Microgale soricoides,Microgale_soricoides,MAMMALIA,1,25,20819.3942640234
pipe,14,14,65.7855369548315,Microgale taiva,Microgale_taiva,MAMMALIA,1,43,33282.1079495455
pipe,14,14,65.7855369548315,Microgale thomasi,Microgale_thomasi,MAMMALIA,1,48,20541.3823619434
pipe,14,14,65.7855369548315,Mirza coquereli,Mirza_coquereli,MAMMALIA,0.999677947978835,14,1135.11337116334
pipe,14,14,65.7855369548315,Monias benschi,Monias_benschi,AVES,0,0,0
pipe,14,14,65.7855369548315,Monticola erythronotus,Monticola_erythronotus,AVES,0.505764981643122,1,97.497303661992
pipe,14,14,65.7855369548315,Monticola sharpei,Monticola_sharpei,AVES,0.999999999999998,22,49386.7169697828
pipe,14,14,65.7855369548315,Monticolomys koopmani,Monticolomys_koopmani,MAMMALIA,0.132627247638879,4,91.67036602125
pipe,14,14,65.7855369548315,Motacilla flaviventris,Motacilla_flaviventris,AVES,0.999999992218557,17,2903.38765396387
pipe,14,14,65.7855369548315,Mystacornis crossleyi,Mystacornis_crossleyi,AVES,0.999999999987974,5,36146.3788898334
pipe,14,14,65.7855369548315,Neodrepanis coruscans,Neodrepanis_coruscans,AVES,0.99999916383183,12,24649.972362757
pipe,14,14,65.7855369548315,Neodrepanis hypoxantha,Neodrepanis_hypoxantha,AVES,0.0211788109146442,3,88.4296056242715
pipe,14,14,65.7855369548315,Neomixis striatigula,Neomixis_striatigula,AVES,0.999999999999942,11,40601.5387161288
pipe,14,14,65.7855369548315,Neomixis tenella,Neomixis_tenella,AVES,1,67,49333.7671137486
pipe,14,14,65.7855369548315,Neomixis viridis,Neomixis_viridis,AVES,0.999999999996542,7,39690.1452426827
pipe,14,14,65.7855369548315,Nesillas lantzii,Nesillas_lantzii,AVES,0.999368023432817,4,1295.43348112363
pipe,14,14,65.7855369548315,Nesogale dobsoni,Nesogale_dobsoni,MAMMALIA,1,42,44540.6189152345
pipe,14,14,65.7855369548315,Nesogale talazaci,Nesogale_talazaci,MAMMALIA,1,36,44671.0293392293
pipe,14,14,65.7855369548315,Nesomys audeberti,Nesomys_audeberti,MAMMALIA,1,51,3173.61321176556
pipe,14,14,65.7855369548315,Nesomys lambertoni,Nesomys_lambertoni,MAMMALIA,0.999484452930528,8,537.174862519303
pipe,14,14,65.7855369548315,Nesomys rufus,Nesomys_rufus,MAMMALIA,1,36,34281.0496054736
pipe,14,14,65.7855369548315,Newtonia amphichroa,Newtonia_amphichroa,AVES,1,11,32763.0386785669
pipe,14,14,65.7855369548315,Newtonia archboldi,Newtonia_archboldi,AVES,0.999666095012044,5,1010.91658881536
pipe,14,14,65.7855369548315,Newtonia brunneicauda,Newtonia_brunneicauda,AVES,1,57,60744.636945266
pipe,14,14,65.7855369548315,Newtonia fanovanae,Newtonia_fanovanae,AVES,0.353055283448799,2,98.220702482002
pipe,14,14,65.7855369548315,Oriolia bernieri,Oriolia_bernieri,AVES,0.999999271339594,11,9656.58507758954
pipe,14,14,65.7855369548315,Oryzorictes hova,Oryzorictes_hova,MAMMALIA,1,36,43174.5680525758
pipe,14,14,65.7855369548315,Oryzorictes tetradactylus,Oryzorictes_tetradactylus,MAMMALIA,0.999999988042398,56,5335.6920304976
pipe,14,14,65.7855369548315,Otus rutilus,Otus_rutilus,AVES,0.999999999996384,10,58441.2563225764
pipe,14,14,65.7855369548315,Oxylabes madagascariensis,Oxylabes_madagascariensis,AVES,0.999999999999967,10,37704.4232070746
pipe,14,14,65.7855369548315,Phaner electromontis,Phaner_electromontis,MAMMALIA,0,0,0
pipe,14,14,65.7855369548315,Phaner furcifer,Phaner_furcifer,MAMMALIA,0.887896737361262,19,468.166934086511
pipe,14,14,65.7855369548315,Phaner pallescens,Phaner_pallescens,MAMMALIA,0.999999282409101,18,1509.85587003462
pipe,14,14,65.7855369548315,Phaner parienti,Phaner_parienti,MAMMALIA,0.00280017666108179,1,24.4501852478606
pipe,14,14,65.7855369548315,Philepitta castanea,Philepitta_castanea,AVES,0.9988212385335,3,31834.73501035
pipe,14,14,65.7855369548315,Philepitta schlegeli,Philepitta_schlegeli,AVES,0.992363686246473,14,3109.38168556887
pipe,14,14,65.7855369548315,Ploceus nelicourvi,Ploceus_nelicourvi,AVES,0.999999999999946,8,42961.5428473012
pipe,14,14,65.7855369548315,Ploceus sakalava,Ploceus_sakalava,AVES,0.999999996016535,35,10052.5735691759
pipe,14,14,65.7855369548315,Polyboroides radiatus,Polyboroides_radiatus,AVES,0.998598719523982,2,47315.816289201
pipe,14,14,65.7855369548315,Pseudobias wardi,Pseudobias_wardi,AVES,1,12,32857.7010248792
pipe,14,14,65.7855369548315,Pterocles personatus,Pterocles_personatus,AVES,0.928156203730188,3,5970.16433732325
pipe,14,14,65.7855369548315,Rallus madagascariensis,Rallus_madagascariensis,AVES,0.999999916284482,5,11906.6496086545
pipe,14,14,65.7855369548315,Randia pseudozosterops,Randia_pseudozosterops,AVES,0.999999999998633,8,33068.7911014784
pipe,14,14,65.7855369548315,Sarothrura insularis,Sarothrura_insularis,AVES,0.999999647373422,6,46449.3187752173
pipe,14,14,65.7855369548315,Schetba rufa,Schetba_rufa,AVES,0.999999999999998,20,19239.0227285993
pipe,14,14,65.7855369548315,Setifer setosus,Setifer_setosus,MAMMALIA,1,96,59303.8505010029
pipe,14,14,65.7855369548315,Tenrec ecaudatus,Tenrec_ecaudatus,MAMMALIA,1,81,59750.7604475017
pipe,14,14,65.7855369548315,Thamnornis chloropetoides,Thamnornis_chloropetoides,AVES,0.999883989271514,5,1499.18228158942
pipe,14,14,65.7855369548315,Treron australis,Treron_australis,AVES,0.999923456914394,7,49962.3438891926
pipe,14,14,65.7855369548315,Turnix nigricollis,Turnix_nigricollis,AVES,0.999999999930093,14,52936.5661587097
pipe,14,14,65.7855369548315,Tylas eduardi,Tylas_eduardi,AVES,0.999999999994493,6,42156.6676858767
pipe,14,14,65.7855369548315,Vanga curvirostris,Vanga_curvirostris,AVES,0.999999999999908,19,59244.1446755232
pipe,14,14,65.7855369548315,Varecia rubra,Varecia_rubra,MAMMALIA,1,20,46357.6354723568
pipe,14,14,65.7855369548315,Varecia variegata,Varecia_variegata,MAMMALIA,1,16,46297.4464472228
pipe,14,14,65.7855369548315,Xanthomixis apperti,Xanthomixis_apperti,AVES,0.441311211243701,1,68.4073900828693
pipe,14,14,65.7855369548315,Xanthomixis cinereiceps,Xanthomixis_cinereiceps,AVES,1,18,13671.4706412069
pipe,14,14,65.7855369548315,Xanthomixis zosterops,Xanthomixis_zosterops,AVES,1,11,42946.1980291156
pipe,14,14,65.7855369548315,Xenopirostris damii,Xenopirostris_damii,AVES,0.00179910755944268,1,93.5023436630614
pipe,14,14,65.7855369548315,Xenopirostris polleni,Xenopirostris_polleni,AVES,0.999999999841037,8,13597.5881783262
pipe,14,14,65.7855369548315,Xenopirostris xenopirostris,Xenopirostris_xenopirostris,AVES,0.965058075374104,1,1102.55740261015
pipe,15,15,70.4793253092505,Accipiter henstii,Accipiter_henstii,AVES,0.649318850863723,1,48081.6688257302
pipe,15,15,70.4793253092505,Accipiter madagascariensis,Accipiter_madagascariensis,AVES,0.873809673622931,3,48130.8602347527
pipe,15,15,70.4793253092505,Acrocephalus newtoni,Acrocephalus_newtoni,AVES,1,35,50074.4368323369
pipe,15,15,70.4793253092505,Alectroenas madagascariensis,Alectroenas_madagascariensis,AVES,0.997191112982702,8,38932.0053844879
pipe,15,15,70.4793253092505,Allocebus trichotis,Allocebus_trichotis,MAMMALIA,0.0078347349602923,3,72.1001097191941
pipe,15,15,70.4793253092505,Anas bernieri,Anas_bernieri,AVES,0,0,0
pipe,15,15,70.4793253092505,Apus balstoni,Apus_balstoni,AVES,1,23,48122.7823041196
pipe,15,15,70.4793253092505,Artamella viridis,Artamella_viridis,AVES,1,25,48742.4882166025
pipe,15,15,70.4793253092505,Asio madagascariensis,Asio_madagascariensis,AVES,0.809128879923684,2,41139.7235491573
pipe,15,15,70.4793253092505,Atelornis crossleyi,Atelornis_crossleyi,AVES,0.999995854779092,6,10182.8828083438
pipe,15,15,70.4793253092505,Atelornis pittoides,Atelornis_pittoides,AVES,0.999998457218222,4,30343.0032740975
pipe,15,15,70.4793253092505,Athene superciliaris,Athene_superciliaris,AVES,0.99999975751178,7,27313.9623912129
pipe,15,15,70.4793253092505,Avahi laniger,Avahi_laniger,MAMMALIA,1,52,24973.0343431771
pipe,15,15,70.4793253092505,Avahi occidentalis,Avahi_occidentalis,MAMMALIA,0.995267895145549,4,574.880980554762
pipe,15,15,70.4793253092505,Aviceda madagascariensis,Aviceda_madagascariensis,AVES,0.932590293552044,1,44993.4789366843
pipe,15,15,70.4793253092505,Bernieria madagascariensis,Bernieria_madagascariensis,AVES,1,32,47925.4853575149
pipe,15,15,70.4793253092505,Brachypteracias leptosomus,Brachypteracias_leptosomus,AVES,0.999681134443987,2,26485.0660739862
pipe,15,15,70.4793253092505,Brachytarsomys albicauda,Brachytarsomys_albicauda,MAMMALIA,0.99999995425103,36,1504.52056397017
pipe,15,15,70.4793253092505,Brachyuromys betsileoensis,Brachyuromys_betsileoensis,MAMMALIA,1,29,9040.35184892821
pipe,15,15,70.4793253092505,Brachyuromys ramirohitra,Brachyuromys_ramirohitra,MAMMALIA,0.655414845690046,2,90.5857082152948
pipe,15,15,70.4793253092505,Bradypterus brunneus,Bradypterus_brunneus,AVES,1,32,9749.77139132318
pipe,15,15,70.4793253092505,Bradypterus seebohmi,Bradypterus_seebohmi,AVES,0.452718233996164,1,71.7493427546058
pipe,15,15,70.4793253092505,Buteo brachypterus,Buteo_brachypterus,AVES,0.743897134857891,1,51925.5183612277
pipe,15,15,70.4793253092505,Calicalicus madagascariensis,Calicalicus_madagascariensis,AVES,1,41,48011.6331550279
pipe,15,15,70.4793253092505,Cheirogaleus crossleyi,Cheirogaleus_crossleyi,MAMMALIA,1,53,4464.00114162627
pipe,15,15,70.4793253092505,Cheirogaleus major,Cheirogaleus_major,MAMMALIA,1,28,41006.7851874369
pipe,15,15,70.4793253092505,Cheirogaleus medius,Cheirogaleus_medius,MAMMALIA,1,175,15180.7307088432
pipe,15,15,70.4793253092505,Cinnyris notatus,Cinnyris_notatus,AVES,1,44,48894.0866654643
pipe,15,15,70.4793253092505,Copsychus albospecularis,Copsychus_albospecularis,AVES,0.999999823817855,7,36453.5385303782
pipe,15,15,70.4793253092505,Coracopsis nigra,Coracopsis_nigra,AVES,0.999940549228461,12,50784.688501693
pipe,15,15,70.4793253092505,Corythornis madagascariensis,Corythornis_madagascariensis,AVES,0.845531312562387,12,47575.1833944648
pipe,15,15,70.4793253092505,Coua caerulea,Coua_caerulea,AVES,0.99985560781289,3,30021.9857114951
pipe,15,15,70.4793253092505,Coua coquereli,Coua_coquereli,AVES,0.999992610495401,6,8941.30620268323
pipe,15,15,70.4793253092505,Coua cristata,Coua_cristata,AVES,0.999999999999682,11,42590.8523660135
pipe,15,15,70.4793253092505,Coua cursor,Coua_cursor,AVES,0.991383504214668,2,3584.0046436879
pipe,15,15,70.4793253092505,Coua gigas,Coua_gigas,AVES,0.999934726894597,2,9988.0524125369
pipe,15,15,70.4793253092505,Coua reynaudii,Coua_reynaudii,AVES,0.999454810817866,2,25051.1910588774
pipe,15,15,70.4793253092505,Coua ruficeps,Coua_ruficeps,AVES,0.959346120072291,3,1326.55515300157
pipe,15,15,70.4793253092505,Coua serriana,Coua_serriana,AVES,0.99892378016018,2,22061.5644311892
pipe,15,15,70.4793253092505,Crossleyia xanthophrys,Crossleyia_xanthophrys,AVES,0.999999999999925,32,3295.24164661886
pipe,15,15,70.4793253092505,Cryptoprocta ferox,Cryptoprocta_ferox,MAMMALIA,0.0541957287396089,2,25921.5863563384
pipe,15,15,70.4793253092505,Cryptosylvicola randrianasoloi,Cryptosylvicola_randrianasoloi,AVES,1,25,4839.79315895309
pipe,15,15,70.4793253092505,Cyanolanius madagascarinus,Cyanolanius_madagascarinus,AVES,1,34,48422.5888175322
pipe,15,15,70.4793253092505,Daubentonia madagascariensis,Daubentonia_madagascariensis,MAMMALIA,1,40,18361.9311076849
pipe,15,15,70.4793253092505,Echinops telfairi,Echinops_telfairi,MAMMALIA,1,145,15132.4143589567
pipe,15,15,70.4793253092505,Eliurus antsingy,Eliurus_antsingy,MAMMALIA,0.0133737178258206,3,49.043584514739
pipe,15,15,70.4793253092505,Eliurus grandidieri,Eliurus_grandidieri,MAMMALIA,0.99962687477772,23,879.685595314434
pipe,15,15,70.4793253092505,Eliurus majori,Eliurus_majori,MAMMALIA,1,35,29575.6895201415
pipe,15,15,70.4793253092505,Eliurus minor,Eliurus_minor,MAMMALIA,1,101,43090.2934319348
pipe,15,15,70.4793253092505,Eliurus myoxinus,Eliurus_myoxinus,MAMMALIA,1,150,35114.9205523564
pipe,15,15,70.4793253092505,Eliurus tanala,Eliurus_tanala,MAMMALIA,1,41,30897.6921307989
pipe,15,15,70.4793253092505,Eliurus webbi,Eliurus_webbi,MAMMALIA,1,32,37945.7841965175
pipe,15,15,70.4793253092505,Eremopterix hova,Eremopterix_hova,AVES,0.999986672475387,17,2357.18369846122
pipe,15,15,70.4793253092505,Eulemur albifrons,Eulemur_albifrons,MAMMALIA,1,20,12012.3757354262
pipe,15,15,70.4793253092505,Eulemur cinereiceps,Eulemur_cinereiceps,MAMMALIA,1,82,46792.482252165
pipe,15,15,70.4793253092505,Eulemur collaris,Eulemur_collaris,MAMMALIA,1,75,46715.99208344
pipe,15,15,70.4793253092505,Eulemur coronatus,Eulemur_coronatus,MAMMALIA,1,102,11469.2536746413
pipe,15,15,70.4793253092505,Eulemur flavifrons,Eulemur_flavifrons,MAMMALIA,0.000213248908682684,1,25.074716512655
pipe,15,15,70.4793253092505,Eulemur fulvus,Eulemur_fulvus,MAMMALIA,1,78,46793.6693296303
pipe,15,15,70.4793253092505,Eulemur macaco,Eulemur_macaco,MAMMALIA,1,22,24806.1308081777
pipe,15,15,70.4793253092505,Eulemur mongoz,Eulemur_mongoz,MAMMALIA,0.99906703710951,9,839.995115269005
pipe,15,15,70.4793253092505,Eulemur rubriventer,Eulemur_rubriventer,MAMMALIA,1,60,43848.9029910059
pipe,15,15,70.4793253092505,Eulemur rufus,Eulemur_rufus,MAMMALIA,1,74,19865.8382432118
pipe,15,15,70.4793253092505,Eulemur sanfordi,Eulemur_sanfordi,MAMMALIA,1,83,46804.1087913727
pipe,15,15,70.4793253092505,Euryceros prevostii,Euryceros_prevostii,AVES,0.997434721298649,3,2192.93372457917
pipe,15,15,70.4793253092505,Falco zoniventris,Falco_zoniventris,AVES,0.892905739048788,3,33529.1621832173
pipe,15,15,70.4793253092505,Falculea palliata,Falculea_palliata,AVES,0.999999979933757,16,7607.66280728679
pipe,15,15,70.4793253092505,Fossa fossana,Fossa_fossana,MAMMALIA,0.933208674832813,2,37250.4096954145
pipe,15,15,70.4793253092505,Foudia madagascariensis,Foudia_madagascariensis,AVES,1,45,53288.4414120014
pipe,15,15,70.4793253092505,Foudia omissa,Foudia_omissa,AVES,0.999999992967495,9,32195.5292418549
pipe,15,15,70.4793253092505,Gactornis enarratus,Gactornis_enarratus,AVES,0.999999977054189,4,32058.9717659754
pipe,15,15,70.4793253092505,Galidia elegans,Galidia_elegans,MAMMALIA,0.941195710301174,3,37089.9061175467
pipe,15,15,70.4793253092505,Galidictis fasciata,Galidictis_fasciata,MAMMALIA,0,1,1584.28545674432
pipe,15,15,70.4793253092505,Geobiastes squamiger,Geobiastes_squamiger,AVES,0.997895386048929,5,8451.25425941496
pipe,15,15,70.4793253092505,Geogale aurita,Geogale_aurita,MAMMALIA,0.999999999999584,149,11089.3597070683
pipe,15,15,70.4793253092505,Gymnuromys roberti,Gymnuromys_roberti,MAMMALIA,1,34,19929.6081497665
pipe,15,15,70.4793253092505,Haliaeetus vociferoides,Haliaeetus_vociferoides,AVES,2.39580355554381e-10,1,1957.03667520732
pipe,15,15,70.4793253092505,Hapalemur alaotrensis,Hapalemur_alaotrensis,MAMMALIA,0.999999341887825,17,1416.0187452056
pipe,15,15,70.4793253092505,Hapalemur aureus,Hapalemur_aureus,MAMMALIA,0.999998416926612,12,922.597882726157
pipe,15,15,70.4793253092505,Hapalemur griseus,Hapalemur_griseus,MAMMALIA,1,72,47376.6658984754
pipe,15,15,70.4793253092505,Hapalemur occidentalis,Hapalemur_occidentalis,MAMMALIA,0.999279376994694,13,628.448956599466
pipe,15,15,70.4793253092505,Hartertula flavoviridis,Hartertula_flavoviridis,AVES,1,31,6504.86345631521
pipe,15,15,70.4793253092505,Hartlaubius auratus,Hartlaubius_auratus,AVES,0.999999999999998,28,48032.2833650145
pipe,15,15,70.4793253092505,Hemicentetes nigriceps,Hemicentetes_nigriceps,MAMMALIA,0.999553645514391,17,1376.65238451264
pipe,15,15,70.4793253092505,Hemicentetes semispinosus,Hemicentetes_semispinosus,MAMMALIA,0.999999999999993,23,40377.4667925689
pipe,15,15,70.4793253092505,Hypogeomys antimena,Hypogeomys_antimena,MAMMALIA,0.133821965614829,3,81.1960723686169
pipe,15,15,70.4793253092505,Hypositta corallirostris,Hypositta_corallirostris,AVES,0.999999626915649,9,38705.4014188787
pipe,15,15,70.4793253092505,Indri indri,Indri_indri,MAMMALIA,0.999999999905891,10,39478.5158514125
pipe,15,15,70.4793253092505,Lemur catta,Lemur_catta,MAMMALIA,1,67,7278.30030755443
pipe,15,15,70.4793253092505,Lepidopygia nana,Lepidopygia_nana,AVES,0.999975877676001,61,54834.0177964599
pipe,15,15,70.4793253092505,Lepilemur ankaranensis,Lepilemur_ankaranensis,MAMMALIA,0.942459903341341,6,281.192858119976
pipe,15,15,70.4793253092505,Lepilemur edwardsi,Lepilemur_edwardsi,MAMMALIA,0.999999999502517,30,2771.75354157147
pipe,15,15,70.4793253092505,Lepilemur leucopus,Lepilemur_leucopus,MAMMALIA,0.9999999999869,23,2559.61844262689
pipe,15,15,70.4793253092505,Lepilemur microdon,Lepilemur_microdon,MAMMALIA,0.999999846975279,19,2430.5712031146
pipe,15,15,70.4793253092505,Lepilemur mustelinus,Lepilemur_mustelinus,MAMMALIA,1,61,41196.7115331536
pipe,15,15,70.4793253092505,Lepilemur ruficaudatus,Lepilemur_ruficaudatus,MAMMALIA,1,43,3871.86534719286
pipe,15,15,70.4793253092505,Leptopterus chabert,Leptopterus_chabert,AVES,1,38,52270.0983077822
pipe,15,15,70.4793253092505,Lophotibis cristata,Lophotibis_cristata,AVES,0.999994994331813,3,47426.3455245409
pipe,15,15,70.4793253092505,Macrotarsomys bastardi,Macrotarsomys_bastardi,MAMMALIA,0.999999998453718,40,1968.23625930281
pipe,15,15,70.4793253092505,Margaroperdix madagarensis,Margaroperdix_madagarensis,AVES,0.999999999928872,12,44757.4373693481
pipe,15,15,70.4793253092505,Mentocrex kioloides,Mentocrex_kioloides,AVES,0.996733977931672,2,24386.1059313037
pipe,15,15,70.4793253092505,Mesitornis unicolor,Mesitornis_unicolor,AVES,0,0,0
pipe,15,15,70.4793253092505,Mesitornis variegatus,Mesitornis_variegatus,AVES,0.997648279662333,4,2387.96407538951
pipe,15,15,70.4793253092505,Microcebus berthae,Microcebus_berthae,MAMMALIA,1.52725564417366e-08,1,10.8090685387869
pipe,15,15,70.4793253092505,Microcebus griseorufus,Microcebus_griseorufus,MAMMALIA,0.995763539856305,11,459.298684679831
pipe,15,15,70.4793253092505,Microcebus murinus,Microcebus_murinus,MAMMALIA,1,288,29741.3098650659
pipe,15,15,70.4793253092505,Microcebus myoxinus,Microcebus_myoxinus,MAMMALIA,0.999997709660429,21,577.849908813544
pipe,15,15,70.4793253092505,Microcebus ravelobensis,Microcebus_ravelobensis,MAMMALIA,0.778620368188717,9,218.856960565414
pipe,15,15,70.4793253092505,Microcebus rufus,Microcebus_rufus,MAMMALIA,1,48,39657.1157895128
pipe,15,15,70.4793253092505,Microcebus tavaratra,Microcebus_tavaratra,MAMMALIA,0.993389601969015,17,547.071764066312
pipe,15,15,70.4793253092505,Microgale brevicaudata,Microgale_brevicaudata,MAMMALIA,1,147,14545.3121250203
pipe,15,15,70.4793253092505,Microgale cowani,Microgale_cowani,MAMMALIA,0.999999999999959,29,34605.7138716797
pipe,15,15,70.4793253092505,Microgale drouhardi,Microgale_drouhardi,MAMMALIA,1,47,18775.0825566161
pipe,15,15,70.4793253092505,Microgale dryas,Microgale_dryas,MAMMALIA,0.897173527007963,26,1055.73738193587
pipe,15,15,70.4793253092505,Microgale fotsifotsy,Microgale_fotsifotsy,MAMMALIA,1,45,21102.592436764
pipe,15,15,70.4793253092505,Microgale gracilis,Microgale_gracilis,MAMMALIA,0.999999999873936,48,6807.58967347119
pipe,15,15,70.4793253092505,Microgale gymnorhyncha,Microgale_gymnorhyncha,MAMMALIA,0.999999999999991,27,13327.0154663894
pipe,15,15,70.4793253092505,Microgale longicaudata,Microgale_longicaudata,MAMMALIA,1,57,37803.0679402833
pipe,15,15,70.4793253092505,Microgale mergulus,Microgale_mergulus,MAMMALIA,0.999999999080175,34,3271.4089132657
pipe,15,15,70.4793253092505,Microgale parvula,Microgale_parvula,MAMMALIA,0.999999999998343,59,40201.7681632552
pipe,15,15,70.4793253092505,Microgale principula,Microgale_principula,MAMMALIA,1,37,35408.009903428
pipe,15,15,70.4793253092505,Microgale pusilla,Microgale_pusilla,MAMMALIA,0.999999989424612,88,12800.5873954748
pipe,15,15,70.4793253092505,Microgale soricoides,Microgale_soricoides,MAMMALIA,1,24,19440.9719752778
pipe,15,15,70.4793253092505,Microgale taiva,Microgale_taiva,MAMMALIA,1,44,30368.8965240833
pipe,15,15,70.4793253092505,Microgale thomasi,Microgale_thomasi,MAMMALIA,1,40,18145.3278882608
pipe,15,15,70.4793253092505,Mirza coquereli,Mirza_coquereli,MAMMALIA,0.999537790365722,11,1058.0124427911
pipe,15,15,70.4793253092505,Monias benschi,Monias_benschi,AVES,0,0,0
pipe,15,15,70.4793253092505,Monticola erythronotus,Monticola_erythronotus,AVES,0.505764981643122,1,97.497303661992
pipe,15,15,70.4793253092505,Monticola sharpei,Monticola_sharpei,AVES,0.999999999999807,17,42707.4180300893
pipe,15,15,70.4793253092505,Monticolomys koopmani,Monticolomys_koopmani,MAMMALIA,0.132627247638879,4,91.67036602125
pipe,15,15,70.4793253092505,Motacilla flaviventris,Motacilla_flaviventris,AVES,0.999999949569891,15,2577.5971807103
pipe,15,15,70.4793253092505,Mystacornis crossleyi,Mystacornis_crossleyi,AVES,0.999999999946603,4,32554.6561363331
pipe,15,15,70.4793253092505,Neodrepanis coruscans,Neodrepanis_coruscans,AVES,0.999998192951784,11,22178.9264166778
pipe,15,15,70.4793253092505,Neodrepanis hypoxantha,Neodrepanis_hypoxantha,AVES,0.0211788109146442,3,88.4296056242715
pipe,15,15,70.4793253092505,Neomixis striatigula,Neomixis_striatigula,AVES,0.999999999999421,8,36169.6648022146
pipe,15,15,70.4793253092505,Neomixis tenella,Neomixis_tenella,AVES,1,57,44603.4614128667
pipe,15,15,70.4793253092505,Neomixis viridis,Neomixis_viridis,AVES,0.999999999997161,6,35531.4047413418
pipe,15,15,70.4793253092505,Nesillas lantzii,Nesillas_lantzii,AVES,0.998749974783892,4,1246.07556980157
pipe,15,15,70.4793253092505,Nesogale dobsoni,Nesogale_dobsoni,MAMMALIA,1,34,38890.3496111063
pipe,15,15,70.4793253092505,Nesogale talazaci,Nesogale_talazaci,MAMMALIA,1,28,39211.7132332639
pipe,15,15,70.4793253092505,Nesomys audeberti,Nesomys_audeberti,MAMMALIA,0.999999999999997,47,2834.80155348828
pipe,15,15,70.4793253092505,Nesomys lambertoni,Nesomys_lambertoni,MAMMALIA,0.999439784474524,8,528.723915307986
pipe,15,15,70.4793253092505,Nesomys rufus,Nesomys_rufus,MAMMALIA,1,28,30537.894638378
pipe,15,15,70.4793253092505,Newtonia amphichroa,Newtonia_amphichroa,AVES,1,12,29660.5098351051
pipe,15,15,70.4793253092505,Newtonia archboldi,Newtonia_archboldi,AVES,0.999236633491821,5,942.286452663309
pipe,15,15,70.4793253092505,Newtonia brunneicauda,Newtonia_brunneicauda,AVES,1,55,52475.8404438869
pipe,15,15,70.4793253092505,Newtonia fanovanae,Newtonia_fanovanae,AVES,0.353055283448799,2,98.220702482002
pipe,15,15,70.4793253092505,Oriolia bernieri,Oriolia_bernieri,AVES,0.999999920732255,13,8265.74744351844
pipe,15,15,70.4793253092505,Oryzorictes hova,Oryzorictes_hova,MAMMALIA,1,29,37910.2868085165
pipe,15,15,70.4793253092505,Oryzorictes tetradactylus,Oryzorictes_tetradactylus,MAMMALIA,0.999999881569527,53,4927.11860128804
pipe,15,15,70.4793253092505,Otus rutilus,Otus_rutilus,AVES,0.999999999988388,10,50243.2112115204
pipe,15,15,70.4793253092505,Oxylabes madagascariensis,Oxylabes_madagascariensis,AVES,0.999999999997316,9,33265.2554873105
pipe,15,15,70.4793253092505,Phaner electromontis,Phaner_electromontis,MAMMALIA,0,0,0
pipe,15,15,70.4793253092505,Phaner furcifer,Phaner_furcifer,MAMMALIA,0.887896737361262,19,468.166934086511
pipe,15,15,70.4793253092505,Phaner pallescens,Phaner_pallescens,MAMMALIA,0.999998531322649,14,1394.12525509061
pipe,15,15,70.4793253092505,Phaner parienti,Phaner_parienti,MAMMALIA,0.00280017666108179,1,24.4501852478606
pipe,15,15,70.4793253092505,Philepitta castanea,Philepitta_castanea,AVES,0.999339921239313,3,28994.5643473366
pipe,15,15,70.4793253092505,Philepitta schlegeli,Philepitta_schlegeli,AVES,0.990148270616655,13,2989.985067236
pipe,15,15,70.4793253092505,Ploceus nelicourvi,Ploceus_nelicourvi,AVES,0.999999999993529,6,37420.9062805408
pipe,15,15,70.4793253092505,Ploceus sakalava,Ploceus_sakalava,AVES,0.999999993710848,37,9038.46210897436
pipe,15,15,70.4793253092505,Polyboroides radiatus,Polyboroides_radiatus,AVES,0.999519899915735,3,39884.1545305322
pipe,15,15,70.4793253092505,Pseudobias wardi,Pseudobias_wardi,AVES,1,11,29802.8996080155
pipe,15,15,70.4793253092505,Pterocles personatus,Pterocles_personatus,AVES,0.908933455454788,3,5280.92411778237
pipe,15,15,70.4793253092505,Rallus madagascariensis,Rallus_madagascariensis,AVES,0.999999828249679,5,10840.4467322129
pipe,15,15,70.4793253092505,Randia pseudozosterops,Randia_pseudozosterops,AVES,0.999999999999799,9,28690.7519344129
pipe,15,15,70.4793253092505,Sarothrura insularis,Sarothrura_insularis,AVES,0.999998601816075,5,40343.6448319974
pipe,15,15,70.4793253092505,Schetba rufa,Schetba_rufa,AVES,0.999999999999994,19,17273.9387573607
pipe,15,15,70.4793253092505,Setifer setosus,Setifer_setosus,MAMMALIA,1,92,51301.1294303526
pipe,15,15,70.4793253092505,Tenrec ecaudatus,Tenrec_ecaudatus,MAMMALIA,1,82,51636.8587787932
pipe,15,15,70.4793253092505,Thamnornis chloropetoides,Thamnornis_chloropetoides,AVES,0.999883677549942,5,1497.44451481902
pipe,15,15,70.4793253092505,Treron australis,Treron_australis,AVES,0.999904513517254,9,43401.0389149802
pipe,15,15,70.4793253092505,Turnix nigricollis,Turnix_nigricollis,AVES,0.999999999877074,13,46462.6090168262
pipe,15,15,70.4793253092505,Tylas eduardi,Tylas_eduardi,AVES,0.999999999993535,6,36697.5289413319
pipe,15,15,70.4793253092505,Vanga curvirostris,Vanga_curvirostris,AVES,0.999999999999935,23,51012.2699965743
pipe,15,15,70.4793253092505,Varecia rubra,Varecia_rubra,MAMMALIA,1,19,40408.5840306885
pipe,15,15,70.4793253092505,Varecia variegata,Varecia_variegata,MAMMALIA,0.999999999999998,18,40389.5212628984
pipe,15,15,70.4793253092505,Xanthomixis apperti,Xanthomixis_apperti,AVES,0.441311211243701,1,68.4073900828693
pipe,15,15,70.4793253092505,Xanthomixis cinereiceps,Xanthomixis_cinereiceps,AVES,1,16,12785.7998923754
pipe,15,15,70.4793253092505,Xanthomixis zosterops,Xanthomixis_zosterops,AVES,0.999999999999908,10,37369.4964214304
pipe,15,15,70.4793253092505,Xenopirostris damii,Xenopirostris_damii,AVES,0.00179910755944268,1,93.5023436630614
pipe,15,15,70.4793253092505,Xenopirostris polleni,Xenopirostris_polleni,AVES,0.999999999725473,8,12833.2692895821
pipe,15,15,70.4793253092505,Xenopirostris xenopirostris,Xenopirostris_xenopirostris,AVES,0.965058075374104,1,1102.55740261015
pipe,16,16,75.1702061607174,Accipiter henstii,Accipiter_henstii,AVES,0.597803542370432,1,39749.396455522
pipe,16,16,75.1702061607174,Accipiter madagascariensis,Accipiter_madagascariensis,AVES,0.849265779837186,3,40942.1702141266
pipe,16,16,75.1702061607174,Acrocephalus newtoni,Acrocephalus_newtoni,AVES,1,37,41535.8873389313
pipe,16,16,75.1702061607174,Alectroenas madagascariensis,Alectroenas_madagascariensis,AVES,0.994253309737497,8,34044.5911732725
pipe,16,16,75.1702061607174,Allocebus trichotis,Allocebus_trichotis,MAMMALIA,0.0078347349602923,3,72.1001097191941
pipe,16,16,75.1702061607174,Anas bernieri,Anas_bernieri,AVES,0,0,0
pipe,16,16,75.1702061607174,Apus balstoni,Apus_balstoni,AVES,0.999999999999959,15,39551.105002403
pipe,16,16,75.1702061607174,Artamella viridis,Artamella_viridis,AVES,0.999999999999996,30,41651.8098209368
pipe,16,16,75.1702061607174,Asio madagascariensis,Asio_madagascariensis,AVES,0.782609235877046,2,34493.3026431008
pipe,16,16,75.1702061607174,Atelornis crossleyi,Atelornis_crossleyi,AVES,0.999992888726988,5,9522.59699726019
pipe,16,16,75.1702061607174,Atelornis pittoides,Atelornis_pittoides,AVES,0.999996302335976,5,27030.2278164854
pipe,16,16,75.1702061607174,Athene superciliaris,Athene_superciliaris,AVES,0.999996294693386,10,24077.8915222287
pipe,16,16,75.1702061607174,Avahi laniger,Avahi_laniger,MAMMALIA,1,50,21440.1388501516
pipe,16,16,75.1702061607174,Avahi occidentalis,Avahi_occidentalis,MAMMALIA,0.994846163128801,4,560.183920699711
pipe,16,16,75.1702061607174,Aviceda madagascariensis,Aviceda_madagascariensis,AVES,0.945177400720295,2,38666.5848933873
pipe,16,16,75.1702061607174,Bernieria madagascariensis,Bernieria_madagascariensis,AVES,1,29,39621.1095903942
pipe,16,16,75.1702061607174,Brachypteracias leptosomus,Brachypteracias_leptosomus,AVES,0.999996543110932,3,23714.4366049651
pipe,16,16,75.1702061607174,Brachytarsomys albicauda,Brachytarsomys_albicauda,MAMMALIA,0.999999191947601,33,1281.0156782805
pipe,16,16,75.1702061607174,Brachyuromys betsileoensis,Brachyuromys_betsileoensis,MAMMALIA,1,28,7812.62061376029
pipe,16,16,75.1702061607174,Brachyuromys ramirohitra,Brachyuromys_ramirohitra,MAMMALIA,0.655414845690046,2,90.5857082152948
pipe,16,16,75.1702061607174,Bradypterus brunneus,Bradypterus_brunneus,AVES,1,31,8797.62172519794
pipe,16,16,75.1702061607174,Bradypterus seebohmi,Bradypterus_seebohmi,AVES,0.452718233996164,1,71.7493427546058
pipe,16,16,75.1702061607174,Buteo brachypterus,Buteo_brachypterus,AVES,0.704075927838269,1,43452.2222046065
pipe,16,16,75.1702061607174,Calicalicus madagascariensis,Calicalicus_madagascariensis,AVES,0.999999999999994,34,39923.4835705941
pipe,16,16,75.1702061607174,Cheirogaleus crossleyi,Cheirogaleus_crossleyi,MAMMALIA,1,52,4166.36076330109
pipe,16,16,75.1702061607174,Cheirogaleus major,Cheirogaleus_major,MAMMALIA,1,42,34573.2314260302
pipe,16,16,75.1702061607174,Cheirogaleus medius,Cheirogaleus_medius,MAMMALIA,1,147,12151.0069119282
pipe,16,16,75.1702061607174,Cinnyris notatus,Cinnyris_notatus,AVES,1,38,40451.0693649695
pipe,16,16,75.1702061607174,Copsychus albospecularis,Copsychus_albospecularis,AVES,0.999999939251657,8,31268.0104270429
pipe,16,16,75.1702061607174,Coracopsis nigra,Coracopsis_nigra,AVES,0.999759683914279,12,42180.525515269
pipe,16,16,75.1702061607174,Corythornis madagascariensis,Corythornis_madagascariensis,AVES,0.816710087601005,11,39207.2626570072
pipe,16,16,75.1702061607174,Coua caerulea,Coua_caerulea,AVES,0.999754957138746,3,26829.2642575112
pipe,16,16,75.1702061607174,Coua coquereli,Coua_coquereli,AVES,0.999954481486021,7,7204.72404300455
pipe,16,16,75.1702061607174,Coua cristata,Coua_cristata,AVES,0.999999999963827,13,37335.4924133021
pipe,16,16,75.1702061607174,Coua cursor,Coua_cursor,AVES,0.990778862666733,2,3467.19181897763
pipe,16,16,75.1702061607174,Coua gigas,Coua_gigas,AVES,0.99940369323768,3,8479.87325789458
pipe,16,16,75.1702061607174,Coua reynaudii,Coua_reynaudii,AVES,0.999297807347574,1,21674.5413949579
pipe,16,16,75.1702061607174,Coua ruficeps,Coua_ruficeps,AVES,0.959346120072291,2,1243.60641534433
pipe,16,16,75.1702061607174,Coua serriana,Coua_serriana,AVES,0.998551173590467,2,19633.7517851052
pipe,16,16,75.1702061607174,Crossleyia xanthophrys,Crossleyia_xanthophrys,AVES,0.999999999999061,31,3063.5886024354
pipe,16,16,75.1702061607174,Cryptoprocta ferox,Cryptoprocta_ferox,MAMMALIA,0.0118790024667249,2,19454.5280420919
pipe,16,16,75.1702061607174,Cryptosylvicola randrianasoloi,Cryptosylvicola_randrianasoloi,AVES,1,23,4208.80272847216
pipe,16,16,75.1702061607174,Cyanolanius madagascarinus,Cyanolanius_madagascarinus,AVES,1,32,39986.1936891271
pipe,16,16,75.1702061607174,Daubentonia madagascariensis,Daubentonia_madagascariensis,MAMMALIA,1,38,15419.8032009423
pipe,16,16,75.1702061607174,Echinops telfairi,Echinops_telfairi,MAMMALIA,1,118,12258.3026097892
pipe,16,16,75.1702061607174,Eliurus antsingy,Eliurus_antsingy,MAMMALIA,0.0133737178258206,3,49.043584514739
pipe,16,16,75.1702061607174,Eliurus grandidieri,Eliurus_grandidieri,MAMMALIA,0.99962687477772,23,879.685595314434
pipe,16,16,75.1702061607174,Eliurus majori,Eliurus_majori,MAMMALIA,1,51,24092.2116982791
pipe,16,16,75.1702061607174,Eliurus minor,Eliurus_minor,MAMMALIA,1,101,36244.3569319167
pipe,16,16,75.1702061607174,Eliurus myoxinus,Eliurus_myoxinus,MAMMALIA,1,144,29394.5933320145
pipe,16,16,75.1702061607174,Eliurus tanala,Eliurus_tanala,MAMMALIA,1,57,26018.1589159913
pipe,16,16,75.1702061607174,Eliurus webbi,Eliurus_webbi,MAMMALIA,1,47,33297.818510484
pipe,16,16,75.1702061607174,Eremopterix hova,Eremopterix_hova,AVES,0.999984943511387,17,2319.01647293855
pipe,16,16,75.1702061607174,Eulemur albifrons,Eulemur_albifrons,MAMMALIA,1,17,11320.111692689
pipe,16,16,75.1702061607174,Eulemur cinereiceps,Eulemur_cinereiceps,MAMMALIA,1,78,38425.5566609147
pipe,16,16,75.1702061607174,Eulemur collaris,Eulemur_collaris,MAMMALIA,1,73,38357.9763139007
pipe,16,16,75.1702061607174,Eulemur coronatus,Eulemur_coronatus,MAMMALIA,1,83,9762.08070845561
pipe,16,16,75.1702061607174,Eulemur flavifrons,Eulemur_flavifrons,MAMMALIA,0.000213248908682684,1,25.074716512655
pipe,16,16,75.1702061607174,Eulemur fulvus,Eulemur_fulvus,MAMMALIA,1,75,38425.7397058287
pipe,16,16,75.1702061607174,Eulemur macaco,Eulemur_macaco,MAMMALIA,1,28,20721.6935847833
pipe,16,16,75.1702061607174,Eulemur mongoz,Eulemur_mongoz,MAMMALIA,0.998449660133789,5,688.45164359319
pipe,16,16,75.1702061607174,Eulemur rubriventer,Eulemur_rubriventer,MAMMALIA,1,68,36725.1836571163
pipe,16,16,75.1702061607174,Eulemur rufus,Eulemur_rufus,MAMMALIA,1,64,16923.3277733655
pipe,16,16,75.1702061607174,Eulemur sanfordi,Eulemur_sanfordi,MAMMALIA,1,80,38437.1832001223
pipe,16,16,75.1702061607174,Euryceros prevostii,Euryceros_prevostii,AVES,0.996344870213456,3,2078.93771899723
pipe,16,16,75.1702061607174,Falco zoniventris,Falco_zoniventris,AVES,0.878951181131879,4,30899.5160482051
pipe,16,16,75.1702061607174,Falculea palliata,Falculea_palliata,AVES,0.999999074599417,16,6571.41493690743
pipe,16,16,75.1702061607174,Fossa fossana,Fossa_fossana,MAMMALIA,0.807214832761414,3,30386.3947580318
pipe,16,16,75.1702061607174,Foudia madagascariensis,Foudia_madagascariensis,AVES,0.999999999999927,46,44872.1735314084
pipe,16,16,75.1702061607174,Foudia omissa,Foudia_omissa,AVES,0.9999999947234,12,28218.7601019232
pipe,16,16,75.1702061607174,Gactornis enarratus,Gactornis_enarratus,AVES,0.999999924355516,4,28429.8348514821
pipe,16,16,75.1702061607174,Galidia elegans,Galidia_elegans,MAMMALIA,0.816803655755876,4,30031.9985880726
pipe,16,16,75.1702061607174,Galidictis fasciata,Galidictis_fasciata,MAMMALIA,0,1,1529.64931621576
pipe,16,16,75.1702061607174,Geobiastes squamiger,Geobiastes_squamiger,AVES,0.997490190195292,4,7925.78709684939
pipe,16,16,75.1702061607174,Geogale aurita,Geogale_aurita,MAMMALIA,0.99999999997439,137,9611.44575079823
pipe,16,16,75.1702061607174,Gymnuromys roberti,Gymnuromys_roberti,MAMMALIA,1,35,17404.2508971074
pipe,16,16,75.1702061607174,Haliaeetus vociferoides,Haliaeetus_vociferoides,AVES,0,1,1567.07698088194
pipe,16,16,75.1702061607174,Hapalemur alaotrensis,Hapalemur_alaotrensis,MAMMALIA,0.999999341887825,17,1416.0187452056
pipe,16,16,75.1702061607174,Hapalemur aureus,Hapalemur_aureus,MAMMALIA,0.999894354815804,9,640.841536354817
pipe,16,16,75.1702061607174,Hapalemur griseus,Hapalemur_griseus,MAMMALIA,1,69,39148.7937923653
pipe,16,16,75.1702061607174,Hapalemur occidentalis,Hapalemur_occidentalis,MAMMALIA,0.999279376994694,13,628.448956599466
pipe,16,16,75.1702061607174,Hartertula flavoviridis,Hartertula_flavoviridis,AVES,1,33,5667.28850238606
pipe,16,16,75.1702061607174,Hartlaubius auratus,Hartlaubius_auratus,AVES,0.999999999998904,32,40050.0194248552
pipe,16,16,75.1702061607174,Hemicentetes nigriceps,Hemicentetes_nigriceps,MAMMALIA,0.998929113287798,16,1210.60632267986
pipe,16,16,75.1702061607174,Hemicentetes semispinosus,Hemicentetes_semispinosus,MAMMALIA,1,39,34210.1751297429
pipe,16,16,75.1702061607174,Hypogeomys antimena,Hypogeomys_antimena,MAMMALIA,0.133821965614829,3,81.1960723686169
pipe,16,16,75.1702061607174,Hypositta corallirostris,Hypositta_corallirostris,AVES,0.999999917099243,12,33213.2751602731
pipe,16,16,75.1702061607174,Indri indri,Indri_indri,MAMMALIA,0.999999999999975,14,33468.3630183477
pipe,16,16,75.1702061607174,Lemur catta,Lemur_catta,MAMMALIA,1,60,5465.04876030217
pipe,16,16,75.1702061607174,Lepidopygia nana,Lepidopygia_nana,AVES,0.9999597552072,61,45834.7017039821
pipe,16,16,75.1702061607174,Lepilemur ankaranensis,Lepilemur_ankaranensis,MAMMALIA,0.942459903341341,5,274.237082094521
pipe,16,16,75.1702061607174,Lepilemur edwardsi,Lepilemur_edwardsi,MAMMALIA,0.999999880118327,14,1809.42700494314
pipe,16,16,75.1702061607174,Lepilemur leucopus,Lepilemur_leucopus,MAMMALIA,0.999999999978517,22,2486.93146090779
pipe,16,16,75.1702061607174,Lepilemur microdon,Lepilemur_microdon,MAMMALIA,0.99999562234665,18,1929.16395172018
pipe,16,16,75.1702061607174,Lepilemur mustelinus,Lepilemur_mustelinus,MAMMALIA,1,80,34405.8357847735
pipe,16,16,75.1702061607174,Lepilemur ruficaudatus,Lepilemur_ruficaudatus,MAMMALIA,0.999999999999641,27,2830.98592715687
pipe,16,16,75.1702061607174,Leptopterus chabert,Leptopterus_chabert,AVES,1,41,43719.1082137348
pipe,16,16,75.1702061607174,Lophotibis cristata,Lophotibis_cristata,AVES,0.999963591593078,4,38838.063940722
pipe,16,16,75.1702061607174,Macrotarsomys bastardi,Macrotarsomys_bastardi,MAMMALIA,0.999999993883809,39,1824.53988311158
pipe,16,16,75.1702061607174,Margaroperdix madagarensis,Margaroperdix_madagarensis,AVES,0.999999998032236,15,38366.0579354527
pipe,16,16,75.1702061607174,Mentocrex kioloides,Mentocrex_kioloides,AVES,0.995768546044929,2,22074.9527050778
pipe,16,16,75.1702061607174,Mesitornis unicolor,Mesitornis_unicolor,AVES,0,0,0
pipe,16,16,75.1702061607174,Mesitornis variegatus,Mesitornis_variegatus,AVES,0.997073716342095,4,2341.08658593949
pipe,16,16,75.1702061607174,Microcebus berthae,Microcebus_berthae,MAMMALIA,1.52725564417366e-08,1,10.8090685387869
pipe,16,16,75.1702061607174,Microcebus griseorufus,Microcebus_griseorufus,MAMMALIA,0.995742518239646,11,458.692135120759
pipe,16,16,75.1702061607174,Microcebus murinus,Microcebus_murinus,MAMMALIA,1,250,24972.74232095
pipe,16,16,75.1702061607174,Microcebus myoxinus,Microcebus_myoxinus,MAMMALIA,0.999854601999335,9,374.83480196268
pipe,16,16,75.1702061607174,Microcebus ravelobensis,Microcebus_ravelobensis,MAMMALIA,0.778620368188717,8,213.92547160288
pipe,16,16,75.1702061607174,Microcebus rufus,Microcebus_rufus,MAMMALIA,1,62,33180.9932210185
pipe,16,16,75.1702061607174,Microcebus tavaratra,Microcebus_tavaratra,MAMMALIA,0.993270649626589,14,496.485403796988
pipe,16,16,75.1702061607174,Microgale brevicaudata,Microgale_brevicaudata,MAMMALIA,1,115,12048.2177690844
pipe,16,16,75.1702061607174,Microgale cowani,Microgale_cowani,MAMMALIA,1,52,28032.242697818
pipe,16,16,75.1702061607174,Microgale drouhardi,Microgale_drouhardi,MAMMALIA,1,53,16166.0554022089
pipe,16,16,75.1702061607174,Microgale dryas,Microgale_dryas,MAMMALIA,0.897173527007963,26,1055.73738193587
pipe,16,16,75.1702061607174,Microgale fotsifotsy,Microgale_fotsifotsy,MAMMALIA,1,47,18507.8342872835
pipe,16,16,75.1702061607174,Microgale gracilis,Microgale_gracilis,MAMMALIA,0.99999999974075,44,5937.99855031745
pipe,16,16,75.1702061607174,Microgale gymnorhyncha,Microgale_gymnorhyncha,MAMMALIA,1,31,11912.2319326706
pipe,16,16,75.1702061607174,Microgale longicaudata,Microgale_longicaudata,MAMMALIA,1,74,31096.745919016
pipe,16,16,75.1702061607174,Microgale mergulus,Microgale_mergulus,MAMMALIA,0.999999970545152,33,2872.43254978552
pipe,16,16,75.1702061607174,Microgale parvula,Microgale_parvula,MAMMALIA,0.999999999999889,70,34161.6666320915
pipe,16,16,75.1702061607174,Microgale principula,Microgale_principula,MAMMALIA,1,51,31346.0623900214
pipe,16,16,75.1702061607174,Microgale pusilla,Microgale_pusilla,MAMMALIA,0.999999774343428,85,11372.1293449755
pipe,16,16,75.1702061607174,Microgale soricoides,Microgale_soricoides,MAMMALIA,1,30,16443.2289257599
pipe,16,16,75.1702061607174,Microgale taiva,Microgale_taiva,MAMMALIA,1,53,26542.8831605231
pipe,16,16,75.1702061607174,Microgale thomasi,Microgale_thomasi,MAMMALIA,1,36,15458.7752499481
pipe,16,16,75.1702061607174,Mirza coquereli,Mirza_coquereli,MAMMALIA,0.999190979281903,11,1023.85435719874
pipe,16,16,75.1702061607174,Monias benschi,Monias_benschi,AVES,0,0,0
pipe,16,16,75.1702061607174,Monticola erythronotus,Monticola_erythronotus,AVES,0.505764981643122,1,97.497303661992
pipe,16,16,75.1702061607174,Monticola sharpei,Monticola_sharpei,AVES,0.999999999998566,18,35843.6013359497
pipe,16,16,75.1702061607174,Monticolomys koopmani,Monticolomys_koopmani,MAMMALIA,0.132627247638879,4,91.67036602125
pipe,16,16,75.1702061607174,Motacilla flaviventris,Motacilla_flaviventris,AVES,0.999998789827604,13,2223.13790971612
pipe,16,16,75.1702061607174,Mystacornis crossleyi,Mystacornis_crossleyi,AVES,0.999999999908731,6,28969.3636959326
pipe,16,16,75.1702061607174,Neodrepanis coruscans,Neodrepanis_coruscans,AVES,0.999999349392946,15,19968.2946265635
pipe,16,16,75.1702061607174,Neodrepanis hypoxantha,Neodrepanis_hypoxantha,AVES,0.0211788109146442,3,88.4296056242715
pipe,16,16,75.1702061607174,Neomixis striatigula,Neomixis_striatigula,AVES,1,12,31681.4041029739
pipe,16,16,75.1702061607174,Neomixis tenella,Neomixis_tenella,AVES,1,51,38832.7667029019
pipe,16,16,75.1702061607174,Neomixis viridis,Neomixis_viridis,AVES,1,11,31189.0962491221
pipe,16,16,75.1702061607174,Nesillas lantzii,Nesillas_lantzii,AVES,0.998558327324299,4,1235.24315366881
pipe,16,16,75.1702061607174,Nesogale dobsoni,Nesogale_dobsoni,MAMMALIA,1,51,32154.7858223904
pipe,16,16,75.1702061607174,Nesogale talazaci,Nesogale_talazaci,MAMMALIA,1,44,33461.5599841033
pipe,16,16,75.1702061607174,Nesomys audeberti,Nesomys_audeberti,MAMMALIA,0.999999999993029,48,2453.02979633019
pipe,16,16,75.1702061607174,Nesomys lambertoni,Nesomys_lambertoni,MAMMALIA,0.999393690729264,8,520.992712159106
pipe,16,16,75.1702061607174,Nesomys rufus,Nesomys_rufus,MAMMALIA,1,44,26626.8663622497
pipe,16,16,75.1702061607174,Newtonia amphichroa,Newtonia_amphichroa,AVES,1,15,25884.9868784175
pipe,16,16,75.1702061607174,Newtonia archboldi,Newtonia_archboldi,AVES,0.99914311993348,5,934.247475323978
pipe,16,16,75.1702061607174,Newtonia brunneicauda,Newtonia_brunneicauda,AVES,1,51,43892.0714783745
pipe,16,16,75.1702061607174,Newtonia fanovanae,Newtonia_fanovanae,AVES,0.353055283448799,2,98.220702482002
pipe,16,16,75.1702061607174,Oriolia bernieri,Oriolia_bernieri,AVES,0.999999374186756,14,6958.17165128886
pipe,16,16,75.1702061607174,Oryzorictes hova,Oryzorictes_hova,MAMMALIA,1,45,32794.814440691
pipe,16,16,75.1702061607174,Oryzorictes tetradactylus,Oryzorictes_tetradactylus,MAMMALIA,0.999999014584943,45,3823.56308044543
pipe,16,16,75.1702061607174,Otus rutilus,Otus_rutilus,AVES,0.999999999450534,12,41735.1665519449
pipe,16,16,75.1702061607174,Oxylabes madagascariensis,Oxylabes_madagascariensis,AVES,0.999999999996157,11,29354.3435233229
pipe,16,16,75.1702061607174,Phaner electromontis,Phaner_electromontis,MAMMALIA,0,0,0
pipe,16,16,75.1702061607174,Phaner furcifer,Phaner_furcifer,MAMMALIA,0.887896690644765,17,444.167946474382
pipe,16,16,75.1702061607174,Phaner pallescens,Phaner_pallescens,MAMMALIA,0.999993012043941,8,1257.00914036843
pipe,16,16,75.1702061607174,Phaner parienti,Phaner_parienti,MAMMALIA,0.00280017666108179,1,24.4501852478606
pipe,16,16,75.1702061607174,Philepitta castanea,Philepitta_castanea,AVES,0.999130390373741,5,25850.0653191206
pipe,16,16,75.1702061607174,Philepitta schlegeli,Philepitta_schlegeli,AVES,0.984185525615474,11,2643.62128809844
pipe,16,16,75.1702061607174,Ploceus nelicourvi,Ploceus_nelicourvi,AVES,0.999999999931023,7,32677.8654832808
pipe,16,16,75.1702061607174,Ploceus sakalava,Ploceus_sakalava,AVES,0.999999546175378,33,7569.0384953581
pipe,16,16,75.1702061607174,Polyboroides radiatus,Polyboroides_radiatus,AVES,0.998142680636524,4,32983.0033056149
pipe,16,16,75.1702061607174,Pseudobias wardi,Pseudobias_wardi,AVES,1,11,26930.8185847371
pipe,16,16,75.1702061607174,Pterocles personatus,Pterocles_personatus,AVES,0.889390378336015,3,4809.36740972748
pipe,16,16,75.1702061607174,Rallus madagascariensis,Rallus_madagascariensis,AVES,0.999999485858345,5,9519.00745747333
pipe,16,16,75.1702061607174,Randia pseudozosterops,Randia_pseudozosterops,AVES,0.999999999999588,10,25740.4188865349
pipe,16,16,75.1702061607174,Sarothrura insularis,Sarothrura_insularis,AVES,0.999994104129478,5,34020.594600568
pipe,16,16,75.1702061607174,Schetba rufa,Schetba_rufa,AVES,0.999999999999857,19,16094.9624720925
pipe,16,16,75.1702061607174,Setifer setosus,Setifer_setosus,MAMMALIA,1,89,43188.6860780776
pipe,16,16,75.1702061607174,Tenrec ecaudatus,Tenrec_ecaudatus,MAMMALIA,1,81,43128.4309449234
pipe,16,16,75.1702061607174,Thamnornis chloropetoides,Thamnornis_chloropetoides,AVES,0.999882700116865,5,1492.04293063486
pipe,16,16,75.1702061607174,Treron australis,Treron_australis,AVES,0.999667778162147,11,37677.2751215802
pipe,16,16,75.1702061607174,Turnix nigricollis,Turnix_nigricollis,AVES,0.999999995242265,14,38346.7943048815
pipe,16,16,75.1702061607174,Tylas eduardi,Tylas_eduardi,AVES,0.999999999996876,8,32532.6805024383
pipe,16,16,75.1702061607174,Vanga curvirostris,Vanga_curvirostris,AVES,0.999999999915591,27,42989.5344402296
pipe,16,16,75.1702061607174,Varecia rubra,Varecia_rubra,MAMMALIA,1,30,34096.9449436314
pipe,16,16,75.1702061607174,Varecia variegata,Varecia_variegata,MAMMALIA,1,29,34077.0680522992
pipe,16,16,75.1702061607174,Xanthomixis apperti,Xanthomixis_apperti,AVES,0.441311211243701,1,68.4073900828693
pipe,16,16,75.1702061607174,Xanthomixis cinereiceps,Xanthomixis_cinereiceps,AVES,1,16,11232.0931439349
pipe,16,16,75.1702061607174,Xanthomixis zosterops,Xanthomixis_zosterops,AVES,1,14,32676.6365586441
pipe,16,16,75.1702061607174,Xenopirostris damii,Xenopirostris_damii,AVES,0.00179910755944268,1,93.5023436630614
pipe,16,16,75.1702061607174,Xenopirostris polleni,Xenopirostris_polleni,AVES,0.999999998596473,9,11546.6793447632
pipe,16,16,75.1702061607174,Xenopirostris xenopirostris,Xenopirostris_xenopirostris,AVES,0.9648318696822,1,1097.85632808227
pipe,17,17,79.8661985899549,Accipiter henstii,Accipiter_henstii,AVES,0.536809531219416,1,32366.3724566511
pipe,17,17,79.8661985899549,Accipiter madagascariensis,Accipiter_madagascariensis,AVES,0.7965650608877,5,33630.9970377955
pipe,17,17,79.8661985899549,Acrocephalus newtoni,Acrocephalus_newtoni,AVES,1,39,33729.0119861264
pipe,17,17,79.8661985899549,Alectroenas madagascariensis,Alectroenas_madagascariensis,AVES,0.999682727225436,10,28508.2455872989
pipe,17,17,79.8661985899549,Allocebus trichotis,Allocebus_trichotis,MAMMALIA,0.00778449824080152,2,50.1575095088342
pipe,17,17,79.8661985899549,Anas bernieri,Anas_bernieri,AVES,0,0,0
pipe,17,17,79.8661985899549,Apus balstoni,Apus_balstoni,AVES,0.999999999987805,17,31989.2454775606
pipe,17,17,79.8661985899549,Artamella viridis,Artamella_viridis,AVES,0.999999999999968,33,33909.7160785113
pipe,17,17,79.8661985899549,Asio madagascariensis,Asio_madagascariensis,AVES,0.751684833728428,3,28986.1175412753
pipe,17,17,79.8661985899549,Atelornis crossleyi,Atelornis_crossleyi,AVES,0.999998603522806,6,7885.55036337942
pipe,17,17,79.8661985899549,Atelornis pittoides,Atelornis_pittoides,AVES,0.999993434390985,5,22658.4498421672
pipe,17,17,79.8661985899549,Athene superciliaris,Athene_superciliaris,AVES,0.99999595617549,11,19906.3703294693
pipe,17,17,79.8661985899549,Avahi laniger,Avahi_laniger,MAMMALIA,1,34,18239.5114180359
pipe,17,17,79.8661985899549,Avahi occidentalis,Avahi_occidentalis,MAMMALIA,0.993835251823593,4,531.152959347392
pipe,17,17,79.8661985899549,Aviceda madagascariensis,Aviceda_madagascariensis,AVES,0.90529995228674,2,31029.1355462279
pipe,17,17,79.8661985899549,Bernieria madagascariensis,Bernieria_madagascariensis,AVES,1,31,32112.634904433
pipe,17,17,79.8661985899549,Brachypteracias leptosomus,Brachypteracias_leptosomus,AVES,0.999993170591294,4,19960.7381477604
pipe,17,17,79.8661985899549,Brachytarsomys albicauda,Brachytarsomys_albicauda,MAMMALIA,0.999992538341123,26,1063.95598555117
pipe,17,17,79.8661985899549,Brachyuromys betsileoensis,Brachyuromys_betsileoensis,MAMMALIA,1,24,7241.21691606946
pipe,17,17,79.8661985899549,Brachyuromys ramirohitra,Brachyuromys_ramirohitra,MAMMALIA,0.655414845690046,2,90.5857082152948
pipe,17,17,79.8661985899549,Bradypterus brunneus,Bradypterus_brunneus,AVES,1,29,6586.02157966418
pipe,17,17,79.8661985899549,Bradypterus seebohmi,Bradypterus_seebohmi,AVES,0.452718233996164,1,71.7493427546058
pipe,17,17,79.8661985899549,Buteo brachypterus,Buteo_brachypterus,AVES,0.652078348357511,1,35365.1778521086
pipe,17,17,79.8661985899549,Calicalicus madagascariensis,Calicalicus_madagascariensis,AVES,0.999999999999558,37,32394.2153830453
pipe,17,17,79.8661985899549,Cheirogaleus crossleyi,Cheirogaleus_crossleyi,MAMMALIA,1,38,3577.43888520726
pipe,17,17,79.8661985899549,Cheirogaleus major,Cheirogaleus_major,MAMMALIA,1,28,27968.9301714407
pipe,17,17,79.8661985899549,Cheirogaleus medius,Cheirogaleus_medius,MAMMALIA,1,114,7789.67333397857
pipe,17,17,79.8661985899549,Cinnyris notatus,Cinnyris_notatus,AVES,1,37,32808.8066925709
pipe,17,17,79.8661985899549,Copsychus albospecularis,Copsychus_albospecularis,AVES,0.999999991995601,8,26152.951196054
pipe,17,17,79.8661985899549,Coracopsis nigra,Coracopsis_nigra,AVES,0.999919156776733,14,34087.4820509711
pipe,17,17,79.8661985899549,Corythornis madagascariensis,Corythornis_madagascariensis,AVES,0.855449942885598,15,31638.7093536681
pipe,17,17,79.8661985899549,Coua caerulea,Coua_caerulea,AVES,0.999992325112229,3,21848.344177449
pipe,17,17,79.8661985899549,Coua coquereli,Coua_coquereli,AVES,0.999910296489506,8,4795.16753469046
pipe,17,17,79.8661985899549,Coua cristata,Coua_cristata,AVES,0.99999999999788,15,30808.1171940294
pipe,17,17,79.8661985899549,Coua cursor,Coua_cursor,AVES,0.986971075296988,2,2948.95252535611
pipe,17,17,79.8661985899549,Coua gigas,Coua_gigas,AVES,0.999681175672278,4,5751.06265345063
pipe,17,17,79.8661985899549,Coua reynaudii,Coua_reynaudii,AVES,0.999984686290924,2,17492.8378749488
pipe,17,17,79.8661985899549,Coua ruficeps,Coua_ruficeps,AVES,0.959346120072291,2,1243.60641534433
pipe,17,17,79.8661985899549,Coua serriana,Coua_serriana,AVES,0.997813958404037,2,17065.784826055
pipe,17,17,79.8661985899549,Crossleyia xanthophrys,Crossleyia_xanthophrys,AVES,0.999999999895685,25,2579.52872566402
pipe,17,17,79.8661985899549,Cryptoprocta ferox,Cryptoprocta_ferox,MAMMALIA,0.00286787201648542,2,18348.2221114449
pipe,17,17,79.8661985899549,Cryptosylvicola randrianasoloi,Cryptosylvicola_randrianasoloi,AVES,0.999999999999487,22,3487.20345588802
pipe,17,17,79.8661985899549,Cyanolanius madagascarinus,Cyanolanius_madagascarinus,AVES,1,35,32433.9917729737
pipe,17,17,79.8661985899549,Daubentonia madagascariensis,Daubentonia_madagascariensis,MAMMALIA,0.999999999999679,28,12404.0704545453
pipe,17,17,79.8661985899549,Echinops telfairi,Echinops_telfairi,MAMMALIA,1,101,9422.20218969582
pipe,17,17,79.8661985899549,Eliurus antsingy,Eliurus_antsingy,MAMMALIA,0.0133737178258206,3,49.043584514739
pipe,17,17,79.8661985899549,Eliurus grandidieri,Eliurus_grandidieri,MAMMALIA,0.998083670624146,19,714.948795121971
pipe,17,17,79.8661985899549,Eliurus majori,Eliurus_majori,MAMMALIA,1,33,19390.8424871051
pipe,17,17,79.8661985899549,Eliurus minor,Eliurus_minor,MAMMALIA,1,66,29897.944288799
pipe,17,17,79.8661985899549,Eliurus myoxinus,Eliurus_myoxinus,MAMMALIA,1,109,22932.6342086379
pipe,17,17,79.8661985899549,Eliurus tanala,Eliurus_tanala,MAMMALIA,1,36,20808.2169037255
pipe,17,17,79.8661985899549,Eliurus webbi,Eliurus_webbi,MAMMALIA,1,27,28141.5671414841
pipe,17,17,79.8661985899549,Eremopterix hova,Eremopterix_hova,AVES,0.999981184669899,13,2240.57971090161
pipe,17,17,79.8661985899549,Eulemur albifrons,Eulemur_albifrons,MAMMALIA,1,13,11113.161944327
pipe,17,17,79.8661985899549,Eulemur cinereiceps,Eulemur_cinereiceps,MAMMALIA,1,63,30656.3183137257
pipe,17,17,79.8661985899549,Eulemur collaris,Eulemur_collaris,MAMMALIA,1,60,30612.8387712546
pipe,17,17,79.8661985899549,Eulemur coronatus,Eulemur_coronatus,MAMMALIA,1,61,7834.94387582772
pipe,17,17,79.8661985899549,Eulemur flavifrons,Eulemur_flavifrons,MAMMALIA,0.000213248908682684,1,25.074716512655
pipe,17,17,79.8661985899549,Eulemur fulvus,Eulemur_fulvus,MAMMALIA,1,62,30656.5013586397
pipe,17,17,79.8661985899549,Eulemur macaco,Eulemur_macaco,MAMMALIA,1,21,17006.0590407564
pipe,17,17,79.8661985899549,Eulemur mongoz,Eulemur_mongoz,MAMMALIA,0.997469406518488,3,581.41989294858
pipe,17,17,79.8661985899549,Eulemur rubriventer,Eulemur_rubriventer,MAMMALIA,1,55,29531.1436597906
pipe,17,17,79.8661985899549,Eulemur rufus,Eulemur_rufus,MAMMALIA,1,53,12686.5767347974
pipe,17,17,79.8661985899549,Eulemur sanfordi,Eulemur_sanfordi,MAMMALIA,1,65,30667.9448529334
pipe,17,17,79.8661985899549,Euryceros prevostii,Euryceros_prevostii,AVES,0.996344870213456,3,2078.93771899723
pipe,17,17,79.8661985899549,Falco zoniventris,Falco_zoniventris,AVES,0.799922329735172,6,24471.8551747669
pipe,17,17,79.8661985899549,Falculea palliata,Falculea_palliata,AVES,0.999999375096514,16,5409.65324677939
pipe,17,17,79.8661985899549,Fossa fossana,Fossa_fossana,MAMMALIA,0.78420418995628,2,27687.511043091
pipe,17,17,79.8661985899549,Foudia madagascariensis,Foudia_madagascariensis,AVES,0.999999999998,49,36647.3134257217
pipe,17,17,79.8661985899549,Foudia omissa,Foudia_omissa,AVES,0.999999982855032,11,23793.4202142696
pipe,17,17,79.8661985899549,Gactornis enarratus,Gactornis_enarratus,AVES,0.999999842918048,5,23764.7608888028
pipe,17,17,79.8661985899549,Galidia elegans,Galidia_elegans,MAMMALIA,0.816803655755876,2,26639.8349938352
pipe,17,17,79.8661985899549,Galidictis fasciata,Galidictis_fasciata,MAMMALIA,0,1,1529.64931621576
pipe,17,17,79.8661985899549,Geobiastes squamiger,Geobiastes_squamiger,AVES,0.999562864565298,2,6490.66657342778
pipe,17,17,79.8661985899549,Geogale aurita,Geogale_aurita,MAMMALIA,0.999999999635949,111,8232.80725207495
pipe,17,17,79.8661985899549,Gymnuromys roberti,Gymnuromys_roberti,MAMMALIA,1,30,14281.4636895803
pipe,17,17,79.8661985899549,Haliaeetus vociferoides,Haliaeetus_vociferoides,AVES,0,1,1312.70090999357
pipe,17,17,79.8661985899549,Hapalemur alaotrensis,Hapalemur_alaotrensis,MAMMALIA,0.999998749069358,15,1335.08403425705
pipe,17,17,79.8661985899549,Hapalemur aureus,Hapalemur_aureus,MAMMALIA,0.998687552346831,8,507.628741411826
pipe,17,17,79.8661985899549,Hapalemur griseus,Hapalemur_griseus,MAMMALIA,1,56,31673.8477005614
pipe,17,17,79.8661985899549,Hapalemur occidentalis,Hapalemur_occidentalis,MAMMALIA,0.999279376994694,13,628.448956599466
pipe,17,17,79.8661985899549,Hartertula flavoviridis,Hartertula_flavoviridis,AVES,0.99999999999984,31,4478.30062879079
pipe,17,17,79.8661985899549,Hartlaubius auratus,Hartlaubius_auratus,AVES,0.999999999974476,34,32481.8375164403
pipe,17,17,79.8661985899549,Hemicentetes nigriceps,Hemicentetes_nigriceps,MAMMALIA,0.99825495298592,12,1048.66435500952
pipe,17,17,79.8661985899549,Hemicentetes semispinosus,Hemicentetes_semispinosus,MAMMALIA,0.999999999999677,25,28789.3956027501
pipe,17,17,79.8661985899549,Hypogeomys antimena,Hypogeomys_antimena,MAMMALIA,0.133821965614829,3,81.1960723686169
pipe,17,17,79.8661985899549,Hypositta corallirostris,Hypositta_corallirostris,AVES,0.999994227789631,10,27846.1718692264
pipe,17,17,79.8661985899549,Indri indri,Indri_indri,MAMMALIA,0.999999994273186,10,27830.5348779883
pipe,17,17,79.8661985899549,Lemur catta,Lemur_catta,MAMMALIA,1,47,4892.15839956137
pipe,17,17,79.8661985899549,Lepidopygia nana,Lepidopygia_nana,AVES,0.999560537644215,61,37042.6310099929
pipe,17,17,79.8661985899549,Lepilemur ankaranensis,Lepilemur_ankaranensis,MAMMALIA,0.942459903341341,5,274.237082094521
pipe,17,17,79.8661985899549,Lepilemur edwardsi,Lepilemur_edwardsi,MAMMALIA,0.999991868210497,13,1449.13916084442
pipe,17,17,79.8661985899549,Lepilemur leucopus,Lepilemur_leucopus,MAMMALIA,0.999999998956044,18,2074.43912751556
pipe,17,17,79.8661985899549,Lepilemur microdon,Lepilemur_microdon,MAMMALIA,0.999978195424922,15,1634.72796290025
pipe,17,17,79.8661985899549,Lepilemur mustelinus,Lepilemur_mustelinus,MAMMALIA,1,64,27261.7591548489
pipe,17,17,79.8661985899549,Lepilemur ruficaudatus,Lepilemur_ruficaudatus,MAMMALIA,0.999999999984534,21,2226.9933020626
pipe,17,17,79.8661985899549,Leptopterus chabert,Leptopterus_chabert,AVES,1,45,35551.4032041071
pipe,17,17,79.8661985899549,Lophotibis cristata,Lophotibis_cristata,AVES,0.999993883067546,5,31158.1136674627
pipe,17,17,79.8661985899549,Macrotarsomys bastardi,Macrotarsomys_bastardi,MAMMALIA,0.999999760727832,33,1491.97403305151
pipe,17,17,79.8661985899549,Margaroperdix madagarensis,Margaroperdix_madagarensis,AVES,0.999999999996441,19,31275.9614802885
pipe,17,17,79.8661985899549,Mentocrex kioloides,Mentocrex_kioloides,AVES,0.999767088890678,4,18687.2643559274
pipe,17,17,79.8661985899549,Mesitornis unicolor,Mesitornis_unicolor,AVES,0,0,0
pipe,17,17,79.8661985899549,Mesitornis variegatus,Mesitornis_variegatus,AVES,0.993402670948119,4,2083.36416977485
pipe,17,17,79.8661985899549,Microcebus berthae,Microcebus_berthae,MAMMALIA,1.52725564417366e-08,1,10.8090685387869
pipe,17,17,79.8661985899549,Microcebus griseorufus,Microcebus_griseorufus,MAMMALIA,0.995631125035089,10,441.053799327669
pipe,17,17,79.8661985899549,Microcebus murinus,Microcebus_murinus,MAMMALIA,1,204,20239.310828307
pipe,17,17,79.8661985899549,Microcebus myoxinus,Microcebus_myoxinus,MAMMALIA,0.99970716897606,9,343.600203046525
pipe,17,17,79.8661985899549,Microcebus ravelobensis,Microcebus_ravelobensis,MAMMALIA,0.778620368188717,8,213.92547160288
pipe,17,17,79.8661985899549,Microcebus rufus,Microcebus_rufus,MAMMALIA,1,40,27768.2862796159
pipe,17,17,79.8661985899549,Microcebus tavaratra,Microcebus_tavaratra,MAMMALIA,0.993146486960404,13,474.745401202096
pipe,17,17,79.8661985899549,Microgale brevicaudata,Microgale_brevicaudata,MAMMALIA,0.9999999999987,94,8833.09795765743
pipe,17,17,79.8661985899549,Microgale cowani,Microgale_cowani,MAMMALIA,0.999999999908898,31,22623.9360555643
pipe,17,17,79.8661985899549,Microgale drouhardi,Microgale_drouhardi,MAMMALIA,0.99999999999989,40,11980.1556414888
pipe,17,17,79.8661985899549,Microgale dryas,Microgale_dryas,MAMMALIA,0.897171369579189,23,987.588139430487
pipe,17,17,79.8661985899549,Microgale fotsifotsy,Microgale_fotsifotsy,MAMMALIA,0.999999999975778,35,14352.5454805729
pipe,17,17,79.8661985899549,Microgale gracilis,Microgale_gracilis,MAMMALIA,0.999999996511102,32,5185.9600684648
pipe,17,17,79.8661985899549,Microgale gymnorhyncha,Microgale_gymnorhyncha,MAMMALIA,0.999999999992406,26,9620.20818494708
pipe,17,17,79.8661985899549,Microgale longicaudata,Microgale_longicaudata,MAMMALIA,0.999999999960024,51,25387.5235400656
pipe,17,17,79.8661985899549,Microgale mergulus,Microgale_mergulus,MAMMALIA,0.999886471045314,20,1582.69379970188
pipe,17,17,79.8661985899549,Microgale parvula,Microgale_parvula,MAMMALIA,0.999999995529462,44,28654.5313008514
pipe,17,17,79.8661985899549,Microgale principula,Microgale_principula,MAMMALIA,0.999999999999007,30,26303.627496494
pipe,17,17,79.8661985899549,Microgale pusilla,Microgale_pusilla,MAMMALIA,0.999996905206361,60,9757.06525897397
pipe,17,17,79.8661985899549,Microgale soricoides,Microgale_soricoides,MAMMALIA,0.999999999999642,25,13366.3503133821
pipe,17,17,79.8661985899549,Microgale taiva,Microgale_taiva,MAMMALIA,0.999999999998018,34,22223.3313260204
pipe,17,17,79.8661985899549,Microgale thomasi,Microgale_thomasi,MAMMALIA,1,30,12784.1937749072
pipe,17,17,79.8661985899549,Mirza coquereli,Mirza_coquereli,MAMMALIA,0.997151123074506,8,848.635657277717
pipe,17,17,79.8661985899549,Monias benschi,Monias_benschi,AVES,0,0,0
pipe,17,17,79.8661985899549,Monticola erythronotus,Monticola_erythronotus,AVES,0.505764981643122,1,97.497303661992
pipe,17,17,79.8661985899549,Monticola sharpei,Monticola_sharpei,AVES,0.999999999940162,18,29355.6543009165
pipe,17,17,79.8661985899549,Monticolomys koopmani,Monticolomys_koopmani,MAMMALIA,0.132607629821117,3,77.5173760962128
pipe,17,17,79.8661985899549,Motacilla flaviventris,Motacilla_flaviventris,AVES,0.999996277104706,10,1788.78273775119
pipe,17,17,79.8661985899549,Mystacornis crossleyi,Mystacornis_crossleyi,AVES,0.999999999477006,5,24495.9682175162
pipe,17,17,79.8661985899549,Neodrepanis coruscans,Neodrepanis_coruscans,AVES,0.999970233501655,11,17040.6913357239
pipe,17,17,79.8661985899549,Neodrepanis hypoxantha,Neodrepanis_hypoxantha,AVES,0.0211788109146442,3,88.4296056242715
pipe,17,17,79.8661985899549,Neomixis striatigula,Neomixis_striatigula,AVES,0.999999999978804,9,26485.1622345417
pipe,17,17,79.8661985899549,Neomixis tenella,Neomixis_tenella,AVES,1,50,31736.8994187158
pipe,17,17,79.8661985899549,Neomixis viridis,Neomixis_viridis,AVES,0.999999999999758,8,26167.2334172775
pipe,17,17,79.8661985899549,Nesillas lantzii,Nesillas_lantzii,AVES,0.997229954797722,5,1019.37211981559
pipe,17,17,79.8661985899549,Nesogale dobsoni,Nesogale_dobsoni,MAMMALIA,0.999999999999944,34,26808.7392274352
pipe,17,17,79.8661985899549,Nesogale talazaci,Nesogale_talazaci,MAMMALIA,0.999999999998532,28,27865.4823398274
pipe,17,17,79.8661985899549,Nesomys audeberti,Nesomys_audeberti,MAMMALIA,0.999999999726847,36,2075.85906148293
pipe,17,17,79.8661985899549,Nesomys lambertoni,Nesomys_lambertoni,MAMMALIA,0.997990863354288,8,431.24727836473
pipe,17,17,79.8661985899549,Nesomys rufus,Nesomys_rufus,MAMMALIA,1,29,21932.9528498764
pipe,17,17,79.8661985899549,Newtonia amphichroa,Newtonia_amphichroa,AVES,1,11,21497.309087801
pipe,17,17,79.8661985899549,Newtonia archboldi,Newtonia_archboldi,AVES,0.994783037879128,6,727.447611096087
pipe,17,17,79.8661985899549,Newtonia brunneicauda,Newtonia_brunneicauda,AVES,1,53,35774.3520091969
pipe,17,17,79.8661985899549,Newtonia fanovanae,Newtonia_fanovanae,AVES,0.353006673268258,2,91.7273518166186
pipe,17,17,79.8661985899549,Oriolia bernieri,Oriolia_bernieri,AVES,0.999997070759948,12,5581.97770282162
pipe,17,17,79.8661985899549,Oryzorictes hova,Oryzorictes_hova,MAMMALIA,0.999999999998843,28,27491.3607138633
pipe,17,17,79.8661985899549,Oryzorictes tetradactylus,Oryzorictes_tetradactylus,MAMMALIA,0.999997339606164,38,3491.88752460463
pipe,17,17,79.8661985899549,Otus rutilus,Otus_rutilus,AVES,0.999999999978132,14,33776.2096141
pipe,17,17,79.8661985899549,Oxylabes madagascariensis,Oxylabes_madagascariensis,AVES,0.999999999979262,11,24832.633341654
pipe,17,17,79.8661985899549,Phaner electromontis,Phaner_electromontis,MAMMALIA,0,0,0
pipe,17,17,79.8661985899549,Phaner furcifer,Phaner_furcifer,MAMMALIA,0.887896689584288,13,394.018951903066
pipe,17,17,79.8661985899549,Phaner pallescens,Phaner_pallescens,MAMMALIA,0.999987142472503,9,1137.7219354355
pipe,17,17,79.8661985899549,Phaner parienti,Phaner_parienti,MAMMALIA,0.00280017666108179,1,24.4501852478606
pipe,17,17,79.8661985899549,Philepitta castanea,Philepitta_castanea,AVES,0.998317211844812,5,21534.0313686045
pipe,17,17,79.8661985899549,Philepitta schlegeli,Philepitta_schlegeli,AVES,0.979232709454891,11,2428.05609782862
pipe,17,17,79.8661985899549,Ploceus nelicourvi,Ploceus_nelicourvi,AVES,0.999999999963125,8,27547.1287374601
pipe,17,17,79.8661985899549,Ploceus sakalava,Ploceus_sakalava,AVES,0.999997036675769,33,6288.03229098848
pipe,17,17,79.8661985899549,Polyboroides radiatus,Polyboroides_radiatus,AVES,0.995763810375052,5,26335.8508099376
pipe,17,17,79.8661985899549,Pseudobias wardi,Pseudobias_wardi,AVES,0.999999999999998,10,22758.7015754854
pipe,17,17,79.8661985899549,Pterocles personatus,Pterocles_personatus,AVES,0.804874799509126,4,4070.37044715376
pipe,17,17,79.8661985899549,Rallus madagascariensis,Rallus_madagascariensis,AVES,0.99999958742962,5,8741.44004082295
pipe,17,17,79.8661985899549,Randia pseudozosterops,Randia_pseudozosterops,AVES,0.999999999930215,9,21978.2366708243
pipe,17,17,79.8661985899549,Sarothrura insularis,Sarothrura_insularis,AVES,0.999989369105806,7,28570.1893951285
pipe,17,17,79.8661985899549,Schetba rufa,Schetba_rufa,AVES,0.999999999989235,18,14333.1990185496
pipe,17,17,79.8661985899549,Setifer setosus,Setifer_setosus,MAMMALIA,1,80,35110.0057356542
pipe,17,17,79.8661985899549,Tenrec ecaudatus,Tenrec_ecaudatus,MAMMALIA,1,77,35015.7031679352
pipe,17,17,79.8661985899549,Thamnornis chloropetoides,Thamnornis_chloropetoides,AVES,0.999450940886462,5,1294.36362659117
pipe,17,17,79.8661985899549,Treron australis,Treron_australis,AVES,0.999966943198677,15,30594.3366773723
pipe,17,17,79.8661985899549,Turnix nigricollis,Turnix_nigricollis,AVES,0.999999999272048,17,30133.8750029234
pipe,17,17,79.8661985899549,Tylas eduardi,Tylas_eduardi,AVES,0.999999999942796,7,27677.6992462133
pipe,17,17,79.8661985899549,Vanga curvirostris,Vanga_curvirostris,AVES,0.999999999995657,30,34890.0329694194
pipe,17,17,79.8661985899549,Varecia rubra,Varecia_rubra,MAMMALIA,1,24,28699.4381041036
pipe,17,17,79.8661985899549,Varecia variegata,Varecia_variegata,MAMMALIA,0.99999999999999,24,28694.5283262385
pipe,17,17,79.8661985899549,Xanthomixis apperti,Xanthomixis_apperti,AVES,0.441311211243701,1,68.4073900828693
pipe,17,17,79.8661985899549,Xanthomixis cinereiceps,Xanthomixis_cinereiceps,AVES,1,15,8964.27990873457
pipe,17,17,79.8661985899549,Xanthomixis zosterops,Xanthomixis_zosterops,AVES,0.999999999995621,12,27544.2317331932
pipe,17,17,79.8661985899549,Xenopirostris damii,Xenopirostris_damii,AVES,0.00179910755944268,1,93.5023436630614
pipe,17,17,79.8661985899549,Xenopirostris polleni,Xenopirostris_polleni,AVES,0.9999998840345,10,9534.72420233557
pipe,17,17,79.8661985899549,Xenopirostris xenopirostris,Xenopirostris_xenopirostris,AVES,0.963808362075027,1,1077.19526262666
pipe,18,18,84.5572201270485,Accipiter henstii,Accipiter_henstii,AVES,0.417140424661787,2,23762.8788274713
pipe,18,18,84.5572201270485,Accipiter madagascariensis,Accipiter_madagascariensis,AVES,0.66832030476309,5,25661.4474513066
pipe,18,18,84.5572201270485,Acrocephalus newtoni,Acrocephalus_newtoni,AVES,1,41,25553.4096680906
pipe,18,18,84.5572201270485,Alectroenas madagascariensis,Alectroenas_madagascariensis,AVES,0.999204623360145,8,21098.0769097954
pipe,18,18,84.5572201270485,Allocebus trichotis,Allocebus_trichotis,MAMMALIA,0.00778449824080152,2,50.1575095088342
pipe,18,18,84.5572201270485,Anas bernieri,Anas_bernieri,AVES,0,0,0
pipe,18,18,84.5572201270485,Apus balstoni,Apus_balstoni,AVES,0.999999999996334,18,23755.8268320617
pipe,18,18,84.5572201270485,Artamella viridis,Artamella_viridis,AVES,0.999999999999998,34,25366.6449524086
pipe,18,18,84.5572201270485,Asio madagascariensis,Asio_madagascariensis,AVES,0.693813562684203,3,21490.4224608611
pipe,18,18,84.5572201270485,Atelornis crossleyi,Atelornis_crossleyi,AVES,0.999877066718605,7,4496.07373418462
pipe,18,18,84.5572201270485,Atelornis pittoides,Atelornis_pittoides,AVES,0.999986394387186,7,15942.2109428759
pipe,18,18,84.5572201270485,Athene superciliaris,Athene_superciliaris,AVES,0.999973777284986,9,16840.5678611214
pipe,18,18,84.5572201270485,Avahi laniger,Avahi_laniger,MAMMALIA,1,47,13560.1873340737
pipe,18,18,84.5572201270485,Avahi occidentalis,Avahi_occidentalis,MAMMALIA,0.993437613615702,4,527.953912486798
pipe,18,18,84.5572201270485,Aviceda madagascariensis,Aviceda_madagascariensis,AVES,0.83498535889884,3,25476.4515786062
pipe,18,18,84.5572201270485,Bernieria madagascariensis,Bernieria_madagascariensis,AVES,1,32,23911.1516556729
pipe,18,18,84.5572201270485,Brachypteracias leptosomus,Brachypteracias_leptosomus,AVES,0.999968172132177,4,14964.2790365169
pipe,18,18,84.5572201270485,Brachytarsomys albicauda,Brachytarsomys_albicauda,MAMMALIA,0.999229475138578,23,816.054046709303
pipe,18,18,84.5572201270485,Brachyuromys betsileoensis,Brachyuromys_betsileoensis,MAMMALIA,1,32,5468.01764037639
pipe,18,18,84.5572201270485,Brachyuromys ramirohitra,Brachyuromys_ramirohitra,MAMMALIA,0.655414845690046,2,90.5857082152948
pipe,18,18,84.5572201270485,Bradypterus brunneus,Bradypterus_brunneus,AVES,1,27,5195.84528954757
pipe,18,18,84.5572201270485,Bradypterus seebohmi,Bradypterus_seebohmi,AVES,0.452718233996164,1,71.7493427546058
pipe,18,18,84.5572201270485,Buteo brachypterus,Buteo_brachypterus,AVES,0.524964189135695,2,26436.0043454881
pipe,18,18,84.5572201270485,Calicalicus madagascariensis,Calicalicus_madagascariensis,AVES,0.999999999999953,35,24087.0651099803
pipe,18,18,84.5572201270485,Cheirogaleus crossleyi,Cheirogaleus_crossleyi,MAMMALIA,0.999999999931675,36,2440.85207615677
pipe,18,18,84.5572201270485,Cheirogaleus major,Cheirogaleus_major,MAMMALIA,1,56,20781.4653082064
pipe,18,18,84.5572201270485,Cheirogaleus medius,Cheirogaleus_medius,MAMMALIA,1,102,6348.22749028883
pipe,18,18,84.5572201270485,Cinnyris notatus,Cinnyris_notatus,AVES,1,38,24516.7919003861
pipe,18,18,84.5572201270485,Copsychus albospecularis,Copsychus_albospecularis,AVES,0.999999998583036,12,20161.7618809243
pipe,18,18,84.5572201270485,Coracopsis nigra,Coracopsis_nigra,AVES,0.999634422571919,13,25594.6267945383
pipe,18,18,84.5572201270485,Corythornis madagascariensis,Corythornis_madagascariensis,AVES,0.762277959559758,15,23314.5493430098
pipe,18,18,84.5572201270485,Coua caerulea,Coua_caerulea,AVES,0.99996512984428,3,17085.91038476
pipe,18,18,84.5572201270485,Coua coquereli,Coua_coquereli,AVES,0.999669557479402,8,3629.02553803459
pipe,18,18,84.5572201270485,Coua cristata,Coua_cristata,AVES,0.999999999939381,15,24438.2577196296
pipe,18,18,84.5572201270485,Coua cursor,Coua_cursor,AVES,0.983124941921827,2,2599.13466692408
pipe,18,18,84.5572201270485,Coua gigas,Coua_gigas,AVES,0.999076829662886,3,4562.80930670281
pipe,18,18,84.5572201270485,Coua reynaudii,Coua_reynaudii,AVES,0.999907187304924,3,12637.9369489475
pipe,18,18,84.5572201270485,Coua ruficeps,Coua_ruficeps,AVES,0.958576342169654,2,1237.0290386683
pipe,18,18,84.5572201270485,Coua serriana,Coua_serriana,AVES,0.99504928181135,3,13859.820062573
pipe,18,18,84.5572201270485,Crossleyia xanthophrys,Crossleyia_xanthophrys,AVES,0.999999871108166,20,1705.19913812543
pipe,18,18,84.5572201270485,Cryptoprocta ferox,Cryptoprocta_ferox,MAMMALIA,0,1,6306.43482832215
pipe,18,18,84.5572201270485,Cryptosylvicola randrianasoloi,Cryptosylvicola_randrianasoloi,AVES,0.999999996360731,23,2173.94446350216
pipe,18,18,84.5572201270485,Cyanolanius madagascarinus,Cyanolanius_madagascarinus,AVES,1,34,24202.0181117909
pipe,18,18,84.5572201270485,Daubentonia madagascariensis,Daubentonia_madagascariensis,MAMMALIA,0.999999999999418,24,11916.3137476245
pipe,18,18,84.5572201270485,Echinops telfairi,Echinops_telfairi,MAMMALIA,0.999999999999965,97,7641.80711504842
pipe,18,18,84.5572201270485,Eliurus antsingy,Eliurus_antsingy,MAMMALIA,0.0133737178258206,3,49.043584514739
pipe,18,18,84.5572201270485,Eliurus grandidieri,Eliurus_grandidieri,MAMMALIA,0.996874506492361,18,670.499050544585
pipe,18,18,84.5572201270485,Eliurus majori,Eliurus_majori,MAMMALIA,1,61,12322.5380360948
pipe,18,18,84.5572201270485,Eliurus minor,Eliurus_minor,MAMMALIA,1,91,22259.8659660679
pipe,18,18,84.5572201270485,Eliurus myoxinus,Eliurus_myoxinus,MAMMALIA,1,114,19017.8041110976
pipe,18,18,84.5572201270485,Eliurus tanala,Eliurus_tanala,MAMMALIA,1,65,13634.1628415245
pipe,18,18,84.5572201270485,Eliurus webbi,Eliurus_webbi,MAMMALIA,1,55,20890.4153472306
pipe,18,18,84.5572201270485,Eremopterix hova,Eremopterix_hova,AVES,0.999915705358736,13,2020.80406228444
pipe,18,18,84.5572201270485,Eulemur albifrons,Eulemur_albifrons,MAMMALIA,0.999999999999991,14,10637.6722554588
pipe,18,18,84.5572201270485,Eulemur cinereiceps,Eulemur_cinereiceps,MAMMALIA,1,77,22280.9659503309
pipe,18,18,84.5572201270485,Eulemur collaris,Eulemur_collaris,MAMMALIA,1,71,22204.8843989281
pipe,18,18,84.5572201270485,Eulemur coronatus,Eulemur_coronatus,MAMMALIA,1,55,6867.1677543139
pipe,18,18,84.5572201270485,Eulemur flavifrons,Eulemur_flavifrons,MAMMALIA,0.000213248908682684,1,25.074716512655
pipe,18,18,84.5572201270485,Eulemur fulvus,Eulemur_fulvus,MAMMALIA,1,76,22288.2530671334
pipe,18,18,84.5572201270485,Eulemur macaco,Eulemur_macaco,MAMMALIA,1,41,10304.8098190905
pipe,18,18,84.5572201270485,Eulemur mongoz,Eulemur_mongoz,MAMMALIA,0.997469406518488,3,581.41989294858
pipe,18,18,84.5572201270485,Eulemur rubriventer,Eulemur_rubriventer,MAMMALIA,1,75,21656.9251197939
pipe,18,18,84.5572201270485,Eulemur rufus,Eulemur_rufus,MAMMALIA,1,59,8923.12220987097
pipe,18,18,84.5572201270485,Eulemur sanfordi,Eulemur_sanfordi,MAMMALIA,1,81,22307.1737540829
pipe,18,18,84.5572201270485,Euryceros prevostii,Euryceros_prevostii,AVES,0.996173786139108,3,2070.54031113952
pipe,18,18,84.5572201270485,Falco zoniventris,Falco_zoniventris,AVES,0.772507726478193,6,22861.3736797861
pipe,18,18,84.5572201270485,Falculea palliata,Falculea_palliata,AVES,0.999996627489855,14,4349.38415933167
pipe,18,18,84.5572201270485,Fossa fossana,Fossa_fossana,MAMMALIA,0.613482365350749,2,18177.9244443574
pipe,18,18,84.5572201270485,Foudia madagascariensis,Foudia_madagascariensis,AVES,0.999999999998159,53,27766.6535055873
pipe,18,18,84.5572201270485,Foudia omissa,Foudia_omissa,AVES,0.999999999791874,17,16783.5482384833
pipe,18,18,84.5572201270485,Gactornis enarratus,Gactornis_enarratus,AVES,0.999999975653738,9,16754.0708118761
pipe,18,18,84.5572201270485,Galidia elegans,Galidia_elegans,MAMMALIA,0.670074813970892,2,17491.8552006951
pipe,18,18,84.5572201270485,Galidictis fasciata,Galidictis_fasciata,MAMMALIA,0,1,1529.64931621576
pipe,18,18,84.5572201270485,Geobiastes squamiger,Geobiastes_squamiger,AVES,0.997984155502474,3,5084.96780726489
pipe,18,18,84.5572201270485,Geogale aurita,Geogale_aurita,MAMMALIA,0.999999994654462,106,7528.27779463853
pipe,18,18,84.5572201270485,Gymnuromys roberti,Gymnuromys_roberti,MAMMALIA,1,54,8101.90725909763
pipe,18,18,84.5572201270485,Haliaeetus vociferoides,Haliaeetus_vociferoides,AVES,0,0,0
pipe,18,18,84.5572201270485,Hapalemur alaotrensis,Hapalemur_alaotrensis,MAMMALIA,0.999998729347312,15,1333.08199389879
pipe,18,18,84.5572201270485,Hapalemur aureus,Hapalemur_aureus,MAMMALIA,0.997485225415688,7,434.463298515449
pipe,18,18,84.5572201270485,Hapalemur griseus,Hapalemur_griseus,MAMMALIA,1,72,23590.5697157704
pipe,18,18,84.5572201270485,Hapalemur occidentalis,Hapalemur_occidentalis,MAMMALIA,0.998701788992582,12,572.340124804694
pipe,18,18,84.5572201270485,Hartertula flavoviridis,Hartertula_flavoviridis,AVES,0.999999999889069,27,2919.99208977476
pipe,18,18,84.5572201270485,Hartlaubius auratus,Hartlaubius_auratus,AVES,0.999999999998716,33,24233.972604035
pipe,18,18,84.5572201270485,Hemicentetes nigriceps,Hemicentetes_nigriceps,MAMMALIA,0.993084456672035,11,899.690159832674
pipe,18,18,84.5572201270485,Hemicentetes semispinosus,Hemicentetes_semispinosus,MAMMALIA,1,51,21379.7082718318
pipe,18,18,84.5572201270485,Hypogeomys antimena,Hypogeomys_antimena,MAMMALIA,0.133821965614829,3,81.1960723686169
pipe,18,18,84.5572201270485,Hypositta corallirostris,Hypositta_corallirostris,AVES,0.99999987573541,13,20521.6547847287
pipe,18,18,84.5572201270485,Indri indri,Indri_indri,MAMMALIA,0.999999996739764,16,20512.8303651809
pipe,18,18,84.5572201270485,Lemur catta,Lemur_catta,MAMMALIA,1,46,4466.88811042331
pipe,18,18,84.5572201270485,Lepidopygia nana,Lepidopygia_nana,AVES,0.999557599954627,68,28297.5771401687
pipe,18,18,84.5572201270485,Lepilemur ankaranensis,Lepilemur_ankaranensis,MAMMALIA,0.942459903341341,5,274.237082094521
pipe,18,18,84.5572201270485,Lepilemur edwardsi,Lepilemur_edwardsi,MAMMALIA,0.999980551840452,12,1367.0876461783
pipe,18,18,84.5572201270485,Lepilemur leucopus,Lepilemur_leucopus,MAMMALIA,0.999999930013785,18,1594.12577671628
pipe,18,18,84.5572201270485,Lepilemur microdon,Lepilemur_microdon,MAMMALIA,0.999664396624482,16,1374.72550945322
pipe,18,18,84.5572201270485,Lepilemur mustelinus,Lepilemur_mustelinus,MAMMALIA,1,88,19323.0989783949
pipe,18,18,84.5572201270485,Lepilemur ruficaudatus,Lepilemur_ruficaudatus,MAMMALIA,0.999999973609261,14,1494.56265710178
pipe,18,18,84.5572201270485,Leptopterus chabert,Leptopterus_chabert,AVES,1,46,26833.2137479688
pipe,18,18,84.5572201270485,Lophotibis cristata,Lophotibis_cristata,AVES,0.999938731606183,4,23076.5635418229
pipe,18,18,84.5572201270485,Macrotarsomys bastardi,Macrotarsomys_bastardi,MAMMALIA,0.99998381497832,34,1184.53850532215
pipe,18,18,84.5572201270485,Margaroperdix madagarensis,Margaroperdix_madagarensis,AVES,0.999999999955777,17,24184.9242440783
pipe,18,18,84.5572201270485,Mentocrex kioloides,Mentocrex_kioloides,AVES,0.999425995355617,5,13766.7052164427
pipe,18,18,84.5572201270485,Mesitornis unicolor,Mesitornis_unicolor,AVES,0,0,0
pipe,18,18,84.5572201270485,Mesitornis variegatus,Mesitornis_variegatus,AVES,0.979847639662817,4,1685.08304943456
pipe,18,18,84.5572201270485,Microcebus berthae,Microcebus_berthae,MAMMALIA,1.52725564417366e-08,1,10.8090685387869
pipe,18,18,84.5572201270485,Microcebus griseorufus,Microcebus_griseorufus,MAMMALIA,0.990600922542795,10,381.006332823613
pipe,18,18,84.5572201270485,Microcebus murinus,Microcebus_murinus,MAMMALIA,1,188,18055.6594226483
pipe,18,18,84.5572201270485,Microcebus myoxinus,Microcebus_myoxinus,MAMMALIA,0.996299366003383,7,232.047636686355
pipe,18,18,84.5572201270485,Microcebus ravelobensis,Microcebus_ravelobensis,MAMMALIA,0.778620368188717,8,213.92547160288
pipe,18,18,84.5572201270485,Microcebus rufus,Microcebus_rufus,MAMMALIA,1,69,20441.053503871
pipe,18,18,84.5572201270485,Microcebus tavaratra,Microcebus_tavaratra,MAMMALIA,0.992586476201909,10,420.003251237278
pipe,18,18,84.5572201270485,Microgale brevicaudata,Microgale_brevicaudata,MAMMALIA,0.999999999898492,89,7927.52782926021
pipe,18,18,84.5572201270485,Microgale cowani,Microgale_cowani,MAMMALIA,0.999999999999729,65,15237.6165722337
pipe,18,18,84.5572201270485,Microgale drouhardi,Microgale_drouhardi,MAMMALIA,0.999999999870581,52,7280.49094443292
pipe,18,18,84.5572201270485,Microgale dryas,Microgale_dryas,MAMMALIA,0.896755683241292,20,898.246072358893
pipe,18,18,84.5572201270485,Microgale fotsifotsy,Microgale_fotsifotsy,MAMMALIA,0.99999999902476,57,9134.97539623116
pipe,18,18,84.5572201270485,Microgale gracilis,Microgale_gracilis,MAMMALIA,0.999998747967929,39,3481.51142364845
pipe,18,18,84.5572201270485,Microgale gymnorhyncha,Microgale_gymnorhyncha,MAMMALIA,0.999999969567195,39,4501.92391063679
pipe,18,18,84.5572201270485,Microgale longicaudata,Microgale_longicaudata,MAMMALIA,0.999999999992145,80,17935.361668061
pipe,18,18,84.5572201270485,Microgale mergulus,Microgale_mergulus,MAMMALIA,0.999261674568132,16,1225.74134275313
pipe,18,18,84.5572201270485,Microgale parvula,Microgale_parvula,MAMMALIA,0.999999997407617,73,21273.3203235547
pipe,18,18,84.5572201270485,Microgale principula,Microgale_principula,MAMMALIA,0.999999999999681,58,19252.7305084891
pipe,18,18,84.5572201270485,Microgale pusilla,Microgale_pusilla,MAMMALIA,0.999985492626535,55,8417.36071534644
pipe,18,18,84.5572201270485,Microgale soricoides,Microgale_soricoides,MAMMALIA,0.999999999993806,49,6988.0055846977
pipe,18,18,84.5572201270485,Microgale taiva,Microgale_taiva,MAMMALIA,0.999999999999743,61,15347.2011452771
pipe,18,18,84.5572201270485,Microgale thomasi,Microgale_thomasi,MAMMALIA,0.999999999999811,50,8037.42673459224
pipe,18,18,84.5572201270485,Mirza coquereli,Mirza_coquereli,MAMMALIA,0.990122024038805,7,676.260683793965
pipe,18,18,84.5572201270485,Monias benschi,Monias_benschi,AVES,0,0,0
pipe,18,18,84.5572201270485,Monticola erythronotus,Monticola_erythronotus,AVES,0.505764981643122,1,97.497303661992
pipe,18,18,84.5572201270485,Monticola sharpei,Monticola_sharpei,AVES,0.999999999999975,21,21889.0918833888
pipe,18,18,84.5572201270485,Monticolomys koopmani,Monticolomys_koopmani,MAMMALIA,0.132607629821117,3,77.5173760962128
pipe,18,18,84.5572201270485,Motacilla flaviventris,Motacilla_flaviventris,AVES,0.99999904105926,12,1764.31836560993
pipe,18,18,84.5572201270485,Mystacornis crossleyi,Mystacornis_crossleyi,AVES,0.999999999999985,10,17573.4768987009
pipe,18,18,84.5572201270485,Neodrepanis coruscans,Neodrepanis_coruscans,AVES,0.999998666862668,21,11740.0349105989
pipe,18,18,84.5572201270485,Neodrepanis hypoxantha,Neodrepanis_hypoxantha,AVES,0.0211788109146442,3,88.4296056242715
pipe,18,18,84.5572201270485,Neomixis striatigula,Neomixis_striatigula,AVES,1,16,19264.2006572949
pipe,18,18,84.5572201270485,Neomixis tenella,Neomixis_tenella,AVES,1,53,24888.057700544
pipe,18,18,84.5572201270485,Neomixis viridis,Neomixis_viridis,AVES,1,16,18913.7524856522
pipe,18,18,84.5572201270485,Nesillas lantzii,Nesillas_lantzii,AVES,0.993818355143431,4,913.880206102499
pipe,18,18,84.5572201270485,Nesogale dobsoni,Nesogale_dobsoni,MAMMALIA,1,65,19452.179845329
pipe,18,18,84.5572201270485,Nesogale talazaci,Nesogale_talazaci,MAMMALIA,0.999999999999999,57,20442.4881127209
pipe,18,18,84.5572201270485,Nesomys audeberti,Nesomys_audeberti,MAMMALIA,0.999999999255524,31,1927.18419571488
pipe,18,18,84.5572201270485,Nesomys lambertoni,Nesomys_lambertoni,MAMMALIA,0.990526420505947,7,333.962628475814
pipe,18,18,84.5572201270485,Nesomys rufus,Nesomys_rufus,MAMMALIA,1,52,15055.1808947285
pipe,18,18,84.5572201270485,Newtonia amphichroa,Newtonia_amphichroa,AVES,1,17,14448.4936214974
pipe,18,18,84.5572201270485,Newtonia archboldi,Newtonia_archboldi,AVES,0.993726915265799,6,695.123956971585
pipe,18,18,84.5572201270485,Newtonia brunneicauda,Newtonia_brunneicauda,AVES,1,58,27020.5108498948
pipe,18,18,84.5572201270485,Newtonia fanovanae,Newtonia_fanovanae,AVES,0.35300667308126,1,71.3810832753727
pipe,18,18,84.5572201270485,Oriolia bernieri,Oriolia_bernieri,AVES,0.999894632618526,16,4133.32012386933
pipe,18,18,84.5572201270485,Oryzorictes hova,Oryzorictes_hova,MAMMALIA,0.999999999999997,57,20162.8250897823
pipe,18,18,84.5572201270485,Oryzorictes tetradactylus,Oryzorictes_tetradactylus,MAMMALIA,0.999977062531351,35,3036.71125653085
pipe,18,18,84.5572201270485,Otus rutilus,Otus_rutilus,AVES,0.999999999896893,15,25272.7704812154
pipe,18,18,84.5572201270485,Oxylabes madagascariensis,Oxylabes_madagascariensis,AVES,1,15,17741.5459932866
pipe,18,18,84.5572201270485,Phaner electromontis,Phaner_electromontis,MAMMALIA,0,0,0
pipe,18,18,84.5572201270485,Phaner furcifer,Phaner_furcifer,MAMMALIA,0.887896689584288,13,394.018951903066
pipe,18,18,84.5572201270485,Phaner pallescens,Phaner_pallescens,MAMMALIA,0.999949056901699,7,903.117811361846
pipe,18,18,84.5572201270485,Phaner parienti,Phaner_parienti,MAMMALIA,0.00280017666108179,1,24.4501852478606
pipe,18,18,84.5572201270485,Philepitta castanea,Philepitta_castanea,AVES,0.999592909257045,10,14904.215382818
pipe,18,18,84.5572201270485,Philepitta schlegeli,Philepitta_schlegeli,AVES,0.962694276439401,8,2014.26472235555
pipe,18,18,84.5572201270485,Ploceus nelicourvi,Ploceus_nelicourvi,AVES,1,12,20185.6304850943
pipe,18,18,84.5572201270485,Ploceus sakalava,Ploceus_sakalava,AVES,0.999993051140938,30,5110.99104780537
pipe,18,18,84.5572201270485,Polyboroides radiatus,Polyboroides_radiatus,AVES,0.987919827492402,5,23219.495876147
pipe,18,18,84.5572201270485,Pseudobias wardi,Pseudobias_wardi,AVES,1,15,16145.9086731982
pipe,18,18,84.5572201270485,Pterocles personatus,Pterocles_personatus,AVES,0.779451239013855,4,3845.8942939525
pipe,18,18,84.5572201270485,Rallus madagascariensis,Rallus_madagascariensis,AVES,0.999980375326397,5,5625.04627266932
pipe,18,18,84.5572201270485,Randia pseudozosterops,Randia_pseudozosterops,AVES,1,16,16443.2225732191
pipe,18,18,84.5572201270485,Sarothrura insularis,Sarothrura_insularis,AVES,0.999994676893707,9,21113.4174815113
pipe,18,18,84.5572201270485,Schetba rufa,Schetba_rufa,AVES,0.999999999762674,25,12545.4066453562
pipe,18,18,84.5572201270485,Setifer setosus,Setifer_setosus,MAMMALIA,1,93,26564.868996262
pipe,18,18,84.5572201270485,Tenrec ecaudatus,Tenrec_ecaudatus,MAMMALIA,1,80,26339.4797507
pipe,18,18,84.5572201270485,Thamnornis chloropetoides,Thamnornis_chloropetoides,AVES,0.998791027936208,5,1092.82122278943
pipe,18,18,84.5572201270485,Treron australis,Treron_australis,AVES,0.999892073303035,13,25891.0450417661
pipe,18,18,84.5572201270485,Turnix nigricollis,Turnix_nigricollis,AVES,0.99999999566734,21,21406.5281767995
pipe,18,18,84.5572201270485,Tylas eduardi,Tylas_eduardi,AVES,0.999999999999999,10,20395.3680981637
pipe,18,18,84.5572201270485,Vanga curvirostris,Vanga_curvirostris,AVES,0.999999999992739,29,26132.6347592272
pipe,18,18,84.5572201270485,Varecia rubra,Varecia_rubra,MAMMALIA,1,40,21294.1608610352
pipe,18,18,84.5572201270485,Varecia variegata,Varecia_variegata,MAMMALIA,1,37,21250.8099254539
pipe,18,18,84.5572201270485,Xanthomixis apperti,Xanthomixis_apperti,AVES,0.441311211243701,1,68.4073900828693
pipe,18,18,84.5572201270485,Xanthomixis cinereiceps,Xanthomixis_cinereiceps,AVES,0.999999999999995,20,4283.83230097714
pipe,18,18,84.5572201270485,Xanthomixis zosterops,Xanthomixis_zosterops,AVES,1,18,20192.641400301
pipe,18,18,84.5572201270485,Xenopirostris damii,Xenopirostris_damii,AVES,0.00179910755944268,1,93.5023436630614
pipe,18,18,84.5572201270485,Xenopirostris polleni,Xenopirostris_polleni,AVES,0.999992061884957,13,6610.12590747727
pipe,18,18,84.5572201270485,Xenopirostris xenopirostris,Xenopirostris_xenopirostris,AVES,0.950543574444237,1,875.664526040274
pipe,19,19,89.261981960351,Accipiter henstii,Accipiter_henstii,AVES,0.285691889174712,2,16443.1411668137
pipe,19,19,89.261981960351,Accipiter madagascariensis,Accipiter_madagascariensis,AVES,0.536953451916778,5,17701.298037878
pipe,19,19,89.261981960351,Acrocephalus newtoni,Acrocephalus_newtoni,AVES,1,38,17936.3670700789
pipe,19,19,89.261981960351,Alectroenas madagascariensis,Alectroenas_madagascariensis,AVES,0.993972894019792,10,14466.6459705512
pipe,19,19,89.261981960351,Allocebus trichotis,Allocebus_trichotis,MAMMALIA,0.00778449824080152,2,50.1575095088342
pipe,19,19,89.261981960351,Anas bernieri,Anas_bernieri,AVES,0,0,0
pipe,19,19,89.261981960351,Apus balstoni,Apus_balstoni,AVES,0.999999900895178,20,16635.7499147803
pipe,19,19,89.261981960351,Artamella viridis,Artamella_viridis,AVES,0.999999999856866,33,17944.5478194185
pipe,19,19,89.261981960351,Asio madagascariensis,Asio_madagascariensis,AVES,0.596831562853169,3,14394.0686193417
pipe,19,19,89.261981960351,Atelornis crossleyi,Atelornis_crossleyi,AVES,0.986706001661149,5,2406.2448346921
pipe,19,19,89.261981960351,Atelornis pittoides,Atelornis_pittoides,AVES,0.998754087114162,5,10136.4334351095
pipe,19,19,89.261981960351,Athene superciliaris,Athene_superciliaris,AVES,0.999463210138587,9,12693.9616631413
pipe,19,19,89.261981960351,Avahi laniger,Avahi_laniger,MAMMALIA,0.999999999999756,34,8918.35182557011
pipe,19,19,89.261981960351,Avahi occidentalis,Avahi_occidentalis,MAMMALIA,0.989359902334482,4,483.948541472143
pipe,19,19,89.261981960351,Aviceda madagascariensis,Aviceda_madagascariensis,AVES,0.736693417488796,3,17757.093355908
pipe,19,19,89.261981960351,Bernieria madagascariensis,Bernieria_madagascariensis,AVES,0.999999999998279,31,16777.4031004189
pipe,19,19,89.261981960351,Brachypteracias leptosomus,Brachypteracias_leptosomus,AVES,0.997761780913796,4,10533.3408323564
pipe,19,19,89.261981960351,Brachytarsomys albicauda,Brachytarsomys_albicauda,MAMMALIA,0.996076597348402,11,566.840488935244
pipe,19,19,89.261981960351,Brachyuromys betsileoensis,Brachyuromys_betsileoensis,MAMMALIA,1,23,3111.23537316897
pipe,19,19,89.261981960351,Brachyuromys ramirohitra,Brachyuromys_ramirohitra,MAMMALIA,0.655414845690046,2,90.5857082152948
pipe,19,19,89.261981960351,Bradypterus brunneus,Bradypterus_brunneus,AVES,0.999999999918659,24,3604.99686129549
pipe,19,19,89.261981960351,Bradypterus seebohmi,Bradypterus_seebohmi,AVES,0.452718233996164,1,71.7493427546058
pipe,19,19,89.261981960351,Buteo brachypterus,Buteo_brachypterus,AVES,0.385757027284217,2,18548.787458524
pipe,19,19,89.261981960351,Calicalicus madagascariensis,Calicalicus_madagascariensis,AVES,0.999999997259813,36,16822.895110901
pipe,19,19,89.261981960351,Cheirogaleus crossleyi,Cheirogaleus_crossleyi,MAMMALIA,0.999999984556868,25,1879.26157490557
pipe,19,19,89.261981960351,Cheirogaleus major,Cheirogaleus_major,MAMMALIA,1,40,14062.2111025258
pipe,19,19,89.261981960351,Cheirogaleus medius,Cheirogaleus_medius,MAMMALIA,1,78,4569.7560032281
pipe,19,19,89.261981960351,Cinnyris notatus,Cinnyris_notatus,AVES,1,37,17236.2192163823
pipe,19,19,89.261981960351,Copsychus albospecularis,Copsychus_albospecularis,AVES,0.999995000598875,12,13823.3942275841
pipe,19,19,89.261981960351,Coracopsis nigra,Coracopsis_nigra,AVES,0.996242907262963,15,18246.2134590939
pipe,19,19,89.261981960351,Corythornis madagascariensis,Corythornis_madagascariensis,AVES,0.613066212270462,10,15972.7301876202
pipe,19,19,89.261981960351,Coua caerulea,Coua_caerulea,AVES,0.998257156196195,4,12306.4566362627
pipe,19,19,89.261981960351,Coua coquereli,Coua_coquereli,AVES,0.998874896272831,8,2865.25589693274
pipe,19,19,89.261981960351,Coua cristata,Coua_cristata,AVES,0.999999987694009,14,17275.4280655385
pipe,19,19,89.261981960351,Coua cursor,Coua_cursor,AVES,0.97754112926372,2,2248.72973734123
pipe,19,19,89.261981960351,Coua gigas,Coua_gigas,AVES,0.995338735502335,4,3624.97029662753
pipe,19,19,89.261981960351,Coua reynaudii,Coua_reynaudii,AVES,0.996165284275654,4,9133.88594589779
pipe,19,19,89.261981960351,Coua ruficeps,Coua_ruficeps,AVES,0.948025725453459,2,1169.65998012544
pipe,19,19,89.261981960351,Coua serriana,Coua_serriana,AVES,0.9636067050377,3,10253.925824458
pipe,19,19,89.261981960351,Crossleyia xanthophrys,Crossleyia_xanthophrys,AVES,0.999936124839696,16,1110.17502613819
pipe,19,19,89.261981960351,Cryptoprocta ferox,Cryptoprocta_ferox,MAMMALIA,0,0,0
pipe,19,19,89.261981960351,Cryptosylvicola randrianasoloi,Cryptosylvicola_randrianasoloi,AVES,0.999875703316544,17,1167.8755738972
pipe,19,19,89.261981960351,Cyanolanius madagascarinus,Cyanolanius_madagascarinus,AVES,0.999999999999999,36,17016.9933430667
pipe,19,19,89.261981960351,Daubentonia madagascariensis,Daubentonia_madagascariensis,MAMMALIA,0.999999999994436,22,9061.04562812766
pipe,19,19,89.261981960351,Echinops telfairi,Echinops_telfairi,MAMMALIA,0.999999999821052,74,5328.469275152
pipe,19,19,89.261981960351,Eliurus antsingy,Eliurus_antsingy,MAMMALIA,0.0133737178258206,3,49.043584514739
pipe,19,19,89.261981960351,Eliurus grandidieri,Eliurus_grandidieri,MAMMALIA,0.990751580465996,16,579.34054649377
pipe,19,19,89.261981960351,Eliurus majori,Eliurus_majori,MAMMALIA,1,45,6680.19438058228
pipe,19,19,89.261981960351,Eliurus minor,Eliurus_minor,MAMMALIA,1,70,15356.7921753761
pipe,19,19,89.261981960351,Eliurus myoxinus,Eliurus_myoxinus,MAMMALIA,1,91,13328.1143462174
pipe,19,19,89.261981960351,Eliurus tanala,Eliurus_tanala,MAMMALIA,1,44,7740.76418901011
pipe,19,19,89.261981960351,Eliurus webbi,Eliurus_webbi,MAMMALIA,1,40,14250.7401924164
pipe,19,19,89.261981960351,Eremopterix hova,Eremopterix_hova,AVES,0.999611377647096,5,1620.06881620384
pipe,19,19,89.261981960351,Eulemur albifrons,Eulemur_albifrons,MAMMALIA,0.999999999999962,10,8981.41692035818
pipe,19,19,89.261981960351,Eulemur cinereiceps,Eulemur_cinereiceps,MAMMALIA,1,65,15315.4088905273
pipe,19,19,89.261981960351,Eulemur collaris,Eulemur_collaris,MAMMALIA,1,64,15287.8150461029
pipe,19,19,89.261981960351,Eulemur coronatus,Eulemur_coronatus,MAMMALIA,1,39,4974.64052290309
pipe,19,19,89.261981960351,Eulemur flavifrons,Eulemur_flavifrons,MAMMALIA,0.000213248908682684,1,25.074716512655
pipe,19,19,89.261981960351,Eulemur fulvus,Eulemur_fulvus,MAMMALIA,1,64,15315.8660149503
pipe,19,19,89.261981960351,Eulemur macaco,Eulemur_macaco,MAMMALIA,1,27,5129.87802386721
pipe,19,19,89.261981960351,Eulemur mongoz,Eulemur_mongoz,MAMMALIA,0.989432014009544,5,537.595664231913
pipe,19,19,89.261981960351,Eulemur rubriventer,Eulemur_rubriventer,MAMMALIA,1,58,14857.3265479291
pipe,19,19,89.261981960351,Eulemur rufus,Eulemur_rufus,MAMMALIA,1,45,4767.39214436833
pipe,19,19,89.261981960351,Eulemur sanfordi,Eulemur_sanfordi,MAMMALIA,1,66,15321.1782590302
pipe,19,19,89.261981960351,Euryceros prevostii,Euryceros_prevostii,AVES,0.995160815152895,3,1828.02105363584
pipe,19,19,89.261981960351,Falco zoniventris,Falco_zoniventris,AVES,0.649252351290519,5,15862.4274720627
pipe,19,19,89.261981960351,Falculea palliata,Falculea_palliata,AVES,0.999980776639906,11,3315.6350265928
pipe,19,19,89.261981960351,Fossa fossana,Fossa_fossana,MAMMALIA,0.440598797931207,1,12385.0624278761
pipe,19,19,89.261981960351,Foudia madagascariensis,Foudia_madagascariensis,AVES,0.99999999480586,44,19742.4642266871
pipe,19,19,89.261981960351,Foudia omissa,Foudia_omissa,AVES,0.999999421102967,19,11200.8477871
pipe,19,19,89.261981960351,Gactornis enarratus,Gactornis_enarratus,AVES,0.999642270512567,11,11821.6209290989
pipe,19,19,89.261981960351,Galidia elegans,Galidia_elegans,MAMMALIA,0.517811932546201,1,12353.3465169897
pipe,19,19,89.261981960351,Galidictis fasciata,Galidictis_fasciata,MAMMALIA,0,0,0
pipe,19,19,89.261981960351,Geobiastes squamiger,Geobiastes_squamiger,AVES,0.98253267671932,1,3508.59167307472
pipe,19,19,89.261981960351,Geogale aurita,Geogale_aurita,MAMMALIA,0.999999586451681,90,5511.71115400099
pipe,19,19,89.261981960351,Gymnuromys roberti,Gymnuromys_roberti,MAMMALIA,1,33,4527.69647075641
pipe,19,19,89.261981960351,Haliaeetus vociferoides,Haliaeetus_vociferoides,AVES,0,0,0
pipe,19,19,89.261981960351,Hapalemur alaotrensis,Hapalemur_alaotrensis,MAMMALIA,0.999982329767396,5,889.299780218168
pipe,19,19,89.261981960351,Hapalemur aureus,Hapalemur_aureus,MAMMALIA,0.991842018397262,6,370.66265091309
pipe,19,19,89.261981960351,Hapalemur griseus,Hapalemur_griseus,MAMMALIA,1,60,16560.7627231749
pipe,19,19,89.261981960351,Hapalemur occidentalis,Hapalemur_occidentalis,MAMMALIA,0.998466202477323,11,535.340831583801
pipe,19,19,89.261981960351,Hartertula flavoviridis,Hartertula_flavoviridis,AVES,0.999999169813472,23,1798.70924921932
pipe,19,19,89.261981960351,Hartlaubius auratus,Hartlaubius_auratus,AVES,0.999999982684941,34,16926.6634762771
pipe,19,19,89.261981960351,Hemicentetes nigriceps,Hemicentetes_nigriceps,MAMMALIA,0.981418369458137,8,678.865517351391
pipe,19,19,89.261981960351,Hemicentetes semispinosus,Hemicentetes_semispinosus,MAMMALIA,0.999999999967721,36,14578.6013723561
pipe,19,19,89.261981960351,Hypogeomys antimena,Hypogeomys_antimena,MAMMALIA,0.133657837801919,2,56.7325883825327
pipe,19,19,89.261981960351,Hypositta corallirostris,Hypositta_corallirostris,AVES,0.999817481406684,15,13880.9424859807
pipe,19,19,89.261981960351,Indri indri,Indri_indri,MAMMALIA,0.999987738932062,14,13846.9222890586
pipe,19,19,89.261981960351,Lemur catta,Lemur_catta,MAMMALIA,1,41,2893.31177776733
pipe,19,19,89.261981960351,Lepidopygia nana,Lepidopygia_nana,AVES,0.992869906715869,54,19569.9348140147
pipe,19,19,89.261981960351,Lepilemur ankaranensis,Lepilemur_ankaranensis,MAMMALIA,0.942459903341341,5,274.237082094521
pipe,19,19,89.261981960351,Lepilemur edwardsi,Lepilemur_edwardsi,MAMMALIA,0.999934612230958,10,1266.91637444613
pipe,19,19,89.261981960351,Lepilemur leucopus,Lepilemur_leucopus,MAMMALIA,0.999981772581494,16,1136.46338450739
pipe,19,19,89.261981960351,Lepilemur microdon,Lepilemur_microdon,MAMMALIA,0.997687992028535,8,884.713415640452
pipe,19,19,89.261981960351,Lepilemur mustelinus,Lepilemur_mustelinus,MAMMALIA,1,69,12706.6322646793
pipe,19,19,89.261981960351,Lepilemur ruficaudatus,Lepilemur_ruficaudatus,MAMMALIA,0.999997350395039,13,1204.13887248581
pipe,19,19,89.261981960351,Leptopterus chabert,Leptopterus_chabert,AVES,0.999999999994859,43,19180.7760012951
pipe,19,19,89.261981960351,Lophotibis cristata,Lophotibis_cristata,AVES,0.996534556000202,5,15804.7366842204
pipe,19,19,89.261981960351,Macrotarsomys bastardi,Macrotarsomys_bastardi,MAMMALIA,0.999731203702354,23,844.451412636253
pipe,19,19,89.261981960351,Margaroperdix madagarensis,Margaroperdix_madagarensis,AVES,0.999999995969322,19,16986.0217685908
pipe,19,19,89.261981960351,Mentocrex kioloides,Mentocrex_kioloides,AVES,0.984818232622187,4,9558.34107301385
pipe,19,19,89.261981960351,Mesitornis unicolor,Mesitornis_unicolor,AVES,0,0,0
pipe,19,19,89.261981960351,Mesitornis variegatus,Mesitornis_variegatus,AVES,0.971604936666356,4,1502.05634959977
pipe,19,19,89.261981960351,Microcebus berthae,Microcebus_berthae,MAMMALIA,1.52725564417366e-08,1,10.8090685387869
pipe,19,19,89.261981960351,Microcebus griseorufus,Microcebus_griseorufus,MAMMALIA,0.962437630681045,12,344.647506392836
pipe,19,19,89.261981960351,Microcebus murinus,Microcebus_murinus,MAMMALIA,1,139,13916.4863772609
pipe,19,19,89.261981960351,Microcebus myoxinus,Microcebus_myoxinus,MAMMALIA,0.990517413069795,6,199.042903154257
pipe,19,19,89.261981960351,Microcebus ravelobensis,Microcebus_ravelobensis,MAMMALIA,0.778620368188717,8,211.643664129648
pipe,19,19,89.261981960351,Microcebus rufus,Microcebus_rufus,MAMMALIA,1,49,13738.056602507
pipe,19,19,89.261981960351,Microcebus tavaratra,Microcebus_tavaratra,MAMMALIA,0.986346512404753,8,344.879175723018
pipe,19,19,89.261981960351,Microgale brevicaudata,Microgale_brevicaudata,MAMMALIA,0.999999935986082,70,5520.87779827073
pipe,19,19,89.261981960351,Microgale cowani,Microgale_cowani,MAMMALIA,0.999999985256642,40,9239.33032693076
pipe,19,19,89.261981960351,Microgale drouhardi,Microgale_drouhardi,MAMMALIA,0.99999450700293,32,3953.06238784543
pipe,19,19,89.261981960351,Microgale dryas,Microgale_dryas,MAMMALIA,0.89675469821697,17,827.051753405772
pipe,19,19,89.261981960351,Microgale fotsifotsy,Microgale_fotsifotsy,MAMMALIA,0.999989740642983,34,4848.0016310161
pipe,19,19,89.261981960351,Microgale gracilis,Microgale_gracilis,MAMMALIA,0.999296708891034,18,2045.93224491819
pipe,19,19,89.261981960351,Microgale gymnorhyncha,Microgale_gymnorhyncha,MAMMALIA,0.999579467473369,23,2494.8241473642
pipe,19,19,89.261981960351,Microgale longicaudata,Microgale_longicaudata,MAMMALIA,0.999999902133774,55,11565.4839707626
pipe,19,19,89.261981960351,Microgale mergulus,Microgale_mergulus,MAMMALIA,0.998033794905297,8,909.527315799377
pipe,19,19,89.261981960351,Microgale parvula,Microgale_parvula,MAMMALIA,0.999999897367757,51,14471.9798614175
pipe,19,19,89.261981960351,Microgale principula,Microgale_principula,MAMMALIA,0.999999998440885,40,13034.8321585967
pipe,19,19,89.261981960351,Microgale pusilla,Microgale_pusilla,MAMMALIA,0.999914193989929,42,6728.01076799076
pipe,19,19,89.261981960351,Microgale soricoides,Microgale_soricoides,MAMMALIA,0.999997988724231,35,3865.73444457387
pipe,19,19,89.261981960351,Microgale taiva,Microgale_taiva,MAMMALIA,0.99999968085033,39,9796.41023365346
pipe,19,19,89.261981960351,Microgale thomasi,Microgale_thomasi,MAMMALIA,0.99999978459001,36,4839.69019835497
pipe,19,19,89.261981960351,Mirza coquereli,Mirza_coquereli,MAMMALIA,0.978463021836958,5,539.344263578115
pipe,19,19,89.261981960351,Monias benschi,Monias_benschi,AVES,0,0,0
pipe,19,19,89.261981960351,Monticola erythronotus,Monticola_erythronotus,AVES,0.505764981643122,1,97.497303661992
pipe,19,19,89.261981960351,Monticola sharpei,Monticola_sharpei,AVES,0.99999999963673,20,15038.0379780583
pipe,19,19,89.261981960351,Monticolomys koopmani,Monticolomys_koopmani,MAMMALIA,0.132607629821117,3,77.5173760962128
pipe,19,19,89.261981960351,Motacilla flaviventris,Motacilla_flaviventris,AVES,0.999496685467348,4,909.312805159396
pipe,19,19,89.261981960351,Mystacornis crossleyi,Mystacornis_crossleyi,AVES,0.999999994061214,11,11828.6808618712
pipe,19,19,89.261981960351,Neodrepanis coruscans,Neodrepanis_coruscans,AVES,0.999447102532956,14,7699.91223002747
pipe,19,19,89.261981960351,Neodrepanis hypoxantha,Neodrepanis_hypoxantha,AVES,0.0211788109146442,3,88.4296056242715
pipe,19,19,89.261981960351,Neomixis striatigula,Neomixis_striatigula,AVES,0.999999999997776,16,13035.6428245919
pipe,19,19,89.261981960351,Neomixis tenella,Neomixis_tenella,AVES,1,48,17489.3668332082
pipe,19,19,89.261981960351,Neomixis viridis,Neomixis_viridis,AVES,0.999999999999789,14,12724.9836657825
pipe,19,19,89.261981960351,Nesillas lantzii,Nesillas_lantzii,AVES,0.998667374913778,4,742.537412491226
pipe,19,19,89.261981960351,Nesogale dobsoni,Nesogale_dobsoni,MAMMALIA,0.999999999997608,45,12936.978134009
pipe,19,19,89.261981960351,Nesogale talazaci,Nesogale_talazaci,MAMMALIA,0.999999999999199,39,13735.1789756104
pipe,19,19,89.261981960351,Nesomys audeberti,Nesomys_audeberti,MAMMALIA,0.999999997910568,20,1680.63825918676
pipe,19,19,89.261981960351,Nesomys lambertoni,Nesomys_lambertoni,MAMMALIA,0.987637248634297,5,293.172349624758
pipe,19,19,89.261981960351,Nesomys rufus,Nesomys_rufus,MAMMALIA,1,35,9751.45088623158
pipe,19,19,89.261981960351,Newtonia amphichroa,Newtonia_amphichroa,AVES,0.999999999999976,18,8963.61225084744
pipe,19,19,89.261981960351,Newtonia archboldi,Newtonia_archboldi,AVES,0.992210685503433,5,616.676767239891
pipe,19,19,89.261981960351,Newtonia brunneicauda,Newtonia_brunneicauda,AVES,1,49,19323.7834849225
pipe,19,19,89.261981960351,Newtonia fanovanae,Newtonia_fanovanae,AVES,0.35300667308126,1,71.3810832753727
pipe,19,19,89.261981960351,Oriolia bernieri,Oriolia_bernieri,AVES,0.998174774156423,8,3271.86069728309
pipe,19,19,89.261981960351,Oryzorictes hova,Oryzorictes_hova,MAMMALIA,0.999999999998561,41,13572.1982312337
pipe,19,19,89.261981960351,Oryzorictes tetradactylus,Oryzorictes_tetradactylus,MAMMALIA,0.997369848845788,22,1534.24545277242
pipe,19,19,89.261981960351,Otus rutilus,Otus_rutilus,AVES,0.99999987224643,11,17414.5669167295
pipe,19,19,89.261981960351,Oxylabes madagascariensis,Oxylabes_madagascariensis,AVES,0.999999999936068,17,11938.5170627343
pipe,19,19,89.261981960351,Phaner electromontis,Phaner_electromontis,MAMMALIA,0,0,0
pipe,19,19,89.261981960351,Phaner furcifer,Phaner_furcifer,MAMMALIA,0.887084180799965,10,333.547577033373
pipe,19,19,89.261981960351,Phaner pallescens,Phaner_pallescens,MAMMALIA,0.999839331935616,5,795.41038694844
pipe,19,19,89.261981960351,Phaner parienti,Phaner_parienti,MAMMALIA,0.00280017666108179,1,24.4501852478606
pipe,19,19,89.261981960351,Philepitta castanea,Philepitta_castanea,AVES,0.983928902549243,10,9646.41107282096
pipe,19,19,89.261981960351,Philepitta schlegeli,Philepitta_schlegeli,AVES,0.942569798129947,9,1829.38806253044
pipe,19,19,89.261981960351,Ploceus nelicourvi,Ploceus_nelicourvi,AVES,0.99999999968029,14,13869.769696666
pipe,19,19,89.261981960351,Ploceus sakalava,Ploceus_sakalava,AVES,0.999941611514213,24,3976.67590093851
pipe,19,19,89.261981960351,Polyboroides radiatus,Polyboroides_radiatus,AVES,0.952557480769943,4,16032.4584171781
pipe,19,19,89.261981960351,Pseudobias wardi,Pseudobias_wardi,AVES,0.999999999999681,16,10700.9843034589
pipe,19,19,89.261981960351,Pterocles personatus,Pterocles_personatus,AVES,0.598836024816671,3,2530.70375389927
pipe,19,19,89.261981960351,Rallus madagascariensis,Rallus_madagascariensis,AVES,0.993166158806019,5,2976.81040842539
pipe,19,19,89.261981960351,Randia pseudozosterops,Randia_pseudozosterops,AVES,0.999999994716283,12,11663.1389570329
pipe,19,19,89.261981960351,Sarothrura insularis,Sarothrura_insularis,AVES,0.997600693251739,11,14330.9931960053
pipe,19,19,89.261981960351,Schetba rufa,Schetba_rufa,AVES,0.999996902505231,22,9586.61582912998
pipe,19,19,89.261981960351,Setifer setosus,Setifer_setosus,MAMMALIA,1,75,18955.066750237
pipe,19,19,89.261981960351,Tenrec ecaudatus,Tenrec_ecaudatus,MAMMALIA,1,66,18566.8601609376
pipe,19,19,89.261981960351,Thamnornis chloropetoides,Thamnornis_chloropetoides,AVES,0.997352681274283,5,786.291737408697
pipe,19,19,89.261981960351,Treron australis,Treron_australis,AVES,0.997901095530871,16,18420.5280866601
pipe,19,19,89.261981960351,Turnix nigricollis,Turnix_nigricollis,AVES,0.999999230902161,19,13919.4968494105
pipe,19,19,89.261981960351,Tylas eduardi,Tylas_eduardi,AVES,0.999999997138202,10,13909.0834453303
pipe,19,19,89.261981960351,Vanga curvirostris,Vanga_curvirostris,AVES,0.999999995639268,29,18494.8572991926
pipe,19,19,89.261981960351,Varecia rubra,Varecia_rubra,MAMMALIA,1,30,14486.4937999712
pipe,19,19,89.261981960351,Varecia variegata,Varecia_variegata,MAMMALIA,0.999999999995996,30,14483.7501682238
pipe,19,19,89.261981960351,Xanthomixis apperti,Xanthomixis_apperti,AVES,0.441311211243701,1,68.4073900828693
pipe,19,19,89.261981960351,Xanthomixis cinereiceps,Xanthomixis_cinereiceps,AVES,0.999999723080241,14,2377.73733520433
pipe,19,19,89.261981960351,Xanthomixis zosterops,Xanthomixis_zosterops,AVES,0.999999999979135,18,13893.9441871186
pipe,19,19,89.261981960351,Xenopirostris damii,Xenopirostris_damii,AVES,0.00179910755944268,1,93.5023436630614
pipe,19,19,89.261981960351,Xenopirostris polleni,Xenopirostris_polleni,AVES,0.999722258286784,9,4722.14327271914
pipe,19,19,89.261981960351,Xenopirostris xenopirostris,Xenopirostris_xenopirostris,AVES,0.91280486175997,1,599.646948629051
pipe,20,20,93.953331763907,Accipiter henstii,Accipiter_henstii,AVES,0.0850297931905031,2,8684.38529012287
pipe,20,20,93.953331763907,Accipiter madagascariensis,Accipiter_madagascariensis,AVES,0.208285326304595,4,8868.30288126335
pipe,20,20,93.953331763907,Acrocephalus newtoni,Acrocephalus_newtoni,AVES,1,44,9664.12137179433
pipe,20,20,93.953331763907,Alectroenas madagascariensis,Alectroenas_madagascariensis,AVES,0.982736697860013,10,7275.65599783451
pipe,20,20,93.953331763907,Allocebus trichotis,Allocebus_trichotis,MAMMALIA,0.00777699443301827,1,29.7379084643255
pipe,20,20,93.953331763907,Anas bernieri,Anas_bernieri,AVES,0,0,0
pipe,20,20,93.953331763907,Apus balstoni,Apus_balstoni,AVES,0.999999897846319,21,8907.20179187953
pipe,20,20,93.953331763907,Artamella viridis,Artamella_viridis,AVES,0.999999999968095,36,10232.2137959756
pipe,20,20,93.953331763907,Asio madagascariensis,Asio_madagascariensis,AVES,0.376149290554947,3,6974.89147507266
pipe,20,20,93.953331763907,Atelornis crossleyi,Atelornis_crossleyi,AVES,0.969288247821313,5,1935.99824054466
pipe,20,20,93.953331763907,Atelornis pittoides,Atelornis_pittoides,AVES,0.995664475200138,5,5688.9070469804
pipe,20,20,93.953331763907,Athene superciliaris,Athene_superciliaris,AVES,0.995526088117259,9,7048.16421737612
pipe,20,20,93.953331763907,Avahi laniger,Avahi_laniger,MAMMALIA,0.99999999999979,47,4623.88147425194
pipe,20,20,93.953331763907,Avahi occidentalis,Avahi_occidentalis,MAMMALIA,0.974306937373857,4,430.886544767126
pipe,20,20,93.953331763907,Aviceda madagascariensis,Aviceda_madagascariensis,AVES,0.451688256484515,3,9836.7302535691
pipe,20,20,93.953331763907,Bernieria madagascariensis,Bernieria_madagascariensis,AVES,0.999999999999524,34,9101.51673790538
pipe,20,20,93.953331763907,Brachypteracias leptosomus,Brachypteracias_leptosomus,AVES,0.98912973465534,4,4959.92487293296
pipe,20,20,93.953331763907,Brachytarsomys albicauda,Brachytarsomys_albicauda,MAMMALIA,0.989069149065334,10,432.022320698226
pipe,20,20,93.953331763907,Brachyuromys betsileoensis,Brachyuromys_betsileoensis,MAMMALIA,0.999999999998391,20,2051.26238139006
pipe,20,20,93.953331763907,Brachyuromys ramirohitra,Brachyuromys_ramirohitra,MAMMALIA,0.655414845690046,2,90.5857082152948
pipe,20,20,93.953331763907,Bradypterus brunneus,Bradypterus_brunneus,AVES,0.999999902136646,21,2123.23838014146
pipe,20,20,93.953331763907,Bradypterus seebohmi,Bradypterus_seebohmi,AVES,0.452718233996164,1,71.7493427546058
pipe,20,20,93.953331763907,Buteo brachypterus,Buteo_brachypterus,AVES,0.143477226448717,2,10202.034353625
pipe,20,20,93.953331763907,Calicalicus madagascariensis,Calicalicus_madagascariensis,AVES,0.999999998384284,41,9102.5599236315
pipe,20,20,93.953331763907,Cheirogaleus crossleyi,Cheirogaleus_crossleyi,MAMMALIA,0.99997466743878,19,1096.03109921134
pipe,20,20,93.953331763907,Cheirogaleus major,Cheirogaleus_major,MAMMALIA,1,53,7001.09025644483
pipe,20,20,93.953331763907,Cheirogaleus medius,Cheirogaleus_medius,MAMMALIA,1,60,3975.29471984566
pipe,20,20,93.953331763907,Cinnyris notatus,Cinnyris_notatus,AVES,1,42,9520.90291130201
pipe,20,20,93.953331763907,Copsychus albospecularis,Copsychus_albospecularis,AVES,0.999999444413718,17,6853.03192416082
pipe,20,20,93.953331763907,Coracopsis nigra,Coracopsis_nigra,AVES,0.982669274820127,15,10277.2586988694
pipe,20,20,93.953331763907,Corythornis madagascariensis,Corythornis_madagascariensis,AVES,0.37027129034657,11,8311.48339656173
pipe,20,20,93.953331763907,Coua caerulea,Coua_caerulea,AVES,0.990977686067766,4,5875.28735804228
pipe,20,20,93.953331763907,Coua coquereli,Coua_coquereli,AVES,0.993356247011031,6,2076.21363831567
pipe,20,20,93.953331763907,Coua cristata,Coua_cristata,AVES,0.999999717019979,11,9421.99391945563
pipe,20,20,93.953331763907,Coua cursor,Coua_cursor,AVES,0.924679624941159,3,1537.40675641484
pipe,20,20,93.953331763907,Coua gigas,Coua_gigas,AVES,0.979760968284248,3,2719.97852160293
pipe,20,20,93.953331763907,Coua reynaudii,Coua_reynaudii,AVES,0.9829443128695,5,4689.88397268654
pipe,20,20,93.953331763907,Coua ruficeps,Coua_ruficeps,AVES,0.920609316287728,2,1043.59061333929
pipe,20,20,93.953331763907,Coua serriana,Coua_serriana,AVES,0.893649375394762,3,4682.60240286396
pipe,20,20,93.953331763907,Crossleyia xanthophrys,Crossleyia_xanthophrys,AVES,0.998840169434659,16,937.366128522087
pipe,20,20,93.953331763907,Cryptoprocta ferox,Cryptoprocta_ferox,MAMMALIA,0,0,0
pipe,20,20,93.953331763907,Cryptosylvicola randrianasoloi,Cryptosylvicola_randrianasoloi,AVES,0.999320271758555,17,994.135959849011
pipe,20,20,93.953331763907,Cyanolanius madagascarinus,Cyanolanius_madagascarinus,AVES,1,41,9278.99399414424
pipe,20,20,93.953331763907,Daubentonia madagascariensis,Daubentonia_madagascariensis,MAMMALIA,0.99987111617769,39,3628.89073332672
pipe,20,20,93.953331763907,Echinops telfairi,Echinops_telfairi,MAMMALIA,0.999999781250317,61,4092.91573586174
pipe,20,20,93.953331763907,Eliurus antsingy,Eliurus_antsingy,MAMMALIA,0.0133737178258206,3,49.043584514739
pipe,20,20,93.953331763907,Eliurus grandidieri,Eliurus_grandidieri,MAMMALIA,0.987849867283944,15,548.360680336861
pipe,20,20,93.953331763907,Eliurus majori,Eliurus_majori,MAMMALIA,1,39,4400.22035503197
pipe,20,20,93.953331763907,Eliurus minor,Eliurus_minor,MAMMALIA,1,85,8079.00548208257
pipe,20,20,93.953331763907,Eliurus myoxinus,Eliurus_myoxinus,MAMMALIA,1,93,8107.58964014042
pipe,20,20,93.953331763907,Eliurus tanala,Eliurus_tanala,MAMMALIA,1,40,4542.17550800026
pipe,20,20,93.953331763907,Eliurus webbi,Eliurus_webbi,MAMMALIA,1,58,7023.74944173187
pipe,20,20,93.953331763907,Eremopterix hova,Eremopterix_hova,AVES,0.99311404256374,4,947.141712272136
pipe,20,20,93.953331763907,Eulemur albifrons,Eulemur_albifrons,MAMMALIA,1,27,3848.45408583309
pipe,20,20,93.953331763907,Eulemur cinereiceps,Eulemur_cinereiceps,MAMMALIA,1,76,8928.04295501782
pipe,20,20,93.953331763907,Eulemur collaris,Eulemur_collaris,MAMMALIA,1,73,8890.29998486567
pipe,20,20,93.953331763907,Eulemur coronatus,Eulemur_coronatus,MAMMALIA,1,40,2457.17882661972
pipe,20,20,93.953331763907,Eulemur flavifrons,Eulemur_flavifrons,MAMMALIA,0,0,0
pipe,20,20,93.953331763907,Eulemur fulvus,Eulemur_fulvus,MAMMALIA,1,75,8928.04295501782
pipe,20,20,93.953331763907,Eulemur macaco,Eulemur_macaco,MAMMALIA,1,24,3778.1386268601
pipe,20,20,93.953331763907,Eulemur mongoz,Eulemur_mongoz,MAMMALIA,0.987412640873916,5,513.951134141225
pipe,20,20,93.953331763907,Eulemur rubriventer,Eulemur_rubriventer,MAMMALIA,1,68,7927.82993559014
pipe,20,20,93.953331763907,Eulemur rufus,Eulemur_rufus,MAMMALIA,1,43,4062.73598875784
pipe,20,20,93.953331763907,Eulemur sanfordi,Eulemur_sanfordi,MAMMALIA,1,76,8928.04295501782
pipe,20,20,93.953331763907,Euryceros prevostii,Euryceros_prevostii,AVES,0.980237936856381,3,983.182541024328
pipe,20,20,93.953331763907,Falco zoniventris,Falco_zoniventris,AVES,0.348913286620284,5,8012.20961754352
pipe,20,20,93.953331763907,Falculea palliata,Falculea_palliata,AVES,0.999843323015577,14,2466.11861052933
pipe,20,20,93.953331763907,Fossa fossana,Fossa_fossana,MAMMALIA,0,1,2442.11858080574
pipe,20,20,93.953331763907,Foudia madagascariensis,Foudia_madagascariensis,AVES,0.999999985286311,51,11238.0340102903
pipe,20,20,93.953331763907,Foudia omissa,Foudia_omissa,AVES,0.999998536829029,22,6119.82291249661
pipe,20,20,93.953331763907,Gactornis enarratus,Gactornis_enarratus,AVES,0.999750644425444,13,5977.30101929348
pipe,20,20,93.953331763907,Galidia elegans,Galidia_elegans,MAMMALIA,0,1,2140.64798049506
pipe,20,20,93.953331763907,Galidictis fasciata,Galidictis_fasciata,MAMMALIA,0,0,0
pipe,20,20,93.953331763907,Geobiastes squamiger,Geobiastes_squamiger,AVES,0.954197787561503,2,2187.3761561823
pipe,20,20,93.953331763907,Geogale aurita,Geogale_aurita,MAMMALIA,0.99963405456916,68,3460.13148279846
pipe,20,20,93.953331763907,Gymnuromys roberti,Gymnuromys_roberti,MAMMALIA,1,29,3036.20755900049
pipe,20,20,93.953331763907,Haliaeetus vociferoides,Haliaeetus_vociferoides,AVES,0,0,0
pipe,20,20,93.953331763907,Hapalemur alaotrensis,Hapalemur_alaotrensis,MAMMALIA,0.977845968363082,5,289.129997539608
pipe,20,20,93.953331763907,Hapalemur aureus,Hapalemur_aureus,MAMMALIA,0.991842018397262,6,370.66265091309
pipe,20,20,93.953331763907,Hapalemur griseus,Hapalemur_griseus,MAMMALIA,1,74,9002.06736002468
pipe,20,20,93.953331763907,Hapalemur occidentalis,Hapalemur_occidentalis,MAMMALIA,0.995877887240539,10,468.227512657398
pipe,20,20,93.953331763907,Hartertula flavoviridis,Hartertula_flavoviridis,AVES,0.999974971315928,20,1391.53042184244
pipe,20,20,93.953331763907,Hartlaubius auratus,Hartlaubius_auratus,AVES,0.999999992342425,34,9136.84590540068
pipe,20,20,93.953331763907,Hemicentetes nigriceps,Hemicentetes_nigriceps,MAMMALIA,0.975844159793596,5,574.816522549658
pipe,20,20,93.953331763907,Hemicentetes semispinosus,Hemicentetes_semispinosus,MAMMALIA,0.999999999999996,54,7270.74706648463
pipe,20,20,93.953331763907,Hypogeomys antimena,Hypogeomys_antimena,MAMMALIA,0.133657837801919,2,56.7325883825327
pipe,20,20,93.953331763907,Hypositta corallirostris,Hypositta_corallirostris,AVES,0.999942358317094,22,6978.62371231274
pipe,20,20,93.953331763907,Indri indri,Indri_indri,MAMMALIA,0.999988073158357,25,6490.50735732118
pipe,20,20,93.953331763907,Lemur catta,Lemur_catta,MAMMALIA,1,28,1599.1028027512
pipe,20,20,93.953331763907,Lepidopygia nana,Lepidopygia_nana,AVES,0.985808261165002,56,10907.3218976533
pipe,20,20,93.953331763907,Lepilemur ankaranensis,Lepilemur_ankaranensis,MAMMALIA,0.940198910572926,2,187.693890485166
pipe,20,20,93.953331763907,Lepilemur edwardsi,Lepilemur_edwardsi,MAMMALIA,0.999611741255419,10,1028.0922529884
pipe,20,20,93.953331763907,Lepilemur leucopus,Lepilemur_leucopus,MAMMALIA,0.99994868715907,15,1043.29602786009
pipe,20,20,93.953331763907,Lepilemur microdon,Lepilemur_microdon,MAMMALIA,0.974405257289974,9,696.594819096914
pipe,20,20,93.953331763907,Lepilemur mustelinus,Lepilemur_mustelinus,MAMMALIA,1,76,7528.44278396976
pipe,20,20,93.953331763907,Lepilemur ruficaudatus,Lepilemur_ruficaudatus,MAMMALIA,0.999947993151975,12,1029.9431826162
pipe,20,20,93.953331763907,Leptopterus chabert,Leptopterus_chabert,AVES,0.999999999989608,48,10958.2039641801
pipe,20,20,93.953331763907,Lophotibis cristata,Lophotibis_cristata,AVES,0.977496908067326,5,8219.96303102628
pipe,20,20,93.953331763907,Macrotarsomys bastardi,Macrotarsomys_bastardi,MAMMALIA,0.998712061106069,17,663.730412638928
pipe,20,20,93.953331763907,Margaroperdix madagarensis,Margaroperdix_madagarensis,AVES,0.99999968251035,18,9210.60577454729
pipe,20,20,93.953331763907,Mentocrex kioloides,Mentocrex_kioloides,AVES,0.95423380673906,4,4904.67723916929
pipe,20,20,93.953331763907,Mesitornis unicolor,Mesitornis_unicolor,AVES,0,0,0
pipe,20,20,93.953331763907,Mesitornis variegatus,Mesitornis_variegatus,AVES,0.963020562005737,4,1380.76057738527
pipe,20,20,93.953331763907,Microcebus berthae,Microcebus_berthae,MAMMALIA,1.52725564417366e-08,1,10.8090685387869
pipe,20,20,93.953331763907,Microcebus griseorufus,Microcebus_griseorufus,MAMMALIA,0.961833202005612,8,299.66346713943
pipe,20,20,93.953331763907,Microcebus murinus,Microcebus_murinus,MAMMALIA,1,118,7661.81335156329
pipe,20,20,93.953331763907,Microcebus myoxinus,Microcebus_myoxinus,MAMMALIA,0.982752344588742,5,170.347664163714
pipe,20,20,93.953331763907,Microcebus ravelobensis,Microcebus_ravelobensis,MAMMALIA,0.778620368188717,8,211.643664129648
pipe,20,20,93.953331763907,Microcebus rufus,Microcebus_rufus,MAMMALIA,1,65,6796.11897154581
pipe,20,20,93.953331763907,Microcebus tavaratra,Microcebus_tavaratra,MAMMALIA,0.972283797509903,7,306.287750023105
pipe,20,20,93.953331763907,Microgale brevicaudata,Microgale_brevicaudata,MAMMALIA,0.999996249629205,63,4202.03861343381
pipe,20,20,93.953331763907,Microgale cowani,Microgale_cowani,MAMMALIA,0.9999994837542,50,5177.59450020038
pipe,20,20,93.953331763907,Microgale drouhardi,Microgale_drouhardi,MAMMALIA,0.999808615574898,27,3004.98243115789
pipe,20,20,93.953331763907,Microgale dryas,Microgale_dryas,MAMMALIA,0.896754662794905,12,748.467184632362
pipe,20,20,93.953331763907,Microgale fotsifotsy,Microgale_fotsifotsy,MAMMALIA,0.998611883047071,36,3426.08328557016
pipe,20,20,93.953331763907,Microgale gracilis,Microgale_gracilis,MAMMALIA,0.997594150868904,16,1741.83335094309
pipe,20,20,93.953331763907,Microgale gymnorhyncha,Microgale_gymnorhyncha,MAMMALIA,0.997637224058316,23,1995.02750561396
pipe,20,20,93.953331763907,Microgale longicaudata,Microgale_longicaudata,MAMMALIA,0.999999733159125,65,6341.90757654974
pipe,20,20,93.953331763907,Microgale mergulus,Microgale_mergulus,MAMMALIA,0.994322204018733,8,791.482746422524
pipe,20,20,93.953331763907,Microgale parvula,Microgale_parvula,MAMMALIA,0.999999083148777,68,7286.98647719803
pipe,20,20,93.953331763907,Microgale principula,Microgale_principula,MAMMALIA,0.999999991557239,57,6545.45592611561
pipe,20,20,93.953331763907,Microgale pusilla,Microgale_pusilla,MAMMALIA,0.998170799128339,34,3382.62720052769
pipe,20,20,93.953331763907,Microgale soricoides,Microgale_soricoides,MAMMALIA,0.999687716986713,33,2648.1973363376
pipe,20,20,93.953331763907,Microgale taiva,Microgale_taiva,MAMMALIA,0.999999924320879,44,5499.73605116356
pipe,20,20,93.953331763907,Microgale thomasi,Microgale_thomasi,MAMMALIA,0.999998240238324,37,3187.02614733309
pipe,20,20,93.953331763907,Mirza coquereli,Mirza_coquereli,MAMMALIA,0.924962859425975,5,459.462621335339
pipe,20,20,93.953331763907,Monias benschi,Monias_benschi,AVES,0,0,0
pipe,20,20,93.953331763907,Monticola erythronotus,Monticola_erythronotus,AVES,0.505764981643122,1,97.497303661992
pipe,20,20,93.953331763907,Monticola sharpei,Monticola_sharpei,AVES,0.999999999976631,24,7781.9676438515
pipe,20,20,93.953331763907,Monticolomys koopmani,Monticolomys_koopmani,MAMMALIA,0.132607629821117,3,77.5173760962128
pipe,20,20,93.953331763907,Motacilla flaviventris,Motacilla_flaviventris,AVES,0.938323618163981,3,297.367713362991
pipe,20,20,93.953331763907,Mystacornis crossleyi,Mystacornis_crossleyi,AVES,0.999999999944533,15,6209.10448798473
pipe,20,20,93.953331763907,Neodrepanis coruscans,Neodrepanis_coruscans,AVES,0.999109133924578,17,4596.81798058343
pipe,20,20,93.953331763907,Neodrepanis hypoxantha,Neodrepanis_hypoxantha,AVES,0.0211788109146442,3,88.4296056242715
pipe,20,20,93.953331763907,Neomixis striatigula,Neomixis_striatigula,AVES,0.999999999999999,22,6781.04762529519
pipe,20,20,93.953331763907,Neomixis tenella,Neomixis_tenella,AVES,1,51,9757.32695692446
pipe,20,20,93.953331763907,Neomixis viridis,Neomixis_viridis,AVES,0.999999999999999,19,6492.92123195382
pipe,20,20,93.953331763907,Nesillas lantzii,Nesillas_lantzii,AVES,0.997869955610517,4,673.972080042991
pipe,20,20,93.953331763907,Nesogale dobsoni,Nesogale_dobsoni,MAMMALIA,0.999999999996608,52,6553.03666104356
pipe,20,20,93.953331763907,Nesogale talazaci,Nesogale_talazaci,MAMMALIA,0.999999999999907,52,6886.55193280464
pipe,20,20,93.953331763907,Nesomys audeberti,Nesomys_audeberti,MAMMALIA,0.999972725294461,15,981.912869639661
pipe,20,20,93.953331763907,Nesomys lambertoni,Nesomys_lambertoni,MAMMALIA,0.978918799578786,5,273.238551272161
pipe,20,20,93.953331763907,Nesomys rufus,Nesomys_rufus,MAMMALIA,1,42,5365.74320712144
pipe,20,20,93.953331763907,Newtonia amphichroa,Newtonia_amphichroa,AVES,0.999999999994736,23,5392.30244448887
pipe,20,20,93.953331763907,Newtonia archboldi,Newtonia_archboldi,AVES,0.988065449333231,4,552.034106504504
pipe,20,20,93.953331763907,Newtonia brunneicauda,Newtonia_brunneicauda,AVES,1,50,10974.0951285052
pipe,20,20,93.953331763907,Newtonia fanovanae,Newtonia_fanovanae,AVES,0.35300667308126,1,71.3810832753727
pipe,20,20,93.953331763907,Oriolia bernieri,Oriolia_bernieri,AVES,0.989880820866117,9,2240.70229625302
pipe,20,20,93.953331763907,Oryzorictes hova,Oryzorictes_hova,MAMMALIA,0.999999999995902,53,6665.70421383946
pipe,20,20,93.953331763907,Oryzorictes tetradactylus,Oryzorictes_tetradactylus,MAMMALIA,0.988636595725765,17,1174.21202412738
pipe,20,20,93.953331763907,Otus rutilus,Otus_rutilus,AVES,0.99998883457983,13,9484.92649585454
pipe,20,20,93.953331763907,Oxylabes madagascariensis,Oxylabes_madagascariensis,AVES,0.999999999999959,22,6460.62097381514
pipe,20,20,93.953331763907,Phaner electromontis,Phaner_electromontis,MAMMALIA,0,0,0
pipe,20,20,93.953331763907,Phaner furcifer,Phaner_furcifer,MAMMALIA,0.887083920250157,8,297.273791391403
pipe,20,20,93.953331763907,Phaner pallescens,Phaner_pallescens,MAMMALIA,0.999304288389027,5,703.186918529054
pipe,20,20,93.953331763907,Phaner parienti,Phaner_parienti,MAMMALIA,0.00280017666108179,1,24.4501852478606
pipe,20,20,93.953331763907,Philepitta castanea,Philepitta_castanea,AVES,0.985282567279795,14,5292.10712505397
pipe,20,20,93.953331763907,Philepitta schlegeli,Philepitta_schlegeli,AVES,0.930566688629571,8,1633.09013223759
pipe,20,20,93.953331763907,Ploceus nelicourvi,Ploceus_nelicourvi,AVES,0.999999999998797,19,6885.75245935436
pipe,20,20,93.953331763907,Ploceus sakalava,Ploceus_sakalava,AVES,0.999216425562243,23,2957.18322138664
pipe,20,20,93.953331763907,Polyboroides radiatus,Polyboroides_radiatus,AVES,0.771549584265834,4,8342.25485490364
pipe,20,20,93.953331763907,Pseudobias wardi,Pseudobias_wardi,AVES,0.999999999863201,19,6007.03953823383
pipe,20,20,93.953331763907,Pterocles personatus,Pterocles_personatus,AVES,0.273836297660036,5,1254.75201854629
pipe,20,20,93.953331763907,Rallus madagascariensis,Rallus_madagascariensis,AVES,0.978158028409392,4,2106.56304729992
pipe,20,20,93.953331763907,Randia pseudozosterops,Randia_pseudozosterops,AVES,0.999999994279565,17,5518.75161099039
pipe,20,20,93.953331763907,Sarothrura insularis,Sarothrura_insularis,AVES,0.997737185321151,14,7062.00389833727
pipe,20,20,93.953331763907,Schetba rufa,Schetba_rufa,AVES,0.99999944850983,22,5119.70132955622
pipe,20,20,93.953331763907,Setifer setosus,Setifer_setosus,MAMMALIA,1,88,10799.3262279431
pipe,20,20,93.953331763907,Tenrec ecaudatus,Tenrec_ecaudatus,MAMMALIA,1,78,10525.9205249515
pipe,20,20,93.953331763907,Thamnornis chloropetoides,Thamnornis_chloropetoides,AVES,0.996896832523215,5,741.770736727179
pipe,20,20,93.953331763907,Treron australis,Treron_australis,AVES,0.989224652831565,16,10364.1237105711
pipe,20,20,93.953331763907,Turnix nigricollis,Turnix_nigricollis,AVES,0.999992683952978,22,8594.2385991123
pipe,20,20,93.953331763907,Tylas eduardi,Tylas_eduardi,AVES,0.999999999962947,13,6812.82767089549
pipe,20,20,93.953331763907,Vanga curvirostris,Vanga_curvirostris,AVES,0.999999987170676,30,10704.1488558965
pipe,20,20,93.953331763907,Varecia rubra,Varecia_rubra,MAMMALIA,1,48,7213.40422881392
pipe,20,20,93.953331763907,Varecia variegata,Varecia_variegata,MAMMALIA,1,47,7197.62618819719
pipe,20,20,93.953331763907,Xanthomixis apperti,Xanthomixis_apperti,AVES,0.441311211243701,1,68.4073900828693
pipe,20,20,93.953331763907,Xanthomixis cinereiceps,Xanthomixis_cinereiceps,AVES,0.999999291004244,15,1893.96622345155
pipe,20,20,93.953331763907,Xanthomixis zosterops,Xanthomixis_zosterops,AVES,0.999999999999796,25,6910.47712609493
pipe,20,20,93.953331763907,Xenopirostris damii,Xenopirostris_damii,AVES,0,0,0
pipe,20,20,93.953331763907,Xenopirostris polleni,Xenopirostris_polleni,AVES,0.999419444593035,12,2176.34908343589
pipe,20,20,93.953331763907,Xenopirostris xenopirostris,Xenopirostris_xenopirostris,AVES,0.930097662134669,2,557.13153658133
pipe,21,21,98.6595004534767,Accipiter henstii,Accipiter_henstii,AVES,4.66293670342566e-15,1,1240.59956729311
pipe,21,21,98.6595004534767,Accipiter madagascariensis,Accipiter_madagascariensis,AVES,3.68528860106299e-06,2,1671.9414174111
pipe,21,21,98.6595004534767,Acrocephalus newtoni,Acrocephalus_newtoni,AVES,0.999999988637253,18,2117.11870327886
pipe,21,21,98.6595004534767,Alectroenas madagascariensis,Alectroenas_madagascariensis,AVES,0.65521495223394,8,1471.70401524867
pipe,21,21,98.6595004534767,Allocebus trichotis,Allocebus_trichotis,MAMMALIA,0,0,0
pipe,21,21,98.6595004534767,Anas bernieri,Anas_bernieri,AVES,0,0,0
pipe,21,21,98.6595004534767,Apus balstoni,Apus_balstoni,AVES,0.978011020175221,12,1997.54869280022
pipe,21,21,98.6595004534767,Artamella viridis,Artamella_viridis,AVES,0.999082499447641,15,2133.67305576241
pipe,21,21,98.6595004534767,Asio madagascariensis,Asio_madagascariensis,AVES,0.0122079493514177,1,1194.04170160354
pipe,21,21,98.6595004534767,Atelornis crossleyi,Atelornis_crossleyi,AVES,0.710055038035658,3,690.791667849887
pipe,21,21,98.6595004534767,Atelornis pittoides,Atelornis_pittoides,AVES,0.700684925762284,5,1166.10079535536
pipe,21,21,98.6595004534767,Athene superciliaris,Athene_superciliaris,AVES,0.360677045636036,5,1396.13105163508
pipe,21,21,98.6595004534767,Avahi laniger,Avahi_laniger,MAMMALIA,0.999861095918595,14,1015.21134544857
pipe,21,21,98.6595004534767,Avahi occidentalis,Avahi_occidentalis,MAMMALIA,0.305697639584908,2,110.145425909347
pipe,21,21,98.6595004534767,Aviceda madagascariensis,Aviceda_madagascariensis,AVES,1.44321413719783e-06,1,1270.802654621
pipe,21,21,98.6595004534767,Bernieria madagascariensis,Bernieria_madagascariensis,AVES,0.999974653306479,15,1966.01982920323
pipe,21,21,98.6595004534767,Brachypteracias leptosomus,Brachypteracias_leptosomus,AVES,0.670719795125327,4,1106.94930008798
pipe,21,21,98.6595004534767,Brachytarsomys albicauda,Brachytarsomys_albicauda,MAMMALIA,0.730233103782912,2,96.6463669796621
pipe,21,21,98.6595004534767,Brachyuromys betsileoensis,Brachyuromys_betsileoensis,MAMMALIA,0.978982615247573,8,323.605563357531
pipe,21,21,98.6595004534767,Brachyuromys ramirohitra,Brachyuromys_ramirohitra,MAMMALIA,0.2273513835634,3,78.9566395801807
pipe,21,21,98.6595004534767,Bradypterus brunneus,Bradypterus_brunneus,AVES,0.996962092694546,8,711.946780918497
pipe,21,21,98.6595004534767,Bradypterus seebohmi,Bradypterus_seebohmi,AVES,0.452718233996164,1,71.7493427546058
pipe,21,21,98.6595004534767,Buteo brachypterus,Buteo_brachypterus,AVES,3.05437264369601e-09,1,1270.802654621
pipe,21,21,98.6595004534767,Calicalicus madagascariensis,Calicalicus_madagascariensis,AVES,0.999525523022878,17,1995.21584975252
pipe,21,21,98.6595004534767,Cheirogaleus crossleyi,Cheirogaleus_crossleyi,MAMMALIA,0.908992233471062,7,334.669661034883
pipe,21,21,98.6595004534767,Cheirogaleus major,Cheirogaleus_major,MAMMALIA,0.999999997627972,20,1374.42850749267
pipe,21,21,98.6595004534767,Cheirogaleus medius,Cheirogaleus_medius,MAMMALIA,1,28,1009.70856403136
pipe,21,21,98.6595004534767,Cinnyris notatus,Cinnyris_notatus,AVES,0.999999910868519,17,2109.51276326146
pipe,21,21,98.6595004534767,Copsychus albospecularis,Copsychus_albospecularis,AVES,0.997364279336876,11,1403.35702979931
pipe,21,21,98.6595004534767,Coracopsis nigra,Coracopsis_nigra,AVES,0.428097041043095,12,2153.8961268392
pipe,21,21,98.6595004534767,Corythornis madagascariensis,Corythornis_madagascariensis,AVES,0.0157172651975122,7,1577.90364102733
pipe,21,21,98.6595004534767,Coua caerulea,Coua_caerulea,AVES,0.541596295905064,4,1168.41169928009
pipe,21,21,98.6595004534767,Coua coquereli,Coua_coquereli,AVES,0.682831625444918,3,631.733616545762
pipe,21,21,98.6595004534767,Coua cristata,Coua_cristata,AVES,0.968478269875658,7,1697.38170636808
pipe,21,21,98.6595004534767,Coua cursor,Coua_cursor,AVES,0,1,106.6436460227
pipe,21,21,98.6595004534767,Coua gigas,Coua_gigas,AVES,0.201502012538023,1,491.387608302976
pipe,21,21,98.6595004534767,Coua reynaudii,Coua_reynaudii,AVES,0.477269235786141,3,866.148521792468
pipe,21,21,98.6595004534767,Coua ruficeps,Coua_ruficeps,AVES,0.230652169641884,2,383.319476456291
pipe,21,21,98.6595004534767,Coua serriana,Coua_serriana,AVES,0.247671118674224,5,1130.95959353585
pipe,21,21,98.6595004534767,Crossleyia xanthophrys,Crossleyia_xanthophrys,AVES,0.832289737863215,7,315.62570533296
pipe,21,21,98.6595004534767,Cryptoprocta ferox,Cryptoprocta_ferox,MAMMALIA,0,0,0
pipe,21,21,98.6595004534767,Cryptosylvicola randrianasoloi,Cryptosylvicola_randrianasoloi,AVES,0.951381280241427,5,353.429693309926
pipe,21,21,98.6595004534767,Cyanolanius madagascarinus,Cyanolanius_madagascarinus,AVES,0.999999745143549,17,2093.52604540163
pipe,21,21,98.6595004534767,Daubentonia madagascariensis,Daubentonia_madagascariensis,MAMMALIA,0.26048808752577,10,685.359143784537
pipe,21,21,98.6595004534767,Echinops telfairi,Echinops_telfairi,MAMMALIA,0.665734503634651,17,830.371965311431
pipe,21,21,98.6595004534767,Eliurus antsingy,Eliurus_antsingy,MAMMALIA,0,0,0
pipe,21,21,98.6595004534767,Eliurus grandidieri,Eliurus_grandidieri,MAMMALIA,0.719252697026183,5,174.508979165574
pipe,21,21,98.6595004534767,Eliurus majori,Eliurus_majori,MAMMALIA,0.999997783643415,18,1065.24519771818
pipe,21,21,98.6595004534767,Eliurus minor,Eliurus_minor,MAMMALIA,0.999999975279718,31,1583.96899025813
pipe,21,21,98.6595004534767,Eliurus myoxinus,Eliurus_myoxinus,MAMMALIA,0.999999999989821,41,1981.66386147971
pipe,21,21,98.6595004534767,Eliurus tanala,Eliurus_tanala,MAMMALIA,0.999999299679232,19,1131.71754269879
pipe,21,21,98.6595004534767,Eliurus webbi,Eliurus_webbi,MAMMALIA,0.99999999242108,22,1444.65500151075
pipe,21,21,98.6595004534767,Eremopterix hova,Eremopterix_hova,AVES,0.00663415585979466,1,35.3607803652933
pipe,21,21,98.6595004534767,Eulemur albifrons,Eulemur_albifrons,MAMMALIA,0.999973747561302,8,764.092263852949
pipe,21,21,98.6595004534767,Eulemur cinereiceps,Eulemur_cinereiceps,MAMMALIA,0.999999999884961,25,2025.86081886391
pipe,21,21,98.6595004534767,Eulemur collaris,Eulemur_collaris,MAMMALIA,0.999999203663187,25,2024.32997919911
pipe,21,21,98.6595004534767,Eulemur coronatus,Eulemur_coronatus,MAMMALIA,0.999903396555967,12,529.67264678345
pipe,21,21,98.6595004534767,Eulemur flavifrons,Eulemur_flavifrons,MAMMALIA,0,0,0
pipe,21,21,98.6595004534767,Eulemur fulvus,Eulemur_fulvus,MAMMALIA,0.999999999995572,24,2035.1000983146
pipe,21,21,98.6595004534767,Eulemur macaco,Eulemur_macaco,MAMMALIA,0.999999814178846,7,890.86963877762
pipe,21,21,98.6595004534767,Eulemur mongoz,Eulemur_mongoz,MAMMALIA,0.484924846033233,3,116.619593316739
pipe,21,21,98.6595004534767,Eulemur rubriventer,Eulemur_rubriventer,MAMMALIA,0.999999999998756,23,1626.63380261755
pipe,21,21,98.6595004534767,Eulemur rufus,Eulemur_rufus,MAMMALIA,0.999999332553393,18,1276.45930662401
pipe,21,21,98.6595004534767,Eulemur sanfordi,Eulemur_sanfordi,MAMMALIA,1,27,2039.30047110823
pipe,21,21,98.6595004534767,Euryceros prevostii,Euryceros_prevostii,AVES,0.284817542233541,2,149.97362405726
pipe,21,21,98.6595004534767,Falco zoniventris,Falco_zoniventris,AVES,0.0010324044626151,2,1655.32360367326
pipe,21,21,98.6595004534767,Falculea palliata,Falculea_palliata,AVES,0.896868856943738,6,776.177436782909
pipe,21,21,98.6595004534767,Fossa fossana,Fossa_fossana,MAMMALIA,0,0,0
pipe,21,21,98.6595004534767,Foudia madagascariensis,Foudia_madagascariensis,AVES,0.997025131601138,19,2408.24793046223
pipe,21,21,98.6595004534767,Foudia omissa,Foudia_omissa,AVES,0.988861134378491,11,1356.18538833861
pipe,21,21,98.6595004534767,Gactornis enarratus,Gactornis_enarratus,AVES,0.90250454591908,5,1176.41048862325
pipe,21,21,98.6595004534767,Galidia elegans,Galidia_elegans,MAMMALIA,0,0,0
pipe,21,21,98.6595004534767,Galidictis fasciata,Galidictis_fasciata,MAMMALIA,0,0,0
pipe,21,21,98.6595004534767,Geobiastes squamiger,Geobiastes_squamiger,AVES,0.120899838356236,1,325.461837644444
pipe,21,21,98.6595004534767,Geogale aurita,Geogale_aurita,MAMMALIA,0.718124895198397,22,1049.64245607655
pipe,21,21,98.6595004534767,Gymnuromys roberti,Gymnuromys_roberti,MAMMALIA,0.99999366079334,13,800.366208496677
pipe,21,21,98.6595004534767,Haliaeetus vociferoides,Haliaeetus_vociferoides,AVES,0,0,0
pipe,21,21,98.6595004534767,Hapalemur alaotrensis,Hapalemur_alaotrensis,MAMMALIA,0.777273299486297,2,122.496798298315
pipe,21,21,98.6595004534767,Hapalemur aureus,Hapalemur_aureus,MAMMALIA,0.665114965255815,2,88.8032579129206
pipe,21,21,98.6595004534767,Hapalemur griseus,Hapalemur_griseus,MAMMALIA,0.999999942132408,27,1881.42687450607
pipe,21,21,98.6595004534767,Hapalemur occidentalis,Hapalemur_occidentalis,MAMMALIA,0.691801235267925,6,198.443820852566
pipe,21,21,98.6595004534767,Hartertula flavoviridis,Hartertula_flavoviridis,AVES,0.935504213864705,8,405.841244615218
pipe,21,21,98.6595004534767,Hartlaubius auratus,Hartlaubius_auratus,AVES,0.998806575044593,16,2004.06899206384
pipe,21,21,98.6595004534767,Hemicentetes nigriceps,Hemicentetes_nigriceps,MAMMALIA,0.441835175719491,2,147.261124939034
pipe,21,21,98.6595004534767,Hemicentetes semispinosus,Hemicentetes_semispinosus,MAMMALIA,0.999619041697791,16,1470.75350771055
pipe,21,21,98.6595004534767,Hypogeomys antimena,Hypogeomys_antimena,MAMMALIA,0.133657837801919,2,56.7325883825327
pipe,21,21,98.6595004534767,Hypositta corallirostris,Hypositta_corallirostris,AVES,0.979104649349182,11,1455.16140370248
pipe,21,21,98.6595004534767,Indri indri,Indri_indri,MAMMALIA,0.842910230144605,6,1176.81577456697
pipe,21,21,98.6595004534767,Lemur catta,Lemur_catta,MAMMALIA,0.999980113155347,7,339.007934017951
pipe,21,21,98.6595004534767,Lepidopygia nana,Lepidopygia_nana,AVES,0.658455202620558,26,2414.41642499577
pipe,21,21,98.6595004534767,Lepilemur ankaranensis,Lepilemur_ankaranensis,MAMMALIA,0.419524318733811,2,87.7328078461546
pipe,21,21,98.6595004534767,Lepilemur edwardsi,Lepilemur_edwardsi,MAMMALIA,0.809358394847867,3,182.721078976557
pipe,21,21,98.6595004534767,Lepilemur leucopus,Lepilemur_leucopus,MAMMALIA,0.973369491783113,5,377.773397098037
pipe,21,21,98.6595004534767,Lepilemur microdon,Lepilemur_microdon,MAMMALIA,0.709201764883858,5,326.237274831307
pipe,21,21,98.6595004534767,Lepilemur mustelinus,Lepilemur_mustelinus,MAMMALIA,0.999999772796536,26,1887.05439461443
pipe,21,21,98.6595004534767,Lepilemur ruficaudatus,Lepilemur_ruficaudatus,MAMMALIA,0.997034738780226,6,410.096323149123
pipe,21,21,98.6595004534767,Leptopterus chabert,Leptopterus_chabert,AVES,0.999698955484855,19,2356.68681826885
pipe,21,21,98.6595004534767,Lophotibis cristata,Lophotibis_cristata,AVES,0.36081542653833,2,1340.68323545813
pipe,21,21,98.6595004534767,Macrotarsomys bastardi,Macrotarsomys_bastardi,MAMMALIA,0.975826922563151,7,337.141996707295
pipe,21,21,98.6595004534767,Margaroperdix madagarensis,Margaroperdix_madagarensis,AVES,0.996544529792096,11,2117.39007910765
pipe,21,21,98.6595004534767,Mentocrex kioloides,Mentocrex_kioloides,AVES,0.425388426181173,4,1072.12227366459
pipe,21,21,98.6595004534767,Mesitornis unicolor,Mesitornis_unicolor,AVES,0,0,0
pipe,21,21,98.6595004534767,Mesitornis variegatus,Mesitornis_variegatus,AVES,0.46312444867756,2,467.355464439704
pipe,21,21,98.6595004534767,Microcebus berthae,Microcebus_berthae,MAMMALIA,1.52725564417366e-08,1,10.8090685387869
pipe,21,21,98.6595004534767,Microcebus griseorufus,Microcebus_griseorufus,MAMMALIA,0.777894772997145,3,93.3417616856249
pipe,21,21,98.6595004534767,Microcebus murinus,Microcebus_murinus,MAMMALIA,0.99999999777281,35,1512.81314243192
pipe,21,21,98.6595004534767,Microcebus myoxinus,Microcebus_myoxinus,MAMMALIA,0.891238544883714,3,97.5943734090487
pipe,21,21,98.6595004534767,Microcebus ravelobensis,Microcebus_ravelobensis,MAMMALIA,0.605601805040051,3,108.410010798653
pipe,21,21,98.6595004534767,Microcebus rufus,Microcebus_rufus,MAMMALIA,0.999999354147797,25,1361.17764920686
pipe,21,21,98.6595004534767,Microcebus tavaratra,Microcebus_tavaratra,MAMMALIA,0.469023951382363,2,67.7224165696717
pipe,21,21,98.6595004534767,Microgale brevicaudata,Microgale_brevicaudata,MAMMALIA,0.814140154505534,24,1086.90288766302
pipe,21,21,98.6595004534767,Microgale cowani,Microgale_cowani,MAMMALIA,0.983196446509895,20,1251.46023430432
pipe,21,21,98.6595004534767,Microgale drouhardi,Microgale_drouhardi,MAMMALIA,0.969706690234295,11,959.735472275516
pipe,21,21,98.6595004534767,Microgale dryas,Microgale_dryas,MAMMALIA,0.297456034875282,4,226.994612355845
pipe,21,21,98.6595004534767,Microgale fotsifotsy,Microgale_fotsifotsy,MAMMALIA,0.937139579218641,15,1008.18958831313
pipe,21,21,98.6595004534767,Microgale gracilis,Microgale_gracilis,MAMMALIA,0.962416668812192,7,675.99614419388
pipe,21,21,98.6595004534767,Microgale gymnorhyncha,Microgale_gymnorhyncha,MAMMALIA,0.869835918891205,11,601.284843873085
pipe,21,21,98.6595004534767,Microgale longicaudata,Microgale_longicaudata,MAMMALIA,0.973248539106819,23,1351.44572724363
pipe,21,21,98.6595004534767,Microgale mergulus,Microgale_mergulus,MAMMALIA,0.736914085524806,7,372.23373069426
pipe,21,21,98.6595004534767,Microgale parvula,Microgale_parvula,MAMMALIA,0.940480683695639,26,1497.39748157763
pipe,21,21,98.6595004534767,Microgale principula,Microgale_principula,MAMMALIA,0.985410326560034,22,1337.97551914237
pipe,21,21,98.6595004534767,Microgale pusilla,Microgale_pusilla,MAMMALIA,0.853720527898892,15,919.759045795704
pipe,21,21,98.6595004534767,Microgale soricoides,Microgale_soricoides,MAMMALIA,0.919486413012029,13,697.91504865879
pipe,21,21,98.6595004534767,Microgale taiva,Microgale_taiva,MAMMALIA,0.98636909884582,17,1250.99787026438
pipe,21,21,98.6595004534767,Microgale thomasi,Microgale_thomasi,MAMMALIA,0.978562414259128,12,895.60679759803
pipe,21,21,98.6595004534767,Mirza coquereli,Mirza_coquereli,MAMMALIA,0.568421396731283,4,251.045630625429
pipe,21,21,98.6595004534767,Monias benschi,Monias_benschi,AVES,0,0,0
pipe,21,21,98.6595004534767,Monticola erythronotus,Monticola_erythronotus,AVES,0.0164720124042121,1,35.6183483139301
pipe,21,21,98.6595004534767,Monticola sharpei,Monticola_sharpei,AVES,0.999938256424321,14,1638.48846568315
pipe,21,21,98.6595004534767,Monticolomys koopmani,Monticolomys_koopmani,MAMMALIA,0.0778418166018948,2,36.0786869649071
pipe,21,21,98.6595004534767,Motacilla flaviventris,Motacilla_flaviventris,AVES,0.471408260412683,2,122.131489605623
pipe,21,21,98.6595004534767,Mystacornis crossleyi,Mystacornis_crossleyi,AVES,0.999973203315227,10,1329.33469870397
pipe,21,21,98.6595004534767,Neodrepanis coruscans,Neodrepanis_coruscans,AVES,0.916376100087435,12,1190.05887354291
pipe,21,21,98.6595004534767,Neodrepanis hypoxantha,Neodrepanis_hypoxantha,AVES,0.00743096424008805,2,36.5412536163936
pipe,21,21,98.6595004534767,Neomixis striatigula,Neomixis_striatigula,AVES,0.999999898253801,15,1453.43097488017
pipe,21,21,98.6595004534767,Neomixis tenella,Neomixis_tenella,AVES,0.999999999998975,25,2230.46920202466
pipe,21,21,98.6595004534767,Neomixis viridis,Neomixis_viridis,AVES,0.999999844713934,14,1427.1630961475
pipe,21,21,98.6595004534767,Nesillas lantzii,Nesillas_lantzii,AVES,0.717310420386824,2,144.439052518148
pipe,21,21,98.6595004534767,Nesogale dobsoni,Nesogale_dobsoni,MAMMALIA,0.998041874062561,20,1322.44043579823
pipe,21,21,98.6595004534767,Nesogale talazaci,Nesogale_talazaci,MAMMALIA,0.998754830620457,22,1412.4504166887
pipe,21,21,98.6595004534767,Nesomys audeberti,Nesomys_audeberti,MAMMALIA,0.993138243174365,12,449.569606525855
pipe,21,21,98.6595004534767,Nesomys lambertoni,Nesomys_lambertoni,MAMMALIA,0.64492776968794,2,90.2308760598928
pipe,21,21,98.6595004534767,Nesomys rufus,Nesomys_rufus,MAMMALIA,0.999999929287783,18,1238.78931744625
pipe,21,21,98.6595004534767,Newtonia amphichroa,Newtonia_amphichroa,AVES,0.999717358037779,11,1222.68227411343
pipe,21,21,98.6595004534767,Newtonia archboldi,Newtonia_archboldi,AVES,0.61036354055194,1,109.252739375702
pipe,21,21,98.6595004534767,Newtonia brunneicauda,Newtonia_brunneicauda,AVES,0.999999999981963,22,2223.15051297199
pipe,21,21,98.6595004534767,Newtonia fanovanae,Newtonia_fanovanae,AVES,0,1,17.2876126066317
pipe,21,21,98.6595004534767,Oriolia bernieri,Oriolia_bernieri,AVES,0.916690606032551,4,702.16026828553
pipe,21,21,98.6595004534767,Oryzorictes hova,Oryzorictes_hova,MAMMALIA,0.997993297831286,21,1363.61393153439
pipe,21,21,98.6595004534767,Oryzorictes tetradactylus,Oryzorictes_tetradactylus,MAMMALIA,0.0690045913100189,7,210.192370789895
pipe,21,21,98.6595004534767,Otus rutilus,Otus_rutilus,AVES,0.927127851497836,7,1866.40934941831
pipe,21,21,98.6595004534767,Oxylabes madagascariensis,Oxylabes_madagascariensis,AVES,0.999996232475737,11,1366.50690984608
pipe,21,21,98.6595004534767,Phaner electromontis,Phaner_electromontis,MAMMALIA,0,0,0
pipe,21,21,98.6595004534767,Phaner furcifer,Phaner_furcifer,MAMMALIA,0.412536439428175,3,70.3705843427093
pipe,21,21,98.6595004534767,Phaner pallescens,Phaner_pallescens,MAMMALIA,0.998919200013145,4,347.31054187732
pipe,21,21,98.6595004534767,Phaner parienti,Phaner_parienti,MAMMALIA,0,0,0
pipe,21,21,98.6595004534767,Philepitta castanea,Philepitta_castanea,AVES,0.781623128245542,7,1259.03314424917
pipe,21,21,98.6595004534767,Philepitta schlegeli,Philepitta_schlegeli,AVES,0.645142274075497,3,545.880180539053
pipe,21,21,98.6595004534767,Ploceus nelicourvi,Ploceus_nelicourvi,AVES,0.999992572837725,11,1420.01051906494
pipe,21,21,98.6595004534767,Ploceus sakalava,Ploceus_sakalava,AVES,0.890927528403348,8,859.11503878854
pipe,21,21,98.6595004534767,Polyboroides radiatus,Polyboroides_radiatus,AVES,1.47014387230637e-06,2,1382.07639239028
pipe,21,21,98.6595004534767,Pseudobias wardi,Pseudobias_wardi,AVES,0.999936264037722,12,1359.66704385897
pipe,21,21,98.6595004534767,Pterocles personatus,Pterocles_personatus,AVES,0,0,0
pipe,21,21,98.6595004534767,Rallus madagascariensis,Rallus_madagascariensis,AVES,0.575017577174191,3,668.949069572949
pipe,21,21,98.6595004534767,Randia pseudozosterops,Randia_pseudozosterops,AVES,0.999991734386827,11,1349.40803597934
pipe,21,21,98.6595004534767,Sarothrura insularis,Sarothrura_insularis,AVES,0.780000766726363,8,1456.10638148179
pipe,21,21,98.6595004534767,Schetba rufa,Schetba_rufa,AVES,0.996122162014692,11,1409.89800987265
pipe,21,21,98.6595004534767,Setifer setosus,Setifer_setosus,MAMMALIA,0.999985453703101,28,2329.64732061702
pipe,21,21,98.6595004534767,Tenrec ecaudatus,Tenrec_ecaudatus,MAMMALIA,0.999907892387524,25,2246.21967473488
pipe,21,21,98.6595004534767,Thamnornis chloropetoides,Thamnornis_chloropetoides,AVES,0.784833861872126,4,213.690386256203
pipe,21,21,98.6595004534767,Treron australis,Treron_australis,AVES,0.473715441907992,13,2312.0904880097
pipe,21,21,98.6595004534767,Turnix nigricollis,Turnix_nigricollis,AVES,0.863365181581468,8,1849.18916518007
pipe,21,21,98.6595004534767,Tylas eduardi,Tylas_eduardi,AVES,0.999949897847587,9,1404.25101675652
pipe,21,21,98.6595004534767,Vanga curvirostris,Vanga_curvirostris,AVES,0.997080653517241,17,2388.13462807178
pipe,21,21,98.6595004534767,Varecia rubra,Varecia_rubra,MAMMALIA,0.999999753824574,15,1488.38197940978
pipe,21,21,98.6595004534767,Varecia variegata,Varecia_variegata,MAMMALIA,0.999863645910165,13,1451.4932706915
pipe,21,21,98.6595004534767,Xanthomixis apperti,Xanthomixis_apperti,AVES,0.252605267768747,1,52.9723472372855
pipe,21,21,98.6595004534767,Xanthomixis cinereiceps,Xanthomixis_cinereiceps,AVES,0.997212870994125,6,601.100975589077
pipe,21,21,98.6595004534767,Xanthomixis zosterops,Xanthomixis_zosterops,AVES,0.999994730134862,12,1436.16956804181
pipe,21,21,98.6595004534767,Xenopirostris damii,Xenopirostris_damii,AVES,0,0,0
pipe,21,21,98.6595004534767,Xenopirostris polleni,Xenopirostris_polleni,AVES,0.744326050399988,5,539.396867829393
pipe,21,21,98.6595004534767,Xenopirostris xenopirostris,Xenopirostris_xenopirostris,AVES,0.275185163976046,1,118.378226508927
pipe,22,22,99.7962403173118,Accipiter henstii,Accipiter_henstii,AVES,0,0,0
pipe,22,22,99.7962403173118,Accipiter madagascariensis,Accipiter_madagascariensis,AVES,0,0,0
pipe,22,22,99.7962403173118,Acrocephalus newtoni,Acrocephalus_newtoni,AVES,0.962670678883541,4,360.784250483114
pipe,22,22,99.7962403173118,Alectroenas madagascariensis,Alectroenas_madagascariensis,AVES,0.279139723721686,1,332.533483779729
pipe,22,22,99.7962403173118,Allocebus trichotis,Allocebus_trichotis,MAMMALIA,0,0,0
pipe,22,22,99.7962403173118,Anas bernieri,Anas_bernieri,AVES,0,0,0
pipe,22,22,99.7962403173118,Apus balstoni,Apus_balstoni,AVES,0.651157817403413,1,332.533483779729
pipe,22,22,99.7962403173118,Artamella viridis,Artamella_viridis,AVES,0.798649916944255,2,361.390087417088
pipe,22,22,99.7962403173118,Asio madagascariensis,Asio_madagascariensis,AVES,5.3855053749885e-10,1,330.048082499236
pipe,22,22,99.7962403173118,Atelornis crossleyi,Atelornis_crossleyi,AVES,0.110368095637566,1,230.045744404075
pipe,22,22,99.7962403173118,Atelornis pittoides,Atelornis_pittoides,AVES,0.192659143717437,1,332.533483779729
pipe,22,22,99.7962403173118,Athene superciliaris,Athene_superciliaris,AVES,0.00339312226591537,1,283.57479439571
pipe,22,22,99.7962403173118,Avahi laniger,Avahi_laniger,MAMMALIA,0.599077192654432,5,228.43694115418
pipe,22,22,99.7962403173118,Avahi occidentalis,Avahi_occidentalis,MAMMALIA,0,0,0
pipe,22,22,99.7962403173118,Aviceda madagascariensis,Aviceda_madagascariensis,AVES,0,0,0
pipe,22,22,99.7962403173118,Bernieria madagascariensis,Bernieria_madagascariensis,AVES,0.891980244042567,4,360.784250483114
pipe,22,22,99.7962403173118,Brachypteracias leptosomus,Brachypteracias_leptosomus,AVES,0.113541989099985,1,332.533483779729
pipe,22,22,99.7962403173118,Brachytarsomys albicauda,Brachytarsomys_albicauda,MAMMALIA,0,0,0
pipe,22,22,99.7962403173118,Brachyuromys betsileoensis,Brachyuromys_betsileoensis,MAMMALIA,0.521568782997748,4,90.7820766343742
pipe,22,22,99.7962403173118,Brachyuromys ramirohitra,Brachyuromys_ramirohitra,MAMMALIA,1.37432233149326e-07,1,12.9611063527919
pipe,22,22,99.7962403173118,Bradypterus brunneus,Bradypterus_brunneus,AVES,0.946043366340623,3,313.950981343751
pipe,22,22,99.7962403173118,Bradypterus seebohmi,Bradypterus_seebohmi,AVES,0,1,13.924747047738
pipe,22,22,99.7962403173118,Buteo brachypterus,Buteo_brachypterus,AVES,0,0,0
pipe,22,22,99.7962403173118,Calicalicus madagascariensis,Calicalicus_madagascariensis,AVES,0.784789858881004,5,372.756753734517
pipe,22,22,99.7962403173118,Cheirogaleus crossleyi,Cheirogaleus_crossleyi,MAMMALIA,0.425088313155544,4,148.142278433046
pipe,22,22,99.7962403173118,Cheirogaleus major,Cheirogaleus_major,MAMMALIA,0.996340364866339,8,344.340943678687
pipe,22,22,99.7962403173118,Cheirogaleus medius,Cheirogaleus_medius,MAMMALIA,0.705327174158548,3,48.3105552232605
pipe,22,22,99.7962403173118,Cinnyris notatus,Cinnyris_notatus,AVES,0.946003327811889,5,385.370753223988
pipe,22,22,99.7962403173118,Copsychus albospecularis,Copsychus_albospecularis,AVES,0.79422399485946,3,346.458230827467
pipe,22,22,99.7962403173118,Coracopsis nigra,Coracopsis_nigra,AVES,0.0569309282036764,1,332.533483779729
pipe,22,22,99.7962403173118,Corythornis madagascariensis,Corythornis_madagascariensis,AVES,0.000221704508877707,1,332.533483779729
pipe,22,22,99.7962403173118,Coua caerulea,Coua_caerulea,AVES,0.00937086792169983,1,330.048082499236
pipe,22,22,99.7962403173118,Coua coquereli,Coua_coquereli,AVES,0,0,0
pipe,22,22,99.7962403173118,Coua cristata,Coua_cristata,AVES,0.548151234205463,1,332.533483779729
pipe,22,22,99.7962403173118,Coua cursor,Coua_cursor,AVES,0,0,0
pipe,22,22,99.7962403173118,Coua gigas,Coua_gigas,AVES,0,0,0
pipe,22,22,99.7962403173118,Coua reynaudii,Coua_reynaudii,AVES,0.0225817442165723,1,316.997380199273
pipe,22,22,99.7962403173118,Coua ruficeps,Coua_ruficeps,AVES,0,0,0
pipe,22,22,99.7962403173118,Coua serriana,Coua_serriana,AVES,0.0148133023823461,1,311.663287761476
pipe,22,22,99.7962403173118,Crossleyia xanthophrys,Crossleyia_xanthophrys,AVES,0.479602570973571,3,149.649768759793
pipe,22,22,99.7962403173118,Cryptoprocta ferox,Cryptoprocta_ferox,MAMMALIA,0,0,0
pipe,22,22,99.7962403173118,Cryptosylvicola randrianasoloi,Cryptosylvicola_randrianasoloi,AVES,0.440316019811434,6,164.844675843402
pipe,22,22,99.7962403173118,Cyanolanius madagascarinus,Cyanolanius_madagascarinus,AVES,0.936664704184745,5,389.640854120473
pipe,22,22,99.7962403173118,Daubentonia madagascariensis,Daubentonia_madagascariensis,MAMMALIA,0,1,34.3316626834618
pipe,22,22,99.7962403173118,Echinops telfairi,Echinops_telfairi,MAMMALIA,7.89368570508486e-14,1,28.8566036373596
pipe,22,22,99.7962403173118,Eliurus antsingy,Eliurus_antsingy,MAMMALIA,0,0,0
pipe,22,22,99.7962403173118,Eliurus grandidieri,Eliurus_grandidieri,MAMMALIA,0.222890187467993,4,97.0344869167808
pipe,22,22,99.7962403173118,Eliurus majori,Eliurus_majori,MAMMALIA,0.980562086563192,7,276.368911116806
pipe,22,22,99.7962403173118,Eliurus minor,Eliurus_minor,MAMMALIA,0.986570131798439,9,346.642303081641
pipe,22,22,99.7962403173118,Eliurus myoxinus,Eliurus_myoxinus,MAMMALIA,0.985633692323649,9,350.801340469465
pipe,22,22,99.7962403173118,Eliurus tanala,Eliurus_tanala,MAMMALIA,0.979810797284249,7,276.368911116806
pipe,22,22,99.7962403173118,Eliurus webbi,Eliurus_webbi,MAMMALIA,0.992791796486676,8,344.524987808999
pipe,22,22,99.7962403173118,Eremopterix hova,Eremopterix_hova,AVES,0,0,0
pipe,22,22,99.7962403173118,Eulemur albifrons,Eulemur_albifrons,MAMMALIA,0.924916754809025,3,209.813544290232
pipe,22,22,99.7962403173118,Eulemur cinereiceps,Eulemur_cinereiceps,MAMMALIA,0.98663373174161,8,382.200928433418
pipe,22,22,99.7962403173118,Eulemur collaris,Eulemur_collaris,MAMMALIA,0.921625189228504,6,362.746618899117
pipe,22,22,99.7962403173118,Eulemur coronatus,Eulemur_coronatus,MAMMALIA,0.325864606288523,1,34.5157045610005
pipe,22,22,99.7962403173118,Eulemur flavifrons,Eulemur_flavifrons,MAMMALIA,0,0,0
pipe,22,22,99.7962403173118,Eulemur fulvus,Eulemur_fulvus,MAMMALIA,0.992390311909918,8,382.200928433418
pipe,22,22,99.7962403173118,Eulemur macaco,Eulemur_macaco,MAMMALIA,0.99558077150804,5,250.262661147914
pipe,22,22,99.7962403173118,Eulemur mongoz,Eulemur_mongoz,MAMMALIA,0,1,14.3260196556467
pipe,22,22,99.7962403173118,Eulemur rubriventer,Eulemur_rubriventer,MAMMALIA,0.999077672708837,8,358.666963334334
pipe,22,22,99.7962403173118,Eulemur rufus,Eulemur_rufus,MAMMALIA,0.714379994196349,7,186.961338498788
pipe,22,22,99.7962403173118,Eulemur sanfordi,Eulemur_sanfordi,MAMMALIA,0.999336230732852,8,382.200928433418
pipe,22,22,99.7962403173118,Euryceros prevostii,Euryceros_prevostii,AVES,0,0,0
pipe,22,22,99.7962403173118,Falco zoniventris,Falco_zoniventris,AVES,0,0,0
pipe,22,22,99.7962403173118,Falculea palliata,Falculea_palliata,AVES,0,1,28.8566036373596
pipe,22,22,99.7962403173118,Fossa fossana,Fossa_fossana,MAMMALIA,0,0,0
pipe,22,22,99.7962403173118,Foudia madagascariensis,Foudia_madagascariensis,AVES,0.613998858014243,6,397.484592800289
pipe,22,22,99.7962403173118,Foudia omissa,Foudia_omissa,AVES,0.726053989555546,3,346.82634495918
pipe,22,22,99.7962403173118,Gactornis enarratus,Gactornis_enarratus,AVES,0.585170452502565,1,332.533483779729
pipe,22,22,99.7962403173118,Galidia elegans,Galidia_elegans,MAMMALIA,0,0,0
pipe,22,22,99.7962403173118,Galidictis fasciata,Galidictis_fasciata,MAMMALIA,0,0,0
pipe,22,22,99.7962403173118,Geobiastes squamiger,Geobiastes_squamiger,AVES,0,1,101.706940103583
pipe,22,22,99.7962403173118,Geogale aurita,Geogale_aurita,MAMMALIA,8.14867552867415e-06,9,166.829286321692
pipe,22,22,99.7962403173118,Gymnuromys roberti,Gymnuromys_roberti,MAMMALIA,0.953583395015844,7,240.932866667429
pipe,22,22,99.7962403173118,Haliaeetus vociferoides,Haliaeetus_vociferoides,AVES,0,0,0
pipe,22,22,99.7962403173118,Hapalemur alaotrensis,Hapalemur_alaotrensis,MAMMALIA,0,0,0
pipe,22,22,99.7962403173118,Hapalemur aureus,Hapalemur_aureus,MAMMALIA,0,1,8.60210850946224
pipe,22,22,99.7962403173118,Hapalemur griseus,Hapalemur_griseus,MAMMALIA,0.970618860936297,6,344.742216286596
pipe,22,22,99.7962403173118,Hapalemur occidentalis,Hapalemur_occidentalis,MAMMALIA,0.0242133479273589,2,51.1778311210927
pipe,22,22,99.7962403173118,Hartertula flavoviridis,Hartertula_flavoviridis,AVES,0.544777952309325,4,154.929921967226
pipe,22,22,99.7962403173118,Hartlaubius auratus,Hartlaubius_auratus,AVES,0.773169849160774,4,390.008968252186
pipe,22,22,99.7962403173118,Hemicentetes nigriceps,Hemicentetes_nigriceps,MAMMALIA,0,0,0
pipe,22,22,99.7962403173118,Hemicentetes semispinosus,Hemicentetes_semispinosus,MAMMALIA,0.560371488532846,7,339.018305140411
pipe,22,22,99.7962403173118,Hypogeomys antimena,Hypogeomys_antimena,MAMMALIA,0,1,11.9697989235625
pipe,22,22,99.7962403173118,Hypositta corallirostris,Hypositta_corallirostris,AVES,0.645692319331595,3,346.458230827467
pipe,22,22,99.7962403173118,Indri indri,Indri_indri,MAMMALIA,0.0110050781383225,2,241.078084777254
pipe,22,22,99.7962403173118,Lemur catta,Lemur_catta,MAMMALIA,0,1,5.12793193025422
pipe,22,22,99.7962403173118,Lepidopygia nana,Lepidopygia_nana,AVES,0.143777296242331,7,390.008968252186
pipe,22,22,99.7962403173118,Lepilemur ankaranensis,Lepilemur_ankaranensis,MAMMALIA,0,0,0
pipe,22,22,99.7962403173118,Lepilemur edwardsi,Lepilemur_edwardsi,MAMMALIA,0,1,14.3260196556467
pipe,22,22,99.7962403173118,Lepilemur leucopus,Lepilemur_leucopus,MAMMALIA,0.000138952697818162,1,28.8566036373596
pipe,22,22,99.7962403173118,Lepilemur microdon,Lepilemur_microdon,MAMMALIA,0.000135310009522049,2,73.2552484934586
pipe,22,22,99.7962403173118,Lepilemur mustelinus,Lepilemur_mustelinus,MAMMALIA,0.926526148942234,7,347.303001344746
pipe,22,22,99.7962403173118,Lepilemur ruficaudatus,Lepilemur_ruficaudatus,MAMMALIA,0.0163943729235689,1,28.8566036373596
pipe,22,22,99.7962403173118,Leptopterus chabert,Leptopterus_chabert,AVES,0.747629173621798,5,389.640854120473
pipe,22,22,99.7962403173118,Lophotibis cristata,Lophotibis_cristata,AVES,0,1,330.048082499236
pipe,22,22,99.7962403173118,Macrotarsomys bastardi,Macrotarsomys_bastardi,MAMMALIA,0.0708945726420602,1,28.8566036373596
pipe,22,22,99.7962403173118,Margaroperdix madagarensis,Margaroperdix_madagarensis,AVES,0.736969424835095,2,361.390087417088
pipe,22,22,99.7962403173118,Mentocrex kioloides,Mentocrex_kioloides,AVES,0.0268742424591047,1,305.196011291395
pipe,22,22,99.7962403173118,Mesitornis unicolor,Mesitornis_unicolor,AVES,0,0,0
pipe,22,22,99.7962403173118,Mesitornis variegatus,Mesitornis_variegatus,AVES,0,0,0
pipe,22,22,99.7962403173118,Microcebus berthae,Microcebus_berthae,MAMMALIA,0,0,0
pipe,22,22,99.7962403173118,Microcebus griseorufus,Microcebus_griseorufus,MAMMALIA,0,1,5.12793193025422
pipe,22,22,99.7962403173118,Microcebus murinus,Microcebus_murinus,MAMMALIA,0.167196145257417,5,83.0103039145733
pipe,22,22,99.7962403173118,Microcebus myoxinus,Microcebus_myoxinus,MAMMALIA,0,0,0
pipe,22,22,99.7962403173118,Microcebus ravelobensis,Microcebus_ravelobensis,MAMMALIA,4.10867489112343e-05,1,14.3260196556467
pipe,22,22,99.7962403173118,Microcebus rufus,Microcebus_rufus,MAMMALIA,0.981518357950848,8,344.156901801148
pipe,22,22,99.7962403173118,Microcebus tavaratra,Microcebus_tavaratra,MAMMALIA,0,0,0
pipe,22,22,99.7962403173118,Microgale brevicaudata,Microgale_brevicaudata,MAMMALIA,0.0838838614305729,5,146.663036257255
pipe,22,22,99.7962403173118,Microgale cowani,Microgale_cowani,MAMMALIA,0.372531385637125,8,344.524987808999
pipe,22,22,99.7962403173118,Microgale drouhardi,Microgale_drouhardi,MAMMALIA,0.326128010531657,8,344.156901801148
pipe,22,22,99.7962403173118,Microgale dryas,Microgale_dryas,MAMMALIA,0.113713279394524,2,81.1171761779814
pipe,22,22,99.7962403173118,Microgale fotsifotsy,Microgale_fotsifotsy,MAMMALIA,0.209487112964661,8,309.053256090964
pipe,22,22,99.7962403173118,Microgale gracilis,Microgale_gracilis,MAMMALIA,0.387889536799389,7,261.935500275442
pipe,22,22,99.7962403173118,Microgale gymnorhyncha,Microgale_gymnorhyncha,MAMMALIA,0.029846378583682,7,176.886020446076
pipe,22,22,99.7962403173118,Microgale longicaudata,Microgale_longicaudata,MAMMALIA,0.267455288023824,8,344.156901801148
pipe,22,22,99.7962403173118,Microgale mergulus,Microgale_mergulus,MAMMALIA,4.13191275860925e-07,5,96.884476749911
pipe,22,22,99.7962403173118,Microgale parvula,Microgale_parvula,MAMMALIA,0.163687482082781,9,346.642303081641
pipe,22,22,99.7962403173118,Microgale principula,Microgale_principula,MAMMALIA,0.321376154758573,8,344.156901801148
pipe,22,22,99.7962403173118,Microgale pusilla,Microgale_pusilla,MAMMALIA,0.141681091154713,7,292.670934856768
pipe,22,22,99.7962403173118,Microgale soricoides,Microgale_soricoides,MAMMALIA,0.0922469482633179,7,219.122721107669
pipe,22,22,99.7962403173118,Microgale taiva,Microgale_taiva,MAMMALIA,0.353380927433298,8,344.156901801148
pipe,22,22,99.7962403173118,Microgale thomasi,Microgale_thomasi,MAMMALIA,0.297095299082988,8,307.892682446625
pipe,22,22,99.7962403173118,Mirza coquereli,Mirza_coquereli,MAMMALIA,1.2214133038313e-09,1,28.8566036373596
pipe,22,22,99.7962403173118,Monias benschi,Monias_benschi,AVES,0,0,0
pipe,22,22,99.7962403173118,Monticola erythronotus,Monticola_erythronotus,AVES,0,0,0
pipe,22,22,99.7962403173118,Monticola sharpei,Monticola_sharpei,AVES,0.903844020719683,3,346.82634495918
pipe,22,22,99.7962403173118,Monticolomys koopmani,Monticolomys_koopmani,MAMMALIA,0,0,0
pipe,22,22,99.7962403173118,Motacilla flaviventris,Motacilla_flaviventris,AVES,0,0,0
pipe,22,22,99.7962403173118,Mystacornis crossleyi,Mystacornis_crossleyi,AVES,0.946346228243623,3,346.458230827467
pipe,22,22,99.7962403173118,Neodrepanis coruscans,Neodrepanis_coruscans,AVES,0.433134431108881,6,319.764958905042
pipe,22,22,99.7962403173118,Neodrepanis hypoxantha,Neodrepanis_hypoxantha,AVES,4.18555461523251e-06,1,12.9611063527919
pipe,22,22,99.7962403173118,Neomixis striatigula,Neomixis_striatigula,AVES,0.982346024388308,5,346.82634495918
pipe,22,22,99.7962403173118,Neomixis tenella,Neomixis_tenella,AVES,0.991267976085443,7,381.68294617692
pipe,22,22,99.7962403173118,Neomixis viridis,Neomixis_viridis,AVES,0.980360040234358,5,346.82634495918
pipe,22,22,99.7962403173118,Nesillas lantzii,Nesillas_lantzii,AVES,0,0,0
pipe,22,22,99.7962403173118,Nesogale dobsoni,Nesogale_dobsoni,MAMMALIA,0.511610607697879,7,338.834263262873
pipe,22,22,99.7962403173118,Nesogale talazaci,Nesogale_talazaci,MAMMALIA,0.534329213571891,7,338.834263262873
pipe,22,22,99.7962403173118,Nesomys audeberti,Nesomys_audeberti,MAMMALIA,0.787952140064729,5,148.733156476681
pipe,22,22,99.7962403173118,Nesomys lambertoni,Nesomys_lambertoni,MAMMALIA,0,0,0
pipe,22,22,99.7962403173118,Nesomys rufus,Nesomys_rufus,MAMMALIA,0.994502422116941,8,344.524987808999
pipe,22,22,99.7962403173118,Newtonia amphichroa,Newtonia_amphichroa,AVES,0.927740597035431,4,346.458230827467
pipe,22,22,99.7962403173118,Newtonia archboldi,Newtonia_archboldi,AVES,0,0,0
pipe,22,22,99.7962403173118,Newtonia brunneicauda,Newtonia_brunneicauda,AVES,0.980804496416851,5,361.152364614827
pipe,22,22,99.7962403173118,Newtonia fanovanae,Newtonia_fanovanae,AVES,0,0,0
pipe,22,22,99.7962403173118,Oriolia bernieri,Oriolia_bernieri,AVES,0.623969419860336,1,215.257049422005
pipe,22,22,99.7962403173118,Oryzorictes hova,Oryzorictes_hova,MAMMALIA,0.507252363021268,7,338.834263262873
pipe,22,22,99.7962403173118,Oryzorictes tetradactylus,Oryzorictes_tetradactylus,MAMMALIA,3.97728828316346e-07,3,57.0567077135486
pipe,22,22,99.7962403173118,Otus rutilus,Otus_rutilus,AVES,0.316240159547639,1,332.533483779729
pipe,22,22,99.7962403173118,Oxylabes madagascariensis,Oxylabes_madagascariensis,AVES,0.967659046638507,3,346.458230827467
pipe,22,22,99.7962403173118,Phaner electromontis,Phaner_electromontis,MAMMALIA,0,0,0
pipe,22,22,99.7962403173118,Phaner furcifer,Phaner_furcifer,MAMMALIA,0,0,0
pipe,22,22,99.7962403173118,Phaner pallescens,Phaner_pallescens,MAMMALIA,0.097056564599301,1,28.8566036373596
pipe,22,22,99.7962403173118,Phaner parienti,Phaner_parienti,MAMMALIA,0,0,0
pipe,22,22,99.7962403173118,Philepitta castanea,Philepitta_castanea,AVES,0.362765850016257,3,346.82634495918
pipe,22,22,99.7962403173118,Philepitta schlegeli,Philepitta_schlegeli,AVES,6.32282136092677e-07,2,31.2128243694438
pipe,22,22,99.7962403173118,Ploceus nelicourvi,Ploceus_nelicourvi,AVES,0.954657101903447,3,346.458230827467
pipe,22,22,99.7962403173118,Ploceus sakalava,Ploceus_sakalava,AVES,0.000487549213629146,2,43.1826232930063
pipe,22,22,99.7962403173118,Polyboroides radiatus,Polyboroides_radiatus,AVES,0,0,0
pipe,22,22,99.7962403173118,Pseudobias wardi,Pseudobias_wardi,AVES,0.928381353804303,4,346.458230827467
pipe,22,22,99.7962403173118,Pterocles personatus,Pterocles_personatus,AVES,0,0,0
pipe,22,22,99.7962403173118,Rallus madagascariensis,Rallus_madagascariensis,AVES,0.0214802324059028,1,216.645055689196
pipe,22,22,99.7962403173118,Randia pseudozosterops,Randia_pseudozosterops,AVES,0.953031450294587,4,346.82634495918
pipe,22,22,99.7962403173118,Sarothrura insularis,Sarothrura_insularis,AVES,0.217199303608747,2,332.533483779729
pipe,22,22,99.7962403173118,Schetba rufa,Schetba_rufa,AVES,0.803235477536779,3,314.784914437314
pipe,22,22,99.7962403173118,Setifer setosus,Setifer_setosus,MAMMALIA,0.775746342152592,6,362.746618899117
pipe,22,22,99.7962403173118,Tenrec ecaudatus,Tenrec_ecaudatus,MAMMALIA,0.726561143446248,5,350.906000523963
pipe,22,22,99.7962403173118,Thamnornis chloropetoides,Thamnornis_chloropetoides,AVES,0,0,0
pipe,22,22,99.7962403173118,Treron australis,Treron_australis,AVES,0.0643700033833345,1,332.533483779729
pipe,22,22,99.7962403173118,Turnix nigricollis,Turnix_nigricollis,AVES,0.292298236057225,1,332.533483779729
pipe,22,22,99.7962403173118,Tylas eduardi,Tylas_eduardi,AVES,0.953858245770477,1,332.533483779729
pipe,22,22,99.7962403173118,Vanga curvirostris,Vanga_curvirostris,AVES,0.704298370545211,4,389.640854120473
pipe,22,22,99.7962403173118,Varecia rubra,Varecia_rubra,MAMMALIA,0.969610304748349,4,319.563995606111
pipe,22,22,99.7962403173118,Varecia variegata,Varecia_variegata,MAMMALIA,0.817170518850897,4,319.563995606111
pipe,22,22,99.7962403173118,Xanthomixis apperti,Xanthomixis_apperti,AVES,0,0,0
pipe,22,22,99.7962403173118,Xanthomixis cinereiceps,Xanthomixis_cinereiceps,AVES,0.807172598873198,3,176.793984880805
pipe,22,22,99.7962403173118,Xanthomixis zosterops,Xanthomixis_zosterops,AVES,0.952784162804807,4,346.82634495918
pipe,22,22,99.7962403173118,Xenopirostris damii,Xenopirostris_damii,AVES,0,0,0
pipe,22,22,99.7962403173118,Xenopirostris polleni,Xenopirostris_polleni,AVES,0.1399793994221,2,141.01168850189
pipe,22,22,99.7962403173118,Xenopirostris xenopirostris,Xenopirostris_xenopirostris,AVES,0,0,0
rank,0,0,0,Accipiter henstii,Accipiter_henstii,AVES,0.765875108539227,1,81405.8352855587
rank,0,0,0,Accipiter madagascariensis,Accipiter_madagascariensis,AVES,0.927685507869511,1,100295.882031971
rank,0,0,0,Acrocephalus newtoni,Acrocephalus_newtoni,AVES,0.999999999999481,10,119748.628033797
rank,0,0,0,Alectroenas madagascariensis,Alectroenas_madagascariensis,AVES,0.998532955338285,6,68964.4888693073
rank,0,0,0,Allocebus trichotis,Allocebus_trichotis,MAMMALIA,0.00783473496029241,3,72.1001097191941
rank,0,0,0,Anas bernieri,Anas_bernieri,AVES,0,1,161.555721101997
rank,0,0,0,Apus balstoni,Apus_balstoni,AVES,0.999999002903074,6,96782.468488452
rank,0,0,0,Artamella viridis,Artamella_viridis,AVES,0.999991790126899,10,118037.351054388
rank,0,0,0,Asio madagascariensis,Asio_madagascariensis,AVES,0.880258448741697,2,70836.8714421994
rank,0,0,0,Atelornis crossleyi,Atelornis_crossleyi,AVES,0.999998758967357,7,11572.6222161697
rank,0,0,0,Atelornis pittoides,Atelornis_pittoides,AVES,0.999745020877506,3,42621.3326259036
rank,0,0,0,Athene superciliaris,Athene_superciliaris,AVES,0.999598784043913,1,75154.9789321164
rank,0,0,0,Avahi laniger,Avahi_laniger,MAMMALIA,1,111,38253.4654300891
rank,0,0,0,Avahi occidentalis,Avahi_occidentalis,MAMMALIA,0.996177513146535,4,630.90092483603
rank,0,0,0,Aviceda madagascariensis,Aviceda_madagascariensis,AVES,0.97750066274377,1,107532.281324075
rank,0,0,0,Bernieria madagascariensis,Bernieria_madagascariensis,AVES,0.999999520455142,10,99394.0554042342
rank,0,0,0,Brachypteracias leptosomus,Brachypteracias_leptosomus,AVES,0.999771336916958,1,37031.6513341992
rank,0,0,0,Brachytarsomys albicauda,Brachytarsomys_albicauda,MAMMALIA,0.999999991596676,50,1815.1748536385
rank,0,0,0,Brachyuromys betsileoensis,Brachyuromys_betsileoensis,MAMMALIA,1,117,14393.3535845593
rank,0,0,0,Brachyuromys ramirohitra,Brachyuromys_ramirohitra,MAMMALIA,0.655414845690046,2,90.5857082152947
rank,0,0,0,Bradypterus brunneus,Bradypterus_brunneus,AVES,1,38,12772.3634521563
rank,0,0,0,Bradypterus seebohmi,Bradypterus_seebohmi,AVES,0.452718233996164,1,71.7493427546057
rank,0,0,0,Buteo brachypterus,Buteo_brachypterus,AVES,0.872058171840981,1,116634.251730965
rank,0,0,0,Calicalicus madagascariensis,Calicalicus_madagascariensis,AVES,0.999999999949407,13,101012.694085224
rank,0,0,0,Cheirogaleus crossleyi,Cheirogaleus_crossleyi,MAMMALIA,1,92,5731.87398069381
rank,0,0,0,Cheirogaleus major,Cheirogaleus_major,MAMMALIA,1,281,72957.4461733377
rank,0,0,0,Cheirogaleus medius,Cheirogaleus_medius,MAMMALIA,1,1693,63243.3814837725
rank,0,0,0,Cinnyris notatus,Cinnyris_notatus,AVES,0.99999995559106,16,117370.484149475
rank,0,0,0,Copsychus albospecularis,Copsychus_albospecularis,AVES,0.999995735454347,5,59545.5432791211
rank,0,0,0,Coracopsis nigra,Coracopsis_nigra,AVES,0.995976861693383,3,112428.519988189
rank,0,0,0,Corythornis madagascariensis,Corythornis_madagascariensis,AVES,0.894443720384505,5,91413.3850066191
rank,0,0,0,Coua caerulea,Coua_caerulea,AVES,0.999923357849972,6,43261.1604187311
rank,0,0,0,Coua coquereli,Coua_coquereli,AVES,0.999934088614735,1,30978.4157262958
rank,0,0,0,Coua cristata,Coua_cristata,AVES,0.999993467101693,4,82457.7263657002
rank,0,0,0,Coua cursor,Coua_cursor,AVES,0.999730982957567,1,18335.9341827981
rank,0,0,0,Coua gigas,Coua_gigas,AVES,0.999875333122457,1,31503.665529228
rank,0,0,0,Coua reynaudii,Coua_reynaudii,AVES,0.999893536909553,4,36912.0383393462
rank,0,0,0,Coua ruficeps,Coua_ruficeps,AVES,0.959346120072291,3,1327.46846918481
rank,0,0,0,Coua serriana,Coua_serriana,AVES,0.991471316214561,1,32261.1250374597
rank,0,0,0,Crossleyia xanthophrys,Crossleyia_xanthophrys,AVES,1,45,4117.99735246585
rank,0,0,0,Cryptoprocta ferox,Cryptoprocta_ferox,MAMMALIA,0.0704722846506252,4,37156.8714485855
rank,0,0,0,Cryptosylvicola randrianasoloi,Cryptosylvicola_randrianasoloi,AVES,1,39,5909.73895894305
rank,0,0,0,Cyanolanius madagascarinus,Cyanolanius_madagascarinus,AVES,0.999999763216334,6,111472.310295942
rank,0,0,0,Daubentonia madagascariensis,Daubentonia_madagascariensis,MAMMALIA,1,66,38656.9744324359
rank,0,0,0,Echinops telfairi,Echinops_telfairi,MAMMALIA,1,464,58756.346735598
rank,0,0,0,Eliurus antsingy,Eliurus_antsingy,MAMMALIA,0.0133748649074148,5,69.4813072094932
rank,0,0,0,Eliurus grandidieri,Eliurus_grandidieri,MAMMALIA,0.999641415738649,27,917.641006159522
rank,0,0,0,Eliurus majori,Eliurus_majori,MAMMALIA,1,340,45494.3563680893
rank,0,0,0,Eliurus minor,Eliurus_minor,MAMMALIA,1,1650,74538.857621201
rank,0,0,0,Eliurus myoxinus,Eliurus_myoxinus,MAMMALIA,1,1287,89581.4926753732
rank,0,0,0,Eliurus tanala,Eliurus_tanala,MAMMALIA,1,439,48738.095486133
rank,0,0,0,Eliurus webbi,Eliurus_webbi,MAMMALIA,1,509,64109.5950543302
rank,0,0,0,Eremopterix hova,Eremopterix_hova,AVES,0.999999862347247,22,4111.79749526026
rank,0,0,0,Eulemur albifrons,Eulemur_albifrons,MAMMALIA,1,44,21033.6387743731
rank,0,0,0,Eulemur cinereiceps,Eulemur_cinereiceps,MAMMALIA,1,124,104254.75479417
rank,0,0,0,Eulemur collaris,Eulemur_collaris,MAMMALIA,1,110,101994.593872544
rank,0,0,0,Eulemur coronatus,Eulemur_coronatus,MAMMALIA,1,168,30700.3288804389
rank,0,0,0,Eulemur flavifrons,Eulemur_flavifrons,MAMMALIA,0.000213248908682684,1,25.074716512655
rank,0,0,0,Eulemur fulvus,Eulemur_fulvus,MAMMALIA,1,92,104848.149055385
rank,0,0,0,Eulemur macaco,Eulemur_macaco,MAMMALIA,1,43,39376.352313315
rank,0,0,0,Eulemur mongoz,Eulemur_mongoz,MAMMALIA,0.999999952898049,33,2266.66703720268
rank,0,0,0,Eulemur rubriventer,Eulemur_rubriventer,MAMMALIA,1,215,85220.055789026
rank,0,0,0,Eulemur rufus,Eulemur_rufus,MAMMALIA,1,146,52873.432817392
rank,0,0,0,Eulemur sanfordi,Eulemur_sanfordi,MAMMALIA,1,158,104692.318662475
rank,0,0,0,Euryceros prevostii,Euryceros_prevostii,AVES,0.999000955068605,3,2839.06294695103
rank,0,0,0,Falco zoniventris,Falco_zoniventris,AVES,0.932961278308184,1,73443.3410411674
rank,0,0,0,Falculea palliata,Falculea_palliata,AVES,0.999999999468312,6,31125.8546995143
rank,0,0,0,Fossa fossana,Fossa_fossana,MAMMALIA,0.978483142852742,2,48599.460922311
rank,0,0,0,Foudia madagascariensis,Foudia_madagascariensis,AVES,0.999964283013746,16,151696.571517404
rank,0,0,0,Foudia omissa,Foudia_omissa,AVES,0.999999999964813,15,51695.3683697188
rank,0,0,0,Gactornis enarratus,Gactornis_enarratus,AVES,0.999999514554391,5,49094.8953315527
rank,0,0,0,Galidia elegans,Galidia_elegans,MAMMALIA,0.968235456479531,6,49877.3202057596
rank,0,0,0,Galidictis fasciata,Galidictis_fasciata,MAMMALIA,0,3,4247.07070700451
rank,0,0,0,Geobiastes squamiger,Geobiastes_squamiger,AVES,0.999652519491142,4,10926.8523774886
rank,0,0,0,Geogale aurita,Geogale_aurita,MAMMALIA,1,795,32511.8284537484
rank,0,0,0,Gymnuromys roberti,Gymnuromys_roberti,MAMMALIA,1,172,26603.2793134595
rank,0,0,0,Haliaeetus vociferoides,Haliaeetus_vociferoides,AVES,0.0115773783592114,1,5133.49426771155
rank,0,0,0,Hapalemur alaotrensis,Hapalemur_alaotrensis,MAMMALIA,1,141,11439.9057848001
rank,0,0,0,Hapalemur aureus,Hapalemur_aureus,MAMMALIA,0.999999995692329,24,1820.55619313019
rank,0,0,0,Hapalemur griseus,Hapalemur_griseus,MAMMALIA,1,165,96797.1992744246
rank,0,0,0,Hapalemur occidentalis,Hapalemur_occidentalis,MAMMALIA,0.999995100328246,28,1026.71440945896
rank,0,0,0,Hartertula flavoviridis,Hartertula_flavoviridis,AVES,1,45,8110.84595378394
rank,0,0,0,Hartlaubius auratus,Hartlaubius_auratus,AVES,0.999908849362027,4,102250.658932244
rank,0,0,0,Hemicentetes nigriceps,Hemicentetes_nigriceps,MAMMALIA,0.999953127257988,35,2052.96238155247
rank,0,0,0,Hemicentetes semispinosus,Hemicentetes_semispinosus,MAMMALIA,0.999999999999998,82,73146.0227469838
rank,0,0,0,Hypogeomys antimena,Hypogeomys_antimena,MAMMALIA,0.13382196561483,5,104.686912753015
rank,0,0,0,Hypositta corallirostris,Hypositta_corallirostris,AVES,0.999989919803511,10,62434.9575957259
rank,0,0,0,Indri indri,Indri_indri,MAMMALIA,0.999999981093542,19,63643.0065547893
rank,0,0,0,Lemur catta,Lemur_catta,MAMMALIA,1,172,28828.0651897789
rank,0,0,0,Lepidopygia nana,Lepidopygia_nana,AVES,0.993565759031579,24,160602.278061778
rank,0,0,0,Lepilemur ankaranensis,Lepilemur_ankaranensis,MAMMALIA,0.942459903341432,13,361.823311685573
rank,0,0,0,Lepilemur edwardsi,Lepilemur_edwardsi,MAMMALIA,1,56,10363.7149847007
rank,0,0,0,Lepilemur leucopus,Lepilemur_leucopus,MAMMALIA,1,82,22553.130172594
rank,0,0,0,Lepilemur microdon,Lepilemur_microdon,MAMMALIA,0.999999999997001,34,4773.54297635564
rank,0,0,0,Lepilemur mustelinus,Lepilemur_mustelinus,MAMMALIA,1,248,91970.6800562632
rank,0,0,0,Lepilemur ruficaudatus,Lepilemur_ruficaudatus,MAMMALIA,1,182,19221.242925611
rank,0,0,0,Leptopterus chabert,Leptopterus_chabert,AVES,0.999990744115013,11,135294.726469808
rank,0,0,0,Lophotibis cristata,Lophotibis_cristata,AVES,0.99984262942438,2,83241.1822643856
rank,0,0,0,Macrotarsomys bastardi,Macrotarsomys_bastardi,MAMMALIA,1,277,8155.32697095479
rank,0,0,0,Margaroperdix madagarensis,Margaroperdix_madagarensis,AVES,0.999978649954335,2,109163.465616219
rank,0,0,0,Mentocrex kioloides,Mentocrex_kioloides,AVES,0.997745372881942,1,33668.8999710913
rank,0,0,0,Mesitornis unicolor,Mesitornis_unicolor,AVES,0,1,89.8278131379881
rank,0,0,0,Mesitornis variegatus,Mesitornis_variegatus,AVES,0.998762356934088,5,2869.24937298196
rank,0,0,0,Microcebus berthae,Microcebus_berthae,MAMMALIA,1.52725564417366e-08,2,17.7781751306701
rank,0,0,0,Microcebus griseorufus,Microcebus_griseorufus,MAMMALIA,0.995769019106106,14,501.433658043837
rank,0,0,0,Microcebus murinus,Microcebus_murinus,MAMMALIA,1,1713,98648.0994171873
rank,0,0,0,Microcebus myoxinus,Microcebus_myoxinus,MAMMALIA,0.999999992654343,102,1124.39007911773
rank,0,0,0,Microcebus ravelobensis,Microcebus_ravelobensis,MAMMALIA,0.778620368188717,15,246.875988043963
rank,0,0,0,Microcebus rufus,Microcebus_rufus,MAMMALIA,1,1410,72064.129868253
rank,0,0,0,Microcebus tavaratra,Microcebus_tavaratra,MAMMALIA,0.993489557216144,45,767.433244596441
rank,0,0,0,Microgale brevicaudata,Microgale_brevicaudata,MAMMALIA,1,899,32538.4482627255
rank,0,0,0,Microgale cowani,Microgale_cowani,MAMMALIA,1,614,61599.7511156241
rank,0,0,0,Microgale drouhardi,Microgale_drouhardi,MAMMALIA,1,318,26763.011032268
rank,0,0,0,Microgale dryas,Microgale_dryas,MAMMALIA,0.897201399235291,47,1369.92029440591
rank,0,0,0,Microgale fotsifotsy,Microgale_fotsifotsy,MAMMALIA,1,406,31282.5520477908
rank,0,0,0,Microgale gracilis,Microgale_gracilis,MAMMALIA,0.999999999998795,118,9616.30546971176
rank,0,0,0,Microgale gymnorhyncha,Microgale_gymnorhyncha,MAMMALIA,1,131,19647.1566155424
rank,0,0,0,Microgale longicaudata,Microgale_longicaudata,MAMMALIA,1,1118,63542.4841558526
rank,0,0,0,Microgale mergulus,Microgale_mergulus,MAMMALIA,0.999999999999896,71,5562.61775285837
rank,0,0,0,Microgale parvula,Microgale_parvula,MAMMALIA,0.999999999999961,1319,63644.5861034212
rank,0,0,0,Microgale principula,Microgale_principula,MAMMALIA,1,617,50694.3369124667
rank,0,0,0,Microgale pusilla,Microgale_pusilla,MAMMALIA,0.999999999978931,415,19934.6384600131
rank,0,0,0,Microgale soricoides,Microgale_soricoides,MAMMALIA,1,143,27525.3521029543
rank,0,0,0,Microgale taiva,Microgale_taiva,MAMMALIA,1,310,40793.1049467723
rank,0,0,0,Microgale thomasi,Microgale_thomasi,MAMMALIA,1,129,24416.4063766389
rank,0,0,0,Mirza coquereli,Mirza_coquereli,MAMMALIA,0.999997589067307,53,2653.00074277788
rank,0,0,0,Monias benschi,Monias_benschi,AVES,0,1,82.9420458882198
rank,0,0,0,Monticola erythronotus,Monticola_erythronotus,AVES,0.505764981643123,1,97.4973036619921
rank,0,0,0,Monticola sharpei,Monticola_sharpei,AVES,0.999999999999973,10,112347.531793114
rank,0,0,0,Monticolomys koopmani,Monticolomys_koopmani,MAMMALIA,0.132627247638879,6,104.060766616412
rank,0,0,0,Motacilla flaviventris,Motacilla_flaviventris,AVES,1,23,20547.3955734012
rank,0,0,0,Mystacornis crossleyi,Mystacornis_crossleyi,AVES,0.99999999999998,10,47378.6432934249
rank,0,0,0,Neodrepanis coruscans,Neodrepanis_coruscans,AVES,0.99999845514974,15,29636.806082244
rank,0,0,0,Neodrepanis hypoxantha,Neodrepanis_hypoxantha,AVES,0.0211788109146441,3,88.4296056242715
rank,0,0,0,Neomixis striatigula,Neomixis_striatigula,AVES,0.999999999993975,21,58553.2749873828
rank,0,0,0,Neomixis tenella,Neomixis_tenella,AVES,1,46,100872.507958581
rank,0,0,0,Neomixis viridis,Neomixis_viridis,AVES,0.999999999968365,24,53773.2576753967
rank,0,0,0,Nesillas lantzii,Nesillas_lantzii,AVES,0.999983000083555,3,2703.93284842042
rank,0,0,0,Nesogale dobsoni,Nesogale_dobsoni,MAMMALIA,1,401,70569.9395597334
rank,0,0,0,Nesogale talazaci,Nesogale_talazaci,MAMMALIA,1,209,64825.7784003662
rank,0,0,0,Nesomys audeberti,Nesomys_audeberti,MAMMALIA,1,111,4404.70734705306
rank,0,0,0,Nesomys lambertoni,Nesomys_lambertoni,MAMMALIA,0.99998398237535,29,958.575495315822
rank,0,0,0,Nesomys rufus,Nesomys_rufus,MAMMALIA,1,228,47158.8717763674
rank,0,0,0,Newtonia amphichroa,Newtonia_amphichroa,AVES,1,15,42707.2911220113
rank,0,0,0,Newtonia archboldi,Newtonia_archboldi,AVES,0.999743205924592,10,2057.60292387806
rank,0,0,0,Newtonia brunneicauda,Newtonia_brunneicauda,AVES,0.999999976025883,11,128214.085634947
rank,0,0,0,Newtonia fanovanae,Newtonia_fanovanae,AVES,0.3530552834488,2,98.220702482002
rank,0,0,0,Oriolia bernieri,Oriolia_bernieri,AVES,0.999997529517173,13,14262.3456490558
rank,0,0,0,Oryzorictes hova,Oryzorictes_hova,MAMMALIA,1,265,66233.2154541267
rank,0,0,0,Oryzorictes tetradactylus,Oryzorictes_tetradactylus,MAMMALIA,1,155,10717.5339834055
rank,0,0,0,Otus rutilus,Otus_rutilus,AVES,0.999999884940967,4,111949.764996871
rank,0,0,0,Oxylabes madagascariensis,Oxylabes_madagascariensis,AVES,0.999999999999997,14,53797.7359975744
rank,0,0,0,Phaner electromontis,Phaner_electromontis,MAMMALIA,1.1181189119025e-07,1,17.4337788633334
rank,0,0,0,Phaner furcifer,Phaner_furcifer,MAMMALIA,0.887905466959624,58,892.662774423233
rank,0,0,0,Phaner pallescens,Phaner_pallescens,MAMMALIA,0.999999999997009,57,3504.1481557881
rank,0,0,0,Phaner parienti,Phaner_parienti,MAMMALIA,0.00280017666108179,1,24.4501852478606
rank,0,0,0,Philepitta castanea,Philepitta_castanea,AVES,0.983835197382121,4,38533.17496099
rank,0,0,0,Philepitta schlegeli,Philepitta_schlegeli,AVES,0.988278027030843,14,4281.37986122647
rank,0,0,0,Ploceus nelicourvi,Ploceus_nelicourvi,AVES,0.999999997546978,9,62225.2788867866
rank,0,0,0,Ploceus sakalava,Ploceus_sakalava,AVES,0.999999986026268,18,45935.1176779656
rank,0,0,0,Polyboroides radiatus,Polyboroides_radiatus,AVES,0.998872473273459,1,126880.731002869
rank,0,0,0,Pseudobias wardi,Pseudobias_wardi,AVES,0.999999999999996,19,41782.4877384969
rank,0,0,0,Pterocles personatus,Pterocles_personatus,AVES,0.940123497880855,5,7087.00341547594
rank,0,0,0,Rallus madagascariensis,Rallus_madagascariensis,AVES,0.999999431971117,5,14553.5629941738
rank,0,0,0,Randia pseudozosterops,Randia_pseudozosterops,AVES,0.999998919608882,6,46653.22527701
rank,0,0,0,Sarothrura insularis,Sarothrura_insularis,AVES,0.999970539243504,7,77231.7846360684
rank,0,0,0,Schetba rufa,Schetba_rufa,AVES,1,20,29985.5572878945
rank,0,0,0,Setifer setosus,Setifer_setosus,MAMMALIA,1,197,121768.247863368
rank,0,0,0,Tenrec ecaudatus,Tenrec_ecaudatus,MAMMALIA,1,54,133405.07041149
rank,0,0,0,Thamnornis chloropetoides,Thamnornis_chloropetoides,AVES,0.999977507869305,5,3407.17432487525
rank,0,0,0,Treron australis,Treron_australis,AVES,0.996979772420716,1,122191.673916884
rank,0,0,0,Turnix nigricollis,Turnix_nigricollis,AVES,0.999949079462136,2,137927.251420088
rank,0,0,0,Tylas eduardi,Tylas_eduardi,AVES,0.999999989122082,6,60620.0089657779
rank,0,0,0,Vanga curvirostris,Vanga_curvirostris,AVES,0.999946694822322,7,134928.457939634
rank,0,0,0,Varecia rubra,Varecia_rubra,MAMMALIA,1,47,74463.7318670284
rank,0,0,0,Varecia variegata,Varecia_variegata,MAMMALIA,0.999999999999927,38,73381.7001135045
rank,0,0,0,Xanthomixis apperti,Xanthomixis_apperti,AVES,0.441311211243701,1,68.4073900828693
rank,0,0,0,Xanthomixis cinereiceps,Xanthomixis_cinereiceps,AVES,1,21,17538.7243960844
rank,0,0,0,Xanthomixis zosterops,Xanthomixis_zosterops,AVES,0.999999999983305,14,63332.6962077734
rank,0,0,0,Xenopirostris damii,Xenopirostris_damii,AVES,0.00179910755944279,1,93.5023436630615
rank,0,0,0,Xenopirostris polleni,Xenopirostris_polleni,AVES,0.999999970589095,10,17756.9551348295
rank,0,0,0,Xenopirostris xenopirostris,Xenopirostris_xenopirostris,AVES,0.965058075374104,1,1102.55740261015
rank,1,1,4.74865574883676,Accipiter henstii,Accipiter_henstii,AVES,0.765646632587891,1,81306.0969844803
rank,1,1,4.74865574883676,Accipiter madagascariensis,Accipiter_madagascariensis,AVES,0.927685507925768,1,100295.882109731
rank,1,1,4.74865574883676,Acrocephalus newtoni,Acrocephalus_newtoni,AVES,0.999999999999906,11,119044.845970041
rank,1,1,4.74865574883676,Alectroenas madagascariensis,Alectroenas_madagascariensis,AVES,0.998531577077698,6,68904.0935958028
rank,1,1,4.74865574883676,Allocebus trichotis,Allocebus_trichotis,MAMMALIA,0.00783473494650444,3,72.1001097112894
rank,1,1,4.74865574883676,Anas bernieri,Anas_bernieri,AVES,0,1,161.555721102021
rank,1,1,4.74865574883676,Apus balstoni,Apus_balstoni,AVES,0.999999954465092,4,96297.1222564954
rank,1,1,4.74865574883676,Artamella viridis,Artamella_viridis,AVES,0.999991237344079,9,115273.876211902
rank,1,1,4.74865574883676,Asio madagascariensis,Asio_madagascariensis,AVES,0.880184919729663,2,70814.1218986359
rank,1,1,4.74865574883676,Atelornis crossleyi,Atelornis_crossleyi,AVES,0.999998758967357,7,11572.6222161697
rank,1,1,4.74865574883676,Atelornis pittoides,Atelornis_pittoides,AVES,0.999745020877893,3,42621.3326636851
rank,1,1,4.74865574883676,Athene superciliaris,Athene_superciliaris,AVES,0.999598560861234,1,75128.7581836209
rank,1,1,4.74865574883676,Avahi laniger,Avahi_laniger,MAMMALIA,1,111,38253.4654725269
rank,1,1,4.74865574883676,Avahi occidentalis,Avahi_occidentalis,MAMMALIA,0.996177513156648,4,630.900925964117
rank,1,1,4.74865574883676,Aviceda madagascariensis,Aviceda_madagascariensis,AVES,0.977032017524394,1,105797.623713635
rank,1,1,4.74865574883676,Bernieria madagascariensis,Bernieria_madagascariensis,AVES,0.999999998021981,12,99097.341061462
rank,1,1,4.74865574883676,Brachypteracias leptosomus,Brachypteracias_leptosomus,AVES,0.999771336917406,1,37031.6513739303
rank,1,1,4.74865574883676,Brachytarsomys albicauda,Brachytarsomys_albicauda,MAMMALIA,0.999999991596676,50,1815.17485363856
rank,1,1,4.74865574883676,Brachyuromys betsileoensis,Brachyuromys_betsileoensis,MAMMALIA,1,117,14393.3535949588
rank,1,1,4.74865574883676,Brachyuromys ramirohitra,Brachyuromys_ramirohitra,MAMMALIA,0.65541484639138,2,90.5857082977891
rank,1,1,4.74865574883676,Bradypterus brunneus,Bradypterus_brunneus,AVES,1,38,12772.3634521564
rank,1,1,4.74865574883676,Bradypterus seebohmi,Bradypterus_seebohmi,AVES,0.452718231585579,1,71.7493425011635
rank,1,1,4.74865574883676,Buteo brachypterus,Buteo_brachypterus,AVES,0.869311294321429,1,113868.544341542
rank,1,1,4.74865574883676,Calicalicus madagascariensis,Calicalicus_madagascariensis,AVES,0.999999999999995,18,100630.132256521
rank,1,1,4.74865574883676,Cheirogaleus crossleyi,Cheirogaleus_crossleyi,MAMMALIA,1,92,5731.87398069368
rank,1,1,4.74865574883676,Cheirogaleus major,Cheirogaleus_major,MAMMALIA,1,278,72899.8321629431
rank,1,1,4.74865574883676,Cheirogaleus medius,Cheirogaleus_medius,MAMMALIA,1,1624,62268.6132938317
rank,1,1,4.74865574883676,Cinnyris notatus,Cinnyris_notatus,AVES,0.999999931649338,23,115152.393458523
rank,1,1,4.74865574883676,Copsychus albospecularis,Copsychus_albospecularis,AVES,0.999995686328228,5,59478.3564297756
rank,1,1,4.74865574883676,Coracopsis nigra,Coracopsis_nigra,AVES,0.995969246925434,3,112235.139341438
rank,1,1,4.74865574883676,Corythornis madagascariensis,Corythornis_madagascariensis,AVES,0.894443574503063,5,91413.0240795102
rank,1,1,4.74865574883676,Coua caerulea,Coua_caerulea,AVES,0.999923357849972,6,43261.1604187338
rank,1,1,4.74865574883676,Coua coquereli,Coua_coquereli,AVES,0.999934088614954,1,30978.4157788232
rank,1,1,4.74865574883676,Coua cristata,Coua_cristata,AVES,0.999993465412589,4,82446.4322476313
rank,1,1,4.74865574883676,Coua cursor,Coua_cursor,AVES,0.999730982957735,1,18335.9341884106
rank,1,1,4.74865574883676,Coua gigas,Coua_gigas,AVES,0.99987533312277,1,31503.6655668765
rank,1,1,4.74865574883676,Coua reynaudii,Coua_reynaudii,AVES,0.999893536910276,4,36912.0383724868
rank,1,1,4.74865574883676,Coua ruficeps,Coua_ruficeps,AVES,0.959346120072314,3,1327.46846918499
rank,1,1,4.74865574883676,Coua serriana,Coua_serriana,AVES,0.991471316214562,1,32261.1250374622
rank,1,1,4.74865574883676,Crossleyia xanthophrys,Crossleyia_xanthophrys,AVES,1,45,4117.99735637009
rank,1,1,4.74865574883676,Cryptoprocta ferox,Cryptoprocta_ferox,MAMMALIA,0.0704722846506335,4,37156.871448586
rank,1,1,4.74865574883676,Cryptosylvicola randrianasoloi,Cryptosylvicola_randrianasoloi,AVES,1,39,5909.73896991462
rank,1,1,4.74865574883676,Cyanolanius madagascarinus,Cyanolanius_madagascarinus,AVES,0.999999798040839,9,110667.820428519
rank,1,1,4.74865574883676,Daubentonia madagascariensis,Daubentonia_madagascariensis,MAMMALIA,1,66,38656.1525384262
rank,1,1,4.74865574883676,Echinops telfairi,Echinops_telfairi,MAMMALIA,1,464,58728.0030484423
rank,1,1,4.74865574883676,Eliurus antsingy,Eliurus_antsingy,MAMMALIA,0.0133748649300235,5,69.4813072830439
rank,1,1,4.74865574883676,Eliurus grandidieri,Eliurus_grandidieri,MAMMALIA,0.999641415738649,27,917.641006159482
rank,1,1,4.74865574883676,Eliurus majori,Eliurus_majori,MAMMALIA,1,341,45474.9975577816
rank,1,1,4.74865574883676,Eliurus minor,Eliurus_minor,MAMMALIA,1,1635,74473.613466387
rank,1,1,4.74865574883676,Eliurus myoxinus,Eliurus_myoxinus,MAMMALIA,1,1274,89063.9348176122
rank,1,1,4.74865574883676,Eliurus tanala,Eliurus_tanala,MAMMALIA,1,437,48720.9162599979
rank,1,1,4.74865574883676,Eliurus webbi,Eliurus_webbi,MAMMALIA,1,503,63938.2880213708
rank,1,1,4.74865574883676,Eremopterix hova,Eremopterix_hova,AVES,0.999999862347248,22,4111.79749785364
rank,1,1,4.74865574883676,Eulemur albifrons,Eulemur_albifrons,MAMMALIA,1,44,21033.6387743737
rank,1,1,4.74865574883676,Eulemur cinereiceps,Eulemur_cinereiceps,MAMMALIA,1,121,103859.070812857
rank,1,1,4.74865574883676,Eulemur collaris,Eulemur_collaris,MAMMALIA,1,107,101860.474992368
rank,1,1,4.74865574883676,Eulemur coronatus,Eulemur_coronatus,MAMMALIA,1,168,30700.328880439
rank,1,1,4.74865574883676,Eulemur flavifrons,Eulemur_flavifrons,MAMMALIA,0.000213248908682684,1,25.074716512655
rank,1,1,4.74865574883676,Eulemur fulvus,Eulemur_fulvus,MAMMALIA,1,93,104375.073024157
rank,1,1,4.74865574883676,Eulemur macaco,Eulemur_macaco,MAMMALIA,1,42,39259.498282149
rank,1,1,4.74865574883676,Eulemur mongoz,Eulemur_mongoz,MAMMALIA,0.99999995289805,33,2266.66703993082
rank,1,1,4.74865574883676,Eulemur rubriventer,Eulemur_rubriventer,MAMMALIA,1,206,84989.8063096473
rank,1,1,4.74865574883676,Eulemur rufus,Eulemur_rufus,MAMMALIA,1,144,52777.6314349237
rank,1,1,4.74865574883676,Eulemur sanfordi,Eulemur_sanfordi,MAMMALIA,1,151,104279.61321224
rank,1,1,4.74865574883676,Euryceros prevostii,Euryceros_prevostii,AVES,0.999000955070916,3,2839.0629478842
rank,1,1,4.74865574883676,Falco zoniventris,Falco_zoniventris,AVES,0.932150569835581,1,72567.0862274543
rank,1,1,4.74865574883676,Falculea palliata,Falculea_palliata,AVES,0.999999999468312,6,31125.8547431603
rank,1,1,4.74865574883676,Fossa fossana,Fossa_fossana,MAMMALIA,0.978483142936644,2,48599.4609659314
rank,1,1,4.74865574883676,Foudia madagascariensis,Foudia_madagascariensis,AVES,0.99999300247313,13,147603.948482096
rank,1,1,4.74865574883676,Foudia omissa,Foudia_omissa,AVES,0.999999999964766,15,51693.7401044667
rank,1,1,4.74865574883676,Gactornis enarratus,Gactornis_enarratus,AVES,0.999999514554395,5,49094.8953740671
rank,1,1,4.74865574883676,Galidia elegans,Galidia_elegans,MAMMALIA,0.968235456479524,6,49877.3202057579
rank,1,1,4.74865574883676,Galidictis fasciata,Galidictis_fasciata,MAMMALIA,0,3,4247.07071315497
rank,1,1,4.74865574883676,Geobiastes squamiger,Geobiastes_squamiger,AVES,0.999652519491625,4,10926.8523845822
rank,1,1,4.74865574883676,Geogale aurita,Geogale_aurita,MAMMALIA,1,795,32511.5666244105
rank,1,1,4.74865574883676,Gymnuromys roberti,Gymnuromys_roberti,MAMMALIA,1,172,26603.2793134592
rank,1,1,4.74865574883676,Haliaeetus vociferoides,Haliaeetus_vociferoides,AVES,0.0115773784314965,1,5133.49427342415
rank,1,1,4.74865574883676,Hapalemur alaotrensis,Hapalemur_alaotrensis,MAMMALIA,1,141,11439.9057848001
rank,1,1,4.74865574883676,Hapalemur aureus,Hapalemur_aureus,MAMMALIA,0.999999995692329,24,1820.55619611591
rank,1,1,4.74865574883676,Hapalemur griseus,Hapalemur_griseus,MAMMALIA,1,165,96752.8929063798
rank,1,1,4.74865574883676,Hapalemur occidentalis,Hapalemur_occidentalis,MAMMALIA,0.999995100328248,28,1026.71440970898
rank,1,1,4.74865574883676,Hartertula flavoviridis,Hartertula_flavoviridis,AVES,1,45,8110.84596121311
rank,1,1,4.74865574883676,Hartlaubius auratus,Hartlaubius_auratus,AVES,0.999962864760401,8,101689.874565602
rank,1,1,4.74865574883676,Hemicentetes nigriceps,Hemicentetes_nigriceps,MAMMALIA,0.999953127257988,35,2052.96238155258
rank,1,1,4.74865574883676,Hemicentetes semispinosus,Hemicentetes_semispinosus,MAMMALIA,0.999999999999998,81,73128.0125060603
rank,1,1,4.74865574883676,Hypogeomys antimena,Hypogeomys_antimena,MAMMALIA,0.133821965840603,5,104.686912983656
rank,1,1,4.74865574883676,Hypositta corallirostris,Hypositta_corallirostris,AVES,0.999989827138563,10,62429.5579301342
rank,1,1,4.74865574883676,Indri indri,Indri_indri,MAMMALIA,0.999999981093542,19,63643.0066137314
rank,1,1,4.74865574883676,Lemur catta,Lemur_catta,MAMMALIA,1,172,28828.0652023107
rank,1,1,4.74865574883676,Lepidopygia nana,Lepidopygia_nana,AVES,0.998094507696144,27,154527.124208312
rank,1,1,4.74865574883676,Lepilemur ankaranensis,Lepilemur_ankaranensis,MAMMALIA,0.942459903341428,13,361.823311685567
rank,1,1,4.74865574883676,Lepilemur edwardsi,Lepilemur_edwardsi,MAMMALIA,1,56,10363.7149990052
rank,1,1,4.74865574883676,Lepilemur leucopus,Lepilemur_leucopus,MAMMALIA,1,82,22553.1301788166
rank,1,1,4.74865574883676,Lepilemur microdon,Lepilemur_microdon,MAMMALIA,0.999999999997001,34,4773.54297635564
rank,1,1,4.74865574883676,Lepilemur mustelinus,Lepilemur_mustelinus,MAMMALIA,1,245,91812.9896563068
rank,1,1,4.74865574883676,Lepilemur ruficaudatus,Lepilemur_ruficaudatus,MAMMALIA,1,182,19221.2429256109
rank,1,1,4.74865574883676,Leptopterus chabert,Leptopterus_chabert,AVES,0.999990199776924,11,133068.473614223
rank,1,1,4.74865574883676,Lophotibis cristata,Lophotibis_cristata,AVES,0.99984262942438,2,83241.1822643793
rank,1,1,4.74865574883676,Macrotarsomys bastardi,Macrotarsomys_bastardi,MAMMALIA,1,277,8155.32697095466
rank,1,1,4.74865574883676,Margaroperdix madagarensis,Margaroperdix_madagarensis,AVES,0.999978502205038,2,108702.032602727
rank,1,1,4.74865574883676,Mentocrex kioloides,Mentocrex_kioloides,AVES,0.997745209301197,1,33667.2430744916
rank,1,1,4.74865574883676,Mesitornis unicolor,Mesitornis_unicolor,AVES,0,1,89.8278131379858
rank,1,1,4.74865574883676,Mesitornis variegatus,Mesitornis_variegatus,AVES,0.998762356946553,5,2869.24937690049
rank,1,1,4.74865574883676,Microcebus berthae,Microcebus_berthae,MAMMALIA,1.52725555535582e-08,2,17.7781751081347
rank,1,1,4.74865574883676,Microcebus griseorufus,Microcebus_griseorufus,MAMMALIA,0.995769019106108,14,501.433658043884
rank,1,1,4.74865574883676,Microcebus murinus,Microcebus_murinus,MAMMALIA,1,1689,97512.7336552963
rank,1,1,4.74865574883676,Microcebus myoxinus,Microcebus_myoxinus,MAMMALIA,0.999999992654343,102,1124.39007911777
rank,1,1,4.74865574883676,Microcebus ravelobensis,Microcebus_ravelobensis,MAMMALIA,0.778620368188765,15,246.875988043973
rank,1,1,4.74865574883676,Microcebus rufus,Microcebus_rufus,MAMMALIA,1,1393,71846.7137842792
rank,1,1,4.74865574883676,Microcebus tavaratra,Microcebus_tavaratra,MAMMALIA,0.99348955741329,45,767.433245509863
rank,1,1,4.74865574883676,Microgale brevicaudata,Microgale_brevicaudata,MAMMALIA,1,899,32538.178419888
rank,1,1,4.74865574883676,Microgale cowani,Microgale_cowani,MAMMALIA,1,612,61364.87121097
rank,1,1,4.74865574883676,Microgale drouhardi,Microgale_drouhardi,MAMMALIA,1,318,26763.0110322682
rank,1,1,4.74865574883676,Microgale dryas,Microgale_dryas,MAMMALIA,0.897201399235259,47,1369.92029440585
rank,1,1,4.74865574883676,Microgale fotsifotsy,Microgale_fotsifotsy,MAMMALIA,1,405,31278.730481311
rank,1,1,4.74865574883676,Microgale gracilis,Microgale_gracilis,MAMMALIA,0.999999999998795,118,9616.30546971204
rank,1,1,4.74865574883676,Microgale gymnorhyncha,Microgale_gymnorhyncha,MAMMALIA,1,131,19647.1566155426
rank,1,1,4.74865574883676,Microgale longicaudata,Microgale_longicaudata,MAMMALIA,1,1116,63525.1948340833
rank,1,1,4.74865574883676,Microgale mergulus,Microgale_mergulus,MAMMALIA,0.999999999999896,71,5562.61775285862
rank,1,1,4.74865574883676,Microgale parvula,Microgale_parvula,MAMMALIA,0.999999999999961,1314,63627.1773366935
rank,1,1,4.74865574883676,Microgale principula,Microgale_principula,MAMMALIA,1,617,50694.2459908724
rank,1,1,4.74865574883676,Microgale pusilla,Microgale_pusilla,MAMMALIA,0.999999999978931,415,19934.6384756789
rank,1,1,4.74865574883676,Microgale soricoides,Microgale_soricoides,MAMMALIA,1,143,27525.3521029544
rank,1,1,4.74865574883676,Microgale taiva,Microgale_taiva,MAMMALIA,1,310,40793.1049931124
rank,1,1,4.74865574883676,Microgale thomasi,Microgale_thomasi,MAMMALIA,1,129,24416.4064041078
rank,1,1,4.74865574883676,Mirza coquereli,Mirza_coquereli,MAMMALIA,0.999997589067307,53,2653.0007427779
rank,1,1,4.74865574883676,Monias benschi,Monias_benschi,AVES,0,1,82.9420458882274
rank,1,1,4.74865574883676,Monticola erythronotus,Monticola_erythronotus,AVES,0.505764981643065,1,97.4973036619822
rank,1,1,4.74865574883676,Monticola sharpei,Monticola_sharpei,AVES,0.999999999999967,12,109665.131356366
rank,1,1,4.74865574883676,Monticolomys koopmani,Monticolomys_koopmani,MAMMALIA,0.132627251095215,6,104.060766987503
rank,1,1,4.74865574883676,Motacilla flaviventris,Motacilla_flaviventris,AVES,1,23,20547.395573401
rank,1,1,4.74865574883676,Mystacornis crossleyi,Mystacornis_crossleyi,AVES,0.99999999999998,10,47378.6432934275
rank,1,1,4.74865574883676,Neodrepanis coruscans,Neodrepanis_coruscans,AVES,0.99999845514974,15,29636.8060822453
rank,1,1,4.74865574883676,Neodrepanis hypoxantha,Neodrepanis_hypoxantha,AVES,0.0211788111247608,3,88.4296057149768
rank,1,1,4.74865574883676,Neomixis striatigula,Neomixis_striatigula,AVES,0.999999999993783,21,58548.8640813712
rank,1,1,4.74865574883676,Neomixis tenella,Neomixis_tenella,AVES,1,47,98109.7580732182
rank,1,1,4.74865574883676,Neomixis viridis,Neomixis_viridis,AVES,0.999999999968363,25,53770.1002472542
rank,1,1,4.74865574883676,Nesillas lantzii,Nesillas_lantzii,AVES,0.999983000083502,3,2703.9328436479
rank,1,1,4.74865574883676,Nesogale dobsoni,Nesogale_dobsoni,MAMMALIA,1,399,70373.395799476
rank,1,1,4.74865574883676,Nesogale talazaci,Nesogale_talazaci,MAMMALIA,1,209,64825.7784595043
rank,1,1,4.74865574883676,Nesomys audeberti,Nesomys_audeberti,MAMMALIA,1,111,4404.70734705302
rank,1,1,4.74865574883676,Nesomys lambertoni,Nesomys_lambertoni,MAMMALIA,0.999983982375401,29,958.575495295227
rank,1,1,4.74865574883676,Nesomys rufus,Nesomys_rufus,MAMMALIA,1,224,47073.0516759732
rank,1,1,4.74865574883676,Newtonia amphichroa,Newtonia_amphichroa,AVES,1,15,42706.8356529288
rank,1,1,4.74865574883676,Newtonia archboldi,Newtonia_archboldi,AVES,0.999743205924592,10,2057.60292387809
rank,1,1,4.74865574883676,Newtonia brunneicauda,Newtonia_brunneicauda,AVES,0.999999999839396,15,127066.35768085
rank,1,1,4.74865574883676,Newtonia fanovanae,Newtonia_fanovanae,AVES,0.353055283448657,2,98.2207024819943
rank,1,1,4.74865574883676,Oriolia bernieri,Oriolia_bernieri,AVES,0.999997529517201,13,14262.3456658348
rank,1,1,4.74865574883676,Oryzorictes hova,Oryzorictes_hova,MAMMALIA,1,267,66040.5029552803
rank,1,1,4.74865574883676,Oryzorictes tetradactylus,Oryzorictes_tetradactylus,MAMMALIA,1,155,10717.5339834051
rank,1,1,4.74865574883676,Otus rutilus,Otus_rutilus,AVES,0.999999882873585,4,111537.58715035
rank,1,1,4.74865574883676,Oxylabes madagascariensis,Oxylabes_madagascariensis,AVES,0.999999999999997,14,53797.4600117952
rank,1,1,4.74865574883676,Phaner electromontis,Phaner_electromontis,MAMMALIA,1.1181189119025e-07,1,17.4337788633315
rank,1,1,4.74865574883676,Phaner furcifer,Phaner_furcifer,MAMMALIA,0.887905466959644,58,892.662774423171
rank,1,1,4.74865574883676,Phaner pallescens,Phaner_pallescens,MAMMALIA,0.999999999997009,57,3504.14815962315
rank,1,1,4.74865574883676,Phaner parienti,Phaner_parienti,MAMMALIA,0.00280017666108967,1,24.4501852478648
rank,1,1,4.74865574883676,Philepitta castanea,Philepitta_castanea,AVES,0.983833518783214,4,38528.3441328257
rank,1,1,4.74865574883676,Philepitta schlegeli,Philepitta_schlegeli,AVES,0.988278027030843,14,4281.37986122647
rank,1,1,4.74865574883676,Ploceus nelicourvi,Ploceus_nelicourvi,AVES,0.999999997546978,9,62225.2789443433
rank,1,1,4.74865574883676,Ploceus sakalava,Ploceus_sakalava,AVES,0.999999992485764,18,45364.2775065973
rank,1,1,4.74865574883676,Polyboroides radiatus,Polyboroides_radiatus,AVES,0.998799881414275,1,122210.220931415
rank,1,1,4.74865574883676,Pseudobias wardi,Pseudobias_wardi,AVES,0.999999999999996,19,41782.4877384977
rank,1,1,4.74865574883676,Pterocles personatus,Pterocles_personatus,AVES,0.940123497880854,5,7087.00341547594
rank,1,1,4.74865574883676,Rallus madagascariensis,Rallus_madagascariensis,AVES,0.999999431971117,5,14553.5629941739
rank,1,1,4.74865574883676,Randia pseudozosterops,Randia_pseudozosterops,AVES,0.999998919574211,6,46652.3353474492
rank,1,1,4.74865574883676,Sarothrura insularis,Sarothrura_insularis,AVES,0.999969718347463,7,77055.6507429555
rank,1,1,4.74865574883676,Schetba rufa,Schetba_rufa,AVES,1,20,29985.5573220253
rank,1,1,4.74865574883676,Setifer setosus,Setifer_setosus,MAMMALIA,1,196,121467.076087639
rank,1,1,4.74865574883676,Tenrec ecaudatus,Tenrec_ecaudatus,MAMMALIA,1,57,131553.974275723
rank,1,1,4.74865574883676,Thamnornis chloropetoides,Thamnornis_chloropetoides,AVES,0.999977507869225,5,3407.17432130128
rank,1,1,4.74865574883676,Treron australis,Treron_australis,AVES,0.996924655225814,1,120236.463371523
rank,1,1,4.74865574883676,Turnix nigricollis,Turnix_nigricollis,AVES,0.999947768001998,2,135786.963248193
rank,1,1,4.74865574883676,Tylas eduardi,Tylas_eduardi,AVES,0.999999989091549,6,60604.5396164358
rank,1,1,4.74865574883676,Vanga curvirostris,Vanga_curvirostris,AVES,0.999945145008856,7,132926.591455752
rank,1,1,4.74865574883676,Varecia rubra,Varecia_rubra,MAMMALIA,1,47,74449.1859935066
rank,1,1,4.74865574883676,Varecia variegata,Varecia_variegata,MAMMALIA,0.999999999999925,38,73379.6919855619
rank,1,1,4.74865574883676,Xanthomixis apperti,Xanthomixis_apperti,AVES,0.441311210122258,1,68.4073899760842
rank,1,1,4.74865574883676,Xanthomixis cinereiceps,Xanthomixis_cinereiceps,AVES,1,21,17538.7244135588
rank,1,1,4.74865574883676,Xanthomixis zosterops,Xanthomixis_zosterops,AVES,0.999999999982072,14,63319.8272411749
rank,1,1,4.74865574883676,Xenopirostris damii,Xenopirostris_damii,AVES,0.00179910766481406,1,93.5023440420628
rank,1,1,4.74865574883676,Xenopirostris polleni,Xenopirostris_polleni,AVES,0.999999970589095,10,17756.9551348298
rank,1,1,4.74865574883676,Xenopirostris xenopirostris,Xenopirostris_xenopirostris,AVES,0.96505807541122,1,1102.55740338564
rank,2,2,9.45013491751602,Accipiter henstii,Accipiter_henstii,AVES,0.763697278936093,1,80463.4042815657
rank,2,2,9.45013491751602,Accipiter madagascariensis,Accipiter_madagascariensis,AVES,0.927458911389276,1,99983.6326948479
rank,2,2,9.45013491751602,Acrocephalus newtoni,Acrocephalus_newtoni,AVES,1,17,116748.676768259
rank,2,2,9.45013491751602,Alectroenas madagascariensis,Alectroenas_madagascariensis,AVES,0.998512893262059,6,68311.954188258
rank,2,2,9.45013491751602,Allocebus trichotis,Allocebus_trichotis,MAMMALIA,0.00783473494650444,3,72.1001097112894
rank,2,2,9.45013491751602,Anas bernieri,Anas_bernieri,AVES,0,1,161.555721102021
rank,2,2,9.45013491751602,Apus balstoni,Apus_balstoni,AVES,0.999999945570316,6,95500.5114238016
rank,2,2,9.45013491751602,Artamella viridis,Artamella_viridis,AVES,0.999990002815058,8,111819.349503497
rank,2,2,9.45013491751602,Asio madagascariensis,Asio_madagascariensis,AVES,0.879430834000701,2,70381.8807803882
rank,2,2,9.45013491751602,Atelornis crossleyi,Atelornis_crossleyi,AVES,0.999998758967357,7,11572.6222161697
rank,2,2,9.45013491751602,Atelornis pittoides,Atelornis_pittoides,AVES,0.999744799596265,3,42600.1238726676
rank,2,2,9.45013491751602,Athene superciliaris,Athene_superciliaris,AVES,0.999596380858563,1,74873.8815543503
rank,2,2,9.45013491751602,Avahi laniger,Avahi_laniger,MAMMALIA,1,110,38232.8193865493
rank,2,2,9.45013491751602,Avahi occidentalis,Avahi_occidentalis,MAMMALIA,0.996177513156648,4,630.900925964117
rank,2,2,9.45013491751602,Aviceda madagascariensis,Aviceda_madagascariensis,AVES,0.976242789102427,1,103014.545815594
rank,2,2,9.45013491751602,Bernieria madagascariensis,Bernieria_madagascariensis,AVES,0.999999998975856,16,97870.8622170864
rank,2,2,9.45013491751602,Brachypteracias leptosomus,Brachypteracias_leptosomus,AVES,0.999771336917406,1,37031.6513739303
rank,2,2,9.45013491751602,Brachytarsomys albicauda,Brachytarsomys_albicauda,MAMMALIA,0.999999991596676,50,1815.17485363856
rank,2,2,9.45013491751602,Brachyuromys betsileoensis,Brachyuromys_betsileoensis,MAMMALIA,1,117,14393.3535949588
rank,2,2,9.45013491751602,Brachyuromys ramirohitra,Brachyuromys_ramirohitra,MAMMALIA,0.65541484639138,2,90.5857082977891
rank,2,2,9.45013491751602,Bradypterus brunneus,Bradypterus_brunneus,AVES,1,38,12772.3634521564
rank,2,2,9.45013491751602,Bradypterus seebohmi,Bradypterus_seebohmi,AVES,0.452718231585579,1,71.7493425011635
rank,2,2,9.45013491751602,Buteo brachypterus,Buteo_brachypterus,AVES,0.865825709838337,1,110526.875476971
rank,2,2,9.45013491751602,Calicalicus madagascariensis,Calicalicus_madagascariensis,AVES,0.999999999999998,23,99038.0550009132
rank,2,2,9.45013491751602,Cheirogaleus crossleyi,Cheirogaleus_crossleyi,MAMMALIA,1,92,5731.87398069368
rank,2,2,9.45013491751602,Cheirogaleus major,Cheirogaleus_major,MAMMALIA,1,261,72195.8048198372
rank,2,2,9.45013491751602,Cheirogaleus medius,Cheirogaleus_medius,MAMMALIA,1,1474,60304.1519248889
rank,2,2,9.45013491751602,Cinnyris notatus,Cinnyris_notatus,AVES,0.99999999999656,31,111001.432404833
rank,2,2,9.45013491751602,Copsychus albospecularis,Copsychus_albospecularis,AVES,0.999995369620164,5,58858.5096174331
rank,2,2,9.45013491751602,Coracopsis nigra,Coracopsis_nigra,AVES,0.995934563646996,3,111363.096721984
rank,2,2,9.45013491751602,Corythornis madagascariensis,Corythornis_madagascariensis,AVES,0.894055824660291,5,90929.2087048792
rank,2,2,9.45013491751602,Coua caerulea,Coua_caerulea,AVES,0.999923170149586,6,43232.8945896366
rank,2,2,9.45013491751602,Coua coquereli,Coua_coquereli,AVES,0.99993326758248,1,30783.0632070452
rank,2,2,9.45013491751602,Coua cristata,Coua_cristata,AVES,0.999993424062753,4,82171.3438036069
rank,2,2,9.45013491751602,Coua cursor,Coua_cursor,AVES,0.999730982957735,1,18335.9341884106
rank,2,2,9.45013491751602,Coua gigas,Coua_gigas,AVES,0.999875200628177,1,31487.7524062693
rank,2,2,9.45013491751602,Coua reynaudii,Coua_reynaudii,AVES,0.999893423338211,4,36907.6427616254
rank,2,2,9.45013491751602,Coua ruficeps,Coua_ruficeps,AVES,0.959346120072314,3,1327.46846918499
rank,2,2,9.45013491751602,Coua serriana,Coua_serriana,AVES,0.991471316214562,1,32261.1250374622
rank,2,2,9.45013491751602,Crossleyia xanthophrys,Crossleyia_xanthophrys,AVES,1,45,4117.99735637009
rank,2,2,9.45013491751602,Cryptoprocta ferox,Cryptoprocta_ferox,MAMMALIA,0.0704722846506335,4,37156.871448586
rank,2,2,9.45013491751602,Cryptosylvicola randrianasoloi,Cryptosylvicola_randrianasoloi,AVES,1,39,5909.73896991462
rank,2,2,9.45013491751602,Cyanolanius madagascarinus,Cyanolanius_madagascarinus,AVES,0.999999999959003,14,107684.771126187
rank,2,2,9.45013491751602,Daubentonia madagascariensis,Daubentonia_madagascariensis,MAMMALIA,1,66,38129.5304901302
rank,2,2,9.45013491751602,Echinops telfairi,Echinops_telfairi,MAMMALIA,1,458,58154.9579214454
rank,2,2,9.45013491751602,Eliurus antsingy,Eliurus_antsingy,MAMMALIA,0.0133748649300235,5,69.4813072830439
rank,2,2,9.45013491751602,Eliurus grandidieri,Eliurus_grandidieri,MAMMALIA,0.999641415738649,27,917.641006159482
rank,2,2,9.45013491751602,Eliurus majori,Eliurus_majori,MAMMALIA,1,325,45277.2794526219
rank,2,2,9.45013491751602,Eliurus minor,Eliurus_minor,MAMMALIA,1,1614,74262.8935603345
rank,2,2,9.45013491751602,Eliurus myoxinus,Eliurus_myoxinus,MAMMALIA,1,1265,87853.5053452477
rank,2,2,9.45013491751602,Eliurus tanala,Eliurus_tanala,MAMMALIA,1,425,48514.1773330543
rank,2,2,9.45013491751602,Eliurus webbi,Eliurus_webbi,MAMMALIA,1,509,63586.3930376992
rank,2,2,9.45013491751602,Eremopterix hova,Eremopterix_hova,AVES,0.999999862347248,22,4111.79749785364
rank,2,2,9.45013491751602,Eulemur albifrons,Eulemur_albifrons,MAMMALIA,1,44,21029.1397643667
rank,2,2,9.45013491751602,Eulemur cinereiceps,Eulemur_cinereiceps,MAMMALIA,1,135,101762.301234732
rank,2,2,9.45013491751602,Eulemur collaris,Eulemur_collaris,MAMMALIA,1,110,100260.413657379
rank,2,2,9.45013491751602,Eulemur coronatus,Eulemur_coronatus,MAMMALIA,1,173,30421.1026316479
rank,2,2,9.45013491751602,Eulemur flavifrons,Eulemur_flavifrons,MAMMALIA,0.000213248908682684,1,25.074716512655
rank,2,2,9.45013491751602,Eulemur fulvus,Eulemur_fulvus,MAMMALIA,1,106,102080.017730984
rank,2,2,9.45013491751602,Eulemur macaco,Eulemur_macaco,MAMMALIA,1,41,39084.1705786554
rank,2,2,9.45013491751602,Eulemur mongoz,Eulemur_mongoz,MAMMALIA,0.99999995289805,33,2266.66703993082
rank,2,2,9.45013491751602,Eulemur rubriventer,Eulemur_rubriventer,MAMMALIA,1,213,83914.1580726206
rank,2,2,9.45013491751602,Eulemur rufus,Eulemur_rufus,MAMMALIA,1,158,52131.7385350459
rank,2,2,9.45013491751602,Eulemur sanfordi,Eulemur_sanfordi,MAMMALIA,1,169,102124.915890004
rank,2,2,9.45013491751602,Euryceros prevostii,Euryceros_prevostii,AVES,0.999000955070916,3,2839.0629478842
rank,2,2,9.45013491751602,Falco zoniventris,Falco_zoniventris,AVES,0.930499958588026,1,70845.155751124
rank,2,2,9.45013491751602,Falculea palliata,Falculea_palliata,AVES,0.999999999998155,7,30934.2476443201
rank,2,2,9.45013491751602,Fossa fossana,Fossa_fossana,MAMMALIA,0.978483142936644,2,48599.4609659314
rank,2,2,9.45013491751602,Foudia madagascariensis,Foudia_madagascariensis,AVES,0.999998240431044,19,142493.373979524
rank,2,2,9.45013491751602,Foudia omissa,Foudia_omissa,AVES,0.999999999963025,15,51508.418930471
rank,2,2,9.45013491751602,Gactornis enarratus,Gactornis_enarratus,AVES,0.999999514554395,5,49094.8953740671
rank,2,2,9.45013491751602,Galidia elegans,Galidia_elegans,MAMMALIA,0.968235456479524,6,49877.3202057579
rank,2,2,9.45013491751602,Galidictis fasciata,Galidictis_fasciata,MAMMALIA,0,3,4247.07071315497
rank,2,2,9.45013491751602,Geobiastes squamiger,Geobiastes_squamiger,AVES,0.999652519491625,4,10926.8523845822
rank,2,2,9.45013491751602,Geogale aurita,Geogale_aurita,MAMMALIA,1,792,32393.6882972196
rank,2,2,9.45013491751602,Gymnuromys roberti,Gymnuromys_roberti,MAMMALIA,1,170,26588.9569100433
rank,2,2,9.45013491751602,Haliaeetus vociferoides,Haliaeetus_vociferoides,AVES,0.0115773784314965,1,5133.49427342415
rank,2,2,9.45013491751602,Hapalemur alaotrensis,Hapalemur_alaotrensis,MAMMALIA,1,141,11439.9057848001
rank,2,2,9.45013491751602,Hapalemur aureus,Hapalemur_aureus,MAMMALIA,0.999999995692329,24,1820.55619611591
rank,2,2,9.45013491751602,Hapalemur griseus,Hapalemur_griseus,MAMMALIA,1,165,95671.7776294415
rank,2,2,9.45013491751602,Hapalemur occidentalis,Hapalemur_occidentalis,MAMMALIA,0.999995100328248,28,1026.71440970898
rank,2,2,9.45013491751602,Hartertula flavoviridis,Hartertula_flavoviridis,AVES,1,45,8110.84596121311
rank,2,2,9.45013491751602,Hartlaubius auratus,Hartlaubius_auratus,AVES,0.999974000971107,9,99948.0956242814
rank,2,2,9.45013491751602,Hemicentetes nigriceps,Hemicentetes_nigriceps,MAMMALIA,0.999953127257988,35,2052.96238155258
rank,2,2,9.45013491751602,Hemicentetes semispinosus,Hemicentetes_semispinosus,MAMMALIA,0.999999999999999,83,72892.9684889168
rank,2,2,9.45013491751602,Hypogeomys antimena,Hypogeomys_antimena,MAMMALIA,0.133821965840603,5,104.686912983656
rank,2,2,9.45013491751602,Hypositta corallirostris,Hypositta_corallirostris,AVES,0.999987968145677,11,62270.4968639687
rank,2,2,9.45013491751602,Indri indri,Indri_indri,MAMMALIA,0.999999978739214,18,63552.8002799153
rank,2,2,9.45013491751602,Lemur catta,Lemur_catta,MAMMALIA,1,201,27469.79832609
rank,2,2,9.45013491751602,Lepidopygia nana,Lepidopygia_nana,AVES,0.998106359991897,39,147337.101051679
rank,2,2,9.45013491751602,Lepilemur ankaranensis,Lepilemur_ankaranensis,MAMMALIA,0.942459903341428,13,361.823311685567
rank,2,2,9.45013491751602,Lepilemur edwardsi,Lepilemur_edwardsi,MAMMALIA,1,56,10363.7149990052
rank,2,2,9.45013491751602,Lepilemur leucopus,Lepilemur_leucopus,MAMMALIA,1,83,22377.4862906188
rank,2,2,9.45013491751602,Lepilemur microdon,Lepilemur_microdon,MAMMALIA,0.999999999997001,34,4773.54297635564
rank,2,2,9.45013491751602,Lepilemur mustelinus,Lepilemur_mustelinus,MAMMALIA,1,244,90758.4554016441
rank,2,2,9.45013491751602,Lepilemur ruficaudatus,Lepilemur_ruficaudatus,MAMMALIA,1,182,19219.5580967813
rank,2,2,9.45013491751602,Leptopterus chabert,Leptopterus_chabert,AVES,0.999994029255721,12,128707.281760857
rank,2,2,9.45013491751602,Lophotibis cristata,Lophotibis_cristata,AVES,0.999842267713993,2,83141.317334467
rank,2,2,9.45013491751602,Macrotarsomys bastardi,Macrotarsomys_bastardi,MAMMALIA,1,277,8155.32697095466
rank,2,2,9.45013491751602,Margaroperdix madagarensis,Margaroperdix_madagarensis,AVES,0.99997764950829,2,106135.739798255
rank,2,2,9.45013491751602,Mentocrex kioloides,Mentocrex_kioloides,AVES,0.997740381688826,1,33618.4352525696
rank,2,2,9.45013491751602,Mesitornis unicolor,Mesitornis_unicolor,AVES,0,1,89.8278131379858
rank,2,2,9.45013491751602,Mesitornis variegatus,Mesitornis_variegatus,AVES,0.998762356946553,5,2869.24937690049
rank,2,2,9.45013491751602,Microcebus berthae,Microcebus_berthae,MAMMALIA,1.52725555535582e-08,2,17.7781751081347
rank,2,2,9.45013491751602,Microcebus griseorufus,Microcebus_griseorufus,MAMMALIA,0.995769019106108,14,501.433658043884
rank,2,2,9.45013491751602,Microcebus murinus,Microcebus_murinus,MAMMALIA,1,1640,95262.6490507871
rank,2,2,9.45013491751602,Microcebus myoxinus,Microcebus_myoxinus,MAMMALIA,0.999999992654343,102,1124.39007911777
rank,2,2,9.45013491751602,Microcebus ravelobensis,Microcebus_ravelobensis,MAMMALIA,0.778620368188765,15,246.875988043973
rank,2,2,9.45013491751602,Microcebus rufus,Microcebus_rufus,MAMMALIA,1,1329,70944.0139490795
rank,2,2,9.45013491751602,Microcebus tavaratra,Microcebus_tavaratra,MAMMALIA,0.99348955741329,45,767.433245509863
rank,2,2,9.45013491751602,Microgale brevicaudata,Microgale_brevicaudata,MAMMALIA,1,894,32323.5121097192
rank,2,2,9.45013491751602,Microgale cowani,Microgale_cowani,MAMMALIA,1,594,60456.6743177772
rank,2,2,9.45013491751602,Microgale drouhardi,Microgale_drouhardi,MAMMALIA,1,319,26760.7152422803
rank,2,2,9.45013491751602,Microgale dryas,Microgale_dryas,MAMMALIA,0.897201399235259,47,1369.92029440585
rank,2,2,9.45013491751602,Microgale fotsifotsy,Microgale_fotsifotsy,MAMMALIA,1,404,31263.2512879875
rank,2,2,9.45013491751602,Microgale gracilis,Microgale_gracilis,MAMMALIA,0.999999999998795,118,9616.30546971204
rank,2,2,9.45013491751602,Microgale gymnorhyncha,Microgale_gymnorhyncha,MAMMALIA,1,131,19647.1566155426
rank,2,2,9.45013491751602,Microgale longicaudata,Microgale_longicaudata,MAMMALIA,1,1106,63373.1989864707
rank,2,2,9.45013491751602,Microgale mergulus,Microgale_mergulus,MAMMALIA,0.999999999999896,71,5562.61775285862
rank,2,2,9.45013491751602,Microgale parvula,Microgale_parvula,MAMMALIA,0.99999999999996,1295,63488.1289314113
rank,2,2,9.45013491751602,Microgale principula,Microgale_principula,MAMMALIA,1,618,50643.6049096882
rank,2,2,9.45013491751602,Microgale pusilla,Microgale_pusilla,MAMMALIA,0.999999999972413,415,19861.8555489033
rank,2,2,9.45013491751602,Microgale soricoides,Microgale_soricoides,MAMMALIA,1,143,27505.922500749
rank,2,2,9.45013491751602,Microgale taiva,Microgale_taiva,MAMMALIA,1,310,40792.1034476534
rank,2,2,9.45013491751602,Microgale thomasi,Microgale_thomasi,MAMMALIA,1,128,24387.6564728916
rank,2,2,9.45013491751602,Mirza coquereli,Mirza_coquereli,MAMMALIA,0.999997589067307,53,2653.0007427779
rank,2,2,9.45013491751602,Monias benschi,Monias_benschi,AVES,0,1,82.9420458882274
rank,2,2,9.45013491751602,Monticola erythronotus,Monticola_erythronotus,AVES,0.505764981643065,1,97.4973036619822
rank,2,2,9.45013491751602,Monticola sharpei,Monticola_sharpei,AVES,1,19,105079.279429369
rank,2,2,9.45013491751602,Monticolomys koopmani,Monticolomys_koopmani,MAMMALIA,0.132627251095215,6,104.060766987503
rank,2,2,9.45013491751602,Motacilla flaviventris,Motacilla_flaviventris,AVES,1,24,19232.4365805442
rank,2,2,9.45013491751602,Mystacornis crossleyi,Mystacornis_crossleyi,AVES,0.99999999999998,10,47378.3678433896
rank,2,2,9.45013491751602,Neodrepanis coruscans,Neodrepanis_coruscans,AVES,0.999998446145091,15,29584.8136622069
rank,2,2,9.45013491751602,Neodrepanis hypoxantha,Neodrepanis_hypoxantha,AVES,0.0211788111247608,3,88.4296057149768
rank,2,2,9.45013491751602,Neomixis striatigula,Neomixis_striatigula,AVES,0.999999999992028,22,58392.8299151021
rank,2,2,9.45013491751602,Neomixis tenella,Neomixis_tenella,AVES,1,54,95018.607797578
rank,2,2,9.45013491751602,Neomixis viridis,Neomixis_viridis,AVES,0.999999999965612,24,53575.5817935627
rank,2,2,9.45013491751602,Nesillas lantzii,Nesillas_lantzii,AVES,0.999983000083502,3,2703.9328436479
rank,2,2,9.45013491751602,Nesogale dobsoni,Nesogale_dobsoni,MAMMALIA,1,387,69442.2213709943
rank,2,2,9.45013491751602,Nesogale talazaci,Nesogale_talazaci,MAMMALIA,1,208,64776.4686715901
rank,2,2,9.45013491751602,Nesomys audeberti,Nesomys_audeberti,MAMMALIA,1,111,4404.70734705302
rank,2,2,9.45013491751602,Nesomys lambertoni,Nesomys_lambertoni,MAMMALIA,0.999983982375401,29,958.575495295227
rank,2,2,9.45013491751602,Nesomys rufus,Nesomys_rufus,MAMMALIA,1,224,46796.6728058579
rank,2,2,9.45013491751602,Newtonia amphichroa,Newtonia_amphichroa,AVES,1,16,42646.777705664
rank,2,2,9.45013491751602,Newtonia archboldi,Newtonia_archboldi,AVES,0.999743205924592,10,2057.60292387809
rank,2,2,9.45013491751602,Newtonia brunneicauda,Newtonia_brunneicauda,AVES,0.999999999999996,28,123941.809901834
rank,2,2,9.45013491751602,Newtonia fanovanae,Newtonia_fanovanae,AVES,0.353055283448657,2,98.2207024819943
rank,2,2,9.45013491751602,Oriolia bernieri,Oriolia_bernieri,AVES,0.999997529517201,13,14262.3456658348
rank,2,2,9.45013491751602,Oryzorictes hova,Oryzorictes_hova,MAMMALIA,1,272,65527.7234826163
rank,2,2,9.45013491751602,Oryzorictes tetradactylus,Oryzorictes_tetradactylus,MAMMALIA,1,155,10717.5339834051
rank,2,2,9.45013491751602,Otus rutilus,Otus_rutilus,AVES,0.999999870994373,4,108529.634066187
rank,2,2,9.45013491751602,Oxylabes madagascariensis,Oxylabes_madagascariensis,AVES,0.999999999999997,14,53637.733397603
rank,2,2,9.45013491751602,Phaner electromontis,Phaner_electromontis,MAMMALIA,1.1181189119025e-07,1,17.4337788633315
rank,2,2,9.45013491751602,Phaner furcifer,Phaner_furcifer,MAMMALIA,0.887905466959644,58,892.662774423171
rank,2,2,9.45013491751602,Phaner pallescens,Phaner_pallescens,MAMMALIA,0.999999999997009,57,3504.14815962315
rank,2,2,9.45013491751602,Phaner parienti,Phaner_parienti,MAMMALIA,0.00280017666108967,1,24.4501852478648
rank,2,2,9.45013491751602,Philepitta castanea,Philepitta_castanea,AVES,0.983818861234048,4,38486.2082173079
rank,2,2,9.45013491751602,Philepitta schlegeli,Philepitta_schlegeli,AVES,0.988278027030843,14,4281.37986122647
rank,2,2,9.45013491751602,Ploceus nelicourvi,Ploceus_nelicourvi,AVES,0.999999998796943,10,62175.3264838457
rank,2,2,9.45013491751602,Ploceus sakalava,Ploceus_sakalava,AVES,0.999999977747199,21,43278.1175006777
rank,2,2,9.45013491751602,Polyboroides radiatus,Polyboroides_radiatus,AVES,0.998725262474914,1,117858.903886748
rank,2,2,9.45013491751602,Pseudobias wardi,Pseudobias_wardi,AVES,0.999999999999996,19,41782.4877384977
rank,2,2,9.45013491751602,Pterocles personatus,Pterocles_personatus,AVES,0.940123497880854,5,7087.00341547594
rank,2,2,9.45013491751602,Rallus madagascariensis,Rallus_madagascariensis,AVES,0.999999431971117,5,14553.5629941739
rank,2,2,9.45013491751602,Randia pseudozosterops,Randia_pseudozosterops,AVES,0.999998916379468,6,46570.5276045758
rank,2,2,9.45013491751602,Sarothrura insularis,Sarothrura_insularis,AVES,0.999968427693464,7,76300.1628845483
rank,2,2,9.45013491751602,Schetba rufa,Schetba_rufa,AVES,1,22,29942.3438535035
rank,2,2,9.45013491751602,Setifer setosus,Setifer_setosus,MAMMALIA,1,196,119799.14092768
rank,2,2,9.45013491751602,Tenrec ecaudatus,Tenrec_ecaudatus,MAMMALIA,1,70,126344.546088651
rank,2,2,9.45013491751602,Thamnornis chloropetoides,Thamnornis_chloropetoides,AVES,0.999977507869225,5,3407.17432130128
rank,2,2,9.45013491751602,Treron australis,Treron_australis,AVES,0.996826234735284,1,116905.035264358
rank,2,2,9.45013491751602,Turnix nigricollis,Turnix_nigricollis,AVES,0.999945013210304,2,131539.448764116
rank,2,2,9.45013491751602,Tylas eduardi,Tylas_eduardi,AVES,0.999999988875169,6,60343.3958425373
rank,2,2,9.45013491751602,Vanga curvirostris,Vanga_curvirostris,AVES,0.99994262436723,7,128910.914211838
rank,2,2,9.45013491751602,Varecia rubra,Varecia_rubra,MAMMALIA,1,41,74104.4056656259
rank,2,2,9.45013491751602,Varecia variegata,Varecia_variegata,MAMMALIA,0.999999999999917,37,73190.0131535887
rank,2,2,9.45013491751602,Xanthomixis apperti,Xanthomixis_apperti,AVES,0.441311210122258,1,68.4073899760842
rank,2,2,9.45013491751602,Xanthomixis cinereiceps,Xanthomixis_cinereiceps,AVES,1,21,17538.7244135588
rank,2,2,9.45013491751602,Xanthomixis zosterops,Xanthomixis_zosterops,AVES,0.999999999969704,16,63172.23250404
rank,2,2,9.45013491751602,Xenopirostris damii,Xenopirostris_damii,AVES,0.00179910766481406,1,93.5023440420628
rank,2,2,9.45013491751602,Xenopirostris polleni,Xenopirostris_polleni,AVES,0.999999970589095,10,17756.9551348298
rank,2,2,9.45013491751602,Xenopirostris xenopirostris,Xenopirostris_xenopirostris,AVES,0.96505807541122,1,1102.55740338564
rank,3,3,14.1409219785651,Accipiter henstii,Accipiter_henstii,AVES,0.760727693600669,1,79207.5018949653
rank,3,3,14.1409219785651,Accipiter madagascariensis,Accipiter_madagascariensis,AVES,0.926781862470585,1,99061.9573099688
rank,3,3,14.1409219785651,Acrocephalus newtoni,Acrocephalus_newtoni,AVES,0.999999999999996,23,113636.104535611
rank,3,3,14.1409219785651,Alectroenas madagascariensis,Alectroenas_madagascariensis,AVES,0.998474581603907,6,67219.1530283912
rank,3,3,14.1409219785651,Allocebus trichotis,Allocebus_trichotis,MAMMALIA,0.00783473494650444,3,72.1001097112894
rank,3,3,14.1409219785651,Anas bernieri,Anas_bernieri,AVES,0,1,161.555721102021
rank,3,3,14.1409219785651,Apus balstoni,Apus_balstoni,AVES,0.999999922407231,6,93729.8469345391
rank,3,3,14.1409219785651,Artamella viridis,Artamella_viridis,AVES,0.99998749816118,8,108200.469235366
rank,3,3,14.1409219785651,Asio madagascariensis,Asio_madagascariensis,AVES,0.87729754670514,2,69701.35183947
rank,3,3,14.1409219785651,Atelornis crossleyi,Atelornis_crossleyi,AVES,0.999998758967357,7,11572.6222161697
rank,3,3,14.1409219785651,Atelornis pittoides,Atelornis_pittoides,AVES,0.99974025037427,3,42170.6033758
rank,3,3,14.1409219785651,Athene superciliaris,Athene_superciliaris,AVES,0.999589413017054,1,74074.0427148193
rank,3,3,14.1409219785651,Avahi laniger,Avahi_laniger,MAMMALIA,1,104,38007.8372509927
rank,3,3,14.1409219785651,Avahi occidentalis,Avahi_occidentalis,MAMMALIA,0.996177513156648,4,630.900925964117
rank,3,3,14.1409219785651,Aviceda madagascariensis,Aviceda_madagascariensis,AVES,0.975320677813469,1,99964.4875188842
rank,3,3,14.1409219785651,Bernieria madagascariensis,Bernieria_madagascariensis,AVES,0.999999996228911,21,95809.448946405
rank,3,3,14.1409219785651,Brachypteracias leptosomus,Brachypteracias_leptosomus,AVES,0.999771336917406,1,37031.6513739303
rank,3,3,14.1409219785651,Brachytarsomys albicauda,Brachytarsomys_albicauda,MAMMALIA,0.999999991596676,50,1815.17485363856
rank,3,3,14.1409219785651,Brachyuromys betsileoensis,Brachyuromys_betsileoensis,MAMMALIA,1,117,14393.3535949588
rank,3,3,14.1409219785651,Brachyuromys ramirohitra,Brachyuromys_ramirohitra,MAMMALIA,0.65541484639138,2,90.5857082977891
rank,3,3,14.1409219785651,Bradypterus brunneus,Bradypterus_brunneus,AVES,1,38,12772.3634521564
rank,3,3,14.1409219785651,Bradypterus seebohmi,Bradypterus_seebohmi,AVES,0.452718231585579,1,71.7493425011635
rank,3,3,14.1409219785651,Buteo brachypterus,Buteo_brachypterus,AVES,0.861255336326903,1,106407.0396588
rank,3,3,14.1409219785651,Calicalicus madagascariensis,Calicalicus_madagascariensis,AVES,1,27,96477.1080014303
rank,3,3,14.1409219785651,Cheirogaleus crossleyi,Cheirogaleus_crossleyi,MAMMALIA,1,92,5731.87398069368
rank,3,3,14.1409219785651,Cheirogaleus major,Cheirogaleus_major,MAMMALIA,1,255,71391.9854769558
rank,3,3,14.1409219785651,Cheirogaleus medius,Cheirogaleus_medius,MAMMALIA,1,1337,58311.6582855132
rank,3,3,14.1409219785651,Cinnyris notatus,Cinnyris_notatus,AVES,0.99999999997747,36,106898.194698974
rank,3,3,14.1409219785651,Copsychus albospecularis,Copsychus_albospecularis,AVES,0.999995269639589,5,58287.7166963929
rank,3,3,14.1409219785651,Coracopsis nigra,Coracopsis_nigra,AVES,0.995846226048182,3,109204.901595504
rank,3,3,14.1409219785651,Corythornis madagascariensis,Corythornis_madagascariensis,AVES,0.892785487503805,7,89571.9408206238
rank,3,3,14.1409219785651,Coua caerulea,Coua_caerulea,AVES,0.99992217831143,6,42983.3668833891
rank,3,3,14.1409219785651,Coua coquereli,Coua_coquereli,AVES,0.999931322831731,1,30334.5062091649
rank,3,3,14.1409219785651,Coua cristata,Coua_cristata,AVES,0.999998767719345,5,81101.9645424262
rank,3,3,14.1409219785651,Coua cursor,Coua_cursor,AVES,0.999726570991734,1,18190.4123321474
rank,3,3,14.1409219785651,Coua gigas,Coua_gigas,AVES,0.999874266296564,1,31376.2397799492
rank,3,3,14.1409219785651,Coua reynaudii,Coua_reynaudii,AVES,0.999893242287703,4,36875.1029067412
rank,3,3,14.1409219785651,Coua ruficeps,Coua_ruficeps,AVES,0.959346120072314,3,1327.46846918499
rank,3,3,14.1409219785651,Coua serriana,Coua_serriana,AVES,0.991470802905193,1,32259.5828196823
rank,3,3,14.1409219785651,Crossleyia xanthophrys,Crossleyia_xanthophrys,AVES,1,45,4117.99735637009
rank,3,3,14.1409219785651,Cryptoprocta ferox,Cryptoprocta_ferox,MAMMALIA,0.0704506117306608,4,37125.5329528528
rank,3,3,14.1409219785651,Cryptosylvicola randrianasoloi,Cryptosylvicola_randrianasoloi,AVES,1,39,5909.73896991462
rank,3,3,14.1409219785651,Cyanolanius madagascarinus,Cyanolanius_madagascarinus,AVES,0.999999999909924,15,103763.363485761
rank,3,3,14.1409219785651,Daubentonia madagascariensis,Daubentonia_madagascariensis,MAMMALIA,1,65,37592.3858149946
rank,3,3,14.1409219785651,Echinops telfairi,Echinops_telfairi,MAMMALIA,1,445,56912.1885852069
rank,3,3,14.1409219785651,Eliurus antsingy,Eliurus_antsingy,MAMMALIA,0.0133748649300235,5,69.4813072830439
rank,3,3,14.1409219785651,Eliurus grandidieri,Eliurus_grandidieri,MAMMALIA,0.999641415738649,27,917.641006159482
rank,3,3,14.1409219785651,Eliurus majori,Eliurus_majori,MAMMALIA,1,327,44846.6080813706
rank,3,3,14.1409219785651,Eliurus minor,Eliurus_minor,MAMMALIA,1,1582,73659.8786871539
rank,3,3,14.1409219785651,Eliurus myoxinus,Eliurus_myoxinus,MAMMALIA,1,1205,85926.1597792208
rank,3,3,14.1409219785651,Eliurus tanala,Eliurus_tanala,MAMMALIA,1,432,48299.9654137817
rank,3,3,14.1409219785651,Eliurus webbi,Eliurus_webbi,MAMMALIA,1,521,63320.7205562294
rank,3,3,14.1409219785651,Eremopterix hova,Eremopterix_hova,AVES,0.999999862347248,22,4111.79749785364
rank,3,3,14.1409219785651,Eulemur albifrons,Eulemur_albifrons,MAMMALIA,1,47,20985.8102891867
rank,3,3,14.1409219785651,Eulemur cinereiceps,Eulemur_cinereiceps,MAMMALIA,1,151,99189.0808660228
rank,3,3,14.1409219785651,Eulemur collaris,Eulemur_collaris,MAMMALIA,1,114,97952.7266341107
rank,3,3,14.1409219785651,Eulemur coronatus,Eulemur_coronatus,MAMMALIA,1,188,29440.1953957501
rank,3,3,14.1409219785651,Eulemur flavifrons,Eulemur_flavifrons,MAMMALIA,0.000213248908682684,1,25.074716512655
rank,3,3,14.1409219785651,Eulemur fulvus,Eulemur_fulvus,MAMMALIA,1,122,99479.9208507635
rank,3,3,14.1409219785651,Eulemur macaco,Eulemur_macaco,MAMMALIA,1,47,38812.8052628293
rank,3,3,14.1409219785651,Eulemur mongoz,Eulemur_mongoz,MAMMALIA,0.99999995289805,33,2266.66703993082
rank,3,3,14.1409219785651,Eulemur rubriventer,Eulemur_rubriventer,MAMMALIA,1,233,82565.6278910589
rank,3,3,14.1409219785651,Eulemur rufus,Eulemur_rufus,MAMMALIA,1,165,51078.6640245164
rank,3,3,14.1409219785651,Eulemur sanfordi,Eulemur_sanfordi,MAMMALIA,1,179,99520.1006715169
rank,3,3,14.1409219785651,Euryceros prevostii,Euryceros_prevostii,AVES,0.999000955070916,3,2839.0629478842
rank,3,3,14.1409219785651,Falco zoniventris,Falco_zoniventris,AVES,0.929923513611147,1,70262.5955346674
rank,3,3,14.1409219785651,Falculea palliata,Falculea_palliata,AVES,0.99999999999796,7,30671.2058899403
rank,3,3,14.1409219785651,Fossa fossana,Fossa_fossana,MAMMALIA,0.978483142936644,2,48599.4609659314
rank,3,3,14.1409219785651,Foudia madagascariensis,Foudia_madagascariensis,AVES,0.999999490946139,20,136890.041864835
rank,3,3,14.1409219785651,Foudia omissa,Foudia_omissa,AVES,0.999999999955794,16,51014.2232421264
rank,3,3,14.1409219785651,Gactornis enarratus,Gactornis_enarratus,AVES,0.999999514190916,5,49088.6106889472
rank,3,3,14.1409219785651,Galidia elegans,Galidia_elegans,MAMMALIA,0.968206154971563,6,49867.5283673876
rank,3,3,14.1409219785651,Galidictis fasciata,Galidictis_fasciata,MAMMALIA,0,3,4247.07071315497
rank,3,3,14.1409219785651,Geobiastes squamiger,Geobiastes_squamiger,AVES,0.999652519491625,4,10926.8523845822
rank,3,3,14.1409219785651,Geogale aurita,Geogale_aurita,MAMMALIA,1,780,32191.8595520333
rank,3,3,14.1409219785651,Gymnuromys roberti,Gymnuromys_roberti,MAMMALIA,1,164,26545.8101190973
rank,3,3,14.1409219785651,Haliaeetus vociferoides,Haliaeetus_vociferoides,AVES,0.0115773784314965,1,5133.49427342415
rank,3,3,14.1409219785651,Hapalemur alaotrensis,Hapalemur_alaotrensis,MAMMALIA,1,141,11439.9057848001
rank,3,3,14.1409219785651,Hapalemur aureus,Hapalemur_aureus,MAMMALIA,0.999999995692329,24,1820.55619611591
rank,3,3,14.1409219785651,Hapalemur griseus,Hapalemur_griseus,MAMMALIA,1,174,93818.2555827099
rank,3,3,14.1409219785651,Hapalemur occidentalis,Hapalemur_occidentalis,MAMMALIA,0.999995100328248,28,1026.71440970898
rank,3,3,14.1409219785651,Hartertula flavoviridis,Hartertula_flavoviridis,AVES,1,45,8110.84596121311
rank,3,3,14.1409219785651,Hartlaubius auratus,Hartlaubius_auratus,AVES,0.999999066938832,13,97415.0606309047
rank,3,3,14.1409219785651,Hemicentetes nigriceps,Hemicentetes_nigriceps,MAMMALIA,0.999953127257988,35,2052.96238155258
rank,3,3,14.1409219785651,Hemicentetes semispinosus,Hemicentetes_semispinosus,MAMMALIA,1,93,72363.2947645113
rank,3,3,14.1409219785651,Hypogeomys antimena,Hypogeomys_antimena,MAMMALIA,0.133821965840603,5,104.686912983656
rank,3,3,14.1409219785651,Hypositta corallirostris,Hypositta_corallirostris,AVES,0.999987195659842,11,61941.5605923161
rank,3,3,14.1409219785651,Indri indri,Indri_indri,MAMMALIA,0.999999975904858,17,63341.6888594106
rank,3,3,14.1409219785651,Lemur catta,Lemur_catta,MAMMALIA,1,210,26416.2748039886
rank,3,3,14.1409219785651,Lepidopygia nana,Lepidopygia_nana,AVES,0.997612315656764,50,140827.097322589
rank,3,3,14.1409219785651,Lepilemur ankaranensis,Lepilemur_ankaranensis,MAMMALIA,0.942459903341428,13,361.823311685567
rank,3,3,14.1409219785651,Lepilemur edwardsi,Lepilemur_edwardsi,MAMMALIA,1,56,10363.7149990052
rank,3,3,14.1409219785651,Lepilemur leucopus,Lepilemur_leucopus,MAMMALIA,1,81,21943.3578573465
rank,3,3,14.1409219785651,Lepilemur microdon,Lepilemur_microdon,MAMMALIA,0.999999999997001,34,4773.54297635564
rank,3,3,14.1409219785651,Lepilemur mustelinus,Lepilemur_mustelinus,MAMMALIA,1,242,89233.0877014697
rank,3,3,14.1409219785651,Lepilemur ruficaudatus,Lepilemur_ruficaudatus,MAMMALIA,1,183,18796.6344717063
rank,3,3,14.1409219785651,Leptopterus chabert,Leptopterus_chabert,AVES,0.999991129425233,11,124152.756201431
rank,3,3,14.1409219785651,Lophotibis cristata,Lophotibis_cristata,AVES,0.999840054802855,2,82537.8871412194
rank,3,3,14.1409219785651,Macrotarsomys bastardi,Macrotarsomys_bastardi,MAMMALIA,1,277,8155.32697095466
rank,3,3,14.1409219785651,Margaroperdix madagarensis,Margaroperdix_madagarensis,AVES,0.999976611175897,2,103216.403099671
rank,3,3,14.1409219785651,Mentocrex kioloides,Mentocrex_kioloides,AVES,0.997738509191571,1,33599.5511393845
rank,3,3,14.1409219785651,Mesitornis unicolor,Mesitornis_unicolor,AVES,0,1,89.8278131379858
rank,3,3,14.1409219785651,Mesitornis variegatus,Mesitornis_variegatus,AVES,0.998762356946553,5,2869.24937690049
rank,3,3,14.1409219785651,Microcebus berthae,Microcebus_berthae,MAMMALIA,1.52725555535582e-08,2,17.7781751081347
rank,3,3,14.1409219785651,Microcebus griseorufus,Microcebus_griseorufus,MAMMALIA,0.995769019106108,14,501.433658043884
rank,3,3,14.1409219785651,Microcebus murinus,Microcebus_murinus,MAMMALIA,1,1544,92863.3110461608
rank,3,3,14.1409219785651,Microcebus myoxinus,Microcebus_myoxinus,MAMMALIA,0.999999992654343,102,1124.39007911777
rank,3,3,14.1409219785651,Microcebus ravelobensis,Microcebus_ravelobensis,MAMMALIA,0.778620368188765,15,246.875988043973
rank,3,3,14.1409219785651,Microcebus rufus,Microcebus_rufus,MAMMALIA,1,1316,70012.4981769862
rank,3,3,14.1409219785651,Microcebus tavaratra,Microcebus_tavaratra,MAMMALIA,0.99348955741329,45,767.433245509863
rank,3,3,14.1409219785651,Microgale brevicaudata,Microgale_brevicaudata,MAMMALIA,1,872,32152.0997243002
rank,3,3,14.1409219785651,Microgale cowani,Microgale_cowani,MAMMALIA,1,586,59219.5775768012
rank,3,3,14.1409219785651,Microgale drouhardi,Microgale_drouhardi,MAMMALIA,1,318,26733.3236025419
rank,3,3,14.1409219785651,Microgale dryas,Microgale_dryas,MAMMALIA,0.897201399235259,47,1369.92029440585
rank,3,3,14.1409219785651,Microgale fotsifotsy,Microgale_fotsifotsy,MAMMALIA,1,400,31180.2173054954
rank,3,3,14.1409219785651,Microgale gracilis,Microgale_gracilis,MAMMALIA,0.999999999998795,118,9616.30546971204
rank,3,3,14.1409219785651,Microgale gymnorhyncha,Microgale_gymnorhyncha,MAMMALIA,1,132,19604.3912614721
rank,3,3,14.1409219785651,Microgale longicaudata,Microgale_longicaudata,MAMMALIA,1,1092,62724.8267965466
rank,3,3,14.1409219785651,Microgale mergulus,Microgale_mergulus,MAMMALIA,0.999999999999896,71,5562.61775285862
rank,3,3,14.1409219785651,Microgale parvula,Microgale_parvula,MAMMALIA,0.999999999999958,1281,63344.2162621589
rank,3,3,14.1409219785651,Microgale principula,Microgale_principula,MAMMALIA,1,616,50585.2454457507
rank,3,3,14.1409219785651,Microgale pusilla,Microgale_pusilla,MAMMALIA,0.999999999899956,418,19594.9688907862
rank,3,3,14.1409219785651,Microgale soricoides,Microgale_soricoides,MAMMALIA,1,145,27472.9712404214
rank,3,3,14.1409219785651,Microgale taiva,Microgale_taiva,MAMMALIA,1,309,40762.7693735659
rank,3,3,14.1409219785651,Microgale thomasi,Microgale_thomasi,MAMMALIA,1,126,24361.8502225205
rank,3,3,14.1409219785651,Mirza coquereli,Mirza_coquereli,MAMMALIA,0.999997589067307,53,2653.0007427779
rank,3,3,14.1409219785651,Monias benschi,Monias_benschi,AVES,0,1,82.9420458882274
rank,3,3,14.1409219785651,Monticola erythronotus,Monticola_erythronotus,AVES,0.505764981643065,1,97.4973036619822
rank,3,3,14.1409219785651,Monticola sharpei,Monticola_sharpei,AVES,1,20,100318.178814664
rank,3,3,14.1409219785651,Monticolomys koopmani,Monticolomys_koopmani,MAMMALIA,0.132627251095215,6,104.060766987503
rank,3,3,14.1409219785651,Motacilla flaviventris,Motacilla_flaviventris,AVES,1,31,15697.6023567327
rank,3,3,14.1409219785651,Mystacornis crossleyi,Mystacornis_crossleyi,AVES,0.99999999999998,10,47367.4989955145
rank,3,3,14.1409219785651,Neodrepanis coruscans,Neodrepanis_coruscans,AVES,0.999998437906289,15,29554.2376317234
rank,3,3,14.1409219785651,Neodrepanis hypoxantha,Neodrepanis_hypoxantha,AVES,0.0211788111247608,3,88.4296057149768
rank,3,3,14.1409219785651,Neomixis striatigula,Neomixis_striatigula,AVES,0.999999999986473,20,58053.6912177409
rank,3,3,14.1409219785651,Neomixis tenella,Neomixis_tenella,AVES,1,61,93001.8390048221
rank,3,3,14.1409219785651,Neomixis viridis,Neomixis_viridis,AVES,0.999999999961802,26,53123.8982984806
rank,3,3,14.1409219785651,Nesillas lantzii,Nesillas_lantzii,AVES,0.999983000083502,3,2703.9328436479
rank,3,3,14.1409219785651,Nesogale dobsoni,Nesogale_dobsoni,MAMMALIA,1,379,68155.3400529218
rank,3,3,14.1409219785651,Nesogale talazaci,Nesogale_talazaci,MAMMALIA,1,207,64573.2235363926
rank,3,3,14.1409219785651,Nesomys audeberti,Nesomys_audeberti,MAMMALIA,1,111,4404.70734705302
rank,3,3,14.1409219785651,Nesomys lambertoni,Nesomys_lambertoni,MAMMALIA,0.999983982375401,29,958.575495295227
rank,3,3,14.1409219785651,Nesomys rufus,Nesomys_rufus,MAMMALIA,1,229,46636.2850091746
rank,3,3,14.1409219785651,Newtonia amphichroa,Newtonia_amphichroa,AVES,1,15,42489.8915251261
rank,3,3,14.1409219785651,Newtonia archboldi,Newtonia_archboldi,AVES,0.999743205924592,10,2057.60292387809
rank,3,3,14.1409219785651,Newtonia brunneicauda,Newtonia_brunneicauda,AVES,1,31,120293.696951315
rank,3,3,14.1409219785651,Newtonia fanovanae,Newtonia_fanovanae,AVES,0.353055283448657,2,98.2207024819943
rank,3,3,14.1409219785651,Oriolia bernieri,Oriolia_bernieri,AVES,0.999997529517201,13,14262.3456658348
rank,3,3,14.1409219785651,Oryzorictes hova,Oryzorictes_hova,MAMMALIA,1,289,64762.5080880746
rank,3,3,14.1409219785651,Oryzorictes tetradactylus,Oryzorictes_tetradactylus,MAMMALIA,1,155,10717.5339834051
rank,3,3,14.1409219785651,Otus rutilus,Otus_rutilus,AVES,0.999999854960434,4,105507.733170703
rank,3,3,14.1409219785651,Oxylabes madagascariensis,Oxylabes_madagascariensis,AVES,0.999999999999997,16,53198.8620757684
rank,3,3,14.1409219785651,Phaner electromontis,Phaner_electromontis,MAMMALIA,1.1181189119025e-07,1,17.4337788633315
rank,3,3,14.1409219785651,Phaner furcifer,Phaner_furcifer,MAMMALIA,0.887905466959644,58,892.662774423171
rank,3,3,14.1409219785651,Phaner pallescens,Phaner_pallescens,MAMMALIA,0.999999999997009,57,3504.14815962315
rank,3,3,14.1409219785651,Phaner parienti,Phaner_parienti,MAMMALIA,0.00280017666108967,1,24.4501852478648
rank,3,3,14.1409219785651,Philepitta castanea,Philepitta_castanea,AVES,0.983785999071993,4,38392.0444758534
rank,3,3,14.1409219785651,Philepitta schlegeli,Philepitta_schlegeli,AVES,0.988278027030843,14,4281.37986122647
rank,3,3,14.1409219785651,Ploceus nelicourvi,Ploceus_nelicourvi,AVES,0.999999997592272,12,62036.6341430992
rank,3,3,14.1409219785651,Ploceus sakalava,Ploceus_sakalava,AVES,0.999999967518449,23,41762.9165790677
rank,3,3,14.1409219785651,Polyboroides radiatus,Polyboroides_radiatus,AVES,0.998631385375695,1,112931.793907332
rank,3,3,14.1409219785651,Pseudobias wardi,Pseudobias_wardi,AVES,0.999999999999996,19,41773.6551530475
rank,3,3,14.1409219785651,Pterocles personatus,Pterocles_personatus,AVES,0.940123497880854,5,7087.00341547594
rank,3,3,14.1409219785651,Rallus madagascariensis,Rallus_madagascariensis,AVES,0.999999431971117,5,14553.5629941739
rank,3,3,14.1409219785651,Randia pseudozosterops,Randia_pseudozosterops,AVES,0.999998899414355,6,46400.1207509915
rank,3,3,14.1409219785651,Sarothrura insularis,Sarothrura_insularis,AVES,0.999965248101223,7,74678.4254219383
rank,3,3,14.1409219785651,Schetba rufa,Schetba_rufa,AVES,0.999999999999998,24,29787.9769983292
rank,3,3,14.1409219785651,Setifer setosus,Setifer_setosus,MAMMALIA,1,201,116977.329836108
rank,3,3,14.1409219785651,Tenrec ecaudatus,Tenrec_ecaudatus,MAMMALIA,1,84,121116.664502122
rank,3,3,14.1409219785651,Thamnornis chloropetoides,Thamnornis_chloropetoides,AVES,0.999977507869225,5,3407.17432130128
rank,3,3,14.1409219785651,Treron australis,Treron_australis,AVES,0.996701465423976,1,112952.411782227
rank,3,3,14.1409219785651,Turnix nigricollis,Turnix_nigricollis,AVES,0.999940508611511,3,125428.095074274
rank,3,3,14.1409219785651,Tylas eduardi,Tylas_eduardi,AVES,0.999999988440749,6,59701.4268081561
rank,3,3,14.1409219785651,Vanga curvirostris,Vanga_curvirostris,AVES,0.999941940503548,8,124494.855704897
rank,3,3,14.1409219785651,Varecia rubra,Varecia_rubra,MAMMALIA,1,44,73586.8001908531
rank,3,3,14.1409219785651,Varecia variegata,Varecia_variegata,MAMMALIA,0.999999999999886,39,72773.748870323
rank,3,3,14.1409219785651,Xanthomixis apperti,Xanthomixis_apperti,AVES,0.441311210122258,1,68.4073899760842
rank,3,3,14.1409219785651,Xanthomixis cinereiceps,Xanthomixis_cinereiceps,AVES,1,21,17534.6095303819
rank,3,3,14.1409219785651,Xanthomixis zosterops,Xanthomixis_zosterops,AVES,0.999999999914979,17,62860.9700446725
rank,3,3,14.1409219785651,Xenopirostris damii,Xenopirostris_damii,AVES,0.00179910766481406,1,93.5023440420628
rank,3,3,14.1409219785651,Xenopirostris polleni,Xenopirostris_polleni,AVES,0.999999970589095,10,17756.9551348298
rank,3,3,14.1409219785651,Xenopirostris xenopirostris,Xenopirostris_xenopirostris,AVES,0.96505807541122,1,1102.55740338564
rank,4,4,18.8353199706999,Accipiter henstii,Accipiter_henstii,AVES,0.756716975404814,1,77562.5873504768
rank,4,4,18.8353199706999,Accipiter madagascariensis,Accipiter_madagascariensis,AVES,0.924992116459294,1,96704.1759023219
rank,4,4,18.8353199706999,Acrocephalus newtoni,Acrocephalus_newtoni,AVES,0.99999999999997,21,110386.081648671
rank,4,4,18.8353199706999,Alectroenas madagascariensis,Alectroenas_madagascariensis,AVES,0.998444277670401,7,66011.914346145
rank,4,4,18.8353199706999,Allocebus trichotis,Allocebus_trichotis,MAMMALIA,0.00783473494650444,3,72.1001097112894
rank,4,4,18.8353199706999,Anas bernieri,Anas_bernieri,AVES,0,1,161.555721102021
rank,4,4,18.8353199706999,Apus balstoni,Apus_balstoni,AVES,0.999999900916143,6,91360.062577088
rank,4,4,18.8353199706999,Artamella viridis,Artamella_viridis,AVES,0.99998648492547,9,104180.752748102
rank,4,4,18.8353199706999,Asio madagascariensis,Asio_madagascariensis,AVES,0.873765415989812,2,68415.7106278924
rank,4,4,18.8353199706999,Atelornis crossleyi,Atelornis_crossleyi,AVES,0.999998758967357,7,11572.6222161697
rank,4,4,18.8353199706999,Atelornis pittoides,Atelornis_pittoides,AVES,0.9997385258069,3,42010.8357976899
rank,4,4,18.8353199706999,Athene superciliaris,Athene_superciliaris,AVES,0.999567705997856,1,71717.833984673
rank,4,4,18.8353199706999,Avahi laniger,Avahi_laniger,MAMMALIA,1,97,37655.115698114
rank,4,4,18.8353199706999,Avahi occidentalis,Avahi_occidentalis,MAMMALIA,0.996177513156648,4,630.900925964117
rank,4,4,18.8353199706999,Aviceda madagascariensis,Aviceda_madagascariensis,AVES,0.973947043360117,1,95779.3518886194
rank,4,4,18.8353199706999,Bernieria madagascariensis,Bernieria_madagascariensis,AVES,0.999999978313312,19,93066.170173578
rank,4,4,18.8353199706999,Brachypteracias leptosomus,Brachypteracias_leptosomus,AVES,0.999771308193583,1,37029.1050441116
rank,4,4,18.8353199706999,Brachytarsomys albicauda,Brachytarsomys_albicauda,MAMMALIA,0.999999991596676,50,1815.17485363856
rank,4,4,18.8353199706999,Brachyuromys betsileoensis,Brachyuromys_betsileoensis,MAMMALIA,1,118,14313.7441748753
rank,4,4,18.8353199706999,Brachyuromys ramirohitra,Brachyuromys_ramirohitra,MAMMALIA,0.65541484639138,2,90.5857082977891
rank,4,4,18.8353199706999,Bradypterus brunneus,Bradypterus_brunneus,AVES,1,38,12772.3634521564
rank,4,4,18.8353199706999,Bradypterus seebohmi,Bradypterus_seebohmi,AVES,0.452718231585579,1,71.7493425011635
rank,4,4,18.8353199706999,Buteo brachypterus,Buteo_brachypterus,AVES,0.855754190220505,1,101804.436153814
rank,4,4,18.8353199706999,Calicalicus madagascariensis,Calicalicus_madagascariensis,AVES,1,27,93526.9103718963
rank,4,4,18.8353199706999,Cheirogaleus crossleyi,Cheirogaleus_crossleyi,MAMMALIA,1,92,5731.87398069368
rank,4,4,18.8353199706999,Cheirogaleus major,Cheirogaleus_major,MAMMALIA,1,252,70112.3367072567
rank,4,4,18.8353199706999,Cheirogaleus medius,Cheirogaleus_medius,MAMMALIA,1,1185,55112.6474160022
rank,4,4,18.8353199706999,Cinnyris notatus,Cinnyris_notatus,AVES,0.9999999999698,34,102788.958032901
rank,4,4,18.8353199706999,Copsychus albospecularis,Copsychus_albospecularis,AVES,0.99999558320764,7,57457.9828563097
rank,4,4,18.8353199706999,Coracopsis nigra,Coracopsis_nigra,AVES,0.995714988460673,3,106160.954801777
rank,4,4,18.8353199706999,Corythornis madagascariensis,Corythornis_madagascariensis,AVES,0.892217579354013,6,87338.250191852
rank,4,4,18.8353199706999,Coua caerulea,Coua_caerulea,AVES,0.999921743131822,6,42867.8336187634
rank,4,4,18.8353199706999,Coua coquereli,Coua_coquereli,AVES,0.999927651745808,1,29537.9911743477
rank,4,4,18.8353199706999,Coua cristata,Coua_cristata,AVES,0.999998647459077,5,79232.3768767417
rank,4,4,18.8353199706999,Coua cursor,Coua_cursor,AVES,0.999711645231662,1,17722.9960917756
rank,4,4,18.8353199706999,Coua gigas,Coua_gigas,AVES,0.999871527568247,1,31056.3079378754
rank,4,4,18.8353199706999,Coua reynaudii,Coua_reynaudii,AVES,0.999892899404152,4,36820.5720057339
rank,4,4,18.8353199706999,Coua ruficeps,Coua_ruficeps,AVES,0.959346120072314,3,1327.46846918499
rank,4,4,18.8353199706999,Coua serriana,Coua_serriana,AVES,0.99146995526757,1,32257.0364898646
rank,4,4,18.8353199706999,Crossleyia xanthophrys,Crossleyia_xanthophrys,AVES,1,45,4117.99735637009
rank,4,4,18.8353199706999,Cryptoprocta ferox,Cryptoprocta_ferox,MAMMALIA,0.0700873125263308,4,36764.9670518662
rank,4,4,18.8353199706999,Cryptosylvicola randrianasoloi,Cryptosylvicola_randrianasoloi,AVES,1,39,5909.73896991462
rank,4,4,18.8353199706999,Cyanolanius madagascarinus,Cyanolanius_madagascarinus,AVES,0.999999999429649,17,99821.4998588961
rank,4,4,18.8353199706999,Daubentonia madagascariensis,Daubentonia_madagascariensis,MAMMALIA,1,66,36657.1160845459
rank,4,4,18.8353199706999,Echinops telfairi,Echinops_telfairi,MAMMALIA,1,418,54149.0282932892
rank,4,4,18.8353199706999,Eliurus antsingy,Eliurus_antsingy,MAMMALIA,0.0133748649300235,5,69.4813072830439
rank,4,4,18.8353199706999,Eliurus grandidieri,Eliurus_grandidieri,MAMMALIA,0.999641415738649,27,917.641006159482
rank,4,4,18.8353199706999,Eliurus majori,Eliurus_majori,MAMMALIA,1,308,43997.7020333931
rank,4,4,18.8353199706999,Eliurus minor,Eliurus_minor,MAMMALIA,1,1537,72499.5079844852
rank,4,4,18.8353199706999,Eliurus myoxinus,Eliurus_myoxinus,MAMMALIA,1,1146,83005.8793479502
rank,4,4,18.8353199706999,Eliurus tanala,Eliurus_tanala,MAMMALIA,1,425,48032.718858022
rank,4,4,18.8353199706999,Eliurus webbi,Eliurus_webbi,MAMMALIA,1,517,62667.1506175324
rank,4,4,18.8353199706999,Eremopterix hova,Eremopterix_hova,AVES,0.999999862347248,22,4111.79749785364
rank,4,4,18.8353199706999,Eulemur albifrons,Eulemur_albifrons,MAMMALIA,1,46,20774.81136017
rank,4,4,18.8353199706999,Eulemur cinereiceps,Eulemur_cinereiceps,MAMMALIA,1,156,95872.8912266016
rank,4,4,18.8353199706999,Eulemur collaris,Eulemur_collaris,MAMMALIA,1,118,94881.8384644909
rank,4,4,18.8353199706999,Eulemur coronatus,Eulemur_coronatus,MAMMALIA,1,188,28051.7679257112
rank,4,4,18.8353199706999,Eulemur flavifrons,Eulemur_flavifrons,MAMMALIA,0.000213248908682684,1,25.074716512655
rank,4,4,18.8353199706999,Eulemur fulvus,Eulemur_fulvus,MAMMALIA,1,139,96158.7017462675
rank,4,4,18.8353199706999,Eulemur macaco,Eulemur_macaco,MAMMALIA,1,49,38521.7113855854
rank,4,4,18.8353199706999,Eulemur mongoz,Eulemur_mongoz,MAMMALIA,0.99999995289805,33,2266.66703993082
rank,4,4,18.8353199706999,Eulemur rubriventer,Eulemur_rubriventer,MAMMALIA,1,228,80619.8152679205
rank,4,4,18.8353199706999,Eulemur rufus,Eulemur_rufus,MAMMALIA,1,165,49603.6060654115
rank,4,4,18.8353199706999,Eulemur sanfordi,Eulemur_sanfordi,MAMMALIA,1,185,96196.2500116064
rank,4,4,18.8353199706999,Euryceros prevostii,Euryceros_prevostii,AVES,0.999000955070916,3,2839.0629478842
rank,4,4,18.8353199706999,Falco zoniventris,Falco_zoniventris,AVES,0.928363320952295,1,68732.0949533805
rank,4,4,18.8353199706999,Falculea palliata,Falculea_palliata,AVES,0.999999999997464,7,29938.4529861435
rank,4,4,18.8353199706999,Fossa fossana,Fossa_fossana,MAMMALIA,0.978483142936644,2,48599.4609659314
rank,4,4,18.8353199706999,Foudia madagascariensis,Foudia_madagascariensis,AVES,0.999999839185091,23,130424.7657855
rank,4,4,18.8353199706999,Foudia omissa,Foudia_omissa,AVES,0.999999999982527,18,50821.4309539273
rank,4,4,18.8353199706999,Gactornis enarratus,Gactornis_enarratus,AVES,0.999999507479585,5,49049.0312041193
rank,4,4,18.8353199706999,Galidia elegans,Galidia_elegans,MAMMALIA,0.968194280240762,6,49863.5637592203
rank,4,4,18.8353199706999,Galidictis fasciata,Galidictis_fasciata,MAMMALIA,0,3,4247.07071315497
rank,4,4,18.8353199706999,Geobiastes squamiger,Geobiastes_squamiger,AVES,0.999652519491625,4,10926.8523845822
rank,4,4,18.8353199706999,Geogale aurita,Geogale_aurita,MAMMALIA,1,752,31513.0129011795
rank,4,4,18.8353199706999,Gymnuromys roberti,Gymnuromys_roberti,MAMMALIA,1,159,26492.4673369371
rank,4,4,18.8353199706999,Haliaeetus vociferoides,Haliaeetus_vociferoides,AVES,0.0115773784314965,1,5133.49427342415
rank,4,4,18.8353199706999,Hapalemur alaotrensis,Hapalemur_alaotrensis,MAMMALIA,1,141,11439.9057848001
rank,4,4,18.8353199706999,Hapalemur aureus,Hapalemur_aureus,MAMMALIA,0.999999995692329,24,1820.55619611591
rank,4,4,18.8353199706999,Hapalemur griseus,Hapalemur_griseus,MAMMALIA,1,170,91286.6637871117
rank,4,4,18.8353199706999,Hapalemur occidentalis,Hapalemur_occidentalis,MAMMALIA,0.999995100328248,28,1026.71440970898
rank,4,4,18.8353199706999,Hartertula flavoviridis,Hartertula_flavoviridis,AVES,1,45,8110.84596121311
rank,4,4,18.8353199706999,Hartlaubius auratus,Hartlaubius_auratus,AVES,0.999997133987377,12,94297.8966973488
rank,4,4,18.8353199706999,Hemicentetes nigriceps,Hemicentetes_nigriceps,MAMMALIA,0.999953127257988,35,2052.96238155258
rank,4,4,18.8353199706999,Hemicentetes semispinosus,Hemicentetes_semispinosus,MAMMALIA,1,103,71412.5048353225
rank,4,4,18.8353199706999,Hypogeomys antimena,Hypogeomys_antimena,MAMMALIA,0.133821965840603,5,104.686912983656
rank,4,4,18.8353199706999,Hypositta corallirostris,Hypositta_corallirostris,AVES,0.999986429650375,11,61726.4418465495
rank,4,4,18.8353199706999,Indri indri,Indri_indri,MAMMALIA,0.999999997049019,18,62953.6316305995
rank,4,4,18.8353199706999,Lemur catta,Lemur_catta,MAMMALIA,1,230,25046.9840265438
rank,4,4,18.8353199706999,Lepidopygia nana,Lepidopygia_nana,AVES,0.998477266734439,55,134523.628581984
rank,4,4,18.8353199706999,Lepilemur ankaranensis,Lepilemur_ankaranensis,MAMMALIA,0.942459903341428,13,361.823311685567
rank,4,4,18.8353199706999,Lepilemur edwardsi,Lepilemur_edwardsi,MAMMALIA,1,56,10363.7149990052
rank,4,4,18.8353199706999,Lepilemur leucopus,Lepilemur_leucopus,MAMMALIA,1,81,21044.5235339776
rank,4,4,18.8353199706999,Lepilemur microdon,Lepilemur_microdon,MAMMALIA,0.999999999997001,34,4773.54297635564
rank,4,4,18.8353199706999,Lepilemur mustelinus,Lepilemur_mustelinus,MAMMALIA,1,253,86342.3215009347
rank,4,4,18.8353199706999,Lepilemur ruficaudatus,Lepilemur_ruficaudatus,MAMMALIA,1,173,17910.0684951562
rank,4,4,18.8353199706999,Leptopterus chabert,Leptopterus_chabert,AVES,0.99999979008735,14,118630.838482477
rank,4,4,18.8353199706999,Lophotibis cristata,Lophotibis_cristata,AVES,0.999834672076791,2,81121.9551265781
rank,4,4,18.8353199706999,Macrotarsomys bastardi,Macrotarsomys_bastardi,MAMMALIA,1,277,8155.32697095466
rank,4,4,18.8353199706999,Margaroperdix madagarensis,Margaroperdix_madagarensis,AVES,0.999975230668131,1,99613.9142343253
rank,4,4,18.8353199706999,Mentocrex kioloides,Mentocrex_kioloides,AVES,0.997736510796498,1,33579.4262834862
rank,4,4,18.8353199706999,Mesitornis unicolor,Mesitornis_unicolor,AVES,0,1,89.8278131379858
rank,4,4,18.8353199706999,Mesitornis variegatus,Mesitornis_variegatus,AVES,0.998762356946553,5,2869.24937690049
rank,4,4,18.8353199706999,Microcebus berthae,Microcebus_berthae,MAMMALIA,1.52725555535582e-08,2,17.7781751081347
rank,4,4,18.8353199706999,Microcebus griseorufus,Microcebus_griseorufus,MAMMALIA,0.995769019106108,14,501.433658043884
rank,4,4,18.8353199706999,Microcebus murinus,Microcebus_murinus,MAMMALIA,1,1444,88562.1374468878
rank,4,4,18.8353199706999,Microcebus myoxinus,Microcebus_myoxinus,MAMMALIA,0.999999992654343,102,1124.39007911777
rank,4,4,18.8353199706999,Microcebus ravelobensis,Microcebus_ravelobensis,MAMMALIA,0.778620368188765,15,246.875988043973
rank,4,4,18.8353199706999,Microcebus rufus,Microcebus_rufus,MAMMALIA,1,1291,68700.0624838626
rank,4,4,18.8353199706999,Microcebus tavaratra,Microcebus_tavaratra,MAMMALIA,0.99348955741329,45,767.433245509863
rank,4,4,18.8353199706999,Microgale brevicaudata,Microgale_brevicaudata,MAMMALIA,1,855,31531.1052275077
rank,4,4,18.8353199706999,Microgale cowani,Microgale_cowani,MAMMALIA,1,568,58043.6533460543
rank,4,4,18.8353199706999,Microgale drouhardi,Microgale_drouhardi,MAMMALIA,1,321,26558.5337051905
rank,4,4,18.8353199706999,Microgale dryas,Microgale_dryas,MAMMALIA,0.897201399235259,47,1369.92029440585
rank,4,4,18.8353199706999,Microgale fotsifotsy,Microgale_fotsifotsy,MAMMALIA,1,402,30807.640387674
rank,4,4,18.8353199706999,Microgale gracilis,Microgale_gracilis,MAMMALIA,0.999999999998795,118,9616.30546971204
rank,4,4,18.8353199706999,Microgale gymnorhyncha,Microgale_gymnorhyncha,MAMMALIA,1,132,19525.5276277208
rank,4,4,18.8353199706999,Microgale longicaudata,Microgale_longicaudata,MAMMALIA,1,1049,61385.7351224274
rank,4,4,18.8353199706999,Microgale mergulus,Microgale_mergulus,MAMMALIA,0.999999999999896,71,5562.61775285862
rank,4,4,18.8353199706999,Microgale parvula,Microgale_parvula,MAMMALIA,0.999999999999949,1250,62880.4347633413
rank,4,4,18.8353199706999,Microgale principula,Microgale_principula,MAMMALIA,1,612,50460.5007082745
rank,4,4,18.8353199706999,Microgale pusilla,Microgale_pusilla,MAMMALIA,0.999999999865161,422,19331.1723875552
rank,4,4,18.8353199706999,Microgale soricoides,Microgale_soricoides,MAMMALIA,1,144,27376.9656603621
rank,4,4,18.8353199706999,Microgale taiva,Microgale_taiva,MAMMALIA,1,308,40716.6158956662
rank,4,4,18.8353199706999,Microgale thomasi,Microgale_thomasi,MAMMALIA,1,119,24177.4382562637
rank,4,4,18.8353199706999,Mirza coquereli,Mirza_coquereli,MAMMALIA,0.999997589067307,53,2653.0007427779
rank,4,4,18.8353199706999,Monias benschi,Monias_benschi,AVES,0,1,82.9420458882274
rank,4,4,18.8353199706999,Monticola erythronotus,Monticola_erythronotus,AVES,0.505764981643065,1,97.4973036619822
rank,4,4,18.8353199706999,Monticola sharpei,Monticola_sharpei,AVES,1,23,95230.6498653293
rank,4,4,18.8353199706999,Monticolomys koopmani,Monticolomys_koopmani,MAMMALIA,0.132627251095215,6,104.060766987503
rank,4,4,18.8353199706999,Motacilla flaviventris,Motacilla_flaviventris,AVES,1,40,13008.7369826483
rank,4,4,18.8353199706999,Mystacornis crossleyi,Mystacornis_crossleyi,AVES,0.999999999999979,10,47318.3697261358
rank,4,4,18.8353199706999,Neodrepanis coruscans,Neodrepanis_coruscans,AVES,0.999999002319223,16,29518.3777531937
rank,4,4,18.8353199706999,Neodrepanis hypoxantha,Neodrepanis_hypoxantha,AVES,0.0211788111247608,3,88.4296057149768
rank,4,4,18.8353199706999,Neomixis striatigula,Neomixis_striatigula,AVES,0.999999999998602,25,57637.1644088041
rank,4,4,18.8353199706999,Neomixis tenella,Neomixis_tenella,AVES,1,72,90206.0851834863
rank,4,4,18.8353199706999,Neomixis viridis,Neomixis_viridis,AVES,0.999999999992711,24,52970.8235686595
rank,4,4,18.8353199706999,Nesillas lantzii,Nesillas_lantzii,AVES,0.999983000083502,3,2703.9328436479
rank,4,4,18.8353199706999,Nesogale dobsoni,Nesogale_dobsoni,MAMMALIA,1,351,66433.9492744772
rank,4,4,18.8353199706999,Nesogale talazaci,Nesogale_talazaci,MAMMALIA,1,212,63910.3420100876
rank,4,4,18.8353199706999,Nesomys audeberti,Nesomys_audeberti,MAMMALIA,1,111,4404.70734705302
rank,4,4,18.8353199706999,Nesomys lambertoni,Nesomys_lambertoni,MAMMALIA,0.999983982375401,29,958.575495295227
rank,4,4,18.8353199706999,Nesomys rufus,Nesomys_rufus,MAMMALIA,1,237,46383.209406336
rank,4,4,18.8353199706999,Newtonia amphichroa,Newtonia_amphichroa,AVES,1,15,42295.6791895358
rank,4,4,18.8353199706999,Newtonia archboldi,Newtonia_archboldi,AVES,0.999743205924592,10,2057.60292387809
rank,4,4,18.8353199706999,Newtonia brunneicauda,Newtonia_brunneicauda,AVES,1,35,116126.632238455
rank,4,4,18.8353199706999,Newtonia fanovanae,Newtonia_fanovanae,AVES,0.353055283448657,2,98.2207024819943
rank,4,4,18.8353199706999,Oriolia bernieri,Oriolia_bernieri,AVES,0.999997529517201,13,14262.3456658348
rank,4,4,18.8353199706999,Oryzorictes hova,Oryzorictes_hova,MAMMALIA,1,295,64006.12664406
rank,4,4,18.8353199706999,Oryzorictes tetradactylus,Oryzorictes_tetradactylus,MAMMALIA,1,155,10717.5339834051
rank,4,4,18.8353199706999,Otus rutilus,Otus_rutilus,AVES,0.999999826243632,3,101764.848672934
rank,4,4,18.8353199706999,Oxylabes madagascariensis,Oxylabes_madagascariensis,AVES,0.999999999999997,15,52836.6316193044
rank,4,4,18.8353199706999,Phaner electromontis,Phaner_electromontis,MAMMALIA,1.1181189119025e-07,1,17.4337788633315
rank,4,4,18.8353199706999,Phaner furcifer,Phaner_furcifer,MAMMALIA,0.887905466959644,58,892.662774423171
rank,4,4,18.8353199706999,Phaner pallescens,Phaner_pallescens,MAMMALIA,0.999999999997009,57,3504.14815962315
rank,4,4,18.8353199706999,Phaner parienti,Phaner_parienti,MAMMALIA,0.00280017666108967,1,24.4501852478648
rank,4,4,18.8353199706999,Philepitta castanea,Philepitta_castanea,AVES,0.983729700891379,4,38231.7024469748
rank,4,4,18.8353199706999,Philepitta schlegeli,Philepitta_schlegeli,AVES,0.988278027030843,14,4281.37986122647
rank,4,4,18.8353199706999,Ploceus nelicourvi,Ploceus_nelicourvi,AVES,0.999999997038114,11,61622.230511725
rank,4,4,18.8353199706999,Ploceus sakalava,Ploceus_sakalava,AVES,0.999999995890473,25,39446.8011662588
rank,4,4,18.8353199706999,Polyboroides radiatus,Polyboroides_radiatus,AVES,0.998510313650572,1,107323.631936025
rank,4,4,18.8353199706999,Pseudobias wardi,Pseudobias_wardi,AVES,0.999999999999996,19,41727.8369464895
rank,4,4,18.8353199706999,Pterocles personatus,Pterocles_personatus,AVES,0.940123497880854,5,7087.00341547594
rank,4,4,18.8353199706999,Rallus madagascariensis,Rallus_madagascariensis,AVES,0.999999430814147,5,14542.7376183727
rank,4,4,18.8353199706999,Randia pseudozosterops,Randia_pseudozosterops,AVES,0.999998820634216,6,46133.2425091455
rank,4,4,18.8353199706999,Sarothrura insularis,Sarothrura_insularis,AVES,0.999954016317817,7,73224.7411849052
rank,4,4,18.8353199706999,Schetba rufa,Schetba_rufa,AVES,0.999999999999996,25,29522.3554634303
rank,4,4,18.8353199706999,Setifer setosus,Setifer_setosus,MAMMALIA,1,197,112490.716162883
rank,4,4,18.8353199706999,Tenrec ecaudatus,Tenrec_ecaudatus,MAMMALIA,1,97,115386.507023051
rank,4,4,18.8353199706999,Thamnornis chloropetoides,Thamnornis_chloropetoides,AVES,0.999977507869225,5,3407.17432130128
rank,4,4,18.8353199706999,Treron australis,Treron_australis,AVES,0.996520792250409,1,107705.057847172
rank,4,4,18.8353199706999,Turnix nigricollis,Turnix_nigricollis,AVES,0.999934733584242,2,118380.178778224
rank,4,4,18.8353199706999,Tylas eduardi,Tylas_eduardi,AVES,0.999999987877114,6,59274.5163454265
rank,4,4,18.8353199706999,Vanga curvirostris,Vanga_curvirostris,AVES,0.999936023152479,8,118960.680061549
rank,4,4,18.8353199706999,Varecia rubra,Varecia_rubra,MAMMALIA,1,55,72463.0615110098
rank,4,4,18.8353199706999,Varecia variegata,Varecia_variegata,MAMMALIA,1,44,71730.2885686172
rank,4,4,18.8353199706999,Xanthomixis apperti,Xanthomixis_apperti,AVES,0.441311210122258,1,68.4073899760842
rank,4,4,18.8353199706999,Xanthomixis cinereiceps,Xanthomixis_cinereiceps,AVES,1,22,17506.334208563
rank,4,4,18.8353199706999,Xanthomixis zosterops,Xanthomixis_zosterops,AVES,0.999999999852992,18,62389.7808698788
rank,4,4,18.8353199706999,Xenopirostris damii,Xenopirostris_damii,AVES,0.00179910766481406,1,93.5023440420628
rank,4,4,18.8353199706999,Xenopirostris polleni,Xenopirostris_polleni,AVES,0.999999970578837,10,17756.0697882028
rank,4,4,18.8353199706999,Xenopirostris xenopirostris,Xenopirostris_xenopirostris,AVES,0.96505807541122,1,1102.55740338564
rank,5,5,23.5299055436702,Accipiter henstii,Accipiter_henstii,AVES,0.751921653723649,1,75669.4572840853
rank,5,5,23.5299055436702,Accipiter madagascariensis,Accipiter_madagascariensis,AVES,0.921900185321717,1,92880.8043003008
rank,5,5,23.5299055436702,Acrocephalus newtoni,Acrocephalus_newtoni,AVES,1,21,106580.466662444
rank,5,5,23.5299055436702,Alectroenas madagascariensis,Alectroenas_madagascariensis,AVES,0.99833519018995,6,64663.8606731059
rank,5,5,23.5299055436702,Allocebus trichotis,Allocebus_trichotis,MAMMALIA,0.00783473494650444,3,72.1001097112894
rank,5,5,23.5299055436702,Anas bernieri,Anas_bernieri,AVES,0,1,161.555721102021
rank,5,5,23.5299055436702,Apus balstoni,Apus_balstoni,AVES,0.999999971509213,5,89047.6850036558
rank,5,5,23.5299055436702,Artamella viridis,Artamella_viridis,AVES,0.999999999834527,11,98937.7151311368
rank,5,5,23.5299055436702,Asio madagascariensis,Asio_madagascariensis,AVES,0.871677326971574,2,67528.8910326825
rank,5,5,23.5299055436702,Atelornis crossleyi,Atelornis_crossleyi,AVES,0.999998758967357,7,11572.6222161697
rank,5,5,23.5299055436702,Atelornis pittoides,Atelornis_pittoides,AVES,0.999737043442924,3,41874.8030142635
rank,5,5,23.5299055436702,Athene superciliaris,Athene_superciliaris,AVES,0.99953060582976,1,68106.8834080771
rank,5,5,23.5299055436702,Avahi laniger,Avahi_laniger,MAMMALIA,1,95,37255.3471038118
rank,5,5,23.5299055436702,Avahi occidentalis,Avahi_occidentalis,MAMMALIA,0.996177513156648,4,630.900925964117
rank,5,5,23.5299055436702,Aviceda madagascariensis,Aviceda_madagascariensis,AVES,0.972204525756456,1,91003.8041865006
rank,5,5,23.5299055436702,Bernieria madagascariensis,Bernieria_madagascariensis,AVES,0.999999998515231,17,90605.357024212
rank,5,5,23.5299055436702,Brachypteracias leptosomus,Brachypteracias_leptosomus,AVES,0.999771223422588,1,37021.5930917785
rank,5,5,23.5299055436702,Brachytarsomys albicauda,Brachytarsomys_albicauda,MAMMALIA,0.999999991596676,50,1815.17485363856
rank,5,5,23.5299055436702,Brachyuromys betsileoensis,Brachyuromys_betsileoensis,MAMMALIA,1,118,14179.3814287707
rank,5,5,23.5299055436702,Brachyuromys ramirohitra,Brachyuromys_ramirohitra,MAMMALIA,0.65541484639138,2,90.5857082977891
rank,5,5,23.5299055436702,Bradypterus brunneus,Bradypterus_brunneus,AVES,1,37,12762.4561165906
rank,5,5,23.5299055436702,Bradypterus seebohmi,Bradypterus_seebohmi,AVES,0.452718231585579,1,71.7493425011635
rank,5,5,23.5299055436702,Buteo brachypterus,Buteo_brachypterus,AVES,0.848725023598696,1,96424.4710246697
rank,5,5,23.5299055436702,Calicalicus madagascariensis,Calicalicus_madagascariensis,AVES,1,25,90838.8516796297
rank,5,5,23.5299055436702,Cheirogaleus crossleyi,Cheirogaleus_crossleyi,MAMMALIA,1,92,5731.87398069368
rank,5,5,23.5299055436702,Cheirogaleus major,Cheirogaleus_major,MAMMALIA,1,235,68757.9775217995
rank,5,5,23.5299055436702,Cheirogaleus medius,Cheirogaleus_medius,MAMMALIA,1,1055,51688.8561439985
rank,5,5,23.5299055436702,Cinnyris notatus,Cinnyris_notatus,AVES,0.999999999977458,41,99439.8118154489
rank,5,5,23.5299055436702,Copsychus albospecularis,Copsychus_albospecularis,AVES,0.999994500071077,8,56725.1325483432
rank,5,5,23.5299055436702,Coracopsis nigra,Coracopsis_nigra,AVES,0.995509584760608,2,101675.860771914
rank,5,5,23.5299055436702,Corythornis madagascariensis,Corythornis_madagascariensis,AVES,0.889699473958786,6,85368.1535058927
rank,5,5,23.5299055436702,Coua caerulea,Coua_caerulea,AVES,0.999921315927598,6,42664.3815094416
rank,5,5,23.5299055436702,Coua coquereli,Coua_coquereli,AVES,0.999922523475952,1,28522.3009730578
rank,5,5,23.5299055436702,Coua cristata,Coua_cristata,AVES,0.999998443531189,5,76828.5089132041
rank,5,5,23.5299055436702,Coua cursor,Coua_cursor,AVES,0.999641722034766,1,15935.6643010303
rank,5,5,23.5299055436702,Coua gigas,Coua_gigas,AVES,0.999866584428957,1,30503.6367873997
rank,5,5,23.5299055436702,Coua reynaudii,Coua_reynaudii,AVES,0.99989073621539,4,36440.0313664302
rank,5,5,23.5299055436702,Coua ruficeps,Coua_ruficeps,AVES,0.959346120072314,3,1327.46846918499
rank,5,5,23.5299055436702,Coua serriana,Coua_serriana,AVES,0.991467401549071,1,32249.367779863
rank,5,5,23.5299055436702,Crossleyia xanthophrys,Crossleyia_xanthophrys,AVES,1,45,4117.99735637009
rank,5,5,23.5299055436702,Cryptoprocta ferox,Cryptoprocta_ferox,MAMMALIA,0.0691406005549415,3,32007.9450694032
rank,5,5,23.5299055436702,Cryptosylvicola randrianasoloi,Cryptosylvicola_randrianasoloi,AVES,1,39,5909.73896991462
rank,5,5,23.5299055436702,Cyanolanius madagascarinus,Cyanolanius_madagascarinus,AVES,0.999999999939167,19,96508.5041356096
rank,5,5,23.5299055436702,Daubentonia madagascariensis,Daubentonia_madagascariensis,MAMMALIA,1,64,35530.8004637063
rank,5,5,23.5299055436702,Echinops telfairi,Echinops_telfairi,MAMMALIA,1,412,50335.0507243723
rank,5,5,23.5299055436702,Eliurus antsingy,Eliurus_antsingy,MAMMALIA,0.0133748649300235,5,69.4813072830439
rank,5,5,23.5299055436702,Eliurus grandidieri,Eliurus_grandidieri,MAMMALIA,0.999641415738649,27,917.641006159482
rank,5,5,23.5299055436702,Eliurus majori,Eliurus_majori,MAMMALIA,1,292,43453.2015911341
rank,5,5,23.5299055436702,Eliurus minor,Eliurus_minor,MAMMALIA,1,1462,71331.3325469193
rank,5,5,23.5299055436702,Eliurus myoxinus,Eliurus_myoxinus,MAMMALIA,1,1067,79487.2648292631
rank,5,5,23.5299055436702,Eliurus tanala,Eliurus_tanala,MAMMALIA,1,416,47699.2130015287
rank,5,5,23.5299055436702,Eliurus webbi,Eliurus_webbi,MAMMALIA,1,514,62099.4352455586
rank,5,5,23.5299055436702,Eremopterix hova,Eremopterix_hova,AVES,0.999999862347248,22,4111.79749785364
rank,5,5,23.5299055436702,Eulemur albifrons,Eulemur_albifrons,MAMMALIA,1,44,20501.7463844352
rank,5,5,23.5299055436702,Eulemur cinereiceps,Eulemur_cinereiceps,MAMMALIA,1,164,93032.4954004557
rank,5,5,23.5299055436702,Eulemur collaris,Eulemur_collaris,MAMMALIA,1,124,92102.9033764168
rank,5,5,23.5299055436702,Eulemur coronatus,Eulemur_coronatus,MAMMALIA,1,198,26714.394708598
rank,5,5,23.5299055436702,Eulemur flavifrons,Eulemur_flavifrons,MAMMALIA,0.000213248908682684,1,25.074716512655
rank,5,5,23.5299055436702,Eulemur fulvus,Eulemur_fulvus,MAMMALIA,1,141,93258.7952490209
rank,5,5,23.5299055436702,Eulemur macaco,Eulemur_macaco,MAMMALIA,1,49,38193.3181717619
rank,5,5,23.5299055436702,Eulemur mongoz,Eulemur_mongoz,MAMMALIA,0.99999995289805,33,2266.66703993082
rank,5,5,23.5299055436702,Eulemur rubriventer,Eulemur_rubriventer,MAMMALIA,1,222,78891.5564922653
rank,5,5,23.5299055436702,Eulemur rufus,Eulemur_rufus,MAMMALIA,1,171,48050.5931810286
rank,5,5,23.5299055436702,Eulemur sanfordi,Eulemur_sanfordi,MAMMALIA,1,194,93361.4030781577
rank,5,5,23.5299055436702,Euryceros prevostii,Euryceros_prevostii,AVES,0.999000955070916,3,2839.0629478842
rank,5,5,23.5299055436702,Falco zoniventris,Falco_zoniventris,AVES,0.925966716215821,1,66504.6757948846
rank,5,5,23.5299055436702,Falculea palliata,Falculea_palliata,AVES,0.999999999996633,7,29230.3280210048
rank,5,5,23.5299055436702,Fossa fossana,Fossa_fossana,MAMMALIA,0.978482808882909,2,48599.2872768939
rank,5,5,23.5299055436702,Foudia madagascariensis,Foudia_madagascariensis,AVES,0.999999946965587,30,123845.249599479
rank,5,5,23.5299055436702,Foudia omissa,Foudia_omissa,AVES,0.99999999997034,19,50508.437112689
rank,5,5,23.5299055436702,Gactornis enarratus,Gactornis_enarratus,AVES,0.999999446470018,6,48955.1624788642
rank,5,5,23.5299055436702,Galidia elegans,Galidia_elegans,MAMMALIA,0.967764172873355,6,49580.8498235116
rank,5,5,23.5299055436702,Galidictis fasciata,Galidictis_fasciata,MAMMALIA,0,3,4247.07071315497
rank,5,5,23.5299055436702,Geobiastes squamiger,Geobiastes_squamiger,AVES,0.999652519491625,4,10926.8523845822
rank,5,5,23.5299055436702,Geogale aurita,Geogale_aurita,MAMMALIA,1,727,30541.1597924084
rank,5,5,23.5299055436702,Gymnuromys roberti,Gymnuromys_roberti,MAMMALIA,1,155,26391.3243470475
rank,5,5,23.5299055436702,Haliaeetus vociferoides,Haliaeetus_vociferoides,AVES,0.0115773784314965,1,5133.49427342415
rank,5,5,23.5299055436702,Hapalemur alaotrensis,Hapalemur_alaotrensis,MAMMALIA,1,137,10687.487378643
rank,5,5,23.5299055436702,Hapalemur aureus,Hapalemur_aureus,MAMMALIA,0.999999995692329,24,1820.55619611591
rank,5,5,23.5299055436702,Hapalemur griseus,Hapalemur_griseus,MAMMALIA,1,175,88729.3727453705
rank,5,5,23.5299055436702,Hapalemur occidentalis,Hapalemur_occidentalis,MAMMALIA,0.999995100328248,28,1026.71440970898
rank,5,5,23.5299055436702,Hartertula flavoviridis,Hartertula_flavoviridis,AVES,1,45,8110.84596121311
rank,5,5,23.5299055436702,Hartlaubius auratus,Hartlaubius_auratus,AVES,0.99999930198228,13,91466.9305017926
rank,5,5,23.5299055436702,Hemicentetes nigriceps,Hemicentetes_nigriceps,MAMMALIA,0.999953127257988,35,2052.96238155258
rank,5,5,23.5299055436702,Hemicentetes semispinosus,Hemicentetes_semispinosus,MAMMALIA,0.999999999999996,104,70106.3531151339
rank,5,5,23.5299055436702,Hypogeomys antimena,Hypogeomys_antimena,MAMMALIA,0.133821965840603,5,104.686912983656
rank,5,5,23.5299055436702,Hypositta corallirostris,Hypositta_corallirostris,AVES,0.999984299832524,10,61350.4516393766
rank,5,5,23.5299055436702,Indri indri,Indri_indri,MAMMALIA,0.999999994426769,17,62194.6350075826
rank,5,5,23.5299055436702,Lemur catta,Lemur_catta,MAMMALIA,1,218,23834.1127952337
rank,5,5,23.5299055436702,Lepidopygia nana,Lepidopygia_nana,AVES,0.99879482249364,64,129116.276893353
rank,5,5,23.5299055436702,Lepilemur ankaranensis,Lepilemur_ankaranensis,MAMMALIA,0.942459903341428,13,361.823311685567
rank,5,5,23.5299055436702,Lepilemur edwardsi,Lepilemur_edwardsi,MAMMALIA,1,56,10363.7149990052
rank,5,5,23.5299055436702,Lepilemur leucopus,Lepilemur_leucopus,MAMMALIA,1,80,18840.9902792051
rank,5,5,23.5299055436702,Lepilemur microdon,Lepilemur_microdon,MAMMALIA,0.999999999997001,34,4773.54297635564
rank,5,5,23.5299055436702,Lepilemur mustelinus,Lepilemur_mustelinus,MAMMALIA,1,248,82753.479915522
rank,5,5,23.5299055436702,Lepilemur ruficaudatus,Lepilemur_ruficaudatus,MAMMALIA,1,175,17151.5120456249
rank,5,5,23.5299055436702,Leptopterus chabert,Leptopterus_chabert,AVES,0.999999956859865,15,112371.799896307
rank,5,5,23.5299055436702,Lophotibis cristata,Lophotibis_cristata,AVES,0.999829164499517,2,79744.3114375703
rank,5,5,23.5299055436702,Macrotarsomys bastardi,Macrotarsomys_bastardi,MAMMALIA,1,277,8155.32697095466
rank,5,5,23.5299055436702,Margaroperdix madagarensis,Margaroperdix_madagarensis,AVES,0.999973804883024,1,96246.9646342173
rank,5,5,23.5299055436702,Mentocrex kioloides,Mentocrex_kioloides,AVES,0.997735460432916,1,33568.8605425507
rank,5,5,23.5299055436702,Mesitornis unicolor,Mesitornis_unicolor,AVES,0,1,89.8278131379858
rank,5,5,23.5299055436702,Mesitornis variegatus,Mesitornis_variegatus,AVES,0.998762356946553,5,2869.24937690049
rank,5,5,23.5299055436702,Microcebus berthae,Microcebus_berthae,MAMMALIA,1.52725555535582e-08,2,17.7781751081347
rank,5,5,23.5299055436702,Microcebus griseorufus,Microcebus_griseorufus,MAMMALIA,0.995769019106108,14,501.433658043884
rank,5,5,23.5299055436702,Microcebus murinus,Microcebus_murinus,MAMMALIA,1,1372,83375.3842950612
rank,5,5,23.5299055436702,Microcebus myoxinus,Microcebus_myoxinus,MAMMALIA,0.999999992654343,102,1124.39007911777
rank,5,5,23.5299055436702,Microcebus ravelobensis,Microcebus_ravelobensis,MAMMALIA,0.778620368188765,15,246.875988043973
rank,5,5,23.5299055436702,Microcebus rufus,Microcebus_rufus,MAMMALIA,1,1246,67703.244777147
rank,5,5,23.5299055436702,Microcebus tavaratra,Microcebus_tavaratra,MAMMALIA,0.99348955741329,45,767.433245509863
rank,5,5,23.5299055436702,Microgale brevicaudata,Microgale_brevicaudata,MAMMALIA,1,819,30822.6043262035
rank,5,5,23.5299055436702,Microgale cowani,Microgale_cowani,MAMMALIA,1,552,57094.7891619429
rank,5,5,23.5299055436702,Microgale drouhardi,Microgale_drouhardi,MAMMALIA,1,319,26058.0138747845
rank,5,5,23.5299055436702,Microgale dryas,Microgale_dryas,MAMMALIA,0.897201399235259,47,1369.92029440585
rank,5,5,23.5299055436702,Microgale fotsifotsy,Microgale_fotsifotsy,MAMMALIA,1,399,30191.170344126
rank,5,5,23.5299055436702,Microgale gracilis,Microgale_gracilis,MAMMALIA,0.999999999998795,118,9616.30546971204
rank,5,5,23.5299055436702,Microgale gymnorhyncha,Microgale_gymnorhyncha,MAMMALIA,1,137,19475.3239909487
rank,5,5,23.5299055436702,Microgale longicaudata,Microgale_longicaudata,MAMMALIA,1,993,60187.9901373461
rank,5,5,23.5299055436702,Microgale mergulus,Microgale_mergulus,MAMMALIA,0.999999999999896,71,5562.61775285862
rank,5,5,23.5299055436702,Microgale parvula,Microgale_parvula,MAMMALIA,0.999999999999901,1200,62232.9212793033
rank,5,5,23.5299055436702,Microgale principula,Microgale_principula,MAMMALIA,0.999999999999999,610,50369.3910544962
rank,5,5,23.5299055436702,Microgale pusilla,Microgale_pusilla,MAMMALIA,0.999999999839368,423,19204.481109038
rank,5,5,23.5299055436702,Microgale soricoides,Microgale_soricoides,MAMMALIA,1,138,27193.2160187791
rank,5,5,23.5299055436702,Microgale taiva,Microgale_taiva,MAMMALIA,1,307,40626.5817370936
rank,5,5,23.5299055436702,Microgale thomasi,Microgale_thomasi,MAMMALIA,1,112,23934.2313689441
rank,5,5,23.5299055436702,Mirza coquereli,Mirza_coquereli,MAMMALIA,0.999997589067307,53,2653.0007427779
rank,5,5,23.5299055436702,Monias benschi,Monias_benschi,AVES,0,1,82.9420458882274
rank,5,5,23.5299055436702,Monticola erythronotus,Monticola_erythronotus,AVES,0.505764981643065,1,97.4973036619822
rank,5,5,23.5299055436702,Monticola sharpei,Monticola_sharpei,AVES,1,26,89964.7630687729
rank,5,5,23.5299055436702,Monticolomys koopmani,Monticolomys_koopmani,MAMMALIA,0.132627251095215,6,104.060766987503
rank,5,5,23.5299055436702,Motacilla flaviventris,Motacilla_flaviventris,AVES,1,41,11281.8624848827
rank,5,5,23.5299055436702,Mystacornis crossleyi,Mystacornis_crossleyi,AVES,0.999999999999995,12,47224.3360565562
rank,5,5,23.5299055436702,Neodrepanis coruscans,Neodrepanis_coruscans,AVES,0.999998992720959,16,29483.2539421201
rank,5,5,23.5299055436702,Neodrepanis hypoxantha,Neodrepanis_hypoxantha,AVES,0.0211788111247608,3,88.4296057149768
rank,5,5,23.5299055436702,Neomixis striatigula,Neomixis_striatigula,AVES,0.999999999998571,28,57157.359102748
rank,5,5,23.5299055436702,Neomixis tenella,Neomixis_tenella,AVES,1,79,87128.4347885624
rank,5,5,23.5299055436702,Neomixis viridis,Neomixis_viridis,AVES,0.999999999988193,26,52753.7556390017
rank,5,5,23.5299055436702,Nesillas lantzii,Nesillas_lantzii,AVES,0.999983000083502,3,2703.9328436479
rank,5,5,23.5299055436702,Nesogale dobsoni,Nesogale_dobsoni,MAMMALIA,1,340,65299.4853618334
rank,5,5,23.5299055436702,Nesogale talazaci,Nesogale_talazaci,MAMMALIA,1,207,63373.7175826525
rank,5,5,23.5299055436702,Nesomys audeberti,Nesomys_audeberti,MAMMALIA,1,111,4404.70734705302
rank,5,5,23.5299055436702,Nesomys lambertoni,Nesomys_lambertoni,MAMMALIA,0.999983982375401,29,958.575495295227
rank,5,5,23.5299055436702,Nesomys rufus,Nesomys_rufus,MAMMALIA,1,243,46194.8383507804
rank,5,5,23.5299055436702,Newtonia amphichroa,Newtonia_amphichroa,AVES,1,15,42166.9188577028
rank,5,5,23.5299055436702,Newtonia archboldi,Newtonia_archboldi,AVES,0.999743205924592,10,2057.60292387809
rank,5,5,23.5299055436702,Newtonia brunneicauda,Newtonia_brunneicauda,AVES,1,40,111160.487401858
rank,5,5,23.5299055436702,Newtonia fanovanae,Newtonia_fanovanae,AVES,0.353055283448657,2,98.2207024819943
rank,5,5,23.5299055436702,Oriolia bernieri,Oriolia_bernieri,AVES,0.999997522484195,13,14260.3114941716
rank,5,5,23.5299055436702,Oryzorictes hova,Oryzorictes_hova,MAMMALIA,1,296,63484.8434374929
rank,5,5,23.5299055436702,Oryzorictes tetradactylus,Oryzorictes_tetradactylus,MAMMALIA,1,156,10685.84167328
rank,5,5,23.5299055436702,Otus rutilus,Otus_rutilus,AVES,0.999999784913135,3,98527.1750286818
rank,5,5,23.5299055436702,Oxylabes madagascariensis,Oxylabes_madagascariensis,AVES,1,18,52208.5377079919
rank,5,5,23.5299055436702,Phaner electromontis,Phaner_electromontis,MAMMALIA,1.1181189119025e-07,1,17.4337788633315
rank,5,5,23.5299055436702,Phaner furcifer,Phaner_furcifer,MAMMALIA,0.887905466959644,58,892.662774423171
rank,5,5,23.5299055436702,Phaner pallescens,Phaner_pallescens,MAMMALIA,0.999999999997009,57,3504.14815962315
rank,5,5,23.5299055436702,Phaner parienti,Phaner_parienti,MAMMALIA,0.00280017666108967,1,24.4501852478648
rank,5,5,23.5299055436702,Philepitta castanea,Philepitta_castanea,AVES,0.983705343854193,4,38162.708085835
rank,5,5,23.5299055436702,Philepitta schlegeli,Philepitta_schlegeli,AVES,0.988278027030843,14,4281.37986122647
rank,5,5,23.5299055436702,Ploceus nelicourvi,Ploceus_nelicourvi,AVES,0.999999999690986,11,61145.1257717311
rank,5,5,23.5299055436702,Ploceus sakalava,Ploceus_sakalava,AVES,0.999999999014668,30,37568.8336119205
rank,5,5,23.5299055436702,Polyboroides radiatus,Polyboroides_radiatus,AVES,0.998342418946126,1,100654.019356977
rank,5,5,23.5299055436702,Pseudobias wardi,Pseudobias_wardi,AVES,0.999999999999995,18,41666.4702521741
rank,5,5,23.5299055436702,Pterocles personatus,Pterocles_personatus,AVES,0.940123497880854,5,7087.00341547594
rank,5,5,23.5299055436702,Rallus madagascariensis,Rallus_madagascariensis,AVES,0.999999425814965,5,14538.0891595394
rank,5,5,23.5299055436702,Randia pseudozosterops,Randia_pseudozosterops,AVES,0.999998272971397,7,45801.2894231374
rank,5,5,23.5299055436702,Sarothrura insularis,Sarothrura_insularis,AVES,0.999932472419082,6,71942.8565373048
rank,5,5,23.5299055436702,Schetba rufa,Schetba_rufa,AVES,0.999999999999993,24,29143.5784930065
rank,5,5,23.5299055436702,Setifer setosus,Setifer_setosus,MAMMALIA,1,210,107396.738727637
rank,5,5,23.5299055436702,Tenrec ecaudatus,Tenrec_ecaudatus,MAMMALIA,1,109,110933.500962265
rank,5,5,23.5299055436702,Thamnornis chloropetoides,Thamnornis_chloropetoides,AVES,0.999977507869225,5,3407.17432130128
rank,5,5,23.5299055436702,Treron australis,Treron_australis,AVES,0.996294725520639,1,101822.877460517
rank,5,5,23.5299055436702,Turnix nigricollis,Turnix_nigricollis,AVES,0.999927773176087,1,111174.105589725
rank,5,5,23.5299055436702,Tylas eduardi,Tylas_eduardi,AVES,0.999999998655294,7,58897.2170748785
rank,5,5,23.5299055436702,Vanga curvirostris,Vanga_curvirostris,AVES,0.999960489668958,9,112937.411022419
rank,5,5,23.5299055436702,Varecia rubra,Varecia_rubra,MAMMALIA,1,59,70878.2782972804
rank,5,5,23.5299055436702,Varecia variegata,Varecia_variegata,MAMMALIA,0.999999999999988,44,70169.4199070062
rank,5,5,23.5299055436702,Xanthomixis apperti,Xanthomixis_apperti,AVES,0.441311210122258,1,68.4073899760842
rank,5,5,23.5299055436702,Xanthomixis cinereiceps,Xanthomixis_cinereiceps,AVES,1,22,17434.4721399173
rank,5,5,23.5299055436702,Xanthomixis zosterops,Xanthomixis_zosterops,AVES,0.999999999977461,20,61827.1596636996
rank,5,5,23.5299055436702,Xenopirostris damii,Xenopirostris_damii,AVES,0.00179910766481406,1,93.5023440420628
rank,5,5,23.5299055436702,Xenopirostris polleni,Xenopirostris_polleni,AVES,0.999999970418477,10,17747.2811710349
rank,5,5,23.5299055436702,Xenopirostris xenopirostris,Xenopirostris_xenopirostris,AVES,0.96505807541122,1,1102.55740338564
rank,6,6,28.2220994609865,Accipiter henstii,Accipiter_henstii,AVES,0.74566126733042,1,73311.1147727657
rank,6,6,28.2220994609865,Accipiter madagascariensis,Accipiter_madagascariensis,AVES,0.918739411324951,1,89267.4871702045
rank,6,6,28.2220994609865,Acrocephalus newtoni,Acrocephalus_newtoni,AVES,1,28,102087.305303303
rank,6,6,28.2220994609865,Alectroenas madagascariensis,Alectroenas_madagascariensis,AVES,0.998186459094805,6,63210.4727750798
rank,6,6,28.2220994609865,Allocebus trichotis,Allocebus_trichotis,MAMMALIA,0.00783473494650444,3,72.1001097112894
rank,6,6,28.2220994609865,Anas bernieri,Anas_bernieri,AVES,0,1,161.555721102021
rank,6,6,28.2220994609865,Apus balstoni,Apus_balstoni,AVES,0.999999947240043,5,86444.2815763031
rank,6,6,28.2220994609865,Artamella viridis,Artamella_viridis,AVES,0.999999999995034,17,94702.4164761575
rank,6,6,28.2220994609865,Asio madagascariensis,Asio_madagascariensis,AVES,0.868733261248908,2,66223.8582942976
rank,6,6,28.2220994609865,Atelornis crossleyi,Atelornis_crossleyi,AVES,0.999998758967357,7,11572.6222161697
rank,6,6,28.2220994609865,Atelornis pittoides,Atelornis_pittoides,AVES,0.999734793577707,3,41670.636742875
rank,6,6,28.2220994609865,Athene superciliaris,Athene_superciliaris,AVES,0.999490786087084,1,64714.9294037297
rank,6,6,28.2220994609865,Avahi laniger,Avahi_laniger,MAMMALIA,1,89,36730.7213575617
rank,6,6,28.2220994609865,Avahi occidentalis,Avahi_occidentalis,MAMMALIA,0.996177513156648,4,630.900925964117
rank,6,6,28.2220994609865,Aviceda madagascariensis,Aviceda_madagascariensis,AVES,0.970418086503308,1,86631.4366090298
rank,6,6,28.2220994609865,Bernieria madagascariensis,Bernieria_madagascariensis,AVES,0.999999997397353,16,87831.1551905099
rank,6,6,28.2220994609865,Brachypteracias leptosomus,Brachypteracias_leptosomus,AVES,0.999770974898628,1,36999.5950490087
rank,6,6,28.2220994609865,Brachytarsomys albicauda,Brachytarsomys_albicauda,MAMMALIA,0.999999991596676,50,1815.17485363856
rank,6,6,28.2220994609865,Brachyuromys betsileoensis,Brachyuromys_betsileoensis,MAMMALIA,1,119,13981.0332057253
rank,6,6,28.2220994609865,Brachyuromys ramirohitra,Brachyuromys_ramirohitra,MAMMALIA,0.65541484639138,2,90.5857082977891
rank,6,6,28.2220994609865,Bradypterus brunneus,Bradypterus_brunneus,AVES,1,37,12756.3801847871
rank,6,6,28.2220994609865,Bradypterus seebohmi,Bradypterus_seebohmi,AVES,0.452718231585579,1,71.7493425011635
rank,6,6,28.2220994609865,Buteo brachypterus,Buteo_brachypterus,AVES,0.842407400623481,1,92010.3202585653
rank,6,6,28.2220994609865,Calicalicus madagascariensis,Calicalicus_madagascariensis,AVES,1,29,87721.4879258969
rank,6,6,28.2220994609865,Cheirogaleus crossleyi,Cheirogaleus_crossleyi,MAMMALIA,1,92,5731.87398069368
rank,6,6,28.2220994609865,Cheirogaleus major,Cheirogaleus_major,MAMMALIA,1,220,67261.4245825037
rank,6,6,28.2220994609865,Cheirogaleus medius,Cheirogaleus_medius,MAMMALIA,1,1000,48183.722029306
rank,6,6,28.2220994609865,Cinnyris notatus,Cinnyris_notatus,AVES,0.99999999998644,42,95388.025613823
rank,6,6,28.2220994609865,Copsychus albospecularis,Copsychus_albospecularis,AVES,0.999993958137175,7,55968.4155299309
rank,6,6,28.2220994609865,Coracopsis nigra,Coracopsis_nigra,AVES,0.996583094671685,3,97518.6261889931
rank,6,6,28.2220994609865,Corythornis madagascariensis,Corythornis_madagascariensis,AVES,0.886140640034405,6,83219.1020220067
rank,6,6,28.2220994609865,Coua caerulea,Coua_caerulea,AVES,0.999911736190455,6,42045.1041426093
rank,6,6,28.2220994609865,Coua coquereli,Coua_coquereli,AVES,0.99997100164374,2,27136.5529506207
rank,6,6,28.2220994609865,Coua cristata,Coua_cristata,AVES,0.999997955919474,5,74382.1991838664
rank,6,6,28.2220994609865,Coua cursor,Coua_cursor,AVES,0.999568923688568,1,14556.5794674829
rank,6,6,28.2220994609865,Coua gigas,Coua_gigas,AVES,0.999853950910991,1,29219.1093249917
rank,6,6,28.2220994609865,Coua reynaudii,Coua_reynaudii,AVES,0.999885692499614,5,36128.4913936183
rank,6,6,28.2220994609865,Coua ruficeps,Coua_ruficeps,AVES,0.959346120072314,3,1327.46846918499
rank,6,6,28.2220994609865,Coua serriana,Coua_serriana,AVES,0.991453496811468,1,32207.6844847046
rank,6,6,28.2220994609865,Crossleyia xanthophrys,Crossleyia_xanthophrys,AVES,1,45,4117.99735637009
rank,6,6,28.2220994609865,Cryptoprocta ferox,Cryptoprocta_ferox,MAMMALIA,0.0683514290560475,3,31903.7455497344
rank,6,6,28.2220994609865,Cryptosylvicola randrianasoloi,Cryptosylvicola_randrianasoloi,AVES,1,39,5909.73896991462
rank,6,6,28.2220994609865,Cyanolanius madagascarinus,Cyanolanius_madagascarinus,AVES,0.999999999911948,19,92531.1120137259
rank,6,6,28.2220994609865,Daubentonia madagascariensis,Daubentonia_madagascariensis,MAMMALIA,1,70,34227.9702697024
rank,6,6,28.2220994609865,Echinops telfairi,Echinops_telfairi,MAMMALIA,1,408,46582.0897497758
rank,6,6,28.2220994609865,Eliurus antsingy,Eliurus_antsingy,MAMMALIA,0.0133748649300235,5,69.4813072830439
rank,6,6,28.2220994609865,Eliurus grandidieri,Eliurus_grandidieri,MAMMALIA,0.999641415738649,27,917.641006159482
rank,6,6,28.2220994609865,Eliurus majori,Eliurus_majori,MAMMALIA,1,274,42750.3486423045
rank,6,6,28.2220994609865,Eliurus minor,Eliurus_minor,MAMMALIA,1,1383,69973.0613602516
rank,6,6,28.2220994609865,Eliurus myoxinus,Eliurus_myoxinus,MAMMALIA,1,1019,75785.1420604289
rank,6,6,28.2220994609865,Eliurus tanala,Eliurus_tanala,MAMMALIA,1,403,47162.2946253166
rank,6,6,28.2220994609865,Eliurus webbi,Eliurus_webbi,MAMMALIA,1,491,61126.3496854454
rank,6,6,28.2220994609865,Eremopterix hova,Eremopterix_hova,AVES,0.999999862347248,22,4111.79749785364
rank,6,6,28.2220994609865,Eulemur albifrons,Eulemur_albifrons,MAMMALIA,1,44,20126.0159407598
rank,6,6,28.2220994609865,Eulemur cinereiceps,Eulemur_cinereiceps,MAMMALIA,1,174,89799.9957599513
rank,6,6,28.2220994609865,Eulemur collaris,Eulemur_collaris,MAMMALIA,1,135,88918.9976891191
rank,6,6,28.2220994609865,Eulemur coronatus,Eulemur_coronatus,MAMMALIA,1,200,25461.2187207404
rank,6,6,28.2220994609865,Eulemur flavifrons,Eulemur_flavifrons,MAMMALIA,0.000213248908682684,1,25.074716512655
rank,6,6,28.2220994609865,Eulemur fulvus,Eulemur_fulvus,MAMMALIA,1,146,90026.1494320765
rank,6,6,28.2220994609865,Eulemur macaco,Eulemur_macaco,MAMMALIA,1,54,37820.6272178143
rank,6,6,28.2220994609865,Eulemur mongoz,Eulemur_mongoz,MAMMALIA,0.99999995289805,33,2266.66703993082
rank,6,6,28.2220994609865,Eulemur rubriventer,Eulemur_rubriventer,MAMMALIA,1,209,76836.8936436868
rank,6,6,28.2220994609865,Eulemur rufus,Eulemur_rufus,MAMMALIA,1,174,46067.6746876016
rank,6,6,28.2220994609865,Eulemur sanfordi,Eulemur_sanfordi,MAMMALIA,1,195,90052.9211554869
rank,6,6,28.2220994609865,Euryceros prevostii,Euryceros_prevostii,AVES,0.999000955070916,3,2839.0629478842
rank,6,6,28.2220994609865,Falco zoniventris,Falco_zoniventris,AVES,0.923087692763342,1,64009.4125708938
rank,6,6,28.2220994609865,Falculea palliata,Falculea_palliata,AVES,0.999999999986643,8,28104.0825823695
rank,6,6,28.2220994609865,Fossa fossana,Fossa_fossana,MAMMALIA,0.977966120437155,2,48334.5859688446
rank,6,6,28.2220994609865,Foudia madagascariensis,Foudia_madagascariensis,AVES,0.999999954360787,31,117409.777222872
rank,6,6,28.2220994609865,Foudia omissa,Foudia_omissa,AVES,0.999999999945373,18,49793.6555811241
rank,6,6,28.2220994609865,Gactornis enarratus,Gactornis_enarratus,AVES,0.999999363949427,6,48585.918959558
rank,6,6,28.2220994609865,Galidia elegans,Galidia_elegans,MAMMALIA,0.967250774572165,6,48847.3897599915
rank,6,6,28.2220994609865,Galidictis fasciata,Galidictis_fasciata,MAMMALIA,0,3,4247.07071315497
rank,6,6,28.2220994609865,Geobiastes squamiger,Geobiastes_squamiger,AVES,0.999652519491625,4,10926.8523845822
rank,6,6,28.2220994609865,Geogale aurita,Geogale_aurita,MAMMALIA,1,690,29539.7363070771
rank,6,6,28.2220994609865,Gymnuromys roberti,Gymnuromys_roberti,MAMMALIA,1,154,26262.0399089408
rank,6,6,28.2220994609865,Haliaeetus vociferoides,Haliaeetus_vociferoides,AVES,0.0115773784314965,1,5133.49427342415
rank,6,6,28.2220994609865,Hapalemur alaotrensis,Hapalemur_alaotrensis,MAMMALIA,1,125,9323.08304684169
rank,6,6,28.2220994609865,Hapalemur aureus,Hapalemur_aureus,MAMMALIA,0.999999995692329,24,1820.55619611591
rank,6,6,28.2220994609865,Hapalemur griseus,Hapalemur_griseus,MAMMALIA,1,182,86033.2989081027
rank,6,6,28.2220994609865,Hapalemur occidentalis,Hapalemur_occidentalis,MAMMALIA,0.999995100328248,28,1026.71440970898
rank,6,6,28.2220994609865,Hartertula flavoviridis,Hartertula_flavoviridis,AVES,1,45,8110.84596121311
rank,6,6,28.2220994609865,Hartlaubius auratus,Hartlaubius_auratus,AVES,0.999998832788782,13,88518.764966735
rank,6,6,28.2220994609865,Hemicentetes nigriceps,Hemicentetes_nigriceps,MAMMALIA,0.999953127257988,35,2052.96238155258
rank,6,6,28.2220994609865,Hemicentetes semispinosus,Hemicentetes_semispinosus,MAMMALIA,1,111,68586.2040925995
rank,6,6,28.2220994609865,Hypogeomys antimena,Hypogeomys_antimena,MAMMALIA,0.133821965840603,5,104.686912983656
rank,6,6,28.2220994609865,Hypositta corallirostris,Hypositta_corallirostris,AVES,0.999988727429089,9,60562.0344551131
rank,6,6,28.2220994609865,Indri indri,Indri_indri,MAMMALIA,0.999999981238527,16,61287.9307942018
rank,6,6,28.2220994609865,Lemur catta,Lemur_catta,MAMMALIA,1,203,22730.4645930901
rank,6,6,28.2220994609865,Lepidopygia nana,Lepidopygia_nana,AVES,0.999281621562369,72,122490.911615196
rank,6,6,28.2220994609865,Lepilemur ankaranensis,Lepilemur_ankaranensis,MAMMALIA,0.942459903341428,13,361.823311685567
rank,6,6,28.2220994609865,Lepilemur edwardsi,Lepilemur_edwardsi,MAMMALIA,1,57,10209.9895522147
rank,6,6,28.2220994609865,Lepilemur leucopus,Lepilemur_leucopus,MAMMALIA,1,89,16948.9291402102
rank,6,6,28.2220994609865,Lepilemur microdon,Lepilemur_microdon,MAMMALIA,0.999999999997001,34,4773.54297635564
rank,6,6,28.2220994609865,Lepilemur mustelinus,Lepilemur_mustelinus,MAMMALIA,1,242,79265.3217687085
rank,6,6,28.2220994609865,Lepilemur ruficaudatus,Lepilemur_ruficaudatus,MAMMALIA,1,178,16241.3742118976
rank,6,6,28.2220994609865,Leptopterus chabert,Leptopterus_chabert,AVES,0.99999990710181,16,106972.139532812
rank,6,6,28.2220994609865,Lophotibis cristata,Lophotibis_cristata,AVES,0.999820626843401,2,78037.7722345686
rank,6,6,28.2220994609865,Macrotarsomys bastardi,Macrotarsomys_bastardi,MAMMALIA,1,277,8155.32697095466
rank,6,6,28.2220994609865,Margaroperdix madagarensis,Margaroperdix_madagarensis,AVES,0.999971886002118,1,92156.2120715827
rank,6,6,28.2220994609865,Mentocrex kioloides,Mentocrex_kioloides,AVES,0.997733586814288,1,33550.0339872539
rank,6,6,28.2220994609865,Mesitornis unicolor,Mesitornis_unicolor,AVES,0,1,89.8278131379858
rank,6,6,28.2220994609865,Mesitornis variegatus,Mesitornis_variegatus,AVES,0.998762356946553,5,2869.24937690049
rank,6,6,28.2220994609865,Microcebus berthae,Microcebus_berthae,MAMMALIA,1.52725555535582e-08,2,17.7781751081347
rank,6,6,28.2220994609865,Microcebus griseorufus,Microcebus_griseorufus,MAMMALIA,0.995769019106108,14,501.433658043884
rank,6,6,28.2220994609865,Microcebus murinus,Microcebus_murinus,MAMMALIA,1,1311,78432.4236152917
rank,6,6,28.2220994609865,Microcebus myoxinus,Microcebus_myoxinus,MAMMALIA,0.999999992654343,102,1124.39007911777
rank,6,6,28.2220994609865,Microcebus ravelobensis,Microcebus_ravelobensis,MAMMALIA,0.778620368188765,15,246.875988043973
rank,6,6,28.2220994609865,Microcebus rufus,Microcebus_rufus,MAMMALIA,1,1206,66409.6016129791
rank,6,6,28.2220994609865,Microcebus tavaratra,Microcebus_tavaratra,MAMMALIA,0.99348955741329,45,767.433245509863
rank,6,6,28.2220994609865,Microgale brevicaudata,Microgale_brevicaudata,MAMMALIA,1,778,29618.4253237173
rank,6,6,28.2220994609865,Microgale cowani,Microgale_cowani,MAMMALIA,1,525,55809.642104581
rank,6,6,28.2220994609865,Microgale drouhardi,Microgale_drouhardi,MAMMALIA,1,317,25801.9903988831
rank,6,6,28.2220994609865,Microgale dryas,Microgale_dryas,MAMMALIA,0.897201399235259,47,1369.92029440585
rank,6,6,28.2220994609865,Microgale fotsifotsy,Microgale_fotsifotsy,MAMMALIA,1,387,29773.7574004081
rank,6,6,28.2220994609865,Microgale gracilis,Microgale_gracilis,MAMMALIA,0.999999999998795,118,9616.30546971204
rank,6,6,28.2220994609865,Microgale gymnorhyncha,Microgale_gymnorhyncha,MAMMALIA,1,139,19340.0758438912
rank,6,6,28.2220994609865,Microgale longicaudata,Microgale_longicaudata,MAMMALIA,1,950,58983.466958262
rank,6,6,28.2220994609865,Microgale mergulus,Microgale_mergulus,MAMMALIA,0.999999999999896,71,5562.61775285862
rank,6,6,28.2220994609865,Microgale parvula,Microgale_parvula,MAMMALIA,0.999999999999865,1141,61546.2537584827
rank,6,6,28.2220994609865,Microgale principula,Microgale_principula,MAMMALIA,0.999999999999999,609,50224.5370608643
rank,6,6,28.2220994609865,Microgale pusilla,Microgale_pusilla,MAMMALIA,0.999999999825512,423,19045.4551564381
rank,6,6,28.2220994609865,Microgale soricoides,Microgale_soricoides,MAMMALIA,1,140,26957.3361718076
rank,6,6,28.2220994609865,Microgale taiva,Microgale_taiva,MAMMALIA,1,307,40512.1659484059
rank,6,6,28.2220994609865,Microgale thomasi,Microgale_thomasi,MAMMALIA,1,110,23803.0342986211
rank,6,6,28.2220994609865,Mirza coquereli,Mirza_coquereli,MAMMALIA,0.999997589067307,53,2653.0007427779
rank,6,6,28.2220994609865,Monias benschi,Monias_benschi,AVES,0,1,82.9420458882274
rank,6,6,28.2220994609865,Monticola erythronotus,Monticola_erythronotus,AVES,0.505764981643065,1,97.4973036619822
rank,6,6,28.2220994609865,Monticola sharpei,Monticola_sharpei,AVES,1,29,85329.6894628331
rank,6,6,28.2220994609865,Monticolomys koopmani,Monticolomys_koopmani,MAMMALIA,0.132627251095215,6,104.060766987503
rank,6,6,28.2220994609865,Motacilla flaviventris,Motacilla_flaviventris,AVES,1,40,9847.36493319392
rank,6,6,28.2220994609865,Mystacornis crossleyi,Mystacornis_crossleyi,AVES,0.999999999999986,13,47011.0851386039
rank,6,6,28.2220994609865,Neodrepanis coruscans,Neodrepanis_coruscans,AVES,0.999998978665834,15,29435.0784718655
rank,6,6,28.2220994609865,Neodrepanis hypoxantha,Neodrepanis_hypoxantha,AVES,0.0211788111247608,3,88.4296057149768
rank,6,6,28.2220994609865,Neomixis striatigula,Neomixis_striatigula,AVES,0.999999999990635,28,56347.9859051274
rank,6,6,28.2220994609865,Neomixis tenella,Neomixis_tenella,AVES,1,84,83869.9863498509
rank,6,6,28.2220994609865,Neomixis viridis,Neomixis_viridis,AVES,0.999999999973498,26,52257.0979923387
rank,6,6,28.2220994609865,Nesillas lantzii,Nesillas_lantzii,AVES,0.999983000083502,3,2703.9328436479
rank,6,6,28.2220994609865,Nesogale dobsoni,Nesogale_dobsoni,MAMMALIA,1,321,63992.0589795965
rank,6,6,28.2220994609865,Nesogale talazaci,Nesogale_talazaci,MAMMALIA,1,198,62388.8168504354
rank,6,6,28.2220994609865,Nesomys audeberti,Nesomys_audeberti,MAMMALIA,1,111,4404.70734705302
rank,6,6,28.2220994609865,Nesomys lambertoni,Nesomys_lambertoni,MAMMALIA,0.999983982375401,29,958.575495295227
rank,6,6,28.2220994609865,Nesomys rufus,Nesomys_rufus,MAMMALIA,1,240,45803.1229938417
rank,6,6,28.2220994609865,Newtonia amphichroa,Newtonia_amphichroa,AVES,1,15,41821.1293027555
rank,6,6,28.2220994609865,Newtonia archboldi,Newtonia_archboldi,AVES,0.999743205924592,10,2057.60292387809
rank,6,6,28.2220994609865,Newtonia brunneicauda,Newtonia_brunneicauda,AVES,1,41,106392.14795094
rank,6,6,28.2220994609865,Newtonia fanovanae,Newtonia_fanovanae,AVES,0.353055283448657,2,98.2207024819943
rank,6,6,28.2220994609865,Oriolia bernieri,Oriolia_bernieri,AVES,0.99999997403133,14,14248.6076542959
rank,6,6,28.2220994609865,Oryzorictes hova,Oryzorictes_hova,MAMMALIA,1,297,62674.484588027
rank,6,6,28.2220994609865,Oryzorictes tetradactylus,Oryzorictes_tetradactylus,MAMMALIA,1,156,10629.8313314456
rank,6,6,28.2220994609865,Otus rutilus,Otus_rutilus,AVES,0.999999758159933,3,94809.2912290469
rank,6,6,28.2220994609865,Oxylabes madagascariensis,Oxylabes_madagascariensis,AVES,0.999999999999998,21,51235.7209361941
rank,6,6,28.2220994609865,Phaner electromontis,Phaner_electromontis,MAMMALIA,1.1181189119025e-07,1,17.4337788633315
rank,6,6,28.2220994609865,Phaner furcifer,Phaner_furcifer,MAMMALIA,0.887905466959644,58,892.662774423171
rank,6,6,28.2220994609865,Phaner pallescens,Phaner_pallescens,MAMMALIA,0.999999999997009,57,3504.14815962315
rank,6,6,28.2220994609865,Phaner parienti,Phaner_parienti,MAMMALIA,0.00280017666108967,1,24.4501852478648
rank,6,6,28.2220994609865,Philepitta castanea,Philepitta_castanea,AVES,0.983650735390471,4,38008.834855862
rank,6,6,28.2220994609865,Philepitta schlegeli,Philepitta_schlegeli,AVES,0.988278027030843,14,4281.37986122647
rank,6,6,28.2220994609865,Ploceus nelicourvi,Ploceus_nelicourvi,AVES,0.999999999460062,12,60209.0538734272
rank,6,6,28.2220994609865,Ploceus sakalava,Ploceus_sakalava,AVES,0.999999999874579,35,34885.0224501714
rank,6,6,28.2220994609865,Polyboroides radiatus,Polyboroides_radiatus,AVES,0.998141679786,1,93974.7380198904
rank,6,6,28.2220994609865,Pseudobias wardi,Pseudobias_wardi,AVES,0.999999999999993,18,41543.3346586078
rank,6,6,28.2220994609865,Pterocles personatus,Pterocles_personatus,AVES,0.940123497880854,5,7087.00341547594
rank,6,6,28.2220994609865,Rallus madagascariensis,Rallus_madagascariensis,AVES,0.99999941491985,5,14517.2742066415
rank,6,6,28.2220994609865,Randia pseudozosterops,Randia_pseudozosterops,AVES,0.999998005578645,10,45289.8769042822
rank,6,6,28.2220994609865,Sarothrura insularis,Sarothrura_insularis,AVES,0.999916140602714,6,70434.6433586553
rank,6,6,28.2220994609865,Schetba rufa,Schetba_rufa,AVES,0.999999999999989,23,28687.4105007648
rank,6,6,28.2220994609865,Setifer setosus,Setifer_setosus,MAMMALIA,1,222,102512.654834457
rank,6,6,28.2220994609865,Tenrec ecaudatus,Tenrec_ecaudatus,MAMMALIA,1,109,106070.340164527
rank,6,6,28.2220994609865,Thamnornis chloropetoides,Thamnornis_chloropetoides,AVES,0.999977507869225,5,3407.17432130128
rank,6,6,28.2220994609865,Treron australis,Treron_australis,AVES,0.996058046613015,1,96350.2825061753
rank,6,6,28.2220994609865,Turnix nigricollis,Turnix_nigricollis,AVES,0.999979299994845,2,104828.352042809
rank,6,6,28.2220994609865,Tylas eduardi,Tylas_eduardi,AVES,0.999999998325076,7,58055.9670387879
rank,6,6,28.2220994609865,Vanga curvirostris,Vanga_curvirostris,AVES,0.999992247229758,11,107405.784915677
rank,6,6,28.2220994609865,Varecia rubra,Varecia_rubra,MAMMALIA,1,61,69229.0144741922
rank,6,6,28.2220994609865,Varecia variegata,Varecia_variegata,MAMMALIA,0.99999999999999,49,68652.7825988108
rank,6,6,28.2220994609865,Xanthomixis apperti,Xanthomixis_apperti,AVES,0.441311210122258,1,68.4073899760842
rank,6,6,28.2220994609865,Xanthomixis cinereiceps,Xanthomixis_cinereiceps,AVES,1,22,17343.9944338277
rank,6,6,28.2220994609865,Xanthomixis zosterops,Xanthomixis_zosterops,AVES,0.999999999966435,20,60788.4163347036
rank,6,6,28.2220994609865,Xenopirostris damii,Xenopirostris_damii,AVES,0.00179910766481406,1,93.5023440420628
rank,6,6,28.2220994609865,Xenopirostris polleni,Xenopirostris_polleni,AVES,0.999999970165886,9,17702.8766659745
rank,6,6,28.2220994609865,Xenopirostris xenopirostris,Xenopirostris_xenopirostris,AVES,0.96505807541122,1,1102.55740338564
rank,7,7,32.9130272076623,Accipiter henstii,Accipiter_henstii,AVES,0.737611362854292,1,70452.7793150914
rank,7,7,32.9130272076623,Accipiter madagascariensis,Accipiter_madagascariensis,AVES,0.91440304536802,1,84736.4443646818
rank,7,7,32.9130272076623,Acrocephalus newtoni,Acrocephalus_newtoni,AVES,1,36,97161.6415322134
rank,7,7,32.9130272076623,Alectroenas madagascariensis,Alectroenas_madagascariensis,AVES,0.997829898679188,6,61228.8782758844
rank,7,7,32.9130272076623,Allocebus trichotis,Allocebus_trichotis,MAMMALIA,0.00783473494650444,3,72.1001097112894
rank,7,7,32.9130272076623,Anas bernieri,Anas_bernieri,AVES,0,1,161.555721102021
rank,7,7,32.9130272076623,Apus balstoni,Apus_balstoni,AVES,0.999999831635175,7,82937.8822594708
rank,7,7,32.9130272076623,Artamella viridis,Artamella_viridis,AVES,0.99999999998686,17,90166.9216565218
rank,7,7,32.9130272076623,Asio madagascariensis,Asio_madagascariensis,AVES,0.864527293312467,2,64346.7410582588
rank,7,7,32.9130272076623,Atelornis crossleyi,Atelornis_crossleyi,AVES,0.999998758967357,7,11572.6222161697
rank,7,7,32.9130272076623,Atelornis pittoides,Atelornis_pittoides,AVES,0.999731820967878,3,41405.0415990278
rank,7,7,32.9130272076623,Athene superciliaris,Athene_superciliaris,AVES,0.999439410452081,1,60927.7877649143
rank,7,7,32.9130272076623,Avahi laniger,Avahi_laniger,MAMMALIA,1,90,36246.5615348369
rank,7,7,32.9130272076623,Avahi occidentalis,Avahi_occidentalis,MAMMALIA,0.996177513156648,4,630.900925964117
rank,7,7,32.9130272076623,Aviceda madagascariensis,Aviceda_madagascariensis,AVES,0.968005752364241,1,81422.3808435649
rank,7,7,32.9130272076623,Bernieria madagascariensis,Bernieria_madagascariensis,AVES,0.999999989974175,18,84065.5577941325
rank,7,7,32.9130272076623,Brachypteracias leptosomus,Brachypteracias_leptosomus,AVES,0.99976736726187,1,36684.3745705038
rank,7,7,32.9130272076623,Brachytarsomys albicauda,Brachytarsomys_albicauda,MAMMALIA,0.999999991596676,50,1815.17485363856
rank,7,7,32.9130272076623,Brachyuromys betsileoensis,Brachyuromys_betsileoensis,MAMMALIA,1,118,13769.5295920298
rank,7,7,32.9130272076623,Brachyuromys ramirohitra,Brachyuromys_ramirohitra,MAMMALIA,0.65541484639138,2,90.5857082977891
rank,7,7,32.9130272076623,Bradypterus brunneus,Bradypterus_brunneus,AVES,1,36,12723.3636035346
rank,7,7,32.9130272076623,Bradypterus seebohmi,Bradypterus_seebohmi,AVES,0.452718231585579,1,71.7493425011635
rank,7,7,32.9130272076623,Buteo brachypterus,Buteo_brachypterus,AVES,0.835233187425498,1,87419.8011767119
rank,7,7,32.9130272076623,Calicalicus madagascariensis,Calicalicus_madagascariensis,AVES,1,36,83917.0622595178
rank,7,7,32.9130272076623,Cheirogaleus crossleyi,Cheirogaleus_crossleyi,MAMMALIA,1,92,5731.87398069368
rank,7,7,32.9130272076623,Cheirogaleus major,Cheirogaleus_major,MAMMALIA,1,226,65064.2877327198
rank,7,7,32.9130272076623,Cheirogaleus medius,Cheirogaleus_medius,MAMMALIA,1,952,44448.757282421
rank,7,7,32.9130272076623,Cinnyris notatus,Cinnyris_notatus,AVES,0.999999999999982,53,90806.1894140498
rank,7,7,32.9130272076623,Copsychus albospecularis,Copsychus_albospecularis,AVES,0.999993637889519,7,55245.6073340533
rank,7,7,32.9130272076623,Coracopsis nigra,Coracopsis_nigra,AVES,0.995963982457984,3,92770.2382534845
rank,7,7,32.9130272076623,Corythornis madagascariensis,Corythornis_madagascariensis,AVES,0.882441988057926,6,80080.2437481804
rank,7,7,32.9130272076623,Coua caerulea,Coua_caerulea,AVES,0.999811069790462,5,41223.0547228158
rank,7,7,32.9130272076623,Coua coquereli,Coua_coquereli,AVES,0.999966472563212,2,25227.6883662939
rank,7,7,32.9130272076623,Coua cristata,Coua_cristata,AVES,0.999997021308146,5,71350.2881917656
rank,7,7,32.9130272076623,Coua cursor,Coua_cursor,AVES,0.999489187293533,1,13397.0834896266
rank,7,7,32.9130272076623,Coua gigas,Coua_gigas,AVES,0.999831719085167,1,27315.7410339862
rank,7,7,32.9130272076623,Coua reynaudii,Coua_reynaudii,AVES,0.999876246235822,5,35867.0286004469
rank,7,7,32.9130272076623,Coua ruficeps,Coua_ruficeps,AVES,0.959346120072314,3,1327.46846918499
rank,7,7,32.9130272076623,Coua serriana,Coua_serriana,AVES,0.991333833421396,1,31853.9189083168
rank,7,7,32.9130272076623,Crossleyia xanthophrys,Crossleyia_xanthophrys,AVES,1,45,4117.99735637009
rank,7,7,32.9130272076623,Cryptoprocta ferox,Cryptoprocta_ferox,MAMMALIA,0.0663252682265315,3,31501.5134593279
rank,7,7,32.9130272076623,Cryptosylvicola randrianasoloi,Cryptosylvicola_randrianasoloi,AVES,1,39,5909.73896991462
rank,7,7,32.9130272076623,Cyanolanius madagascarinus,Cyanolanius_madagascarinus,AVES,0.999999999997996,23,88127.5129349527
rank,7,7,32.9130272076623,Daubentonia madagascariensis,Daubentonia_madagascariensis,MAMMALIA,1,65,32389.7445960566
rank,7,7,32.9130272076623,Echinops telfairi,Echinops_telfairi,MAMMALIA,1,397,42606.8122214004
rank,7,7,32.9130272076623,Eliurus antsingy,Eliurus_antsingy,MAMMALIA,0.0133748649300235,5,69.4813072830439
rank,7,7,32.9130272076623,Eliurus grandidieri,Eliurus_grandidieri,MAMMALIA,0.999641415738649,27,917.641006159482
rank,7,7,32.9130272076623,Eliurus majori,Eliurus_majori,MAMMALIA,1,269,41698.276881218
rank,7,7,32.9130272076623,Eliurus minor,Eliurus_minor,MAMMALIA,1,1288,67841.5277120454
rank,7,7,32.9130272076623,Eliurus myoxinus,Eliurus_myoxinus,MAMMALIA,1,975,71287.9882525578
rank,7,7,32.9130272076623,Eliurus tanala,Eliurus_tanala,MAMMALIA,1,395,46481.2393218681
rank,7,7,32.9130272076623,Eliurus webbi,Eliurus_webbi,MAMMALIA,1,465,59485.712841101
rank,7,7,32.9130272076623,Eremopterix hova,Eremopterix_hova,AVES,0.999999862347248,22,4111.79749785364
rank,7,7,32.9130272076623,Eulemur albifrons,Eulemur_albifrons,MAMMALIA,1,45,19484.4378500584
rank,7,7,32.9130272076623,Eulemur cinereiceps,Eulemur_cinereiceps,MAMMALIA,1,175,85648.9716561198
rank,7,7,32.9130272076623,Eulemur collaris,Eulemur_collaris,MAMMALIA,1,129,84771.1440711836
rank,7,7,32.9130272076623,Eulemur coronatus,Eulemur_coronatus,MAMMALIA,1,199,24193.2667236476
rank,7,7,32.9130272076623,Eulemur flavifrons,Eulemur_flavifrons,MAMMALIA,0.000213248908682684,1,25.074716512655
rank,7,7,32.9130272076623,Eulemur fulvus,Eulemur_fulvus,MAMMALIA,1,158,85878.3757349675
rank,7,7,32.9130272076623,Eulemur macaco,Eulemur_macaco,MAMMALIA,1,56,37383.6103358865
rank,7,7,32.9130272076623,Eulemur mongoz,Eulemur_mongoz,MAMMALIA,0.99999995289805,33,2266.66703993082
rank,7,7,32.9130272076623,Eulemur rubriventer,Eulemur_rubriventer,MAMMALIA,1,213,74180.895692085
rank,7,7,32.9130272076623,Eulemur rufus,Eulemur_rufus,MAMMALIA,1,176,43453.2105806097
rank,7,7,32.9130272076623,Eulemur sanfordi,Eulemur_sanfordi,MAMMALIA,1,208,85942.0908720735
rank,7,7,32.9130272076623,Euryceros prevostii,Euryceros_prevostii,AVES,0.999000955070916,3,2839.0629478842
rank,7,7,32.9130272076623,Falco zoniventris,Falco_zoniventris,AVES,0.918543933491017,1,60424.3313834444
rank,7,7,32.9130272076623,Falculea palliata,Falculea_palliata,AVES,0.999999999998059,9,26841.2818951383
rank,7,7,32.9130272076623,Fossa fossana,Fossa_fossana,MAMMALIA,0.972669373109283,2,45997.1998394802
rank,7,7,32.9130272076623,Foudia madagascariensis,Foudia_madagascariensis,AVES,0.999999994924592,41,110907.70435521
rank,7,7,32.9130272076623,Foudia omissa,Foudia_omissa,AVES,0.999999999966056,20,48498.8520110324
rank,7,7,32.9130272076623,Gactornis enarratus,Gactornis_enarratus,AVES,0.999999047552766,6,47601.5533537567
rank,7,7,32.9130272076623,Galidia elegans,Galidia_elegans,MAMMALIA,0.966293537627268,5,46557.4515828508
rank,7,7,32.9130272076623,Galidictis fasciata,Galidictis_fasciata,MAMMALIA,0,3,4247.07071315497
rank,7,7,32.9130272076623,Geobiastes squamiger,Geobiastes_squamiger,AVES,0.999650664695381,4,10922.139812611
rank,7,7,32.9130272076623,Geogale aurita,Geogale_aurita,MAMMALIA,1,659,27710.2020599619
rank,7,7,32.9130272076623,Gymnuromys roberti,Gymnuromys_roberti,MAMMALIA,1,154,26104.2929280835
rank,7,7,32.9130272076623,Haliaeetus vociferoides,Haliaeetus_vociferoides,AVES,0.0115773784314965,1,5133.49427342415
rank,7,7,32.9130272076623,Hapalemur alaotrensis,Hapalemur_alaotrensis,MAMMALIA,1,119,8307.5400813398
rank,7,7,32.9130272076623,Hapalemur aureus,Hapalemur_aureus,MAMMALIA,0.999999995692329,24,1820.55619611591
rank,7,7,32.9130272076623,Hapalemur griseus,Hapalemur_griseus,MAMMALIA,1,176,82453.5709683426
rank,7,7,32.9130272076623,Hapalemur occidentalis,Hapalemur_occidentalis,MAMMALIA,0.999995100328248,28,1026.71440970898
rank,7,7,32.9130272076623,Hartertula flavoviridis,Hartertula_flavoviridis,AVES,1,45,8110.84596121311
rank,7,7,32.9130272076623,Hartlaubius auratus,Hartlaubius_auratus,AVES,0.99999771125478,13,84785.8952058775
rank,7,7,32.9130272076623,Hemicentetes nigriceps,Hemicentetes_nigriceps,MAMMALIA,0.999953127257988,35,2052.96238155258
rank,7,7,32.9130272076623,Hemicentetes semispinosus,Hemicentetes_semispinosus,MAMMALIA,0.999999999999998,100,66284.5917222425
rank,7,7,32.9130272076623,Hypogeomys antimena,Hypogeomys_antimena,MAMMALIA,0.133821965840603,5,104.686912983656
rank,7,7,32.9130272076623,Hypositta corallirostris,Hypositta_corallirostris,AVES,0.999978785344446,10,59265.2669642419
rank,7,7,32.9130272076623,Indri indri,Indri_indri,MAMMALIA,0.999999956994746,14,59811.1345643774
rank,7,7,32.9130272076623,Lemur catta,Lemur_catta,MAMMALIA,1,211,20827.8613973111
rank,7,7,32.9130272076623,Lepidopygia nana,Lepidopygia_nana,AVES,0.999887629114918,79,115803.265828904
rank,7,7,32.9130272076623,Lepilemur ankaranensis,Lepilemur_ankaranensis,MAMMALIA,0.942459903341428,13,361.823311685567
rank,7,7,32.9130272076623,Lepilemur edwardsi,Lepilemur_edwardsi,MAMMALIA,1,61,9801.77994349509
rank,7,7,32.9130272076623,Lepilemur leucopus,Lepilemur_leucopus,MAMMALIA,1,93,15357.1128380969
rank,7,7,32.9130272076623,Lepilemur microdon,Lepilemur_microdon,MAMMALIA,0.999999999997001,34,4773.54297635564
rank,7,7,32.9130272076623,Lepilemur mustelinus,Lepilemur_mustelinus,MAMMALIA,1,230,74689.0427348092
rank,7,7,32.9130272076623,Lepilemur ruficaudatus,Lepilemur_ruficaudatus,MAMMALIA,1,174,15335.7797214774
rank,7,7,32.9130272076623,Leptopterus chabert,Leptopterus_chabert,AVES,0.999999998950004,25,101256.965895794
rank,7,7,32.9130272076623,Lophotibis cristata,Lophotibis_cristata,AVES,0.999804989116369,2,75198.232951208
rank,7,7,32.9130272076623,Macrotarsomys bastardi,Macrotarsomys_bastardi,MAMMALIA,1,276,8152.98444743497
rank,7,7,32.9130272076623,Margaroperdix madagarensis,Margaroperdix_madagarensis,AVES,0.999969577292261,1,87794.5044480786
rank,7,7,32.9130272076623,Mentocrex kioloides,Mentocrex_kioloides,AVES,0.99770987189793,1,33313.9785696194
rank,7,7,32.9130272076623,Mesitornis unicolor,Mesitornis_unicolor,AVES,0,1,89.8278131379858
rank,7,7,32.9130272076623,Mesitornis variegatus,Mesitornis_variegatus,AVES,0.998762356946553,5,2869.24937690049
rank,7,7,32.9130272076623,Microcebus berthae,Microcebus_berthae,MAMMALIA,1.52725555535582e-08,2,17.7781751081347
rank,7,7,32.9130272076623,Microcebus griseorufus,Microcebus_griseorufus,MAMMALIA,0.995769019106108,14,501.433658043884
rank,7,7,32.9130272076623,Microcebus murinus,Microcebus_murinus,MAMMALIA,1,1255,72986.5375314429
rank,7,7,32.9130272076623,Microcebus myoxinus,Microcebus_myoxinus,MAMMALIA,0.999999992654343,102,1124.39007911777
rank,7,7,32.9130272076623,Microcebus ravelobensis,Microcebus_ravelobensis,MAMMALIA,0.778620368188765,15,246.875988043973
rank,7,7,32.9130272076623,Microcebus rufus,Microcebus_rufus,MAMMALIA,1,1131,64664.7962613493
rank,7,7,32.9130272076623,Microcebus tavaratra,Microcebus_tavaratra,MAMMALIA,0.99348955741329,45,767.433245509863
rank,7,7,32.9130272076623,Microgale brevicaudata,Microgale_brevicaudata,MAMMALIA,1,747,27961.6548922136
rank,7,7,32.9130272076623,Microgale cowani,Microgale_cowani,MAMMALIA,1,510,54239.4171104878
rank,7,7,32.9130272076623,Microgale drouhardi,Microgale_drouhardi,MAMMALIA,1,313,25621.5131706148
rank,7,7,32.9130272076623,Microgale dryas,Microgale_dryas,MAMMALIA,0.897201399235259,47,1369.92029440585
rank,7,7,32.9130272076623,Microgale fotsifotsy,Microgale_fotsifotsy,MAMMALIA,1,387,29387.41644574
rank,7,7,32.9130272076623,Microgale gracilis,Microgale_gracilis,MAMMALIA,0.999999999998795,118,9616.30546971204
rank,7,7,32.9130272076623,Microgale gymnorhyncha,Microgale_gymnorhyncha,MAMMALIA,1,136,19132.0031421194
rank,7,7,32.9130272076623,Microgale longicaudata,Microgale_longicaudata,MAMMALIA,1,906,57527.232533969
rank,7,7,32.9130272076623,Microgale mergulus,Microgale_mergulus,MAMMALIA,0.999999999999896,71,5562.61775285862
rank,7,7,32.9130272076623,Microgale parvula,Microgale_parvula,MAMMALIA,0.999999999999723,1076,60446.2775686629
rank,7,7,32.9130272076623,Microgale principula,Microgale_principula,MAMMALIA,0.999999999999998,592,49944.3931258246
rank,7,7,32.9130272076623,Microgale pusilla,Microgale_pusilla,MAMMALIA,0.99999999981092,423,18975.3370181769
rank,7,7,32.9130272076623,Microgale soricoides,Microgale_soricoides,MAMMALIA,1,138,26558.2141579466
rank,7,7,32.9130272076623,Microgale taiva,Microgale_taiva,MAMMALIA,1,306,40344.7736337781
rank,7,7,32.9130272076623,Microgale thomasi,Microgale_thomasi,MAMMALIA,1,108,23555.4208336622
rank,7,7,32.9130272076623,Mirza coquereli,Mirza_coquereli,MAMMALIA,0.999997589067307,53,2653.0007427779
rank,7,7,32.9130272076623,Monias benschi,Monias_benschi,AVES,0,1,82.9420458882274
rank,7,7,32.9130272076623,Monticola erythronotus,Monticola_erythronotus,AVES,0.505764981643065,1,97.4973036619822
rank,7,7,32.9130272076623,Monticola sharpei,Monticola_sharpei,AVES,1,32,80401.6157117412
rank,7,7,32.9130272076623,Monticolomys koopmani,Monticolomys_koopmani,MAMMALIA,0.132627251095215,6,104.060766987503
rank,7,7,32.9130272076623,Motacilla flaviventris,Motacilla_flaviventris,AVES,1,38,8787.15500996575
rank,7,7,32.9130272076623,Mystacornis crossleyi,Mystacornis_crossleyi,AVES,0.999999999999976,13,46560.2827461436
rank,7,7,32.9130272076623,Neodrepanis coruscans,Neodrepanis_coruscans,AVES,0.999998920290927,15,29257.7731857598
rank,7,7,32.9130272076623,Neodrepanis hypoxantha,Neodrepanis_hypoxantha,AVES,0.0211788111247608,3,88.4296057149768
rank,7,7,32.9130272076623,Neomixis striatigula,Neomixis_striatigula,AVES,0.999999999888285,24,55010.1439889818
rank,7,7,32.9130272076623,Neomixis tenella,Neomixis_tenella,AVES,1,97,80373.7013894841
rank,7,7,32.9130272076623,Neomixis viridis,Neomixis_viridis,AVES,0.999999999994221,25,51310.9855423719
rank,7,7,32.9130272076623,Nesillas lantzii,Nesillas_lantzii,AVES,0.999983000083502,3,2703.9328436479
rank,7,7,32.9130272076623,Nesogale dobsoni,Nesogale_dobsoni,MAMMALIA,1,313,62307.1808744632
rank,7,7,32.9130272076623,Nesogale talazaci,Nesogale_talazaci,MAMMALIA,1,195,60902.6971643088
rank,7,7,32.9130272076623,Nesomys audeberti,Nesomys_audeberti,MAMMALIA,1,111,4404.70734705302
rank,7,7,32.9130272076623,Nesomys lambertoni,Nesomys_lambertoni,MAMMALIA,0.999983982375401,29,958.575495295227
rank,7,7,32.9130272076623,Nesomys rufus,Nesomys_rufus,MAMMALIA,1,233,45153.515362864
rank,7,7,32.9130272076623,Newtonia amphichroa,Newtonia_amphichroa,AVES,1,15,41109.8184856483
rank,7,7,32.9130272076623,Newtonia archboldi,Newtonia_archboldi,AVES,0.999743205924592,10,2057.60292387809
rank,7,7,32.9130272076623,Newtonia brunneicauda,Newtonia_brunneicauda,AVES,1,49,101314.491868101
rank,7,7,32.9130272076623,Newtonia fanovanae,Newtonia_fanovanae,AVES,0.353055283448657,2,98.2207024819943
rank,7,7,32.9130272076623,Oriolia bernieri,Oriolia_bernieri,AVES,0.999999957770607,15,14203.3090813756
rank,7,7,32.9130272076623,Oryzorictes hova,Oryzorictes_hova,MAMMALIA,1,288,61238.1062281951
rank,7,7,32.9130272076623,Oryzorictes tetradactylus,Oryzorictes_tetradactylus,MAMMALIA,1,157,10388.784903156
rank,7,7,32.9130272076623,Otus rutilus,Otus_rutilus,AVES,0.999999706790225,3,90663.0950394571
rank,7,7,32.9130272076623,Oxylabes madagascariensis,Oxylabes_madagascariensis,AVES,0.999999999999995,21,49878.3716658056
rank,7,7,32.9130272076623,Phaner electromontis,Phaner_electromontis,MAMMALIA,1.1181189119025e-07,1,17.4337788633315
rank,7,7,32.9130272076623,Phaner furcifer,Phaner_furcifer,MAMMALIA,0.887905466959644,58,892.662774423171
rank,7,7,32.9130272076623,Phaner pallescens,Phaner_pallescens,MAMMALIA,0.999999999997009,57,3504.14815962315
rank,7,7,32.9130272076623,Phaner parienti,Phaner_parienti,MAMMALIA,0.00280017666108967,1,24.4501852478648
rank,7,7,32.9130272076623,Philepitta castanea,Philepitta_castanea,AVES,0.983617503865903,4,37915.7550967708
rank,7,7,32.9130272076623,Philepitta schlegeli,Philepitta_schlegeli,AVES,0.988278027030843,14,4281.37986122647
rank,7,7,32.9130272076623,Ploceus nelicourvi,Ploceus_nelicourvi,AVES,0.999999999992161,13,58600.57933487
rank,7,7,32.9130272076623,Ploceus sakalava,Ploceus_sakalava,AVES,0.999999999738987,36,32319.2163964957
rank,7,7,32.9130272076623,Polyboroides radiatus,Polyboroides_radiatus,AVES,0.997896844756146,1,87243.5120815184
rank,7,7,32.9130272076623,Pseudobias wardi,Pseudobias_wardi,AVES,0.999999999999993,17,41194.7747057006
rank,7,7,32.9130272076623,Pterocles personatus,Pterocles_personatus,AVES,0.940123497880854,5,7087.00341547594
rank,7,7,32.9130272076623,Rallus madagascariensis,Rallus_madagascariensis,AVES,0.999999406156078,5,14439.6598193453
rank,7,7,32.9130272076623,Randia pseudozosterops,Randia_pseudozosterops,AVES,0.999996119875551,10,44412.0666991472
rank,7,7,32.9130272076623,Sarothrura insularis,Sarothrura_insularis,AVES,0.999877502324808,6,67830.1429730207
rank,7,7,32.9130272076623,Schetba rufa,Schetba_rufa,AVES,1,24,27939.2910719812
rank,7,7,32.9130272076623,Setifer setosus,Setifer_setosus,MAMMALIA,1,221,96878.9647267312
rank,7,7,32.9130272076623,Tenrec ecaudatus,Tenrec_ecaudatus,MAMMALIA,1,109,100453.284457065
rank,7,7,32.9130272076623,Thamnornis chloropetoides,Thamnornis_chloropetoides,AVES,0.999977507869225,5,3407.17432130128
rank,7,7,32.9130272076623,Treron australis,Treron_australis,AVES,0.995756661241322,1,90220.0049781948
rank,7,7,32.9130272076623,Turnix nigricollis,Turnix_nigricollis,AVES,0.999968520827269,2,98208.4517255649
rank,7,7,32.9130272076623,Tylas eduardi,Tylas_eduardi,AVES,0.999999997526294,7,56774.1096534058
rank,7,7,32.9130272076623,Vanga curvirostris,Vanga_curvirostris,AVES,0.999988786390938,9,101436.500903632
rank,7,7,32.9130272076623,Varecia rubra,Varecia_rubra,MAMMALIA,1,53,66936.3414065427
rank,7,7,32.9130272076623,Varecia variegata,Varecia_variegata,MAMMALIA,0.999999999999994,39,66434.6962998061
rank,7,7,32.9130272076623,Xanthomixis apperti,Xanthomixis_apperti,AVES,0.441311210122258,1,68.4073899760842
rank,7,7,32.9130272076623,Xanthomixis cinereiceps,Xanthomixis_cinereiceps,AVES,1,20,17204.6419445872
rank,7,7,32.9130272076623,Xanthomixis zosterops,Xanthomixis_zosterops,AVES,0.999999999937061,19,59053.2258504257
rank,7,7,32.9130272076623,Xenopirostris damii,Xenopirostris_damii,AVES,0.00179910766481406,1,93.5023440420628
rank,7,7,32.9130272076623,Xenopirostris polleni,Xenopirostris_polleni,AVES,0.999999969638816,9,17651.5521034093
rank,7,7,32.9130272076623,Xenopirostris xenopirostris,Xenopirostris_xenopirostris,AVES,0.96505807541122,1,1102.55740338564
rank,8,8,37.603063945369,Accipiter henstii,Accipiter_henstii,AVES,0.727315409096104,1,67055.7210328374
rank,8,8,37.603063945369,Accipiter madagascariensis,Accipiter_madagascariensis,AVES,0.908911850991045,1,79606.4161961451
rank,8,8,37.603063945369,Acrocephalus newtoni,Acrocephalus_newtoni,AVES,1,41,91438.5195507788
rank,8,8,37.603063945369,Alectroenas madagascariensis,Alectroenas_madagascariensis,AVES,0.997084955133648,7,58692.6879235788
rank,8,8,37.603063945369,Allocebus trichotis,Allocebus_trichotis,MAMMALIA,0.00783473494650444,3,72.1001097112894
rank,8,8,37.603063945369,Anas bernieri,Anas_bernieri,AVES,0,1,161.555721102021
rank,8,8,37.603063945369,Apus balstoni,Apus_balstoni,AVES,0.999999143397893,9,78827.4995266731
rank,8,8,37.603063945369,Artamella viridis,Artamella_viridis,AVES,0.999999999999969,20,84593.7887015193
rank,8,8,37.603063945369,Asio madagascariensis,Asio_madagascariensis,AVES,0.859892914910471,2,61776.8151899972
rank,8,8,37.603063945369,Atelornis crossleyi,Atelornis_crossleyi,AVES,0.999998758967357,7,11572.6222161697
rank,8,8,37.603063945369,Atelornis pittoides,Atelornis_pittoides,AVES,0.999722237248094,3,40576.059001103
rank,8,8,37.603063945369,Athene superciliaris,Athene_superciliaris,AVES,0.999372772925945,1,56782.5838788822
rank,8,8,37.603063945369,Avahi laniger,Avahi_laniger,MAMMALIA,1,84,35563.1208402206
rank,8,8,37.603063945369,Avahi occidentalis,Avahi_occidentalis,MAMMALIA,0.996177513156648,4,630.900925964117
rank,8,8,37.603063945369,Aviceda madagascariensis,Aviceda_madagascariensis,AVES,0.964872277298402,1,75615.9563110471
rank,8,8,37.603063945369,Bernieria madagascariensis,Bernieria_madagascariensis,AVES,0.999999999982124,26,79580.180760307
rank,8,8,37.603063945369,Brachypteracias leptosomus,Brachypteracias_leptosomus,AVES,0.99975909168188,1,35989.0835039616
rank,8,8,37.603063945369,Brachytarsomys albicauda,Brachytarsomys_albicauda,MAMMALIA,0.999999991596676,50,1815.17485363856
rank,8,8,37.603063945369,Brachyuromys betsileoensis,Brachyuromys_betsileoensis,MAMMALIA,1,120,13653.2877108678
rank,8,8,37.603063945369,Brachyuromys ramirohitra,Brachyuromys_ramirohitra,MAMMALIA,0.65541484639138,2,90.5857082977891
rank,8,8,37.603063945369,Bradypterus brunneus,Bradypterus_brunneus,AVES,1,36,12696.7632434614
rank,8,8,37.603063945369,Bradypterus seebohmi,Bradypterus_seebohmi,AVES,0.452718231585579,1,71.7493425011635
rank,8,8,37.603063945369,Buteo brachypterus,Buteo_brachypterus,AVES,0.825356723875017,1,81734.4739337936
rank,8,8,37.603063945369,Calicalicus madagascariensis,Calicalicus_madagascariensis,AVES,1,44,79599.0936984495
rank,8,8,37.603063945369,Cheirogaleus crossleyi,Cheirogaleus_crossleyi,MAMMALIA,1,92,5731.87398069368
rank,8,8,37.603063945369,Cheirogaleus major,Cheirogaleus_major,MAMMALIA,1,218,62393.346493341
rank,8,8,37.603063945369,Cheirogaleus medius,Cheirogaleus_medius,MAMMALIA,1,884,40795.5388754854
rank,8,8,37.603063945369,Cinnyris notatus,Cinnyris_notatus,AVES,1,58,85727.5892357188
rank,8,8,37.603063945369,Copsychus albospecularis,Copsychus_albospecularis,AVES,0.999999613160572,11,54213.5011470504
rank,8,8,37.603063945369,Coracopsis nigra,Coracopsis_nigra,AVES,0.995096602411234,3,87364.9883351854
rank,8,8,37.603063945369,Corythornis madagascariensis,Corythornis_madagascariensis,AVES,0.878304759689802,7,76126.6648832388
rank,8,8,37.603063945369,Coua caerulea,Coua_caerulea,AVES,0.999780774016002,4,40132.4556847215
rank,8,8,37.603063945369,Coua coquereli,Coua_coquereli,AVES,0.99999650711942,3,23315.2684901208
rank,8,8,37.603063945369,Coua cristata,Coua_cristata,AVES,0.999993834727346,5,67442.822691001
rank,8,8,37.603063945369,Coua cursor,Coua_cursor,AVES,0.999365298726796,1,12048.0036995411
rank,8,8,37.603063945369,Coua gigas,Coua_gigas,AVES,0.999806370477369,1,25553.7308722064
rank,8,8,37.603063945369,Coua reynaudii,Coua_reynaudii,AVES,0.999851835059406,5,35379.5678039119
rank,8,8,37.603063945369,Coua ruficeps,Coua_ruficeps,AVES,0.959346120072314,3,1327.46846918499
rank,8,8,37.603063945369,Coua serriana,Coua_serriana,AVES,0.991085256338206,1,31146.3029631759
rank,8,8,37.603063945369,Crossleyia xanthophrys,Crossleyia_xanthophrys,AVES,1,45,4117.99735637009
rank,8,8,37.603063945369,Cryptoprocta ferox,Cryptoprocta_ferox,MAMMALIA,0.0609162640621719,3,31081.0896521993
rank,8,8,37.603063945369,Cryptosylvicola randrianasoloi,Cryptosylvicola_randrianasoloi,AVES,1,39,5909.73896991462
rank,8,8,37.603063945369,Cyanolanius madagascarinus,Cyanolanius_madagascarinus,AVES,0.999999999999424,29,82993.4892189332
rank,8,8,37.603063945369,Daubentonia madagascariensis,Daubentonia_madagascariensis,MAMMALIA,1,66,30520.7831045613
rank,8,8,37.603063945369,Echinops telfairi,Echinops_telfairi,MAMMALIA,1,353,38968.1252439916
rank,8,8,37.603063945369,Eliurus antsingy,Eliurus_antsingy,MAMMALIA,0.0133748649300235,5,69.4813072830439
rank,8,8,37.603063945369,Eliurus grandidieri,Eliurus_grandidieri,MAMMALIA,0.999641415738649,27,917.641006159482
rank,8,8,37.603063945369,Eliurus majori,Eliurus_majori,MAMMALIA,1,262,40586.9253355041
rank,8,8,37.603063945369,Eliurus minor,Eliurus_minor,MAMMALIA,1,1226,64933.9995306527
rank,8,8,37.603063945369,Eliurus myoxinus,Eliurus_myoxinus,MAMMALIA,1,908,66699.4182425456
rank,8,8,37.603063945369,Eliurus tanala,Eliurus_tanala,MAMMALIA,1,386,45461.7217032313
rank,8,8,37.603063945369,Eliurus webbi,Eliurus_webbi,MAMMALIA,1,455,57441.4944996312
rank,8,8,37.603063945369,Eremopterix hova,Eremopterix_hova,AVES,0.999999862347248,22,4111.79749785364
rank,8,8,37.603063945369,Eulemur albifrons,Eulemur_albifrons,MAMMALIA,1,49,18699.8471886
rank,8,8,37.603063945369,Eulemur cinereiceps,Eulemur_cinereiceps,MAMMALIA,1,174,80950.5408401699
rank,8,8,37.603063945369,Eulemur collaris,Eulemur_collaris,MAMMALIA,1,129,80146.3500831573
rank,8,8,37.603063945369,Eulemur coronatus,Eulemur_coronatus,MAMMALIA,1,202,22641.6440007906
rank,8,8,37.603063945369,Eulemur flavifrons,Eulemur_flavifrons,MAMMALIA,0.000213248908682684,1,25.074716512655
rank,8,8,37.603063945369,Eulemur fulvus,Eulemur_fulvus,MAMMALIA,1,156,81124.5447369605
rank,8,8,37.603063945369,Eulemur macaco,Eulemur_macaco,MAMMALIA,1,56,36926.2055463493
rank,8,8,37.603063945369,Eulemur mongoz,Eulemur_mongoz,MAMMALIA,0.99999995289805,33,2266.66703993082
rank,8,8,37.603063945369,Eulemur rubriventer,Eulemur_rubriventer,MAMMALIA,1,208,71039.7985971768
rank,8,8,37.603063945369,Eulemur rufus,Eulemur_rufus,MAMMALIA,1,170,41107.9451256096
rank,8,8,37.603063945369,Eulemur sanfordi,Eulemur_sanfordi,MAMMALIA,1,210,81268.5274636707
rank,8,8,37.603063945369,Euryceros prevostii,Euryceros_prevostii,AVES,0.999000955070916,3,2839.0629478842
rank,8,8,37.603063945369,Falco zoniventris,Falco_zoniventris,AVES,0.913417065295415,1,56823.6412901878
rank,8,8,37.603063945369,Falculea palliata,Falculea_palliata,AVES,0.999999999996104,9,25377.0522782877
rank,8,8,37.603063945369,Fossa fossana,Fossa_fossana,MAMMALIA,0.968886312082499,2,44625.181577839
rank,8,8,37.603063945369,Foudia madagascariensis,Foudia_madagascariensis,AVES,0.999999994100541,54,103835.065346807
rank,8,8,37.603063945369,Foudia omissa,Foudia_omissa,AVES,0.999999999921739,19,46751.9882460684
rank,8,8,37.603063945369,Gactornis enarratus,Gactornis_enarratus,AVES,0.999997882429432,6,46049.7025576755
rank,8,8,37.603063945369,Galidia elegans,Galidia_elegans,MAMMALIA,0.964479831168097,5,45991.3926763168
rank,8,8,37.603063945369,Galidictis fasciata,Galidictis_fasciata,MAMMALIA,0,3,4247.07071315497
rank,8,8,37.603063945369,Geobiastes squamiger,Geobiastes_squamiger,AVES,0.9996505067282,4,10919.7980527654
rank,8,8,37.603063945369,Geogale aurita,Geogale_aurita,MAMMALIA,1,625,26264.4357296675
rank,8,8,37.603063945369,Gymnuromys roberti,Gymnuromys_roberti,MAMMALIA,1,148,25864.4528672023
rank,8,8,37.603063945369,Haliaeetus vociferoides,Haliaeetus_vociferoides,AVES,0.0115773784314965,1,5133.49427342415
rank,8,8,37.603063945369,Hapalemur alaotrensis,Hapalemur_alaotrensis,MAMMALIA,1,111,7453.71080978994
rank,8,8,37.603063945369,Hapalemur aureus,Hapalemur_aureus,MAMMALIA,0.999999995692329,24,1820.55619611591
rank,8,8,37.603063945369,Hapalemur griseus,Hapalemur_griseus,MAMMALIA,1,175,78456.3880386261
rank,8,8,37.603063945369,Hapalemur occidentalis,Hapalemur_occidentalis,MAMMALIA,0.999995100328248,28,1026.71440970898
rank,8,8,37.603063945369,Hartertula flavoviridis,Hartertula_flavoviridis,AVES,1,45,8105.4393292591
rank,8,8,37.603063945369,Hartlaubius auratus,Hartlaubius_auratus,AVES,0.999995846850597,17,80480.6858368326
rank,8,8,37.603063945369,Hemicentetes nigriceps,Hemicentetes_nigriceps,MAMMALIA,0.999953127257988,35,2052.96238155258
rank,8,8,37.603063945369,Hemicentetes semispinosus,Hemicentetes_semispinosus,MAMMALIA,1,99,63432.5358403102
rank,8,8,37.603063945369,Hypogeomys antimena,Hypogeomys_antimena,MAMMALIA,0.133821965840603,5,104.686912983656
rank,8,8,37.603063945369,Hypositta corallirostris,Hypositta_corallirostris,AVES,0.999950008456834,13,57254.2066390961
rank,8,8,37.603063945369,Indri indri,Indri_indri,MAMMALIA,0.999999750813973,10,57441.4552343115
rank,8,8,37.603063945369,Lemur catta,Lemur_catta,MAMMALIA,1,195,19047.9249780476
rank,8,8,37.603063945369,Lepidopygia nana,Lepidopygia_nana,AVES,0.999845306867343,88,108705.022527148
rank,8,8,37.603063945369,Lepilemur ankaranensis,Lepilemur_ankaranensis,MAMMALIA,0.942459903341428,13,361.823311685567
rank,8,8,37.603063945369,Lepilemur edwardsi,Lepilemur_edwardsi,MAMMALIA,1,62,9315.10850803832
rank,8,8,37.603063945369,Lepilemur leucopus,Lepilemur_leucopus,MAMMALIA,1,89,13912.9642996788
rank,8,8,37.603063945369,Lepilemur microdon,Lepilemur_microdon,MAMMALIA,0.999999999997001,34,4773.54297635564
rank,8,8,37.603063945369,Lepilemur mustelinus,Lepilemur_mustelinus,MAMMALIA,1,216,69981.578609921
rank,8,8,37.603063945369,Lepilemur ruficaudatus,Lepilemur_ruficaudatus,MAMMALIA,1,167,14458.6070687968
rank,8,8,37.603063945369,Leptopterus chabert,Leptopterus_chabert,AVES,0.999999999981533,32,94370.8081487566
rank,8,8,37.603063945369,Lophotibis cristata,Lophotibis_cristata,AVES,0.999787303058616,2,71863.356994152
rank,8,8,37.603063945369,Macrotarsomys bastardi,Macrotarsomys_bastardi,MAMMALIA,1,273,8112.60833860267
rank,8,8,37.603063945369,Margaroperdix madagarensis,Margaroperdix_madagarensis,AVES,0.999966960042389,1,83454.1731519625
rank,8,8,37.603063945369,Mentocrex kioloides,Mentocrex_kioloides,AVES,0.997655948299932,1,32792.1979351267
rank,8,8,37.603063945369,Mesitornis unicolor,Mesitornis_unicolor,AVES,0,1,89.8278131379858
rank,8,8,37.603063945369,Mesitornis variegatus,Mesitornis_variegatus,AVES,0.998762356946553,5,2869.24937690049
rank,8,8,37.603063945369,Microcebus berthae,Microcebus_berthae,MAMMALIA,1.52725555535582e-08,2,17.7781751081347
rank,8,8,37.603063945369,Microcebus griseorufus,Microcebus_griseorufus,MAMMALIA,0.995769019106108,14,501.433658043884
rank,8,8,37.603063945369,Microcebus murinus,Microcebus_murinus,MAMMALIA,1,1179,67640.2163736895
rank,8,8,37.603063945369,Microcebus myoxinus,Microcebus_myoxinus,MAMMALIA,0.999999992654343,102,1124.39007911777
rank,8,8,37.603063945369,Microcebus ravelobensis,Microcebus_ravelobensis,MAMMALIA,0.778620368188765,15,246.875988043973
rank,8,8,37.603063945369,Microcebus rufus,Microcebus_rufus,MAMMALIA,1,1061,62302.9934331849
rank,8,8,37.603063945369,Microcebus tavaratra,Microcebus_tavaratra,MAMMALIA,0.99348955741329,45,767.433245509863
rank,8,8,37.603063945369,Microgale brevicaudata,Microgale_brevicaudata,MAMMALIA,1,702,26440.2123984993
rank,8,8,37.603063945369,Microgale cowani,Microgale_cowani,MAMMALIA,1,475,52263.3873012588
rank,8,8,37.603063945369,Microgale drouhardi,Microgale_drouhardi,MAMMALIA,1,308,25397.7827734798
rank,8,8,37.603063945369,Microgale dryas,Microgale_dryas,MAMMALIA,0.897201399235259,47,1369.92029440585
rank,8,8,37.603063945369,Microgale fotsifotsy,Microgale_fotsifotsy,MAMMALIA,1,380,29011.8597215439
rank,8,8,37.603063945369,Microgale gracilis,Microgale_gracilis,MAMMALIA,0.999999999998683,119,9608.91997583191
rank,8,8,37.603063945369,Microgale gymnorhyncha,Microgale_gymnorhyncha,MAMMALIA,1,139,18842.3550493661
rank,8,8,37.603063945369,Microgale longicaudata,Microgale_longicaudata,MAMMALIA,1,851,55569.0328741148
rank,8,8,37.603063945369,Microgale mergulus,Microgale_mergulus,MAMMALIA,0.999999999999896,71,5562.61775285862
rank,8,8,37.603063945369,Microgale parvula,Microgale_parvula,MAMMALIA,0.999999999999217,1023,58849.3648856409
rank,8,8,37.603063945369,Microgale principula,Microgale_principula,MAMMALIA,1,575,49347.1191228032
rank,8,8,37.603063945369,Microgale pusilla,Microgale_pusilla,MAMMALIA,0.999999999793642,416,18851.3821465522
rank,8,8,37.603063945369,Microgale soricoides,Microgale_soricoides,MAMMALIA,1,136,26018.0707640543
rank,8,8,37.603063945369,Microgale taiva,Microgale_taiva,MAMMALIA,1,300,39991.5051048473
rank,8,8,37.603063945369,Microgale thomasi,Microgale_thomasi,MAMMALIA,1,106,23122.5748363808
rank,8,8,37.603063945369,Mirza coquereli,Mirza_coquereli,MAMMALIA,0.999997589067307,53,2653.0007427779
rank,8,8,37.603063945369,Monias benschi,Monias_benschi,AVES,0,1,82.9420458882274
rank,8,8,37.603063945369,Monticola erythronotus,Monticola_erythronotus,AVES,0.505764981643065,1,97.4973036619822
rank,8,8,37.603063945369,Monticola sharpei,Monticola_sharpei,AVES,1,38,75033.3602125496
rank,8,8,37.603063945369,Monticolomys koopmani,Monticolomys_koopmani,MAMMALIA,0.132627251095215,6,104.060766987503
rank,8,8,37.603063945369,Motacilla flaviventris,Motacilla_flaviventris,AVES,1,37,7783.8113258998
rank,8,8,37.603063945369,Mystacornis crossleyi,Mystacornis_crossleyi,AVES,0.999999999999668,13,45513.8958097324
rank,8,8,37.603063945369,Neodrepanis coruscans,Neodrepanis_coruscans,AVES,0.999998787527198,15,28712.0946223885
rank,8,8,37.603063945369,Neodrepanis hypoxantha,Neodrepanis_hypoxantha,AVES,0.0211788111247608,3,88.4296057149768
rank,8,8,37.603063945369,Neomixis striatigula,Neomixis_striatigula,AVES,0.999999999992457,27,53325.3150363267
rank,8,8,37.603063945369,Neomixis tenella,Neomixis_tenella,AVES,1,110,76063.6701815203
rank,8,8,37.603063945369,Neomixis viridis,Neomixis_viridis,AVES,0.999999999969132,29,50059.4681332707
rank,8,8,37.603063945369,Nesillas lantzii,Nesillas_lantzii,AVES,0.999983000083502,3,2703.9328436479
rank,8,8,37.603063945369,Nesogale dobsoni,Nesogale_dobsoni,MAMMALIA,1,306,59942.5449686172
rank,8,8,37.603063945369,Nesogale talazaci,Nesogale_talazaci,MAMMALIA,1,196,58789.2435386479
rank,8,8,37.603063945369,Nesomys audeberti,Nesomys_audeberti,MAMMALIA,1,111,4404.70734705302
rank,8,8,37.603063945369,Nesomys lambertoni,Nesomys_lambertoni,MAMMALIA,0.999983982375401,29,958.575495295227
rank,8,8,37.603063945369,Nesomys rufus,Nesomys_rufus,MAMMALIA,1,221,44115.2727429209
rank,8,8,37.603063945369,Newtonia amphichroa,Newtonia_amphichroa,AVES,1,17,40025.4117342643
rank,8,8,37.603063945369,Newtonia archboldi,Newtonia_archboldi,AVES,0.999743205924592,10,2057.60292387809
rank,8,8,37.603063945369,Newtonia brunneicauda,Newtonia_brunneicauda,AVES,1,58,95187.6174782664
rank,8,8,37.603063945369,Newtonia fanovanae,Newtonia_fanovanae,AVES,0.353055283448657,2,98.2207024819943
rank,8,8,37.603063945369,Oriolia bernieri,Oriolia_bernieri,AVES,0.999999945543624,15,14029.3016882539
rank,8,8,37.603063945369,Oryzorictes hova,Oryzorictes_hova,MAMMALIA,1,279,58642.9319293648
rank,8,8,37.603063945369,Oryzorictes tetradactylus,Oryzorictes_tetradactylus,MAMMALIA,1,152,10046.6834940524
rank,8,8,37.603063945369,Otus rutilus,Otus_rutilus,AVES,0.99999958220536,3,85649.0499148443
rank,8,8,37.603063945369,Oxylabes madagascariensis,Oxylabes_madagascariensis,AVES,0.999999999999994,21,48107.3117697686
rank,8,8,37.603063945369,Phaner electromontis,Phaner_electromontis,MAMMALIA,1.1181189119025e-07,1,17.4337788633315
rank,8,8,37.603063945369,Phaner furcifer,Phaner_furcifer,MAMMALIA,0.887905466959644,58,892.662774423171
rank,8,8,37.603063945369,Phaner pallescens,Phaner_pallescens,MAMMALIA,0.999999999997009,57,3504.14815962315
rank,8,8,37.603063945369,Phaner parienti,Phaner_parienti,MAMMALIA,0.00280017666108967,1,24.4501852478648
rank,8,8,37.603063945369,Philepitta castanea,Philepitta_castanea,AVES,0.983575669923808,4,37797.5298317894
rank,8,8,37.603063945369,Philepitta schlegeli,Philepitta_schlegeli,AVES,0.988278027030843,14,4281.37986122647
rank,8,8,37.603063945369,Ploceus nelicourvi,Ploceus_nelicourvi,AVES,0.999999999997416,14,56320.9193859697
rank,8,8,37.603063945369,Ploceus sakalava,Ploceus_sakalava,AVES,0.999999999737555,36,29891.0638033599
rank,8,8,37.603063945369,Polyboroides radiatus,Polyboroides_radiatus,AVES,0.997596349262024,1,80521.6901016715
rank,8,8,37.603063945369,Pseudobias wardi,Pseudobias_wardi,AVES,0.999999999999997,18,40457.2467945665
rank,8,8,37.603063945369,Pterocles personatus,Pterocles_personatus,AVES,0.940123497880854,5,7087.00341547594
rank,8,8,37.603063945369,Rallus madagascariensis,Rallus_madagascariensis,AVES,0.999999311101839,5,14402.3052365781
rank,8,8,37.603063945369,Randia pseudozosterops,Randia_pseudozosterops,AVES,0.999999798321662,12,43034.0033056006
rank,8,8,37.603063945369,Sarothrura insularis,Sarothrura_insularis,AVES,0.999748338099001,7,64611.2324403301
rank,8,8,37.603063945369,Schetba rufa,Schetba_rufa,AVES,1,26,27133.1942522824
rank,8,8,37.603063945369,Setifer setosus,Setifer_setosus,MAMMALIA,1,219,90985.3560566902
rank,8,8,37.603063945369,Tenrec ecaudatus,Tenrec_ecaudatus,MAMMALIA,1,112,94592.6949377954
rank,8,8,37.603063945369,Thamnornis chloropetoides,Thamnornis_chloropetoides,AVES,0.999977507869225,5,3407.17432130128
rank,8,8,37.603063945369,Treron australis,Treron_australis,AVES,0.995381244788791,1,83646.2780914083
rank,8,8,37.603063945369,Turnix nigricollis,Turnix_nigricollis,AVES,0.999962034040932,3,91688.2205357999
rank,8,8,37.603063945369,Tylas eduardi,Tylas_eduardi,AVES,0.99999999713541,11,54830.5460710898
rank,8,8,37.603063945369,Vanga curvirostris,Vanga_curvirostris,AVES,0.999993484972953,11,94793.6508460047
rank,8,8,37.603063945369,Varecia rubra,Varecia_rubra,MAMMALIA,1,55,64390.3483855232
rank,8,8,37.603063945369,Varecia variegata,Varecia_variegata,MAMMALIA,0.999999999999531,34,63832.8206765998
rank,8,8,37.603063945369,Xanthomixis apperti,Xanthomixis_apperti,AVES,0.441311210122258,1,68.4073899760842
rank,8,8,37.603063945369,Xanthomixis cinereiceps,Xanthomixis_cinereiceps,AVES,1,20,17042.804332181
rank,8,8,37.603063945369,Xanthomixis zosterops,Xanthomixis_zosterops,AVES,0.999999999994829,22,56712.760959588
rank,8,8,37.603063945369,Xenopirostris damii,Xenopirostris_damii,AVES,0.00179910766481406,1,93.5023440420628
rank,8,8,37.603063945369,Xenopirostris polleni,Xenopirostris_polleni,AVES,0.999999968943253,9,17567.8865993661
rank,8,8,37.603063945369,Xenopirostris xenopirostris,Xenopirostris_xenopirostris,AVES,0.96505807541122,1,1102.55740338564
rank,9,9,42.294366853716,Accipiter henstii,Accipiter_henstii,AVES,0.714595310839984,1,63214.6698139711
rank,9,9,42.294366853716,Accipiter madagascariensis,Accipiter_madagascariensis,AVES,0.903120884853686,1,74814.7574404329
rank,9,9,42.294366853716,Acrocephalus newtoni,Acrocephalus_newtoni,AVES,1,42,85693.7403666008
rank,9,9,42.294366853716,Alectroenas madagascariensis,Alectroenas_madagascariensis,AVES,0.997254924894416,7,55959.2641729464
rank,9,9,42.294366853716,Allocebus trichotis,Allocebus_trichotis,MAMMALIA,0.00783473494650444,3,72.1001097112894
rank,9,9,42.294366853716,Anas bernieri,Anas_bernieri,AVES,0,1,161.555721102021
rank,9,9,42.294366853716,Apus balstoni,Apus_balstoni,AVES,0.999998839524982,9,74552.6077843862
rank,9,9,42.294366853716,Artamella viridis,Artamella_viridis,AVES,0.999999999999976,18,79157.0859841417
rank,9,9,42.294366853716,Asio madagascariensis,Asio_madagascariensis,AVES,0.853503268363895,3,58699.0964942144
rank,9,9,42.294366853716,Atelornis crossleyi,Atelornis_crossleyi,AVES,0.999998758967357,7,11568.8523620449
rank,9,9,42.294366853716,Atelornis pittoides,Atelornis_pittoides,AVES,0.999715100298042,3,39967.4023004994
rank,9,9,42.294366853716,Athene superciliaris,Athene_superciliaris,AVES,0.999298835948698,2,53051.7204579786
rank,9,9,42.294366853716,Avahi laniger,Avahi_laniger,MAMMALIA,1,78,34910.8746481267
rank,9,9,42.294366853716,Avahi occidentalis,Avahi_occidentalis,MAMMALIA,0.996177513156648,4,630.900925964117
rank,9,9,42.294366853716,Aviceda madagascariensis,Aviceda_madagascariensis,AVES,0.961435219136428,1,70222.3051541299
rank,9,9,42.294366853716,Bernieria madagascariensis,Bernieria_madagascariensis,AVES,0.999999999962839,28,75095.2055003705
rank,9,9,42.294366853716,Brachypteracias leptosomus,Brachypteracias_leptosomus,AVES,0.9997484225098,1,35145.4327811226
rank,9,9,42.294366853716,Brachytarsomys albicauda,Brachytarsomys_albicauda,MAMMALIA,0.999999991596676,50,1815.17485363856
rank,9,9,42.294366853716,Brachyuromys betsileoensis,Brachyuromys_betsileoensis,MAMMALIA,1,116,13293.6148451633
rank,9,9,42.294366853716,Brachyuromys ramirohitra,Brachyuromys_ramirohitra,MAMMALIA,0.65541484639138,2,90.5857082977891
rank,9,9,42.294366853716,Bradypterus brunneus,Bradypterus_brunneus,AVES,1,38,12627.0736105838
rank,9,9,42.294366853716,Bradypterus seebohmi,Bradypterus_seebohmi,AVES,0.452718231585579,1,71.7493425011635
rank,9,9,42.294366853716,Buteo brachypterus,Buteo_brachypterus,AVES,0.814746973943492,1,76321.1000038981
rank,9,9,42.294366853716,Calicalicus madagascariensis,Calicalicus_madagascariensis,AVES,1,48,75255.2235849667
rank,9,9,42.294366853716,Cheirogaleus crossleyi,Cheirogaleus_crossleyi,MAMMALIA,1,92,5731.87398069368
rank,9,9,42.294366853716,Cheirogaleus major,Cheirogaleus_major,MAMMALIA,1,211,59359.1803973541
rank,9,9,42.294366853716,Cheirogaleus medius,Cheirogaleus_medius,MAMMALIA,1,839,37293.651057221
rank,9,9,42.294366853716,Cinnyris notatus,Cinnyris_notatus,AVES,1,63,80180.4921029064
rank,9,9,42.294366853716,Copsychus albospecularis,Copsychus_albospecularis,AVES,0.999999099141023,11,52414.3470952499
rank,9,9,42.294366853716,Coracopsis nigra,Coracopsis_nigra,AVES,0.994407322204178,3,82257.5136973124
rank,9,9,42.294366853716,Corythornis madagascariensis,Corythornis_madagascariensis,AVES,0.872929291868561,7,72070.0844203126
rank,9,9,42.294366853716,Coua caerulea,Coua_caerulea,AVES,0.999770137698825,3,38899.5611387452
rank,9,9,42.294366853716,Coua coquereli,Coua_coquereli,AVES,0.999995335452152,4,21393.3251070082
rank,9,9,42.294366853716,Coua cristata,Coua_cristata,AVES,0.999988595865421,5,63796.9344380051
rank,9,9,42.294366853716,Coua cursor,Coua_cursor,AVES,0.999773919907919,2,11105.0970297009
rank,9,9,42.294366853716,Coua gigas,Coua_gigas,AVES,0.999768641380547,1,23481.6537228376
rank,9,9,42.294366853716,Coua reynaudii,Coua_reynaudii,AVES,0.99982062152502,5,34052.6526831985
rank,9,9,42.294366853716,Coua ruficeps,Coua_ruficeps,AVES,0.959346120072314,3,1327.46846918499
rank,9,9,42.294366853716,Coua serriana,Coua_serriana,AVES,0.990716421720168,1,30159.1482040412
rank,9,9,42.294366853716,Crossleyia xanthophrys,Crossleyia_xanthophrys,AVES,1,45,4117.99735637009
rank,9,9,42.294366853716,Cryptoprocta ferox,Cryptoprocta_ferox,MAMMALIA,0.0552415374634333,2,26107.5685121343
rank,9,9,42.294366853716,Cryptosylvicola randrianasoloi,Cryptosylvicola_randrianasoloi,AVES,1,39,5909.73896991462
rank,9,9,42.294366853716,Cyanolanius madagascarinus,Cyanolanius_madagascarinus,AVES,0.999999999999886,34,77601.4796258617
rank,9,9,42.294366853716,Daubentonia madagascariensis,Daubentonia_madagascariensis,MAMMALIA,1,60,28491.7349668574
rank,9,9,42.294366853716,Echinops telfairi,Echinops_telfairi,MAMMALIA,1,337,35831.7866540849
rank,9,9,42.294366853716,Eliurus antsingy,Eliurus_antsingy,MAMMALIA,0.0133748649300235,5,69.4813072830439
rank,9,9,42.294366853716,Eliurus grandidieri,Eliurus_grandidieri,MAMMALIA,0.999641415738649,27,917.641006159482
rank,9,9,42.294366853716,Eliurus majori,Eliurus_majori,MAMMALIA,1,254,39199.0440361276
rank,9,9,42.294366853716,Eliurus minor,Eliurus_minor,MAMMALIA,1,1159,61867.5678507131
rank,9,9,42.294366853716,Eliurus myoxinus,Eliurus_myoxinus,MAMMALIA,1,867,62283.8078707457
rank,9,9,42.294366853716,Eliurus tanala,Eliurus_tanala,MAMMALIA,1,368,44160.7324008793
rank,9,9,42.294366853716,Eliurus webbi,Eliurus_webbi,MAMMALIA,1,440,55106.3005018905
rank,9,9,42.294366853716,Eremopterix hova,Eremopterix_hova,AVES,0.999999862347248,22,4111.79749785364
rank,9,9,42.294366853716,Eulemur albifrons,Eulemur_albifrons,MAMMALIA,1,46,17757.6249748821
rank,9,9,42.294366853716,Eulemur cinereiceps,Eulemur_cinereiceps,MAMMALIA,1,188,76294.0905119614
rank,9,9,42.294366853716,Eulemur collaris,Eulemur_collaris,MAMMALIA,1,142,75582.7570529611
rank,9,9,42.294366853716,Eulemur coronatus,Eulemur_coronatus,MAMMALIA,1,203,20754.4878329898
rank,9,9,42.294366853716,Eulemur flavifrons,Eulemur_flavifrons,MAMMALIA,0.000213248908682684,1,25.074716512655
rank,9,9,42.294366853716,Eulemur fulvus,Eulemur_fulvus,MAMMALIA,1,168,76491.2290764971
rank,9,9,42.294366853716,Eulemur macaco,Eulemur_macaco,MAMMALIA,1,67,36119.5761510864
rank,9,9,42.294366853716,Eulemur mongoz,Eulemur_mongoz,MAMMALIA,0.99999995289805,33,2266.66703993082
rank,9,9,42.294366853716,Eulemur rubriventer,Eulemur_rubriventer,MAMMALIA,1,210,67301.8342116297
rank,9,9,42.294366853716,Eulemur rufus,Eulemur_rufus,MAMMALIA,1,169,38672.45347289
rank,9,9,42.294366853716,Eulemur sanfordi,Eulemur_sanfordi,MAMMALIA,1,223,76635.7507934588
rank,9,9,42.294366853716,Euryceros prevostii,Euryceros_prevostii,AVES,0.999000955070916,3,2839.0629478842
rank,9,9,42.294366853716,Falco zoniventris,Falco_zoniventris,AVES,0.907978750399214,1,53435.562337853
rank,9,9,42.294366853716,Falculea palliata,Falculea_palliata,AVES,0.999999999994746,8,23542.480779469
rank,9,9,42.294366853716,Fossa fossana,Fossa_fossana,MAMMALIA,0.964002521423687,2,43130.8950358704
rank,9,9,42.294366853716,Foudia madagascariensis,Foudia_madagascariensis,AVES,0.999999985909297,53,96938.0864666253
rank,9,9,42.294366853716,Foudia omissa,Foudia_omissa,AVES,0.999999999617631,18,44783.1696178839
rank,9,9,42.294366853716,Gactornis enarratus,Gactornis_enarratus,AVES,0.99999615631145,6,44279.3457633704
rank,9,9,42.294366853716,Galidia elegans,Galidia_elegans,MAMMALIA,0.959942207104886,5,44460.7120092579
rank,9,9,42.294366853716,Galidictis fasciata,Galidictis_fasciata,MAMMALIA,0,3,4247.07071315497
rank,9,9,42.294366853716,Geobiastes squamiger,Geobiastes_squamiger,AVES,0.999646013024842,4,10873.6830010414
rank,9,9,42.294366853716,Geogale aurita,Geogale_aurita,MAMMALIA,1,584,24504.456113711
rank,9,9,42.294366853716,Gymnuromys roberti,Gymnuromys_roberti,MAMMALIA,1,145,25433.9235010163
rank,9,9,42.294366853716,Haliaeetus vociferoides,Haliaeetus_vociferoides,AVES,0.0115773784314965,1,5133.49427342415
rank,9,9,42.294366853716,Hapalemur alaotrensis,Hapalemur_alaotrensis,MAMMALIA,1,97,6908.08378330368
rank,9,9,42.294366853716,Hapalemur aureus,Hapalemur_aureus,MAMMALIA,0.999999995692329,24,1820.55619611591
rank,9,9,42.294366853716,Hapalemur griseus,Hapalemur_griseus,MAMMALIA,1,196,73981.6712099583
rank,9,9,42.294366853716,Hapalemur occidentalis,Hapalemur_occidentalis,MAMMALIA,0.999995100328248,28,1026.71440970898
rank,9,9,42.294366853716,Hartertula flavoviridis,Hartertula_flavoviridis,AVES,1,44,8086.75969033688
rank,9,9,42.294366853716,Hartlaubius auratus,Hartlaubius_auratus,AVES,0.999990093353004,18,75870.7286957341
rank,9,9,42.294366853716,Hemicentetes nigriceps,Hemicentetes_nigriceps,MAMMALIA,0.999953127257988,35,2052.96238155258
rank,9,9,42.294366853716,Hemicentetes semispinosus,Hemicentetes_semispinosus,MAMMALIA,1,108,60039.5722717866
rank,9,9,42.294366853716,Hypogeomys antimena,Hypogeomys_antimena,MAMMALIA,0.133821965840603,5,104.686912983656
rank,9,9,42.294366853716,Hypositta corallirostris,Hypositta_corallirostris,AVES,0.999884896406398,13,54817.4931881055
rank,9,9,42.294366853716,Indri indri,Indri_indri,MAMMALIA,0.999999999890149,10,54799.1132064293
rank,9,9,42.294366853716,Lemur catta,Lemur_catta,MAMMALIA,1,184,17768.0328543633
rank,9,9,42.294366853716,Lepidopygia nana,Lepidopygia_nana,AVES,0.999971437687042,87,100826.7567552
rank,9,9,42.294366853716,Lepilemur ankaranensis,Lepilemur_ankaranensis,MAMMALIA,0.942459903341428,13,361.823311685567
rank,9,9,42.294366853716,Lepilemur edwardsi,Lepilemur_edwardsi,MAMMALIA,1,64,8723.2777223509
rank,9,9,42.294366853716,Lepilemur leucopus,Lepilemur_leucopus,MAMMALIA,1,80,12785.1169013083
rank,9,9,42.294366853716,Lepilemur microdon,Lepilemur_microdon,MAMMALIA,0.999999999997001,34,4773.54297635564
rank,9,9,42.294366853716,Lepilemur mustelinus,Lepilemur_mustelinus,MAMMALIA,1,231,65943.7494007349
rank,9,9,42.294366853716,Lepilemur ruficaudatus,Lepilemur_ruficaudatus,MAMMALIA,1,166,13226.7127266823
rank,9,9,42.294366853716,Leptopterus chabert,Leptopterus_chabert,AVES,0.999999999973076,37,87979.4773108289
rank,9,9,42.294366853716,Lophotibis cristata,Lophotibis_cristata,AVES,0.999762999046123,2,68227.4752363902
rank,9,9,42.294366853716,Macrotarsomys bastardi,Macrotarsomys_bastardi,MAMMALIA,1,270,8068.30461226456
rank,9,9,42.294366853716,Margaroperdix madagarensis,Margaroperdix_madagarensis,AVES,0.999963569449163,1,78593.0158675462
rank,9,9,42.294366853716,Mentocrex kioloides,Mentocrex_kioloides,AVES,0.997554546932511,1,31863.6210760772
rank,9,9,42.294366853716,Mesitornis unicolor,Mesitornis_unicolor,AVES,0,1,89.8278131379858
rank,9,9,42.294366853716,Mesitornis variegatus,Mesitornis_variegatus,AVES,0.998762356946553,5,2869.24937690049
rank,9,9,42.294366853716,Microcebus berthae,Microcebus_berthae,MAMMALIA,1.52725555535582e-08,2,17.7781751081347
rank,9,9,42.294366853716,Microcebus griseorufus,Microcebus_griseorufus,MAMMALIA,0.995769019106108,14,501.433658043884
rank,9,9,42.294366853716,Microcebus murinus,Microcebus_murinus,MAMMALIA,1,1137,62456.1831517071
rank,9,9,42.294366853716,Microcebus myoxinus,Microcebus_myoxinus,MAMMALIA,0.999999992654343,102,1124.39007911777
rank,9,9,42.294366853716,Microcebus ravelobensis,Microcebus_ravelobensis,MAMMALIA,0.778620368188765,15,246.875988043973
rank,9,9,42.294366853716,Microcebus rufus,Microcebus_rufus,MAMMALIA,1,986,59172.2973301783
rank,9,9,42.294366853716,Microcebus tavaratra,Microcebus_tavaratra,MAMMALIA,0.99348955741329,45,767.433245509863
rank,9,9,42.294366853716,Microgale brevicaudata,Microgale_brevicaudata,MAMMALIA,1,677,25040.2041274533
rank,9,9,42.294366853716,Microgale cowani,Microgale_cowani,MAMMALIA,1,452,49982.4985286147
rank,9,9,42.294366853716,Microgale drouhardi,Microgale_drouhardi,MAMMALIA,1,307,25040.9623967484
rank,9,9,42.294366853716,Microgale dryas,Microgale_dryas,MAMMALIA,0.897201399235259,47,1369.92029440585
rank,9,9,42.294366853716,Microgale fotsifotsy,Microgale_fotsifotsy,MAMMALIA,1,380,28507.1384549712
rank,9,9,42.294366853716,Microgale gracilis,Microgale_gracilis,MAMMALIA,0.999999999998526,119,9584.49545571299
rank,9,9,42.294366853716,Microgale gymnorhyncha,Microgale_gymnorhyncha,MAMMALIA,1,129,18296.5841047644
rank,9,9,42.294366853716,Microgale longicaudata,Microgale_longicaudata,MAMMALIA,1,804,53180.085284732
rank,9,9,42.294366853716,Microgale mergulus,Microgale_mergulus,MAMMALIA,0.999999999999896,71,5562.61775285862
rank,9,9,42.294366853716,Microgale parvula,Microgale_parvula,MAMMALIA,0.999999999999955,960,56231.8749940532
rank,9,9,42.294366853716,Microgale principula,Microgale_principula,MAMMALIA,1,553,48085.285417378
rank,9,9,42.294366853716,Microgale pusilla,Microgale_pusilla,MAMMALIA,0.999999999702628,409,18618.5617295495
rank,9,9,42.294366853716,Microgale soricoides,Microgale_soricoides,MAMMALIA,1,132,25277.8133608686
rank,9,9,42.294366853716,Microgale taiva,Microgale_taiva,MAMMALIA,1,292,39365.4610591158
rank,9,9,42.294366853716,Microgale thomasi,Microgale_thomasi,MAMMALIA,1,98,22448.4404987395
rank,9,9,42.294366853716,Mirza coquereli,Mirza_coquereli,MAMMALIA,0.999997589067307,53,2653.0007427779
rank,9,9,42.294366853716,Monias benschi,Monias_benschi,AVES,0,1,82.9420458882274
rank,9,9,42.294366853716,Monticola erythronotus,Monticola_erythronotus,AVES,0.505764981643065,1,97.4973036619822
rank,9,9,42.294366853716,Monticola sharpei,Monticola_sharpei,AVES,0.999999999999997,42,70363.8378852438
rank,9,9,42.294366853716,Monticolomys koopmani,Monticolomys_koopmani,MAMMALIA,0.132627251095215,6,104.060766987503
rank,9,9,42.294366853716,Motacilla flaviventris,Motacilla_flaviventris,AVES,1,37,6944.71521746951
rank,9,9,42.294366853716,Mystacornis crossleyi,Mystacornis_crossleyi,AVES,0.999999999999011,14,44506.4375533983
rank,9,9,42.294366853716,Neodrepanis coruscans,Neodrepanis_coruscans,AVES,0.999998700082889,15,28428.1008298546
rank,9,9,42.294366853716,Neodrepanis hypoxantha,Neodrepanis_hypoxantha,AVES,0.0211788111247608,3,88.4296057149768
rank,9,9,42.294366853716,Neomixis striatigula,Neomixis_striatigula,AVES,0.999999998605042,28,51260.8172748387
rank,9,9,42.294366853716,Neomixis tenella,Neomixis_tenella,AVES,1,105,71787.1400399357
rank,9,9,42.294366853716,Neomixis viridis,Neomixis_viridis,AVES,0.999999999735224,29,48571.0193198323
rank,9,9,42.294366853716,Nesillas lantzii,Nesillas_lantzii,AVES,0.999983000083502,3,2703.9328436479
rank,9,9,42.294366853716,Nesogale dobsoni,Nesogale_dobsoni,MAMMALIA,1,295,56947.0631296951
rank,9,9,42.294366853716,Nesogale talazaci,Nesogale_talazaci,MAMMALIA,1,198,56103.6561972201
rank,9,9,42.294366853716,Nesomys audeberti,Nesomys_audeberti,MAMMALIA,1,111,4404.70734705302
rank,9,9,42.294366853716,Nesomys lambertoni,Nesomys_lambertoni,MAMMALIA,0.999983982375401,29,958.575495295227
rank,9,9,42.294366853716,Nesomys rufus,Nesomys_rufus,MAMMALIA,1,213,42728.0708310755
rank,9,9,42.294366853716,Newtonia amphichroa,Newtonia_amphichroa,AVES,1,17,39060.7205957547
rank,9,9,42.294366853716,Newtonia archboldi,Newtonia_archboldi,AVES,0.999743205924592,10,2057.60292387809
rank,9,9,42.294366853716,Newtonia brunneicauda,Newtonia_brunneicauda,AVES,1,68,89250.212402314
rank,9,9,42.294366853716,Newtonia fanovanae,Newtonia_fanovanae,AVES,0.353055283448657,2,98.2207024819943
rank,9,9,42.294366853716,Oriolia bernieri,Oriolia_bernieri,AVES,0.999999919221698,15,13649.5077346116
rank,9,9,42.294366853716,Oryzorictes hova,Oryzorictes_hova,MAMMALIA,1,271,55738.9587870538
rank,9,9,42.294366853716,Oryzorictes tetradactylus,Oryzorictes_tetradactylus,MAMMALIA,1,134,9515.39850023529
rank,9,9,42.294366853716,Otus rutilus,Otus_rutilus,AVES,0.999999414430594,4,80292.0303664506
rank,9,9,42.294366853716,Oxylabes madagascariensis,Oxylabes_madagascariensis,AVES,1,21,46231.6338119358
rank,9,9,42.294366853716,Phaner electromontis,Phaner_electromontis,MAMMALIA,1.1181189119025e-07,1,17.4337788633315
rank,9,9,42.294366853716,Phaner furcifer,Phaner_furcifer,MAMMALIA,0.887905466959644,58,892.662774423171
rank,9,9,42.294366853716,Phaner pallescens,Phaner_pallescens,MAMMALIA,0.999999999997009,57,3504.14815962315
rank,9,9,42.294366853716,Phaner parienti,Phaner_parienti,MAMMALIA,0.00280017666108967,1,24.4501852478648
rank,9,9,42.294366853716,Philepitta castanea,Philepitta_castanea,AVES,0.983762145086747,4,37383.6321474165
rank,9,9,42.294366853716,Philepitta schlegeli,Philepitta_schlegeli,AVES,0.988278027030843,14,4281.37986122647
rank,9,9,42.294366853716,Ploceus nelicourvi,Ploceus_nelicourvi,AVES,0.999999999933447,15,53789.6230217293
rank,9,9,42.294366853716,Ploceus sakalava,Ploceus_sakalava,AVES,0.99999999920039,33,27375.7590326443
rank,9,9,42.294366853716,Polyboroides radiatus,Polyboroides_radiatus,AVES,0.997200247675383,1,73477.3477709186
rank,9,9,42.294366853716,Pseudobias wardi,Pseudobias_wardi,AVES,0.999999999999993,18,39879.8671175763
rank,9,9,42.294366853716,Pterocles personatus,Pterocles_personatus,AVES,0.930545138248227,7,6369.56951898534
rank,9,9,42.294366853716,Rallus madagascariensis,Rallus_madagascariensis,AVES,0.999999073633802,5,14245.2334728996
rank,9,9,42.294366853716,Randia pseudozosterops,Randia_pseudozosterops,AVES,0.999999465392225,13,41452.4196158448
rank,9,9,42.294366853716,Sarothrura insularis,Sarothrura_insularis,AVES,0.999656795588248,7,61119.5971729681
rank,9,9,42.294366853716,Schetba rufa,Schetba_rufa,AVES,0.999999999999998,27,26062.6644799486
rank,9,9,42.294366853716,Setifer setosus,Setifer_setosus,MAMMALIA,1,238,85418.5299883038
rank,9,9,42.294366853716,Tenrec ecaudatus,Tenrec_ecaudatus,MAMMALIA,1,115,88113.2912840322
rank,9,9,42.294366853716,Thamnornis chloropetoides,Thamnornis_chloropetoides,AVES,0.999977507869225,5,3407.17432130128
rank,9,9,42.294366853716,Treron australis,Treron_australis,AVES,0.994983780068757,1,77704.706865482
rank,9,9,42.294366853716,Turnix nigricollis,Turnix_nigricollis,AVES,0.999981687556393,4,85438.668084003
rank,9,9,42.294366853716,Tylas eduardi,Tylas_eduardi,AVES,0.999999999818576,12,52569.6414822713
rank,9,9,42.294366853716,Vanga curvirostris,Vanga_curvirostris,AVES,0.999983288767506,11,88563.6407139867
rank,9,9,42.294366853716,Varecia rubra,Varecia_rubra,MAMMALIA,1,58,60797.0022480748
rank,9,9,42.294366853716,Varecia variegata,Varecia_variegata,MAMMALIA,0.999999999999997,35,60232.5121543036
rank,9,9,42.294366853716,Xanthomixis apperti,Xanthomixis_apperti,AVES,0.441311210122258,1,68.4073899760842
rank,9,9,42.294366853716,Xanthomixis cinereiceps,Xanthomixis_cinereiceps,AVES,1,21,16676.2434885634
rank,9,9,42.294366853716,Xanthomixis zosterops,Xanthomixis_zosterops,AVES,0.999999999874862,23,54155.8626793176
rank,9,9,42.294366853716,Xenopirostris damii,Xenopirostris_damii,AVES,0.00179910766481406,1,93.5023440420628
rank,9,9,42.294366853716,Xenopirostris polleni,Xenopirostris_polleni,AVES,0.999999967915016,8,17435.0276438703
rank,9,9,42.294366853716,Xenopirostris xenopirostris,Xenopirostris_xenopirostris,AVES,0.96505807541122,1,1102.55740338564
rank,10,10,46.984731857885,Accipiter henstii,Accipiter_henstii,AVES,0.697713502276263,1,58641.1641793951
rank,10,10,46.984731857885,Accipiter madagascariensis,Accipiter_madagascariensis,AVES,0.896487761795403,1,69972.8066626191
rank,10,10,46.984731857885,Acrocephalus newtoni,Acrocephalus_newtoni,AVES,1,41,78990.6399830137
rank,10,10,46.984731857885,Alectroenas madagascariensis,Alectroenas_madagascariensis,AVES,0.996535577055027,8,52331.603373398
rank,10,10,46.984731857885,Allocebus trichotis,Allocebus_trichotis,MAMMALIA,0.00783473494650444,3,72.1001097112894
rank,10,10,46.984731857885,Anas bernieri,Anas_bernieri,AVES,0,1,161.555721102021
rank,10,10,46.984731857885,Apus balstoni,Apus_balstoni,AVES,0.999996382315733,10,69270.5760205798
rank,10,10,46.984731857885,Artamella viridis,Artamella_viridis,AVES,0.999999999999874,20,73625.5281206762
rank,10,10,46.984731857885,Asio madagascariensis,Asio_madagascariensis,AVES,0.844967201265505,2,54369.2489218721
rank,10,10,46.984731857885,Atelornis crossleyi,Atelornis_crossleyi,AVES,0.999998758967357,7,11559.3360827461
rank,10,10,46.984731857885,Atelornis pittoides,Atelornis_pittoides,AVES,0.999695968102967,3,38475.2653784826
rank,10,10,46.984731857885,Athene superciliaris,Athene_superciliaris,AVES,0.999999573959088,3,49376.6583773345
rank,10,10,46.984731857885,Avahi laniger,Avahi_laniger,MAMMALIA,1,78,34177.5883443285
rank,10,10,46.984731857885,Avahi occidentalis,Avahi_occidentalis,MAMMALIA,0.996177513156648,4,630.900925964117
rank,10,10,46.984731857885,Aviceda madagascariensis,Aviceda_madagascariensis,AVES,0.957906187374055,1,65507.5505392626
rank,10,10,46.984731857885,Bernieria madagascariensis,Bernieria_madagascariensis,AVES,0.999999998792654,29,69792.4011526637
rank,10,10,46.984731857885,Brachypteracias leptosomus,Brachypteracias_leptosomus,AVES,0.999725849425315,1,33530.7601216417
rank,10,10,46.984731857885,Brachytarsomys albicauda,Brachytarsomys_albicauda,MAMMALIA,0.999999991596676,50,1815.17485363856
rank,10,10,46.984731857885,Brachyuromys betsileoensis,Brachyuromys_betsileoensis,MAMMALIA,1,107,12900.7096562286
rank,10,10,46.984731857885,Brachyuromys ramirohitra,Brachyuromys_ramirohitra,MAMMALIA,0.65541484639138,2,90.5857082977891
rank,10,10,46.984731857885,Bradypterus brunneus,Bradypterus_brunneus,AVES,1,38,12472.93393508
rank,10,10,46.984731857885,Bradypterus seebohmi,Bradypterus_seebohmi,AVES,0.452718231585579,1,71.7493425011635
rank,10,10,46.984731857885,Buteo brachypterus,Buteo_brachypterus,AVES,0.803061175973047,1,71052.1568583548
rank,10,10,46.984731857885,Calicalicus madagascariensis,Calicalicus_madagascariensis,AVES,1,54,70034.5316778706
rank,10,10,46.984731857885,Cheirogaleus crossleyi,Cheirogaleus_crossleyi,MAMMALIA,1,92,5731.87398069368
rank,10,10,46.984731857885,Cheirogaleus major,Cheirogaleus_major,MAMMALIA,1,197,55494.2406627312
rank,10,10,46.984731857885,Cheirogaleus medius,Cheirogaleus_medius,MAMMALIA,1,793,33916.3786311672
rank,10,10,46.984731857885,Cinnyris notatus,Cinnyris_notatus,AVES,1,64,74041.6236193532
rank,10,10,46.984731857885,Copsychus albospecularis,Copsychus_albospecularis,AVES,0.999997296376244,11,49556.3955549685
rank,10,10,46.984731857885,Coracopsis nigra,Coracopsis_nigra,AVES,0.993861997805497,3,76606.0263315346
rank,10,10,46.984731857885,Corythornis madagascariensis,Corythornis_madagascariensis,AVES,0.865767786400484,7,67016.8236997371
rank,10,10,46.984731857885,Coua caerulea,Coua_caerulea,AVES,0.999757545769282,2,37690.5249575656
rank,10,10,46.984731857885,Coua coquereli,Coua_coquereli,AVES,0.999993323455387,4,19701.8929767534
rank,10,10,46.984731857885,Coua cristata,Coua_cristata,AVES,0.999985804756694,5,60170.5375306457
rank,10,10,46.984731857885,Coua cursor,Coua_cursor,AVES,0.999687938213723,2,10204.8029317111
rank,10,10,46.984731857885,Coua gigas,Coua_gigas,AVES,0.99972586055249,1,21664.2894272432
rank,10,10,46.984731857885,Coua reynaudii,Coua_reynaudii,AVES,0.999768836688185,3,31817.2041943371
rank,10,10,46.984731857885,Coua ruficeps,Coua_ruficeps,AVES,0.959346120072314,3,1327.46846918499
rank,10,10,46.984731857885,Coua serriana,Coua_serriana,AVES,0.989928317816724,1,28268.4265331382
rank,10,10,46.984731857885,Crossleyia xanthophrys,Crossleyia_xanthophrys,AVES,1,45,4117.99735637009
rank,10,10,46.984731857885,Cryptoprocta ferox,Cryptoprocta_ferox,MAMMALIA,0.0337679601383483,2,24953.5538200736
rank,10,10,46.984731857885,Cryptosylvicola randrianasoloi,Cryptosylvicola_randrianasoloi,AVES,1,39,5899.80939472467
rank,10,10,46.984731857885,Cyanolanius madagascarinus,Cyanolanius_madagascarinus,AVES,0.99999999999841,34,71482.0323522932
rank,10,10,46.984731857885,Daubentonia madagascariensis,Daubentonia_madagascariensis,MAMMALIA,1,58,26675.5183827842
rank,10,10,46.984731857885,Echinops telfairi,Echinops_telfairi,MAMMALIA,1,315,32814.6477362216
rank,10,10,46.984731857885,Eliurus antsingy,Eliurus_antsingy,MAMMALIA,0.0133748649300235,5,69.4813072830439
rank,10,10,46.984731857885,Eliurus grandidieri,Eliurus_grandidieri,MAMMALIA,0.999641415738649,27,917.641006159482
rank,10,10,46.984731857885,Eliurus majori,Eliurus_majori,MAMMALIA,1,238,37570.797851406
rank,10,10,46.984731857885,Eliurus minor,Eliurus_minor,MAMMALIA,1,1058,57943.9716105193
rank,10,10,46.984731857885,Eliurus myoxinus,Eliurus_myoxinus,MAMMALIA,1,809,57457.0117290222
rank,10,10,46.984731857885,Eliurus tanala,Eliurus_tanala,MAMMALIA,1,333,42382.7368865013
rank,10,10,46.984731857885,Eliurus webbi,Eliurus_webbi,MAMMALIA,1,407,51965.0557410494
rank,10,10,46.984731857885,Eremopterix hova,Eremopterix_hova,AVES,0.999999862347248,22,4111.79749785364
rank,10,10,46.984731857885,Eulemur albifrons,Eulemur_albifrons,MAMMALIA,1,46,16646.4854392896
rank,10,10,46.984731857885,Eulemur cinereiceps,Eulemur_cinereiceps,MAMMALIA,1,190,70953.3031374635
rank,10,10,46.984731857885,Eulemur collaris,Eulemur_collaris,MAMMALIA,1,136,70199.9699035235
rank,10,10,46.984731857885,Eulemur coronatus,Eulemur_coronatus,MAMMALIA,1,190,19033.744253197
rank,10,10,46.984731857885,Eulemur flavifrons,Eulemur_flavifrons,MAMMALIA,0.000213248908682684,1,25.074716512655
rank,10,10,46.984731857885,Eulemur fulvus,Eulemur_fulvus,MAMMALIA,1,177,71126.8869579981
rank,10,10,46.984731857885,Eulemur macaco,Eulemur_macaco,MAMMALIA,1,64,34822.1807813161
rank,10,10,46.984731857885,Eulemur mongoz,Eulemur_mongoz,MAMMALIA,0.99999995289805,33,2266.66703993082
rank,10,10,46.984731857885,Eulemur rubriventer,Eulemur_rubriventer,MAMMALIA,1,210,62858.4476879581
rank,10,10,46.984731857885,Eulemur rufus,Eulemur_rufus,MAMMALIA,1,164,36665.183892943
rank,10,10,46.984731857885,Eulemur sanfordi,Eulemur_sanfordi,MAMMALIA,1,224,71284.3103523093
rank,10,10,46.984731857885,Euryceros prevostii,Euryceros_prevostii,AVES,0.999000955070916,3,2839.0629478842
rank,10,10,46.984731857885,Falco zoniventris,Falco_zoniventris,AVES,0.902842902628215,1,50578.3878899291
rank,10,10,46.984731857885,Falculea palliata,Falculea_palliata,AVES,0.999999999991758,8,21774.5825678408
rank,10,10,46.984731857885,Fossa fossana,Fossa_fossana,MAMMALIA,0.952348611863592,2,40391.2115413919
rank,10,10,46.984731857885,Foudia madagascariensis,Foudia_madagascariensis,AVES,0.999999932907856,54,89726.2180760726
rank,10,10,46.984731857885,Foudia omissa,Foudia_omissa,AVES,0.999999998917833,17,42233.3257538825
rank,10,10,46.984731857885,Gactornis enarratus,Gactornis_enarratus,AVES,0.999994688671553,5,41814.336361222
rank,10,10,46.984731857885,Galidia elegans,Galidia_elegans,MAMMALIA,0.947633244529863,4,40205.3896234921
rank,10,10,46.984731857885,Galidictis fasciata,Galidictis_fasciata,MAMMALIA,0,3,4247.07071315497
rank,10,10,46.984731857885,Geobiastes squamiger,Geobiastes_squamiger,AVES,0.999635799720358,3,10699.642004326
rank,10,10,46.984731857885,Geogale aurita,Geogale_aurita,MAMMALIA,1,538,23041.4769239563
rank,10,10,46.984731857885,Gymnuromys roberti,Gymnuromys_roberti,MAMMALIA,1,140,25066.9321872272
rank,10,10,46.984731857885,Haliaeetus vociferoides,Haliaeetus_vociferoides,AVES,0.0115773784314965,1,5133.49427342415
rank,10,10,46.984731857885,Hapalemur alaotrensis,Hapalemur_alaotrensis,MAMMALIA,1,99,6082.96637646
rank,10,10,46.984731857885,Hapalemur aureus,Hapalemur_aureus,MAMMALIA,0.999999995692329,24,1820.55619611591
rank,10,10,46.984731857885,Hapalemur griseus,Hapalemur_griseus,MAMMALIA,1,199,68630.0480123586
rank,10,10,46.984731857885,Hapalemur occidentalis,Hapalemur_occidentalis,MAMMALIA,0.999995100328248,28,1026.71440970898
rank,10,10,46.984731857885,Hartertula flavoviridis,Hartertula_flavoviridis,AVES,1,44,8076.6987207979
rank,10,10,46.984731857885,Hartlaubius auratus,Hartlaubius_auratus,AVES,0.999999389375012,21,70341.187055353
rank,10,10,46.984731857885,Hemicentetes nigriceps,Hemicentetes_nigriceps,MAMMALIA,0.999953127257988,35,2052.96238155258
rank,10,10,46.984731857885,Hemicentetes semispinosus,Hemicentetes_semispinosus,MAMMALIA,0.999999999999995,103,56021.0008395836
rank,10,10,46.984731857885,Hypogeomys antimena,Hypogeomys_antimena,MAMMALIA,0.133821965840603,5,104.686912983656
rank,10,10,46.984731857885,Hypositta corallirostris,Hypositta_corallirostris,AVES,0.999736711409473,13,51616.4296749905
rank,10,10,46.984731857885,Indri indri,Indri_indri,MAMMALIA,0.999999999990212,12,51422.5431790125
rank,10,10,46.984731857885,Lemur catta,Lemur_catta,MAMMALIA,1,169,16109.6083888188
rank,10,10,46.984731857885,Lepidopygia nana,Lepidopygia_nana,AVES,0.99996210510843,92,92993.4660858413
rank,10,10,46.984731857885,Lepilemur ankaranensis,Lepilemur_ankaranensis,MAMMALIA,0.942459903341428,13,361.823311685567
rank,10,10,46.984731857885,Lepilemur edwardsi,Lepilemur_edwardsi,MAMMALIA,1,61,7908.05689515008
rank,10,10,46.984731857885,Lepilemur leucopus,Lepilemur_leucopus,MAMMALIA,1,74,11600.2137947679
rank,10,10,46.984731857885,Lepilemur microdon,Lepilemur_microdon,MAMMALIA,0.999999999997001,34,4773.54297635564
rank,10,10,46.984731857885,Lepilemur mustelinus,Lepilemur_mustelinus,MAMMALIA,1,229,61719.5890916288
rank,10,10,46.984731857885,Lepilemur ruficaudatus,Lepilemur_ruficaudatus,MAMMALIA,1,165,12088.7501668036
rank,10,10,46.984731857885,Leptopterus chabert,Leptopterus_chabert,AVES,0.999999999945506,38,81447.3508917615
rank,10,10,46.984731857885,Lophotibis cristata,Lophotibis_cristata,AVES,0.999730494124428,2,63543.4877023851
rank,10,10,46.984731857885,Macrotarsomys bastardi,Macrotarsomys_bastardi,MAMMALIA,1,259,7833.63482383775
rank,10,10,46.984731857885,Margaroperdix madagarensis,Margaroperdix_madagarensis,AVES,0.999964609339209,2,73224.7392497659
rank,10,10,46.984731857885,Mentocrex kioloides,Mentocrex_kioloides,AVES,0.997427843825538,1,30790.3716763326
rank,10,10,46.984731857885,Mesitornis unicolor,Mesitornis_unicolor,AVES,0,1,89.8278131379858
rank,10,10,46.984731857885,Mesitornis variegatus,Mesitornis_variegatus,AVES,0.998762356946553,5,2869.24937690049
rank,10,10,46.984731857885,Microcebus berthae,Microcebus_berthae,MAMMALIA,1.52725555535582e-08,2,17.7781751081347
rank,10,10,46.984731857885,Microcebus griseorufus,Microcebus_griseorufus,MAMMALIA,0.995769019106108,14,501.433658043884
rank,10,10,46.984731857885,Microcebus murinus,Microcebus_murinus,MAMMALIA,1,1074,56917.6289522946
rank,10,10,46.984731857885,Microcebus myoxinus,Microcebus_myoxinus,MAMMALIA,0.999999992654343,102,1124.39007911777
rank,10,10,46.984731857885,Microcebus ravelobensis,Microcebus_ravelobensis,MAMMALIA,0.778620368188765,15,246.875988043973
rank,10,10,46.984731857885,Microcebus rufus,Microcebus_rufus,MAMMALIA,1,892,54509.6638121158
rank,10,10,46.984731857885,Microcebus tavaratra,Microcebus_tavaratra,MAMMALIA,0.99348955741329,45,767.433245509863
rank,10,10,46.984731857885,Microgale brevicaudata,Microgale_brevicaudata,MAMMALIA,1,646,23817.6587502286
rank,10,10,46.984731857885,Microgale cowani,Microgale_cowani,MAMMALIA,1,419,46817.7616051436
rank,10,10,46.984731857885,Microgale drouhardi,Microgale_drouhardi,MAMMALIA,1,299,24630.3822707161
rank,10,10,46.984731857885,Microgale dryas,Microgale_dryas,MAMMALIA,0.897201399235259,47,1369.92029440585
rank,10,10,46.984731857885,Microgale fotsifotsy,Microgale_fotsifotsy,MAMMALIA,1,368,28003.398622037
rank,10,10,46.984731857885,Microgale gracilis,Microgale_gracilis,MAMMALIA,0.999999999998336,119,9523.26407557983
rank,10,10,46.984731857885,Microgale gymnorhyncha,Microgale_gymnorhyncha,MAMMALIA,1,123,17623.9656770926
rank,10,10,46.984731857885,Microgale longicaudata,Microgale_longicaudata,MAMMALIA,1,751,49996.1520114721
rank,10,10,46.984731857885,Microgale mergulus,Microgale_mergulus,MAMMALIA,0.999999999999896,71,5562.61775285862
rank,10,10,46.984731857885,Microgale parvula,Microgale_parvula,MAMMALIA,0.999999999999955,867,52792.616113747
rank,10,10,46.984731857885,Microgale principula,Microgale_principula,MAMMALIA,1,515,45804.7694067657
rank,10,10,46.984731857885,Microgale pusilla,Microgale_pusilla,MAMMALIA,0.999999998541717,379,17297.1825173424
rank,10,10,46.984731857885,Microgale soricoides,Microgale_soricoides,MAMMALIA,1,133,24596.5911635108
rank,10,10,46.984731857885,Microgale taiva,Microgale_taiva,MAMMALIA,1,280,38017.6283216998
rank,10,10,46.984731857885,Microgale thomasi,Microgale_thomasi,MAMMALIA,1,93,21538.5523153692
rank,10,10,46.984731857885,Mirza coquereli,Mirza_coquereli,MAMMALIA,0.999997589067307,53,2653.0007427779
rank,10,10,46.984731857885,Monias benschi,Monias_benschi,AVES,0,1,82.9420458882274
rank,10,10,46.984731857885,Monticola erythronotus,Monticola_erythronotus,AVES,0.505764981643065,1,97.4973036619822
rank,10,10,46.984731857885,Monticola sharpei,Monticola_sharpei,AVES,1,48,64973.7579314741
rank,10,10,46.984731857885,Monticolomys koopmani,Monticolomys_koopmani,MAMMALIA,0.132627251095215,6,104.060766987503
rank,10,10,46.984731857885,Motacilla flaviventris,Motacilla_flaviventris,AVES,0.999999999999999,33,6337.02053050084
rank,10,10,46.984731857885,Mystacornis crossleyi,Mystacornis_crossleyi,AVES,0.999999999997507,10,42457.1076213717
rank,10,10,46.984731857885,Neodrepanis coruscans,Neodrepanis_coruscans,AVES,0.999999255093061,17,27840.9602824482
rank,10,10,46.984731857885,Neodrepanis hypoxantha,Neodrepanis_hypoxantha,AVES,0.0211788111247608,3,88.4296057149768
rank,10,10,46.984731857885,Neomixis striatigula,Neomixis_striatigula,AVES,0.999999990772706,30,48545.659286283
rank,10,10,46.984731857885,Neomixis tenella,Neomixis_tenella,AVES,1,96,67810.964396447
rank,10,10,46.984731857885,Neomixis viridis,Neomixis_viridis,AVES,0.999999998917331,29,46228.2087507025
rank,10,10,46.984731857885,Nesillas lantzii,Nesillas_lantzii,AVES,0.999983000083502,3,2703.9328436479
rank,10,10,46.984731857885,Nesogale dobsoni,Nesogale_dobsoni,MAMMALIA,1,286,52706.1771172485
rank,10,10,46.984731857885,Nesogale talazaci,Nesogale_talazaci,MAMMALIA,1,189,52547.8568788767
rank,10,10,46.984731857885,Nesomys audeberti,Nesomys_audeberti,MAMMALIA,1,111,4404.70734705302
rank,10,10,46.984731857885,Nesomys lambertoni,Nesomys_lambertoni,MAMMALIA,0.999983982375401,29,958.575495295227
rank,10,10,46.984731857885,Nesomys rufus,Nesomys_rufus,MAMMALIA,1,195,40634.4857448414
rank,10,10,46.984731857885,Newtonia amphichroa,Newtonia_amphichroa,AVES,1,16,37441.2640337423
rank,10,10,46.984731857885,Newtonia archboldi,Newtonia_archboldi,AVES,0.999743205924592,10,2057.60292387809
rank,10,10,46.984731857885,Newtonia brunneicauda,Newtonia_brunneicauda,AVES,1,72,82741.9201401323
rank,10,10,46.984731857885,Newtonia fanovanae,Newtonia_fanovanae,AVES,0.353055283448657,2,98.2207024819943
rank,10,10,46.984731857885,Oriolia bernieri,Oriolia_bernieri,AVES,0.99999988878281,14,13100.6375135407
rank,10,10,46.984731857885,Oryzorictes hova,Oryzorictes_hova,MAMMALIA,1,257,51609.0726771727
rank,10,10,46.984731857885,Oryzorictes tetradactylus,Oryzorictes_tetradactylus,MAMMALIA,0.999999999999998,122,8844.38632708986
rank,10,10,46.984731857885,Otus rutilus,Otus_rutilus,AVES,0.999999092645669,4,74360.5825133696
rank,10,10,46.984731857885,Oxylabes madagascariensis,Oxylabes_madagascariensis,AVES,0.999999999999995,20,43698.9026599526
rank,10,10,46.984731857885,Phaner electromontis,Phaner_electromontis,MAMMALIA,1.1181189119025e-07,1,17.4337788633315
rank,10,10,46.984731857885,Phaner furcifer,Phaner_furcifer,MAMMALIA,0.887905466959644,58,892.662774423171
rank,10,10,46.984731857885,Phaner pallescens,Phaner_pallescens,MAMMALIA,0.999999999997009,57,3504.14815962315
rank,10,10,46.984731857885,Phaner parienti,Phaner_parienti,MAMMALIA,0.00280017666108967,1,24.4501852478648
rank,10,10,46.984731857885,Philepitta castanea,Philepitta_castanea,AVES,0.983042717333286,4,36154.9594264552
rank,10,10,46.984731857885,Philepitta schlegeli,Philepitta_schlegeli,AVES,0.988278027030843,14,4281.37986122647
rank,10,10,46.984731857885,Ploceus nelicourvi,Ploceus_nelicourvi,AVES,0.999999999279429,15,50477.5708823949
rank,10,10,46.984731857885,Ploceus sakalava,Ploceus_sakalava,AVES,0.999999997872261,35,25390.86721275
rank,10,10,46.984731857885,Polyboroides radiatus,Polyboroides_radiatus,AVES,0.996735008097902,1,67003.8642674997
rank,10,10,46.984731857885,Pseudobias wardi,Pseudobias_wardi,AVES,0.999999999999999,19,38791.9652167484
rank,10,10,46.984731857885,Pterocles personatus,Pterocles_personatus,AVES,0.921622045873236,6,6061.51112147561
rank,10,10,46.984731857885,Rallus madagascariensis,Rallus_madagascariensis,AVES,0.999999049033831,5,14097.1450545236
rank,10,10,46.984731857885,Randia pseudozosterops,Randia_pseudozosterops,AVES,0.999999924341168,11,39002.5213976701
rank,10,10,46.984731857885,Sarothrura insularis,Sarothrura_insularis,AVES,0.99958459188206,8,56303.5814016163
rank,10,10,46.984731857885,Schetba rufa,Schetba_rufa,AVES,0.999999999999996,26,24864.8289762512
rank,10,10,46.984731857885,Setifer setosus,Setifer_setosus,MAMMALIA,1,239,79681.8400355727
rank,10,10,46.984731857885,Tenrec ecaudatus,Tenrec_ecaudatus,MAMMALIA,1,121,81314.9354247749
rank,10,10,46.984731857885,Thamnornis chloropetoides,Thamnornis_chloropetoides,AVES,0.999977507869225,5,3407.17432130128
rank,10,10,46.984731857885,Treron australis,Treron_australis,AVES,0.994552195674204,2,72266.0791948512
rank,10,10,46.984731857885,Turnix nigricollis,Turnix_nigricollis,AVES,0.999971021569981,6,79367.3766369224
rank,10,10,46.984731857885,Tylas eduardi,Tylas_eduardi,AVES,0.999999998511262,11,49479.7572790086
rank,10,10,46.984731857885,Vanga curvirostris,Vanga_curvirostris,AVES,0.999934762473965,14,82192.6370289293
rank,10,10,46.984731857885,Varecia rubra,Varecia_rubra,MAMMALIA,1,67,56461.5706256826
rank,10,10,46.984731857885,Varecia variegata,Varecia_variegata,MAMMALIA,1,46,55957.4441486892
rank,10,10,46.984731857885,Xanthomixis apperti,Xanthomixis_apperti,AVES,0.441311210122258,1,68.4073899760842
rank,10,10,46.984731857885,Xanthomixis cinereiceps,Xanthomixis_cinereiceps,AVES,1,21,16093.3695474589
rank,10,10,46.984731857885,Xanthomixis zosterops,Xanthomixis_zosterops,AVES,0.999999999885111,21,50828.1708224043
rank,10,10,46.984731857885,Xenopirostris damii,Xenopirostris_damii,AVES,0.00179910766481406,1,93.5023440420628
rank,10,10,46.984731857885,Xenopirostris polleni,Xenopirostris_polleni,AVES,0.999999965278356,9,17228.4070753263
rank,10,10,46.984731857885,Xenopirostris xenopirostris,Xenopirostris_xenopirostris,AVES,0.96505807541122,1,1102.55740338564
rank,11,11,51.6772071464547,Accipiter henstii,Accipiter_henstii,AVES,0.677039331076904,1,53723.2963681686
rank,11,11,51.6772071464547,Accipiter madagascariensis,Accipiter_madagascariensis,AVES,0.888482294862443,1,64881.8965198919
rank,11,11,51.6772071464547,Acrocephalus newtoni,Acrocephalus_newtoni,AVES,1,52,71772.8408363921
rank,11,11,51.6772071464547,Alectroenas madagascariensis,Alectroenas_madagascariensis,AVES,0.996234177464796,8,48468.5104542701
rank,11,11,51.6772071464547,Allocebus trichotis,Allocebus_trichotis,MAMMALIA,0.00783473494650444,3,72.1001097112894
rank,11,11,51.6772071464547,Anas bernieri,Anas_bernieri,AVES,0,1,161.555721102021
rank,11,11,51.6772071464547,Apus balstoni,Apus_balstoni,AVES,0.999995720324307,10,63254.539201282
rank,11,11,51.6772071464547,Artamella viridis,Artamella_viridis,AVES,0.99999999999964,21,68107.2585419949
rank,11,11,51.6772071464547,Asio madagascariensis,Asio_madagascariensis,AVES,0.834486454556078,2,49942.0239454657
rank,11,11,51.6772071464547,Atelornis crossleyi,Atelornis_crossleyi,AVES,0.999998714536467,7,11525.6171725462
rank,11,11,51.6772071464547,Atelornis pittoides,Atelornis_pittoides,AVES,0.999667410055127,3,36471.3645203643
rank,11,11,51.6772071464547,Athene superciliaris,Athene_superciliaris,AVES,0.999999982071468,4,45584.0933670551
rank,11,11,51.6772071464547,Avahi laniger,Avahi_laniger,MAMMALIA,1,80,32463.3827899489
rank,11,11,51.6772071464547,Avahi occidentalis,Avahi_occidentalis,MAMMALIA,0.996177513156648,4,630.900925964117
rank,11,11,51.6772071464547,Aviceda madagascariensis,Aviceda_madagascariensis,AVES,0.953763947155123,1,60798.2911248505
rank,11,11,51.6772071464547,Bernieria madagascariensis,Bernieria_madagascariensis,AVES,0.99999999718774,36,63950.8874033048
rank,11,11,51.6772071464547,Brachypteracias leptosomus,Brachypteracias_leptosomus,AVES,0.999693395781378,1,31539.295371661
rank,11,11,51.6772071464547,Brachytarsomys albicauda,Brachytarsomys_albicauda,MAMMALIA,0.999999991596676,50,1815.17485363856
rank,11,11,51.6772071464547,Brachyuromys betsileoensis,Brachyuromys_betsileoensis,MAMMALIA,1,106,12289.2582834119
rank,11,11,51.6772071464547,Brachyuromys ramirohitra,Brachyuromys_ramirohitra,MAMMALIA,0.65541484639138,2,90.5857082977891
rank,11,11,51.6772071464547,Bradypterus brunneus,Bradypterus_brunneus,AVES,1,40,12095.2085017016
rank,11,11,51.6772071464547,Bradypterus seebohmi,Bradypterus_seebohmi,AVES,0.452718231585579,1,71.7493425011635
rank,11,11,51.6772071464547,Buteo brachypterus,Buteo_brachypterus,AVES,0.788347044759701,1,65267.4514647946
rank,11,11,51.6772071464547,Calicalicus madagascariensis,Calicalicus_madagascariensis,AVES,1,62,64176.8804795859
rank,11,11,51.6772071464547,Cheirogaleus crossleyi,Cheirogaleus_crossleyi,MAMMALIA,1,91,5705.01130498042
rank,11,11,51.6772071464547,Cheirogaleus major,Cheirogaleus_major,MAMMALIA,1,189,50744.9407902595
rank,11,11,51.6772071464547,Cheirogaleus medius,Cheirogaleus_medius,MAMMALIA,1,725,30852.7581223947
rank,11,11,51.6772071464547,Cinnyris notatus,Cinnyris_notatus,AVES,1,71,67550.6544925706
rank,11,11,51.6772071464547,Copsychus albospecularis,Copsychus_albospecularis,AVES,0.999993056173319,13,45841.9794760637
rank,11,11,51.6772071464547,Coracopsis nigra,Coracopsis_nigra,AVES,0.998607098611814,5,70547.1237372206
rank,11,11,51.6772071464547,Corythornis madagascariensis,Corythornis_madagascariensis,AVES,0.857335598767764,7,61304.6582940516
rank,11,11,51.6772071464547,Coua caerulea,Coua_caerulea,AVES,0.999727684480238,2,35448.3901367754
rank,11,11,51.6772071464547,Coua coquereli,Coua_coquereli,AVES,0.999989179315808,4,18241.6353890374
rank,11,11,51.6772071464547,Coua cristata,Coua_cristata,AVES,0.99998325170731,4,56069.3052216098
rank,11,11,51.6772071464547,Coua cursor,Coua_cursor,AVES,0.999597229531811,3,9297.68681848049
rank,11,11,51.6772071464547,Coua gigas,Coua_gigas,AVES,0.999675028018683,1,19984.3338833824
rank,11,11,51.6772071464547,Coua reynaudii,Coua_reynaudii,AVES,0.999672274592486,2,29726.437294431
rank,11,11,51.6772071464547,Coua ruficeps,Coua_ruficeps,AVES,0.959346120072314,3,1327.46846918499
rank,11,11,51.6772071464547,Coua serriana,Coua_serriana,AVES,0.988749224930909,1,25887.308776698
rank,11,11,51.6772071464547,Crossleyia xanthophrys,Crossleyia_xanthophrys,AVES,1,45,4117.99735637009
rank,11,11,51.6772071464547,Cryptoprocta ferox,Cryptoprocta_ferox,MAMMALIA,0.0235473735824306,2,24075.4294719696
rank,11,11,51.6772071464547,Cryptosylvicola randrianasoloi,Cryptosylvicola_randrianasoloi,AVES,1,40,5831.81042557955
rank,11,11,51.6772071464547,Cyanolanius madagascarinus,Cyanolanius_madagascarinus,AVES,0.999999999996422,38,65275.5106254476
rank,11,11,51.6772071464547,Daubentonia madagascariensis,Daubentonia_madagascariensis,MAMMALIA,1,56,23868.6740482369
rank,11,11,51.6772071464547,Echinops telfairi,Echinops_telfairi,MAMMALIA,1,307,29947.7081319094
rank,11,11,51.6772071464547,Eliurus antsingy,Eliurus_antsingy,MAMMALIA,0.0133748649300235,5,69.4813072830439
rank,11,11,51.6772071464547,Eliurus grandidieri,Eliurus_grandidieri,MAMMALIA,0.999641415738649,27,917.641006159482
rank,11,11,51.6772071464547,Eliurus majori,Eliurus_majori,MAMMALIA,1,226,35475.5986152664
rank,11,11,51.6772071464547,Eliurus minor,Eliurus_minor,MAMMALIA,1,952,53496.5455148916
rank,11,11,51.6772071464547,Eliurus myoxinus,Eliurus_myoxinus,MAMMALIA,1,742,52493.8701616536
rank,11,11,51.6772071464547,Eliurus tanala,Eliurus_tanala,MAMMALIA,1,313,40235.3595950604
rank,11,11,51.6772071464547,Eliurus webbi,Eliurus_webbi,MAMMALIA,1,365,48297.9183045626
rank,11,11,51.6772071464547,Eremopterix hova,Eremopterix_hova,AVES,0.999999862347248,22,4111.79749785364
rank,11,11,51.6772071464547,Eulemur albifrons,Eulemur_albifrons,MAMMALIA,1,45,14958.687551324
rank,11,11,51.6772071464547,Eulemur cinereiceps,Eulemur_cinereiceps,MAMMALIA,1,209,64966.7209710562
rank,11,11,51.6772071464547,Eulemur collaris,Eulemur_collaris,MAMMALIA,1,155,64224.8650196768
rank,11,11,51.6772071464547,Eulemur coronatus,Eulemur_coronatus,MAMMALIA,1,186,16951.5497181408
rank,11,11,51.6772071464547,Eulemur flavifrons,Eulemur_flavifrons,MAMMALIA,0.000213248908682684,1,25.074716512655
rank,11,11,51.6772071464547,Eulemur fulvus,Eulemur_fulvus,MAMMALIA,1,191,65069.6350413423
rank,11,11,51.6772071464547,Eulemur macaco,Eulemur_macaco,MAMMALIA,1,63,33094.1091969471
rank,11,11,51.6772071464547,Eulemur mongoz,Eulemur_mongoz,MAMMALIA,0.99999995289805,33,2266.66703993082
rank,11,11,51.6772071464547,Eulemur rubriventer,Eulemur_rubriventer,MAMMALIA,1,213,57695.0996149972
rank,11,11,51.6772071464547,Eulemur rufus,Eulemur_rufus,MAMMALIA,1,157,34835.413921833
rank,11,11,51.6772071464547,Eulemur sanfordi,Eulemur_sanfordi,MAMMALIA,1,232,65203.8257463815
rank,11,11,51.6772071464547,Euryceros prevostii,Euryceros_prevostii,AVES,0.999000955070916,3,2839.0629478842
rank,11,11,51.6772071464547,Falco zoniventris,Falco_zoniventris,AVES,0.895564642357128,1,47002.6779082343
rank,11,11,51.6772071464547,Falculea palliata,Falculea_palliata,AVES,0.999999999998504,10,20268.4731569216
rank,11,11,51.6772071464547,Fossa fossana,Fossa_fossana,MAMMALIA,0.938335192322535,2,37999.2453034478
rank,11,11,51.6772071464547,Foudia madagascariensis,Foudia_madagascariensis,AVES,0.999999999982147,61,82350.9757748172
rank,11,11,51.6772071464547,Foudia omissa,Foudia_omissa,AVES,0.999999997813367,20,39648.415976055
rank,11,11,51.6772071464547,Gactornis enarratus,Gactornis_enarratus,AVES,0.999989406467387,4,38969.966665186
rank,11,11,51.6772071464547,Galidia elegans,Galidia_elegans,MAMMALIA,0.934069301576664,4,38127.7891378399
rank,11,11,51.6772071464547,Galidictis fasciata,Galidictis_fasciata,MAMMALIA,0,3,4247.07071315497
rank,11,11,51.6772071464547,Geobiastes squamiger,Geobiastes_squamiger,AVES,0.999596493339802,3,10449.9559247196
rank,11,11,51.6772071464547,Geogale aurita,Geogale_aurita,MAMMALIA,1,490,21313.6855203841
rank,11,11,51.6772071464547,Gymnuromys roberti,Gymnuromys_roberti,MAMMALIA,1,130,24075.7759272951
rank,11,11,51.6772071464547,Haliaeetus vociferoides,Haliaeetus_vociferoides,AVES,0.00929439155187606,1,4942.16530515999
rank,11,11,51.6772071464547,Hapalemur alaotrensis,Hapalemur_alaotrensis,MAMMALIA,1,77,5328.28351139231
rank,11,11,51.6772071464547,Hapalemur aureus,Hapalemur_aureus,MAMMALIA,0.999999995692329,24,1820.55619611591
rank,11,11,51.6772071464547,Hapalemur griseus,Hapalemur_griseus,MAMMALIA,1,202,62747.8864268507
rank,11,11,51.6772071464547,Hapalemur occidentalis,Hapalemur_occidentalis,MAMMALIA,0.999995100328248,28,1026.71440970898
rank,11,11,51.6772071464547,Hartertula flavoviridis,Hartertula_flavoviridis,AVES,1,43,8041.6276993677
rank,11,11,51.6772071464547,Hartlaubius auratus,Hartlaubius_auratus,AVES,0.999999273285019,27,64495.8715700933
rank,11,11,51.6772071464547,Hemicentetes nigriceps,Hemicentetes_nigriceps,MAMMALIA,0.999953127257988,35,2052.96238155258
rank,11,11,51.6772071464547,Hemicentetes semispinosus,Hemicentetes_semispinosus,MAMMALIA,1,104,51380.6717725471
rank,11,11,51.6772071464547,Hypogeomys antimena,Hypogeomys_antimena,MAMMALIA,0.133821965840603,5,104.686912983656
rank,11,11,51.6772071464547,Hypositta corallirostris,Hypositta_corallirostris,AVES,0.999773383689526,20,47921.7318951711
rank,11,11,51.6772071464547,Indri indri,Indri_indri,MAMMALIA,0.99999999994599,15,46947.1874326118
rank,11,11,51.6772071464547,Lemur catta,Lemur_catta,MAMMALIA,1,166,14514.8869107962
rank,11,11,51.6772071464547,Lepidopygia nana,Lepidopygia_nana,AVES,0.99998869704778,104,84868.5752110272
rank,11,11,51.6772071464547,Lepilemur ankaranensis,Lepilemur_ankaranensis,MAMMALIA,0.942459903341428,13,361.823311685567
rank,11,11,51.6772071464547,Lepilemur edwardsi,Lepilemur_edwardsi,MAMMALIA,1,66,6980.75032130664
rank,11,11,51.6772071464547,Lepilemur leucopus,Lepilemur_leucopus,MAMMALIA,1,69,10401.6820945218
rank,11,11,51.6772071464547,Lepilemur microdon,Lepilemur_microdon,MAMMALIA,0.999999999997001,34,4773.54297635564
rank,11,11,51.6772071464547,Lepilemur mustelinus,Lepilemur_mustelinus,MAMMALIA,1,220,56828.7196355714
rank,11,11,51.6772071464547,Lepilemur ruficaudatus,Lepilemur_ruficaudatus,MAMMALIA,1,155,10954.8429614529
rank,11,11,51.6772071464547,Leptopterus chabert,Leptopterus_chabert,AVES,0.999999999998436,45,74851.5008501113
rank,11,11,51.6772071464547,Lophotibis cristata,Lophotibis_cristata,AVES,0.999684202341004,2,58475.0969311319
rank,11,11,51.6772071464547,Macrotarsomys bastardi,Macrotarsomys_bastardi,MAMMALIA,1,241,7578.83265732265
rank,11,11,51.6772071464547,Margaroperdix madagarensis,Margaroperdix_madagarensis,AVES,0.99999637840995,3,67565.6925642411
rank,11,11,51.6772071464547,Mentocrex kioloides,Mentocrex_kioloides,AVES,0.997202034045671,1,29082.2384012882
rank,11,11,51.6772071464547,Mesitornis unicolor,Mesitornis_unicolor,AVES,0,1,89.8278131379858
rank,11,11,51.6772071464547,Mesitornis variegatus,Mesitornis_variegatus,AVES,0.998762356946553,5,2869.24937690049
rank,11,11,51.6772071464547,Microcebus berthae,Microcebus_berthae,MAMMALIA,1.52725555535582e-08,2,17.7781751081347
rank,11,11,51.6772071464547,Microcebus griseorufus,Microcebus_griseorufus,MAMMALIA,0.995769019106108,14,501.433658043884
rank,11,11,51.6772071464547,Microcebus murinus,Microcebus_murinus,MAMMALIA,1,993,51350.8599172458
rank,11,11,51.6772071464547,Microcebus myoxinus,Microcebus_myoxinus,MAMMALIA,0.999999992654343,102,1124.39007911777
rank,11,11,51.6772071464547,Microcebus ravelobensis,Microcebus_ravelobensis,MAMMALIA,0.778620368188765,15,246.875988043973
rank,11,11,51.6772071464547,Microcebus rufus,Microcebus_rufus,MAMMALIA,1,808,49632.8195198551
rank,11,11,51.6772071464547,Microcebus tavaratra,Microcebus_tavaratra,MAMMALIA,0.99348955741329,45,767.433245509863
rank,11,11,51.6772071464547,Microgale brevicaudata,Microgale_brevicaudata,MAMMALIA,1,597,22664.5301524252
rank,11,11,51.6772071464547,Microgale cowani,Microgale_cowani,MAMMALIA,1,403,43558.2214783579
rank,11,11,51.6772071464547,Microgale drouhardi,Microgale_drouhardi,MAMMALIA,1,280,23954.2740181834
rank,11,11,51.6772071464547,Microgale dryas,Microgale_dryas,MAMMALIA,0.897201399235259,47,1369.92029440585
rank,11,11,51.6772071464547,Microgale fotsifotsy,Microgale_fotsifotsy,MAMMALIA,1,349,27091.6061617509
rank,11,11,51.6772071464547,Microgale gracilis,Microgale_gracilis,MAMMALIA,0.999999999996672,121,9435.48834752291
rank,11,11,51.6772071464547,Microgale gymnorhyncha,Microgale_gymnorhyncha,MAMMALIA,1,119,16789.2669551228
rank,11,11,51.6772071464547,Microgale longicaudata,Microgale_longicaudata,MAMMALIA,1,688,46224.8887527283
rank,11,11,51.6772071464547,Microgale mergulus,Microgale_mergulus,MAMMALIA,0.999999999999887,69,5519.10154378114
rank,11,11,51.6772071464547,Microgale parvula,Microgale_parvula,MAMMALIA,0.999999999999906,774,48994.3947338561
rank,11,11,51.6772071464547,Microgale principula,Microgale_principula,MAMMALIA,1,461,42734.2587624192
rank,11,11,51.6772071464547,Microgale pusilla,Microgale_pusilla,MAMMALIA,0.999999998206834,332,15573.8785665549
rank,11,11,51.6772071464547,Microgale soricoides,Microgale_soricoides,MAMMALIA,1,131,23445.0248981788
rank,11,11,51.6772071464547,Microgale taiva,Microgale_taiva,MAMMALIA,1,264,36125.8173558116
rank,11,11,51.6772071464547,Microgale thomasi,Microgale_thomasi,MAMMALIA,1,81,20437.4896026924
rank,11,11,51.6772071464547,Mirza coquereli,Mirza_coquereli,MAMMALIA,0.999997589067307,53,2653.0007427779
rank,11,11,51.6772071464547,Monias benschi,Monias_benschi,AVES,0,1,82.9420458882274
rank,11,11,51.6772071464547,Monticola erythronotus,Monticola_erythronotus,AVES,0.505764981643065,1,97.4973036619822
rank,11,11,51.6772071464547,Monticola sharpei,Monticola_sharpei,AVES,0.999999999999998,54,59190.7548046117
rank,11,11,51.6772071464547,Monticolomys koopmani,Monticolomys_koopmani,MAMMALIA,0.132627251095215,6,104.060766987503
rank,11,11,51.6772071464547,Motacilla flaviventris,Motacilla_flaviventris,AVES,0.999999999999987,30,5999.53992716691
rank,11,11,51.6772071464547,Mystacornis crossleyi,Mystacornis_crossleyi,AVES,0.999999999989639,13,40228.292155534
rank,11,11,51.6772071464547,Neodrepanis coruscans,Neodrepanis_coruscans,AVES,0.999999032473035,16,26905.9394025056
rank,11,11,51.6772071464547,Neodrepanis hypoxantha,Neodrepanis_hypoxantha,AVES,0.0211788111247608,3,88.4296057149768
rank,11,11,51.6772071464547,Neomixis striatigula,Neomixis_striatigula,AVES,0.999999999686399,32,45323.2521916479
rank,11,11,51.6772071464547,Neomixis tenella,Neomixis_tenella,AVES,1,106,63481.511883609
rank,11,11,51.6772071464547,Neomixis viridis,Neomixis_viridis,AVES,0.999999999970563,28,43477.0127030835
rank,11,11,51.6772071464547,Nesillas lantzii,Nesillas_lantzii,AVES,0.999983000083502,3,2703.9328436479
rank,11,11,51.6772071464547,Nesogale dobsoni,Nesogale_dobsoni,MAMMALIA,1,283,48196.2284646913
rank,11,11,51.6772071464547,Nesogale talazaci,Nesogale_talazaci,MAMMALIA,1,183,48289.4290229529
rank,11,11,51.6772071464547,Nesomys audeberti,Nesomys_audeberti,MAMMALIA,1,111,4404.70734705302
rank,11,11,51.6772071464547,Nesomys lambertoni,Nesomys_lambertoni,MAMMALIA,0.999983982375401,29,958.575495295227
rank,11,11,51.6772071464547,Nesomys rufus,Nesomys_rufus,MAMMALIA,1,187,38165.3534639131
rank,11,11,51.6772071464547,Newtonia amphichroa,Newtonia_amphichroa,AVES,1,17,35410.1105040014
rank,11,11,51.6772071464547,Newtonia archboldi,Newtonia_archboldi,AVES,0.999743205924592,10,2057.60292387809
rank,11,11,51.6772071464547,Newtonia brunneicauda,Newtonia_brunneicauda,AVES,1,80,75817.0884849206
rank,11,11,51.6772071464547,Newtonia fanovanae,Newtonia_fanovanae,AVES,0.353055283448657,2,98.2207024819943
rank,11,11,51.6772071464547,Oriolia bernieri,Oriolia_bernieri,AVES,0.999999640955073,13,11890.3455698192
rank,11,11,51.6772071464547,Oryzorictes hova,Oryzorictes_hova,MAMMALIA,1,227,46849.9764650166
rank,11,11,51.6772071464547,Oryzorictes tetradactylus,Oryzorictes_tetradactylus,MAMMALIA,0.999999999999964,118,8051.3865754187
rank,11,11,51.6772071464547,Otus rutilus,Otus_rutilus,AVES,0.99999854197219,4,67955.779291369
rank,11,11,51.6772071464547,Oxylabes madagascariensis,Oxylabes_madagascariensis,AVES,0.999999999999992,23,41159.0307584927
rank,11,11,51.6772071464547,Phaner electromontis,Phaner_electromontis,MAMMALIA,1.1181189119025e-07,1,17.4337788633315
rank,11,11,51.6772071464547,Phaner furcifer,Phaner_furcifer,MAMMALIA,0.887905466959644,58,892.662774423171
rank,11,11,51.6772071464547,Phaner pallescens,Phaner_pallescens,MAMMALIA,0.999999999997009,57,3504.14815962315
rank,11,11,51.6772071464547,Phaner parienti,Phaner_parienti,MAMMALIA,0.00280017666108967,1,24.4501852478648
rank,11,11,51.6772071464547,Philepitta castanea,Philepitta_castanea,AVES,0.982771945055813,6,34587.2242683694
rank,11,11,51.6772071464547,Philepitta schlegeli,Philepitta_schlegeli,AVES,0.988278027030843,14,4281.37986122647
rank,11,11,51.6772071464547,Ploceus nelicourvi,Ploceus_nelicourvi,AVES,0.999999998327845,16,46670.1386841238
rank,11,11,51.6772071464547,Ploceus sakalava,Ploceus_sakalava,AVES,0.999999996574064,38,23378.3935301304
rank,11,11,51.6772071464547,Polyboroides radiatus,Polyboroides_radiatus,AVES,0.99615202513359,1,60717.0704145527
rank,11,11,51.6772071464547,Pseudobias wardi,Pseudobias_wardi,AVES,0.999999999999995,16,36994.0041993856
rank,11,11,51.6772071464547,Pterocles personatus,Pterocles_personatus,AVES,0.92083687647272,6,6042.01168643172
rank,11,11,51.6772071464547,Rallus madagascariensis,Rallus_madagascariensis,AVES,0.999998955474636,4,13743.6752317341
rank,11,11,51.6772071464547,Randia pseudozosterops,Randia_pseudozosterops,AVES,0.999999992755823,12,36106.8824514088
rank,11,11,51.6772071464547,Sarothrura insularis,Sarothrura_insularis,AVES,0.999512058704855,8,50567.3842276186
rank,11,11,51.6772071464547,Schetba rufa,Schetba_rufa,AVES,0.999999999999993,25,23054.2811315209
rank,11,11,51.6772071464547,Setifer setosus,Setifer_setosus,MAMMALIA,1,240,73046.6627593562
rank,11,11,51.6772071464547,Tenrec ecaudatus,Tenrec_ecaudatus,MAMMALIA,1,135,74398.13411697
rank,11,11,51.6772071464547,Thamnornis chloropetoides,Thamnornis_chloropetoides,AVES,0.999977507869225,5,3407.17432130128
rank,11,11,51.6772071464547,Treron australis,Treron_australis,AVES,0.994053923367958,2,66812.1630943641
rank,11,11,51.6772071464547,Turnix nigricollis,Turnix_nigricollis,AVES,0.999967000568413,6,73431.846454151
rank,11,11,51.6772071464547,Tylas eduardi,Tylas_eduardi,AVES,0.999999970569121,11,45773.2736525908
rank,11,11,51.6772071464547,Vanga curvirostris,Vanga_curvirostris,AVES,0.999998368941384,17,75787.680361523
rank,11,11,51.6772071464547,Varecia rubra,Varecia_rubra,MAMMALIA,1,69,51569.8446215624
rank,11,11,51.6772071464547,Varecia variegata,Varecia_variegata,MAMMALIA,0.999999999999953,46,51052.5848345345
rank,11,11,51.6772071464547,Xanthomixis apperti,Xanthomixis_apperti,AVES,0.441311210122258,1,68.4073899760842
rank,11,11,51.6772071464547,Xanthomixis cinereiceps,Xanthomixis_cinereiceps,AVES,1,27,15279.3166307667
rank,11,11,51.6772071464547,Xanthomixis zosterops,Xanthomixis_zosterops,AVES,0.999999999965932,23,46948.9595428556
rank,11,11,51.6772071464547,Xenopirostris damii,Xenopirostris_damii,AVES,0.00179910766481406,1,93.5023440420628
rank,11,11,51.6772071464547,Xenopirostris polleni,Xenopirostris_polleni,AVES,0.999999959397497,9,16595.8370394457
rank,11,11,51.6772071464547,Xenopirostris xenopirostris,Xenopirostris_xenopirostris,AVES,0.96505807541122,1,1102.55740338564
rank,12,12,56.3696355398155,Accipiter henstii,Accipiter_henstii,AVES,0.654075171282056,1,48982.298719066
rank,12,12,56.3696355398155,Accipiter madagascariensis,Accipiter_madagascariensis,AVES,0.877944042383735,1,59179.4999062345
rank,12,12,56.3696355398155,Acrocephalus newtoni,Acrocephalus_newtoni,AVES,1,55,65288.2780595118
rank,12,12,56.3696355398155,Alectroenas madagascariensis,Alectroenas_madagascariensis,AVES,0.995837600843834,7,44223.1097481796
rank,12,12,56.3696355398155,Allocebus trichotis,Allocebus_trichotis,MAMMALIA,0.00783473494650444,3,72.1001097112894
rank,12,12,56.3696355398155,Anas bernieri,Anas_bernieri,AVES,0,1,161.555721102021
rank,12,12,56.3696355398155,Apus balstoni,Apus_balstoni,AVES,0.999999194818259,12,57624.3334668424
rank,12,12,56.3696355398155,Artamella viridis,Artamella_viridis,AVES,0.99999999999903,21,62383.4912031694
rank,12,12,56.3696355398155,Asio madagascariensis,Asio_madagascariensis,AVES,0.822131911505,2,45447.6541863605
rank,12,12,56.3696355398155,Atelornis crossleyi,Atelornis_crossleyi,AVES,0.999998590985831,6,11376.9065523744
rank,12,12,56.3696355398155,Atelornis pittoides,Atelornis_pittoides,AVES,0.99978552836965,3,34042.3460539144
rank,12,12,56.3696355398155,Athene superciliaris,Athene_superciliaris,AVES,0.999999953150565,5,41521.475910686
rank,12,12,56.3696355398155,Avahi laniger,Avahi_laniger,MAMMALIA,1,85,30121.2999648108
rank,12,12,56.3696355398155,Avahi occidentalis,Avahi_occidentalis,MAMMALIA,0.996177513156648,4,630.900925964117
rank,12,12,56.3696355398155,Aviceda madagascariensis,Aviceda_madagascariensis,AVES,0.947862284351979,1,55251.7631415874
rank,12,12,56.3696355398155,Bernieria madagascariensis,Bernieria_madagascariensis,AVES,0.999999999999956,36,58304.2210259952
rank,12,12,56.3696355398155,Brachypteracias leptosomus,Brachypteracias_leptosomus,AVES,0.99964247613576,1,28996.1996897608
rank,12,12,56.3696355398155,Brachytarsomys albicauda,Brachytarsomys_albicauda,MAMMALIA,0.999999991596676,50,1815.17485363856
rank,12,12,56.3696355398155,Brachyuromys betsileoensis,Brachyuromys_betsileoensis,MAMMALIA,1,101,11574.0244025153
rank,12,12,56.3696355398155,Brachyuromys ramirohitra,Brachyuromys_ramirohitra,MAMMALIA,0.65541484639138,2,90.5857082977891
rank,12,12,56.3696355398155,Bradypterus brunneus,Bradypterus_brunneus,AVES,1,42,11715.4737623876
rank,12,12,56.3696355398155,Bradypterus seebohmi,Bradypterus_seebohmi,AVES,0.452718231585579,1,71.7493425011635
rank,12,12,56.3696355398155,Buteo brachypterus,Buteo_brachypterus,AVES,0.771072705083529,1,59449.9148410782
rank,12,12,56.3696355398155,Calicalicus madagascariensis,Calicalicus_madagascariensis,AVES,1,64,58531.208712674
rank,12,12,56.3696355398155,Cheirogaleus crossleyi,Cheirogaleus_crossleyi,MAMMALIA,1,88,5552.78624466623
rank,12,12,56.3696355398155,Cheirogaleus major,Cheirogaleus_major,MAMMALIA,1,194,45710.2297888382
rank,12,12,56.3696355398155,Cheirogaleus medius,Cheirogaleus_medius,MAMMALIA,1,688,27947.0009474078
rank,12,12,56.3696355398155,Cinnyris notatus,Cinnyris_notatus,AVES,1,78,61543.7778139219
rank,12,12,56.3696355398155,Copsychus albospecularis,Copsychus_albospecularis,AVES,0.999991659654684,13,41953.3033174286
rank,12,12,56.3696355398155,Coracopsis nigra,Coracopsis_nigra,AVES,0.998446152090104,5,64101.2268376029
rank,12,12,56.3696355398155,Corythornis madagascariensis,Corythornis_madagascariensis,AVES,0.848107333629448,6,55883.5617149046
rank,12,12,56.3696355398155,Coua caerulea,Coua_caerulea,AVES,0.999681957453628,2,32667.4209094016
rank,12,12,56.3696355398155,Coua coquereli,Coua_coquereli,AVES,0.99998574661677,5,16721.6396021619
rank,12,12,56.3696355398155,Coua cristata,Coua_cristata,AVES,0.999980561942201,2,51847.7929709256
rank,12,12,56.3696355398155,Coua cursor,Coua_cursor,AVES,0.999478310815394,3,8291.13383944333
rank,12,12,56.3696355398155,Coua gigas,Coua_gigas,AVES,0.999621448233684,1,18589.0109741986
rank,12,12,56.3696355398155,Coua reynaudii,Coua_reynaudii,AVES,0.999561277011975,2,27470.9466691688
rank,12,12,56.3696355398155,Coua ruficeps,Coua_ruficeps,AVES,0.959346120072314,3,1327.46846918499
rank,12,12,56.3696355398155,Coua serriana,Coua_serriana,AVES,0.987232741804321,1,23411.1199636236
rank,12,12,56.3696355398155,Crossleyia xanthophrys,Crossleyia_xanthophrys,AVES,1,45,4117.99735637009
rank,12,12,56.3696355398155,Cryptoprocta ferox,Cryptoprocta_ferox,MAMMALIA,0.00880418269404437,2,22376.8412997282
rank,12,12,56.3696355398155,Cryptosylvicola randrianasoloi,Cryptosylvicola_randrianasoloi,AVES,1,36,5677.36030712724
rank,12,12,56.3696355398155,Cyanolanius madagascarinus,Cyanolanius_madagascarinus,AVES,1,36,59437.8148650905
rank,12,12,56.3696355398155,Daubentonia madagascariensis,Daubentonia_madagascariensis,MAMMALIA,1,58,21128.5642265053
rank,12,12,56.3696355398155,Echinops telfairi,Echinops_telfairi,MAMMALIA,1,292,27138.7377203777
rank,12,12,56.3696355398155,Eliurus antsingy,Eliurus_antsingy,MAMMALIA,0.0133748649300235,5,69.4813072830439
rank,12,12,56.3696355398155,Eliurus grandidieri,Eliurus_grandidieri,MAMMALIA,0.999641415738649,27,917.641006159482
rank,12,12,56.3696355398155,Eliurus majori,Eliurus_majori,MAMMALIA,1,222,32622.7219146551
rank,12,12,56.3696355398155,Eliurus minor,Eliurus_minor,MAMMALIA,1,892,48779.7359033935
rank,12,12,56.3696355398155,Eliurus myoxinus,Eliurus_myoxinus,MAMMALIA,1,681,47320.3152741543
rank,12,12,56.3696355398155,Eliurus tanala,Eliurus_tanala,MAMMALIA,1,299,37090.0903917865
rank,12,12,56.3696355398155,Eliurus webbi,Eliurus_webbi,MAMMALIA,1,364,43935.8230741993
rank,12,12,56.3696355398155,Eremopterix hova,Eremopterix_hova,AVES,0.999999862347248,22,4111.79749785364
rank,12,12,56.3696355398155,Eulemur albifrons,Eulemur_albifrons,MAMMALIA,1,43,13596.2311905445
rank,12,12,56.3696355398155,Eulemur cinereiceps,Eulemur_cinereiceps,MAMMALIA,1,214,59046.3280238328
rank,12,12,56.3696355398155,Eulemur collaris,Eulemur_collaris,MAMMALIA,1,159,58291.5515590404
rank,12,12,56.3696355398155,Eulemur coronatus,Eulemur_coronatus,MAMMALIA,1,184,15295.4958605277
rank,12,12,56.3696355398155,Eulemur flavifrons,Eulemur_flavifrons,MAMMALIA,0.000213248908682684,1,25.074716512655
rank,12,12,56.3696355398155,Eulemur fulvus,Eulemur_fulvus,MAMMALIA,1,201,59168.7486416538
rank,12,12,56.3696355398155,Eulemur macaco,Eulemur_macaco,MAMMALIA,1,59,30780.8352888152
rank,12,12,56.3696355398155,Eulemur mongoz,Eulemur_mongoz,MAMMALIA,0.99999995289805,33,2266.66703993082
rank,12,12,56.3696355398155,Eulemur rubriventer,Eulemur_rubriventer,MAMMALIA,1,205,52370.0798859468
rank,12,12,56.3696355398155,Eulemur rufus,Eulemur_rufus,MAMMALIA,1,157,32305.9821553528
rank,12,12,56.3696355398155,Eulemur sanfordi,Eulemur_sanfordi,MAMMALIA,1,234,59260.5352432515
rank,12,12,56.3696355398155,Euryceros prevostii,Euryceros_prevostii,AVES,0.999000955070916,3,2839.0629478842
rank,12,12,56.3696355398155,Falco zoniventris,Falco_zoniventris,AVES,0.886095222469662,1,43023.2084063813
rank,12,12,56.3696355398155,Falculea palliata,Falculea_palliata,AVES,0.999999999994443,11,18374.8598828167
rank,12,12,56.3696355398155,Fossa fossana,Fossa_fossana,MAMMALIA,0.912217447079083,2,34882.4325914457
rank,12,12,56.3696355398155,Foudia madagascariensis,Foudia_madagascariensis,AVES,0.999999999982361,65,74423.7074696943
rank,12,12,56.3696355398155,Foudia omissa,Foudia_omissa,AVES,0.999999999801378,20,36779.6414576545
rank,12,12,56.3696355398155,Gactornis enarratus,Gactornis_enarratus,AVES,0.999979242351445,3,35710.2263054848
rank,12,12,56.3696355398155,Galidia elegans,Galidia_elegans,MAMMALIA,0.909734203594393,4,35357.7995391265
rank,12,12,56.3696355398155,Galidictis fasciata,Galidictis_fasciata,MAMMALIA,0,3,4247.07071315497
rank,12,12,56.3696355398155,Geobiastes squamiger,Geobiastes_squamiger,AVES,0.999434687756918,3,9833.78980038144
rank,12,12,56.3696355398155,Geogale aurita,Geogale_aurita,MAMMALIA,1,450,19619.0801282055
rank,12,12,56.3696355398155,Gymnuromys roberti,Gymnuromys_roberti,MAMMALIA,1,120,22549.6508670411
rank,12,12,56.3696355398155,Haliaeetus vociferoides,Haliaeetus_vociferoides,AVES,0.0038159905092201,1,4324.15864871442
rank,12,12,56.3696355398155,Hapalemur alaotrensis,Hapalemur_alaotrensis,MAMMALIA,1,71,5152.35329692033
rank,12,12,56.3696355398155,Hapalemur aureus,Hapalemur_aureus,MAMMALIA,0.999999995692329,24,1820.55619611591
rank,12,12,56.3696355398155,Hapalemur griseus,Hapalemur_griseus,MAMMALIA,1,203,57012.6227690404
rank,12,12,56.3696355398155,Hapalemur occidentalis,Hapalemur_occidentalis,MAMMALIA,0.999995100328248,28,1026.71440970898
rank,12,12,56.3696355398155,Hartertula flavoviridis,Hartertula_flavoviridis,AVES,1,43,7910.53906236589
rank,12,12,56.3696355398155,Hartlaubius auratus,Hartlaubius_auratus,AVES,0.999999843119105,28,58818.4206305506
rank,12,12,56.3696355398155,Hemicentetes nigriceps,Hemicentetes_nigriceps,MAMMALIA,0.999953127257988,35,2052.96238155258
rank,12,12,56.3696355398155,Hemicentetes semispinosus,Hemicentetes_semispinosus,MAMMALIA,0.999999999999998,108,46478.328331712
rank,12,12,56.3696355398155,Hypogeomys antimena,Hypogeomys_antimena,MAMMALIA,0.133821965840603,5,104.686912983656
rank,12,12,56.3696355398155,Hypositta corallirostris,Hypositta_corallirostris,AVES,0.999655266920035,20,43656.1924877294
rank,12,12,56.3696355398155,Indri indri,Indri_indri,MAMMALIA,0.999999999975452,13,42341.0503090203
rank,12,12,56.3696355398155,Lemur catta,Lemur_catta,MAMMALIA,1,164,13123.4987930208
rank,12,12,56.3696355398155,Lepidopygia nana,Lepidopygia_nana,AVES,0.999997832598239,115,76921.3023516218
rank,12,12,56.3696355398155,Lepilemur ankaranensis,Lepilemur_ankaranensis,MAMMALIA,0.942459903341428,13,361.823311685567
rank,12,12,56.3696355398155,Lepilemur edwardsi,Lepilemur_edwardsi,MAMMALIA,1,65,6232.2403866368
rank,12,12,56.3696355398155,Lepilemur leucopus,Lepilemur_leucopus,MAMMALIA,1,61,8926.87324028462
rank,12,12,56.3696355398155,Lepilemur microdon,Lepilemur_microdon,MAMMALIA,0.999999999995856,33,4688.98607618936
rank,12,12,56.3696355398155,Lepilemur mustelinus,Lepilemur_mustelinus,MAMMALIA,1,214,51341.7023227514
rank,12,12,56.3696355398155,Lepilemur ruficaudatus,Lepilemur_ruficaudatus,MAMMALIA,1,149,9616.87512154877
rank,12,12,56.3696355398155,Leptopterus chabert,Leptopterus_chabert,AVES,1,49,68652.4445642531
rank,12,12,56.3696355398155,Lophotibis cristata,Lophotibis_cristata,AVES,0.999623756573693,2,53347.4799100566
rank,12,12,56.3696355398155,Macrotarsomys bastardi,Macrotarsomys_bastardi,MAMMALIA,1,219,6750.64458843321
rank,12,12,56.3696355398155,Margaroperdix madagarensis,Margaroperdix_madagarensis,AVES,0.999995741215516,5,61305.4340879835
rank,12,12,56.3696355398155,Mentocrex kioloides,Mentocrex_kioloides,AVES,0.996882742644514,1,27027.0368511081
rank,12,12,56.3696355398155,Mesitornis unicolor,Mesitornis_unicolor,AVES,0,1,89.8278131379858
rank,12,12,56.3696355398155,Mesitornis variegatus,Mesitornis_variegatus,AVES,0.998762356946553,5,2869.24937690049
rank,12,12,56.3696355398155,Microcebus berthae,Microcebus_berthae,MAMMALIA,1.52725555535582e-08,2,17.7781751081347
rank,12,12,56.3696355398155,Microcebus griseorufus,Microcebus_griseorufus,MAMMALIA,0.995769019106108,14,501.433658043884
rank,12,12,56.3696355398155,Microcebus murinus,Microcebus_murinus,MAMMALIA,1,947,46111.8858013079
rank,12,12,56.3696355398155,Microcebus myoxinus,Microcebus_myoxinus,MAMMALIA,0.999999992654343,102,1124.39007911777
rank,12,12,56.3696355398155,Microcebus ravelobensis,Microcebus_ravelobensis,MAMMALIA,0.778620368188765,15,246.875988043973
rank,12,12,56.3696355398155,Microcebus rufus,Microcebus_rufus,MAMMALIA,1,748,44856.3053447898
rank,12,12,56.3696355398155,Microcebus tavaratra,Microcebus_tavaratra,MAMMALIA,0.99348955741329,45,767.433245509863
rank,12,12,56.3696355398155,Microgale brevicaudata,Microgale_brevicaudata,MAMMALIA,1,562,20978.8917765692
rank,12,12,56.3696355398155,Microgale cowani,Microgale_cowani,MAMMALIA,0.999999999999998,392,39738.0614970728
rank,12,12,56.3696355398155,Microgale drouhardi,Microgale_drouhardi,MAMMALIA,1,268,22816.8779313581
rank,12,12,56.3696355398155,Microgale dryas,Microgale_dryas,MAMMALIA,0.897201399235259,47,1369.92029440585
rank,12,12,56.3696355398155,Microgale fotsifotsy,Microgale_fotsifotsy,MAMMALIA,1,329,25824.8057046254
rank,12,12,56.3696355398155,Microgale gracilis,Microgale_gracilis,MAMMALIA,0.999999999992786,117,9209.23466329806
rank,12,12,56.3696355398155,Microgale gymnorhyncha,Microgale_gymnorhyncha,MAMMALIA,1,115,15736.3374588252
rank,12,12,56.3696355398155,Microgale longicaudata,Microgale_longicaudata,MAMMALIA,1,651,42187.2726603597
rank,12,12,56.3696355398155,Microgale mergulus,Microgale_mergulus,MAMMALIA,0.999999999999759,69,5444.50118715279
rank,12,12,56.3696355398155,Microgale parvula,Microgale_parvula,MAMMALIA,0.999999999999444,712,44576.2397323546
rank,12,12,56.3696355398155,Microgale principula,Microgale_principula,MAMMALIA,1,438,39101.8765855432
rank,12,12,56.3696355398155,Microgale pusilla,Microgale_pusilla,MAMMALIA,0.999999994085131,300,14273.2335945692
rank,12,12,56.3696355398155,Microgale soricoides,Microgale_soricoides,MAMMALIA,1,122,21681.5029248121
rank,12,12,56.3696355398155,Microgale taiva,Microgale_taiva,MAMMALIA,1,256,33653.9869546095
rank,12,12,56.3696355398155,Microgale thomasi,Microgale_thomasi,MAMMALIA,1,75,19265.9289961234
rank,12,12,56.3696355398155,Mirza coquereli,Mirza_coquereli,MAMMALIA,0.999997589067307,53,2653.0007427779
rank,12,12,56.3696355398155,Monias benschi,Monias_benschi,AVES,0,1,82.9420458882274
rank,12,12,56.3696355398155,Monticola erythronotus,Monticola_erythronotus,AVES,0.505764981643065,1,97.4973036619822
rank,12,12,56.3696355398155,Monticola sharpei,Monticola_sharpei,AVES,1,53,53271.6212615487
rank,12,12,56.3696355398155,Monticolomys koopmani,Monticolomys_koopmani,MAMMALIA,0.132627251095215,6,104.060766987503
rank,12,12,56.3696355398155,Motacilla flaviventris,Motacilla_flaviventris,AVES,0.999999999999986,31,5589.76064571094
rank,12,12,56.3696355398155,Mystacornis crossleyi,Mystacornis_crossleyi,AVES,0.999999999969596,7,37274.5540479976
rank,12,12,56.3696355398155,Neodrepanis coruscans,Neodrepanis_coruscans,AVES,0.999998550620932,15,25397.1244799942
rank,12,12,56.3696355398155,Neodrepanis hypoxantha,Neodrepanis_hypoxantha,AVES,0.0211788111247608,3,88.4296057149768
rank,12,12,56.3696355398155,Neomixis striatigula,Neomixis_striatigula,AVES,0.999999999995373,30,41355.8738496602
rank,12,12,56.3696355398155,Neomixis tenella,Neomixis_tenella,AVES,1,96,58421.4711387232
rank,12,12,56.3696355398155,Neomixis viridis,Neomixis_viridis,AVES,0.99999999999212,23,39915.0703066886
rank,12,12,56.3696355398155,Nesillas lantzii,Nesillas_lantzii,AVES,0.999983000083502,3,2703.9328436479
rank,12,12,56.3696355398155,Nesogale dobsoni,Nesogale_dobsoni,MAMMALIA,1,268,43466.9794473403
rank,12,12,56.3696355398155,Nesogale talazaci,Nesogale_talazaci,MAMMALIA,1,180,43541.0991943115
rank,12,12,56.3696355398155,Nesomys audeberti,Nesomys_audeberti,MAMMALIA,1,113,4354.04403599831
rank,12,12,56.3696355398155,Nesomys lambertoni,Nesomys_lambertoni,MAMMALIA,0.999983982375401,29,958.575495295227
rank,12,12,56.3696355398155,Nesomys rufus,Nesomys_rufus,MAMMALIA,1,183,34814.0780937076
rank,12,12,56.3696355398155,Newtonia amphichroa,Newtonia_amphichroa,AVES,1,18,33009.2709630802
rank,12,12,56.3696355398155,Newtonia archboldi,Newtonia_archboldi,AVES,0.999743205924592,10,2057.60292387809
rank,12,12,56.3696355398155,Newtonia brunneicauda,Newtonia_brunneicauda,AVES,1,88,69249.5423677787
rank,12,12,56.3696355398155,Newtonia fanovanae,Newtonia_fanovanae,AVES,0.353055283448657,2,98.2207024819943
rank,12,12,56.3696355398155,Oriolia bernieri,Oriolia_bernieri,AVES,0.999999619187708,13,10930.0153151244
rank,12,12,56.3696355398155,Oryzorictes hova,Oryzorictes_hova,MAMMALIA,0.999999999999997,218,42328.4199867994
rank,12,12,56.3696355398155,Oryzorictes tetradactylus,Oryzorictes_tetradactylus,MAMMALIA,0.999999999998158,109,7258.99135204971
rank,12,12,56.3696355398155,Otus rutilus,Otus_rutilus,AVES,0.999998252691619,4,62078.4915936664
rank,12,12,56.3696355398155,Oxylabes madagascariensis,Oxylabes_madagascariensis,AVES,0.999999999999836,19,38170.610727638
rank,12,12,56.3696355398155,Phaner electromontis,Phaner_electromontis,MAMMALIA,1.1181189119025e-07,1,17.4337788633315
rank,12,12,56.3696355398155,Phaner furcifer,Phaner_furcifer,MAMMALIA,0.887905466959644,58,892.662774423171
rank,12,12,56.3696355398155,Phaner pallescens,Phaner_pallescens,MAMMALIA,0.999999999997009,57,3504.14815962315
rank,12,12,56.3696355398155,Phaner parienti,Phaner_parienti,MAMMALIA,0.00280017666108967,1,24.4501852478648
rank,12,12,56.3696355398155,Philepitta castanea,Philepitta_castanea,AVES,0.981001209634545,4,32058.3125922155
rank,12,12,56.3696355398155,Philepitta schlegeli,Philepitta_schlegeli,AVES,0.988253999152148,14,4276.92643362242
rank,12,12,56.3696355398155,Ploceus nelicourvi,Ploceus_nelicourvi,AVES,0.999999997400087,14,42329.7303710952
rank,12,12,56.3696355398155,Ploceus sakalava,Ploceus_sakalava,AVES,0.999999985734977,40,21230.996422559
rank,12,12,56.3696355398155,Polyboroides radiatus,Polyboroides_radiatus,AVES,0.995345695292653,1,54173.2145521091
rank,12,12,56.3696355398155,Pseudobias wardi,Pseudobias_wardi,AVES,0.999999999999902,12,34584.0892236319
rank,12,12,56.3696355398155,Pterocles personatus,Pterocles_personatus,AVES,0.91677292890224,6,5954.57012039756
rank,12,12,56.3696355398155,Rallus madagascariensis,Rallus_madagascariensis,AVES,0.99999852387063,4,13358.5949720548
rank,12,12,56.3696355398155,Randia pseudozosterops,Randia_pseudozosterops,AVES,0.999999938993347,11,32852.9631729421
rank,12,12,56.3696355398155,Sarothrura insularis,Sarothrura_insularis,AVES,0.999449797166966,7,45655.055170453
rank,12,12,56.3696355398155,Schetba rufa,Schetba_rufa,AVES,0.99999999999999,27,21121.6995533705
rank,12,12,56.3696355398155,Setifer setosus,Setifer_setosus,MAMMALIA,1,235,66350.8275704384
rank,12,12,56.3696355398155,Tenrec ecaudatus,Tenrec_ecaudatus,MAMMALIA,1,143,67739.9480077103
rank,12,12,56.3696355398155,Thamnornis chloropetoides,Thamnornis_chloropetoides,AVES,0.999977507869225,5,3407.17432130128
rank,12,12,56.3696355398155,Treron australis,Treron_australis,AVES,0.993403376266564,2,60939.2929741144
rank,12,12,56.3696355398155,Turnix nigricollis,Turnix_nigricollis,AVES,0.999961042293064,7,66922.4315337092
rank,12,12,56.3696355398155,Tylas eduardi,Tylas_eduardi,AVES,0.999999885660764,11,41656.411435113
rank,12,12,56.3696355398155,Vanga curvirostris,Vanga_curvirostris,AVES,0.999998216704815,21,69051.8844685623
rank,12,12,56.3696355398155,Varecia rubra,Varecia_rubra,MAMMALIA,1,72,46597.2203170057
rank,12,12,56.3696355398155,Varecia variegata,Varecia_variegata,MAMMALIA,1,52,46141.5715986041
rank,12,12,56.3696355398155,Xanthomixis apperti,Xanthomixis_apperti,AVES,0.441311210122258,1,68.4073899760842
rank,12,12,56.3696355398155,Xanthomixis cinereiceps,Xanthomixis_cinereiceps,AVES,1,21,14259.029804792
rank,12,12,56.3696355398155,Xanthomixis zosterops,Xanthomixis_zosterops,AVES,0.999999999935581,23,42561.0115702525
rank,12,12,56.3696355398155,Xenopirostris damii,Xenopirostris_damii,AVES,0.00179910766481406,1,93.5023440420628
rank,12,12,56.3696355398155,Xenopirostris polleni,Xenopirostris_polleni,AVES,0.999999997194419,9,15683.2525902869
rank,12,12,56.3696355398155,Xenopirostris xenopirostris,Xenopirostris_xenopirostris,AVES,0.96505807541122,1,1102.55740338564
rank,13,13,61.0801185886043,Accipiter henstii,Accipiter_henstii,AVES,0.628984318120313,1,44503.5377269003
rank,13,13,61.0801185886043,Accipiter madagascariensis,Accipiter_madagascariensis,AVES,0.865401367874066,1,53534.452749975
rank,13,13,61.0801185886043,Acrocephalus newtoni,Acrocephalus_newtoni,AVES,1,67,58926.8141689741
rank,13,13,61.0801185886043,Alectroenas madagascariensis,Alectroenas_madagascariensis,AVES,0.995354565624457,4,39939.4600382027
rank,13,13,61.0801185886043,Allocebus trichotis,Allocebus_trichotis,MAMMALIA,0.00783473494650444,3,72.1001097112894
rank,13,13,61.0801185886043,Anas bernieri,Anas_bernieri,AVES,0,1,161.555721102021
rank,13,13,61.0801185886043,Apus balstoni,Apus_balstoni,AVES,0.999999999999923,18,51981.4587185845
rank,13,13,61.0801185886043,Artamella viridis,Artamella_viridis,AVES,1,27,56835.6475114599
rank,13,13,61.0801185886043,Asio madagascariensis,Asio_madagascariensis,AVES,0.808236330697939,2,41158.9562456012
rank,13,13,61.0801185886043,Atelornis crossleyi,Atelornis_crossleyi,AVES,0.999998355727926,6,11125.3024210334
rank,13,13,61.0801185886043,Atelornis pittoides,Atelornis_pittoides,AVES,0.999618954480479,3,31375.1685586944
rank,13,13,61.0801185886043,Athene superciliaris,Athene_superciliaris,AVES,0.999999914833187,7,37533.1077989489
rank,13,13,61.0801185886043,Avahi laniger,Avahi_laniger,MAMMALIA,1,88,27480.0904965947
rank,13,13,61.0801185886043,Avahi occidentalis,Avahi_occidentalis,MAMMALIA,0.996177513156648,4,630.900925964117
rank,13,13,61.0801185886043,Aviceda madagascariensis,Aviceda_madagascariensis,AVES,0.941109055969318,1,50132.8738794401
rank,13,13,61.0801185886043,Bernieria madagascariensis,Bernieria_madagascariensis,AVES,1,47,52662.5897374939
rank,13,13,61.0801185886043,Brachypteracias leptosomus,Brachypteracias_leptosomus,AVES,0.999572705867596,1,26302.0134389326
rank,13,13,61.0801185886043,Brachytarsomys albicauda,Brachytarsomys_albicauda,MAMMALIA,0.999999991596676,50,1815.17485363856
rank,13,13,61.0801185886043,Brachyuromys betsileoensis,Brachyuromys_betsileoensis,MAMMALIA,1,93,10458.6356679203
rank,13,13,61.0801185886043,Brachyuromys ramirohitra,Brachyuromys_ramirohitra,MAMMALIA,0.65541484639138,2,90.5857082977891
rank,13,13,61.0801185886043,Bradypterus brunneus,Bradypterus_brunneus,AVES,1,43,11125.8652286881
rank,13,13,61.0801185886043,Bradypterus seebohmi,Bradypterus_seebohmi,AVES,0.452718231585579,1,71.7493425011635
rank,13,13,61.0801185886043,Buteo brachypterus,Buteo_brachypterus,AVES,0.752170205300265,1,54036.8579068407
rank,13,13,61.0801185886043,Calicalicus madagascariensis,Calicalicus_madagascariensis,AVES,1,72,52854.0023493986
rank,13,13,61.0801185886043,Cheirogaleus crossleyi,Cheirogaleus_crossleyi,MAMMALIA,1,87,5430.38535436774
rank,13,13,61.0801185886043,Cheirogaleus major,Cheirogaleus_major,MAMMALIA,1,193,40768.8438186706
rank,13,13,61.0801185886043,Cheirogaleus medius,Cheirogaleus_medius,MAMMALIA,1,624,25255.011040607
rank,13,13,61.0801185886043,Cinnyris notatus,Cinnyris_notatus,AVES,1,93,55361.4239013493
rank,13,13,61.0801185886043,Copsychus albospecularis,Copsychus_albospecularis,AVES,0.999969942522393,15,38007.2887408294
rank,13,13,61.0801185886043,Coracopsis nigra,Coracopsis_nigra,AVES,0.998244417165838,4,58138.4789293552
rank,13,13,61.0801185886043,Corythornis madagascariensis,Corythornis_madagascariensis,AVES,0.884068898145522,8,50466.3945499989
rank,13,13,61.0801185886043,Coua caerulea,Coua_caerulea,AVES,0.999619018046123,1,29570.9313118511
rank,13,13,61.0801185886043,Coua coquereli,Coua_coquereli,AVES,0.999977874796476,5,14954.1282150745
rank,13,13,61.0801185886043,Coua cristata,Coua_cristata,AVES,0.999976948252921,2,47514.479886137
rank,13,13,61.0801185886043,Coua cursor,Coua_cursor,AVES,0.999331456289375,3,7443.33362230659
rank,13,13,61.0801185886043,Coua gigas,Coua_gigas,AVES,0.999531848121988,1,16808.5543789417
rank,13,13,61.0801185886043,Coua reynaudii,Coua_reynaudii,AVES,0.999449750117595,2,24932.3153450564
rank,13,13,61.0801185886043,Coua ruficeps,Coua_ruficeps,AVES,0.959346120072314,3,1327.46846918499
rank,13,13,61.0801185886043,Coua serriana,Coua_serriana,AVES,0.985361831951927,1,20997.8905859122
rank,13,13,61.0801185886043,Crossleyia xanthophrys,Crossleyia_xanthophrys,AVES,1,45,4117.1746282205
rank,13,13,61.0801185886043,Cryptoprocta ferox,Cryptoprocta_ferox,MAMMALIA,0.00211259271146946,2,20475.0918738407
rank,13,13,61.0801185886043,Cryptosylvicola randrianasoloi,Cryptosylvicola_randrianasoloi,AVES,1,34,5442.39745078236
rank,13,13,61.0801185886043,Cyanolanius madagascarinus,Cyanolanius_madagascarinus,AVES,1,46,53688.716739119
rank,13,13,61.0801185886043,Daubentonia madagascariensis,Daubentonia_madagascariensis,MAMMALIA,1,59,18442.6084966429
rank,13,13,61.0801185886043,Echinops telfairi,Echinops_telfairi,MAMMALIA,1,276,24679.2793193907
rank,13,13,61.0801185886043,Eliurus antsingy,Eliurus_antsingy,MAMMALIA,0.0133748649300235,5,69.4813072830439
rank,13,13,61.0801185886043,Eliurus grandidieri,Eliurus_grandidieri,MAMMALIA,0.999641415738649,27,917.641006159482
rank,13,13,61.0801185886043,Eliurus majori,Eliurus_majori,MAMMALIA,1,200,29786.4187335504
rank,13,13,61.0801185886043,Eliurus minor,Eliurus_minor,MAMMALIA,1,821,44121.5307025861
rank,13,13,61.0801185886043,Eliurus myoxinus,Eliurus_myoxinus,MAMMALIA,1,636,42682.0091130474
rank,13,13,61.0801185886043,Eliurus tanala,Eliurus_tanala,MAMMALIA,1,289,33793.9060619043
rank,13,13,61.0801185886043,Eliurus webbi,Eliurus_webbi,MAMMALIA,1,341,39604.059173435
rank,13,13,61.0801185886043,Eremopterix hova,Eremopterix_hova,AVES,0.999999163710989,24,3692.77919860929
rank,13,13,61.0801185886043,Eulemur albifrons,Eulemur_albifrons,MAMMALIA,1,45,12322.3289409956
rank,13,13,61.0801185886043,Eulemur cinereiceps,Eulemur_cinereiceps,MAMMALIA,1,217,53018.9640389606
rank,13,13,61.0801185886043,Eulemur collaris,Eulemur_collaris,MAMMALIA,1,165,52360.1218217015
rank,13,13,61.0801185886043,Eulemur coronatus,Eulemur_coronatus,MAMMALIA,1,192,13535.4086712152
rank,13,13,61.0801185886043,Eulemur flavifrons,Eulemur_flavifrons,MAMMALIA,0.000213248908682684,1,25.074716512655
rank,13,13,61.0801185886043,Eulemur fulvus,Eulemur_fulvus,MAMMALIA,1,202,53116.6207124367
rank,13,13,61.0801185886043,Eulemur macaco,Eulemur_macaco,MAMMALIA,1,53,28281.6719028801
rank,13,13,61.0801185886043,Eulemur mongoz,Eulemur_mongoz,MAMMALIA,0.99999995289805,33,2266.66703993082
rank,13,13,61.0801185886043,Eulemur rubriventer,Eulemur_rubriventer,MAMMALIA,1,214,47138.4184323043
rank,13,13,61.0801185886043,Eulemur rufus,Eulemur_rufus,MAMMALIA,1,152,29501.7410359705
rank,13,13,61.0801185886043,Eulemur sanfordi,Eulemur_sanfordi,MAMMALIA,1,241,53259.9465897307
rank,13,13,61.0801185886043,Euryceros prevostii,Euryceros_prevostii,AVES,0.999000955070916,3,2839.0629478842
rank,13,13,61.0801185886043,Falco zoniventris,Falco_zoniventris,AVES,0.875516978189975,1,39281.7425134108
rank,13,13,61.0801185886043,Falculea palliata,Falculea_palliata,AVES,0.999999999987428,12,16779.9712926
rank,13,13,61.0801185886043,Fossa fossana,Fossa_fossana,MAMMALIA,0.507611298110634,5,31444.97214403
rank,13,13,61.0801185886043,Foudia madagascariensis,Foudia_madagascariensis,AVES,0.999999999999997,84,66789.2972893715
rank,13,13,61.0801185886043,Foudia omissa,Foudia_omissa,AVES,0.999999999905059,22,33446.9343237504
rank,13,13,61.0801185886043,Gactornis enarratus,Gactornis_enarratus,AVES,0.999951316637701,4,32310.9620746002
rank,13,13,61.0801185886043,Galidia elegans,Galidia_elegans,MAMMALIA,0.467902998464115,6,29898.4463133668
rank,13,13,61.0801185886043,Galidictis fasciata,Galidictis_fasciata,MAMMALIA,0,3,4247.07071315497
rank,13,13,61.0801185886043,Geobiastes squamiger,Geobiastes_squamiger,AVES,0.999201774989436,3,8793.43073769162
rank,13,13,61.0801185886043,Geogale aurita,Geogale_aurita,MAMMALIA,1,421,17900.9721621829
rank,13,13,61.0801185886043,Gymnuromys roberti,Gymnuromys_roberti,MAMMALIA,1,111,20920.9535495435
rank,13,13,61.0801185886043,Haliaeetus vociferoides,Haliaeetus_vociferoides,AVES,0.00360734885621083,1,4291.82429397106
rank,13,13,61.0801185886043,Hapalemur alaotrensis,Hapalemur_alaotrensis,MAMMALIA,1,71,4819.77228930283
rank,13,13,61.0801185886043,Hapalemur aureus,Hapalemur_aureus,MAMMALIA,0.999999995692329,24,1820.55619611591
rank,13,13,61.0801185886043,Hapalemur griseus,Hapalemur_griseus,MAMMALIA,1,215,51370.7933084113
rank,13,13,61.0801185886043,Hapalemur occidentalis,Hapalemur_occidentalis,MAMMALIA,0.999995100328248,28,1026.71440970898
rank,13,13,61.0801185886043,Hartertula flavoviridis,Hartertula_flavoviridis,AVES,1,44,7688.58428633213
rank,13,13,61.0801185886043,Hartlaubius auratus,Hartlaubius_auratus,AVES,0.999999999959556,34,53058.9160146546
rank,13,13,61.0801185886043,Hemicentetes nigriceps,Hemicentetes_nigriceps,MAMMALIA,0.999953127257988,35,2052.96238155258
rank,13,13,61.0801185886043,Hemicentetes semispinosus,Hemicentetes_semispinosus,MAMMALIA,1,110,41569.357379272
rank,13,13,61.0801185886043,Hypogeomys antimena,Hypogeomys_antimena,MAMMALIA,0.133821965840603,5,104.686912983656
rank,13,13,61.0801185886043,Hypositta corallirostris,Hypositta_corallirostris,AVES,0.999914273287346,23,39234.6788825985
rank,13,13,61.0801185886043,Indri indri,Indri_indri,MAMMALIA,0.999999999999677,9,37616.5999068423
rank,13,13,61.0801185886043,Lemur catta,Lemur_catta,MAMMALIA,1,155,11919.3235112652
rank,13,13,61.0801185886043,Lepidopygia nana,Lepidopygia_nana,AVES,0.999994541559097,129,69031.641269793
rank,13,13,61.0801185886043,Lepilemur ankaranensis,Lepilemur_ankaranensis,MAMMALIA,0.942459903341428,13,361.823311685567
rank,13,13,61.0801185886043,Lepilemur edwardsi,Lepilemur_edwardsi,MAMMALIA,1,64,5481.68089437017
rank,13,13,61.0801185886043,Lepilemur leucopus,Lepilemur_leucopus,MAMMALIA,1,55,7889.01730685681
rank,13,13,61.0801185886043,Lepilemur microdon,Lepilemur_microdon,MAMMALIA,0.999999999966522,35,4446.18801721004
rank,13,13,61.0801185886043,Lepilemur mustelinus,Lepilemur_mustelinus,MAMMALIA,1,211,46036.2536340687
rank,13,13,61.0801185886043,Lepilemur ruficaudatus,Lepilemur_ruficaudatus,MAMMALIA,1,139,8241.17158990353
rank,13,13,61.0801185886043,Leptopterus chabert,Leptopterus_chabert,AVES,1,58,62028.8912557513
rank,13,13,61.0801185886043,Lophotibis cristata,Lophotibis_cristata,AVES,0.999544851808194,2,48286.2375197346
rank,13,13,61.0801185886043,Macrotarsomys bastardi,Macrotarsomys_bastardi,MAMMALIA,1,210,6177.28931519389
rank,13,13,61.0801185886043,Margaroperdix madagarensis,Margaroperdix_madagarensis,AVES,0.999994824262919,4,55015.227971659
rank,13,13,61.0801185886043,Mentocrex kioloides,Mentocrex_kioloides,AVES,0.999895584859856,2,24872.7735322788
rank,13,13,61.0801185886043,Mesitornis unicolor,Mesitornis_unicolor,AVES,0,1,89.8278131379858
rank,13,13,61.0801185886043,Mesitornis variegatus,Mesitornis_variegatus,AVES,0.998762356946553,5,2869.24937690049
rank,13,13,61.0801185886043,Microcebus berthae,Microcebus_berthae,MAMMALIA,1.52725555535582e-08,2,17.7781751081347
rank,13,13,61.0801185886043,Microcebus griseorufus,Microcebus_griseorufus,MAMMALIA,0.995769019106108,14,501.433658043884
rank,13,13,61.0801185886043,Microcebus murinus,Microcebus_murinus,MAMMALIA,1,895,41140.4205958024
rank,13,13,61.0801185886043,Microcebus myoxinus,Microcebus_myoxinus,MAMMALIA,0.999999992654343,102,1124.39007911777
rank,13,13,61.0801185886043,Microcebus ravelobensis,Microcebus_ravelobensis,MAMMALIA,0.778620368188765,15,246.875988043973
rank,13,13,61.0801185886043,Microcebus rufus,Microcebus_rufus,MAMMALIA,1,681,40120.3917082224
rank,13,13,61.0801185886043,Microcebus tavaratra,Microcebus_tavaratra,MAMMALIA,0.99348955741329,45,767.433245509863
rank,13,13,61.0801185886043,Microgale brevicaudata,Microgale_brevicaudata,MAMMALIA,1,520,19364.3292385414
rank,13,13,61.0801185886043,Microgale cowani,Microgale_cowani,MAMMALIA,1,359,35857.7658857421
rank,13,13,61.0801185886043,Microgale drouhardi,Microgale_drouhardi,MAMMALIA,1,258,21163.8520235509
rank,13,13,61.0801185886043,Microgale dryas,Microgale_dryas,MAMMALIA,0.897201399235259,47,1369.92029440585
rank,13,13,61.0801185886043,Microgale fotsifotsy,Microgale_fotsifotsy,MAMMALIA,1,312,24177.9183937232
rank,13,13,61.0801185886043,Microgale gracilis,Microgale_gracilis,MAMMALIA,0.999999999984434,116,8862.80875801062
rank,13,13,61.0801185886043,Microgale gymnorhyncha,Microgale_gymnorhyncha,MAMMALIA,1,99,14568.141298762
rank,13,13,61.0801185886043,Microgale longicaudata,Microgale_longicaudata,MAMMALIA,1,591,37859.382679857
rank,13,13,61.0801185886043,Microgale mergulus,Microgale_mergulus,MAMMALIA,0.999999999999159,69,5308.87196899946
rank,13,13,61.0801185886043,Microgale parvula,Microgale_parvula,MAMMALIA,1,651,40086.6714484753
rank,13,13,61.0801185886043,Microgale principula,Microgale_principula,MAMMALIA,1,402,35217.5910337865
rank,13,13,61.0801185886043,Microgale pusilla,Microgale_pusilla,MAMMALIA,0.999999973130953,281,12881.0193306491
rank,13,13,61.0801185886043,Microgale soricoides,Microgale_soricoides,MAMMALIA,1,110,19881.1846794535
rank,13,13,61.0801185886043,Microgale taiva,Microgale_taiva,MAMMALIA,1,242,30763.9083967455
rank,13,13,61.0801185886043,Microgale thomasi,Microgale_thomasi,MAMMALIA,1,71,17886.3411899809
rank,13,13,61.0801185886043,Mirza coquereli,Mirza_coquereli,MAMMALIA,0.999997589067307,53,2653.0007427779
rank,13,13,61.0801185886043,Monias benschi,Monias_benschi,AVES,0,1,82.9420458882274
rank,13,13,61.0801185886043,Monticola erythronotus,Monticola_erythronotus,AVES,0.505764981643065,1,97.4973036619822
rank,13,13,61.0801185886043,Monticola sharpei,Monticola_sharpei,AVES,1,55,47778.275290072
rank,13,13,61.0801185886043,Monticolomys koopmani,Monticolomys_koopmani,MAMMALIA,0.132627251095215,6,104.060766987503
rank,13,13,61.0801185886043,Motacilla flaviventris,Motacilla_flaviventris,AVES,0.999999999999917,35,4751.03332703174
rank,13,13,61.0801185886043,Mystacornis crossleyi,Mystacornis_crossleyi,AVES,0.999999999996511,8,34034.9909404293
rank,13,13,61.0801185886043,Neodrepanis coruscans,Neodrepanis_coruscans,AVES,0.999998556664695,16,23463.1833861098
rank,13,13,61.0801185886043,Neodrepanis hypoxantha,Neodrepanis_hypoxantha,AVES,0.0211788111247608,3,88.4296057149768
rank,13,13,61.0801185886043,Neomixis striatigula,Neomixis_striatigula,AVES,0.99999999923652,31,37326.9706571102
rank,13,13,61.0801185886043,Neomixis tenella,Neomixis_tenella,AVES,1,105,53150.0284023062
rank,13,13,61.0801185886043,Neomixis viridis,Neomixis_viridis,AVES,0.99999999993065,30,36204.4148440063
rank,13,13,61.0801185886043,Nesillas lantzii,Nesillas_lantzii,AVES,0.999983000083502,3,2703.9328436479
rank,13,13,61.0801185886043,Nesogale dobsoni,Nesogale_dobsoni,MAMMALIA,1,273,38857.2681578385
rank,13,13,61.0801185886043,Nesogale talazaci,Nesogale_talazaci,MAMMALIA,1,181,38871.9061753594
rank,13,13,61.0801185886043,Nesomys audeberti,Nesomys_audeberti,MAMMALIA,1,108,4223.86009562488
rank,13,13,61.0801185886043,Nesomys lambertoni,Nesomys_lambertoni,MAMMALIA,0.999983982375401,29,958.575495295227
rank,13,13,61.0801185886043,Nesomys rufus,Nesomys_rufus,MAMMALIA,1,187,31520.2766080722
rank,13,13,61.0801185886043,Newtonia amphichroa,Newtonia_amphichroa,AVES,1,22,30313.7420581728
rank,13,13,61.0801185886043,Newtonia archboldi,Newtonia_archboldi,AVES,0.999743205924592,10,2057.60292387809
rank,13,13,61.0801185886043,Newtonia brunneicauda,Newtonia_brunneicauda,AVES,1,103,62230.8012508452
rank,13,13,61.0801185886043,Newtonia fanovanae,Newtonia_fanovanae,AVES,0.353055283448657,2,98.2207024819943
rank,13,13,61.0801185886043,Oriolia bernieri,Oriolia_bernieri,AVES,0.999999724822228,15,10095.2800085616
rank,13,13,61.0801185886043,Oryzorictes hova,Oryzorictes_hova,MAMMALIA,1,223,37997.402568534
rank,13,13,61.0801185886043,Oryzorictes tetradactylus,Oryzorictes_tetradactylus,MAMMALIA,0.99999999972295,111,6450.05203734768
rank,13,13,61.0801185886043,Otus rutilus,Otus_rutilus,AVES,0.999997857454372,5,56230.4146313146
rank,13,13,61.0801185886043,Oxylabes madagascariensis,Oxylabes_madagascariensis,AVES,0.999999999999971,19,34717.850921154
rank,13,13,61.0801185886043,Phaner electromontis,Phaner_electromontis,MAMMALIA,1.1181189119025e-07,1,17.4337788633315
rank,13,13,61.0801185886043,Phaner furcifer,Phaner_furcifer,MAMMALIA,0.887905466959644,58,892.662774423171
rank,13,13,61.0801185886043,Phaner pallescens,Phaner_pallescens,MAMMALIA,0.999999999997009,57,3504.14815962315
rank,13,13,61.0801185886043,Phaner parienti,Phaner_parienti,MAMMALIA,0.00280017666108967,1,24.4501852478648
rank,13,13,61.0801185886043,Philepitta castanea,Philepitta_castanea,AVES,0.991252949706047,5,29315.9623999313
rank,13,13,61.0801185886043,Philepitta schlegeli,Philepitta_schlegeli,AVES,0.986895313272563,14,4075.59599844756
rank,13,13,61.0801185886043,Ploceus nelicourvi,Ploceus_nelicourvi,AVES,0.999999999126945,15,38057.0212087481
rank,13,13,61.0801185886043,Ploceus sakalava,Ploceus_sakalava,AVES,0.999999999916375,46,19305.6194178984
rank,13,13,61.0801185886043,Polyboroides radiatus,Polyboroides_radiatus,AVES,0.994396800029166,1,48473.7914273914
rank,13,13,61.0801185886043,Pseudobias wardi,Pseudobias_wardi,AVES,0.999999999999979,15,31812.3178311086
rank,13,13,61.0801185886043,Pterocles personatus,Pterocles_personatus,AVES,0.864930786384942,6,5115.89051724802
rank,13,13,61.0801185886043,Rallus madagascariensis,Rallus_madagascariensis,AVES,0.999997266334147,4,12867.0368053879
rank,13,13,61.0801185886043,Randia pseudozosterops,Randia_pseudozosterops,AVES,0.999999688909585,9,29734.2597441375
rank,13,13,61.0801185886043,Sarothrura insularis,Sarothrura_insularis,AVES,0.999897675241746,9,40886.5204900937
rank,13,13,61.0801185886043,Schetba rufa,Schetba_rufa,AVES,0.999999999999982,27,19127.5743669197
rank,13,13,61.0801185886043,Setifer setosus,Setifer_setosus,MAMMALIA,1,223,59908.4883892611
rank,13,13,61.0801185886043,Tenrec ecaudatus,Tenrec_ecaudatus,MAMMALIA,1,142,60840.9929860532
rank,13,13,61.0801185886043,Thamnornis chloropetoides,Thamnornis_chloropetoides,AVES,0.999977507869225,5,3407.17432130128
rank,13,13,61.0801185886043,Treron australis,Treron_australis,AVES,0.992639033685843,2,55262.6505329907
rank,13,13,61.0801185886043,Turnix nigricollis,Turnix_nigricollis,AVES,0.999999886194614,9,60681.5407814458
rank,13,13,61.0801185886043,Tylas eduardi,Tylas_eduardi,AVES,0.99999999777391,12,37601.1282852971
rank,13,13,61.0801185886043,Vanga curvirostris,Vanga_curvirostris,AVES,0.99999999127157,23,62227.8046276565
rank,13,13,61.0801185886043,Varecia rubra,Varecia_rubra,MAMMALIA,1,71,41692.2591311275
rank,13,13,61.0801185886043,Varecia variegata,Varecia_variegata,MAMMALIA,1,41,41128.6301769764
rank,13,13,61.0801185886043,Xanthomixis apperti,Xanthomixis_apperti,AVES,0.441311210122258,1,68.4073899760842
rank,13,13,61.0801185886043,Xanthomixis cinereiceps,Xanthomixis_cinereiceps,AVES,1,22,13112.4914163011
rank,13,13,61.0801185886043,Xanthomixis zosterops,Xanthomixis_zosterops,AVES,0.999999999905373,23,38218.2088272921
rank,13,13,61.0801185886043,Xenopirostris damii,Xenopirostris_damii,AVES,0.00179910766481406,1,93.5023440420628
rank,13,13,61.0801185886043,Xenopirostris polleni,Xenopirostris_polleni,AVES,0.999999995773253,8,14647.9716817829
rank,13,13,61.0801185886043,Xenopirostris xenopirostris,Xenopirostris_xenopirostris,AVES,0.96505807541122,1,1102.55740338564
rank,14,14,65.7855369548315,Accipiter henstii,Accipiter_henstii,AVES,0.596378241241757,1,39550.3759733161
rank,14,14,65.7855369548315,Accipiter madagascariensis,Accipiter_madagascariensis,AVES,0.850001076238229,1,47869.8492128775
rank,14,14,65.7855369548315,Acrocephalus newtoni,Acrocephalus_newtoni,AVES,1,74,51929.2151023373
rank,14,14,65.7855369548315,Alectroenas madagascariensis,Alectroenas_madagascariensis,AVES,0.997450125689054,6,35329.0449966863
rank,14,14,65.7855369548315,Allocebus trichotis,Allocebus_trichotis,MAMMALIA,0.00783473494650444,3,72.1001097112894
rank,14,14,65.7855369548315,Anas bernieri,Anas_bernieri,AVES,0,1,161.555721102021
rank,14,14,65.7855369548315,Apus balstoni,Apus_balstoni,AVES,0.999999999999973,21,45714.3732531965
rank,14,14,65.7855369548315,Artamella viridis,Artamella_viridis,AVES,1,28,50446.2859240025
rank,14,14,65.7855369548315,Asio madagascariensis,Asio_madagascariensis,AVES,0.789925328455073,2,36271.5131800998
rank,14,14,65.7855369548315,Atelornis crossleyi,Atelornis_crossleyi,AVES,0.999997384685799,6,10649.4969158322
rank,14,14,65.7855369548315,Atelornis pittoides,Atelornis_pittoides,AVES,0.999671456118895,4,27930.6125882939
rank,14,14,65.7855369548315,Athene superciliaris,Athene_superciliaris,AVES,0.999999814380608,7,33720.2941072285
rank,14,14,65.7855369548315,Avahi laniger,Avahi_laniger,MAMMALIA,1,92,24649.91860505
rank,14,14,65.7855369548315,Avahi occidentalis,Avahi_occidentalis,MAMMALIA,0.996177513156648,4,630.900925964117
rank,14,14,65.7855369548315,Aviceda madagascariensis,Aviceda_madagascariensis,AVES,0.932490739840618,1,44940.2608007416
rank,14,14,65.7855369548315,Bernieria madagascariensis,Bernieria_madagascariensis,AVES,1,54,46293.2815406174
rank,14,14,65.7855369548315,Brachypteracias leptosomus,Brachypteracias_leptosomus,AVES,0.99963257970739,2,23517.1401156411
rank,14,14,65.7855369548315,Brachytarsomys albicauda,Brachytarsomys_albicauda,MAMMALIA,0.999999991596676,50,1815.17485363856
rank,14,14,65.7855369548315,Brachyuromys betsileoensis,Brachyuromys_betsileoensis,MAMMALIA,1,84,9540.51049608766
rank,14,14,65.7855369548315,Brachyuromys ramirohitra,Brachyuromys_ramirohitra,MAMMALIA,0.65541484639138,2,90.5857082977891
rank,14,14,65.7855369548315,Bradypterus brunneus,Bradypterus_brunneus,AVES,1,42,10510.8106955115
rank,14,14,65.7855369548315,Bradypterus seebohmi,Bradypterus_seebohmi,AVES,0.452718231585579,1,71.7493425011635
rank,14,14,65.7855369548315,Buteo brachypterus,Buteo_brachypterus,AVES,0.729248892596184,1,48511.5049057826
rank,14,14,65.7855369548315,Calicalicus madagascariensis,Calicalicus_madagascariensis,AVES,1,74,46583.2561581707
rank,14,14,65.7855369548315,Cheirogaleus crossleyi,Cheirogaleus_crossleyi,MAMMALIA,1,80,5155.56749522666
rank,14,14,65.7855369548315,Cheirogaleus major,Cheirogaleus_major,MAMMALIA,1,190,36010.8889702723
rank,14,14,65.7855369548315,Cheirogaleus medius,Cheirogaleus_medius,MAMMALIA,1,541,22640.4791432396
rank,14,14,65.7855369548315,Cinnyris notatus,Cinnyris_notatus,AVES,1,101,48708.629210107
rank,14,14,65.7855369548315,Copsychus albospecularis,Copsychus_albospecularis,AVES,0.999949733658499,12,33796.7669302118
rank,14,14,65.7855369548315,Coracopsis nigra,Coracopsis_nigra,AVES,0.997971435628458,4,51582.5368462354
rank,14,14,65.7855369548315,Corythornis madagascariensis,Corythornis_madagascariensis,AVES,0.853149619998403,12,44310.3987523052
rank,14,14,65.7855369548315,Coua caerulea,Coua_caerulea,AVES,0.999520172563376,1,26196.9490006265
rank,14,14,65.7855369548315,Coua coquereli,Coua_coquereli,AVES,0.999966370402218,4,13225.4836297408
rank,14,14,65.7855369548315,Coua cristata,Coua_cristata,AVES,0.999999353933818,5,42560.3520045132
rank,14,14,65.7855369548315,Coua cursor,Coua_cursor,AVES,0.998842846362264,3,6859.29425372928
rank,14,14,65.7855369548315,Coua gigas,Coua_gigas,AVES,0.999411986160444,1,15088.7188137323
rank,14,14,65.7855369548315,Coua reynaudii,Coua_reynaudii,AVES,0.999306084522589,3,22167.7056465223
rank,14,14,65.7855369548315,Coua ruficeps,Coua_ruficeps,AVES,0.959346120072314,3,1327.46846918499
rank,14,14,65.7855369548315,Coua serriana,Coua_serriana,AVES,0.982948302766422,1,18595.6407089159
rank,14,14,65.7855369548315,Crossleyia xanthophrys,Crossleyia_xanthophrys,AVES,1,45,4106.70465582609
rank,14,14,65.7855369548315,Cryptoprocta ferox,Cryptoprocta_ferox,MAMMALIA,4.32986979603811e-15,2,12677.9018270644
rank,14,14,65.7855369548315,Cryptosylvicola randrianasoloi,Cryptosylvicola_randrianasoloi,AVES,1,30,5324.9838346839
rank,14,14,65.7855369548315,Cyanolanius madagascarinus,Cyanolanius_madagascarinus,AVES,1,52,47242.5823467225
rank,14,14,65.7855369548315,Daubentonia madagascariensis,Daubentonia_madagascariensis,MAMMALIA,1,74,16131.3416240298
rank,14,14,65.7855369548315,Echinops telfairi,Echinops_telfairi,MAMMALIA,1,240,22024.1660857871
rank,14,14,65.7855369548315,Eliurus antsingy,Eliurus_antsingy,MAMMALIA,0.0133748649300235,5,69.4813072830439
rank,14,14,65.7855369548315,Eliurus grandidieri,Eliurus_grandidieri,MAMMALIA,0.999641415738649,27,917.641006159482
rank,14,14,65.7855369548315,Eliurus majori,Eliurus_majori,MAMMALIA,1,183,26296.3016354162
rank,14,14,65.7855369548315,Eliurus minor,Eliurus_minor,MAMMALIA,1,711,39030.4965998674
rank,14,14,65.7855369548315,Eliurus myoxinus,Eliurus_myoxinus,MAMMALIA,1,561,37946.67138464
rank,14,14,65.7855369548315,Eliurus tanala,Eliurus_tanala,MAMMALIA,1,273,29864.9726517912
rank,14,14,65.7855369548315,Eliurus webbi,Eliurus_webbi,MAMMALIA,1,314,34826.4383604378
rank,14,14,65.7855369548315,Eremopterix hova,Eremopterix_hova,AVES,0.999997044875101,22,3243.33702399582
rank,14,14,65.7855369548315,Eulemur albifrons,Eulemur_albifrons,MAMMALIA,1,45,11049.0464283906
rank,14,14,65.7855369548315,Eulemur cinereiceps,Eulemur_cinereiceps,MAMMALIA,1,216,46578.9549068138
rank,14,14,65.7855369548315,Eulemur collaris,Eulemur_collaris,MAMMALIA,1,173,46026.8174139708
rank,14,14,65.7855369548315,Eulemur coronatus,Eulemur_coronatus,MAMMALIA,1,198,11713.7091547632
rank,14,14,65.7855369548315,Eulemur flavifrons,Eulemur_flavifrons,MAMMALIA,0.000213248908682684,1,25.074716512655
rank,14,14,65.7855369548315,Eulemur fulvus,Eulemur_fulvus,MAMMALIA,1,205,46641.4826912358
rank,14,14,65.7855369548315,Eulemur macaco,Eulemur_macaco,MAMMALIA,1,55,25132.6682286486
rank,14,14,65.7855369548315,Eulemur mongoz,Eulemur_mongoz,MAMMALIA,0.99999995289805,33,2266.66703993082
rank,14,14,65.7855369548315,Eulemur rubriventer,Eulemur_rubriventer,MAMMALIA,1,215,41526.8903795418
rank,14,14,65.7855369548315,Eulemur rufus,Eulemur_rufus,MAMMALIA,1,144,26615.4394893045
rank,14,14,65.7855369548315,Eulemur sanfordi,Eulemur_sanfordi,MAMMALIA,1,244,46827.2620410025
rank,14,14,65.7855369548315,Euryceros prevostii,Euryceros_prevostii,AVES,0.999000955070916,3,2839.0629478842
rank,14,14,65.7855369548315,Falco zoniventris,Falco_zoniventris,AVES,0.863749648351284,1,35790.6825721636
rank,14,14,65.7855369548315,Falculea palliata,Falculea_palliata,AVES,0.999999999914115,13,15045.7257736698
rank,14,14,65.7855369548315,Fossa fossana,Fossa_fossana,MAMMALIA,0.379076718841709,4,26302.3990156427
rank,14,14,65.7855369548315,Foudia madagascariensis,Foudia_madagascariensis,AVES,1,87,59047.6076801345
rank,14,14,65.7855369548315,Foudia omissa,Foudia_omissa,AVES,0.99999999995917,27,29727.2441693842
rank,14,14,65.7855369548315,Gactornis enarratus,Gactornis_enarratus,AVES,0.99997232895358,4,28464.0168611631
rank,14,14,65.7855369548315,Galidia elegans,Galidia_elegans,MAMMALIA,0.357956680415276,5,25062.680840699
rank,14,14,65.7855369548315,Galidictis fasciata,Galidictis_fasciata,MAMMALIA,0,2,2953.18878398091
rank,14,14,65.7855369548315,Geobiastes squamiger,Geobiastes_squamiger,AVES,0.997945045136104,4,7998.35593105996
rank,14,14,65.7855369548315,Geogale aurita,Geogale_aurita,MAMMALIA,1,362,16191.6762243435
rank,14,14,65.7855369548315,Gymnuromys roberti,Gymnuromys_roberti,MAMMALIA,1,98,18918.0259601739
rank,14,14,65.7855369548315,Haliaeetus vociferoides,Haliaeetus_vociferoides,AVES,0.00259998736466627,1,4115.89865835756
rank,14,14,65.7855369548315,Hapalemur alaotrensis,Hapalemur_alaotrensis,MAMMALIA,1,63,4429.5381629414
rank,14,14,65.7855369548315,Hapalemur aureus,Hapalemur_aureus,MAMMALIA,0.999999995692329,24,1820.55619611591
rank,14,14,65.7855369548315,Hapalemur griseus,Hapalemur_griseus,MAMMALIA,1,211,45162.7958681381
rank,14,14,65.7855369548315,Hapalemur occidentalis,Hapalemur_occidentalis,MAMMALIA,0.999995100328248,28,1026.71440970898
rank,14,14,65.7855369548315,Hartertula flavoviridis,Hartertula_flavoviridis,AVES,1,46,7483.22075626999
rank,14,14,65.7855369548315,Hartlaubius auratus,Hartlaubius_auratus,AVES,0.999999999998663,42,46628.4193560693
rank,14,14,65.7855369548315,Hemicentetes nigriceps,Hemicentetes_nigriceps,MAMMALIA,0.999953127257988,35,2052.96238155258
rank,14,14,65.7855369548315,Hemicentetes semispinosus,Hemicentetes_semispinosus,MAMMALIA,1,111,36609.6684846807
rank,14,14,65.7855369548315,Hypogeomys antimena,Hypogeomys_antimena,MAMMALIA,0.133821965840603,5,104.686912983656
rank,14,14,65.7855369548315,Hypositta corallirostris,Hypositta_corallirostris,AVES,0.999999404250626,24,34641.5639263173
rank,14,14,65.7855369548315,Indri indri,Indri_indri,MAMMALIA,1,18,33319.320213687
rank,14,14,65.7855369548315,Lemur catta,Lemur_catta,MAMMALIA,1,146,10218.9358870909
rank,14,14,65.7855369548315,Lepidopygia nana,Lepidopygia_nana,AVES,0.999984316408096,126,60581.0495934784
rank,14,14,65.7855369548315,Lepilemur ankaranensis,Lepilemur_ankaranensis,MAMMALIA,0.942459903341428,13,361.823311685567
rank,14,14,65.7855369548315,Lepilemur edwardsi,Lepilemur_edwardsi,MAMMALIA,0.99999999999941,54,4730.29520136148
rank,14,14,65.7855369548315,Lepilemur leucopus,Lepilemur_leucopus,MAMMALIA,1,48,7124.92353606224
rank,14,14,65.7855369548315,Lepilemur microdon,Lepilemur_microdon,MAMMALIA,0.999999999793314,35,4009.2214669144
rank,14,14,65.7855369548315,Lepilemur mustelinus,Lepilemur_mustelinus,MAMMALIA,1,206,40631.4239238575
rank,14,14,65.7855369548315,Lepilemur ruficaudatus,Lepilemur_ruficaudatus,MAMMALIA,1,106,6832.58860450983
rank,14,14,65.7855369548315,Leptopterus chabert,Leptopterus_chabert,AVES,1,61,54921.809423998
rank,14,14,65.7855369548315,Lophotibis cristata,Lophotibis_cristata,AVES,0.99942477451633,2,42721.215676263
rank,14,14,65.7855369548315,Macrotarsomys bastardi,Macrotarsomys_bastardi,MAMMALIA,1,170,5530.50020679832
rank,14,14,65.7855369548315,Margaroperdix madagarensis,Margaroperdix_madagarensis,AVES,0.999988893317672,3,48545.5318790033
rank,14,14,65.7855369548315,Mentocrex kioloides,Mentocrex_kioloides,AVES,0.999874318194206,3,22375.3984498382
rank,14,14,65.7855369548315,Mesitornis unicolor,Mesitornis_unicolor,AVES,0,1,89.8278131379858
rank,14,14,65.7855369548315,Mesitornis variegatus,Mesitornis_variegatus,AVES,0.998762356946553,5,2869.24937690049
rank,14,14,65.7855369548315,Microcebus berthae,Microcebus_berthae,MAMMALIA,1.52725555535582e-08,2,17.7781751081347
rank,14,14,65.7855369548315,Microcebus griseorufus,Microcebus_griseorufus,MAMMALIA,0.995769019106108,14,501.433658043884
rank,14,14,65.7855369548315,Microcebus murinus,Microcebus_murinus,MAMMALIA,1,801,36350.7533412501
rank,14,14,65.7855369548315,Microcebus myoxinus,Microcebus_myoxinus,MAMMALIA,0.999999992654343,102,1124.39007911777
rank,14,14,65.7855369548315,Microcebus ravelobensis,Microcebus_ravelobensis,MAMMALIA,0.778620368188765,15,246.875988043973
rank,14,14,65.7855369548315,Microcebus rufus,Microcebus_rufus,MAMMALIA,1,595,35403.8182513106
rank,14,14,65.7855369548315,Microcebus tavaratra,Microcebus_tavaratra,MAMMALIA,0.99348955741329,45,767.433245509863
rank,14,14,65.7855369548315,Microgale brevicaudata,Microgale_brevicaudata,MAMMALIA,1,449,17603.711481072
rank,14,14,65.7855369548315,Microgale cowani,Microgale_cowani,MAMMALIA,1,319,31545.4609662852
rank,14,14,65.7855369548315,Microgale drouhardi,Microgale_drouhardi,MAMMALIA,1,247,19035.0618511045
rank,14,14,65.7855369548315,Microgale dryas,Microgale_dryas,MAMMALIA,0.897201399235259,47,1369.92029440585
rank,14,14,65.7855369548315,Microgale fotsifotsy,Microgale_fotsifotsy,MAMMALIA,1,290,22364.7396930451
rank,14,14,65.7855369548315,Microgale gracilis,Microgale_gracilis,MAMMALIA,0.999999999972539,115,8515.94575471678
rank,14,14,65.7855369548315,Microgale gymnorhyncha,Microgale_gymnorhyncha,MAMMALIA,1,84,12997.6257600378
rank,14,14,65.7855369548315,Microgale longicaudata,Microgale_longicaudata,MAMMALIA,1,521,33373.7801837772
rank,14,14,65.7855369548315,Microgale mergulus,Microgale_mergulus,MAMMALIA,0.999999999993631,69,5050.22928519224
rank,14,14,65.7855369548315,Microgale parvula,Microgale_parvula,MAMMALIA,0.999999999999999,563,35325.3632695819
rank,14,14,65.7855369548315,Microgale principula,Microgale_principula,MAMMALIA,1,356,31043.0602384359
rank,14,14,65.7855369548315,Microgale pusilla,Microgale_pusilla,MAMMALIA,0.999999848458691,257,11414.6816123537
rank,14,14,65.7855369548315,Microgale soricoides,Microgale_soricoides,MAMMALIA,1,91,17838.6232162816
rank,14,14,65.7855369548315,Microgale taiva,Microgale_taiva,MAMMALIA,1,219,27249.7666615947
rank,14,14,65.7855369548315,Microgale thomasi,Microgale_thomasi,MAMMALIA,1,68,16385.3464644219
rank,14,14,65.7855369548315,Mirza coquereli,Mirza_coquereli,MAMMALIA,0.999997589067307,53,2653.0007427779
rank,14,14,65.7855369548315,Monias benschi,Monias_benschi,AVES,0,1,82.9420458882274
rank,14,14,65.7855369548315,Monticola erythronotus,Monticola_erythronotus,AVES,0.505764981643065,1,97.4973036619822
rank,14,14,65.7855369548315,Monticola sharpei,Monticola_sharpei,AVES,1,53,41796.703778632
rank,14,14,65.7855369548315,Monticolomys koopmani,Monticolomys_koopmani,MAMMALIA,0.132627251095215,6,104.060766987503
rank,14,14,65.7855369548315,Motacilla flaviventris,Motacilla_flaviventris,AVES,0.999999999989764,28,4074.93262560666
rank,14,14,65.7855369548315,Mystacornis crossleyi,Mystacornis_crossleyi,AVES,0.999999999999968,11,30308.3931357563
rank,14,14,65.7855369548315,Neodrepanis coruscans,Neodrepanis_coruscans,AVES,0.999999921382925,16,20973.4791414589
rank,14,14,65.7855369548315,Neodrepanis hypoxantha,Neodrepanis_hypoxantha,AVES,0.0211788111247608,3,88.4296057149768
rank,14,14,65.7855369548315,Neomixis striatigula,Neomixis_striatigula,AVES,0.999999999999998,32,33011.1894172803
rank,14,14,65.7855369548315,Neomixis tenella,Neomixis_tenella,AVES,1,102,46819.3486262187
rank,14,14,65.7855369548315,Neomixis viridis,Neomixis_viridis,AVES,1,30,32141.7295499668
rank,14,14,65.7855369548315,Nesillas lantzii,Nesillas_lantzii,AVES,0.999983000083502,3,2703.9328436479
rank,14,14,65.7855369548315,Nesogale dobsoni,Nesogale_dobsoni,MAMMALIA,1,261,34130.5621261655
rank,14,14,65.7855369548315,Nesogale talazaci,Nesogale_talazaci,MAMMALIA,1,169,34125.9564570492
rank,14,14,65.7855369548315,Nesomys audeberti,Nesomys_audeberti,MAMMALIA,1,105,4063.23518675676
rank,14,14,65.7855369548315,Nesomys lambertoni,Nesomys_lambertoni,MAMMALIA,0.999983982375401,29,958.575495295227
rank,14,14,65.7855369548315,Nesomys rufus,Nesomys_rufus,MAMMALIA,1,182,27812.3020625189
rank,14,14,65.7855369548315,Newtonia amphichroa,Newtonia_amphichroa,AVES,1,22,27075.778482005
rank,14,14,65.7855369548315,Newtonia archboldi,Newtonia_archboldi,AVES,0.999743205924592,10,2057.60292387809
rank,14,14,65.7855369548315,Newtonia brunneicauda,Newtonia_brunneicauda,AVES,1,114,55075.5166251883
rank,14,14,65.7855369548315,Newtonia fanovanae,Newtonia_fanovanae,AVES,0.353055283448657,2,98.2207024819943
rank,14,14,65.7855369548315,Oriolia bernieri,Oriolia_bernieri,AVES,0.999998785225177,13,8755.90409472244
rank,14,14,65.7855369548315,Oryzorictes hova,Oryzorictes_hova,MAMMALIA,1,216,33443.4198408276
rank,14,14,65.7855369548315,Oryzorictes tetradactylus,Oryzorictes_tetradactylus,MAMMALIA,0.999999997930574,102,5824.03786743631
rank,14,14,65.7855369548315,Otus rutilus,Otus_rutilus,AVES,0.999999730477957,6,49620.4104851633
rank,14,14,65.7855369548315,Oxylabes madagascariensis,Oxylabes_madagascariensis,AVES,1,21,30846.4494412914
rank,14,14,65.7855369548315,Phaner electromontis,Phaner_electromontis,MAMMALIA,1.1181189119025e-07,1,17.4337788633315
rank,14,14,65.7855369548315,Phaner furcifer,Phaner_furcifer,MAMMALIA,0.887905466959644,58,892.662774423171
rank,14,14,65.7855369548315,Phaner pallescens,Phaner_pallescens,MAMMALIA,0.999999999991214,51,3363.19268129766
rank,14,14,65.7855369548315,Phaner parienti,Phaner_parienti,MAMMALIA,0.00280017666108967,1,24.4501852478648
rank,14,14,65.7855369548315,Philepitta castanea,Philepitta_castanea,AVES,0.990222910485409,7,26085.7887443385
rank,14,14,65.7855369548315,Philepitta schlegeli,Philepitta_schlegeli,AVES,0.986028494166986,13,3885.95008399779
rank,14,14,65.7855369548315,Ploceus nelicourvi,Ploceus_nelicourvi,AVES,0.999999976181392,14,33538.0077417688
rank,14,14,65.7855369548315,Ploceus sakalava,Ploceus_sakalava,AVES,0.999999999993972,51,17318.9205741137
rank,14,14,65.7855369548315,Polyboroides radiatus,Polyboroides_radiatus,AVES,0.997816205003018,2,43171.3973891512
rank,14,14,65.7855369548315,Pseudobias wardi,Pseudobias_wardi,AVES,1,20,28393.3893920267
rank,14,14,65.7855369548315,Pterocles personatus,Pterocles_personatus,AVES,0.78448752476775,7,4201.84315045923
rank,14,14,65.7855369548315,Rallus madagascariensis,Rallus_madagascariensis,AVES,0.999990390241486,5,12045.3842048784
rank,14,14,65.7855369548315,Randia pseudozosterops,Randia_pseudozosterops,AVES,0.999999999999564,11,26418.7387958193
rank,14,14,65.7855369548315,Sarothrura insularis,Sarothrura_insularis,AVES,0.999786986087875,8,36072.4907212227
rank,14,14,65.7855369548315,Schetba rufa,Schetba_rufa,AVES,0.999999999999996,27,17265.2517132908
rank,14,14,65.7855369548315,Setifer setosus,Setifer_setosus,MAMMALIA,1,227,53225.5220073313
rank,14,14,65.7855369548315,Tenrec ecaudatus,Tenrec_ecaudatus,MAMMALIA,1,148,53687.4666520879
rank,14,14,65.7855369548315,Thamnornis chloropetoides,Thamnornis_chloropetoides,AVES,0.999977432020622,5,3401.25201129913
rank,14,14,65.7855369548315,Treron australis,Treron_australis,AVES,0.991630002384424,3,49308.1681397483
rank,14,14,65.7855369548315,Turnix nigricollis,Turnix_nigricollis,AVES,0.999999999539247,15,53666.6743406803
rank,14,14,65.7855369548315,Tylas eduardi,Tylas_eduardi,AVES,0.999999962728916,11,33250.639022129
rank,14,14,65.7855369548315,Vanga curvirostris,Vanga_curvirostris,AVES,0.999999999996857,25,55288.47199478
rank,14,14,65.7855369548315,Varecia rubra,Varecia_rubra,MAMMALIA,1,77,36676.2588179446
rank,14,14,65.7855369548315,Varecia variegata,Varecia_variegata,MAMMALIA,1,51,36219.3257145744
rank,14,14,65.7855369548315,Xanthomixis apperti,Xanthomixis_apperti,AVES,0.441311210122258,1,68.4073899760842
rank,14,14,65.7855369548315,Xanthomixis cinereiceps,Xanthomixis_cinereiceps,AVES,1,20,11674.6998588298
rank,14,14,65.7855369548315,Xanthomixis zosterops,Xanthomixis_zosterops,AVES,0.999999999999947,22,33669.0446044301
rank,14,14,65.7855369548315,Xenopirostris damii,Xenopirostris_damii,AVES,0.00179910766481406,1,93.5023440420628
rank,14,14,65.7855369548315,Xenopirostris polleni,Xenopirostris_polleni,AVES,0.999999987624219,9,13052.5884560523
rank,14,14,65.7855369548315,Xenopirostris xenopirostris,Xenopirostris_xenopirostris,AVES,0.96505807541122,1,1102.55740338564
rank,15,15,70.4793253092505,Accipiter henstii,Accipiter_henstii,AVES,0.552977390917298,1,34120.2559099148
rank,15,15,70.4793253092505,Accipiter madagascariensis,Accipiter_madagascariensis,AVES,0.830298370905481,1,42092.6351707354
rank,15,15,70.4793253092505,Acrocephalus newtoni,Acrocephalus_newtoni,AVES,1,64,44083.7606673613
rank,15,15,70.4793253092505,Alectroenas madagascariensis,Alectroenas_madagascariensis,AVES,0.996211576028627,6,30229.7119431221
rank,15,15,70.4793253092505,Allocebus trichotis,Allocebus_trichotis,MAMMALIA,0.00783473494650444,3,72.1001097112894
rank,15,15,70.4793253092505,Anas bernieri,Anas_bernieri,AVES,0,1,161.555721102021
rank,15,15,70.4793253092505,Apus balstoni,Apus_balstoni,AVES,0.999999999999977,22,39198.7515474185
rank,15,15,70.4793253092505,Artamella viridis,Artamella_viridis,AVES,1,27,43884.2847667411
rank,15,15,70.4793253092505,Asio madagascariensis,Asio_madagascariensis,AVES,0.76402404342665,2,30986.4158898311
rank,15,15,70.4793253092505,Atelornis crossleyi,Atelornis_crossleyi,AVES,0.999995839386745,6,9708.16569959372
rank,15,15,70.4793253092505,Atelornis pittoides,Atelornis_pittoides,AVES,0.999390938450435,4,24070.3214249387
rank,15,15,70.4793253092505,Athene superciliaris,Athene_superciliaris,AVES,0.999999953187759,10,29940.4011268467
rank,15,15,70.4793253092505,Avahi laniger,Avahi_laniger,MAMMALIA,1,101,21096.5006504747
rank,15,15,70.4793253092505,Avahi occidentalis,Avahi_occidentalis,MAMMALIA,0.996177513156648,4,630.900925964117
rank,15,15,70.4793253092505,Aviceda madagascariensis,Aviceda_madagascariensis,AVES,0.92127573794963,1,39718.3155065551
rank,15,15,70.4793253092505,Bernieria madagascariensis,Bernieria_madagascariensis,AVES,1,50,39686.8128398135
rank,15,15,70.4793253092505,Brachypteracias leptosomus,Brachypteracias_leptosomus,AVES,0.999993850506353,3,20501.2423867881
rank,15,15,70.4793253092505,Brachytarsomys albicauda,Brachytarsomys_albicauda,MAMMALIA,0.999999991596676,50,1815.17485363856
rank,15,15,70.4793253092505,Brachyuromys betsileoensis,Brachyuromys_betsileoensis,MAMMALIA,1,82,8396.048269375
rank,15,15,70.4793253092505,Brachyuromys ramirohitra,Brachyuromys_ramirohitra,MAMMALIA,0.65541484639138,2,90.5857082977891
rank,15,15,70.4793253092505,Bradypterus brunneus,Bradypterus_brunneus,AVES,1,43,9384.89414931576
rank,15,15,70.4793253092505,Bradypterus seebohmi,Bradypterus_seebohmi,AVES,0.452718231585579,1,71.7493425011635
rank,15,15,70.4793253092505,Buteo brachypterus,Buteo_brachypterus,AVES,0.698235188868715,1,42401.7455942333
rank,15,15,70.4793253092505,Calicalicus madagascariensis,Calicalicus_madagascariensis,AVES,1,69,40015.982636444
rank,15,15,70.4793253092505,Cheirogaleus crossleyi,Cheirogaleus_crossleyi,MAMMALIA,1,75,4702.3815454946
rank,15,15,70.4793253092505,Cheirogaleus major,Cheirogaleus_major,MAMMALIA,1,201,30700.888807201
rank,15,15,70.4793253092505,Cheirogaleus medius,Cheirogaleus_medius,MAMMALIA,1,464,20107.9920124486
rank,15,15,70.4793253092505,Cinnyris notatus,Cinnyris_notatus,AVES,1,98,41905.3618021086
rank,15,15,70.4793253092505,Copsychus albospecularis,Copsychus_albospecularis,AVES,0.999999997250407,16,28926.5647318158
rank,15,15,70.4793253092505,Coracopsis nigra,Coracopsis_nigra,AVES,0.999650216429084,4,44954.185130991
rank,15,15,70.4793253092505,Corythornis madagascariensis,Corythornis_madagascariensis,AVES,0.829868526004878,13,38026.1211506561
rank,15,15,70.4793253092505,Coua caerulea,Coua_caerulea,AVES,0.999360536426033,1,22531.066963683
rank,15,15,70.4793253092505,Coua coquereli,Coua_coquereli,AVES,0.99999863562589,5,11611.0123524666
rank,15,15,70.4793253092505,Coua cristata,Coua_cristata,AVES,0.999999999999902,7,37680.4366823882
rank,15,15,70.4793253092505,Coua cursor,Coua_cursor,AVES,0.998705206456772,2,6330.67753152549
rank,15,15,70.4793253092505,Coua gigas,Coua_gigas,AVES,0.999241645854496,1,13378.0668960139
rank,15,15,70.4793253092505,Coua reynaudii,Coua_reynaudii,AVES,0.999863475252678,5,18876.7111029647
rank,15,15,70.4793253092505,Coua ruficeps,Coua_ruficeps,AVES,0.959346120072314,3,1327.46846918499
rank,15,15,70.4793253092505,Coua serriana,Coua_serriana,AVES,0.997614937642897,3,16203.5663264841
rank,15,15,70.4793253092505,Crossleyia xanthophrys,Crossleyia_xanthophrys,AVES,1,44,4039.43650577217
rank,15,15,70.4793253092505,Cryptoprocta ferox,Cryptoprocta_ferox,MAMMALIA,0,2,11099.5071332529
rank,15,15,70.4793253092505,Cryptosylvicola randrianasoloi,Cryptosylvicola_randrianasoloi,AVES,1,29,5142.91444732249
rank,15,15,70.4793253092505,Cyanolanius madagascarinus,Cyanolanius_madagascarinus,AVES,1,54,40659.7929690927
rank,15,15,70.4793253092505,Daubentonia madagascariensis,Daubentonia_madagascariensis,MAMMALIA,1,81,13693.0703240188
rank,15,15,70.4793253092505,Echinops telfairi,Echinops_telfairi,MAMMALIA,1,211,19663.5061674193
rank,15,15,70.4793253092505,Eliurus antsingy,Eliurus_antsingy,MAMMALIA,0.0133748649300235,5,69.4813072830439
rank,15,15,70.4793253092505,Eliurus grandidieri,Eliurus_grandidieri,MAMMALIA,0.999641415738649,27,917.641006159482
rank,15,15,70.4793253092505,Eliurus majori,Eliurus_majori,MAMMALIA,1,183,22470.0622702379
rank,15,15,70.4793253092505,Eliurus minor,Eliurus_minor,MAMMALIA,1,609,33348.9187936719
rank,15,15,70.4793253092505,Eliurus myoxinus,Eliurus_myoxinus,MAMMALIA,1,499,32993.3100284636
rank,15,15,70.4793253092505,Eliurus tanala,Eliurus_tanala,MAMMALIA,1,257,25163.3156254668
rank,15,15,70.4793253092505,Eliurus webbi,Eliurus_webbi,MAMMALIA,1,282,29547.2641139925
rank,15,15,70.4793253092505,Eremopterix hova,Eremopterix_hova,AVES,0.999988911811098,19,2915.72484920919
rank,15,15,70.4793253092505,Eulemur albifrons,Eulemur_albifrons,MAMMALIA,1,38,9734.55413212627
rank,15,15,70.4793253092505,Eulemur cinereiceps,Eulemur_cinereiceps,MAMMALIA,1,217,39920.6856061295
rank,15,15,70.4793253092505,Eulemur collaris,Eulemur_collaris,MAMMALIA,1,176,39404.5231401175
rank,15,15,70.4793253092505,Eulemur coronatus,Eulemur_coronatus,MAMMALIA,1,169,9983.48802928508
rank,15,15,70.4793253092505,Eulemur flavifrons,Eulemur_flavifrons,MAMMALIA,0.000213248908682684,1,25.074716512655
rank,15,15,70.4793253092505,Eulemur fulvus,Eulemur_fulvus,MAMMALIA,1,203,39968.3835457787
rank,15,15,70.4793253092505,Eulemur macaco,Eulemur_macaco,MAMMALIA,1,75,21344.4320440367
rank,15,15,70.4793253092505,Eulemur mongoz,Eulemur_mongoz,MAMMALIA,0.99999995289805,33,2266.66703993082
rank,15,15,70.4793253092505,Eulemur rubriventer,Eulemur_rubriventer,MAMMALIA,1,221,35210.3287959717
rank,15,15,70.4793253092505,Eulemur rufus,Eulemur_rufus,MAMMALIA,1,148,23076.3432900128
rank,15,15,70.4793253092505,Eulemur sanfordi,Eulemur_sanfordi,MAMMALIA,1,243,40144.6422103569
rank,15,15,70.4793253092505,Euryceros prevostii,Euryceros_prevostii,AVES,0.999000955070916,3,2839.0629478842
rank,15,15,70.4793253092505,Falco zoniventris,Falco_zoniventris,AVES,0.90390719649647,2,31700.2118473724
rank,15,15,70.4793253092505,Falculea palliata,Falculea_palliata,AVES,0.9999999999649,14,13273.8567473888
rank,15,15,70.4793253092505,Fossa fossana,Fossa_fossana,MAMMALIA,0.170621493083078,3,20003.9988585711
rank,15,15,70.4793253092505,Foudia madagascariensis,Foudia_madagascariensis,AVES,1,79,51243.1749480069
rank,15,15,70.4793253092505,Foudia omissa,Foudia_omissa,AVES,0.999999999074348,26,25462.2799216732
rank,15,15,70.4793253092505,Gactornis enarratus,Gactornis_enarratus,AVES,0.999999995733437,6,24355.549458161
rank,15,15,70.4793253092505,Galidia elegans,Galidia_elegans,MAMMALIA,0.1877555615151,3,18048.4202015606
rank,15,15,70.4793253092505,Galidictis fasciata,Galidictis_fasciata,MAMMALIA,0,2,2872.0167599991
rank,15,15,70.4793253092505,Geobiastes squamiger,Geobiastes_squamiger,AVES,0.996630022553248,3,6817.59492744573
rank,15,15,70.4793253092505,Geogale aurita,Geogale_aurita,MAMMALIA,1,303,14251.0846285298
rank,15,15,70.4793253092505,Gymnuromys roberti,Gymnuromys_roberti,MAMMALIA,1,92,16424.9581124732
rank,15,15,70.4793253092505,Haliaeetus vociferoides,Haliaeetus_vociferoides,AVES,0.000458581097955157,1,3438.25388399512
rank,15,15,70.4793253092505,Hapalemur alaotrensis,Hapalemur_alaotrensis,MAMMALIA,1,45,3479.82468586965
rank,15,15,70.4793253092505,Hapalemur aureus,Hapalemur_aureus,MAMMALIA,0.999999995692329,24,1820.55619611591
rank,15,15,70.4793253092505,Hapalemur griseus,Hapalemur_griseus,MAMMALIA,1,209,38587.8263745713
rank,15,15,70.4793253092505,Hapalemur occidentalis,Hapalemur_occidentalis,MAMMALIA,0.999995100328248,28,1026.71440970898
rank,15,15,70.4793253092505,Hartertula flavoviridis,Hartertula_flavoviridis,AVES,1,40,6801.02166683227
rank,15,15,70.4793253092505,Hartlaubius auratus,Hartlaubius_auratus,AVES,0.999999999999953,41,40065.2283154927
rank,15,15,70.4793253092505,Hemicentetes nigriceps,Hemicentetes_nigriceps,MAMMALIA,0.999953127257988,35,2052.96238155258
rank,15,15,70.4793253092505,Hemicentetes semispinosus,Hemicentetes_semispinosus,MAMMALIA,1,122,31095.0495926651
rank,15,15,70.4793253092505,Hypogeomys antimena,Hypogeomys_antimena,MAMMALIA,0.133821965840603,5,104.686912983656
rank,15,15,70.4793253092505,Hypositta corallirostris,Hypositta_corallirostris,AVES,0.999999973046347,26,29440.3321741517
rank,15,15,70.4793253092505,Indri indri,Indri_indri,MAMMALIA,1,23,28143.5882268468
rank,15,15,70.4793253092505,Lemur catta,Lemur_catta,MAMMALIA,1,118,8840.64715135843
rank,15,15,70.4793253092505,Lepidopygia nana,Lepidopygia_nana,AVES,0.999983198754178,119,52197.5656831041
rank,15,15,70.4793253092505,Lepilemur ankaranensis,Lepilemur_ankaranensis,MAMMALIA,0.942459903341428,13,361.823311685567
rank,15,15,70.4793253092505,Lepilemur edwardsi,Lepilemur_edwardsi,MAMMALIA,0.999999999999747,49,4172.49346474647
rank,15,15,70.4793253092505,Lepilemur leucopus,Lepilemur_leucopus,MAMMALIA,1,42,6575.2974383831
rank,15,15,70.4793253092505,Lepilemur microdon,Lepilemur_microdon,MAMMALIA,0.999999997195405,33,3534.98150037081
rank,15,15,70.4793253092505,Lepilemur mustelinus,Lepilemur_mustelinus,MAMMALIA,1,198,34645.5242769644
rank,15,15,70.4793253092505,Lepilemur ruficaudatus,Lepilemur_ruficaudatus,MAMMALIA,1,85,5853.37124276161
rank,15,15,70.4793253092505,Leptopterus chabert,Leptopterus_chabert,AVES,1,61,47774.3200956956
rank,15,15,70.4793253092505,Lophotibis cristata,Lophotibis_cristata,AVES,0.999233499647313,2,36774.0437919721
rank,15,15,70.4793253092505,Macrotarsomys bastardi,Macrotarsomys_bastardi,MAMMALIA,1,134,4738.95066542923
rank,15,15,70.4793253092505,Margaroperdix madagarensis,Margaroperdix_madagarensis,AVES,0.999999944712947,4,41809.0418148613
rank,15,15,70.4793253092505,Mentocrex kioloides,Mentocrex_kioloides,AVES,0.999795119135523,3,19746.2226516604
rank,15,15,70.4793253092505,Mesitornis unicolor,Mesitornis_unicolor,AVES,0,1,89.8278131379858
rank,15,15,70.4793253092505,Mesitornis variegatus,Mesitornis_variegatus,AVES,0.998758146130557,4,2805.76509687305
rank,15,15,70.4793253092505,Microcebus berthae,Microcebus_berthae,MAMMALIA,1.52725555535582e-08,2,17.7781751081347
rank,15,15,70.4793253092505,Microcebus griseorufus,Microcebus_griseorufus,MAMMALIA,0.995769019106108,14,501.433658043884
rank,15,15,70.4793253092505,Microcebus murinus,Microcebus_murinus,MAMMALIA,1,712,31691.6151450649
rank,15,15,70.4793253092505,Microcebus myoxinus,Microcebus_myoxinus,MAMMALIA,0.999999992654343,102,1124.39007911777
rank,15,15,70.4793253092505,Microcebus ravelobensis,Microcebus_ravelobensis,MAMMALIA,0.778620368188765,15,246.875988043973
rank,15,15,70.4793253092505,Microcebus rufus,Microcebus_rufus,MAMMALIA,1,510,30040.112003263
rank,15,15,70.4793253092505,Microcebus tavaratra,Microcebus_tavaratra,MAMMALIA,0.99348955741329,45,767.433245509863
rank,15,15,70.4793253092505,Microgale brevicaudata,Microgale_brevicaudata,MAMMALIA,1,380,15276.6328919902
rank,15,15,70.4793253092505,Microgale cowani,Microgale_cowani,MAMMALIA,1,304,26493.816485232
rank,15,15,70.4793253092505,Microgale drouhardi,Microgale_drouhardi,MAMMALIA,1,222,16207.7107217774
rank,15,15,70.4793253092505,Microgale dryas,Microgale_dryas,MAMMALIA,0.897201399235259,47,1369.92029440585
rank,15,15,70.4793253092505,Microgale fotsifotsy,Microgale_fotsifotsy,MAMMALIA,0.999999999999995,262,19315.5685684025
rank,15,15,70.4793253092505,Microgale gracilis,Microgale_gracilis,MAMMALIA,0.999999999842515,109,7918.30867774028
rank,15,15,70.4793253092505,Microgale gymnorhyncha,Microgale_gymnorhyncha,MAMMALIA,0.999999999999993,79,11099.1443509355
rank,15,15,70.4793253092505,Microgale longicaudata,Microgale_longicaudata,MAMMALIA,1,446,28208.3367028654
rank,15,15,70.4793253092505,Microgale mergulus,Microgale_mergulus,MAMMALIA,0.999999999913212,75,4657.32703761199
rank,15,15,70.4793253092505,Microgale parvula,Microgale_parvula,MAMMALIA,0.999999999999994,488,30070.7126102771
rank,15,15,70.4793253092505,Microgale principula,Microgale_principula,MAMMALIA,1,296,26261.6374455765
rank,15,15,70.4793253092505,Microgale pusilla,Microgale_pusilla,MAMMALIA,0.999998682496838,224,9751.02925090885
rank,15,15,70.4793253092505,Microgale soricoides,Microgale_soricoides,MAMMALIA,1,91,15401.2765159088
rank,15,15,70.4793253092505,Microgale taiva,Microgale_taiva,MAMMALIA,1,199,23204.5529361297
rank,15,15,70.4793253092505,Microgale thomasi,Microgale_thomasi,MAMMALIA,1,74,14459.1824798232
rank,15,15,70.4793253092505,Mirza coquereli,Mirza_coquereli,MAMMALIA,0.999997569069133,52,2632.97360278973
rank,15,15,70.4793253092505,Monias benschi,Monias_benschi,AVES,0,1,82.9420458882274
rank,15,15,70.4793253092505,Monticola erythronotus,Monticola_erythronotus,AVES,0.505764981643065,1,97.4973036619822
rank,15,15,70.4793253092505,Monticola sharpei,Monticola_sharpei,AVES,1,48,35632.5798028633
rank,15,15,70.4793253092505,Monticolomys koopmani,Monticolomys_koopmani,MAMMALIA,0.132627251095215,6,104.060766987503
rank,15,15,70.4793253092505,Motacilla flaviventris,Motacilla_flaviventris,AVES,0.999999999088499,24,3464.65779586881
rank,15,15,70.4793253092505,Mystacornis crossleyi,Mystacornis_crossleyi,AVES,0.999999999999998,17,25937.0344809219
rank,15,15,70.4793253092505,Neodrepanis coruscans,Neodrepanis_coruscans,AVES,0.999999600705921,18,18395.2374023497
rank,15,15,70.4793253092505,Neodrepanis hypoxantha,Neodrepanis_hypoxantha,AVES,0.0211788111247608,3,88.4296057149768
rank,15,15,70.4793253092505,Neomixis striatigula,Neomixis_striatigula,AVES,1,36,28150.4783938527
rank,15,15,70.4793253092505,Neomixis tenella,Neomixis_tenella,AVES,1,99,40487.1076089144
rank,15,15,70.4793253092505,Neomixis viridis,Neomixis_viridis,AVES,1,29,27427.8367435113
rank,15,15,70.4793253092505,Nesillas lantzii,Nesillas_lantzii,AVES,0.999982937188058,3,2699.47880580276
rank,15,15,70.4793253092505,Nesogale dobsoni,Nesogale_dobsoni,MAMMALIA,1,257,28804.639120709
rank,15,15,70.4793253092505,Nesogale talazaci,Nesogale_talazaci,MAMMALIA,1,172,28872.0897669026
rank,15,15,70.4793253092505,Nesomys audeberti,Nesomys_audeberti,MAMMALIA,1,87,3730.5159135625
rank,15,15,70.4793253092505,Nesomys lambertoni,Nesomys_lambertoni,MAMMALIA,0.999983982375401,29,958.575495295227
rank,15,15,70.4793253092505,Nesomys rufus,Nesomys_rufus,MAMMALIA,1,180,23478.9268297628
rank,15,15,70.4793253092505,Newtonia amphichroa,Newtonia_amphichroa,AVES,1,23,23436.6542533562
rank,15,15,70.4793253092505,Newtonia archboldi,Newtonia_archboldi,AVES,0.999743205924592,10,2057.60292387809
rank,15,15,70.4793253092505,Newtonia brunneicauda,Newtonia_brunneicauda,AVES,1,102,47719.130491063
rank,15,15,70.4793253092505,Newtonia fanovanae,Newtonia_fanovanae,AVES,0.353055283448657,2,98.2207024819943
rank,15,15,70.4793253092505,Oriolia bernieri,Oriolia_bernieri,AVES,0.999990368972384,14,7581.7402086502
rank,15,15,70.4793253092505,Oryzorictes hova,Oryzorictes_hova,MAMMALIA,1,202,28163.1668420732
rank,15,15,70.4793253092505,Oryzorictes tetradactylus,Oryzorictes_tetradactylus,MAMMALIA,0.999999980788347,94,5298.6070643595
rank,15,15,70.4793253092505,Otus rutilus,Otus_rutilus,AVES,0.999999996496116,7,43132.074223578
rank,15,15,70.4793253092505,Oxylabes madagascariensis,Oxylabes_madagascariensis,AVES,1,26,26406.1606255919
rank,15,15,70.4793253092505,Phaner electromontis,Phaner_electromontis,MAMMALIA,1.1181189119025e-07,1,17.4337788633315
rank,15,15,70.4793253092505,Phaner furcifer,Phaner_furcifer,MAMMALIA,0.887905466959644,58,892.662774423171
rank,15,15,70.4793253092505,Phaner pallescens,Phaner_pallescens,MAMMALIA,0.999999999987394,43,3231.24475793541
rank,15,15,70.4793253092505,Phaner parienti,Phaner_parienti,MAMMALIA,0.00280017666108967,1,24.4501852478648
rank,15,15,70.4793253092505,Philepitta castanea,Philepitta_castanea,AVES,0.998825667490051,8,22544.0723313432
rank,15,15,70.4793253092505,Philepitta schlegeli,Philepitta_schlegeli,AVES,0.993046672551914,14,3555.36949179881
rank,15,15,70.4793253092505,Ploceus nelicourvi,Ploceus_nelicourvi,AVES,0.999999999999984,18,28659.1956824693
rank,15,15,70.4793253092505,Ploceus sakalava,Ploceus_sakalava,AVES,0.999999999932423,43,15490.8876780123
rank,15,15,70.4793253092505,Polyboroides radiatus,Polyboroides_radiatus,AVES,0.996736736803786,2,37561.2418564484
rank,15,15,70.4793253092505,Pseudobias wardi,Pseudobias_wardi,AVES,1,20,24630.3125378953
rank,15,15,70.4793253092505,Pterocles personatus,Pterocles_personatus,AVES,0.758528615172569,7,4028.48982229829
rank,15,15,70.4793253092505,Rallus madagascariensis,Rallus_madagascariensis,AVES,0.999985106783081,5,10885.9112308129
rank,15,15,70.4793253092505,Randia pseudozosterops,Randia_pseudozosterops,AVES,0.999999999999998,15,22562.855042629
rank,15,15,70.4793253092505,Sarothrura insularis,Sarothrura_insularis,AVES,0.999594991592463,10,30710.0332359603
rank,15,15,70.4793253092505,Schetba rufa,Schetba_rufa,AVES,0.999999999999857,28,14950.5002766103
rank,15,15,70.4793253092505,Setifer setosus,Setifer_setosus,MAMMALIA,1,225,46289.4776332825
rank,15,15,70.4793253092505,Tenrec ecaudatus,Tenrec_ecaudatus,MAMMALIA,1,142,46559.47472056
rank,15,15,70.4793253092505,Thamnornis chloropetoides,Thamnornis_chloropetoides,AVES,0.99997504035944,5,3229.06332249194
rank,15,15,70.4793253092505,Treron australis,Treron_australis,AVES,0.990333084382548,2,43303.5366208553
rank,15,15,70.4793253092505,Turnix nigricollis,Turnix_nigricollis,AVES,0.999999999825477,16,46550.0916946083
rank,15,15,70.4793253092505,Tylas eduardi,Tylas_eduardi,AVES,0.999999827017572,12,28567.0677918735
rank,15,15,70.4793253092505,Vanga curvirostris,Vanga_curvirostris,AVES,0.9999999999997,23,48259.1650050506
rank,15,15,70.4793253092505,Varecia rubra,Varecia_rubra,MAMMALIA,1,80,31119.2888440499
rank,15,15,70.4793253092505,Varecia variegata,Varecia_variegata,MAMMALIA,1,60,30729.771781884
rank,15,15,70.4793253092505,Xanthomixis apperti,Xanthomixis_apperti,AVES,0.441311210122258,1,68.4073899760842
rank,15,15,70.4793253092505,Xanthomixis cinereiceps,Xanthomixis_cinereiceps,AVES,1,21,10098.2057929701
rank,15,15,70.4793253092505,Xanthomixis zosterops,Xanthomixis_zosterops,AVES,1,25,28755.9171031919
rank,15,15,70.4793253092505,Xenopirostris damii,Xenopirostris_damii,AVES,0.00179910766481406,1,93.5023440420628
rank,15,15,70.4793253092505,Xenopirostris polleni,Xenopirostris_polleni,AVES,0.999999959181873,11,11420.1368167037
rank,15,15,70.4793253092505,Xenopirostris xenopirostris,Xenopirostris_xenopirostris,AVES,0.96505807541122,1,1102.55740338564
rank,16,16,75.1702061607174,Accipiter henstii,Accipiter_henstii,AVES,0.500387868236894,1,28842.5644069444
rank,16,16,75.1702061607174,Accipiter madagascariensis,Accipiter_madagascariensis,AVES,0.802962897735566,1,35952.6541530863
rank,16,16,75.1702061607174,Acrocephalus newtoni,Acrocephalus_newtoni,AVES,1,60,37127.8192344233
rank,16,16,75.1702061607174,Alectroenas madagascariensis,Alectroenas_madagascariensis,AVES,0.99471960189237,7,25250.395020035
rank,16,16,75.1702061607174,Allocebus trichotis,Allocebus_trichotis,MAMMALIA,0.00783473494650444,3,72.1001097112894
rank,16,16,75.1702061607174,Anas bernieri,Anas_bernieri,AVES,0,1,161.555721102021
rank,16,16,75.1702061607174,Apus balstoni,Apus_balstoni,AVES,0.999999999999648,21,33050.436778836
rank,16,16,75.1702061607174,Artamella viridis,Artamella_viridis,AVES,1,28,37101.3490332812
rank,16,16,75.1702061607174,Asio madagascariensis,Asio_madagascariensis,AVES,0.730259675482071,2,25748.0439776222
rank,16,16,75.1702061607174,Atelornis crossleyi,Atelornis_crossleyi,AVES,0.999990802036451,6,8754.13442004472
rank,16,16,75.1702061607174,Atelornis pittoides,Atelornis_pittoides,AVES,0.999998307641921,5,20239.1727929264
rank,16,16,75.1702061607174,Athene superciliaris,Athene_superciliaris,AVES,0.999999844024071,10,25667.3695357144
rank,16,16,75.1702061607174,Avahi laniger,Avahi_laniger,MAMMALIA,1,107,17787.5651024794
rank,16,16,75.1702061607174,Avahi occidentalis,Avahi_occidentalis,MAMMALIA,0.996177513156648,4,630.900925964117
rank,16,16,75.1702061607174,Aviceda madagascariensis,Aviceda_madagascariensis,AVES,0.90478971255206,1,34060.4716067314
rank,16,16,75.1702061607174,Bernieria madagascariensis,Bernieria_madagascariensis,AVES,1,45,33540.9660234414
rank,16,16,75.1702061607174,Brachypteracias leptosomus,Brachypteracias_leptosomus,AVES,0.999998226292059,5,17672.0852713957
rank,16,16,75.1702061607174,Brachytarsomys albicauda,Brachytarsomys_albicauda,MAMMALIA,0.999999991596676,50,1815.17485363856
rank,16,16,75.1702061607174,Brachyuromys betsileoensis,Brachyuromys_betsileoensis,MAMMALIA,1,91,7152.48239409751
rank,16,16,75.1702061607174,Brachyuromys ramirohitra,Brachyuromys_ramirohitra,MAMMALIA,0.65541484639138,2,90.5857082977891
rank,16,16,75.1702061607174,Bradypterus brunneus,Bradypterus_brunneus,AVES,1,42,8408.30352760286
rank,16,16,75.1702061607174,Bradypterus seebohmi,Bradypterus_seebohmi,AVES,0.452718231585579,1,71.7493425011635
rank,16,16,75.1702061607174,Buteo brachypterus,Buteo_brachypterus,AVES,0.656095402954391,1,35901.0903138742
rank,16,16,75.1702061607174,Calicalicus madagascariensis,Calicalicus_madagascariensis,AVES,1,69,33795.5678674355
rank,16,16,75.1702061607174,Cheirogaleus crossleyi,Cheirogaleus_crossleyi,MAMMALIA,1,69,4092.16308724285
rank,16,16,75.1702061607174,Cheirogaleus major,Cheirogaleus_major,MAMMALIA,1,205,25647.9007898696
rank,16,16,75.1702061607174,Cheirogaleus medius,Cheirogaleus_medius,MAMMALIA,1,413,17244.1616272107
rank,16,16,75.1702061607174,Cinnyris notatus,Cinnyris_notatus,AVES,1,98,35564.6220809296
rank,16,16,75.1702061607174,Copsychus albospecularis,Copsychus_albospecularis,AVES,0.99999999636559,15,24369.7483525002
rank,16,16,75.1702061607174,Coracopsis nigra,Coracopsis_nigra,AVES,0.999788091236438,5,38116.1697743088
rank,16,16,75.1702061607174,Corythornis madagascariensis,Corythornis_madagascariensis,AVES,0.771491207264064,15,32070.3759752535
rank,16,16,75.1702061607174,Coua caerulea,Coua_caerulea,AVES,0.999988887997372,2,19282.0831617537
rank,16,16,75.1702061607174,Coua coquereli,Coua_coquereli,AVES,0.99999722735166,5,10272.4250820801
rank,16,16,75.1702061607174,Coua cristata,Coua_cristata,AVES,0.999999999999989,9,32136.3250741214
rank,16,16,75.1702061607174,Coua cursor,Coua_cursor,AVES,0.998144581502319,2,5400.15082140267
rank,16,16,75.1702061607174,Coua gigas,Coua_gigas,AVES,0.999047168228015,1,12010.323285915
rank,16,16,75.1702061607174,Coua reynaudii,Coua_reynaudii,AVES,0.999994487617913,4,15982.6548527899
rank,16,16,75.1702061607174,Coua ruficeps,Coua_ruficeps,AVES,0.959346120072314,3,1327.46846918499
rank,16,16,75.1702061607174,Coua serriana,Coua_serriana,AVES,0.996223108540852,4,13619.6276995763
rank,16,16,75.1702061607174,Crossleyia xanthophrys,Crossleyia_xanthophrys,AVES,0.999999999999998,38,3734.4828754589
rank,16,16,75.1702061607174,Cryptoprocta ferox,Cryptoprocta_ferox,MAMMALIA,0,2,9370.47929750383
rank,16,16,75.1702061607174,Cryptosylvicola randrianasoloi,Cryptosylvicola_randrianasoloi,AVES,1,29,4732.07242400199
rank,16,16,75.1702061607174,Cyanolanius madagascarinus,Cyanolanius_madagascarinus,AVES,1,50,34458.9134142763
rank,16,16,75.1702061607174,Daubentonia madagascariensis,Daubentonia_madagascariensis,MAMMALIA,1,80,10880.2475181727
rank,16,16,75.1702061607174,Echinops telfairi,Echinops_telfairi,MAMMALIA,1,194,16916.6906402186
rank,16,16,75.1702061607174,Eliurus antsingy,Eliurus_antsingy,MAMMALIA,0.0133748649300235,5,69.4813072830439
rank,16,16,75.1702061607174,Eliurus grandidieri,Eliurus_grandidieri,MAMMALIA,0.999641415738649,27,917.641006159482
rank,16,16,75.1702061607174,Eliurus majori,Eliurus_majori,MAMMALIA,1,182,18881.9167442005
rank,16,16,75.1702061607174,Eliurus minor,Eliurus_minor,MAMMALIA,1,533,27923.6431015545
rank,16,16,75.1702061607174,Eliurus myoxinus,Eliurus_myoxinus,MAMMALIA,1,450,28168.445249714
rank,16,16,75.1702061607174,Eliurus tanala,Eliurus_tanala,MAMMALIA,1,243,20970.3678991709
rank,16,16,75.1702061607174,Eliurus webbi,Eliurus_webbi,MAMMALIA,1,264,24650.2865557312
rank,16,16,75.1702061607174,Eremopterix hova,Eremopterix_hova,AVES,0.999981803681606,15,2425.64598721266
rank,16,16,75.1702061607174,Eulemur albifrons,Eulemur_albifrons,MAMMALIA,1,46,8292.95031570643
rank,16,16,75.1702061607174,Eulemur cinereiceps,Eulemur_cinereiceps,MAMMALIA,1,236,33785.5151017755
rank,16,16,75.1702061607174,Eulemur collaris,Eulemur_collaris,MAMMALIA,1,191,33218.8084249795
rank,16,16,75.1702061607174,Eulemur coronatus,Eulemur_coronatus,MAMMALIA,1,151,8477.97075092202
rank,16,16,75.1702061607174,Eulemur flavifrons,Eulemur_flavifrons,MAMMALIA,0.000213248908682684,1,25.074716512655
rank,16,16,75.1702061607174,Eulemur fulvus,Eulemur_fulvus,MAMMALIA,1,218,33827.8512946367
rank,16,16,75.1702061607174,Eulemur macaco,Eulemur_macaco,MAMMALIA,1,91,17983.8714480971
rank,16,16,75.1702061607174,Eulemur mongoz,Eulemur_mongoz,MAMMALIA,0.999999950955214,32,2217.94238562137
rank,16,16,75.1702061607174,Eulemur rubriventer,Eulemur_rubriventer,MAMMALIA,1,237,29439.6381642016
rank,16,16,75.1702061607174,Eulemur rufus,Eulemur_rufus,MAMMALIA,1,158,19874.37719371
rank,16,16,75.1702061607174,Eulemur sanfordi,Eulemur_sanfordi,MAMMALIA,1,264,34028.8973731324
rank,16,16,75.1702061607174,Euryceros prevostii,Euryceros_prevostii,AVES,0.998691437222921,3,2636.9906662181
rank,16,16,75.1702061607174,Falco zoniventris,Falco_zoniventris,AVES,0.877204433465265,2,27289.1747117266
rank,16,16,75.1702061607174,Falculea palliata,Falculea_palliata,AVES,0.999999999870391,15,11686.6772156879
rank,16,16,75.1702061607174,Fossa fossana,Fossa_fossana,MAMMALIA,0.000685125517456808,4,16980.1808343157
rank,16,16,75.1702061607174,Foudia madagascariensis,Foudia_madagascariensis,AVES,1,79,43493.3837753311
rank,16,16,75.1702061607174,Foudia omissa,Foudia_omissa,AVES,0.999999998925268,25,21547.1117831841
rank,16,16,75.1702061607174,Gactornis enarratus,Gactornis_enarratus,AVES,0.999999986047296,6,20478.5092305914
rank,16,16,75.1702061607174,Galidia elegans,Galidia_elegans,MAMMALIA,0.00325779990332986,4,15561.6327655315
rank,16,16,75.1702061607174,Galidictis fasciata,Galidictis_fasciata,MAMMALIA,0,0,0
rank,16,16,75.1702061607174,Geobiastes squamiger,Geobiastes_squamiger,AVES,0.99921075425147,6,5751.13310415386
rank,16,16,75.1702061607174,Geogale aurita,Geogale_aurita,MAMMALIA,0.999999999999949,281,12046.5897338316
rank,16,16,75.1702061607174,Gymnuromys roberti,Gymnuromys_roberti,MAMMALIA,1,91,14089.8529288658
rank,16,16,75.1702061607174,Haliaeetus vociferoides,Haliaeetus_vociferoides,AVES,2.63384965585312e-05,1,2815.99939572811
rank,16,16,75.1702061607174,Hapalemur alaotrensis,Hapalemur_alaotrensis,MAMMALIA,0.99999999999993,38,2711.0020599051
rank,16,16,75.1702061607174,Hapalemur aureus,Hapalemur_aureus,MAMMALIA,0.999999995692329,24,1820.55619611591
rank,16,16,75.1702061607174,Hapalemur griseus,Hapalemur_griseus,MAMMALIA,1,220,32558.2765029887
rank,16,16,75.1702061607174,Hapalemur occidentalis,Hapalemur_occidentalis,MAMMALIA,0.999995100328248,28,1026.71440970898
rank,16,16,75.1702061607174,Hartertula flavoviridis,Hartertula_flavoviridis,AVES,1,38,6185.63466719538
rank,16,16,75.1702061607174,Hartlaubius auratus,Hartlaubius_auratus,AVES,0.999999999999688,39,33846.7073180676
rank,16,16,75.1702061607174,Hemicentetes nigriceps,Hemicentetes_nigriceps,MAMMALIA,0.999953075068515,35,2052.26131091622
rank,16,16,75.1702061607174,Hemicentetes semispinosus,Hemicentetes_semispinosus,MAMMALIA,1,134,25894.6140595985
rank,16,16,75.1702061607174,Hypogeomys antimena,Hypogeomys_antimena,MAMMALIA,0.133821965840603,5,104.686912983656
rank,16,16,75.1702061607174,Hypositta corallirostris,Hypositta_corallirostris,AVES,0.999999997865311,27,24502.1219690977
rank,16,16,75.1702061607174,Indri indri,Indri_indri,MAMMALIA,1,28,22832.0730568824
rank,16,16,75.1702061607174,Lemur catta,Lemur_catta,MAMMALIA,1,112,7633.51332715899
rank,16,16,75.1702061607174,Lepidopygia nana,Lepidopygia_nana,AVES,0.999989859882189,122,43951.6120728403
rank,16,16,75.1702061607174,Lepilemur ankaranensis,Lepilemur_ankaranensis,MAMMALIA,0.942459903341428,13,361.823311685567
rank,16,16,75.1702061607174,Lepilemur edwardsi,Lepilemur_edwardsi,MAMMALIA,0.999999999995359,50,3866.02478115956
rank,16,16,75.1702061607174,Lepilemur leucopus,Lepilemur_leucopus,MAMMALIA,1,39,5414.61266728491
rank,16,16,75.1702061607174,Lepilemur microdon,Lepilemur_microdon,MAMMALIA,0.999999983871213,31,3149.95371504049
rank,16,16,75.1702061607174,Lepilemur mustelinus,Lepilemur_mustelinus,MAMMALIA,1,207,29011.7336814106
rank,16,16,75.1702061607174,Lepilemur ruficaudatus,Lepilemur_ruficaudatus,MAMMALIA,1,80,5154.23774510622
rank,16,16,75.1702061607174,Leptopterus chabert,Leptopterus_chabert,AVES,1,59,40357.5337698758
rank,16,16,75.1702061607174,Lophotibis cristata,Lophotibis_cristata,AVES,0.998952261459855,1,30993.2083929181
rank,16,16,75.1702061607174,Macrotarsomys bastardi,Macrotarsomys_bastardi,MAMMALIA,1,126,4093.86642237753
rank,16,16,75.1702061607174,Margaroperdix madagarensis,Margaroperdix_madagarensis,AVES,0.99999999420759,5,35592.6180456276
rank,16,16,75.1702061607174,Mentocrex kioloides,Mentocrex_kioloides,AVES,0.999890365692242,5,17196.248375982
rank,16,16,75.1702061607174,Mesitornis unicolor,Mesitornis_unicolor,AVES,0,1,89.8278131379858
rank,16,16,75.1702061607174,Mesitornis variegatus,Mesitornis_variegatus,AVES,0.998825529744036,5,2782.82147022337
rank,16,16,75.1702061607174,Microcebus berthae,Microcebus_berthae,MAMMALIA,1.52725555535582e-08,2,17.7781751081347
rank,16,16,75.1702061607174,Microcebus griseorufus,Microcebus_griseorufus,MAMMALIA,0.995769019106108,14,501.433658043884
rank,16,16,75.1702061607174,Microcebus murinus,Microcebus_murinus,MAMMALIA,1,624,26806.3166816384
rank,16,16,75.1702061607174,Microcebus myoxinus,Microcebus_myoxinus,MAMMALIA,0.999999992654343,102,1124.39007911777
rank,16,16,75.1702061607174,Microcebus ravelobensis,Microcebus_ravelobensis,MAMMALIA,0.778620368188765,15,246.875988043973
rank,16,16,75.1702061607174,Microcebus rufus,Microcebus_rufus,MAMMALIA,1,445,24829.0613834189
rank,16,16,75.1702061607174,Microcebus tavaratra,Microcebus_tavaratra,MAMMALIA,0.99348955741329,45,767.433245509863
rank,16,16,75.1702061607174,Microgale brevicaudata,Microgale_brevicaudata,MAMMALIA,1,337,13423.8333885744
rank,16,16,75.1702061607174,Microgale cowani,Microgale_cowani,MAMMALIA,1,265,21895.5319771425
rank,16,16,75.1702061607174,Microgale drouhardi,Microgale_drouhardi,MAMMALIA,0.999999999999984,194,13859.1611706204
rank,16,16,75.1702061607174,Microgale dryas,Microgale_dryas,MAMMALIA,0.897201399235259,47,1369.92029440585
rank,16,16,75.1702061607174,Microgale fotsifotsy,Microgale_fotsifotsy,MAMMALIA,0.999999999999945,224,16266.5376243213
rank,16,16,75.1702061607174,Microgale gracilis,Microgale_gracilis,MAMMALIA,0.999999998674104,90,7241.70221530646
rank,16,16,75.1702061607174,Microgale gymnorhyncha,Microgale_gymnorhyncha,MAMMALIA,0.999999999999785,70,9601.27807311984
rank,16,16,75.1702061607174,Microgale longicaudata,Microgale_longicaudata,MAMMALIA,1,389,23495.6752509099
rank,16,16,75.1702061607174,Microgale mergulus,Microgale_mergulus,MAMMALIA,0.999999998728375,66,3961.56273708285
rank,16,16,75.1702061607174,Microgale parvula,Microgale_parvula,MAMMALIA,0.99999999999998,431,25073.5719016715
rank,16,16,75.1702061607174,Microgale principula,Microgale_principula,MAMMALIA,1,262,21886.1983651742
rank,16,16,75.1702061607174,Microgale pusilla,Microgale_pusilla,MAMMALIA,0.999997157208351,194,8222.93752202107
rank,16,16,75.1702061607174,Microgale soricoides,Microgale_soricoides,MAMMALIA,0.999999999999998,86,13190.0840042701
rank,16,16,75.1702061607174,Microgale taiva,Microgale_taiva,MAMMALIA,0.999999999999995,183,19393.6281616469
rank,16,16,75.1702061607174,Microgale thomasi,Microgale_thomasi,MAMMALIA,1,72,12630.018317988
rank,16,16,75.1702061607174,Mirza coquereli,Mirza_coquereli,MAMMALIA,0.999997446923051,42,2347.29261714218
rank,16,16,75.1702061607174,Monias benschi,Monias_benschi,AVES,0,1,82.9420458882274
rank,16,16,75.1702061607174,Monticola erythronotus,Monticola_erythronotus,AVES,0.505764981643065,1,97.4973036619822
rank,16,16,75.1702061607174,Monticola sharpei,Monticola_sharpei,AVES,0.999999999999892,47,29658.7206409648
rank,16,16,75.1702061607174,Monticolomys koopmani,Monticolomys_koopmani,MAMMALIA,0.132627251095215,6,104.060766987503
rank,16,16,75.1702061607174,Motacilla flaviventris,Motacilla_flaviventris,AVES,0.999999969345721,22,2862.0693506524
rank,16,16,75.1702061607174,Mystacornis crossleyi,Mystacornis_crossleyi,AVES,0.999999999999968,14,21806.129533425
rank,16,16,75.1702061607174,Neodrepanis coruscans,Neodrepanis_coruscans,AVES,0.999999771867101,21,16146.0371850431
rank,16,16,75.1702061607174,Neodrepanis hypoxantha,Neodrepanis_hypoxantha,AVES,0.0211788111247608,3,88.4296057149768
rank,16,16,75.1702061607174,Neomixis striatigula,Neomixis_striatigula,AVES,1,37,23476.2837247873
rank,16,16,75.1702061607174,Neomixis tenella,Neomixis_tenella,AVES,1,102,34718.3385138735
rank,16,16,75.1702061607174,Neomixis viridis,Neomixis_viridis,AVES,1,36,22822.3215394095
rank,16,16,75.1702061607174,Nesillas lantzii,Nesillas_lantzii,AVES,0.999951562202991,2,2491.04756180942
rank,16,16,75.1702061607174,Nesogale dobsoni,Nesogale_dobsoni,MAMMALIA,1,244,23831.2489719688
rank,16,16,75.1702061607174,Nesogale talazaci,Nesogale_talazaci,MAMMALIA,1,172,23991.9873835799
rank,16,16,75.1702061607174,Nesomys audeberti,Nesomys_audeberti,MAMMALIA,0.999999999999996,77,3338.47351299449
rank,16,16,75.1702061607174,Nesomys lambertoni,Nesomys_lambertoni,MAMMALIA,0.999983982375401,29,958.575495295227
rank,16,16,75.1702061607174,Nesomys rufus,Nesomys_rufus,MAMMALIA,1,174,19495.3616851568
rank,16,16,75.1702061607174,Newtonia amphichroa,Newtonia_amphichroa,AVES,1,21,19727.4892331734
rank,16,16,75.1702061607174,Newtonia archboldi,Newtonia_archboldi,AVES,0.99974249489785,10,2056.30014798856
rank,16,16,75.1702061607174,Newtonia brunneicauda,Newtonia_brunneicauda,AVES,1,109,40299.0267156139
rank,16,16,75.1702061607174,Newtonia fanovanae,Newtonia_fanovanae,AVES,0.353055283448657,2,98.2207024819943
rank,16,16,75.1702061607174,Oriolia bernieri,Oriolia_bernieri,AVES,0.999983939954088,13,6566.93963101417
rank,16,16,75.1702061607174,Oryzorictes hova,Oryzorictes_hova,MAMMALIA,1,194,23213.1778090671
rank,16,16,75.1702061607174,Oryzorictes tetradactylus,Oryzorictes_tetradactylus,MAMMALIA,0.999998652777247,97,4549.71945254078
rank,16,16,75.1702061607174,Otus rutilus,Otus_rutilus,AVES,0.99999999999761,9,36551.9114271104
rank,16,16,75.1702061607174,Oxylabes madagascariensis,Oxylabes_madagascariensis,AVES,1,24,22302.5838132128
rank,16,16,75.1702061607174,Phaner electromontis,Phaner_electromontis,MAMMALIA,1.1181189119025e-07,1,17.4337788633315
rank,16,16,75.1702061607174,Phaner furcifer,Phaner_furcifer,MAMMALIA,0.887905466959644,58,892.662774423171
rank,16,16,75.1702061607174,Phaner pallescens,Phaner_pallescens,MAMMALIA,0.999999999295067,41,2804.53081727773
rank,16,16,75.1702061607174,Phaner parienti,Phaner_parienti,MAMMALIA,0.00280017666108967,1,24.4501852478648
rank,16,16,75.1702061607174,Philepitta castanea,Philepitta_castanea,AVES,0.999894969138098,12,18812.3962119497
rank,16,16,75.1702061607174,Philepitta schlegeli,Philepitta_schlegeli,AVES,0.99008329861921,15,3307.4366651018
rank,16,16,75.1702061607174,Ploceus nelicourvi,Ploceus_nelicourvi,AVES,0.999999999999983,17,23861.8630799327
rank,16,16,75.1702061607174,Ploceus sakalava,Ploceus_sakalava,AVES,0.999999999674441,39,13625.4067274109
rank,16,16,75.1702061607174,Polyboroides radiatus,Polyboroides_radiatus,AVES,0.993725367770933,3,31456.3478438333
rank,16,16,75.1702061607174,Pseudobias wardi,Pseudobias_wardi,AVES,1,21,20836.6173284586
rank,16,16,75.1702061607174,Pterocles personatus,Pterocles_personatus,AVES,0.695263389794436,6,3503.03429550678
rank,16,16,75.1702061607174,Rallus madagascariensis,Rallus_madagascariensis,AVES,0.999972450205942,5,9414.93382953707
rank,16,16,75.1702061607174,Randia pseudozosterops,Randia_pseudozosterops,AVES,1,20,19120.4817414573
rank,16,16,75.1702061607174,Sarothrura insularis,Sarothrura_insularis,AVES,0.999992716998447,7,25458.130300332
rank,16,16,75.1702061607174,Schetba rufa,Schetba_rufa,AVES,0.999999999999901,27,12571.464598528
rank,16,16,75.1702061607174,Setifer setosus,Setifer_setosus,MAMMALIA,1,232,39054.5640940145
rank,16,16,75.1702061607174,Tenrec ecaudatus,Tenrec_ecaudatus,MAMMALIA,1,160,39319.3882615715
rank,16,16,75.1702061607174,Thamnornis chloropetoides,Thamnornis_chloropetoides,AVES,0.999975674384934,6,2749.12044508755
rank,16,16,75.1702061607174,Treron australis,Treron_australis,AVES,0.98867057237245,3,37105.7104486153
rank,16,16,75.1702061607174,Turnix nigricollis,Turnix_nigricollis,AVES,0.999999999999897,16,39080.8645451367
rank,16,16,75.1702061607174,Tylas eduardi,Tylas_eduardi,AVES,0.999999999999745,11,23740.3740360623
rank,16,16,75.1702061607174,Vanga curvirostris,Vanga_curvirostris,AVES,0.999999999999838,24,40967.9920514673
rank,16,16,75.1702061607174,Varecia rubra,Varecia_rubra,MAMMALIA,1,100,25829.5113559825
rank,16,16,75.1702061607174,Varecia variegata,Varecia_variegata,MAMMALIA,1,76,25420.9301783293
rank,16,16,75.1702061607174,Xanthomixis apperti,Xanthomixis_apperti,AVES,0.441311210122258,1,68.4073899760842
rank,16,16,75.1702061607174,Xanthomixis cinereiceps,Xanthomixis_cinereiceps,AVES,1,21,8546.63067554888
rank,16,16,75.1702061607174,Xanthomixis zosterops,Xanthomixis_zosterops,AVES,1,27,23936.3415693435
rank,16,16,75.1702061607174,Xenopirostris damii,Xenopirostris_damii,AVES,0.00179910766481406,1,93.5023440420628
rank,16,16,75.1702061607174,Xenopirostris polleni,Xenopirostris_polleni,AVES,0.99999986663318,10,9671.62503400056
rank,16,16,75.1702061607174,Xenopirostris xenopirostris,Xenopirostris_xenopirostris,AVES,0.96505807541122,1,1102.55740338564
rank,17,17,79.8661985899549,Accipiter henstii,Accipiter_henstii,AVES,0.438170951515017,1,23897.197190629
rank,17,17,79.8661985899549,Accipiter madagascariensis,Accipiter_madagascariensis,AVES,0.786828863182531,2,29499.6330623105
rank,17,17,79.8661985899549,Acrocephalus newtoni,Acrocephalus_newtoni,AVES,1,62,30265.1367166191
rank,17,17,79.8661985899549,Alectroenas madagascariensis,Alectroenas_madagascariensis,AVES,0.997052280993182,10,20255.1258447215
rank,17,17,79.8661985899549,Allocebus trichotis,Allocebus_trichotis,MAMMALIA,0.00783473494650444,3,72.1001097112894
rank,17,17,79.8661985899549,Anas bernieri,Anas_bernieri,AVES,0,1,161.555721102021
rank,17,17,79.8661985899549,Apus balstoni,Apus_balstoni,AVES,0.999999999999779,19,27121.9934904426
rank,17,17,79.8661985899549,Artamella viridis,Artamella_viridis,AVES,1,31,30471.7253694683
rank,17,17,79.8661985899549,Asio madagascariensis,Asio_madagascariensis,AVES,0.682701982531249,2,20446.2791765405
rank,17,17,79.8661985899549,Atelornis crossleyi,Atelornis_crossleyi,AVES,0.999981650790576,6,7806.93779918552
rank,17,17,79.8661985899549,Atelornis pittoides,Atelornis_pittoides,AVES,0.999996747578115,6,16382.5195275918
rank,17,17,79.8661985899549,Athene superciliaris,Athene_superciliaris,AVES,0.999999292593972,8,21023.5545770302
rank,17,17,79.8661985899549,Avahi laniger,Avahi_laniger,MAMMALIA,1,91,14308.6783247384
rank,17,17,79.8661985899549,Avahi occidentalis,Avahi_occidentalis,MAMMALIA,0.996177513156648,4,630.900925964117
rank,17,17,79.8661985899549,Aviceda madagascariensis,Aviceda_madagascariensis,AVES,0.878189990530174,1,27860.355925478
rank,17,17,79.8661985899549,Bernieria madagascariensis,Bernieria_madagascariensis,AVES,1,48,27444.1303033434
rank,17,17,79.8661985899549,Brachypteracias leptosomus,Brachypteracias_leptosomus,AVES,0.99998997430325,5,14072.0623890385
rank,17,17,79.8661985899549,Brachytarsomys albicauda,Brachytarsomys_albicauda,MAMMALIA,0.999999989492023,51,1785.89294792837
rank,17,17,79.8661985899549,Brachyuromys betsileoensis,Brachyuromys_betsileoensis,MAMMALIA,1,86,6170.37982367123
rank,17,17,79.8661985899549,Brachyuromys ramirohitra,Brachyuromys_ramirohitra,MAMMALIA,0.65541484639138,2,90.5857082977891
rank,17,17,79.8661985899549,Bradypterus brunneus,Bradypterus_brunneus,AVES,1,36,7119.80499787445
rank,17,17,79.8661985899549,Bradypterus seebohmi,Bradypterus_seebohmi,AVES,0.452718231585579,1,71.7493425011635
rank,17,17,79.8661985899549,Buteo brachypterus,Buteo_brachypterus,AVES,0.599988641465196,1,29404.8866383284
rank,17,17,79.8661985899549,Calicalicus madagascariensis,Calicalicus_madagascariensis,AVES,1,65,27626.7917806868
rank,17,17,79.8661985899549,Cheirogaleus crossleyi,Cheirogaleus_crossleyi,MAMMALIA,0.999999999999997,53,3365.53757556481
rank,17,17,79.8661985899549,Cheirogaleus major,Cheirogaleus_major,MAMMALIA,1,175,20702.1216171471
rank,17,17,79.8661985899549,Cheirogaleus medius,Cheirogaleus_medius,MAMMALIA,1,361,14869.4093972072
rank,17,17,79.8661985899549,Cinnyris notatus,Cinnyris_notatus,AVES,1,100,29186.9262695611
rank,17,17,79.8661985899549,Copsychus albospecularis,Copsychus_albospecularis,AVES,0.999999999999859,19,19594.7814941835
rank,17,17,79.8661985899549,Coracopsis nigra,Coracopsis_nigra,AVES,0.999781703944802,9,31574.7279885113
rank,17,17,79.8661985899549,Corythornis madagascariensis,Corythornis_madagascariensis,AVES,0.81385400734765,14,26020.9105007552
rank,17,17,79.8661985899549,Coua caerulea,Coua_caerulea,AVES,0.999994351574579,3,15515.5468659281
rank,17,17,79.8661985899549,Coua coquereli,Coua_coquereli,AVES,0.999993955218758,4,9141.63264552447
rank,17,17,79.8661985899549,Coua cristata,Coua_cristata,AVES,0.999999999999998,12,26359.7370512113
rank,17,17,79.8661985899549,Coua cursor,Coua_cursor,AVES,0.996466200535589,2,4499.48023663461
rank,17,17,79.8661985899549,Coua gigas,Coua_gigas,AVES,0.998744609990319,2,10825.2057070732
rank,17,17,79.8661985899549,Coua reynaudii,Coua_reynaudii,AVES,0.999986100853661,5,12782.5548737367
rank,17,17,79.8661985899549,Coua ruficeps,Coua_ruficeps,AVES,0.959346120072314,3,1327.46846918499
rank,17,17,79.8661985899549,Coua serriana,Coua_serriana,AVES,0.993402595649855,3,10871.529881686
rank,17,17,79.8661985899549,Crossleyia xanthophrys,Crossleyia_xanthophrys,AVES,0.999999999999976,31,3393.45820696652
rank,17,17,79.8661985899549,Cryptoprocta ferox,Cryptoprocta_ferox,MAMMALIA,0,1,4524.68377711624
rank,17,17,79.8661985899549,Cryptosylvicola randrianasoloi,Cryptosylvicola_randrianasoloi,AVES,0.999999999999997,25,4020.5992357135
rank,17,17,79.8661985899549,Cyanolanius madagascarinus,Cyanolanius_madagascarinus,AVES,1,53,28134.3553363079
rank,17,17,79.8661985899549,Daubentonia madagascariensis,Daubentonia_madagascariensis,MAMMALIA,0.999999999999475,65,8620.66863687005
rank,17,17,79.8661985899549,Echinops telfairi,Echinops_telfairi,MAMMALIA,1,164,14367.8463845029
rank,17,17,79.8661985899549,Eliurus antsingy,Eliurus_antsingy,MAMMALIA,0.0133748649300235,5,69.4813072830439
rank,17,17,79.8661985899549,Eliurus grandidieri,Eliurus_grandidieri,MAMMALIA,0.999641415738649,27,917.641006159482
rank,17,17,79.8661985899549,Eliurus majori,Eliurus_majori,MAMMALIA,1,154,15523.3232361856
rank,17,17,79.8661985899549,Eliurus minor,Eliurus_minor,MAMMALIA,1,447,22881.5164234937
rank,17,17,79.8661985899549,Eliurus myoxinus,Eliurus_myoxinus,MAMMALIA,1,388,23659.0184964165
rank,17,17,79.8661985899549,Eliurus tanala,Eliurus_tanala,MAMMALIA,1,197,16799.5686589046
rank,17,17,79.8661985899549,Eliurus webbi,Eliurus_webbi,MAMMALIA,1,217,19699.1331076085
rank,17,17,79.8661985899549,Eremopterix hova,Eremopterix_hova,AVES,0.999744616345553,13,1870.30596713722
rank,17,17,79.8661985899549,Eulemur albifrons,Eulemur_albifrons,MAMMALIA,1,42,6596.01176131517
rank,17,17,79.8661985899549,Eulemur cinereiceps,Eulemur_cinereiceps,MAMMALIA,1,214,27801.4342924506
rank,17,17,79.8661985899549,Eulemur collaris,Eulemur_collaris,MAMMALIA,1,171,27305.7160641104
rank,17,17,79.8661985899549,Eulemur coronatus,Eulemur_coronatus,MAMMALIA,1,144,7137.02879882432
rank,17,17,79.8661985899549,Eulemur flavifrons,Eulemur_flavifrons,MAMMALIA,0.000213248908682684,1,25.074716512655
rank,17,17,79.8661985899549,Eulemur fulvus,Eulemur_fulvus,MAMMALIA,1,202,27841.9815474004
rank,17,17,79.8661985899549,Eulemur macaco,Eulemur_macaco,MAMMALIA,1,96,14709.9270297226
rank,17,17,79.8661985899549,Eulemur mongoz,Eulemur_mongoz,MAMMALIA,0.99999989990724,22,1939.32846945234
rank,17,17,79.8661985899549,Eulemur rubriventer,Eulemur_rubriventer,MAMMALIA,1,233,24014.6849834194
rank,17,17,79.8661985899549,Eulemur rufus,Eulemur_rufus,MAMMALIA,1,148,17002.984030512
rank,17,17,79.8661985899549,Eulemur sanfordi,Eulemur_sanfordi,MAMMALIA,1,253,28115.4042620882
rank,17,17,79.8661985899549,Euryceros prevostii,Euryceros_prevostii,AVES,0.997852640890363,3,2116.97796655446
rank,17,17,79.8661985899549,Falco zoniventris,Falco_zoniventris,AVES,0.834827632516914,2,22554.9254455045
rank,17,17,79.8661985899549,Falculea palliata,Falculea_palliata,AVES,0.999999999349276,14,10336.5596944243
rank,17,17,79.8661985899549,Fossa fossana,Fossa_fossana,MAMMALIA,1.04666971012524e-06,3,11467.416260004
rank,17,17,79.8661985899549,Foudia madagascariensis,Foudia_madagascariensis,AVES,1,87,35606.865780592
rank,17,17,79.8661985899549,Foudia omissa,Foudia_omissa,AVES,0.999999999984335,23,17256.7646317184
rank,17,17,79.8661985899549,Gactornis enarratus,Gactornis_enarratus,AVES,0.999999992479541,6,16402.199026376
rank,17,17,79.8661985899549,Galidia elegans,Galidia_elegans,MAMMALIA,4.04951387134034e-06,3,8600.85275484622
rank,17,17,79.8661985899549,Galidictis fasciata,Galidictis_fasciata,MAMMALIA,0,0,0
rank,17,17,79.8661985899549,Geobiastes squamiger,Geobiastes_squamiger,AVES,0.995697061623931,7,4340.66500505728
rank,17,17,79.8661985899549,Geogale aurita,Geogale_aurita,MAMMALIA,0.999999999992942,242,10112.503205955
rank,17,17,79.8661985899549,Gymnuromys roberti,Gymnuromys_roberti,MAMMALIA,1,77,11689.1302186051
rank,17,17,79.8661985899549,Haliaeetus vociferoides,Haliaeetus_vociferoides,AVES,5.53259393853978e-09,1,2084.0183692649
rank,17,17,79.8661985899549,Hapalemur alaotrensis,Hapalemur_alaotrensis,MAMMALIA,0.999999999617682,32,2121.44271021056
rank,17,17,79.8661985899549,Hapalemur aureus,Hapalemur_aureus,MAMMALIA,0.999999988654725,24,1762.12956120819
rank,17,17,79.8661985899549,Hapalemur griseus,Hapalemur_griseus,MAMMALIA,1,196,26659.7802377026
rank,17,17,79.8661985899549,Hapalemur occidentalis,Hapalemur_occidentalis,MAMMALIA,0.999995100328248,28,1026.71440970898
rank,17,17,79.8661985899549,Hartertula flavoviridis,Hartertula_flavoviridis,AVES,1,29,5352.64647974819
rank,17,17,79.8661985899549,Hartlaubius auratus,Hartlaubius_auratus,AVES,1,44,27714.4391502131
rank,17,17,79.8661985899549,Hemicentetes nigriceps,Hemicentetes_nigriceps,MAMMALIA,0.999890589426109,28,1833.25958096236
rank,17,17,79.8661985899549,Hemicentetes semispinosus,Hemicentetes_semispinosus,MAMMALIA,1,121,20703.2505881415
rank,17,17,79.8661985899549,Hypogeomys antimena,Hypogeomys_antimena,MAMMALIA,0.133821965840603,5,104.686912983656
rank,17,17,79.8661985899549,Hypositta corallirostris,Hypositta_corallirostris,AVES,0.999999999939744,29,19591.1264616374
rank,17,17,79.8661985899549,Indri indri,Indri_indri,MAMMALIA,0.999999999999922,25,18123.564438654
rank,17,17,79.8661985899549,Lemur catta,Lemur_catta,MAMMALIA,1,96,6207.76450978965
rank,17,17,79.8661985899549,Lepidopygia nana,Lepidopygia_nana,AVES,0.999996590044705,143,35655.0322299525
rank,17,17,79.8661985899549,Lepilemur ankaranensis,Lepilemur_ankaranensis,MAMMALIA,0.942459903341428,13,361.823311685567
rank,17,17,79.8661985899549,Lepilemur edwardsi,Lepilemur_edwardsi,MAMMALIA,0.999999999921483,51,3554.77442690086
rank,17,17,79.8661985899549,Lepilemur leucopus,Lepilemur_leucopus,MAMMALIA,1,33,4640.32961750776
rank,17,17,79.8661985899549,Lepilemur microdon,Lepilemur_microdon,MAMMALIA,0.999999936520161,28,2772.59891777559
rank,17,17,79.8661985899549,Lepilemur mustelinus,Lepilemur_mustelinus,MAMMALIA,1,182,23785.3417678252
rank,17,17,79.8661985899549,Lepilemur ruficaudatus,Lepilemur_ruficaudatus,MAMMALIA,1,77,4602.94947891682
rank,17,17,79.8661985899549,Leptopterus chabert,Leptopterus_chabert,AVES,1,57,32860.5425321683
rank,17,17,79.8661985899549,Lophotibis cristata,Lophotibis_cristata,AVES,0.998484957747029,1,25543.0798647329
rank,17,17,79.8661985899549,Macrotarsomys bastardi,Macrotarsomys_bastardi,MAMMALIA,0.999999999999982,112,3632.92893303186
rank,17,17,79.8661985899549,Margaroperdix madagarensis,Margaroperdix_madagarensis,AVES,0.99999999347892,6,29023.8446983835
rank,17,17,79.8661985899549,Mentocrex kioloides,Mentocrex_kioloides,AVES,0.999628907864349,5,13790.8057324216
rank,17,17,79.8661985899549,Mesitornis unicolor,Mesitornis_unicolor,AVES,0,1,89.8278131379858
rank,17,17,79.8661985899549,Mesitornis variegatus,Mesitornis_variegatus,AVES,0.997421921590599,5,2551.84722176939
rank,17,17,79.8661985899549,Microcebus berthae,Microcebus_berthae,MAMMALIA,1.52725555535582e-08,2,17.7781751081347
rank,17,17,79.8661985899549,Microcebus griseorufus,Microcebus_griseorufus,MAMMALIA,0.995769019106108,14,501.433658043884
rank,17,17,79.8661985899549,Microcebus murinus,Microcebus_murinus,MAMMALIA,1,525,22294.3788928539
rank,17,17,79.8661985899549,Microcebus myoxinus,Microcebus_myoxinus,MAMMALIA,0.999999992654343,102,1124.39007911777
rank,17,17,79.8661985899549,Microcebus ravelobensis,Microcebus_ravelobensis,MAMMALIA,0.778620368188765,15,246.875988043973
rank,17,17,79.8661985899549,Microcebus rufus,Microcebus_rufus,MAMMALIA,1,356,19820.1982050625
rank,17,17,79.8661985899549,Microcebus tavaratra,Microcebus_tavaratra,MAMMALIA,0.99348955741329,45,767.433245509863
rank,17,17,79.8661985899549,Microgale brevicaudata,Microgale_brevicaudata,MAMMALIA,0.999999999999948,301,11852.7520855889
rank,17,17,79.8661985899549,Microgale cowani,Microgale_cowani,MAMMALIA,1,223,17567.2887976568
rank,17,17,79.8661985899549,Microgale drouhardi,Microgale_drouhardi,MAMMALIA,0.99999999999975,155,11317.1450804112
rank,17,17,79.8661985899549,Microgale dryas,Microgale_dryas,MAMMALIA,0.897201399235259,47,1369.92029440585
rank,17,17,79.8661985899549,Microgale fotsifotsy,Microgale_fotsifotsy,MAMMALIA,0.999999999999159,178,13606.2051080283
rank,17,17,79.8661985899549,Microgale gracilis,Microgale_gracilis,MAMMALIA,0.999999999710159,75,6467.29785212938
rank,17,17,79.8661985899549,Microgale gymnorhyncha,Microgale_gymnorhyncha,MAMMALIA,0.999999999999019,63,8007.36737952484
rank,17,17,79.8661985899549,Microgale longicaudata,Microgale_longicaudata,MAMMALIA,1,307,18947.6854340509
rank,17,17,79.8661985899549,Microgale mergulus,Microgale_mergulus,MAMMALIA,0.999999985993231,49,3329.28638282016
rank,17,17,79.8661985899549,Microgale parvula,Microgale_parvula,MAMMALIA,0.999999999999806,343,20203.2128128899
rank,17,17,79.8661985899549,Microgale principula,Microgale_principula,MAMMALIA,1,211,17548.4904132634
rank,17,17,79.8661985899549,Microgale pusilla,Microgale_pusilla,MAMMALIA,0.999968544327225,160,6833.29857300032
rank,17,17,79.8661985899549,Microgale soricoides,Microgale_soricoides,MAMMALIA,0.999999999999998,78,10877.9653567088
rank,17,17,79.8661985899549,Microgale taiva,Microgale_taiva,MAMMALIA,1,162,15883.9405082597
rank,17,17,79.8661985899549,Microgale thomasi,Microgale_thomasi,MAMMALIA,1,72,10690.731340328
rank,17,17,79.8661985899549,Mirza coquereli,Mirza_coquereli,MAMMALIA,0.999996107365603,24,1944.61370859788
rank,17,17,79.8661985899549,Monias benschi,Monias_benschi,AVES,0,1,82.9420458882274
rank,17,17,79.8661985899549,Monticola erythronotus,Monticola_erythronotus,AVES,0.505764981643065,1,97.4973036619822
rank,17,17,79.8661985899549,Monticola sharpei,Monticola_sharpei,AVES,1,47,23009.8836804554
rank,17,17,79.8661985899549,Monticolomys koopmani,Monticolomys_koopmani,MAMMALIA,0.132627251095215,6,104.060766987503
rank,17,17,79.8661985899549,Motacilla flaviventris,Motacilla_flaviventris,AVES,0.999993739450641,17,2255.83028171212
rank,17,17,79.8661985899549,Mystacornis crossleyi,Mystacornis_crossleyi,AVES,1,15,17549.381431371
rank,17,17,79.8661985899549,Neodrepanis coruscans,Neodrepanis_coruscans,AVES,0.999999081490764,25,13092.9317784607
rank,17,17,79.8661985899549,Neodrepanis hypoxantha,Neodrepanis_hypoxantha,AVES,0.0211788111247608,3,88.4296057149768
rank,17,17,79.8661985899549,Neomixis striatigula,Neomixis_striatigula,AVES,1,43,18797.0757078841
rank,17,17,79.8661985899549,Neomixis tenella,Neomixis_tenella,AVES,1,115,28748.1540203691
rank,17,17,79.8661985899549,Neomixis viridis,Neomixis_viridis,AVES,1,40,18303.6027258039
rank,17,17,79.8661985899549,Nesillas lantzii,Nesillas_lantzii,AVES,0.999923754739884,4,2223.40289530903
rank,17,17,79.8661985899549,Nesogale dobsoni,Nesogale_dobsoni,MAMMALIA,1,198,19052.6098135337
rank,17,17,79.8661985899549,Nesogale talazaci,Nesogale_talazaci,MAMMALIA,1,148,19422.408898997
rank,17,17,79.8661985899549,Nesomys audeberti,Nesomys_audeberti,MAMMALIA,0.999999999999991,68,2894.89002089202
rank,17,17,79.8661985899549,Nesomys lambertoni,Nesomys_lambertoni,MAMMALIA,0.999983982375401,29,958.575495295227
rank,17,17,79.8661985899549,Nesomys rufus,Nesomys_rufus,MAMMALIA,1,144,15761.2455326095
rank,17,17,79.8661985899549,Newtonia amphichroa,Newtonia_amphichroa,AVES,1,18,16027.7448311374
rank,17,17,79.8661985899549,Newtonia archboldi,Newtonia_archboldi,AVES,0.999482490386469,7,1855.27239609839
rank,17,17,79.8661985899549,Newtonia brunneicauda,Newtonia_brunneicauda,AVES,1,120,33033.811511457
rank,17,17,79.8661985899549,Newtonia fanovanae,Newtonia_fanovanae,AVES,0.353055283448657,2,98.2207024819943
rank,17,17,79.8661985899549,Oriolia bernieri,Oriolia_bernieri,AVES,0.999998838691035,15,5506.54678981201
rank,17,17,79.8661985899549,Oryzorictes hova,Oryzorictes_hova,MAMMALIA,1,162,18704.9078273997
rank,17,17,79.8661985899549,Oryzorictes tetradactylus,Oryzorictes_tetradactylus,MAMMALIA,0.999983542841309,83,3766.42492991329
rank,17,17,79.8661985899549,Otus rutilus,Otus_rutilus,AVES,0.99999999999681,10,29930.9268762842
rank,17,17,79.8661985899549,Oxylabes madagascariensis,Oxylabes_madagascariensis,AVES,1,24,17886.6943197623
rank,17,17,79.8661985899549,Phaner electromontis,Phaner_electromontis,MAMMALIA,1.1181189119025e-07,1,17.4337788633315
rank,17,17,79.8661985899549,Phaner furcifer,Phaner_furcifer,MAMMALIA,0.887905466959644,58,892.662774423171
rank,17,17,79.8661985899549,Phaner pallescens,Phaner_pallescens,MAMMALIA,0.999999994523168,33,2161.6327149421
rank,17,17,79.8661985899549,Phaner parienti,Phaner_parienti,MAMMALIA,0.00280017666108967,1,24.4501852478648
rank,17,17,79.8661985899549,Philepitta castanea,Philepitta_castanea,AVES,0.999576813012662,14,15126.5058114534
rank,17,17,79.8661985899549,Philepitta schlegeli,Philepitta_schlegeli,AVES,0.987429534585854,14,3149.52626358802
rank,17,17,79.8661985899549,Ploceus nelicourvi,Ploceus_nelicourvi,AVES,1,17,19019.7246798801
rank,17,17,79.8661985899549,Ploceus sakalava,Ploceus_sakalava,AVES,0.999999998143217,33,11878.6631167382
rank,17,17,79.8661985899549,Polyboroides radiatus,Polyboroides_radiatus,AVES,0.99763581365671,5,25494.203749232
rank,17,17,79.8661985899549,Pseudobias wardi,Pseudobias_wardi,AVES,1,19,16821.0222547203
rank,17,17,79.8661985899549,Pterocles personatus,Pterocles_personatus,AVES,0.576267529420393,7,3073.98962475359
rank,17,17,79.8661985899549,Rallus madagascariensis,Rallus_madagascariensis,AVES,0.999955332062442,3,7897.71402727046
rank,17,17,79.8661985899549,Randia pseudozosterops,Randia_pseudozosterops,AVES,1,20,15390.5966747114
rank,17,17,79.8661985899549,Sarothrura insularis,Sarothrura_insularis,AVES,0.999999181917493,7,20145.0496093837
rank,17,17,79.8661985899549,Schetba rufa,Schetba_rufa,AVES,0.999999999999895,28,10226.7190941358
rank,17,17,79.8661985899549,Setifer setosus,Setifer_setosus,MAMMALIA,1,205,31884.0159817264
rank,17,17,79.8661985899549,Tenrec ecaudatus,Tenrec_ecaudatus,MAMMALIA,1,152,31875.2996072993
rank,17,17,79.8661985899549,Thamnornis chloropetoides,Thamnornis_chloropetoides,AVES,0.999927712498697,5,2455.08318710327
rank,17,17,79.8661985899549,Treron australis,Treron_australis,AVES,0.986260073292937,6,30396.4275615215
rank,17,17,79.8661985899549,Turnix nigricollis,Turnix_nigricollis,AVES,0.999999999999733,17,31789.5204074904
rank,17,17,79.8661985899549,Tylas eduardi,Tylas_eduardi,AVES,0.999999999999975,9,18937.6123422026
rank,17,17,79.8661985899549,Vanga curvirostris,Vanga_curvirostris,AVES,0.999999999999895,28,33639.4009834752
rank,17,17,79.8661985899549,Varecia rubra,Varecia_rubra,MAMMALIA,1,96,20632.3983932684
rank,17,17,79.8661985899549,Varecia variegata,Varecia_variegata,MAMMALIA,1,71,20229.1387338632
rank,17,17,79.8661985899549,Xanthomixis apperti,Xanthomixis_apperti,AVES,0.441311210122258,1,68.4073899760842
rank,17,17,79.8661985899549,Xanthomixis cinereiceps,Xanthomixis_cinereiceps,AVES,1,18,7071.02866596099
rank,17,17,79.8661985899549,Xanthomixis zosterops,Xanthomixis_zosterops,AVES,1,27,19056.3856969111
rank,17,17,79.8661985899549,Xenopirostris damii,Xenopirostris_damii,AVES,0.00179910766481406,1,93.5023440420628
rank,17,17,79.8661985899549,Xenopirostris polleni,Xenopirostris_polleni,AVES,0.999999568695156,8,7955.20294799886
rank,17,17,79.8661985899549,Xenopirostris xenopirostris,Xenopirostris_xenopirostris,AVES,0.96505807541122,1,1102.55740338564
rank,18,18,84.5572201270485,Accipiter henstii,Accipiter_henstii,AVES,0.347500575055914,1,18367.1472824506
rank,18,18,84.5572201270485,Accipiter madagascariensis,Accipiter_madagascariensis,AVES,0.691983473636656,2,22519.4171023965
rank,18,18,84.5572201270485,Acrocephalus newtoni,Acrocephalus_newtoni,AVES,1,69,23417.1261250526
rank,18,18,84.5572201270485,Alectroenas madagascariensis,Alectroenas_madagascariensis,AVES,0.999366269950933,11,15351.5805953668
rank,18,18,84.5572201270485,Allocebus trichotis,Allocebus_trichotis,MAMMALIA,0.00783473494650444,3,72.1001097112894
rank,18,18,84.5572201270485,Anas bernieri,Anas_bernieri,AVES,0,1,161.555721102021
rank,18,18,84.5572201270485,Apus balstoni,Apus_balstoni,AVES,0.999999999999992,23,20838.0608474016
rank,18,18,84.5572201270485,Artamella viridis,Artamella_viridis,AVES,1,31,23517.3845445812
rank,18,18,84.5572201270485,Asio madagascariensis,Asio_madagascariensis,AVES,0.617287029360003,2,15501.0174330751
rank,18,18,84.5572201270485,Atelornis crossleyi,Atelornis_crossleyi,AVES,0.999993781244996,6,6148.92429877818
rank,18,18,84.5572201270485,Atelornis pittoides,Atelornis_pittoides,AVES,0.999968637258779,6,12250.7531434223
rank,18,18,84.5572201270485,Athene superciliaris,Athene_superciliaris,AVES,0.999998927678585,9,16347.8761768043
rank,18,18,84.5572201270485,Avahi laniger,Avahi_laniger,MAMMALIA,1,91,10971.0556738675
rank,18,18,84.5572201270485,Avahi occidentalis,Avahi_occidentalis,MAMMALIA,0.996177513156648,4,630.900925964117
rank,18,18,84.5572201270485,Aviceda madagascariensis,Aviceda_madagascariensis,AVES,0.831037119968359,1,21241.4217151925
rank,18,18,84.5572201270485,Bernieria madagascariensis,Bernieria_madagascariensis,AVES,1,55,21091.3410266059
rank,18,18,84.5572201270485,Brachypteracias leptosomus,Brachypteracias_leptosomus,AVES,0.999940238145584,5,10948.0130876005
rank,18,18,84.5572201270485,Brachytarsomys albicauda,Brachytarsomys_albicauda,MAMMALIA,0.999999966113709,38,1536.79367667633
rank,18,18,84.5572201270485,Brachyuromys betsileoensis,Brachyuromys_betsileoensis,MAMMALIA,1,77,4766.12755684997
rank,18,18,84.5572201270485,Brachyuromys ramirohitra,Brachyuromys_ramirohitra,MAMMALIA,0.65541484639138,2,90.5857082977891
rank,18,18,84.5572201270485,Bradypterus brunneus,Bradypterus_brunneus,AVES,1,35,5609.99194254422
rank,18,18,84.5572201270485,Bradypterus seebohmi,Bradypterus_seebohmi,AVES,0.452718231585579,1,71.7493425011635
rank,18,18,84.5572201270485,Buteo brachypterus,Buteo_brachypterus,AVES,0.51688788721814,1,22576.8148639351
rank,18,18,84.5572201270485,Calicalicus madagascariensis,Calicalicus_madagascariensis,AVES,1,74,21323.6834132927
rank,18,18,84.5572201270485,Cheirogaleus crossleyi,Cheirogaleus_crossleyi,MAMMALIA,0.999999999994443,41,2594.23666684534
rank,18,18,84.5572201270485,Cheirogaleus major,Cheirogaleus_major,MAMMALIA,1,151,15716.1014003976
rank,18,18,84.5572201270485,Cheirogaleus medius,Cheirogaleus_medius,MAMMALIA,1,317,11881.3029643968
rank,18,18,84.5572201270485,Cinnyris notatus,Cinnyris_notatus,AVES,1,101,22587.1077832356
rank,18,18,84.5572201270485,Copsychus albospecularis,Copsychus_albospecularis,AVES,0.999999999998823,21,14675.2645238875
rank,18,18,84.5572201270485,Coracopsis nigra,Coracopsis_nigra,AVES,0.999271096407306,10,24411.8371623009
rank,18,18,84.5572201270485,Corythornis madagascariensis,Corythornis_madagascariensis,AVES,0.734500731848982,15,19936.5220603282
rank,18,18,84.5572201270485,Coua caerulea,Coua_caerulea,AVES,0.999969980757128,3,11896.4498703048
rank,18,18,84.5572201270485,Coua coquereli,Coua_coquereli,AVES,0.999987465290718,6,7331.83170172356
rank,18,18,84.5572201270485,Coua cristata,Coua_cristata,AVES,1,13,20529.1837393791
rank,18,18,84.5572201270485,Coua cursor,Coua_cursor,AVES,0.991849804440133,3,3530.18944720924
rank,18,18,84.5572201270485,Coua gigas,Coua_gigas,AVES,0.998014460516156,2,8695.78741533309
rank,18,18,84.5572201270485,Coua reynaudii,Coua_reynaudii,AVES,0.999890086711699,4,9683.00510940488
rank,18,18,84.5572201270485,Coua ruficeps,Coua_ruficeps,AVES,0.958809231086135,3,1323.49735450343
rank,18,18,84.5572201270485,Coua serriana,Coua_serriana,AVES,0.988225745165256,3,8505.83821173757
rank,18,18,84.5572201270485,Crossleyia xanthophrys,Crossleyia_xanthophrys,AVES,0.999999999999132,32,3073.41087733954
rank,18,18,84.5572201270485,Cryptoprocta ferox,Cryptoprocta_ferox,MAMMALIA,0,0,0
rank,18,18,84.5572201270485,Cryptosylvicola randrianasoloi,Cryptosylvicola_randrianasoloi,AVES,0.999999999996956,30,3088.48955865557
rank,18,18,84.5572201270485,Cyanolanius madagascarinus,Cyanolanius_madagascarinus,AVES,1,62,21657.84268155
rank,18,18,84.5572201270485,Daubentonia madagascariensis,Daubentonia_madagascariensis,MAMMALIA,0.999999991499607,61,6407.69591168129
rank,18,18,84.5572201270485,Echinops telfairi,Echinops_telfairi,MAMMALIA,1,159,10961.9605822936
rank,18,18,84.5572201270485,Eliurus antsingy,Eliurus_antsingy,MAMMALIA,0.0133748649300235,5,69.4813072830439
rank,18,18,84.5572201270485,Eliurus grandidieri,Eliurus_grandidieri,MAMMALIA,0.999641415738649,27,917.641006159482
rank,18,18,84.5572201270485,Eliurus majori,Eliurus_majori,MAMMALIA,1,129,11743.5744669816
rank,18,18,84.5572201270485,Eliurus minor,Eliurus_minor,MAMMALIA,1,374,17587.5755928965
rank,18,18,84.5572201270485,Eliurus myoxinus,Eliurus_myoxinus,MAMMALIA,1,352,18625.7714529932
rank,18,18,84.5572201270485,Eliurus tanala,Eliurus_tanala,MAMMALIA,1,166,12666.9462489938
rank,18,18,84.5572201270485,Eliurus webbi,Eliurus_webbi,MAMMALIA,1,188,14840.3268241272
rank,18,18,84.5572201270485,Eremopterix hova,Eremopterix_hova,AVES,0.998719157689228,11,1329.34443518519
rank,18,18,84.5572201270485,Eulemur albifrons,Eulemur_albifrons,MAMMALIA,1,36,5146.77475325763
rank,18,18,84.5572201270485,Eulemur cinereiceps,Eulemur_cinereiceps,MAMMALIA,1,199,21623.3201280907
rank,18,18,84.5572201270485,Eulemur collaris,Eulemur_collaris,MAMMALIA,1,160,21182.2346752808
rank,18,18,84.5572201270485,Eulemur coronatus,Eulemur_coronatus,MAMMALIA,1,132,5674.4226787413
rank,18,18,84.5572201270485,Eulemur flavifrons,Eulemur_flavifrons,MAMMALIA,0.000213248908682684,1,25.074716512655
rank,18,18,84.5572201270485,Eulemur fulvus,Eulemur_fulvus,MAMMALIA,1,191,21657.1621813104
rank,18,18,84.5572201270485,Eulemur macaco,Eulemur_macaco,MAMMALIA,1,77,10868.1812170715
rank,18,18,84.5572201270485,Eulemur mongoz,Eulemur_mongoz,MAMMALIA,0.999986612820317,18,1382.54237086283
rank,18,18,84.5572201270485,Eulemur rubriventer,Eulemur_rubriventer,MAMMALIA,1,210,18420.8548549983
rank,18,18,84.5572201270485,Eulemur rufus,Eulemur_rufus,MAMMALIA,1,142,12919.0801904574
rank,18,18,84.5572201270485,Eulemur sanfordi,Eulemur_sanfordi,MAMMALIA,1,237,21920.3546873182
rank,18,18,84.5572201270485,Euryceros prevostii,Euryceros_prevostii,AVES,0.994671460979649,3,1544.0658197403
rank,18,18,84.5572201270485,Falco zoniventris,Falco_zoniventris,AVES,0.749423518635196,2,17110.2257516012
rank,18,18,84.5572201270485,Falculea palliata,Falculea_palliata,AVES,0.999999999051882,17,8244.49370612949
rank,18,18,84.5572201270485,Fossa fossana,Fossa_fossana,MAMMALIA,0,3,6575.8111018613
rank,18,18,84.5572201270485,Foudia madagascariensis,Foudia_madagascariensis,AVES,1,85,27310.4160606787
rank,18,18,84.5572201270485,Foudia omissa,Foudia_omissa,AVES,0.999999999864047,25,13124.9109876901
rank,18,18,84.5572201270485,Gactornis enarratus,Gactornis_enarratus,AVES,0.999999902399471,7,12600.3808620572
rank,18,18,84.5572201270485,Galidia elegans,Galidia_elegans,MAMMALIA,0,2,4166.53469940275
rank,18,18,84.5572201270485,Galidictis fasciata,Galidictis_fasciata,MAMMALIA,0,0,0
rank,18,18,84.5572201270485,Geobiastes squamiger,Geobiastes_squamiger,AVES,0.988597251871784,6,3280.76738883984
rank,18,18,84.5572201270485,Geogale aurita,Geogale_aurita,MAMMALIA,0.999999992846798,215,7859.50737380982
rank,18,18,84.5572201270485,Gymnuromys roberti,Gymnuromys_roberti,MAMMALIA,1,76,9143.63917536633
rank,18,18,84.5572201270485,Haliaeetus vociferoides,Haliaeetus_vociferoides,AVES,0,1,1490.74177540839
rank,18,18,84.5572201270485,Hapalemur alaotrensis,Hapalemur_alaotrensis,MAMMALIA,0.999999374507982,27,1627.82452711823
rank,18,18,84.5572201270485,Hapalemur aureus,Hapalemur_aureus,MAMMALIA,0.999999858445595,20,1491.7203494583
rank,18,18,84.5572201270485,Hapalemur griseus,Hapalemur_griseus,MAMMALIA,1,183,20430.2827510111
rank,18,18,84.5572201270485,Hapalemur occidentalis,Hapalemur_occidentalis,MAMMALIA,0.999995100328248,28,1026.71440970898
rank,18,18,84.5572201270485,Hartertula flavoviridis,Hartertula_flavoviridis,AVES,0.999999999999583,29,4237.05348976702
rank,18,18,84.5572201270485,Hartlaubius auratus,Hartlaubius_auratus,AVES,0.999999999999998,50,21481.4242631233
rank,18,18,84.5572201270485,Hemicentetes nigriceps,Hemicentetes_nigriceps,MAMMALIA,0.999773688246364,20,1561.39262246606
rank,18,18,84.5572201270485,Hemicentetes semispinosus,Hemicentetes_semispinosus,MAMMALIA,1,109,15568.8167744492
rank,18,18,84.5572201270485,Hypogeomys antimena,Hypogeomys_antimena,MAMMALIA,0.133821965840603,5,104.686912983656
rank,18,18,84.5572201270485,Hypositta corallirostris,Hypositta_corallirostris,AVES,0.999999999518659,31,14802.3239244681
rank,18,18,84.5572201270485,Indri indri,Indri_indri,MAMMALIA,0.999999999999278,29,13473.8350660577
rank,18,18,84.5572201270485,Lemur catta,Lemur_catta,MAMMALIA,1,80,4696.84606322646
rank,18,18,84.5572201270485,Lepidopygia nana,Lepidopygia_nana,AVES,0.999988929613279,133,27447.7502954975
rank,18,18,84.5572201270485,Lepilemur ankaranensis,Lepilemur_ankaranensis,MAMMALIA,0.942459903341428,13,361.823311685567
rank,18,18,84.5572201270485,Lepilemur edwardsi,Lepilemur_edwardsi,MAMMALIA,0.999999998737299,46,2879.15565711051
rank,18,18,84.5572201270485,Lepilemur leucopus,Lepilemur_leucopus,MAMMALIA,0.999999999999998,28,3590.0427522139
rank,18,18,84.5572201270485,Lepilemur microdon,Lepilemur_microdon,MAMMALIA,0.999999360866717,26,2368.91573172739
rank,18,18,84.5572201270485,Lepilemur mustelinus,Lepilemur_mustelinus,MAMMALIA,1,169,18258.8868196905
rank,18,18,84.5572201270485,Lepilemur ruficaudatus,Lepilemur_ruficaudatus,MAMMALIA,1,72,3727.02798358351
rank,18,18,84.5572201270485,Leptopterus chabert,Leptopterus_chabert,AVES,1,65,25466.0565626696
rank,18,18,84.5572201270485,Lophotibis cristata,Lophotibis_cristata,AVES,0.997486602205417,1,19598.0092832595
rank,18,18,84.5572201270485,Macrotarsomys bastardi,Macrotarsomys_bastardi,MAMMALIA,0.999999999423324,90,2602.27143459022
rank,18,18,84.5572201270485,Margaroperdix madagarensis,Margaroperdix_madagarensis,AVES,0.999999998967664,11,22107.3408342838
rank,18,18,84.5572201270485,Mentocrex kioloides,Mentocrex_kioloides,AVES,0.99871621259648,5,10752.9191266745
rank,18,18,84.5572201270485,Mesitornis unicolor,Mesitornis_unicolor,AVES,0,1,89.8278131379858
rank,18,18,84.5572201270485,Mesitornis variegatus,Mesitornis_variegatus,AVES,0.993882520822499,5,2252.86629874259
rank,18,18,84.5572201270485,Microcebus berthae,Microcebus_berthae,MAMMALIA,1.52725555535582e-08,2,17.7781751081347
rank,18,18,84.5572201270485,Microcebus griseorufus,Microcebus_griseorufus,MAMMALIA,0.995769019106108,14,501.433658043884
rank,18,18,84.5572201270485,Microcebus murinus,Microcebus_murinus,MAMMALIA,1,446,17220.743855238
rank,18,18,84.5572201270485,Microcebus myoxinus,Microcebus_myoxinus,MAMMALIA,0.999999992654343,102,1124.39007911777
rank,18,18,84.5572201270485,Microcebus ravelobensis,Microcebus_ravelobensis,MAMMALIA,0.778620368188765,15,246.875988043973
rank,18,18,84.5572201270485,Microcebus rufus,Microcebus_rufus,MAMMALIA,1,289,15048.6076446363
rank,18,18,84.5572201270485,Microcebus tavaratra,Microcebus_tavaratra,MAMMALIA,0.99348955741329,45,767.433245509863
rank,18,18,84.5572201270485,Microgale brevicaudata,Microgale_brevicaudata,MAMMALIA,0.999999999922949,264,9465.95420885086
rank,18,18,84.5572201270485,Microgale cowani,Microgale_cowani,MAMMALIA,1,176,13111.3936600564
rank,18,18,84.5572201270485,Microgale drouhardi,Microgale_drouhardi,MAMMALIA,0.999999999988536,117,8600.40894952821
rank,18,18,84.5572201270485,Microgale dryas,Microgale_dryas,MAMMALIA,0.897058921350666,46,1356.77358877939
rank,18,18,84.5572201270485,Microgale fotsifotsy,Microgale_fotsifotsy,MAMMALIA,0.999999999993871,143,10227.3228395907
rank,18,18,84.5572201270485,Microgale gracilis,Microgale_gracilis,MAMMALIA,0.999999990511348,61,5006.05759066901
rank,18,18,84.5572201270485,Microgale gymnorhyncha,Microgale_gymnorhyncha,MAMMALIA,0.999999999674446,61,6177.24197193178
rank,18,18,84.5572201270485,Microgale longicaudata,Microgale_longicaudata,MAMMALIA,0.999999999999995,248,14394.6241755858
rank,18,18,84.5572201270485,Microgale mergulus,Microgale_mergulus,MAMMALIA,0.999999702391887,42,2851.52282112257
rank,18,18,84.5572201270485,Microgale parvula,Microgale_parvula,MAMMALIA,0.999999999999603,281,15360.5854703698
rank,18,18,84.5572201270485,Microgale principula,Microgale_principula,MAMMALIA,1,174,13604.9038315415
rank,18,18,84.5572201270485,Microgale pusilla,Microgale_pusilla,MAMMALIA,0.999922200721336,134,5586.47871747868
rank,18,18,84.5572201270485,Microgale soricoides,Microgale_soricoides,MAMMALIA,0.999999999999738,72,8293.12455293963
rank,18,18,84.5572201270485,Microgale taiva,Microgale_taiva,MAMMALIA,1,147,12299.7684440938
rank,18,18,84.5572201270485,Microgale thomasi,Microgale_thomasi,MAMMALIA,1,66,8333.35470352442
rank,18,18,84.5572201270485,Mirza coquereli,Mirza_coquereli,MAMMALIA,0.999745035734198,22,1506.93926790357
rank,18,18,84.5572201270485,Monias benschi,Monias_benschi,AVES,0,1,82.9420458882274
rank,18,18,84.5572201270485,Monticola erythronotus,Monticola_erythronotus,AVES,0.505764981643065,1,97.4973036619822
rank,18,18,84.5572201270485,Monticola sharpei,Monticola_sharpei,AVES,1,47,16913.1526519272
rank,18,18,84.5572201270485,Monticolomys koopmani,Monticolomys_koopmani,MAMMALIA,0.132627251095215,6,104.060766987503
rank,18,18,84.5572201270485,Motacilla flaviventris,Motacilla_flaviventris,AVES,0.999992197946956,16,1905.89235977083
rank,18,18,84.5572201270485,Mystacornis crossleyi,Mystacornis_crossleyi,AVES,1,16,13254.0851176381
rank,18,18,84.5572201270485,Neodrepanis coruscans,Neodrepanis_coruscans,AVES,0.999993691536425,23,10170.2131781429
rank,18,18,84.5572201270485,Neodrepanis hypoxantha,Neodrepanis_hypoxantha,AVES,0.0211788111247608,3,88.4296057149768
rank,18,18,84.5572201270485,Neomixis striatigula,Neomixis_striatigula,AVES,1,42,14359.9260522189
rank,18,18,84.5572201270485,Neomixis tenella,Neomixis_tenella,AVES,1,108,22389.235739328
rank,18,18,84.5572201270485,Neomixis viridis,Neomixis_viridis,AVES,1,36,13762.2133879513
rank,18,18,84.5572201270485,Nesillas lantzii,Nesillas_lantzii,AVES,0.999869628102714,3,1906.05104891211
rank,18,18,84.5572201270485,Nesogale dobsoni,Nesogale_dobsoni,MAMMALIA,1,162,14334.5078054925
rank,18,18,84.5572201270485,Nesogale talazaci,Nesogale_talazaci,MAMMALIA,1,133,14764.5338923642
rank,18,18,84.5572201270485,Nesomys audeberti,Nesomys_audeberti,MAMMALIA,0.999999999986928,60,2420.88374171406
rank,18,18,84.5572201270485,Nesomys lambertoni,Nesomys_lambertoni,MAMMALIA,0.999983982375401,29,958.575495295227
rank,18,18,84.5572201270485,Nesomys rufus,Nesomys_rufus,MAMMALIA,1,125,12090.151767306
rank,18,18,84.5572201270485,Newtonia amphichroa,Newtonia_amphichroa,AVES,1,24,12202.9229898602
rank,18,18,84.5572201270485,Newtonia archboldi,Newtonia_archboldi,AVES,0.999909318678467,8,1694.02455697738
rank,18,18,84.5572201270485,Newtonia brunneicauda,Newtonia_brunneicauda,AVES,1,111,25565.5132440403
rank,18,18,84.5572201270485,Newtonia fanovanae,Newtonia_fanovanae,AVES,0.353055283448657,2,98.2207024819943
rank,18,18,84.5572201270485,Oriolia bernieri,Oriolia_bernieri,AVES,0.999997128069028,17,4319.46455718943
rank,18,18,84.5572201270485,Oryzorictes hova,Oryzorictes_hova,MAMMALIA,1,140,14190.9286974967
rank,18,18,84.5572201270485,Oryzorictes tetradactylus,Oryzorictes_tetradactylus,MAMMALIA,0.999906706599894,67,2961.3516096471
rank,18,18,84.5572201270485,Otus rutilus,Otus_rutilus,AVES,0.999999999999489,12,23341.719815813
rank,18,18,84.5572201270485,Oxylabes madagascariensis,Oxylabes_madagascariensis,AVES,1,26,13502.55795338
rank,18,18,84.5572201270485,Phaner electromontis,Phaner_electromontis,MAMMALIA,1.1181189119025e-07,1,17.4337788633315
rank,18,18,84.5572201270485,Phaner furcifer,Phaner_furcifer,MAMMALIA,0.887905466959644,58,892.662774423171
rank,18,18,84.5572201270485,Phaner pallescens,Phaner_pallescens,MAMMALIA,0.999999758558584,25,1776.45765183866
rank,18,18,84.5572201270485,Phaner parienti,Phaner_parienti,MAMMALIA,0.00280017666108967,1,24.4501852478648
rank,18,18,84.5572201270485,Philepitta castanea,Philepitta_castanea,AVES,0.998785191524495,15,11627.1386591889
rank,18,18,84.5572201270485,Philepitta schlegeli,Philepitta_schlegeli,AVES,0.98429887433208,17,2757.64145272502
rank,18,18,84.5572201270485,Ploceus nelicourvi,Ploceus_nelicourvi,AVES,1,19,14519.7491375887
rank,18,18,84.5572201270485,Ploceus sakalava,Ploceus_sakalava,AVES,0.999999989836725,37,9582.75052616745
rank,18,18,84.5572201270485,Polyboroides radiatus,Polyboroides_radiatus,AVES,0.989693919189614,5,19557.3577194214
rank,18,18,84.5572201270485,Pseudobias wardi,Pseudobias_wardi,AVES,1,25,12779.3833998493
rank,18,18,84.5572201270485,Pterocles personatus,Pterocles_personatus,AVES,0.48045074827556,5,2365.09260641784
rank,18,18,84.5572201270485,Rallus madagascariensis,Rallus_madagascariensis,AVES,0.999909870807265,4,6092.03430213985
rank,18,18,84.5572201270485,Randia pseudozosterops,Randia_pseudozosterops,AVES,1,23,11731.0811283616
rank,18,18,84.5572201270485,Sarothrura insularis,Sarothrura_insularis,AVES,0.999993874204537,10,15186.3257364436
rank,18,18,84.5572201270485,Schetba rufa,Schetba_rufa,AVES,0.999999999998957,30,8199.1342349886
rank,18,18,84.5572201270485,Setifer setosus,Setifer_setosus,MAMMALIA,1,196,24400.7892211676
rank,18,18,84.5572201270485,Tenrec ecaudatus,Tenrec_ecaudatus,MAMMALIA,1,154,24488.8203196377
rank,18,18,84.5572201270485,Thamnornis chloropetoides,Thamnornis_chloropetoides,AVES,0.999617064049584,4,2054.7136054337
rank,18,18,84.5572201270485,Treron australis,Treron_australis,AVES,0.999953020323242,10,23311.1229133979
rank,18,18,84.5572201270485,Turnix nigricollis,Turnix_nigricollis,AVES,0.999999999997694,15,24166.1686986014
rank,18,18,84.5572201270485,Tylas eduardi,Tylas_eduardi,AVES,0.999999999999572,10,14404.1806971095
rank,18,18,84.5572201270485,Vanga curvirostris,Vanga_curvirostris,AVES,0.999999999999984,25,25807.0932976157
rank,18,18,84.5572201270485,Varecia rubra,Varecia_rubra,MAMMALIA,1,91,15581.6094156821
rank,18,18,84.5572201270485,Varecia variegata,Varecia_variegata,MAMMALIA,1,75,15314.7353869588
rank,18,18,84.5572201270485,Xanthomixis apperti,Xanthomixis_apperti,AVES,0.441311210122258,1,68.4073899760842
rank,18,18,84.5572201270485,Xanthomixis cinereiceps,Xanthomixis_cinereiceps,AVES,1,21,5450.97324673634
rank,18,18,84.5572201270485,Xanthomixis zosterops,Xanthomixis_zosterops,AVES,1,28,14579.6283664677
rank,18,18,84.5572201270485,Xenopirostris damii,Xenopirostris_damii,AVES,0.00179910766481406,1,93.5023440420628
rank,18,18,84.5572201270485,Xenopirostris polleni,Xenopirostris_polleni,AVES,0.999999918226728,10,6060.80912494416
rank,18,18,84.5572201270485,Xenopirostris xenopirostris,Xenopirostris_xenopirostris,AVES,0.96505807541122,1,1102.55740338564
rank,19,19,89.261981960351,Accipiter henstii,Accipiter_henstii,AVES,0.228565446654341,1,12950.9485707009
rank,19,19,89.261981960351,Accipiter madagascariensis,Accipiter_madagascariensis,AVES,0.459420607038054,4,15599.6606778222
rank,19,19,89.261981960351,Acrocephalus newtoni,Acrocephalus_newtoni,AVES,1,76,16136.2526383123
rank,19,19,89.261981960351,Alectroenas madagascariensis,Alectroenas_madagascariensis,AVES,0.997706241032211,13,10715.1884542293
rank,19,19,89.261981960351,Allocebus trichotis,Allocebus_trichotis,MAMMALIA,0.00783473494650444,3,72.1001097112894
rank,19,19,89.261981960351,Anas bernieri,Anas_bernieri,AVES,0,1,161.555721102021
rank,19,19,89.261981960351,Apus balstoni,Apus_balstoni,AVES,0.999999999999658,24,14481.2827705182
rank,19,19,89.261981960351,Artamella viridis,Artamella_viridis,AVES,1,33,16693.8690299253
rank,19,19,89.261981960351,Asio madagascariensis,Asio_madagascariensis,AVES,0.511945838428718,2,10539.377738189
rank,19,19,89.261981960351,Atelornis crossleyi,Atelornis_crossleyi,AVES,0.999951594358162,5,4418.96071302891
rank,19,19,89.261981960351,Atelornis pittoides,Atelornis_pittoides,AVES,0.999965536396238,7,8434.04505475611
rank,19,19,89.261981960351,Athene superciliaris,Athene_superciliaris,AVES,0.999958839046686,11,11977.0420180866
rank,19,19,89.261981960351,Avahi laniger,Avahi_laniger,MAMMALIA,1,90,7489.70821981909
rank,19,19,89.261981960351,Avahi occidentalis,Avahi_occidentalis,MAMMALIA,0.996177513156648,4,630.900925964117
rank,19,19,89.261981960351,Aviceda madagascariensis,Aviceda_madagascariensis,AVES,0.711534818217337,2,15136.0194676817
rank,19,19,89.261981960351,Bernieria madagascariensis,Bernieria_madagascariensis,AVES,1,57,14735.6848640298
rank,19,19,89.261981960351,Brachypteracias leptosomus,Brachypteracias_leptosomus,AVES,0.99973284959107,4,7574.16915476322
rank,19,19,89.261981960351,Brachytarsomys albicauda,Brachytarsomys_albicauda,MAMMALIA,0.999986767402173,34,1146.93386770785
rank,19,19,89.261981960351,Brachyuromys betsileoensis,Brachyuromys_betsileoensis,MAMMALIA,1,66,3086.95133849978
rank,19,19,89.261981960351,Brachyuromys ramirohitra,Brachyuromys_ramirohitra,MAMMALIA,0.65541484639138,2,90.5857082977891
rank,19,19,89.261981960351,Bradypterus brunneus,Bradypterus_brunneus,AVES,0.999999999999624,32,3978.83077586713
rank,19,19,89.261981960351,Bradypterus seebohmi,Bradypterus_seebohmi,AVES,0.452718231585579,1,71.7493425011635
rank,19,19,89.261981960351,Buteo brachypterus,Buteo_brachypterus,AVES,0.394608971591531,1,15903.0698176902
rank,19,19,89.261981960351,Calicalicus madagascariensis,Calicalicus_madagascariensis,AVES,1,77,14904.5466714874
rank,19,19,89.261981960351,Cheirogaleus crossleyi,Cheirogaleus_crossleyi,MAMMALIA,0.999999991348359,30,1846.92355938245
rank,19,19,89.261981960351,Cheirogaleus major,Cheirogaleus_major,MAMMALIA,1,140,10563.2356939316
rank,19,19,89.261981960351,Cheirogaleus medius,Cheirogaleus_medius,MAMMALIA,1,234,8601.17627750439
rank,19,19,89.261981960351,Cinnyris notatus,Cinnyris_notatus,AVES,1,104,15756.2633623946
rank,19,19,89.261981960351,Copsychus albospecularis,Copsychus_albospecularis,AVES,0.999999999832883,31,9795.9248418808
rank,19,19,89.261981960351,Coracopsis nigra,Coracopsis_nigra,AVES,0.999211550985607,10,17085.8576174043
rank,19,19,89.261981960351,Corythornis madagascariensis,Corythornis_madagascariensis,AVES,0.552197386913878,20,13772.9602398712
rank,19,19,89.261981960351,Coua caerulea,Coua_caerulea,AVES,0.999600412216494,5,8062.0778456482
rank,19,19,89.261981960351,Coua coquereli,Coua_coquereli,AVES,0.999981735657933,8,5380.21931063384
rank,19,19,89.261981960351,Coua cristata,Coua_cristata,AVES,0.999999999999566,16,14657.7174940787
rank,19,19,89.261981960351,Coua cursor,Coua_cursor,AVES,0.97260848309123,3,2302.99536398798
rank,19,19,89.261981960351,Coua gigas,Coua_gigas,AVES,0.999590078720951,3,6452.60918211937
rank,19,19,89.261981960351,Coua reynaudii,Coua_reynaudii,AVES,0.999314363429056,4,6670.24135629054
rank,19,19,89.261981960351,Coua ruficeps,Coua_ruficeps,AVES,0.946002164203061,3,1236.82700334501
rank,19,19,89.261981960351,Coua serriana,Coua_serriana,AVES,0.981427569121382,3,6193.96254061228
rank,19,19,89.261981960351,Crossleyia xanthophrys,Crossleyia_xanthophrys,AVES,0.999999994865068,28,2228.89258766174
rank,19,19,89.261981960351,Cryptoprocta ferox,Cryptoprocta_ferox,MAMMALIA,0,0,0
rank,19,19,89.261981960351,Cryptosylvicola randrianasoloi,Cryptosylvicola_randrianasoloi,AVES,0.999999978443457,26,2217.62016790079
rank,19,19,89.261981960351,Cyanolanius madagascarinus,Cyanolanius_madagascarinus,AVES,1,67,15177.8446321355
rank,19,19,89.261981960351,Daubentonia madagascariensis,Daubentonia_madagascariensis,MAMMALIA,0.999923600269008,54,4127.37463286539
rank,19,19,89.261981960351,Echinops telfairi,Echinops_telfairi,MAMMALIA,0.999999999999858,138,7802.13176843919
rank,19,19,89.261981960351,Eliurus antsingy,Eliurus_antsingy,MAMMALIA,0.0133748649300235,5,69.4813072830439
rank,19,19,89.261981960351,Eliurus grandidieri,Eliurus_grandidieri,MAMMALIA,0.999632507167591,25,907.502299378443
rank,19,19,89.261981960351,Eliurus majori,Eliurus_majori,MAMMALIA,1,104,7742.96558334678
rank,19,19,89.261981960351,Eliurus minor,Eliurus_minor,MAMMALIA,1,289,12097.2475978045
rank,19,19,89.261981960351,Eliurus myoxinus,Eliurus_myoxinus,MAMMALIA,1,285,13166.8090095147
rank,19,19,89.261981960351,Eliurus tanala,Eliurus_tanala,MAMMALIA,1,127,8445.13863480836
rank,19,19,89.261981960351,Eliurus webbi,Eliurus_webbi,MAMMALIA,1,152,10078.506966631
rank,19,19,89.261981960351,Eremopterix hova,Eremopterix_hova,AVES,0.988211176774828,11,898.777006140777
rank,19,19,89.261981960351,Eulemur albifrons,Eulemur_albifrons,MAMMALIA,1,41,3538.8312977451
rank,19,19,89.261981960351,Eulemur cinereiceps,Eulemur_cinereiceps,MAMMALIA,1,188,15118.4217144095
rank,19,19,89.261981960351,Eulemur collaris,Eulemur_collaris,MAMMALIA,1,155,14767.0607773172
rank,19,19,89.261981960351,Eulemur coronatus,Eulemur_coronatus,MAMMALIA,1,117,4357.45082461088
rank,19,19,89.261981960351,Eulemur flavifrons,Eulemur_flavifrons,MAMMALIA,0.000213248908682684,1,25.074716512655
rank,19,19,89.261981960351,Eulemur fulvus,Eulemur_fulvus,MAMMALIA,1,187,15146.8584540757
rank,19,19,89.261981960351,Eulemur macaco,Eulemur_macaco,MAMMALIA,1,71,7169.33141876012
rank,19,19,89.261981960351,Eulemur mongoz,Eulemur_mongoz,MAMMALIA,0.999665195947468,13,924.170204356313
rank,19,19,89.261981960351,Eulemur rubriventer,Eulemur_rubriventer,MAMMALIA,1,194,12738.4496754343
rank,19,19,89.261981960351,Eulemur rufus,Eulemur_rufus,MAMMALIA,1,131,8930.12523483461
rank,19,19,89.261981960351,Eulemur sanfordi,Eulemur_sanfordi,MAMMALIA,1,218,15350.5019172998
rank,19,19,89.261981960351,Euryceros prevostii,Euryceros_prevostii,AVES,0.974414720350657,3,1020.17852262408
rank,19,19,89.261981960351,Falco zoniventris,Falco_zoniventris,AVES,0.385296048306996,6,11921.7876632389
rank,19,19,89.261981960351,Falculea palliata,Falculea_palliata,AVES,0.999999947550605,16,5879.00314238194
rank,19,19,89.261981960351,Fossa fossana,Fossa_fossana,MAMMALIA,0,1,1970.60722625256
rank,19,19,89.261981960351,Foudia madagascariensis,Foudia_madagascariensis,AVES,0.999999999999972,97,19040.2058656227
rank,19,19,89.261981960351,Foudia omissa,Foudia_omissa,AVES,0.999999997471574,27,8954.45241255313
rank,19,19,89.261981960351,Gactornis enarratus,Gactornis_enarratus,AVES,0.999999690740546,10,8626.41004145145
rank,19,19,89.261981960351,Galidia elegans,Galidia_elegans,MAMMALIA,0,1,1743.91057761128
rank,19,19,89.261981960351,Galidictis fasciata,Galidictis_fasciata,MAMMALIA,0,0,0
rank,19,19,89.261981960351,Geobiastes squamiger,Geobiastes_squamiger,AVES,0.96061830066165,4,2261.17803859315
rank,19,19,89.261981960351,Geogale aurita,Geogale_aurita,MAMMALIA,0.999994438661924,183,5934.80933141708
rank,19,19,89.261981960351,Gymnuromys roberti,Gymnuromys_roberti,MAMMALIA,1,67,6233.71181406826
rank,19,19,89.261981960351,Haliaeetus vociferoides,Haliaeetus_vociferoides,AVES,0,0,0
rank,19,19,89.261981960351,Hapalemur alaotrensis,Hapalemur_alaotrensis,MAMMALIA,0.999741313713122,24,1026.20030702214
rank,19,19,89.261981960351,Hapalemur aureus,Hapalemur_aureus,MAMMALIA,0.999990989779226,13,1163.36120759696
rank,19,19,89.261981960351,Hapalemur griseus,Hapalemur_griseus,MAMMALIA,1,175,14211.23008333
rank,19,19,89.261981960351,Hapalemur occidentalis,Hapalemur_occidentalis,MAMMALIA,0.99995786113878,25,898.578444032447
rank,19,19,89.261981960351,Hartertula flavoviridis,Hartertula_flavoviridis,AVES,0.999999999346113,27,3095.61802859946
rank,19,19,89.261981960351,Hartlaubius auratus,Hartlaubius_auratus,AVES,0.999999999999987,51,15111.1288882941
rank,19,19,89.261981960351,Hemicentetes nigriceps,Hemicentetes_nigriceps,MAMMALIA,0.99879080814351,17,1193.67178113014
rank,19,19,89.261981960351,Hemicentetes semispinosus,Hemicentetes_semispinosus,MAMMALIA,1,107,10495.333868973
rank,19,19,89.261981960351,Hypogeomys antimena,Hypogeomys_antimena,MAMMALIA,0.133821965840603,5,104.686912983656
rank,19,19,89.261981960351,Hypositta corallirostris,Hypositta_corallirostris,AVES,0.999999981260244,32,9994.92165201157
rank,19,19,89.261981960351,Indri indri,Indri_indri,MAMMALIA,0.999999674889544,31,8524.38285346329
rank,19,19,89.261981960351,Lemur catta,Lemur_catta,MAMMALIA,1,59,3192.09798527509
rank,19,19,89.261981960351,Lepidopygia nana,Lepidopygia_nana,AVES,0.999822775660472,148,19051.6024095304
rank,19,19,89.261981960351,Lepilemur ankaranensis,Lepilemur_ankaranensis,MAMMALIA,0.942459903341428,13,361.823311685567
rank,19,19,89.261981960351,Lepilemur edwardsi,Lepilemur_edwardsi,MAMMALIA,0.999999977674074,40,2238.79081068845
rank,19,19,89.261981960351,Lepilemur leucopus,Lepilemur_leucopus,MAMMALIA,0.999999999995599,23,2646.66964954994
rank,19,19,89.261981960351,Lepilemur microdon,Lepilemur_microdon,MAMMALIA,0.999992184017966,20,1846.85719183124
rank,19,19,89.261981960351,Lepilemur mustelinus,Lepilemur_mustelinus,MAMMALIA,1,155,12857.1928150579
rank,19,19,89.261981960351,Lepilemur ruficaudatus,Lepilemur_ruficaudatus,MAMMALIA,0.999999999993425,52,2608.48286565393
rank,19,19,89.261981960351,Leptopterus chabert,Leptopterus_chabert,AVES,1,75,17795.8908586844
rank,19,19,89.261981960351,Lophotibis cristata,Lophotibis_cristata,AVES,0.994922503744996,2,13831.322511249
rank,19,19,89.261981960351,Macrotarsomys bastardi,Macrotarsomys_bastardi,MAMMALIA,0.999999955916377,58,1870.31583029777
rank,19,19,89.261981960351,Margaroperdix madagarensis,Margaroperdix_madagarensis,AVES,0.999999999997429,18,14907.678012602
rank,19,19,89.261981960351,Mentocrex kioloides,Mentocrex_kioloides,AVES,0.996098886631005,5,7559.73112371564
rank,19,19,89.261981960351,Mesitornis unicolor,Mesitornis_unicolor,AVES,0,1,89.8278131379858
rank,19,19,89.261981960351,Mesitornis variegatus,Mesitornis_variegatus,AVES,0.987101627593309,4,1890.48961352557
rank,19,19,89.261981960351,Microcebus berthae,Microcebus_berthae,MAMMALIA,1.52725555535582e-08,2,17.7781751081347
rank,19,19,89.261981960351,Microcebus griseorufus,Microcebus_griseorufus,MAMMALIA,0.995769019106108,14,501.433658043884
rank,19,19,89.261981960351,Microcebus murinus,Microcebus_murinus,MAMMALIA,1,347,12177.9378949697
rank,19,19,89.261981960351,Microcebus myoxinus,Microcebus_myoxinus,MAMMALIA,0.999999688166137,69,857.813579306007
rank,19,19,89.261981960351,Microcebus ravelobensis,Microcebus_ravelobensis,MAMMALIA,0.778620368188765,15,246.875988043973
rank,19,19,89.261981960351,Microcebus rufus,Microcebus_rufus,MAMMALIA,1,229,10137.8568119176
rank,19,19,89.261981960351,Microcebus tavaratra,Microcebus_tavaratra,MAMMALIA,0.99299040243765,44,755.209141209722
rank,19,19,89.261981960351,Microgale brevicaudata,Microgale_brevicaudata,MAMMALIA,0.999999810278538,214,7122.88771446049
rank,19,19,89.261981960351,Microgale cowani,Microgale_cowani,MAMMALIA,0.999999999993562,146,8763.94453124897
rank,19,19,89.261981960351,Microgale drouhardi,Microgale_drouhardi,MAMMALIA,0.999999960253559,92,6004.00824279211
rank,19,19,89.261981960351,Microgale dryas,Microgale_dryas,MAMMALIA,0.81349005983602,37,1074.4374065685
rank,19,19,89.261981960351,Microgale fotsifotsy,Microgale_fotsifotsy,MAMMALIA,0.999999961116002,120,6882.64102352411
rank,19,19,89.261981960351,Microgale gracilis,Microgale_gracilis,MAMMALIA,0.999997469603849,49,3668.39805011348
rank,19,19,89.261981960351,Microgale gymnorhyncha,Microgale_gymnorhyncha,MAMMALIA,0.99999968120035,49,4225.4342450425
rank,19,19,89.261981960351,Microgale longicaudata,Microgale_longicaudata,MAMMALIA,0.999999999730362,199,9833.05989474614
rank,19,19,89.261981960351,Microgale mergulus,Microgale_mergulus,MAMMALIA,0.999829720865895,37,1972.01019370325
rank,19,19,89.261981960351,Microgale parvula,Microgale_parvula,MAMMALIA,0.999999981785396,226,10542.0882491145
rank,19,19,89.261981960351,Microgale principula,Microgale_principula,MAMMALIA,0.999999999987761,148,9355.83720964193
rank,19,19,89.261981960351,Microgale pusilla,Microgale_pusilla,MAMMALIA,0.993559919595068,100,3822.40521982312
rank,19,19,89.261981960351,Microgale soricoides,Microgale_soricoides,MAMMALIA,0.999999999500235,61,5603.63087520003
rank,19,19,89.261981960351,Microgale taiva,Microgale_taiva,MAMMALIA,0.99999999992971,129,8389.69184391946
rank,19,19,89.261981960351,Microgale thomasi,Microgale_thomasi,MAMMALIA,0.99999999985893,63,5686.79283950712
rank,19,19,89.261981960351,Mirza coquereli,Mirza_coquereli,MAMMALIA,0.998650534077223,15,1098.60395729542
rank,19,19,89.261981960351,Monias benschi,Monias_benschi,AVES,0,1,82.9420458882274
rank,19,19,89.261981960351,Monticola erythronotus,Monticola_erythronotus,AVES,0.505764981643065,1,97.4973036619822
rank,19,19,89.261981960351,Monticola sharpei,Monticola_sharpei,AVES,0.999999999999677,48,11285.2346173659
rank,19,19,89.261981960351,Monticolomys koopmani,Monticolomys_koopmani,MAMMALIA,0.132627251095215,6,104.060766987503
rank,19,19,89.261981960351,Motacilla flaviventris,Motacilla_flaviventris,AVES,0.99948281196804,14,1276.80389495194
rank,19,19,89.261981960351,Mystacornis crossleyi,Mystacornis_crossleyi,AVES,1,20,9106.20049759001
rank,19,19,89.261981960351,Neodrepanis coruscans,Neodrepanis_coruscans,AVES,0.999966194134959,27,7249.9536543861
rank,19,19,89.261981960351,Neodrepanis hypoxantha,Neodrepanis_hypoxantha,AVES,0.0211788111247608,3,88.4296057149768
rank,19,19,89.261981960351,Neomixis striatigula,Neomixis_striatigula,AVES,1,46,9827.8949812466
rank,19,19,89.261981960351,Neomixis tenella,Neomixis_tenella,AVES,1,116,15452.6337556653
rank,19,19,89.261981960351,Neomixis viridis,Neomixis_viridis,AVES,1,44,9434.42157865316
rank,19,19,89.261981960351,Nesillas lantzii,Nesillas_lantzii,AVES,0.999372530397005,3,1509.72889263183
rank,19,19,89.261981960351,Nesogale dobsoni,Nesogale_dobsoni,MAMMALIA,1,140,9615.27811546912
rank,19,19,89.261981960351,Nesogale talazaci,Nesogale_talazaci,MAMMALIA,1,122,10030.2456501126
rank,19,19,89.261981960351,Nesomys audeberti,Nesomys_audeberti,MAMMALIA,0.999999982719925,48,1907.42668808252
rank,19,19,89.261981960351,Nesomys lambertoni,Nesomys_lambertoni,MAMMALIA,0.999891320050555,22,797.747832484543
rank,19,19,89.261981960351,Nesomys rufus,Nesomys_rufus,MAMMALIA,1,109,8290.37960200757
rank,19,19,89.261981960351,Newtonia amphichroa,Newtonia_amphichroa,AVES,0.999999999999998,28,8338.55519962311
rank,19,19,89.261981960351,Newtonia archboldi,Newtonia_archboldi,AVES,0.999875132901326,5,1283.98924651676
rank,19,19,89.261981960351,Newtonia brunneicauda,Newtonia_brunneicauda,AVES,1,118,17837.7284328379
rank,19,19,89.261981960351,Newtonia fanovanae,Newtonia_fanovanae,AVES,0.353055283448657,2,98.2207024819943
rank,19,19,89.261981960351,Oriolia bernieri,Oriolia_bernieri,AVES,0.999788611833944,17,2881.43801254779
rank,19,19,89.261981960351,Oryzorictes hova,Oryzorictes_hova,MAMMALIA,1,128,9615.1428566277
rank,19,19,89.261981960351,Oryzorictes tetradactylus,Oryzorictes_tetradactylus,MAMMALIA,0.984791701308025,58,1886.76518058777
rank,19,19,89.261981960351,Otus rutilus,Otus_rutilus,AVES,0.999999999989315,18,16285.4999641838
rank,19,19,89.261981960351,Oxylabes madagascariensis,Oxylabes_madagascariensis,AVES,1,31,9432.59652988613
rank,19,19,89.261981960351,Phaner electromontis,Phaner_electromontis,MAMMALIA,1.1181189119025e-07,1,17.4337788633315
rank,19,19,89.261981960351,Phaner furcifer,Phaner_furcifer,MAMMALIA,0.84869899740219,49,801.010971511564
rank,19,19,89.261981960351,Phaner pallescens,Phaner_pallescens,MAMMALIA,0.999990902965649,16,1313.819397524
rank,19,19,89.261981960351,Phaner parienti,Phaner_parienti,MAMMALIA,0.00280017666108967,1,24.4501852478648
rank,19,19,89.261981960351,Philepitta castanea,Philepitta_castanea,AVES,0.998403941361056,15,8175.83934094549
rank,19,19,89.261981960351,Philepitta schlegeli,Philepitta_schlegeli,AVES,0.970377515501322,15,2264.24239530345
rank,19,19,89.261981960351,Ploceus nelicourvi,Ploceus_nelicourvi,AVES,1,25,9875.41679948214
rank,19,19,89.261981960351,Ploceus sakalava,Ploceus_sakalava,AVES,0.999999703672866,39,7095.67772587153
rank,19,19,89.261981960351,Polyboroides radiatus,Polyboroides_radiatus,AVES,0.913605227992388,5,13273.3097002283
rank,19,19,89.261981960351,Pseudobias wardi,Pseudobias_wardi,AVES,1,28,8845.04539912301
rank,19,19,89.261981960351,Pterocles personatus,Pterocles_personatus,AVES,0.234704933580974,5,1478.49070940067
rank,19,19,89.261981960351,Rallus madagascariensis,Rallus_madagascariensis,AVES,0.999925987215051,5,4322.83541357517
rank,19,19,89.261981960351,Randia pseudozosterops,Randia_pseudozosterops,AVES,1,24,8328.20481974194
rank,19,19,89.261981960351,Sarothrura insularis,Sarothrura_insularis,AVES,0.999966617645576,16,10143.655411236
rank,19,19,89.261981960351,Schetba rufa,Schetba_rufa,AVES,0.999999999469335,33,6247.32590808619
rank,19,19,89.261981960351,Setifer setosus,Setifer_setosus,MAMMALIA,1,187,17121.6660503322
rank,19,19,89.261981960351,Tenrec ecaudatus,Tenrec_ecaudatus,MAMMALIA,1,146,16857.3625822856
rank,19,19,89.261981960351,Thamnornis chloropetoides,Thamnornis_chloropetoides,AVES,0.999484419428314,3,1751.93282265216
rank,19,19,89.261981960351,Treron australis,Treron_australis,AVES,0.999512891692661,13,16561.9286723004
rank,19,19,89.261981960351,Turnix nigricollis,Turnix_nigricollis,AVES,0.999999999638827,25,16966.3957039451
rank,19,19,89.261981960351,Tylas eduardi,Tylas_eduardi,AVES,0.999999999999931,14,9814.64461454179
rank,19,19,89.261981960351,Vanga curvirostris,Vanga_curvirostris,AVES,0.999999999999994,36,18008.6976873758
rank,19,19,89.261981960351,Varecia rubra,Varecia_rubra,MAMMALIA,1,97,10478.0592248216
rank,19,19,89.261981960351,Varecia variegata,Varecia_variegata,MAMMALIA,1,79,10213.3885996565
rank,19,19,89.261981960351,Xanthomixis apperti,Xanthomixis_apperti,AVES,0.441311210122258,1,68.4073899760842
rank,19,19,89.261981960351,Xanthomixis cinereiceps,Xanthomixis_cinereiceps,AVES,0.999999999998023,18,3848.95704780519
rank,19,19,89.261981960351,Xanthomixis zosterops,Xanthomixis_zosterops,AVES,1,35,9891.86047990004
rank,19,19,89.261981960351,Xenopirostris damii,Xenopirostris_damii,AVES,0.00179910766481406,1,93.5023440420628
rank,19,19,89.261981960351,Xenopirostris polleni,Xenopirostris_polleni,AVES,0.999994485999256,13,4236.4662142843
rank,19,19,89.261981960351,Xenopirostris xenopirostris,Xenopirostris_xenopirostris,AVES,0.958644178969148,1,986.061600647867
rank,20,20,93.953331763907,Accipiter henstii,Accipiter_henstii,AVES,0.0528171897840178,2,7590.18469697982
rank,20,20,93.953331763907,Accipiter madagascariensis,Accipiter_madagascariensis,AVES,0.0263247318705802,6,8540.23142959178
rank,20,20,93.953331763907,Acrocephalus newtoni,Acrocephalus_newtoni,AVES,1,77,9257.8264979387
rank,20,20,93.953331763907,Alectroenas madagascariensis,Alectroenas_madagascariensis,AVES,0.994437166364732,13,5950.99580287596
rank,20,20,93.953331763907,Allocebus trichotis,Allocebus_trichotis,MAMMALIA,0.00783473494650444,3,72.1001097112894
rank,20,20,93.953331763907,Anas bernieri,Anas_bernieri,AVES,0,1,161.555721102021
rank,20,20,93.953331763907,Apus balstoni,Apus_balstoni,AVES,0.999999997995576,24,7937.65335188806
rank,20,20,93.953331763907,Artamella viridis,Artamella_viridis,AVES,0.99999999999901,42,9462.13489046458
rank,20,20,93.953331763907,Asio madagascariensis,Asio_madagascariensis,AVES,0.334963786394408,2,5915.02423197031
rank,20,20,93.953331763907,Atelornis crossleyi,Atelornis_crossleyi,AVES,0.998441554118735,6,2684.5424412787
rank,20,20,93.953331763907,Atelornis pittoides,Atelornis_pittoides,AVES,0.999082883802986,8,4852.53302370012
rank,20,20,93.953331763907,Athene superciliaris,Athene_superciliaris,AVES,0.992686149645279,12,6729.44160179794
rank,20,20,93.953331763907,Avahi laniger,Avahi_laniger,MAMMALIA,0.999999999999307,67,4226.63547857108
rank,20,20,93.953331763907,Avahi occidentalis,Avahi_occidentalis,MAMMALIA,0.987453370193672,4,553.770237079059
rank,20,20,93.953331763907,Aviceda madagascariensis,Aviceda_madagascariensis,AVES,0.140060596473202,5,8739.5452240035
rank,20,20,93.953331763907,Bernieria madagascariensis,Bernieria_madagascariensis,AVES,1,62,8412.98745175918
rank,20,20,93.953331763907,Brachypteracias leptosomus,Brachypteracias_leptosomus,AVES,0.998894735974779,4,4288.51740356535
rank,20,20,93.953331763907,Brachytarsomys albicauda,Brachytarsomys_albicauda,MAMMALIA,0.995178146077365,23,680.165517110033
rank,20,20,93.953331763907,Brachyuromys betsileoensis,Brachyuromys_betsileoensis,MAMMALIA,0.999999999795899,45,1782.41729991883
rank,20,20,93.953331763907,Brachyuromys ramirohitra,Brachyuromys_ramirohitra,MAMMALIA,0.65541484639138,2,90.5857082977891
rank,20,20,93.953331763907,Bradypterus brunneus,Bradypterus_brunneus,AVES,0.999999996358082,30,2436.76208647929
rank,20,20,93.953331763907,Bradypterus seebohmi,Bradypterus_seebohmi,AVES,0.452718231585579,1,71.7493425011635
rank,20,20,93.953331763907,Buteo brachypterus,Buteo_brachypterus,AVES,0.160894893605399,2,9111.09884382784
rank,20,20,93.953331763907,Calicalicus madagascariensis,Calicalicus_madagascariensis,AVES,0.999999999999725,71,8407.68304758776
rank,20,20,93.953331763907,Cheirogaleus crossleyi,Cheirogaleus_crossleyi,MAMMALIA,0.999475246819465,26,1156.73935348569
rank,20,20,93.953331763907,Cheirogaleus major,Cheirogaleus_major,MAMMALIA,1,101,5815.03431762251
rank,20,20,93.953331763907,Cheirogaleus medius,Cheirogaleus_medius,MAMMALIA,1,154,4911.94025991857
rank,20,20,93.953331763907,Cinnyris notatus,Cinnyris_notatus,AVES,1,94,8993.50322523713
rank,20,20,93.953331763907,Copsychus albospecularis,Copsychus_albospecularis,AVES,0.999999995919474,35,5415.94378761202
rank,20,20,93.953331763907,Coracopsis nigra,Coracopsis_nigra,AVES,0.994823120167011,17,9686.35687881888
rank,20,20,93.953331763907,Corythornis madagascariensis,Corythornis_madagascariensis,AVES,0.238172062053744,16,7270.54597085019
rank,20,20,93.953331763907,Coua caerulea,Coua_caerulea,AVES,0.996816016451066,2,4405.4077325818
rank,20,20,93.953331763907,Coua coquereli,Coua_coquereli,AVES,0.998146453421014,7,2928.36169207025
rank,20,20,93.953331763907,Coua cristata,Coua_cristata,AVES,0.99999997665287,17,8134.170773983
rank,20,20,93.953331763907,Coua cursor,Coua_cursor,AVES,0.89986288629663,2,1274.73916883767
rank,20,20,93.953331763907,Coua gigas,Coua_gigas,AVES,0.997450649454633,3,3698.5109525919
rank,20,20,93.953331763907,Coua reynaudii,Coua_reynaudii,AVES,0.994786460548759,3,3605.57062286806
rank,20,20,93.953331763907,Coua ruficeps,Coua_ruficeps,AVES,0.788246753478455,2,798.123355836616
rank,20,20,93.953331763907,Coua serriana,Coua_serriana,AVES,0.881669971917379,3,3363.28547835449
rank,20,20,93.953331763907,Crossleyia xanthophrys,Crossleyia_xanthophrys,AVES,0.999976721586114,26,1485.11082294583
rank,20,20,93.953331763907,Cryptoprocta ferox,Cryptoprocta_ferox,MAMMALIA,0,0,0
rank,20,20,93.953331763907,Cryptosylvicola randrianasoloi,Cryptosylvicola_randrianasoloi,AVES,0.999904546036401,23,1416.21384851635
rank,20,20,93.953331763907,Cyanolanius madagascarinus,Cyanolanius_madagascarinus,AVES,1,69,8649.23329556733
rank,20,20,93.953331763907,Daubentonia madagascariensis,Daubentonia_madagascariensis,MAMMALIA,0.798966187266493,34,1912.01368761063
rank,20,20,93.953331763907,Echinops telfairi,Echinops_telfairi,MAMMALIA,0.999998730984217,92,4242.40681967139
rank,20,20,93.953331763907,Eliurus antsingy,Eliurus_antsingy,MAMMALIA,0.0133748649300235,5,69.4813072830439
rank,20,20,93.953331763907,Eliurus grandidieri,Eliurus_grandidieri,MAMMALIA,0.997916532587778,20,725.549203694483
rank,20,20,93.953331763907,Eliurus majori,Eliurus_majori,MAMMALIA,1,79,4381.85659442097
rank,20,20,93.953331763907,Eliurus minor,Eliurus_minor,MAMMALIA,1,185,7010.69844097241
rank,20,20,93.953331763907,Eliurus myoxinus,Eliurus_myoxinus,MAMMALIA,1,191,7443.25682794211
rank,20,20,93.953331763907,Eliurus tanala,Eliurus_tanala,MAMMALIA,1,94,4771.33895022422
rank,20,20,93.953331763907,Eliurus webbi,Eliurus_webbi,MAMMALIA,1,102,5500.54458942264
rank,20,20,93.953331763907,Eremopterix hova,Eremopterix_hova,AVES,0.909991570285455,4,466.163209207356
rank,20,20,93.953331763907,Eulemur albifrons,Eulemur_albifrons,MAMMALIA,0.999999999926402,29,2029.64052019268
rank,20,20,93.953331763907,Eulemur cinereiceps,Eulemur_cinereiceps,MAMMALIA,1,139,8610.30314151198
rank,20,20,93.953331763907,Eulemur collaris,Eulemur_collaris,MAMMALIA,1,121,8433.20230326599
rank,20,20,93.953331763907,Eulemur coronatus,Eulemur_coronatus,MAMMALIA,0.999999999999997,80,2411.17657419588
rank,20,20,93.953331763907,Eulemur flavifrons,Eulemur_flavifrons,MAMMALIA,0.000213248908682684,1,25.074716512655
rank,20,20,93.953331763907,Eulemur fulvus,Eulemur_fulvus,MAMMALIA,1,140,8646.38410302997
rank,20,20,93.953331763907,Eulemur macaco,Eulemur_macaco,MAMMALIA,1,56,4086.61020474881
rank,20,20,93.953331763907,Eulemur mongoz,Eulemur_mongoz,MAMMALIA,0.988435374942022,6,587.025863513351
rank,20,20,93.953331763907,Eulemur rubriventer,Eulemur_rubriventer,MAMMALIA,1,139,7368.51042996791
rank,20,20,93.953331763907,Eulemur rufus,Eulemur_rufus,MAMMALIA,1,90,5319.14033400267
rank,20,20,93.953331763907,Eulemur sanfordi,Eulemur_sanfordi,MAMMALIA,1,153,8736.87440377474
rank,20,20,93.953331763907,Euryceros prevostii,Euryceros_prevostii,AVES,0.889502277823812,3,540.457818804471
rank,20,20,93.953331763907,Falco zoniventris,Falco_zoniventris,AVES,0.0902177991810456,6,6346.3703211546
rank,20,20,93.953331763907,Falculea palliata,Falculea_palliata,AVES,0.999941726361088,16,3226.46942363679
rank,20,20,93.953331763907,Fossa fossana,Fossa_fossana,MAMMALIA,0,0,0
rank,20,20,93.953331763907,Foudia madagascariensis,Foudia_madagascariensis,AVES,0.999999999920053,93,10731.4071279913
rank,20,20,93.953331763907,Foudia omissa,Foudia_omissa,AVES,0.999999742727921,35,5126.84274863452
rank,20,20,93.953331763907,Gactornis enarratus,Gactornis_enarratus,AVES,0.999985277975207,10,4717.05618275702
rank,20,20,93.953331763907,Galidia elegans,Galidia_elegans,MAMMALIA,0,0,0
rank,20,20,93.953331763907,Galidictis fasciata,Galidictis_fasciata,MAMMALIA,0,0,0
rank,20,20,93.953331763907,Geobiastes squamiger,Geobiastes_squamiger,AVES,0.681242794213152,6,1386.85174231568
rank,20,20,93.953331763907,Geogale aurita,Geogale_aurita,MAMMALIA,0.992168889087851,115,3514.03751511127
rank,20,20,93.953331763907,Gymnuromys roberti,Gymnuromys_roberti,MAMMALIA,1,57,3763.35207981616
rank,20,20,93.953331763907,Haliaeetus vociferoides,Haliaeetus_vociferoides,AVES,0,0,0
rank,20,20,93.953331763907,Hapalemur alaotrensis,Hapalemur_alaotrensis,MAMMALIA,0.931994435139672,21,528.08535996622
rank,20,20,93.953331763907,Hapalemur aureus,Hapalemur_aureus,MAMMALIA,0.99951308601135,10,699.530468818435
rank,20,20,93.953331763907,Hapalemur griseus,Hapalemur_griseus,MAMMALIA,1,139,8077.80008462697
rank,20,20,93.953331763907,Hapalemur occidentalis,Hapalemur_occidentalis,MAMMALIA,0.991177083732821,18,563.448945112527
rank,20,20,93.953331763907,Hartertula flavoviridis,Hartertula_flavoviridis,AVES,0.999999002945047,27,1935.02255625512
rank,20,20,93.953331763907,Hartlaubius auratus,Hartlaubius_auratus,AVES,0.999999999984975,56,8588.22428803891
rank,20,20,93.953331763907,Hemicentetes nigriceps,Hemicentetes_nigriceps,MAMMALIA,0.958370727912107,12,701.17609833926
rank,20,20,93.953331763907,Hemicentetes semispinosus,Hemicentetes_semispinosus,MAMMALIA,0.999999999996674,92,5841.77213892341
rank,20,20,93.953331763907,Hypogeomys antimena,Hypogeomys_antimena,MAMMALIA,0.133821965840603,5,104.686912983656
rank,20,20,93.953331763907,Hypositta corallirostris,Hypositta_corallirostris,AVES,0.999998874712333,34,5577.86510606855
rank,20,20,93.953331763907,Indri indri,Indri_indri,MAMMALIA,0.99658757440947,26,4242.28205121309
rank,20,20,93.953331763907,Lemur catta,Lemur_catta,MAMMALIA,1,38,1712.45398492366
rank,20,20,93.953331763907,Lepidopygia nana,Lepidopygia_nana,AVES,0.994122140716743,116,10920.3304880038
rank,20,20,93.953331763907,Lepilemur ankaranensis,Lepilemur_ankaranensis,MAMMALIA,0.942459903341428,13,361.823311685567
rank,20,20,93.953331763907,Lepilemur edwardsi,Lepilemur_edwardsi,MAMMALIA,0.999930941225221,30,1433.15443140223
rank,20,20,93.953331763907,Lepilemur leucopus,Lepilemur_leucopus,MAMMALIA,0.999999605973436,22,1465.23517946916
rank,20,20,93.953331763907,Lepilemur microdon,Lepilemur_microdon,MAMMALIA,0.994656404976917,18,1092.68555708828
rank,20,20,93.953331763907,Lepilemur mustelinus,Lepilemur_mustelinus,MAMMALIA,1,130,7539.82578930259
rank,20,20,93.953331763907,Lepilemur ruficaudatus,Lepilemur_ruficaudatus,MAMMALIA,0.999999954045738,37,1567.3403371051
rank,20,20,93.953331763907,Leptopterus chabert,Leptopterus_chabert,AVES,0.999999999999989,74,10014.2282954454
rank,20,20,93.953331763907,Lophotibis cristata,Lophotibis_cristata,AVES,0.993036380331344,5,7599.81362375612
rank,20,20,93.953331763907,Macrotarsomys bastardi,Macrotarsomys_bastardi,MAMMALIA,0.999906516705107,38,1053.67561226498
rank,20,20,93.953331763907,Margaroperdix madagarensis,Margaroperdix_madagarensis,AVES,0.999999996285212,20,8365.19177230729
rank,20,20,93.953331763907,Mentocrex kioloides,Mentocrex_kioloides,AVES,0.984839585731558,5,4367.11440205574
rank,20,20,93.953331763907,Mesitornis unicolor,Mesitornis_unicolor,AVES,0,1,89.8278131379858
rank,20,20,93.953331763907,Mesitornis variegatus,Mesitornis_variegatus,AVES,0.947522216701645,4,1382.71440528333
rank,20,20,93.953331763907,Microcebus berthae,Microcebus_berthae,MAMMALIA,1.52725555535582e-08,2,17.7781751081347
rank,20,20,93.953331763907,Microcebus griseorufus,Microcebus_griseorufus,MAMMALIA,0.989843616207177,15,447.888764316952
rank,20,20,93.953331763907,Microcebus murinus,Microcebus_murinus,MAMMALIA,1,223,6704.44709672779
rank,20,20,93.953331763907,Microcebus myoxinus,Microcebus_myoxinus,MAMMALIA,0.999934745026034,28,499.461970139383
rank,20,20,93.953331763907,Microcebus ravelobensis,Microcebus_ravelobensis,MAMMALIA,0.778620368188765,15,246.875988043973
rank,20,20,93.953331763907,Microcebus rufus,Microcebus_rufus,MAMMALIA,1,140,5607.71018459794
rank,20,20,93.953331763907,Microcebus tavaratra,Microcebus_tavaratra,MAMMALIA,0.96143244176338,31,463.795780405402
rank,20,20,93.953331763907,Microgale brevicaudata,Microgale_brevicaudata,MAMMALIA,0.999570003237998,129,4256.4708044827
rank,20,20,93.953331763907,Microgale cowani,Microgale_cowani,MAMMALIA,0.999998962378398,106,5003.96097734472
rank,20,20,93.953331763907,Microgale drouhardi,Microgale_drouhardi,MAMMALIA,0.999775698752197,70,3502.612380873
rank,20,20,93.953331763907,Microgale dryas,Microgale_dryas,MAMMALIA,0.531487006737971,22,712.111005490908
rank,20,20,93.953331763907,Microgale fotsifotsy,Microgale_fotsifotsy,MAMMALIA,0.999775181072366,85,4050.05204737186
rank,20,20,93.953331763907,Microgale gracilis,Microgale_gracilis,MAMMALIA,0.999779555536847,39,2303.83531090617
rank,20,20,93.953331763907,Microgale gymnorhyncha,Microgale_gymnorhyncha,MAMMALIA,0.999577309491474,40,2542.40061604977
rank,20,20,93.953331763907,Microgale longicaudata,Microgale_longicaudata,MAMMALIA,0.999988973360413,136,5627.53929948062
rank,20,20,93.953331763907,Microgale mergulus,Microgale_mergulus,MAMMALIA,0.969881017275999,33,1275.95471667498
rank,20,20,93.953331763907,Microgale parvula,Microgale_parvula,MAMMALIA,0.999815187426351,141,5866.09711521864
rank,20,20,93.953331763907,Microgale principula,Microgale_principula,MAMMALIA,0.999994816934428,104,5199.21025600284
rank,20,20,93.953331763907,Microgale pusilla,Microgale_pusilla,MAMMALIA,0.952036276696351,48,2063.91241500527
rank,20,20,93.953331763907,Microgale soricoides,Microgale_soricoides,MAMMALIA,0.999973973333024,52,3323.48493436724
rank,20,20,93.953331763907,Microgale taiva,Microgale_taiva,MAMMALIA,0.999995198410785,94,4815.86658482254
rank,20,20,93.953331763907,Microgale thomasi,Microgale_thomasi,MAMMALIA,0.999979360252719,53,3494.54919864802
rank,20,20,93.953331763907,Mirza coquereli,Mirza_coquereli,MAMMALIA,0.950151605861134,16,710.407492958009
rank,20,20,93.953331763907,Monias benschi,Monias_benschi,AVES,0,1,82.9420458882274
rank,20,20,93.953331763907,Monticola erythronotus,Monticola_erythronotus,AVES,0.505764981643065,1,97.4973036619822
rank,20,20,93.953331763907,Monticola sharpei,Monticola_sharpei,AVES,0.999999999999947,48,6260.33612355095
rank,20,20,93.953331763907,Monticolomys koopmani,Monticolomys_koopmani,MAMMALIA,0.132627251095215,6,104.060766987503
rank,20,20,93.953331763907,Motacilla flaviventris,Motacilla_flaviventris,AVES,0.970468207249631,14,654.787226296961
rank,20,20,93.953331763907,Mystacornis crossleyi,Mystacornis_crossleyi,AVES,0.999999999999997,27,5145.37383951992
rank,20,20,93.953331763907,Neodrepanis coruscans,Neodrepanis_coruscans,AVES,0.999775994263548,33,4271.03586565703
rank,20,20,93.953331763907,Neodrepanis hypoxantha,Neodrepanis_hypoxantha,AVES,0.0211788111247608,3,88.4296057149768
rank,20,20,93.953331763907,Neomixis striatigula,Neomixis_striatigula,AVES,1,39,5526.39959888905
rank,20,20,93.953331763907,Neomixis tenella,Neomixis_tenella,AVES,1,91,8842.60832426697
rank,20,20,93.953331763907,Neomixis viridis,Neomixis_viridis,AVES,1,39,5385.09219071269
rank,20,20,93.953331763907,Nesillas lantzii,Nesillas_lantzii,AVES,0.999815299383423,3,918.050772018731
rank,20,20,93.953331763907,Nesogale dobsoni,Nesogale_dobsoni,MAMMALIA,0.999999997389167,101,5460.78374127583
rank,20,20,93.953331763907,Nesogale talazaci,Nesogale_talazaci,MAMMALIA,0.999999999769067,94,5579.51337067038
rank,20,20,93.953331763907,Nesomys audeberti,Nesomys_audeberti,MAMMALIA,0.999965958035349,34,1194.87523777783
rank,20,20,93.953331763907,Nesomys lambertoni,Nesomys_lambertoni,MAMMALIA,0.997071650547805,12,468.590486250818
rank,20,20,93.953331763907,Nesomys rufus,Nesomys_rufus,MAMMALIA,1,83,4664.95816507936
rank,20,20,93.953331763907,Newtonia amphichroa,Newtonia_amphichroa,AVES,0.999999999999338,30,4857.02310733497
rank,20,20,93.953331763907,Newtonia archboldi,Newtonia_archboldi,AVES,0.997904180453474,5,790.718227922916
rank,20,20,93.953331763907,Newtonia brunneicauda,Newtonia_brunneicauda,AVES,1,100,10166.5224238485
rank,20,20,93.953331763907,Newtonia fanovanae,Newtonia_fanovanae,AVES,0.353055283448657,2,98.2207024819943
rank,20,20,93.953331763907,Oriolia bernieri,Oriolia_bernieri,AVES,0.997295727033397,14,1691.49712343514
rank,20,20,93.953331763907,Oryzorictes hova,Oryzorictes_hova,MAMMALIA,0.999999990076873,98,5357.80416779965
rank,20,20,93.953331763907,Oryzorictes tetradactylus,Oryzorictes_tetradactylus,MAMMALIA,0.880015389054521,34,1148.01587234243
rank,20,20,93.953331763907,Otus rutilus,Otus_rutilus,AVES,0.999999925492428,15,8819.3244221434
rank,20,20,93.953331763907,Oxylabes madagascariensis,Oxylabes_madagascariensis,AVES,1,32,5387.01673065126
rank,20,20,93.953331763907,Phaner electromontis,Phaner_electromontis,MAMMALIA,1.1181189119025e-07,1,17.4337788633315
rank,20,20,93.953331763907,Phaner furcifer,Phaner_furcifer,MAMMALIA,0.824390737447393,27,494.600476674212
rank,20,20,93.953331763907,Phaner pallescens,Phaner_pallescens,MAMMALIA,0.999974366459624,13,787.963279701769
rank,20,20,93.953331763907,Phaner parienti,Phaner_parienti,MAMMALIA,0.00280017666108967,1,24.4501852478648
rank,20,20,93.953331763907,Philepitta castanea,Philepitta_castanea,AVES,0.994909036003853,20,4778.16658337414
rank,20,20,93.953331763907,Philepitta schlegeli,Philepitta_schlegeli,AVES,0.937900545348351,10,1612.993595846
rank,20,20,93.953331763907,Ploceus nelicourvi,Ploceus_nelicourvi,AVES,1,30,5391.88900581747
rank,20,20,93.953331763907,Ploceus sakalava,Ploceus_sakalava,AVES,0.999955515119273,37,3904.85695680231
rank,20,20,93.953331763907,Polyboroides radiatus,Polyboroides_radiatus,AVES,0.327161320424696,5,6827.53701961786
rank,20,20,93.953331763907,Pseudobias wardi,Pseudobias_wardi,AVES,0.99999999999994,30,5145.60308113694
rank,20,20,93.953331763907,Pterocles personatus,Pterocles_personatus,AVES,0.0230605146925407,2,674.07961179316
rank,20,20,93.953331763907,Rallus madagascariensis,Rallus_madagascariensis,AVES,0.998273296886831,4,2587.46196717024
rank,20,20,93.953331763907,Randia pseudozosterops,Randia_pseudozosterops,AVES,0.999999999999979,34,4618.81022839251
rank,20,20,93.953331763907,Sarothrura insularis,Sarothrura_insularis,AVES,0.99849061437175,17,5442.71268069744
rank,20,20,93.953331763907,Schetba rufa,Schetba_rufa,AVES,0.999999881990526,33,4068.8039650768
rank,20,20,93.953331763907,Setifer setosus,Setifer_setosus,MAMMALIA,1,152,9929.96520890295
rank,20,20,93.953331763907,Tenrec ecaudatus,Tenrec_ecaudatus,MAMMALIA,1,125,9666.24479286373
rank,20,20,93.953331763907,Thamnornis chloropetoides,Thamnornis_chloropetoides,AVES,0.99957733157698,5,926.777863755822
rank,20,20,93.953331763907,Treron australis,Treron_australis,AVES,0.994952346744419,17,9587.46340120584
rank,20,20,93.953331763907,Turnix nigricollis,Turnix_nigricollis,AVES,0.999998662328925,23,9384.90459059924
rank,20,20,93.953331763907,Tylas eduardi,Tylas_eduardi,AVES,0.99999999999997,21,5366.2096651718
rank,20,20,93.953331763907,Vanga curvirostris,Vanga_curvirostris,AVES,0.999999999836104,40,10188.8524749462
rank,20,20,93.953331763907,Varecia rubra,Varecia_rubra,MAMMALIA,1,82,5795.67977921665
rank,20,20,93.953331763907,Varecia variegata,Varecia_variegata,MAMMALIA,0.999999999999958,70,5618.53695745766
rank,20,20,93.953331763907,Xanthomixis apperti,Xanthomixis_apperti,AVES,0.441311210122258,1,68.4073899760842
rank,20,20,93.953331763907,Xanthomixis cinereiceps,Xanthomixis_cinereiceps,AVES,0.999999997322917,20,2429.33069609106
rank,20,20,93.953331763907,Xanthomixis zosterops,Xanthomixis_zosterops,AVES,1,39,5442.22863270342
rank,20,20,93.953331763907,Xenopirostris damii,Xenopirostris_damii,AVES,0.00179910766481406,1,93.5023440420628
rank,20,20,93.953331763907,Xenopirostris polleni,Xenopirostris_polleni,AVES,0.999712066755947,17,2386.28314033151
rank,20,20,93.953331763907,Xenopirostris xenopirostris,Xenopirostris_xenopirostris,AVES,0.92203292082158,1,646.385237231851
rank,21,21,98.6595004534767,Accipiter henstii,Accipiter_henstii,AVES,0,1,944.15013658829
rank,21,21,98.6595004534767,Accipiter madagascariensis,Accipiter_madagascariensis,AVES,0,0,0
rank,21,21,98.6595004534767,Acrocephalus newtoni,Acrocephalus_newtoni,AVES,0.99999916605628,39,2020.69511060058
rank,21,21,98.6595004534767,Alectroenas madagascariensis,Alectroenas_madagascariensis,AVES,0.376133378151499,13,1288.5008148402
rank,21,21,98.6595004534767,Allocebus trichotis,Allocebus_trichotis,MAMMALIA,0.00783473494650444,3,72.1001097112894
rank,21,21,98.6595004534767,Anas bernieri,Anas_bernieri,AVES,0,0,0
rank,21,21,98.6595004534767,Apus balstoni,Apus_balstoni,AVES,0.685211093396696,12,1408.37320953097
rank,21,21,98.6595004534767,Artamella viridis,Artamella_viridis,AVES,0.983675833521641,34,2012.00613594878
rank,21,21,98.6595004534767,Asio madagascariensis,Asio_madagascariensis,AVES,2.26157332003929e-05,2,988.26698804044
rank,21,21,98.6595004534767,Atelornis crossleyi,Atelornis_crossleyi,AVES,0.018385311126869,3,357.950240008533
rank,21,21,98.6595004534767,Atelornis pittoides,Atelornis_pittoides,AVES,0.00304018515883053,6,735.237848751247
rank,21,21,98.6595004534767,Athene superciliaris,Athene_superciliaris,AVES,0.00767061984229067,8,1231.94347761571
rank,21,21,98.6595004534767,Avahi laniger,Avahi_laniger,MAMMALIA,0.952539372221836,25,910.57546555969
rank,21,21,98.6595004534767,Avahi occidentalis,Avahi_occidentalis,MAMMALIA,0.0205754321645916,5,131.246489872885
rank,21,21,98.6595004534767,Aviceda madagascariensis,Aviceda_madagascariensis,AVES,0,0,0
rank,21,21,98.6595004534767,Bernieria madagascariensis,Bernieria_madagascariensis,AVES,0.999806446319457,31,1778.73055008557
rank,21,21,98.6595004534767,Brachypteracias leptosomus,Brachypteracias_leptosomus,AVES,0.0208882098659744,4,664.221976697445
rank,21,21,98.6595004534767,Brachytarsomys albicauda,Brachytarsomys_albicauda,MAMMALIA,0.517317349609982,5,139.709619428111
rank,21,21,98.6595004534767,Brachyuromys betsileoensis,Brachyuromys_betsileoensis,MAMMALIA,0.514932813338063,16,338.470879398286
rank,21,21,98.6595004534767,Brachyuromys ramirohitra,Brachyuromys_ramirohitra,MAMMALIA,0.65541484639138,2,90.5857082977891
rank,21,21,98.6595004534767,Bradypterus brunneus,Bradypterus_brunneus,AVES,0.958265929921899,13,594.141999907792
rank,21,21,98.6595004534767,Bradypterus seebohmi,Bradypterus_seebohmi,AVES,0.452718231585579,1,71.7493425011635
rank,21,21,98.6595004534767,Buteo brachypterus,Buteo_brachypterus,AVES,0,0,0
rank,21,21,98.6595004534767,Calicalicus madagascariensis,Calicalicus_madagascariensis,AVES,0.991335725747171,34,1781.34370054305
rank,21,21,98.6595004534767,Cheirogaleus crossleyi,Cheirogaleus_crossleyi,MAMMALIA,0.397628803580595,8,259.284809149802
rank,21,21,98.6595004534767,Cheirogaleus major,Cheirogaleus_major,MAMMALIA,0.999998447642369,35,1234.35745862871
rank,21,21,98.6595004534767,Cheirogaleus medius,Cheirogaleus_medius,MAMMALIA,1,51,1169.58611917246
rank,21,21,98.6595004534767,Cinnyris notatus,Cinnyris_notatus,AVES,0.999999536181148,46,1931.80564244326
rank,21,21,98.6595004534767,Copsychus albospecularis,Copsychus_albospecularis,AVES,0.938124295475796,19,1073.28560412675
rank,21,21,98.6595004534767,Coracopsis nigra,Coracopsis_nigra,AVES,0.0723465195714192,15,1990.71069988701
rank,21,21,98.6595004534767,Corythornis madagascariensis,Corythornis_madagascariensis,AVES,8.0555762630441e-06,8,1147.84736131877
rank,21,21,98.6595004534767,Coua caerulea,Coua_caerulea,AVES,8.42424458850077e-05,2,463.873936694985
rank,21,21,98.6595004534767,Coua coquereli,Coua_coquereli,AVES,0.246802476632148,4,612.019722245634
rank,21,21,98.6595004534767,Coua cristata,Coua_cristata,AVES,0.594422482636401,10,1354.49027358741
rank,21,21,98.6595004534767,Coua cursor,Coua_cursor,AVES,0,1,114.441985972226
rank,21,21,98.6595004534767,Coua gigas,Coua_gigas,AVES,9.22795073238225e-05,2,490.328259564936
rank,21,21,98.6595004534767,Coua reynaudii,Coua_reynaudii,AVES,0.000100399512316329,3,510.172826506198
rank,21,21,98.6595004534767,Coua ruficeps,Coua_ruficeps,AVES,0.000119045757941194,1,155.707748805634
rank,21,21,98.6595004534767,Coua serriana,Coua_serriana,AVES,0.000316568627798386,4,574.497367918491
rank,21,21,98.6595004534767,Crossleyia xanthophrys,Crossleyia_xanthophrys,AVES,0.570375591857253,10,336.280808180571
rank,21,21,98.6595004534767,Cryptoprocta ferox,Cryptoprocta_ferox,MAMMALIA,0,0,0
rank,21,21,98.6595004534767,Cryptosylvicola randrianasoloi,Cryptosylvicola_randrianasoloi,AVES,0.821150017663602,9,348.732310429215
rank,21,21,98.6595004534767,Cyanolanius madagascarinus,Cyanolanius_madagascarinus,AVES,0.999975460688122,35,1931.93831929564
rank,21,21,98.6595004534767,Daubentonia madagascariensis,Daubentonia_madagascariensis,MAMMALIA,1.72565917888612e-07,9,328.613744154573
rank,21,21,98.6595004534767,Echinops telfairi,Echinops_telfairi,MAMMALIA,0.247776748978557,27,800.27967889607
rank,21,21,98.6595004534767,Eliurus antsingy,Eliurus_antsingy,MAMMALIA,0.0133748649300235,5,69.4813072830439
rank,21,21,98.6595004534767,Eliurus grandidieri,Eliurus_grandidieri,MAMMALIA,0.381486446887531,7,181.104977369308
rank,21,21,98.6595004534767,Eliurus majori,Eliurus_majori,MAMMALIA,0.999989844164524,30,1100.1992841661
rank,21,21,98.6595004534767,Eliurus minor,Eliurus_minor,MAMMALIA,0.999980415594625,55,1490.78359366953
rank,21,21,98.6595004534767,Eliurus myoxinus,Eliurus_myoxinus,MAMMALIA,0.999998735151084,62,1696.45160747472
rank,21,21,98.6595004534767,Eliurus tanala,Eliurus_tanala,MAMMALIA,0.999979383634202,31,1090.36478701234
rank,21,21,98.6595004534767,Eliurus webbi,Eliurus_webbi,MAMMALIA,0.999955940744422,31,1092.67831300199
rank,21,21,98.6595004534767,Eremopterix hova,Eremopterix_hova,AVES,0.00624588882121535,4,98.7258216813207
rank,21,21,98.6595004534767,Eulemur albifrons,Eulemur_albifrons,MAMMALIA,0.883806473474509,12,410.335567032395
rank,21,21,98.6595004534767,Eulemur cinereiceps,Eulemur_cinereiceps,MAMMALIA,0.999995138295782,49,1769.06079467223
rank,21,21,98.6595004534767,Eulemur collaris,Eulemur_collaris,MAMMALIA,0.995686363402326,47,1745.11142515093
rank,21,21,98.6595004534767,Eulemur coronatus,Eulemur_coronatus,MAMMALIA,0.990723830669894,20,493.323876157403
rank,21,21,98.6595004534767,Eulemur flavifrons,Eulemur_flavifrons,MAMMALIA,0.000213248908682684,1,25.074716512655
rank,21,21,98.6595004534767,Eulemur fulvus,Eulemur_fulvus,MAMMALIA,0.999999827436104,49,1777.4916886
rank,21,21,98.6595004534767,Eulemur macaco,Eulemur_macaco,MAMMALIA,0.999995799921942,20,707.815683938563
rank,21,21,98.6595004534767,Eulemur mongoz,Eulemur_mongoz,MAMMALIA,0.102649324582005,5,148.938215001011
rank,21,21,98.6595004534767,Eulemur rubriventer,Eulemur_rubriventer,MAMMALIA,0.999999999968521,48,1572.51746893954
rank,21,21,98.6595004534767,Eulemur rufus,Eulemur_rufus,MAMMALIA,0.997507154499109,39,1251.70941500308
rank,21,21,98.6595004534767,Eulemur sanfordi,Eulemur_sanfordi,MAMMALIA,0.999999999998616,58,1832.9855923443
rank,21,21,98.6595004534767,Euryceros prevostii,Euryceros_prevostii,AVES,0.182536055361458,2,131.822597614808
rank,21,21,98.6595004534767,Falco zoniventris,Falco_zoniventris,AVES,0,1,380.44034280628
rank,21,21,98.6595004534767,Falculea palliata,Falculea_palliata,AVES,0.753624603331126,8,684.256886199117
rank,21,21,98.6595004534767,Fossa fossana,Fossa_fossana,MAMMALIA,0,0,0
rank,21,21,98.6595004534767,Foudia madagascariensis,Foudia_madagascariensis,AVES,0.978882761632166,48,2325.02222491801
rank,21,21,98.6595004534767,Foudia omissa,Foudia_omissa,AVES,0.934881272782157,18,1120.76222897321
rank,21,21,98.6595004534767,Gactornis enarratus,Gactornis_enarratus,AVES,0.164614933448405,8,809.779309421778
rank,21,21,98.6595004534767,Galidia elegans,Galidia_elegans,MAMMALIA,0,0,0
rank,21,21,98.6595004534767,Galidictis fasciata,Galidictis_fasciata,MAMMALIA,0,0,0
rank,21,21,98.6595004534767,Geobiastes squamiger,Geobiastes_squamiger,AVES,0,0,0
rank,21,21,98.6595004534767,Geogale aurita,Geogale_aurita,MAMMALIA,0.130162793413355,37,882.716614802701
rank,21,21,98.6595004534767,Gymnuromys roberti,Gymnuromys_roberti,MAMMALIA,0.999542776102115,24,821.657691270113
rank,21,21,98.6595004534767,Haliaeetus vociferoides,Haliaeetus_vociferoides,AVES,0,0,0
rank,21,21,98.6595004534767,Hapalemur alaotrensis,Hapalemur_alaotrensis,MAMMALIA,0.17190924596272,5,107.592381559312
rank,21,21,98.6595004534767,Hapalemur aureus,Hapalemur_aureus,MAMMALIA,0.674198113495702,5,158.317959137261
rank,21,21,98.6595004534767,Hapalemur griseus,Hapalemur_griseus,MAMMALIA,0.999717340468798,50,1732.80262774055
rank,21,21,98.6595004534767,Hapalemur occidentalis,Hapalemur_occidentalis,MAMMALIA,0.679882011570285,4,137.518889801388
rank,21,21,98.6595004534767,Hartertula flavoviridis,Hartertula_flavoviridis,AVES,0.686350589912645,11,385.027574397624
rank,21,21,98.6595004534767,Hartlaubius auratus,Hartlaubius_auratus,AVES,0.996489333011684,34,1939.51256898046
rank,21,21,98.6595004534767,Hemicentetes nigriceps,Hemicentetes_nigriceps,MAMMALIA,0.00248693311625192,5,132.115932181478
rank,21,21,98.6595004534767,Hemicentetes semispinosus,Hemicentetes_semispinosus,MAMMALIA,0.915007187526023,36,1312.93127039075
rank,21,21,98.6595004534767,Hypogeomys antimena,Hypogeomys_antimena,MAMMALIA,0.133657837995596,4,84.5054194554687
rank,21,21,98.6595004534767,Hypositta corallirostris,Hypositta_corallirostris,AVES,0.810777084506033,20,1193.87730754167
rank,21,21,98.6595004534767,Indri indri,Indri_indri,MAMMALIA,1.58761892521397e-14,8,587.775470450521
rank,21,21,98.6595004534767,Lemur catta,Lemur_catta,MAMMALIA,0.999988155950043,13,402.896567625127
rank,21,21,98.6595004534767,Lepidopygia nana,Lepidopygia_nana,AVES,0.43086476656784,58,2389.9846271053
rank,21,21,98.6595004534767,Lepilemur ankaranensis,Lepilemur_ankaranensis,MAMMALIA,0.347637534651362,3,86.1428855670107
rank,21,21,98.6595004534767,Lepilemur edwardsi,Lepilemur_edwardsi,MAMMALIA,0.441466977076289,10,315.604300543666
rank,21,21,98.6595004534767,Lepilemur leucopus,Lepilemur_leucopus,MAMMALIA,0.897310812747924,9,377.633389256895
rank,21,21,98.6595004534767,Lepilemur microdon,Lepilemur_microdon,MAMMALIA,1.48036525758899e-05,8,222.408183656633
rank,21,21,98.6595004534767,Lepilemur mustelinus,Lepilemur_mustelinus,MAMMALIA,0.998143747391277,48,1666.07800291786
rank,21,21,98.6595004534767,Lepilemur ruficaudatus,Lepilemur_ruficaudatus,MAMMALIA,0.845114959532067,12,280.752655997872
rank,21,21,98.6595004534767,Leptopterus chabert,Leptopterus_chabert,AVES,0.987903864496135,42,2162.97742340714
rank,21,21,98.6595004534767,Lophotibis cristata,Lophotibis_cristata,AVES,2.06946781933226e-09,2,658.470789962525
rank,21,21,98.6595004534767,Macrotarsomys bastardi,Macrotarsomys_bastardi,MAMMALIA,0.689689847970533,10,178.509512543678
rank,21,21,98.6595004534767,Margaroperdix madagarensis,Margaroperdix_madagarensis,AVES,0.976757579871517,14,1621.00770486891
rank,21,21,98.6595004534767,Mentocrex kioloides,Mentocrex_kioloides,AVES,0.00269179536930675,5,746.018464416266
rank,21,21,98.6595004534767,Mesitornis unicolor,Mesitornis_unicolor,AVES,0,1,89.8278131379858
rank,21,21,98.6595004534767,Mesitornis variegatus,Mesitornis_variegatus,AVES,0.00458782233784372,2,262.592259980738
rank,21,21,98.6595004534767,Microcebus berthae,Microcebus_berthae,MAMMALIA,1.52725555535582e-08,2,17.7781751081347
rank,21,21,98.6595004534767,Microcebus griseorufus,Microcebus_griseorufus,MAMMALIA,0.672436092543842,5,124.806276097894
rank,21,21,98.6595004534767,Microcebus murinus,Microcebus_murinus,MAMMALIA,0.999993736802411,65,1540.57333400846
rank,21,21,98.6595004534767,Microcebus myoxinus,Microcebus_myoxinus,MAMMALIA,0.650538282679703,10,103.197251516199
rank,21,21,98.6595004534767,Microcebus ravelobensis,Microcebus_ravelobensis,MAMMALIA,0.487706784087832,6,120.918976023168
rank,21,21,98.6595004534767,Microcebus rufus,Microcebus_rufus,MAMMALIA,0.999836174240227,40,1216.04801414162
rank,21,21,98.6595004534767,Microcebus tavaratra,Microcebus_tavaratra,MAMMALIA,0.464810329911853,9,90.9754367992282
rank,21,21,98.6595004534767,Microgale brevicaudata,Microgale_brevicaudata,MAMMALIA,0.273304765531285,44,945.577053204179
rank,21,21,98.6595004534767,Microgale cowani,Microgale_cowani,MAMMALIA,0.526342123893467,35,1146.07188330591
rank,21,21,98.6595004534767,Microgale drouhardi,Microgale_drouhardi,MAMMALIA,0.466263046090281,22,759.070256203413
rank,21,21,98.6595004534767,Microgale dryas,Microgale_dryas,MAMMALIA,2.60138601412274e-05,8,188.370269335806
rank,21,21,98.6595004534767,Microgale fotsifotsy,Microgale_fotsifotsy,MAMMALIA,0.529914751967718,24,829.496710121632
rank,21,21,98.6595004534767,Microgale gracilis,Microgale_gracilis,MAMMALIA,0.564434340214422,16,547.153312377632
rank,21,21,98.6595004534767,Microgale gymnorhyncha,Microgale_gymnorhyncha,MAMMALIA,0.195870921964472,18,585.545796692371
rank,21,21,98.6595004534767,Microgale longicaudata,Microgale_longicaudata,MAMMALIA,0.396176577518439,43,1259.16131555289
rank,21,21,98.6595004534767,Microgale mergulus,Microgale_mergulus,MAMMALIA,0.0439048778236273,10,270.28982654959
rank,21,21,98.6595004534767,Microgale parvula,Microgale_parvula,MAMMALIA,0.412371859995935,43,1278.33754193783
rank,21,21,98.6595004534767,Microgale principula,Microgale_principula,MAMMALIA,0.546293124894973,32,1068.53907775879
rank,21,21,98.6595004534767,Microgale pusilla,Microgale_pusilla,MAMMALIA,0.0997527542571212,17,486.309845067561
rank,21,21,98.6595004534767,Microgale soricoides,Microgale_soricoides,MAMMALIA,0.283321025225739,22,756.33204498142
rank,21,21,98.6595004534767,Microgale taiva,Microgale_taiva,MAMMALIA,0.573897108784489,31,997.473772317171
rank,21,21,98.6595004534767,Microgale thomasi,Microgale_thomasi,MAMMALIA,0.271885410512698,20,707.554320737779
rank,21,21,98.6595004534767,Mirza coquereli,Mirza_coquereli,MAMMALIA,0.228375258426718,5,161.673903621733
rank,21,21,98.6595004534767,Monias benschi,Monias_benschi,AVES,0,1,82.6798045453206
rank,21,21,98.6595004534767,Monticola erythronotus,Monticola_erythronotus,AVES,0.440968491279495,1,87.2931331276315
rank,21,21,98.6595004534767,Monticola sharpei,Monticola_sharpei,AVES,0.999567689310308,22,1388.04358071834
rank,21,21,98.6595004534767,Monticolomys koopmani,Monticolomys_koopmani,MAMMALIA,0.126370289370387,5,83.2273010760546
rank,21,21,98.6595004534767,Motacilla flaviventris,Motacilla_flaviventris,AVES,0.153599057682604,3,97.0516133531928
rank,21,21,98.6595004534767,Mystacornis crossleyi,Mystacornis_crossleyi,AVES,0.998664307410797,16,1034.51530104876
rank,21,21,98.6595004534767,Neodrepanis coruscans,Neodrepanis_coruscans,AVES,0.764386305166411,16,914.454542256892
rank,21,21,98.6595004534767,Neodrepanis hypoxantha,Neodrepanis_hypoxantha,AVES,0.0211788111247608,3,88.4296057149768
rank,21,21,98.6595004534767,Neomixis striatigula,Neomixis_striatigula,AVES,0.999999766596237,22,1189.6909083575
rank,21,21,98.6595004534767,Neomixis tenella,Neomixis_tenella,AVES,0.999999999997172,51,1928.85343239456
rank,21,21,98.6595004534767,Neomixis viridis,Neomixis_viridis,AVES,0.999999232665617,22,1134.91294685006
rank,21,21,98.6595004534767,Nesillas lantzii,Nesillas_lantzii,AVES,0.738689519436344,4,216.396738655865
rank,21,21,98.6595004534767,Nesogale dobsoni,Nesogale_dobsoni,MAMMALIA,0.710590074683122,34,1174.00973927975
rank,21,21,98.6595004534767,Nesogale talazaci,Nesogale_talazaci,MAMMALIA,0.893630565323366,32,1217.56661812216
rank,21,21,98.6595004534767,Nesomys audeberti,Nesomys_audeberti,MAMMALIA,0.762131990778978,11,310.314563676715
rank,21,21,98.6595004534767,Nesomys lambertoni,Nesomys_lambertoni,MAMMALIA,0.294329797892396,4,90.3573288321495
rank,21,21,98.6595004534767,Nesomys rufus,Nesomys_rufus,MAMMALIA,0.999938019404673,27,978.470191329718
rank,21,21,98.6595004534767,Newtonia amphichroa,Newtonia_amphichroa,AVES,0.996748996259515,19,1022.0940233022
rank,21,21,98.6595004534767,Newtonia archboldi,Newtonia_archboldi,AVES,0.609166189264299,3,179.112143583596
rank,21,21,98.6595004534767,Newtonia brunneicauda,Newtonia_brunneicauda,AVES,0.999999999645763,53,2170.79669577628
rank,21,21,98.6595004534767,Newtonia fanovanae,Newtonia_fanovanae,AVES,0.115746735743696,2,76.8874117764488
rank,21,21,98.6595004534767,Oriolia bernieri,Oriolia_bernieri,AVES,0.125792544870539,8,399.868386290967
rank,21,21,98.6595004534767,Oryzorictes hova,Oryzorictes_hova,MAMMALIA,0.553452775705824,35,1161.56509596109
rank,21,21,98.6595004534767,Oryzorictes tetradactylus,Oryzorictes_tetradactylus,MAMMALIA,8.75397929056554e-06,10,234.742006674409
rank,21,21,98.6595004534767,Otus rutilus,Otus_rutilus,AVES,0.123141582178398,9,1397.65922214836
rank,21,21,98.6595004534767,Oxylabes madagascariensis,Oxylabes_madagascariensis,AVES,0.99992943508281,19,1162.86647380143
rank,21,21,98.6595004534767,Phaner electromontis,Phaner_electromontis,MAMMALIA,1.1181189119025e-07,1,17.4337788633315
rank,21,21,98.6595004534767,Phaner furcifer,Phaner_furcifer,MAMMALIA,0.266324195552004,7,142.623213604093
rank,21,21,98.6595004534767,Phaner pallescens,Phaner_pallescens,MAMMALIA,0.918226193939644,4,161.876360550523
rank,21,21,98.6595004534767,Phaner parienti,Phaner_parienti,MAMMALIA,0.00280017666108967,1,24.4501852478648
rank,21,21,98.6595004534767,Philepitta castanea,Philepitta_castanea,AVES,0.572580967868615,14,986.991206660867
rank,21,21,98.6595004534767,Philepitta schlegeli,Philepitta_schlegeli,AVES,0.46527486816905,8,455.940998233855
rank,21,21,98.6595004534767,Ploceus nelicourvi,Ploceus_nelicourvi,AVES,0.999849123552301,18,1188.76966913044
rank,21,21,98.6595004534767,Ploceus sakalava,Ploceus_sakalava,AVES,0.806529906853787,20,899.493241719902
rank,21,21,98.6595004534767,Polyboroides radiatus,Polyboroides_radiatus,AVES,0,0,0
rank,21,21,98.6595004534767,Pseudobias wardi,Pseudobias_wardi,AVES,0.997968879591786,17,1033.8943657279
rank,21,21,98.6595004534767,Pterocles personatus,Pterocles_personatus,AVES,0,0,0
rank,21,21,98.6595004534767,Rallus madagascariensis,Rallus_madagascariensis,AVES,0.000203865989473084,2,288.369496613741
rank,21,21,98.6595004534767,Randia pseudozosterops,Randia_pseudozosterops,AVES,0.999158970370067,16,912.058637138834
rank,21,21,98.6595004534767,Sarothrura insularis,Sarothrura_insularis,AVES,0.130052986152907,10,1051.96113952994
rank,21,21,98.6595004534767,Schetba rufa,Schetba_rufa,AVES,0.953141587343382,17,980.657843584732
rank,21,21,98.6595004534767,Setifer setosus,Setifer_setosus,MAMMALIA,0.924408976122693,60,2172.85061570257
rank,21,21,98.6595004534767,Tenrec ecaudatus,Tenrec_ecaudatus,MAMMALIA,0.689009344076918,54,2034.38011740148
rank,21,21,98.6595004534767,Thamnornis chloropetoides,Thamnornis_chloropetoides,AVES,0.765914061932833,5,241.649832822902
rank,21,21,98.6595004534767,Treron australis,Treron_australis,AVES,0.14408189544866,14,2088.52616071701
rank,21,21,98.6595004534767,Turnix nigricollis,Turnix_nigricollis,AVES,0.159074125466969,15,1816.38534789532
rank,21,21,98.6595004534767,Tylas eduardi,Tylas_eduardi,AVES,0.999213219921786,17,1135.87492822111
rank,21,21,98.6595004534767,Vanga curvirostris,Vanga_curvirostris,AVES,0.980320987213875,33,2224.99991050947
rank,21,21,98.6595004534767,Varecia rubra,Varecia_rubra,MAMMALIA,0.999500767613446,31,1256.59770271182
rank,21,21,98.6595004534767,Varecia variegata,Varecia_variegata,MAMMALIA,0.915787165597257,30,1242.19683051854
rank,21,21,98.6595004534767,Xanthomixis apperti,Xanthomixis_apperti,AVES,0.441311210122258,1,68.4073899760842
rank,21,21,98.6595004534767,Xanthomixis cinereiceps,Xanthomixis_cinereiceps,AVES,0.984823771572632,10,561.672194868326
rank,21,21,98.6595004534767,Xanthomixis zosterops,Xanthomixis_zosterops,AVES,0.999935551823926,20,1189.66523128748
rank,21,21,98.6595004534767,Xenopirostris damii,Xenopirostris_damii,AVES,0.000647130271664409,1,87.660517372191
rank,21,21,98.6595004534767,Xenopirostris polleni,Xenopirostris_polleni,AVES,0.330946585586183,10,497.464924365282
rank,21,21,98.6595004534767,Xenopirostris xenopirostris,Xenopirostris_xenopirostris,AVES,0.0294420600245531,3,161.446017414331
rank,22,22,99.7962403173118,Accipiter henstii,Accipiter_henstii,AVES,0,0,0
rank,22,22,99.7962403173118,Accipiter madagascariensis,Accipiter_madagascariensis,AVES,0,0,0
rank,22,22,99.7962403173118,Acrocephalus newtoni,Acrocephalus_newtoni,AVES,0.0110761060687361,17,296.799323596655
rank,22,22,99.7962403173118,Alectroenas madagascariensis,Alectroenas_madagascariensis,AVES,1.11022302462516e-16,3,96.7258635535836
rank,22,22,99.7962403173118,Allocebus trichotis,Allocebus_trichotis,MAMMALIA,7.56262225443116e-06,1,20.419601044513
rank,22,22,99.7962403173118,Anas bernieri,Anas_bernieri,AVES,0,0,0
rank,22,22,99.7962403173118,Apus balstoni,Apus_balstoni,AVES,0,0,0
rank,22,22,99.7962403173118,Artamella viridis,Artamella_viridis,AVES,3.22480979075834e-06,7,177.977224669239
rank,22,22,99.7962403173118,Asio madagascariensis,Asio_madagascariensis,AVES,0,0,0
rank,22,22,99.7962403173118,Atelornis crossleyi,Atelornis_crossleyi,AVES,0,0,0
rank,22,22,99.7962403173118,Atelornis pittoides,Atelornis_pittoides,AVES,0,0,0
rank,22,22,99.7962403173118,Athene superciliaris,Athene_superciliaris,AVES,0,0,0
rank,22,22,99.7962403173118,Avahi laniger,Avahi_laniger,MAMMALIA,0,6,94.1238406375051
rank,22,22,99.7962403173118,Avahi occidentalis,Avahi_occidentalis,MAMMALIA,0,2,33.953342653811
rank,22,22,99.7962403173118,Aviceda madagascariensis,Aviceda_madagascariensis,AVES,0,0,0
rank,22,22,99.7962403173118,Bernieria madagascariensis,Bernieria_madagascariensis,AVES,0.00923732729831817,13,240.374841868459
rank,22,22,99.7962403173118,Brachypteracias leptosomus,Brachypteracias_leptosomus,AVES,0,0,0
rank,22,22,99.7962403173118,Brachytarsomys albicauda,Brachytarsomys_albicauda,MAMMALIA,2.22044604925031e-16,2,20.500615106722
rank,22,22,99.7962403173118,Brachyuromys betsileoensis,Brachyuromys_betsileoensis,MAMMALIA,0.00115232145774768,3,37.1071270033717
rank,22,22,99.7962403173118,Brachyuromys ramirohitra,Brachyuromys_ramirohitra,MAMMALIA,2.03839656265359e-09,2,18.0254101082683
rank,22,22,99.7962403173118,Bradypterus brunneus,Bradypterus_brunneus,AVES,0.00917107323439248,5,85.4810833632946
rank,22,22,99.7962403173118,Bradypterus seebohmi,Bradypterus_seebohmi,AVES,3.55409104368931e-08,1,18.621703784219
rank,22,22,99.7962403173118,Buteo brachypterus,Buteo_brachypterus,AVES,0,0,0
rank,22,22,99.7962403173118,Calicalicus madagascariensis,Calicalicus_madagascariensis,AVES,9.02989533528853e-05,12,211.52789590652
rank,22,22,99.7962403173118,Cheirogaleus crossleyi,Cheirogaleus_crossleyi,MAMMALIA,5.74016389975895e-11,3,39.9244391173124
rank,22,22,99.7962403173118,Cheirogaleus major,Cheirogaleus_major,MAMMALIA,0.00141141950357637,13,169.290725201368
rank,22,22,99.7962403173118,Cheirogaleus medius,Cheirogaleus_medius,MAMMALIA,0.764354327251176,17,173.680088407125
rank,22,22,99.7962403173118,Cinnyris notatus,Cinnyris_notatus,AVES,0.264132211918586,19,272.545655297911
rank,22,22,99.7962403173118,Copsychus albospecularis,Copsychus_albospecularis,AVES,0.000945231879438735,8,153.044052415254
rank,22,22,99.7962403173118,Coracopsis nigra,Coracopsis_nigra,AVES,0,0,0
rank,22,22,99.7962403173118,Corythornis madagascariensis,Corythornis_madagascariensis,AVES,0,0,0
rank,22,22,99.7962403173118,Coua caerulea,Coua_caerulea,AVES,0,0,0
rank,22,22,99.7962403173118,Coua coquereli,Coua_coquereli,AVES,0,0,0
rank,22,22,99.7962403173118,Coua cristata,Coua_cristata,AVES,0,0,0
rank,22,22,99.7962403173118,Coua cursor,Coua_cursor,AVES,0,0,0
rank,22,22,99.7962403173118,Coua gigas,Coua_gigas,AVES,0,0,0
rank,22,22,99.7962403173118,Coua reynaudii,Coua_reynaudii,AVES,0,0,0
rank,22,22,99.7962403173118,Coua ruficeps,Coua_ruficeps,AVES,0,0,0
rank,22,22,99.7962403173118,Coua serriana,Coua_serriana,AVES,0,0,0
rank,22,22,99.7962403173118,Crossleyia xanthophrys,Crossleyia_xanthophrys,AVES,0.00677376352091563,3,56.7936322838068
rank,22,22,99.7962403173118,Cryptoprocta ferox,Cryptoprocta_ferox,MAMMALIA,0,0,0
rank,22,22,99.7962403173118,Cryptosylvicola randrianasoloi,Cryptosylvicola_randrianasoloi,AVES,3.36648971380749e-05,3,48.7038290500641
rank,22,22,99.7962403173118,Cyanolanius madagascarinus,Cyanolanius_madagascarinus,AVES,0.0001834598146917,8,174.085831659402
rank,22,22,99.7962403173118,Daubentonia madagascariensis,Daubentonia_madagascariensis,MAMMALIA,0,1,30.0474985837936
rank,22,22,99.7962403173118,Echinops telfairi,Echinops_telfairi,MAMMALIA,0,4,50.8205328462782
rank,22,22,99.7962403173118,Eliurus antsingy,Eliurus_antsingy,MAMMALIA,0,1,8.176688618958
rank,22,22,99.7962403173118,Eliurus grandidieri,Eliurus_grandidieri,MAMMALIA,0.00609244506431539,2,26.11829090625
rank,22,22,99.7962403173118,Eliurus majori,Eliurus_majori,MAMMALIA,0.00689705778944627,14,179.583492733538
rank,22,22,99.7962403173118,Eliurus minor,Eliurus_minor,MAMMALIA,0.00421266336036841,17,205.911705031991
rank,22,22,99.7962403173118,Eliurus myoxinus,Eliurus_myoxinus,MAMMALIA,0.0140526599664054,23,279.077903373781
rank,22,22,99.7962403173118,Eliurus tanala,Eliurus_tanala,MAMMALIA,0.00740485478463782,13,163.167499564588
rank,22,22,99.7962403173118,Eliurus webbi,Eliurus_webbi,MAMMALIA,0.00835036796684441,13,162.350474119186
rank,22,22,99.7962403173118,Eremopterix hova,Eremopterix_hova,AVES,0,0,0
rank,22,22,99.7962403173118,Eulemur albifrons,Eulemur_albifrons,MAMMALIA,0,4,43.1283661251441
rank,22,22,99.7962403173118,Eulemur cinereiceps,Eulemur_cinereiceps,MAMMALIA,0.00772402926485571,18,253.367916071164
rank,22,22,99.7962403173118,Eulemur collaris,Eulemur_collaris,MAMMALIA,1.3345603488979e-07,7,134.9600228584
rank,22,22,99.7962403173118,Eulemur coronatus,Eulemur_coronatus,MAMMALIA,0.198061131591001,5,76.7581354316267
rank,22,22,99.7962403173118,Eulemur flavifrons,Eulemur_flavifrons,MAMMALIA,0,1,11.4304504641487
rank,22,22,99.7962403173118,Eulemur fulvus,Eulemur_fulvus,MAMMALIA,0.0210414872664964,18,253.367916071164
rank,22,22,99.7962403173118,Eulemur macaco,Eulemur_macaco,MAMMALIA,0.0337894400600116,7,85.3523133248091
rank,22,22,99.7962403173118,Eulemur mongoz,Eulemur_mongoz,MAMMALIA,0,1,20.4396103248
rank,22,22,99.7962403173118,Eulemur rubriventer,Eulemur_rubriventer,MAMMALIA,0.263746100580708,17,236.917778436726
rank,22,22,99.7962403173118,Eulemur rufus,Eulemur_rufus,MAMMALIA,1.03218011915374e-09,11,159.38615306536
rank,22,22,99.7962403173118,Eulemur sanfordi,Eulemur_sanfordi,MAMMALIA,0.258010699011597,19,259.536096329165
rank,22,22,99.7962403173118,Euryceros prevostii,Euryceros_prevostii,AVES,0,0,0
rank,22,22,99.7962403173118,Falco zoniventris,Falco_zoniventris,AVES,0,0,0
rank,22,22,99.7962403173118,Falculea palliata,Falculea_palliata,AVES,0,3,91.6907992178557
rank,22,22,99.7962403173118,Fossa fossana,Fossa_fossana,MAMMALIA,0,0,0
rank,22,22,99.7962403173118,Foudia madagascariensis,Foudia_madagascariensis,AVES,0.00465408301758408,20,330.752970717694
rank,22,22,99.7962403173118,Foudia omissa,Foudia_omissa,AVES,0.00151413345186702,11,179.962511844933
rank,22,22,99.7962403173118,Gactornis enarratus,Gactornis_enarratus,AVES,0,0,0
rank,22,22,99.7962403173118,Galidia elegans,Galidia_elegans,MAMMALIA,0,0,0
rank,22,22,99.7962403173118,Galidictis fasciata,Galidictis_fasciata,MAMMALIA,0,0,0
rank,22,22,99.7962403173118,Geobiastes squamiger,Geobiastes_squamiger,AVES,0,0,0
rank,22,22,99.7962403173118,Geogale aurita,Geogale_aurita,MAMMALIA,1.23631549442393e-10,12,141.969559693572
rank,22,22,99.7962403173118,Gymnuromys roberti,Gymnuromys_roberti,MAMMALIA,0.00692113422572138,11,139.333220645785
rank,22,22,99.7962403173118,Haliaeetus vociferoides,Haliaeetus_vociferoides,AVES,0,0,0
rank,22,22,99.7962403173118,Hapalemur alaotrensis,Hapalemur_alaotrensis,MAMMALIA,3.94974641881873e-09,1,19.1759705990553
rank,22,22,99.7962403173118,Hapalemur aureus,Hapalemur_aureus,MAMMALIA,6.04713945584479e-10,2,29.2454908999588
rank,22,22,99.7962403173118,Hapalemur griseus,Hapalemur_griseus,MAMMALIA,0.000826190757107437,17,245.672796855883
rank,22,22,99.7962403173118,Hapalemur occidentalis,Hapalemur_occidentalis,MAMMALIA,0,2,20.111112633553
rank,22,22,99.7962403173118,Hartertula flavoviridis,Hartertula_flavoviridis,AVES,0.0198857703239054,2,42.0770060271025
rank,22,22,99.7962403173118,Hartlaubius auratus,Hartlaubius_auratus,AVES,0.00720104666300636,16,272.153850324452
rank,22,22,99.7962403173118,Hemicentetes nigriceps,Hemicentetes_nigriceps,MAMMALIA,0,2,19.2030678547696
rank,22,22,99.7962403173118,Hemicentetes semispinosus,Hemicentetes_semispinosus,MAMMALIA,9.7514051389247e-08,15,209.37949796021
rank,22,22,99.7962403173118,Hypogeomys antimena,Hypogeomys_antimena,MAMMALIA,5.55111512312578e-16,1,16.5405275672674
rank,22,22,99.7962403173118,Hypositta corallirostris,Hypositta_corallirostris,AVES,3.27171980276653e-05,8,136.741847969592
rank,22,22,99.7962403173118,Indri indri,Indri_indri,MAMMALIA,0,0,0
rank,22,22,99.7962403173118,Lemur catta,Lemur_catta,MAMMALIA,0.000892081165633329,5,48.2862913348373
rank,22,22,99.7962403173118,Lepidopygia nana,Lepidopygia_nana,AVES,0.001381163698429,25,361.380094363396
rank,22,22,99.7962403173118,Lepilemur ankaranensis,Lepilemur_ankaranensis,MAMMALIA,3.05722114291029e-12,1,16.4159933336957
rank,22,22,99.7962403173118,Lepilemur edwardsi,Lepilemur_edwardsi,MAMMALIA,7.69795083233049e-09,2,33.953342653811
rank,22,22,99.7962403173118,Lepilemur leucopus,Lepilemur_leucopus,MAMMALIA,0,5,54.6663722991943
rank,22,22,99.7962403173118,Lepilemur microdon,Lepilemur_microdon,MAMMALIA,0,0,0
rank,22,22,99.7962403173118,Lepilemur mustelinus,Lepilemur_mustelinus,MAMMALIA,0.000289118238792074,18,256.394711360474
rank,22,22,99.7962403173118,Lepilemur ruficaudatus,Lepilemur_ruficaudatus,MAMMALIA,7.11523062690844e-11,3,38.6898460611701
rank,22,22,99.7962403173118,Leptopterus chabert,Leptopterus_chabert,AVES,2.41439182576686e-05,11,231.357422140845
rank,22,22,99.7962403173118,Lophotibis cristata,Lophotibis_cristata,AVES,0,0,0
rank,22,22,99.7962403173118,Macrotarsomys bastardi,Macrotarsomys_bastardi,MAMMALIA,0.000413048287069007,3,30.3316118493676
rank,22,22,99.7962403173118,Margaroperdix madagarensis,Margaroperdix_madagarensis,AVES,0,4,132.198033072054
rank,22,22,99.7962403173118,Mentocrex kioloides,Mentocrex_kioloides,AVES,0,0,0
rank,22,22,99.7962403173118,Mesitornis unicolor,Mesitornis_unicolor,AVES,0,0,0
rank,22,22,99.7962403173118,Mesitornis variegatus,Mesitornis_variegatus,AVES,0,0,0
rank,22,22,99.7962403173118,Microcebus berthae,Microcebus_berthae,MAMMALIA,1.52725555535582e-08,1,10.8090685233474
rank,22,22,99.7962403173118,Microcebus griseorufus,Microcebus_griseorufus,MAMMALIA,2.8466118351389e-13,2,15.0868947620556
rank,22,22,99.7962403173118,Microcebus murinus,Microcebus_murinus,MAMMALIA,0.00817415111375397,21,220.840243511069
rank,22,22,99.7962403173118,Microcebus myoxinus,Microcebus_myoxinus,MAMMALIA,0.00825261198827498,2,15.4940751940012
rank,22,22,99.7962403173118,Microcebus ravelobensis,Microcebus_ravelobensis,MAMMALIA,0.0103211885023268,1,20.4396103248
rank,22,22,99.7962403173118,Microcebus rufus,Microcebus_rufus,MAMMALIA,0.00134159763983843,16,191.392741888762
rank,22,22,99.7962403173118,Microcebus tavaratra,Microcebus_tavaratra,MAMMALIA,8.91541429570708e-09,2,15.4940751940012
rank,22,22,99.7962403173118,Microgale brevicaudata,Microgale_brevicaudata,MAMMALIA,4.33398872345947e-11,10,123.854378392501
rank,22,22,99.7962403173118,Microgale cowani,Microgale_cowani,MAMMALIA,4.91828799908944e-14,15,188.513883918524
rank,22,22,99.7962403173118,Microgale drouhardi,Microgale_drouhardi,MAMMALIA,1.86184401229639e-13,8,102.549525104463
rank,22,22,99.7962403173118,Microgale dryas,Microgale_dryas,MAMMALIA,8.88178419700125e-14,2,26.11829090625
rank,22,22,99.7962403173118,Microgale fotsifotsy,Microgale_fotsifotsy,MAMMALIA,6.51367848547579e-13,12,153.40656708926
rank,22,22,99.7962403173118,Microgale gracilis,Microgale_gracilis,MAMMALIA,3.0115909765982e-12,6,82.0410685932328
rank,22,22,99.7962403173118,Microgale gymnorhyncha,Microgale_gymnorhyncha,MAMMALIA,9.00313157359278e-12,8,106.646402411163
rank,22,22,99.7962403173118,Microgale longicaudata,Microgale_longicaudata,MAMMALIA,7.92033105767587e-13,15,188.513883918524
rank,22,22,99.7962403173118,Microgale mergulus,Microgale_mergulus,MAMMALIA,0,3,28.2722574546933
rank,22,22,99.7962403173118,Microgale parvula,Microgale_parvula,MAMMALIA,1.03538289053517e-11,16,192.39797270298
rank,22,22,99.7962403173118,Microgale principula,Microgale_principula,MAMMALIA,2.1138646388863e-13,11,136.454362675548
rank,22,22,99.7962403173118,Microgale pusilla,Microgale_pusilla,MAMMALIA,1.42275080605714e-12,7,82.0231429487467
rank,22,22,99.7962403173118,Microgale soricoides,Microgale_soricoides,MAMMALIA,8.08020317322189e-12,10,129.901056021452
rank,22,22,99.7962403173118,Microgale taiva,Microgale_taiva,MAMMALIA,8.54871728961371e-14,11,131.940509927031
rank,22,22,99.7962403173118,Microgale thomasi,Microgale_thomasi,MAMMALIA,3.2799318816501e-12,8,103.340103246272
rank,22,22,99.7962403173118,Mirza coquereli,Mirza_coquereli,MAMMALIA,0,3,37.552369594574
rank,22,22,99.7962403173118,Monias benschi,Monias_benschi,AVES,0,0,0
rank,22,22,99.7962403173118,Monticola erythronotus,Monticola_erythronotus,AVES,1.1207701433591e-12,1,16.4159933336957
rank,22,22,99.7962403173118,Monticola sharpei,Monticola_sharpei,AVES,0.0110132636791483,12,204.56093419662
rank,22,22,99.7962403173118,Monticolomys koopmani,Monticolomys_koopmani,MAMMALIA,5.15522476122188e-05,1,14.7166262567043
rank,22,22,99.7962403173118,Motacilla flaviventris,Motacilla_flaviventris,AVES,4.12458955878492e-12,1,19.1759705990553
rank,22,22,99.7962403173118,Mystacornis crossleyi,Mystacornis_crossleyi,AVES,0.000132832748456213,5,110.084990039468
rank,22,22,99.7962403173118,Neodrepanis coruscans,Neodrepanis_coruscans,AVES,0.00166280455538692,12,157.818169541657
rank,22,22,99.7962403173118,Neodrepanis hypoxantha,Neodrepanis_hypoxantha,AVES,2.62247825103534e-05,2,26.5738560706377
rank,22,22,99.7962403173118,Neomixis striatigula,Neomixis_striatigula,AVES,0.181583457299047,13,180.564146161079
rank,22,22,99.7962403173118,Neomixis tenella,Neomixis_tenella,AVES,0.417804091128403,20,274.10956742783
rank,22,22,99.7962403173118,Neomixis viridis,Neomixis_viridis,AVES,0.0335383083012687,13,168.754897005856
rank,22,22,99.7962403173118,Nesillas lantzii,Nesillas_lantzii,AVES,0.00225038962201274,1,29.927905585166
rank,22,22,99.7962403173118,Nesogale dobsoni,Nesogale_dobsoni,MAMMALIA,1.35114142096882e-13,15,191.302747860551
rank,22,22,99.7962403173118,Nesogale talazaci,Nesogale_talazaci,MAMMALIA,1.66533453693773e-14,15,191.302747860551
rank,22,22,99.7962403173118,Nesomys audeberti,Nesomys_audeberti,MAMMALIA,8.20283457472204e-05,4,54.2985472530127
rank,22,22,99.7962403173118,Nesomys lambertoni,Nesomys_lambertoni,MAMMALIA,5.94702065370711e-11,1,12.1306869462132
rank,22,22,99.7962403173118,Nesomys rufus,Nesomys_rufus,MAMMALIA,0.00359947386648507,12,149.535994149745
rank,22,22,99.7962403173118,Newtonia amphichroa,Newtonia_amphichroa,AVES,0.00199823628265061,8,131.421555541456
rank,22,22,99.7962403173118,Newtonia archboldi,Newtonia_archboldi,AVES,3.80736266591963e-06,1,21.9598947230209
rank,22,22,99.7962403173118,Newtonia brunneicauda,Newtonia_brunneicauda,AVES,0.228863159425368,22,326.112082436914
rank,22,22,99.7962403173118,Newtonia fanovanae,Newtonia_fanovanae,AVES,0,1,12.1862028294981
rank,22,22,99.7962403173118,Oriolia bernieri,Oriolia_bernieri,AVES,0,2,36.5745878592134
rank,22,22,99.7962403173118,Oryzorictes hova,Oryzorictes_hova,MAMMALIA,1.85185200507476e-13,13,161.255249276757
rank,22,22,99.7962403173118,Oryzorictes tetradactylus,Oryzorictes_tetradactylus,MAMMALIA,0,3,26.1088056862354
rank,22,22,99.7962403173118,Otus rutilus,Otus_rutilus,AVES,0,0,0
rank,22,22,99.7962403173118,Oxylabes madagascariensis,Oxylabes_madagascariensis,AVES,0.0049256709227814,9,160.990857280791
rank,22,22,99.7962403173118,Phaner electromontis,Phaner_electromontis,MAMMALIA,1.11022302462516e-16,1,13.6315054705877
rank,22,22,99.7962403173118,Phaner furcifer,Phaner_furcifer,MAMMALIA,4.44089209850063e-16,2,23.8342790504343
rank,22,22,99.7962403173118,Phaner pallescens,Phaner_pallescens,MAMMALIA,2.2242804585515e-05,2,27.3495960906148
rank,22,22,99.7962403173118,Phaner parienti,Phaner_parienti,MAMMALIA,0,1,11.8092493536571
rank,22,22,99.7962403173118,Philepitta castanea,Philepitta_castanea,AVES,0.000620567821394635,8,134.253663823009
rank,22,22,99.7962403173118,Philepitta schlegeli,Philepitta_schlegeli,AVES,0.00254173880004249,5,84.7738756611943
rank,22,22,99.7962403173118,Ploceus nelicourvi,Ploceus_nelicourvi,AVES,0.00180264664455343,8,163.943414464593
rank,22,22,99.7962403173118,Ploceus sakalava,Ploceus_sakalava,AVES,0.000734663442740313,8,123.469209514829
rank,22,22,99.7962403173118,Polyboroides radiatus,Polyboroides_radiatus,AVES,0,0,0
rank,22,22,99.7962403173118,Pseudobias wardi,Pseudobias_wardi,AVES,0.00184114581502293,8,133.313116058707
rank,22,22,99.7962403173118,Pterocles personatus,Pterocles_personatus,AVES,0,0,0
rank,22,22,99.7962403173118,Rallus madagascariensis,Rallus_madagascariensis,AVES,0,0,0
rank,22,22,99.7962403173118,Randia pseudozosterops,Randia_pseudozosterops,AVES,0.0174452395430305,9,137.667316798623
rank,22,22,99.7962403173118,Sarothrura insularis,Sarothrura_insularis,AVES,0,0,0
rank,22,22,99.7962403173118,Schetba rufa,Schetba_rufa,AVES,3.76454309469754e-06,8,138.76015048505
rank,22,22,99.7962403173118,Setifer setosus,Setifer_setosus,MAMMALIA,6.12893069629195e-11,17,257.148116013461
rank,22,22,99.7962403173118,Tenrec ecaudatus,Tenrec_ecaudatus,MAMMALIA,0,6,123.270191749254
rank,22,22,99.7962403173118,Thamnornis chloropetoides,Thamnornis_chloropetoides,AVES,0.00722174641434181,1,29.927905585166
rank,22,22,99.7962403173118,Treron australis,Treron_australis,AVES,0,0,0
rank,22,22,99.7962403173118,Turnix nigricollis,Turnix_nigricollis,AVES,0,0,0
rank,22,22,99.7962403173118,Tylas eduardi,Tylas_eduardi,AVES,2.19887561270227e-07,4,95.3683637827635
rank,22,22,99.7962403173118,Vanga curvirostris,Vanga_curvirostris,AVES,2.60360235606605e-05,9,225.014589869395
rank,22,22,99.7962403173118,Varecia rubra,Varecia_rubra,MAMMALIA,0.000177524105736349,9,149.062535874546
rank,22,22,99.7962403173118,Varecia variegata,Varecia_variegata,MAMMALIA,0,4,86.2900533825159
rank,22,22,99.7962403173118,Xanthomixis apperti,Xanthomixis_apperti,AVES,0,1,11.5740861292926
rank,22,22,99.7962403173118,Xanthomixis cinereiceps,Xanthomixis_cinereiceps,AVES,0.00101186449685353,4,71.0583267882466
rank,22,22,99.7962403173118,Xanthomixis zosterops,Xanthomixis_zosterops,AVES,0.0291002373383108,12,194.417965248227
rank,22,22,99.7962403173118,Xenopirostris damii,Xenopirostris_damii,AVES,0,0,0
rank,22,22,99.7962403173118,Xenopirostris polleni,Xenopirostris_polleni,AVES,4.6154191579717e-12,2,48.9539773389697
rank,22,22,99.7962403173118,Xenopirostris xenopirostris,Xenopirostris_xenopirostris,AVES,0,1,22.3969422176835
