method,stage,stage_order,x,scientificName,species,className,sp_persist,n_pu,total_pu_area_km2
pipe,0,0,0,Accipiter henstii,Accipiter_henstii,AVES,0.765875108539227,1,81405.8352855587
pipe,0,0,0,Accipiter madagascariensis,Accipiter_madagascariensis,AVES,0.927685507869511,1,100295.882031971
pipe,0,0,0,Acrocephalus newtoni,Acrocephalus_newtoni,AVES,0.999999999999481,10,119748.628033797
pipe,0,0,0,Alectroenas madagascariensis,Alectroenas_madagascariensis,AVES,0.998532955338285,6,68964.4888693073
pipe,0,0,0,Allocebus trichotis,Allocebus_trichotis,MAMMALIA,0.00783473496029241,3,72.1001097191941
pipe,0,0,0,Anas bernieri,Anas_bernieri,AVES,0,1,161.555721101997
pipe,0,0,0,Apus balstoni,Apus_balstoni,AVES,0.999999002903074,6,96782.468488452
pipe,0,0,0,Artamella viridis,Artamella_viridis,AVES,0.999991790126899,10,118037.351054388
pipe,0,0,0,Asio madagascariensis,Asio_madagascariensis,AVES,0.880258448741697,2,70836.8714421994
pipe,0,0,0,Atelornis crossleyi,Atelornis_crossleyi,AVES,0.999998758967357,7,11572.6222161697
pipe,0,0,0,Atelornis pittoides,Atelornis_pittoides,AVES,0.999745020877506,3,42621.3326259036
pipe,0,0,0,Athene superciliaris,Athene_superciliaris,AVES,0.999598784043913,1,75154.9789321164
pipe,0,0,0,Avahi laniger,Avahi_laniger,MAMMALIA,1,111,38253.4654300891
pipe,0,0,0,Avahi occidentalis,Avahi_occidentalis,MAMMALIA,0.996177513146535,4,630.90092483603
pipe,0,0,0,Aviceda madagascariensis,Aviceda_madagascariensis,AVES,0.97750066274377,1,107532.281324075
pipe,0,0,0,Bernieria madagascariensis,Bernieria_madagascariensis,AVES,0.999999520455142,10,99394.0554042342
pipe,0,0,0,Brachypteracias leptosomus,Brachypteracias_leptosomus,AVES,0.999771336916958,1,37031.6513341992
pipe,0,0,0,Brachytarsomys albicauda,Brachytarsomys_albicauda,MAMMALIA,0.999999991596676,50,1815.1748536385
pipe,0,0,0,Brachyuromys betsileoensis,Brachyuromys_betsileoensis,MAMMALIA,1,117,14393.3535845593
pipe,0,0,0,Brachyuromys ramirohitra,Brachyuromys_ramirohitra,MAMMALIA,0.655414845690046,2,90.5857082152947
pipe,0,0,0,Bradypterus brunneus,Bradypterus_brunneus,AVES,1,38,12772.3634521563
pipe,0,0,0,Bradypterus seebohmi,Bradypterus_seebohmi,AVES,0.452718233996164,1,71.7493427546057
pipe,0,0,0,Buteo brachypterus,Buteo_brachypterus,AVES,0.872058171840981,1,116634.251730965
pipe,0,0,0,Calicalicus madagascariensis,Calicalicus_madagascariensis,AVES,0.999999999949407,13,101012.694085224
pipe,0,0,0,Cheirogaleus crossleyi,Cheirogaleus_crossleyi,MAMMALIA,1,92,5731.87398069381
pipe,0,0,0,Cheirogaleus major,Cheirogaleus_major,MAMMALIA,1,281,72957.4461733377
pipe,0,0,0,Cheirogaleus medius,Cheirogaleus_medius,MAMMALIA,1,1693,63243.3814837725
pipe,0,0,0,Cinnyris notatus,Cinnyris_notatus,AVES,0.99999995559106,16,117370.484149475
pipe,0,0,0,Copsychus albospecularis,Copsychus_albospecularis,AVES,0.999995735454347,5,59545.5432791211
pipe,0,0,0,Coracopsis nigra,Coracopsis_nigra,AVES,0.995976861693383,3,112428.519988189
pipe,0,0,0,Corythornis madagascariensis,Corythornis_madagascariensis,AVES,0.894443720384505,5,91413.3850066191
pipe,0,0,0,Coua caerulea,Coua_caerulea,AVES,0.999923357849972,6,43261.1604187311
pipe,0,0,0,Coua coquereli,Coua_coquereli,AVES,0.999934088614735,1,30978.4157262958
pipe,0,0,0,Coua cristata,Coua_cristata,AVES,0.999993467101693,4,82457.7263657002
pipe,0,0,0,Coua cursor,Coua_cursor,AVES,0.999730982957567,1,18335.9341827981
pipe,0,0,0,Coua gigas,Coua_gigas,AVES,0.999875333122457,1,31503.665529228
pipe,0,0,0,Coua reynaudii,Coua_reynaudii,AVES,0.999893536909553,4,36912.0383393462
pipe,0,0,0,Coua ruficeps,Coua_ruficeps,AVES,0.959346120072291,3,1327.46846918481
pipe,0,0,0,Coua serriana,Coua_serriana,AVES,0.991471316214561,1,32261.1250374597
pipe,0,0,0,Crossleyia xanthophrys,Crossleyia_xanthophrys,AVES,1,45,4117.99735246585
pipe,0,0,0,Cryptoprocta ferox,Cryptoprocta_ferox,MAMMALIA,0.0704722846506252,4,37156.8714485855
pipe,0,0,0,Cryptosylvicola randrianasoloi,Cryptosylvicola_randrianasoloi,AVES,1,39,5909.73895894305
pipe,0,0,0,Cyanolanius madagascarinus,Cyanolanius_madagascarinus,AVES,0.999999763216334,6,111472.310295942
pipe,0,0,0,Daubentonia madagascariensis,Daubentonia_madagascariensis,MAMMALIA,1,66,38656.9744324359
pipe,0,0,0,Echinops telfairi,Echinops_telfairi,MAMMALIA,1,464,58756.346735598
pipe,0,0,0,Eliurus antsingy,Eliurus_antsingy,MAMMALIA,0.0133748649074148,5,69.4813072094932
pipe,0,0,0,Eliurus grandidieri,Eliurus_grandidieri,MAMMALIA,0.999641415738649,27,917.641006159522
pipe,0,0,0,Eliurus majori,Eliurus_majori,MAMMALIA,1,340,45494.3563680893
pipe,0,0,0,Eliurus minor,Eliurus_minor,MAMMALIA,1,1650,74538.857621201
pipe,0,0,0,Eliurus myoxinus,Eliurus_myoxinus,MAMMALIA,1,1287,89581.4926753732
pipe,0,0,0,Eliurus tanala,Eliurus_tanala,MAMMALIA,1,439,48738.095486133
pipe,0,0,0,Eliurus webbi,Eliurus_webbi,MAMMALIA,1,509,64109.5950543302
pipe,0,0,0,Eremopterix hova,Eremopterix_hova,AVES,0.999999862347247,22,4111.79749526026
pipe,0,0,0,Eulemur albifrons,Eulemur_albifrons,MAMMALIA,1,44,21033.6387743731
pipe,0,0,0,Eulemur cinereiceps,Eulemur_cinereiceps,MAMMALIA,1,124,104254.75479417
pipe,0,0,0,Eulemur collaris,Eulemur_collaris,MAMMALIA,1,110,101994.593872544
pipe,0,0,0,Eulemur coronatus,Eulemur_coronatus,MAMMALIA,1,168,30700.3288804389
pipe,0,0,0,Eulemur flavifrons,Eulemur_flavifrons,MAMMALIA,0.000213248908682684,1,25.074716512655
pipe,0,0,0,Eulemur fulvus,Eulemur_fulvus,MAMMALIA,1,92,104848.149055385
pipe,0,0,0,Eulemur macaco,Eulemur_macaco,MAMMALIA,1,43,39376.352313315
pipe,0,0,0,Eulemur mongoz,Eulemur_mongoz,MAMMALIA,0.999999952898049,33,2266.66703720268
pipe,0,0,0,Eulemur rubriventer,Eulemur_rubriventer,MAMMALIA,1,215,85220.055789026
pipe,0,0,0,Eulemur rufus,Eulemur_rufus,MAMMALIA,1,146,52873.432817392
pipe,0,0,0,Eulemur sanfordi,Eulemur_sanfordi,MAMMALIA,1,158,104692.318662475
pipe,0,0,0,Euryceros prevostii,Euryceros_prevostii,AVES,0.999000955068605,3,2839.06294695103
pipe,0,0,0,Falco zoniventris,Falco_zoniventris,AVES,0.932961278308184,1,73443.3410411674
pipe,0,0,0,Falculea palliata,Falculea_palliata,AVES,0.999999999468312,6,31125.8546995143
pipe,0,0,0,Fossa fossana,Fossa_fossana,MAMMALIA,0.978483142852742,2,48599.460922311
pipe,0,0,0,Foudia madagascariensis,Foudia_madagascariensis,AVES,0.999964283013746,16,151696.571517404
pipe,0,0,0,Foudia omissa,Foudia_omissa,AVES,0.999999999964813,15,51695.3683697188
pipe,0,0,0,Gactornis enarratus,Gactornis_enarratus,AVES,0.999999514554391,5,49094.8953315527
pipe,0,0,0,Galidia elegans,Galidia_elegans,MAMMALIA,0.968235456479531,6,49877.3202057596
pipe,0,0,0,Galidictis fasciata,Galidictis_fasciata,MAMMALIA,0,3,4247.07070700451
pipe,0,0,0,Geobiastes squamiger,Geobiastes_squamiger,AVES,0.999652519491142,4,10926.8523774886
pipe,0,0,0,Geogale aurita,Geogale_aurita,MAMMALIA,1,795,32511.8284537484
pipe,0,0,0,Gymnuromys roberti,Gymnuromys_roberti,MAMMALIA,1,172,26603.2793134595
pipe,0,0,0,Haliaeetus vociferoides,Haliaeetus_vociferoides,AVES,0.0115773783592114,1,5133.49426771155
pipe,0,0,0,Hapalemur alaotrensis,Hapalemur_alaotrensis,MAMMALIA,1,141,11439.9057848001
pipe,0,0,0,Hapalemur aureus,Hapalemur_aureus,MAMMALIA,0.999999995692329,24,1820.55619313019
pipe,0,0,0,Hapalemur griseus,Hapalemur_griseus,MAMMALIA,1,165,96797.1992744246
pipe,0,0,0,Hapalemur occidentalis,Hapalemur_occidentalis,MAMMALIA,0.999995100328246,28,1026.71440945896
pipe,0,0,0,Hartertula flavoviridis,Hartertula_flavoviridis,AVES,1,45,8110.84595378394
pipe,0,0,0,Hartlaubius auratus,Hartlaubius_auratus,AVES,0.999908849362027,4,102250.658932244
pipe,0,0,0,Hemicentetes nigriceps,Hemicentetes_nigriceps,MAMMALIA,0.999953127257988,35,2052.96238155247
pipe,0,0,0,Hemicentetes semispinosus,Hemicentetes_semispinosus,MAMMALIA,0.999999999999998,82,73146.0227469838
pipe,0,0,0,Hypogeomys antimena,Hypogeomys_antimena,MAMMALIA,0.13382196561483,5,104.686912753015
pipe,0,0,0,Hypositta corallirostris,Hypositta_corallirostris,AVES,0.999989919803511,10,62434.9575957259
pipe,0,0,0,Indri indri,Indri_indri,MAMMALIA,0.999999981093542,19,63643.0065547893
pipe,0,0,0,Lemur catta,Lemur_catta,MAMMALIA,1,172,28828.0651897789
pipe,0,0,0,Lepidopygia nana,Lepidopygia_nana,AVES,0.993565759031579,24,160602.278061778
pipe,0,0,0,Lepilemur ankaranensis,Lepilemur_ankaranensis,MAMMALIA,0.942459903341432,13,361.823311685573
pipe,0,0,0,Lepilemur edwardsi,Lepilemur_edwardsi,MAMMALIA,1,56,10363.7149847007
pipe,0,0,0,Lepilemur leucopus,Lepilemur_leucopus,MAMMALIA,1,82,22553.130172594
pipe,0,0,0,Lepilemur microdon,Lepilemur_microdon,MAMMALIA,0.999999999997001,34,4773.54297635564
pipe,0,0,0,Lepilemur mustelinus,Lepilemur_mustelinus,MAMMALIA,1,248,91970.6800562632
pipe,0,0,0,Lepilemur ruficaudatus,Lepilemur_ruficaudatus,MAMMALIA,1,182,19221.242925611
pipe,0,0,0,Leptopterus chabert,Leptopterus_chabert,AVES,0.999990744115013,11,135294.726469808
pipe,0,0,0,Lophotibis cristata,Lophotibis_cristata,AVES,0.99984262942438,2,83241.1822643856
pipe,0,0,0,Macrotarsomys bastardi,Macrotarsomys_bastardi,MAMMALIA,1,277,8155.32697095479
pipe,0,0,0,Margaroperdix madagarensis,Margaroperdix_madagarensis,AVES,0.999978649954335,2,109163.465616219
pipe,0,0,0,Mentocrex kioloides,Mentocrex_kioloides,AVES,0.997745372881942,1,33668.8999710913
pipe,0,0,0,Mesitornis unicolor,Mesitornis_unicolor,AVES,0,1,89.8278131379881
pipe,0,0,0,Mesitornis variegatus,Mesitornis_variegatus,AVES,0.998762356934088,5,2869.24937298196
pipe,0,0,0,Microcebus berthae,Microcebus_berthae,MAMMALIA,1.52725564417366e-08,2,17.7781751306701
pipe,0,0,0,Microcebus griseorufus,Microcebus_griseorufus,MAMMALIA,0.995769019106106,14,501.433658043837
pipe,0,0,0,Microcebus murinus,Microcebus_murinus,MAMMALIA,1,1713,98648.0994171873
pipe,0,0,0,Microcebus myoxinus,Microcebus_myoxinus,MAMMALIA,0.999999992654343,102,1124.39007911773
pipe,0,0,0,Microcebus ravelobensis,Microcebus_ravelobensis,MAMMALIA,0.778620368188717,15,246.875988043963
pipe,0,0,0,Microcebus rufus,Microcebus_rufus,MAMMALIA,1,1410,72064.129868253
pipe,0,0,0,Microcebus tavaratra,Microcebus_tavaratra,MAMMALIA,0.993489557216144,45,767.433244596441
pipe,0,0,0,Microgale brevicaudata,Microgale_brevicaudata,MAMMALIA,1,899,32538.4482627255
pipe,0,0,0,Microgale cowani,Microgale_cowani,MAMMALIA,1,614,61599.7511156241
pipe,0,0,0,Microgale drouhardi,Microgale_drouhardi,MAMMALIA,1,318,26763.011032268
pipe,0,0,0,Microgale dryas,Microgale_dryas,MAMMALIA,0.897201399235291,47,1369.92029440591
pipe,0,0,0,Microgale fotsifotsy,Microgale_fotsifotsy,MAMMALIA,1,406,31282.5520477908
pipe,0,0,0,Microgale gracilis,Microgale_gracilis,MAMMALIA,0.999999999998795,118,9616.30546971176
pipe,0,0,0,Microgale gymnorhyncha,Microgale_gymnorhyncha,MAMMALIA,1,131,19647.1566155424
pipe,0,0,0,Microgale longicaudata,Microgale_longicaudata,MAMMALIA,1,1118,63542.4841558526
pipe,0,0,0,Microgale mergulus,Microgale_mergulus,MAMMALIA,0.999999999999896,71,5562.61775285837
pipe,0,0,0,Microgale parvula,Microgale_parvula,MAMMALIA,0.999999999999961,1319,63644.5861034212
pipe,0,0,0,Microgale principula,Microgale_principula,MAMMALIA,1,617,50694.3369124667
pipe,0,0,0,Microgale pusilla,Microgale_pusilla,MAMMALIA,0.999999999978931,415,19934.6384600131
pipe,0,0,0,Microgale soricoides,Microgale_soricoides,MAMMALIA,1,143,27525.3521029543
pipe,0,0,0,Microgale taiva,Microgale_taiva,MAMMALIA,1,310,40793.1049467723
pipe,0,0,0,Microgale thomasi,Microgale_thomasi,MAMMALIA,1,129,24416.4063766389
pipe,0,0,0,Mirza coquereli,Mirza_coquereli,MAMMALIA,0.999997589067307,53,2653.00074277788
pipe,0,0,0,Monias benschi,Monias_benschi,AVES,0,1,82.9420458882198
pipe,0,0,0,Monticola erythronotus,Monticola_erythronotus,AVES,0.505764981643123,1,97.4973036619921
pipe,0,0,0,Monticola sharpei,Monticola_sharpei,AVES,0.999999999999973,10,112347.531793114
pipe,0,0,0,Monticolomys koopmani,Monticolomys_koopmani,MAMMALIA,0.132627247638879,6,104.060766616412
pipe,0,0,0,Motacilla flaviventris,Motacilla_flaviventris,AVES,1,23,20547.3955734012
pipe,0,0,0,Mystacornis crossleyi,Mystacornis_crossleyi,AVES,0.99999999999998,10,47378.6432934249
pipe,0,0,0,Neodrepanis coruscans,Neodrepanis_coruscans,AVES,0.99999845514974,15,29636.806082244
pipe,0,0,0,Neodrepanis hypoxantha,Neodrepanis_hypoxantha,AVES,0.0211788109146441,3,88.4296056242715
pipe,0,0,0,Neomixis striatigula,Neomixis_striatigula,AVES,0.999999999993975,21,58553.2749873828
pipe,0,0,0,Neomixis tenella,Neomixis_tenella,AVES,1,46,100872.507958581
pipe,0,0,0,Neomixis viridis,Neomixis_viridis,AVES,0.999999999968365,24,53773.2576753967
pipe,0,0,0,Nesillas lantzii,Nesillas_lantzii,AVES,0.999983000083555,3,2703.93284842042
pipe,0,0,0,Nesogale dobsoni,Nesogale_dobsoni,MAMMALIA,1,401,70569.9395597334
pipe,0,0,0,Nesogale talazaci,Nesogale_talazaci,MAMMALIA,1,209,64825.7784003662
pipe,0,0,0,Nesomys audeberti,Nesomys_audeberti,MAMMALIA,1,111,4404.70734705306
pipe,0,0,0,Nesomys lambertoni,Nesomys_lambertoni,MAMMALIA,0.99998398237535,29,958.575495315822
pipe,0,0,0,Nesomys rufus,Nesomys_rufus,MAMMALIA,1,228,47158.8717763674
pipe,0,0,0,Newtonia amphichroa,Newtonia_amphichroa,AVES,1,15,42707.2911220113
pipe,0,0,0,Newtonia archboldi,Newtonia_archboldi,AVES,0.999743205924592,10,2057.60292387806
pipe,0,0,0,Newtonia brunneicauda,Newtonia_brunneicauda,AVES,0.999999976025883,11,128214.085634947
pipe,0,0,0,Newtonia fanovanae,Newtonia_fanovanae,AVES,0.3530552834488,2,98.220702482002
pipe,0,0,0,Oriolia bernieri,Oriolia_bernieri,AVES,0.999997529517173,13,14262.3456490558
pipe,0,0,0,Oryzorictes hova,Oryzorictes_hova,MAMMALIA,1,265,66233.2154541267
pipe,0,0,0,Oryzorictes tetradactylus,Oryzorictes_tetradactylus,MAMMALIA,1,155,10717.5339834055
pipe,0,0,0,Otus rutilus,Otus_rutilus,AVES,0.999999884940967,4,111949.764996871
pipe,0,0,0,Oxylabes madagascariensis,Oxylabes_madagascariensis,AVES,0.999999999999997,14,53797.7359975744
pipe,0,0,0,Phaner electromontis,Phaner_electromontis,MAMMALIA,1.1181189119025e-07,1,17.4337788633334
pipe,0,0,0,Phaner furcifer,Phaner_furcifer,MAMMALIA,0.887905466959624,58,892.662774423233
pipe,0,0,0,Phaner pallescens,Phaner_pallescens,MAMMALIA,0.999999999997009,57,3504.1481557881
pipe,0,0,0,Phaner parienti,Phaner_parienti,MAMMALIA,0.00280017666108179,1,24.4501852478606
pipe,0,0,0,Philepitta castanea,Philepitta_castanea,AVES,0.983835197382121,4,38533.17496099
pipe,0,0,0,Philepitta schlegeli,Philepitta_schlegeli,AVES,0.988278027030843,14,4281.37986122647
pipe,0,0,0,Ploceus nelicourvi,Ploceus_nelicourvi,AVES,0.999999997546978,9,62225.2788867866
pipe,0,0,0,Ploceus sakalava,Ploceus_sakalava,AVES,0.999999986026268,18,45935.1176779656
pipe,0,0,0,Polyboroides radiatus,Polyboroides_radiatus,AVES,0.998872473273459,1,126880.731002869
pipe,0,0,0,Pseudobias wardi,Pseudobias_wardi,AVES,0.999999999999996,19,41782.4877384969
pipe,0,0,0,Pterocles personatus,Pterocles_personatus,AVES,0.940123497880855,5,7087.00341547594
pipe,0,0,0,Rallus madagascariensis,Rallus_madagascariensis,AVES,0.999999431971117,5,14553.5629941738
pipe,0,0,0,Randia pseudozosterops,Randia_pseudozosterops,AVES,0.999998919608882,6,46653.22527701
pipe,0,0,0,Sarothrura insularis,Sarothrura_insularis,AVES,0.999970539243504,7,77231.7846360684
pipe,0,0,0,Schetba rufa,Schetba_rufa,AVES,1,20,29985.5572878945
pipe,0,0,0,Setifer setosus,Setifer_setosus,MAMMALIA,1,197,121768.247863368
pipe,0,0,0,Tenrec ecaudatus,Tenrec_ecaudatus,MAMMALIA,1,54,133405.07041149
pipe,0,0,0,Thamnornis chloropetoides,Thamnornis_chloropetoides,AVES,0.999977507869305,5,3407.17432487525
pipe,0,0,0,Treron australis,Treron_australis,AVES,0.996979772420716,1,122191.673916884
pipe,0,0,0,Turnix nigricollis,Turnix_nigricollis,AVES,0.999949079462136,2,137927.251420088
pipe,0,0,0,Tylas eduardi,Tylas_eduardi,AVES,0.999999989122082,6,60620.0089657779
pipe,0,0,0,Vanga curvirostris,Vanga_curvirostris,AVES,0.999946694822322,7,134928.457939634
pipe,0,0,0,Varecia rubra,Varecia_rubra,MAMMALIA,1,47,74463.7318670284
pipe,0,0,0,Varecia variegata,Varecia_variegata,MAMMALIA,0.999999999999927,38,73381.7001135045
pipe,0,0,0,Xanthomixis apperti,Xanthomixis_apperti,AVES,0.441311211243701,1,68.4073900828693
pipe,0,0,0,Xanthomixis cinereiceps,Xanthomixis_cinereiceps,AVES,1,21,17538.7243960844
pipe,0,0,0,Xanthomixis zosterops,Xanthomixis_zosterops,AVES,0.999999999983305,14,63332.6962077734
pipe,0,0,0,Xenopirostris damii,Xenopirostris_damii,AVES,0.00179910755944279,1,93.5023436630615
pipe,0,0,0,Xenopirostris polleni,Xenopirostris_polleni,AVES,0.999999970589095,10,17756.9551348295
pipe,0,0,0,Xenopirostris xenopirostris,Xenopirostris_xenopirostris,AVES,0.965058075374104,1,1102.55740261015
pipe,1,1,4.74865574883676,Accipiter henstii,Accipiter_henstii,AVES,0.765875108539227,1,81405.8352855587
pipe,1,1,4.74865574883676,Accipiter madagascariensis,Accipiter_madagascariensis,AVES,0.927685507869511,1,100295.882031971
pipe,1,1,4.74865574883676,Acrocephalus newtoni,Acrocephalus_newtoni,AVES,0.999999999999914,11,118546.169549476
pipe,1,1,4.74865574883676,Alectroenas madagascariensis,Alectroenas_madagascariensis,AVES,0.998532955338285,6,68964.4888693073
pipe,1,1,4.74865574883676,Allocebus trichotis,Allocebus_trichotis,MAMMALIA,0.0078347349602923,3,72.1001097191941
pipe,1,1,4.74865574883676,Anas bernieri,Anas_bernieri,AVES,0,1,156.615286251275
pipe,1,1,4.74865574883676,Apus balstoni,Apus_balstoni,AVES,0.999999954532783,4,96276.9210808294
pipe,1,1,4.74865574883676,Artamella viridis,Artamella_viridis,AVES,0.999991737039207,10,117533.445645469
pipe,1,1,4.74865574883676,Asio madagascariensis,Asio_madagascariensis,AVES,0.880258448741697,2,70836.8714421994
pipe,1,1,4.74865574883676,Atelornis crossleyi,Atelornis_crossleyi,AVES,0.999998758967357,7,11572.6222161697
pipe,1,1,4.74865574883676,Atelornis pittoides,Atelornis_pittoides,AVES,0.999745020877506,3,42621.3326259037
pipe,1,1,4.74865574883676,Athene superciliaris,Athene_superciliaris,AVES,0.999598784043913,1,75154.9789321163
pipe,1,1,4.74865574883676,Avahi laniger,Avahi_laniger,MAMMALIA,1,110,38160.1483657987
pipe,1,1,4.74865574883676,Avahi occidentalis,Avahi_occidentalis,MAMMALIA,0.996177513146535,4,629.897489759678
pipe,1,1,4.74865574883676,Aviceda madagascariensis,Aviceda_madagascariensis,AVES,0.97750066274377,1,107532.281324075
pipe,1,1,4.74865574883676,Bernieria madagascariensis,Bernieria_madagascariensis,AVES,0.999999846429051,11,99250.0999180872
pipe,1,1,4.74865574883676,Brachypteracias leptosomus,Brachypteracias_leptosomus,AVES,0.999771336916958,1,37031.6513341992
pipe,1,1,4.74865574883676,Brachytarsomys albicauda,Brachytarsomys_albicauda,MAMMALIA,0.99999998952922,50,1790.79003444729
pipe,1,1,4.74865574883676,Brachyuromys betsileoensis,Brachyuromys_betsileoensis,MAMMALIA,1,124,14056.1875398741
pipe,1,1,4.74865574883676,Brachyuromys ramirohitra,Brachyuromys_ramirohitra,MAMMALIA,0.655414845690046,2,90.5857082152948
pipe,1,1,4.74865574883676,Bradypterus brunneus,Bradypterus_brunneus,AVES,1,38,12767.345441453
pipe,1,1,4.74865574883676,Bradypterus seebohmi,Bradypterus_seebohmi,AVES,0.452718233996164,1,71.7493427546058
pipe,1,1,4.74865574883676,Buteo brachypterus,Buteo_brachypterus,AVES,0.872058171840981,1,116634.251730965
pipe,1,1,4.74865574883676,Calicalicus madagascariensis,Calicalicus_madagascariensis,AVES,0.999999999984412,15,100691.042355864
pipe,1,1,4.74865574883676,Cheirogaleus crossleyi,Cheirogaleus_crossleyi,MAMMALIA,1,92,5731.60752767041
pipe,1,1,4.74865574883676,Cheirogaleus major,Cheirogaleus_major,MAMMALIA,1,272,72337.9685449486
pipe,1,1,4.74865574883676,Cheirogaleus medius,Cheirogaleus_medius,MAMMALIA,1,1646,60030.9697189016
pipe,1,1,4.74865574883676,Cinnyris notatus,Cinnyris_notatus,AVES,0.999999944926819,19,114380.905986454
pipe,1,1,4.74865574883676,Copsychus albospecularis,Copsychus_albospecularis,AVES,0.999995704903462,5,59235.2079061101
pipe,1,1,4.74865574883676,Coracopsis nigra,Coracopsis_nigra,AVES,0.995976861693383,3,112428.519988189
pipe,1,1,4.74865574883676,Corythornis madagascariensis,Corythornis_madagascariensis,AVES,0.894443720384505,5,91413.3850066192
pipe,1,1,4.74865574883676,Coua caerulea,Coua_caerulea,AVES,0.999923357849972,6,43261.1604187311
pipe,1,1,4.74865574883676,Coua coquereli,Coua_coquereli,AVES,0.999932515019641,1,30607.1674362561
pipe,1,1,4.74865574883676,Coua cristata,Coua_cristata,AVES,0.999993467101693,4,82457.7263657003
pipe,1,1,4.74865574883676,Coua cursor,Coua_cursor,AVES,0.999730982957567,1,18335.9341827981
pipe,1,1,4.74865574883676,Coua gigas,Coua_gigas,AVES,0.999875232204983,1,31491.5426472852
pipe,1,1,4.74865574883676,Coua reynaudii,Coua_reynaudii,AVES,0.999893536909553,4,36912.0383393462
pipe,1,1,4.74865574883676,Coua ruficeps,Coua_ruficeps,AVES,0.959346120072291,3,1327.46846918482
pipe,1,1,4.74865574883676,Coua serriana,Coua_serriana,AVES,0.991471316214561,1,32261.1250374597
pipe,1,1,4.74865574883676,Crossleyia xanthophrys,Crossleyia_xanthophrys,AVES,1,45,4116.74088725148
pipe,1,1,4.74865574883676,Cryptoprocta ferox,Cryptoprocta_ferox,MAMMALIA,0.0704722846506246,4,37145.8531169558
pipe,1,1,4.74865574883676,Cryptosylvicola randrianasoloi,Cryptosylvicola_randrianasoloi,AVES,1,39,5905.30153562051
pipe,1,1,4.74865574883676,Cyanolanius madagascarinus,Cyanolanius_madagascarinus,AVES,0.999999835914766,9,110935.681521754
pipe,1,1,4.74865574883676,Daubentonia madagascariensis,Daubentonia_madagascariensis,MAMMALIA,1,65,38328.7665662221
pipe,1,1,4.74865574883676,Echinops telfairi,Echinops_telfairi,MAMMALIA,1,457,57412.99657778
pipe,1,1,4.74865574883676,Eliurus antsingy,Eliurus_antsingy,MAMMALIA,0.0133748649074149,5,69.3900821470956
pipe,1,1,4.74865574883676,Eliurus grandidieri,Eliurus_grandidieri,MAMMALIA,0.999641415738649,27,917.280209898303
pipe,1,1,4.74865574883676,Eliurus majori,Eliurus_majori,MAMMALIA,1,364,44806.7213539993
pipe,1,1,4.74865574883676,Eliurus minor,Eliurus_minor,MAMMALIA,1,1646,73884.5862610997
pipe,1,1,4.74865574883676,Eliurus myoxinus,Eliurus_myoxinus,MAMMALIA,1,1310,86902.4679183946
pipe,1,1,4.74865574883676,Eliurus tanala,Eliurus_tanala,MAMMALIA,1,466,47970.6831683726
pipe,1,1,4.74865574883676,Eliurus webbi,Eliurus_webbi,MAMMALIA,1,555,63115.2859444029
pipe,1,1,4.74865574883676,Eremopterix hova,Eremopterix_hova,AVES,0.999999826925222,24,3950.76390445266
pipe,1,1,4.74865574883676,Eulemur albifrons,Eulemur_albifrons,MAMMALIA,1,44,21033.6387743731
pipe,1,1,4.74865574883676,Eulemur cinereiceps,Eulemur_cinereiceps,MAMMALIA,1,125,103286.860037421
pipe,1,1,4.74865574883676,Eulemur collaris,Eulemur_collaris,MAMMALIA,1,106,101282.958827391
pipe,1,1,4.74865574883676,Eulemur coronatus,Eulemur_coronatus,MAMMALIA,1,165,30639.037092244
pipe,1,1,4.74865574883676,Eulemur flavifrons,Eulemur_flavifrons,MAMMALIA,0.000213248908682684,1,25.074716512655
pipe,1,1,4.74865574883676,Eulemur fulvus,Eulemur_fulvus,MAMMALIA,1,96,103878.053404767
pipe,1,1,4.74865574883676,Eulemur macaco,Eulemur_macaco,MAMMALIA,1,45,39175.951274805
pipe,1,1,4.74865574883676,Eulemur mongoz,Eulemur_mongoz,MAMMALIA,0.999999952749741,33,2263.93643487816
pipe,1,1,4.74865574883676,Eulemur rubriventer,Eulemur_rubriventer,MAMMALIA,1,211,84752.3825692467
pipe,1,1,4.74865574883676,Eulemur rufus,Eulemur_rufus,MAMMALIA,1,164,51664.4907604135
pipe,1,1,4.74865574883676,Eulemur sanfordi,Eulemur_sanfordi,MAMMALIA,1,160,103729.882968823
pipe,1,1,4.74865574883676,Euryceros prevostii,Euryceros_prevostii,AVES,0.999000955068605,3,2839.06294695103
pipe,1,1,4.74865574883676,Falco zoniventris,Falco_zoniventris,AVES,0.932961278308184,1,73443.3410411675
pipe,1,1,4.74865574883676,Falculea palliata,Falculea_palliata,AVES,0.999999999438818,6,30737.9571865434
pipe,1,1,4.74865574883676,Fossa fossana,Fossa_fossana,MAMMALIA,0.978483142852742,2,48599.4609223109
pipe,1,1,4.74865574883676,Foudia madagascariensis,Foudia_madagascariensis,AVES,0.999992722196957,16,149489.002936005
pipe,1,1,4.74865574883676,Foudia omissa,Foudia_omissa,AVES,0.999999999963853,15,51667.8726223776
pipe,1,1,4.74865574883676,Gactornis enarratus,Gactornis_enarratus,AVES,0.999999514554391,5,49094.8953315528
pipe,1,1,4.74865574883676,Galidia elegans,Galidia_elegans,MAMMALIA,0.968235456479531,6,49877.3202057595
pipe,1,1,4.74865574883676,Galidictis fasciata,Galidictis_fasciata,MAMMALIA,0,3,4247.07070700451
pipe,1,1,4.74865574883676,Geobiastes squamiger,Geobiastes_squamiger,AVES,0.999652519491142,4,10926.8523774886
pipe,1,1,4.74865574883676,Geogale aurita,Geogale_aurita,MAMMALIA,1,780,31984.8442020208
pipe,1,1,4.74865574883676,Gymnuromys roberti,Gymnuromys_roberti,MAMMALIA,1,175,26369.4167531284
pipe,1,1,4.74865574883676,Haliaeetus vociferoides,Haliaeetus_vociferoides,AVES,0.0115773783592114,1,5133.49426771156
pipe,1,1,4.74865574883676,Hapalemur alaotrensis,Hapalemur_alaotrensis,MAMMALIA,1,143,11074.2037279226
pipe,1,1,4.74865574883676,Hapalemur aureus,Hapalemur_aureus,MAMMALIA,0.999999994495938,24,1806.91072140088
pipe,1,1,4.74865574883676,Hapalemur griseus,Hapalemur_griseus,MAMMALIA,1,161,96478.6879770429
pipe,1,1,4.74865574883676,Hapalemur occidentalis,Hapalemur_occidentalis,MAMMALIA,0.999995100328246,28,1026.71440945896
pipe,1,1,4.74865574883676,Hartertula flavoviridis,Hartertula_flavoviridis,AVES,1,45,8108.32123038134
pipe,1,1,4.74865574883676,Hartlaubius auratus,Hartlaubius_auratus,AVES,0.999908766466144,5,102193.945136206
pipe,1,1,4.74865574883676,Hemicentetes nigriceps,Hemicentetes_nigriceps,MAMMALIA,0.999953127257988,32,2006.07132833835
pipe,1,1,4.74865574883676,Hemicentetes semispinosus,Hemicentetes_semispinosus,MAMMALIA,0.999999999999996,82,73097.5191078914
pipe,1,1,4.74865574883676,Hypogeomys antimena,Hypogeomys_antimena,MAMMALIA,0.133821965614829,5,103.882742615758
pipe,1,1,4.74865574883676,Hypositta corallirostris,Hypositta_corallirostris,AVES,0.999989919146501,10,62431.7357032171
pipe,1,1,4.74865574883676,Indri indri,Indri_indri,MAMMALIA,0.999999981093416,19,63642.8241008612
pipe,1,1,4.74865574883676,Lemur catta,Lemur_catta,MAMMALIA,1,219,27102.6334515861
pipe,1,1,4.74865574883676,Lepidopygia nana,Lepidopygia_nana,AVES,0.993602514572219,25,156973.811973209
pipe,1,1,4.74865574883676,Lepilemur ankaranensis,Lepilemur_ankaranensis,MAMMALIA,0.942459903341432,13,361.823311685573
pipe,1,1,4.74865574883676,Lepilemur edwardsi,Lepilemur_edwardsi,MAMMALIA,1,56,10191.6812263564
pipe,1,1,4.74865574883676,Lepilemur leucopus,Lepilemur_leucopus,MAMMALIA,1,85,21721.3407093688
pipe,1,1,4.74865574883676,Lepilemur microdon,Lepilemur_microdon,MAMMALIA,0.999999999996764,33,4750.13398729133
pipe,1,1,4.74865574883676,Lepilemur mustelinus,Lepilemur_mustelinus,MAMMALIA,1,252,90763.0989781753
pipe,1,1,4.74865574883676,Lepilemur ruficaudatus,Lepilemur_ruficaudatus,MAMMALIA,1,189,18067.8122133292
pipe,1,1,4.74865574883676,Leptopterus chabert,Leptopterus_chabert,AVES,0.999990656404288,11,134384.252149197
pipe,1,1,4.74865574883676,Lophotibis cristata,Lophotibis_cristata,AVES,0.99984262942438,2,83241.1822643857
pipe,1,1,4.74865574883676,Macrotarsomys bastardi,Macrotarsomys_bastardi,MAMMALIA,1,273,8065.82798688937
pipe,1,1,4.74865574883676,Margaroperdix madagarensis,Margaroperdix_madagarensis,AVES,0.999978309464015,2,108107.726860513
pipe,1,1,4.74865574883676,Mentocrex kioloides,Mentocrex_kioloides,AVES,0.997745372881942,1,33668.8999710913
pipe,1,1,4.74865574883676,Mesitornis unicolor,Mesitornis_unicolor,AVES,0,1,89.8278131379881
pipe,1,1,4.74865574883676,Mesitornis variegatus,Mesitornis_variegatus,AVES,0.998762356934088,5,2869.24937298196
pipe,1,1,4.74865574883676,Microcebus berthae,Microcebus_berthae,MAMMALIA,1.52725564417366e-08,2,17.4207558809549
pipe,1,1,4.74865574883676,Microcebus griseorufus,Microcebus_griseorufus,MAMMALIA,0.995769019106106,14,501.433658043836
pipe,1,1,4.74865574883676,Microcebus murinus,Microcebus_murinus,MAMMALIA,1,1710,94671.3651311347
pipe,1,1,4.74865574883676,Microcebus myoxinus,Microcebus_myoxinus,MAMMALIA,0.999999990850514,99,1100.14647986423
pipe,1,1,4.74865574883676,Microcebus ravelobensis,Microcebus_ravelobensis,MAMMALIA,0.778620368188717,13,239.222934365321
pipe,1,1,4.74865574883676,Microcebus rufus,Microcebus_rufus,MAMMALIA,1,1389,71180.4748669141
pipe,1,1,4.74865574883676,Microcebus tavaratra,Microcebus_tavaratra,MAMMALIA,0.993489556491056,42,751.270493284087
pipe,1,1,4.74865574883676,Microgale brevicaudata,Microgale_brevicaudata,MAMMALIA,1,880,32060.7940350099
pipe,1,1,4.74865574883676,Microgale cowani,Microgale_cowani,MAMMALIA,1,647,60297.1159491452
pipe,1,1,4.74865574883676,Microgale drouhardi,Microgale_drouhardi,MAMMALIA,1,324,26561.2549781434
pipe,1,1,4.74865574883676,Microgale dryas,Microgale_dryas,MAMMALIA,0.897201399235291,47,1369.92029440591
pipe,1,1,4.74865574883676,Microgale fotsifotsy,Microgale_fotsifotsy,MAMMALIA,1,408,31005.1284947541
pipe,1,1,4.74865574883676,Microgale gracilis,Microgale_gracilis,MAMMALIA,0.999999999998709,119,9600.07609251455
pipe,1,1,4.74865574883676,Microgale gymnorhyncha,Microgale_gymnorhyncha,MAMMALIA,1,144,19422.7115134009
pipe,1,1,4.74865574883676,Microgale longicaudata,Microgale_longicaudata,MAMMALIA,1,1121,62974.2018462149
pipe,1,1,4.74865574883676,Microgale mergulus,Microgale_mergulus,MAMMALIA,0.999999999999959,71,5534.54282775052
pipe,1,1,4.74865574883676,Microgale parvula,Microgale_parvula,MAMMALIA,1,1324,63145.6395825631
pipe,1,1,4.74865574883676,Microgale principula,Microgale_principula,MAMMALIA,1,619,50309.7715689012
pipe,1,1,4.74865574883676,Microgale pusilla,Microgale_pusilla,MAMMALIA,0.999999999968303,400,19660.5934643319
pipe,1,1,4.74865574883676,Microgale soricoides,Microgale_soricoides,MAMMALIA,1,155,27267.41073001
pipe,1,1,4.74865574883676,Microgale taiva,Microgale_taiva,MAMMALIA,1,319,40513.4836645769
pipe,1,1,4.74865574883676,Microgale thomasi,Microgale_thomasi,MAMMALIA,1,123,24341.2209328104
pipe,1,1,4.74865574883676,Mirza coquereli,Mirza_coquereli,MAMMALIA,0.999997588863418,53,2647.59570340002
pipe,1,1,4.74865574883676,Monias benschi,Monias_benschi,AVES,0,1,82.9420458882198
pipe,1,1,4.74865574883676,Monticola erythronotus,Monticola_erythronotus,AVES,0.505764981643122,1,97.497303661992
pipe,1,1,4.74865574883676,Monticola sharpei,Monticola_sharpei,AVES,0.999999999999992,15,109523.257494389
pipe,1,1,4.74865574883676,Monticolomys koopmani,Monticolomys_koopmani,MAMMALIA,0.132627247638879,6,104.060766616412
pipe,1,1,4.74865574883676,Motacilla flaviventris,Motacilla_flaviventris,AVES,1,27,19165.5933427538
pipe,1,1,4.74865574883676,Mystacornis crossleyi,Mystacornis_crossleyi,AVES,0.99999999999998,10,47376.6713303955
pipe,1,1,4.74865574883676,Neodrepanis coruscans,Neodrepanis_coruscans,AVES,0.999998425287023,15,29484.0934652967
pipe,1,1,4.74865574883676,Neodrepanis hypoxantha,Neodrepanis_hypoxantha,AVES,0.0211788109146442,3,88.4296056242715
pipe,1,1,4.74865574883676,Neomixis striatigula,Neomixis_striatigula,AVES,0.999999999993972,21,58537.1638071214
pipe,1,1,4.74865574883676,Neomixis tenella,Neomixis_tenella,AVES,1,48,98470.0037359432
pipe,1,1,4.74865574883676,Neomixis viridis,Neomixis_viridis,AVES,0.999999999968341,24,53747.9815866659
pipe,1,1,4.74865574883676,Nesillas lantzii,Nesillas_lantzii,AVES,0.999982937128992,3,2699.47463594861
pipe,1,1,4.74865574883676,Nesogale dobsoni,Nesogale_dobsoni,MAMMALIA,1,387,69949.7990254138
pipe,1,1,4.74865574883676,Nesogale talazaci,Nesogale_talazaci,MAMMALIA,1,209,64823.3266892579
pipe,1,1,4.74865574883676,Nesomys audeberti,Nesomys_audeberti,MAMMALIA,1,114,4294.48788952611
pipe,1,1,4.74865574883676,Nesomys lambertoni,Nesomys_lambertoni,MAMMALIA,0.999983981885885,28,948.983050557469
pipe,1,1,4.74865574883676,Nesomys rufus,Nesomys_rufus,MAMMALIA,1,243,46441.1606063473
pipe,1,1,4.74865574883676,Newtonia amphichroa,Newtonia_amphichroa,AVES,1,15,42683.6680091598
pipe,1,1,4.74865574883676,Newtonia archboldi,Newtonia_archboldi,AVES,0.999743204890143,9,2043.76389785994
pipe,1,1,4.74865574883676,Newtonia brunneicauda,Newtonia_brunneicauda,AVES,0.999999997806669,16,126392.297811309
pipe,1,1,4.74865574883676,Newtonia fanovanae,Newtonia_fanovanae,AVES,0.353055283448799,2,98.220702482002
pipe,1,1,4.74865574883676,Oriolia bernieri,Oriolia_bernieri,AVES,0.999997529517173,13,14262.3456490558
pipe,1,1,4.74865574883676,Oryzorictes hova,Oryzorictes_hova,MAMMALIA,1,266,65872.4565761307
pipe,1,1,4.74865574883676,Oryzorictes tetradactylus,Oryzorictes_tetradactylus,MAMMALIA,1,156,10581.4119165557
pipe,1,1,4.74865574883676,Otus rutilus,Otus_rutilus,AVES,0.999999884789926,4,111875.98519493
pipe,1,1,4.74865574883676,Oxylabes madagascariensis,Oxylabes_madagascariensis,AVES,0.999999999999997,14,53783.4107612645
pipe,1,1,4.74865574883676,Phaner electromontis,Phaner_electromontis,MAMMALIA,1.1181189119025e-07,1,17.4337788633334
pipe,1,1,4.74865574883676,Phaner furcifer,Phaner_furcifer,MAMMALIA,0.887905466959624,53,855.534787806479
pipe,1,1,4.74865574883676,Phaner pallescens,Phaner_pallescens,MAMMALIA,0.999999999996959,55,3428.56145743033
pipe,1,1,4.74865574883676,Phaner parienti,Phaner_parienti,MAMMALIA,0.00280017666108179,1,24.4501852478606
pipe,1,1,4.74865574883676,Philepitta castanea,Philepitta_castanea,AVES,0.983835197382121,4,38533.17496099
pipe,1,1,4.74865574883676,Philepitta schlegeli,Philepitta_schlegeli,AVES,0.988278027030843,14,4281.37986122647
pipe,1,1,4.74865574883676,Ploceus nelicourvi,Ploceus_nelicourvi,AVES,0.999999997523435,9,62213.473893682
pipe,1,1,4.74865574883676,Ploceus sakalava,Ploceus_sakalava,AVES,0.99999999866971,22,43823.1186995164
pipe,1,1,4.74865574883676,Polyboroides radiatus,Polyboroides_radiatus,AVES,0.998864129950689,1,126319.671783681
pipe,1,1,4.74865574883676,Pseudobias wardi,Pseudobias_wardi,AVES,0.999999999999996,19,41777.9586801586
pipe,1,1,4.74865574883676,Pterocles personatus,Pterocles_personatus,AVES,0.940123497880855,5,7087.00341547594
pipe,1,1,4.74865574883676,Rallus madagascariensis,Rallus_madagascariensis,AVES,0.99999943079953,5,14542.6010662121
pipe,1,1,4.74865574883676,Randia pseudozosterops,Randia_pseudozosterops,AVES,0.999998919608882,6,46653.22527701
pipe,1,1,4.74865574883676,Sarothrura insularis,Sarothrura_insularis,AVES,0.999970425229213,6,76978.6813878619
pipe,1,1,4.74865574883676,Schetba rufa,Schetba_rufa,AVES,0.999999999999999,21,29896.284627056
pipe,1,1,4.74865574883676,Setifer setosus,Setifer_setosus,MAMMALIA,1,192,120640.745507704
pipe,1,1,4.74865574883676,Tenrec ecaudatus,Tenrec_ecaudatus,MAMMALIA,1,57,132014.645342063
pipe,1,1,4.74865574883676,Thamnornis chloropetoides,Thamnornis_chloropetoides,AVES,0.999977109293437,5,3375.83824695793
pipe,1,1,4.74865574883676,Treron australis,Treron_australis,AVES,0.996979772420716,1,122191.673916884
pipe,1,1,4.74865574883676,Turnix nigricollis,Turnix_nigricollis,AVES,0.999948675458428,2,137259.660805039
pipe,1,1,4.74865574883676,Tylas eduardi,Tylas_eduardi,AVES,0.999999989094296,6,60612.3887230503
pipe,1,1,4.74865574883676,Vanga curvirostris,Vanga_curvirostris,AVES,0.999946374258528,7,134313.317692931
pipe,1,1,4.74865574883676,Varecia rubra,Varecia_rubra,MAMMALIA,1,45,74381.098264235
pipe,1,1,4.74865574883676,Varecia variegata,Varecia_variegata,MAMMALIA,0.999999999999925,38,73361.9656955083
pipe,1,1,4.74865574883676,Xanthomixis apperti,Xanthomixis_apperti,AVES,0.441311211243701,1,68.4073900828693
pipe,1,1,4.74865574883676,Xanthomixis cinereiceps,Xanthomixis_cinereiceps,AVES,1,21,17537.1523129611
pipe,1,1,4.74865574883676,Xanthomixis zosterops,Xanthomixis_zosterops,AVES,0.999999999981615,14,63305.4705567865
pipe,1,1,4.74865574883676,Xenopirostris damii,Xenopirostris_damii,AVES,0.00179910755944268,1,93.5023436630614
pipe,1,1,4.74865574883676,Xenopirostris polleni,Xenopirostris_polleni,AVES,0.999999970589095,10,17756.9551348295
pipe,1,1,4.74865574883676,Xenopirostris xenopirostris,Xenopirostris_xenopirostris,AVES,0.965058075374104,1,1102.55740261015
pipe,2,2,9.45013491751602,Accipiter henstii,Accipiter_henstii,AVES,0.765875108539227,1,81405.8352855587
pipe,2,2,9.45013491751602,Accipiter madagascariensis,Accipiter_madagascariensis,AVES,0.927685507869511,1,100295.882031971
pipe,2,2,9.45013491751602,Acrocephalus newtoni,Acrocephalus_newtoni,AVES,0.999999999999871,12,114048.675003688
pipe,2,2,9.45013491751602,Alectroenas madagascariensis,Alectroenas_madagascariensis,AVES,0.99853287730112,6,68951.919761342
pipe,2,2,9.45013491751602,Allocebus trichotis,Allocebus_trichotis,MAMMALIA,0.0078347349602923,3,72.1001097191941
pipe,2,2,9.45013491751602,Anas bernieri,Anas_bernieri,AVES,0,1,149.573642188743
pipe,2,2,9.45013491751602,Apus balstoni,Apus_balstoni,AVES,0.999999950532512,4,95750.0927811041
pipe,2,2,9.45013491751602,Artamella viridis,Artamella_viridis,AVES,0.999991463559937,8,114985.086078502
pipe,2,2,9.45013491751602,Asio madagascariensis,Asio_madagascariensis,AVES,0.880258448741697,2,70836.8714421994
pipe,2,2,9.45013491751602,Atelornis crossleyi,Atelornis_crossleyi,AVES,0.999998758967357,7,11572.6222161697
pipe,2,2,9.45013491751602,Atelornis pittoides,Atelornis_pittoides,AVES,0.999744981624739,3,42617.5683144123
pipe,2,2,9.45013491751602,Athene superciliaris,Athene_superciliaris,AVES,0.999598784043913,1,75154.9789321163
pipe,2,2,9.45013491751602,Avahi laniger,Avahi_laniger,MAMMALIA,1,99,36914.0719975594
pipe,2,2,9.45013491751602,Avahi occidentalis,Avahi_occidentalis,MAMMALIA,0.996177513146535,4,629.897489759678
pipe,2,2,9.45013491751602,Aviceda madagascariensis,Aviceda_madagascariensis,AVES,0.97750066274377,1,107532.281324075
pipe,2,2,9.45013491751602,Bernieria madagascariensis,Bernieria_madagascariensis,AVES,0.999999998285017,15,95253.4659102328
pipe,2,2,9.45013491751602,Brachypteracias leptosomus,Brachypteracias_leptosomus,AVES,0.999771336916958,1,37031.6513341992
pipe,2,2,9.45013491751602,Brachytarsomys albicauda,Brachytarsomys_albicauda,MAMMALIA,0.999999989334113,50,1781.88121692405
pipe,2,2,9.45013491751602,Brachyuromys betsileoensis,Brachyuromys_betsileoensis,MAMMALIA,1,124,13859.4110155449
pipe,2,2,9.45013491751602,Brachyuromys ramirohitra,Brachyuromys_ramirohitra,MAMMALIA,0.655414845690046,2,90.5857082152948
pipe,2,2,9.45013491751602,Bradypterus brunneus,Bradypterus_brunneus,AVES,1,38,12695.7605623169
pipe,2,2,9.45013491751602,Bradypterus seebohmi,Bradypterus_seebohmi,AVES,0.452718233996164,1,71.7493427546058
pipe,2,2,9.45013491751602,Buteo brachypterus,Buteo_brachypterus,AVES,0.872058171840981,1,116634.251730965
pipe,2,2,9.45013491751602,Calicalicus madagascariensis,Calicalicus_madagascariensis,AVES,0.999999999999986,21,96476.2603478354
pipe,2,2,9.45013491751602,Cheirogaleus crossleyi,Cheirogaleus_crossleyi,MAMMALIA,1,92,5642.19690457647
pipe,2,2,9.45013491751602,Cheirogaleus major,Cheirogaleus_major,MAMMALIA,1,313,69544.5819966784
pipe,2,2,9.45013491751602,Cheirogaleus medius,Cheirogaleus_medius,MAMMALIA,1,1566,57624.8230074166
pipe,2,2,9.45013491751602,Cinnyris notatus,Cinnyris_notatus,AVES,0.999999999951345,22,108006.486095271
pipe,2,2,9.45013491751602,Copsychus albospecularis,Copsychus_albospecularis,AVES,0.999997237114425,6,57468.85471237
pipe,2,2,9.45013491751602,Coracopsis nigra,Coracopsis_nigra,AVES,0.995976861693383,3,112428.519988189
pipe,2,2,9.45013491751602,Corythornis madagascariensis,Corythornis_madagascariensis,AVES,0.894443720384505,5,91413.3850066192
pipe,2,2,9.45013491751602,Coua caerulea,Coua_caerulea,AVES,0.999923348901036,6,43258.6202217408
pipe,2,2,9.45013491751602,Coua coquereli,Coua_coquereli,AVES,0.999931251329661,1,30318.3808235479
pipe,2,2,9.45013491751602,Coua cristata,Coua_cristata,AVES,0.999993466921014,4,82456.5180805201
pipe,2,2,9.45013491751602,Coua cursor,Coua_cursor,AVES,0.999730982957567,1,18335.9341827981
pipe,2,2,9.45013491751602,Coua gigas,Coua_gigas,AVES,0.999875164027899,1,31483.3609587157
pipe,2,2,9.45013491751602,Coua reynaudii,Coua_reynaudii,AVES,0.999893524405902,4,36909.7856938053
pipe,2,2,9.45013491751602,Coua ruficeps,Coua_ruficeps,AVES,0.959346120072291,3,1327.46846918482
pipe,2,2,9.45013491751602,Coua serriana,Coua_serriana,AVES,0.991471316214561,1,32261.1250374597
pipe,2,2,9.45013491751602,Crossleyia xanthophrys,Crossleyia_xanthophrys,AVES,1,45,4108.00359365878
pipe,2,2,9.45013491751602,Cryptoprocta ferox,Cryptoprocta_ferox,MAMMALIA,0.0704722846506246,4,37145.8531169558
pipe,2,2,9.45013491751602,Cryptosylvicola randrianasoloi,Cryptosylvicola_randrianasoloi,AVES,1,39,5858.62140066465
pipe,2,2,9.45013491751602,Cyanolanius madagascarinus,Cyanolanius_madagascarinus,AVES,0.99999996360805,12,105948.209486567
pipe,2,2,9.45013491751602,Daubentonia madagascariensis,Daubentonia_madagascariensis,MAMMALIA,1,73,37361.2075322962
pipe,2,2,9.45013491751602,Echinops telfairi,Echinops_telfairi,MAMMALIA,1,436,55445.6343251357
pipe,2,2,9.45013491751602,Eliurus antsingy,Eliurus_antsingy,MAMMALIA,0.0133748649074149,5,69.3900821470956
pipe,2,2,9.45013491751602,Eliurus grandidieri,Eliurus_grandidieri,MAMMALIA,0.999641415738649,27,917.009629466638
pipe,2,2,9.45013491751602,Eliurus majori,Eliurus_majori,MAMMALIA,1,354,44034.9276162747
pipe,2,2,9.45013491751602,Eliurus minor,Eliurus_minor,MAMMALIA,1,1603,73225.0882518641
pipe,2,2,9.45013491751602,Eliurus myoxinus,Eliurus_myoxinus,MAMMALIA,1,1257,84556.0753544418
pipe,2,2,9.45013491751602,Eliurus tanala,Eliurus_tanala,MAMMALIA,1,478,47181.4126543155
pipe,2,2,9.45013491751602,Eliurus webbi,Eliurus_webbi,MAMMALIA,1,544,61901.2434067219
pipe,2,2,9.45013491751602,Eremopterix hova,Eremopterix_hova,AVES,0.999999732472487,23,3805.34089891426
pipe,2,2,9.45013491751602,Eulemur albifrons,Eulemur_albifrons,MAMMALIA,1,50,20279.6085630786
pipe,2,2,9.45013491751602,Eulemur cinereiceps,Eulemur_cinereiceps,MAMMALIA,1,199,96881.2262144692
pipe,2,2,9.45013491751602,Eulemur collaris,Eulemur_collaris,MAMMALIA,1,144,96140.8482391145
pipe,2,2,9.45013491751602,Eulemur coronatus,Eulemur_coronatus,MAMMALIA,1,207,28554.8565149436
pipe,2,2,9.45013491751602,Eulemur flavifrons,Eulemur_flavifrons,MAMMALIA,0.000213248908682684,1,25.074716512655
pipe,2,2,9.45013491751602,Eulemur fulvus,Eulemur_fulvus,MAMMALIA,1,167,97495.1675249615
pipe,2,2,9.45013491751602,Eulemur macaco,Eulemur_macaco,MAMMALIA,1,56,38191.4598772661
pipe,2,2,9.45013491751602,Eulemur mongoz,Eulemur_mongoz,MAMMALIA,0.999999920061048,30,2131.73226443496
pipe,2,2,9.45013491751602,Eulemur rubriventer,Eulemur_rubriventer,MAMMALIA,1,292,80258.2603925547
pipe,2,2,9.45013491751602,Eulemur rufus,Eulemur_rufus,MAMMALIA,1,196,48844.3531453401
pipe,2,2,9.45013491751602,Eulemur sanfordi,Eulemur_sanfordi,MAMMALIA,1,252,97507.3701975229
pipe,2,2,9.45013491751602,Euryceros prevostii,Euryceros_prevostii,AVES,0.999000955068605,3,2839.06294695103
pipe,2,2,9.45013491751602,Falco zoniventris,Falco_zoniventris,AVES,0.932961278308184,1,73443.3410411675
pipe,2,2,9.45013491751602,Falculea palliata,Falculea_palliata,AVES,0.999999999997601,7,30056.9862959458
pipe,2,2,9.45013491751602,Fossa fossana,Fossa_fossana,MAMMALIA,0.978483142852742,2,48599.4609223109
pipe,2,2,9.45013491751602,Foudia madagascariensis,Foudia_madagascariensis,AVES,0.999996739259241,17,143537.073540111
pipe,2,2,9.45013491751602,Foudia omissa,Foudia_omissa,AVES,0.999999999957824,15,51104.3794135037
pipe,2,2,9.45013491751602,Gactornis enarratus,Gactornis_enarratus,AVES,0.999999514554391,5,49094.8953315528
pipe,2,2,9.45013491751602,Galidia elegans,Galidia_elegans,MAMMALIA,0.968235456479531,6,49877.3202057595
pipe,2,2,9.45013491751602,Galidictis fasciata,Galidictis_fasciata,MAMMALIA,0,3,4247.07070700451
pipe,2,2,9.45013491751602,Geobiastes squamiger,Geobiastes_squamiger,AVES,0.999652519491142,4,10926.8523774886
pipe,2,2,9.45013491751602,Geogale aurita,Geogale_aurita,MAMMALIA,1,756,31689.1502562332
pipe,2,2,9.45013491751602,Gymnuromys roberti,Gymnuromys_roberti,MAMMALIA,1,171,26159.535426768
pipe,2,2,9.45013491751602,Haliaeetus vociferoides,Haliaeetus_vociferoides,AVES,0.0115773783592114,1,5133.49426771156
pipe,2,2,9.45013491751602,Hapalemur alaotrensis,Hapalemur_alaotrensis,MAMMALIA,1,140,10963.0337014908
pipe,2,2,9.45013491751602,Hapalemur aureus,Hapalemur_aureus,MAMMALIA,0.99999997955734,25,1734.11067424671
pipe,2,2,9.45013491751602,Hapalemur griseus,Hapalemur_griseus,MAMMALIA,1,215,92069.1070104177
pipe,2,2,9.45013491751602,Hapalemur occidentalis,Hapalemur_occidentalis,MAMMALIA,0.999995100327948,26,1006.53487848256
pipe,2,2,9.45013491751602,Hartertula flavoviridis,Hartertula_flavoviridis,AVES,1,44,8072.8420348216
pipe,2,2,9.45013491751602,Hartlaubius auratus,Hartlaubius_auratus,AVES,0.999981620251743,8,96729.0882958509
pipe,2,2,9.45013491751602,Hemicentetes nigriceps,Hemicentetes_nigriceps,MAMMALIA,0.999953099904744,29,1939.31365423675
pipe,2,2,9.45013491751602,Hemicentetes semispinosus,Hemicentetes_semispinosus,MAMMALIA,1,115,70623.9937442469
pipe,2,2,9.45013491751602,Hypogeomys antimena,Hypogeomys_antimena,MAMMALIA,0.133821965614829,5,102.721854711814
pipe,2,2,9.45013491751602,Hypositta corallirostris,Hypositta_corallirostris,AVES,0.999989740539462,11,61587.2283897142
pipe,2,2,9.45013491751602,Indri indri,Indri_indri,MAMMALIA,0.999999980956583,18,63452.2612268122
pipe,2,2,9.45013491751602,Lemur catta,Lemur_catta,MAMMALIA,1,230,25327.4828394367
pipe,2,2,9.45013491751602,Lepidopygia nana,Lepidopygia_nana,AVES,0.995362829307635,35,148664.346325446
pipe,2,2,9.45013491751602,Lepilemur ankaranensis,Lepilemur_ankaranensis,MAMMALIA,0.942459903341432,11,342.092378547278
pipe,2,2,9.45013491751602,Lepilemur edwardsi,Lepilemur_edwardsi,MAMMALIA,1,80,9363.39450114518
pipe,2,2,9.45013491751602,Lepilemur leucopus,Lepilemur_leucopus,MAMMALIA,1,90,21520.2944972777
pipe,2,2,9.45013491751602,Lepilemur microdon,Lepilemur_microdon,MAMMALIA,0.999999999988906,36,4538.52961899105
pipe,2,2,9.45013491751602,Lepilemur mustelinus,Lepilemur_mustelinus,MAMMALIA,1,299,87174.628882418
pipe,2,2,9.45013491751602,Lepilemur ruficaudatus,Lepilemur_ruficaudatus,MAMMALIA,1,213,16979.153093637
pipe,2,2,9.45013491751602,Leptopterus chabert,Leptopterus_chabert,AVES,0.999990635450857,12,129559.321006993
pipe,2,2,9.45013491751602,Lophotibis cristata,Lophotibis_cristata,AVES,0.999842598122139,2,83232.5261387801
pipe,2,2,9.45013491751602,Macrotarsomys bastardi,Macrotarsomys_bastardi,MAMMALIA,1,273,8019.39623578657
pipe,2,2,9.45013491751602,Margaroperdix madagarensis,Margaroperdix_madagarensis,AVES,0.999977421839666,2,105477.11175341
pipe,2,2,9.45013491751602,Mentocrex kioloides,Mentocrex_kioloides,AVES,0.997745372881942,1,33668.8999710913
pipe,2,2,9.45013491751602,Mesitornis unicolor,Mesitornis_unicolor,AVES,0,1,89.8278131379881
pipe,2,2,9.45013491751602,Mesitornis variegatus,Mesitornis_variegatus,AVES,0.998762356934088,5,2869.24937298196
pipe,2,2,9.45013491751602,Microcebus berthae,Microcebus_berthae,MAMMALIA,1.52725564417366e-08,2,16.7952443947329
pipe,2,2,9.45013491751602,Microcebus griseorufus,Microcebus_griseorufus,MAMMALIA,0.995769019106106,14,501.433658043836
pipe,2,2,9.45013491751602,Microcebus murinus,Microcebus_murinus,MAMMALIA,1,1634,91443.901454102
pipe,2,2,9.45013491751602,Microcebus myoxinus,Microcebus_myoxinus,MAMMALIA,0.999999989640897,98,1088.81660658391
pipe,2,2,9.45013491751602,Microcebus ravelobensis,Microcebus_ravelobensis,MAMMALIA,0.778620368188717,12,236.31409286757
pipe,2,2,9.45013491751602,Microcebus rufus,Microcebus_rufus,MAMMALIA,1,1325,70345.1929566901
pipe,2,2,9.45013491751602,Microcebus tavaratra,Microcebus_tavaratra,MAMMALIA,0.993489553700755,41,746.512561195913
pipe,2,2,9.45013491751602,Microgale brevicaudata,Microgale_brevicaudata,MAMMALIA,1,850,31576.6719692642
pipe,2,2,9.45013491751602,Microgale cowani,Microgale_cowani,MAMMALIA,1,605,58973.4049616129
pipe,2,2,9.45013491751602,Microgale drouhardi,Microgale_drouhardi,MAMMALIA,1,320,26451.5819734434
pipe,2,2,9.45013491751602,Microgale dryas,Microgale_dryas,MAMMALIA,0.897201398620069,47,1361.01937916703
pipe,2,2,9.45013491751602,Microgale fotsifotsy,Microgale_fotsifotsy,MAMMALIA,1,396,30828.7449386482
pipe,2,2,9.45013491751602,Microgale gracilis,Microgale_gracilis,MAMMALIA,0.99999999999801,122,9461.73890204376
pipe,2,2,9.45013491751602,Microgale gymnorhyncha,Microgale_gymnorhyncha,MAMMALIA,1,149,19182.5878047208
pipe,2,2,9.45013491751602,Microgale longicaudata,Microgale_longicaudata,MAMMALIA,1,1098,62385.5644387775
pipe,2,2,9.45013491751602,Microgale mergulus,Microgale_mergulus,MAMMALIA,0.999999999999529,73,5311.17441103977
pipe,2,2,9.45013491751602,Microgale parvula,Microgale_parvula,MAMMALIA,1,1286,62716.2259945477
pipe,2,2,9.45013491751602,Microgale principula,Microgale_principula,MAMMALIA,1,611,50053.7017172474
pipe,2,2,9.45013491751602,Microgale pusilla,Microgale_pusilla,MAMMALIA,0.999999999954248,392,19464.1041243992
pipe,2,2,9.45013491751602,Microgale soricoides,Microgale_soricoides,MAMMALIA,1,159,27007.446405319
pipe,2,2,9.45013491751602,Microgale taiva,Microgale_taiva,MAMMALIA,1,316,40419.9016902532
pipe,2,2,9.45013491751602,Microgale thomasi,Microgale_thomasi,MAMMALIA,1,117,24163.4437557998
pipe,2,2,9.45013491751602,Mirza coquereli,Mirza_coquereli,MAMMALIA,0.999997019538846,49,2487.38497287827
pipe,2,2,9.45013491751602,Monias benschi,Monias_benschi,AVES,0,1,82.9420458882198
pipe,2,2,9.45013491751602,Monticola erythronotus,Monticola_erythronotus,AVES,0.505764981643122,1,97.497303661992
pipe,2,2,9.45013491751602,Monticola sharpei,Monticola_sharpei,AVES,1,18,104003.386986376
pipe,2,2,9.45013491751602,Monticolomys koopmani,Monticolomys_koopmani,MAMMALIA,0.132627247638879,6,104.060766616412
pipe,2,2,9.45013491751602,Motacilla flaviventris,Motacilla_flaviventris,AVES,1,28,17956.1714005377
pipe,2,2,9.45013491751602,Mystacornis crossleyi,Mystacornis_crossleyi,AVES,0.999999999999988,11,47070.334498337
pipe,2,2,9.45013491751602,Neodrepanis coruscans,Neodrepanis_coruscans,AVES,0.999998960912454,15,29421.2463268156
pipe,2,2,9.45013491751602,Neodrepanis hypoxantha,Neodrepanis_hypoxantha,AVES,0.0211788109146442,3,88.4296056242715
pipe,2,2,9.45013491751602,Neomixis striatigula,Neomixis_striatigula,AVES,0.999999999987938,21,57607.4665469225
pipe,2,2,9.45013491751602,Neomixis tenella,Neomixis_tenella,AVES,1,66,94503.087375005
pipe,2,2,9.45013491751602,Neomixis viridis,Neomixis_viridis,AVES,0.999999999938916,24,53228.1779631952
pipe,2,2,9.45013491751602,Nesillas lantzii,Nesillas_lantzii,AVES,0.999982804418335,3,2690.16012016346
pipe,2,2,9.45013491751602,Nesogale dobsoni,Nesogale_dobsoni,MAMMALIA,1,379,67774.7614355249
pipe,2,2,9.45013491751602,Nesogale talazaci,Nesogale_talazaci,MAMMALIA,1,237,63267.6426063482
pipe,2,2,9.45013491751602,Nesomys audeberti,Nesomys_audeberti,MAMMALIA,1,108,4117.66085394942
pipe,2,2,9.45013491751602,Nesomys lambertoni,Nesomys_lambertoni,MAMMALIA,0.999983981685221,26,932.949397609887
pipe,2,2,9.45013491751602,Nesomys rufus,Nesomys_rufus,MAMMALIA,1,255,45735.5589729931
pipe,2,2,9.45013491751602,Newtonia amphichroa,Newtonia_amphichroa,AVES,1,18,42533.8589918677
pipe,2,2,9.45013491751602,Newtonia archboldi,Newtonia_archboldi,AVES,0.999743204888182,9,2043.15272270097
pipe,2,2,9.45013491751602,Newtonia brunneicauda,Newtonia_brunneicauda,AVES,0.999999999998928,24,119809.474281585
pipe,2,2,9.45013491751602,Newtonia fanovanae,Newtonia_fanovanae,AVES,0.353055283448799,2,98.220702482002
pipe,2,2,9.45013491751602,Oriolia bernieri,Oriolia_bernieri,AVES,0.999999971985186,14,14051.8909907503
pipe,2,2,9.45013491751602,Oryzorictes hova,Oryzorictes_hova,MAMMALIA,1,283,64427.3363679883
pipe,2,2,9.45013491751602,Oryzorictes tetradactylus,Oryzorictes_tetradactylus,MAMMALIA,1,151,10084.0452290769
pipe,2,2,9.45013491751602,Otus rutilus,Otus_rutilus,AVES,0.999999883396392,4,111202.11144645
pipe,2,2,9.45013491751602,Oxylabes madagascariensis,Oxylabes_madagascariensis,AVES,0.999999999999997,14,53349.0032844491
pipe,2,2,9.45013491751602,Phaner electromontis,Phaner_electromontis,MAMMALIA,1.1181189119025e-07,1,17.4337788633334
pipe,2,2,9.45013491751602,Phaner furcifer,Phaner_furcifer,MAMMALIA,0.887905465537903,48,806.065158960303
pipe,2,2,9.45013491751602,Phaner pallescens,Phaner_pallescens,MAMMALIA,0.999999999996636,54,3339.91010578686
pipe,2,2,9.45013491751602,Phaner parienti,Phaner_parienti,MAMMALIA,0.00280017666108179,1,24.4501852478606
pipe,2,2,9.45013491751602,Philepitta castanea,Philepitta_castanea,AVES,0.983835197382121,4,38533.17496099
pipe,2,2,9.45013491751602,Philepitta schlegeli,Philepitta_schlegeli,AVES,0.988278027030843,13,4272.35456493457
pipe,2,2,9.45013491751602,Ploceus nelicourvi,Ploceus_nelicourvi,AVES,0.999999998926543,10,61278.9952902807
pipe,2,2,9.45013491751602,Ploceus sakalava,Ploceus_sakalava,AVES,0.999999997018223,21,41552.4854694797
pipe,2,2,9.45013491751602,Polyboroides radiatus,Polyboroides_radiatus,AVES,0.998854683059291,1,125692.321571176
pipe,2,2,9.45013491751602,Pseudobias wardi,Pseudobias_wardi,AVES,0.999999999999995,17,41544.6103831218
pipe,2,2,9.45013491751602,Pterocles personatus,Pterocles_personatus,AVES,0.940123497880855,5,7087.00341547594
pipe,2,2,9.45013491751602,Rallus madagascariensis,Rallus_madagascariensis,AVES,0.999999429242302,5,14528.0828677106
pipe,2,2,9.45013491751602,Randia pseudozosterops,Randia_pseudozosterops,AVES,0.999998869317954,6,45408.4871078703
pipe,2,2,9.45013491751602,Sarothrura insularis,Sarothrura_insularis,AVES,0.999970058384666,6,76358.4235078797
pipe,2,2,9.45013491751602,Schetba rufa,Schetba_rufa,AVES,0.999999999999998,21,28915.6959411784
pipe,2,2,9.45013491751602,Setifer setosus,Setifer_setosus,MAMMALIA,1,242,116149.143393796
pipe,2,2,9.45013491751602,Tenrec ecaudatus,Tenrec_ecaudatus,MAMMALIA,1,88,126381.712691707
pipe,2,2,9.45013491751602,Thamnornis chloropetoides,Thamnornis_chloropetoides,AVES,0.999976954015688,5,3364.07667519472
pipe,2,2,9.45013491751602,Treron australis,Treron_australis,AVES,0.9969577093777,1,121400.977684462
pipe,2,2,9.45013491751602,Turnix nigricollis,Turnix_nigricollis,AVES,0.999947615971527,2,135548.53747246
pipe,2,2,9.45013491751602,Tylas eduardi,Tylas_eduardi,AVES,0.999999988516253,6,59970.5157083722
pipe,2,2,9.45013491751602,Vanga curvirostris,Vanga_curvirostris,AVES,0.999944278629016,7,130450.118765805
pipe,2,2,9.45013491751602,Varecia rubra,Varecia_rubra,MAMMALIA,1,56,72117.4504010899
pipe,2,2,9.45013491751602,Varecia variegata,Varecia_variegata,MAMMALIA,0.999999999999995,42,71684.6186005477
pipe,2,2,9.45013491751602,Xanthomixis apperti,Xanthomixis_apperti,AVES,0.441311211243701,1,68.4073900828693
pipe,2,2,9.45013491751602,Xanthomixis cinereiceps,Xanthomixis_cinereiceps,AVES,1,22,17402.8890355918
pipe,2,2,9.45013491751602,Xanthomixis zosterops,Xanthomixis_zosterops,AVES,0.999999999955387,18,61918.0545957716
pipe,2,2,9.45013491751602,Xenopirostris damii,Xenopirostris_damii,AVES,0.00179910755944268,1,93.5023436630614
pipe,2,2,9.45013491751602,Xenopirostris polleni,Xenopirostris_polleni,AVES,0.999999969632933,10,17624.8957524302
pipe,2,2,9.45013491751602,Xenopirostris xenopirostris,Xenopirostris_xenopirostris,AVES,0.965058075374104,1,1102.55740261015
pipe,3,3,14.1409219785651,Accipiter henstii,Accipiter_henstii,AVES,0.765875108539227,1,81405.8352855587
pipe,3,3,14.1409219785651,Accipiter madagascariensis,Accipiter_madagascariensis,AVES,0.927685507869511,1,100295.882031971
pipe,3,3,14.1409219785651,Acrocephalus newtoni,Acrocephalus_newtoni,AVES,0.999999999999981,14,107066.025202524
pipe,3,3,14.1409219785651,Alectroenas madagascariensis,Alectroenas_madagascariensis,AVES,0.998532793968176,6,68946.5815662861
pipe,3,3,14.1409219785651,Allocebus trichotis,Allocebus_trichotis,MAMMALIA,0.0078347349602923,3,72.1001097191941
pipe,3,3,14.1409219785651,Anas bernieri,Anas_bernieri,AVES,0,0,0
pipe,3,3,14.1409219785651,Apus balstoni,Apus_balstoni,AVES,0.999999950522905,4,95740.5105632073
pipe,3,3,14.1409219785651,Artamella viridis,Artamella_viridis,AVES,0.999991439910597,8,114774.095758751
pipe,3,3,14.1409219785651,Asio madagascariensis,Asio_madagascariensis,AVES,0.880258448741697,2,70836.8714421994
pipe,3,3,14.1409219785651,Atelornis crossleyi,Atelornis_crossleyi,AVES,0.999998758967357,7,11572.6222161697
pipe,3,3,14.1409219785651,Atelornis pittoides,Atelornis_pittoides,AVES,0.999744981624739,3,42617.5683144123
pipe,3,3,14.1409219785651,Athene superciliaris,Athene_superciliaris,AVES,0.999598567467277,1,75129.5339576453
pipe,3,3,14.1409219785651,Avahi laniger,Avahi_laniger,MAMMALIA,1,99,36913.5344380913
pipe,3,3,14.1409219785651,Avahi occidentalis,Avahi_occidentalis,MAMMALIA,0.996177513146535,4,629.167875788053
pipe,3,3,14.1409219785651,Aviceda madagascariensis,Aviceda_madagascariensis,AVES,0.97750066274377,1,107532.281324075
pipe,3,3,14.1409219785651,Bernieria madagascariensis,Bernieria_madagascariensis,AVES,0.999999998269932,15,95210.732270739
pipe,3,3,14.1409219785651,Brachypteracias leptosomus,Brachypteracias_leptosomus,AVES,0.999771336916958,1,37031.6513341992
pipe,3,3,14.1409219785651,Brachytarsomys albicauda,Brachytarsomys_albicauda,MAMMALIA,0.999999989334113,50,1781.88121692405
pipe,3,3,14.1409219785651,Brachyuromys betsileoensis,Brachyuromys_betsileoensis,MAMMALIA,1,123,13188.2484263174
pipe,3,3,14.1409219785651,Brachyuromys ramirohitra,Brachyuromys_ramirohitra,MAMMALIA,0.655414845690046,2,90.5857082152948
pipe,3,3,14.1409219785651,Bradypterus brunneus,Bradypterus_brunneus,AVES,1,38,12695.5759372238
pipe,3,3,14.1409219785651,Bradypterus seebohmi,Bradypterus_seebohmi,AVES,0.452718233996164,1,71.7493427546058
pipe,3,3,14.1409219785651,Buteo brachypterus,Buteo_brachypterus,AVES,0.872058171840981,1,116634.251730965
pipe,3,3,14.1409219785651,Calicalicus madagascariensis,Calicalicus_madagascariensis,AVES,0.999999999999983,22,96412.3916249195
pipe,3,3,14.1409219785651,Cheirogaleus crossleyi,Cheirogaleus_crossleyi,MAMMALIA,1,92,5642.19690457647
pipe,3,3,14.1409219785651,Cheirogaleus major,Cheirogaleus_major,MAMMALIA,1,311,69520.3984230204
pipe,3,3,14.1409219785651,Cheirogaleus medius,Cheirogaleus_medius,MAMMALIA,1,1548,57487.5841667095
pipe,3,3,14.1409219785651,Cinnyris notatus,Cinnyris_notatus,AVES,0.999999999986552,23,107709.503906154
pipe,3,3,14.1409219785651,Copsychus albospecularis,Copsychus_albospecularis,AVES,0.999997199863563,6,57465.2263118918
pipe,3,3,14.1409219785651,Coracopsis nigra,Coracopsis_nigra,AVES,0.995976674541404,3,112423.758794122
pipe,3,3,14.1409219785651,Corythornis madagascariensis,Corythornis_madagascariensis,AVES,0.894443720384505,5,91413.3850066192
pipe,3,3,14.1409219785651,Coua caerulea,Coua_caerulea,AVES,0.999923348901036,6,43258.6202217408
pipe,3,3,14.1409219785651,Coua coquereli,Coua_coquereli,AVES,0.999930984646063,1,30258.4604099487
pipe,3,3,14.1409219785651,Coua cristata,Coua_cristata,AVES,0.999993466921014,4,82456.5180805201
pipe,3,3,14.1409219785651,Coua cursor,Coua_cursor,AVES,0.999730982957567,1,18335.9341827981
pipe,3,3,14.1409219785651,Coua gigas,Coua_gigas,AVES,0.999875090201928,1,31474.5088110554
pipe,3,3,14.1409219785651,Coua reynaudii,Coua_reynaudii,AVES,0.999893524405902,4,36909.7856938053
pipe,3,3,14.1409219785651,Coua ruficeps,Coua_ruficeps,AVES,0.959346120072291,3,1327.46846918482
pipe,3,3,14.1409219785651,Coua serriana,Coua_serriana,AVES,0.991471316214561,1,32261.1250374597
pipe,3,3,14.1409219785651,Crossleyia xanthophrys,Crossleyia_xanthophrys,AVES,1,45,4108.00359365878
pipe,3,3,14.1409219785651,Cryptoprocta ferox,Cryptoprocta_ferox,MAMMALIA,0.0704722846506246,4,37145.8531169558
pipe,3,3,14.1409219785651,Cryptosylvicola randrianasoloi,Cryptosylvicola_randrianasoloi,AVES,1,39,5858.62140066465
pipe,3,3,14.1409219785651,Cyanolanius madagascarinus,Cyanolanius_madagascarinus,AVES,0.999999989452105,13,105793.199555823
pipe,3,3,14.1409219785651,Daubentonia madagascariensis,Daubentonia_madagascariensis,MAMMALIA,1,73,37358.6413141846
pipe,3,3,14.1409219785651,Echinops telfairi,Echinops_telfairi,MAMMALIA,1,437,55391.4921046686
pipe,3,3,14.1409219785651,Eliurus antsingy,Eliurus_antsingy,MAMMALIA,0.0133748649074149,5,69.3900821470956
pipe,3,3,14.1409219785651,Eliurus grandidieri,Eliurus_grandidieri,MAMMALIA,0.999641415738649,27,917.009629466638
pipe,3,3,14.1409219785651,Eliurus majori,Eliurus_majori,MAMMALIA,1,354,44034.0257913495
pipe,3,3,14.1409219785651,Eliurus minor,Eliurus_minor,MAMMALIA,1,1602,73213.1359398286
pipe,3,3,14.1409219785651,Eliurus myoxinus,Eliurus_myoxinus,MAMMALIA,1,1256,84489.7957141676
pipe,3,3,14.1409219785651,Eliurus tanala,Eliurus_tanala,MAMMALIA,1,478,47180.7738243324
pipe,3,3,14.1409219785651,Eliurus webbi,Eliurus_webbi,MAMMALIA,1,542,61877.4107333357
pipe,3,3,14.1409219785651,Eremopterix hova,Eremopterix_hova,AVES,0.999999703047721,23,3762.05337664463
pipe,3,3,14.1409219785651,Eulemur albifrons,Eulemur_albifrons,MAMMALIA,1,50,20275.2989726232
pipe,3,3,14.1409219785651,Eulemur cinereiceps,Eulemur_cinereiceps,MAMMALIA,1,197,96778.6171885826
pipe,3,3,14.1409219785651,Eulemur collaris,Eulemur_collaris,MAMMALIA,1,145,96104.0993488608
pipe,3,3,14.1409219785651,Eulemur coronatus,Eulemur_coronatus,MAMMALIA,1,208,28511.8416429613
pipe,3,3,14.1409219785651,Eulemur flavifrons,Eulemur_flavifrons,MAMMALIA,0.000213248908682684,1,25.074716512655
pipe,3,3,14.1409219785651,Eulemur fulvus,Eulemur_fulvus,MAMMALIA,1,167,97376.7928026247
pipe,3,3,14.1409219785651,Eulemur macaco,Eulemur_macaco,MAMMALIA,1,57,38162.7519588166
pipe,3,3,14.1409219785651,Eulemur mongoz,Eulemur_mongoz,MAMMALIA,0.999999920061048,30,2131.73226443496
pipe,3,3,14.1409219785651,Eulemur rubriventer,Eulemur_rubriventer,MAMMALIA,1,293,80235.1209946007
pipe,3,3,14.1409219785651,Eulemur rufus,Eulemur_rufus,MAMMALIA,1,195,48753.5862752373
pipe,3,3,14.1409219785651,Eulemur sanfordi,Eulemur_sanfordi,MAMMALIA,1,256,97434.9154881708
pipe,3,3,14.1409219785651,Euryceros prevostii,Euryceros_prevostii,AVES,0.999000955068605,3,2839.06294695103
pipe,3,3,14.1409219785651,Falco zoniventris,Falco_zoniventris,AVES,0.932961278308184,1,73443.3410411675
pipe,3,3,14.1409219785651,Falculea palliata,Falculea_palliata,AVES,0.999999999997584,7,29989.868363118
pipe,3,3,14.1409219785651,Fossa fossana,Fossa_fossana,MAMMALIA,0.978483142852742,2,48599.4609223109
pipe,3,3,14.1409219785651,Foudia madagascariensis,Foudia_madagascariensis,AVES,0.999997666123556,18,143043.317491011
pipe,3,3,14.1409219785651,Foudia omissa,Foudia_omissa,AVES,0.999999999957787,15,51099.6951014304
pipe,3,3,14.1409219785651,Gactornis enarratus,Gactornis_enarratus,AVES,0.999999514554391,5,49094.8953315528
pipe,3,3,14.1409219785651,Galidia elegans,Galidia_elegans,MAMMALIA,0.968235456479531,6,49877.3202057595
pipe,3,3,14.1409219785651,Galidictis fasciata,Galidictis_fasciata,MAMMALIA,0,3,4247.07070700451
pipe,3,3,14.1409219785651,Geobiastes squamiger,Geobiastes_squamiger,AVES,0.999652519491142,4,10926.8523774886
pipe,3,3,14.1409219785651,Geogale aurita,Geogale_aurita,MAMMALIA,1,756,31681.4796183896
pipe,3,3,14.1409219785651,Gymnuromys roberti,Gymnuromys_roberti,MAMMALIA,1,171,26159.2594678881
pipe,3,3,14.1409219785651,Haliaeetus vociferoides,Haliaeetus_vociferoides,AVES,0.0115773783592114,1,5133.49426771156
pipe,3,3,14.1409219785651,Hapalemur alaotrensis,Hapalemur_alaotrensis,MAMMALIA,1,90,4923.87420772511
pipe,3,3,14.1409219785651,Hapalemur aureus,Hapalemur_aureus,MAMMALIA,0.999999979501793,25,1733.75053110487
pipe,3,3,14.1409219785651,Hapalemur griseus,Hapalemur_griseus,MAMMALIA,1,215,92023.1753080237
pipe,3,3,14.1409219785651,Hapalemur occidentalis,Hapalemur_occidentalis,MAMMALIA,0.999995100327948,26,1006.17654477476
pipe,3,3,14.1409219785651,Hartertula flavoviridis,Hartertula_flavoviridis,AVES,1,44,8072.8420348216
pipe,3,3,14.1409219785651,Hartlaubius auratus,Hartlaubius_auratus,AVES,0.999981600031118,8,96641.8687458988
pipe,3,3,14.1409219785651,Hemicentetes nigriceps,Hemicentetes_nigriceps,MAMMALIA,0.999953099904744,29,1939.31365423675
pipe,3,3,14.1409219785651,Hemicentetes semispinosus,Hemicentetes_semispinosus,MAMMALIA,1,115,70613.4164073002
pipe,3,3,14.1409219785651,Hypogeomys antimena,Hypogeomys_antimena,MAMMALIA,0.133821965614829,5,102.721854711814
pipe,3,3,14.1409219785651,Hypositta corallirostris,Hypositta_corallirostris,AVES,0.999989740403582,11,61586.5829219026
pipe,3,3,14.1409219785651,Indri indri,Indri_indri,MAMMALIA,0.999999980956583,18,63452.2612268122
pipe,3,3,14.1409219785651,Lemur catta,Lemur_catta,MAMMALIA,1,230,25300.8760563097
pipe,3,3,14.1409219785651,Lepidopygia nana,Lepidopygia_nana,AVES,0.997353086017245,36,139692.566254971
pipe,3,3,14.1409219785651,Lepilemur ankaranensis,Lepilemur_ankaranensis,MAMMALIA,0.942459903341432,11,342.092378547278
pipe,3,3,14.1409219785651,Lepilemur edwardsi,Lepilemur_edwardsi,MAMMALIA,1,80,9350.14429507173
pipe,3,3,14.1409219785651,Lepilemur leucopus,Lepilemur_leucopus,MAMMALIA,1,90,21480.0078941368
pipe,3,3,14.1409219785651,Lepilemur microdon,Lepilemur_microdon,MAMMALIA,0.999999999988906,36,4538.52961899105
pipe,3,3,14.1409219785651,Lepilemur mustelinus,Lepilemur_mustelinus,MAMMALIA,1,298,87146.8440336505
pipe,3,3,14.1409219785651,Lepilemur ruficaudatus,Lepilemur_ruficaudatus,MAMMALIA,1,213,16930.0478971883
pipe,3,3,14.1409219785651,Leptopterus chabert,Leptopterus_chabert,AVES,0.999994440191303,13,129428.5593565
pipe,3,3,14.1409219785651,Lophotibis cristata,Lophotibis_cristata,AVES,0.999842598122139,2,83232.5261387801
pipe,3,3,14.1409219785651,Macrotarsomys bastardi,Macrotarsomys_bastardi,MAMMALIA,1,271,8009.38638169383
pipe,3,3,14.1409219785651,Margaroperdix madagarensis,Margaroperdix_madagarensis,AVES,0.999977366868188,2,105319.688156989
pipe,3,3,14.1409219785651,Mentocrex kioloides,Mentocrex_kioloides,AVES,0.997745372881942,1,33668.8999710913
pipe,3,3,14.1409219785651,Mesitornis unicolor,Mesitornis_unicolor,AVES,0,1,89.8278131379881
pipe,3,3,14.1409219785651,Mesitornis variegatus,Mesitornis_variegatus,AVES,0.998762356934088,5,2869.24937298196
pipe,3,3,14.1409219785651,Microcebus berthae,Microcebus_berthae,MAMMALIA,1.52725564417366e-08,2,16.7952443947329
pipe,3,3,14.1409219785651,Microcebus griseorufus,Microcebus_griseorufus,MAMMALIA,0.995769019106106,14,501.433658043836
pipe,3,3,14.1409219785651,Microcebus murinus,Microcebus_murinus,MAMMALIA,1,1635,91310.4319092479
pipe,3,3,14.1409219785651,Microcebus myoxinus,Microcebus_myoxinus,MAMMALIA,0.999999989630853,98,1088.26869839482
pipe,3,3,14.1409219785651,Microcebus ravelobensis,Microcebus_ravelobensis,MAMMALIA,0.778620368188717,12,236.31409286757
pipe,3,3,14.1409219785651,Microcebus rufus,Microcebus_rufus,MAMMALIA,1,1326,70308.3140707685
pipe,3,3,14.1409219785651,Microcebus tavaratra,Microcebus_tavaratra,MAMMALIA,0.993489553700755,41,743.969330465913
pipe,3,3,14.1409219785651,Microgale brevicaudata,Microgale_brevicaudata,MAMMALIA,1,847,31553.6164915014
pipe,3,3,14.1409219785651,Microgale cowani,Microgale_cowani,MAMMALIA,1,607,58966.101945695
pipe,3,3,14.1409219785651,Microgale drouhardi,Microgale_drouhardi,MAMMALIA,1,320,26451.4895691238
pipe,3,3,14.1409219785651,Microgale dryas,Microgale_dryas,MAMMALIA,0.897201398620069,47,1361.01937916703
pipe,3,3,14.1409219785651,Microgale fotsifotsy,Microgale_fotsifotsy,MAMMALIA,1,396,30828.7449386482
pipe,3,3,14.1409219785651,Microgale gracilis,Microgale_gracilis,MAMMALIA,0.99999999999801,122,9461.73890204376
pipe,3,3,14.1409219785651,Microgale gymnorhyncha,Microgale_gymnorhyncha,MAMMALIA,1,149,19182.5878047208
pipe,3,3,14.1409219785651,Microgale longicaudata,Microgale_longicaudata,MAMMALIA,1,1098,62381.7641519237
pipe,3,3,14.1409219785651,Microgale mergulus,Microgale_mergulus,MAMMALIA,0.999999999999529,72,5281.34587308972
pipe,3,3,14.1409219785651,Microgale parvula,Microgale_parvula,MAMMALIA,1,1285,62706.9810120682
pipe,3,3,14.1409219785651,Microgale principula,Microgale_principula,MAMMALIA,1,611,50052.8222208438
pipe,3,3,14.1409219785651,Microgale pusilla,Microgale_pusilla,MAMMALIA,0.999999999565041,408,18409.0580175065
pipe,3,3,14.1409219785651,Microgale soricoides,Microgale_soricoides,MAMMALIA,1,159,27007.446405319
pipe,3,3,14.1409219785651,Microgale taiva,Microgale_taiva,MAMMALIA,1,316,40419.9016902532
pipe,3,3,14.1409219785651,Microgale thomasi,Microgale_thomasi,MAMMALIA,1,117,24163.4437557998
pipe,3,3,14.1409219785651,Mirza coquereli,Mirza_coquereli,MAMMALIA,0.999997019538846,49,2487.1078516914
pipe,3,3,14.1409219785651,Monias benschi,Monias_benschi,AVES,0,1,82.9420458882198
pipe,3,3,14.1409219785651,Monticola erythronotus,Monticola_erythronotus,AVES,0.505764981643122,1,97.497303661992
pipe,3,3,14.1409219785651,Monticola sharpei,Monticola_sharpei,AVES,1,19,103905.361868914
pipe,3,3,14.1409219785651,Monticolomys koopmani,Monticolomys_koopmani,MAMMALIA,0.132627247638879,6,104.060766616412
pipe,3,3,14.1409219785651,Motacilla flaviventris,Motacilla_flaviventris,AVES,1,33,15879.9531246474
pipe,3,3,14.1409219785651,Mystacornis crossleyi,Mystacornis_crossleyi,AVES,0.999999999999988,11,47069.6207777921
pipe,3,3,14.1409219785651,Neodrepanis coruscans,Neodrepanis_coruscans,AVES,0.999998960912454,15,29421.2463268156
pipe,3,3,14.1409219785651,Neodrepanis hypoxantha,Neodrepanis_hypoxantha,AVES,0.0211788109146442,3,88.4296056242715
pipe,3,3,14.1409219785651,Neomixis striatigula,Neomixis_striatigula,AVES,0.999999999997343,22,57604.7755131383
pipe,3,3,14.1409219785651,Neomixis tenella,Neomixis_tenella,AVES,1,66,94212.8134227593
pipe,3,3,14.1409219785651,Neomixis viridis,Neomixis_viridis,AVES,0.999999999940619,25,53227.2915590369
pipe,3,3,14.1409219785651,Nesillas lantzii,Nesillas_lantzii,AVES,0.999982780593027,3,2688.49977370989
pipe,3,3,14.1409219785651,Nesogale dobsoni,Nesogale_dobsoni,MAMMALIA,1,378,67754.5438641471
pipe,3,3,14.1409219785651,Nesogale talazaci,Nesogale_talazaci,MAMMALIA,1,237,63267.6426063482
pipe,3,3,14.1409219785651,Nesomys audeberti,Nesomys_audeberti,MAMMALIA,1,108,4117.48196431182
pipe,3,3,14.1409219785651,Nesomys lambertoni,Nesomys_lambertoni,MAMMALIA,0.999983981685221,26,932.949397609887
pipe,3,3,14.1409219785651,Nesomys rufus,Nesomys_rufus,MAMMALIA,1,255,45716.7895659532
pipe,3,3,14.1409219785651,Newtonia amphichroa,Newtonia_amphichroa,AVES,1,18,42533.7662178329
pipe,3,3,14.1409219785651,Newtonia archboldi,Newtonia_archboldi,AVES,0.999743204888182,9,2043.15272270097
pipe,3,3,14.1409219785651,Newtonia brunneicauda,Newtonia_brunneicauda,AVES,0.999999999999837,24,119603.891505486
pipe,3,3,14.1409219785651,Newtonia fanovanae,Newtonia_fanovanae,AVES,0.353055283448799,2,98.220702482002
pipe,3,3,14.1409219785651,Oriolia bernieri,Oriolia_bernieri,AVES,0.999999971985186,14,14051.8909907503
pipe,3,3,14.1409219785651,Oryzorictes hova,Oryzorictes_hova,MAMMALIA,1,290,62755.8531997501
pipe,3,3,14.1409219785651,Oryzorictes tetradactylus,Oryzorictes_tetradactylus,MAMMALIA,0.999999999999931,152,8965.27115002997
pipe,3,3,14.1409219785651,Otus rutilus,Otus_rutilus,AVES,0.999999882980446,4,111003.328735422
pipe,3,3,14.1409219785651,Oxylabes madagascariensis,Oxylabes_madagascariensis,AVES,0.999999999999997,14,53341.6461398097
pipe,3,3,14.1409219785651,Phaner electromontis,Phaner_electromontis,MAMMALIA,1.1181189119025e-07,1,17.4337788633334
pipe,3,3,14.1409219785651,Phaner furcifer,Phaner_furcifer,MAMMALIA,0.887905465537903,48,806.065158960303
pipe,3,3,14.1409219785651,Phaner pallescens,Phaner_pallescens,MAMMALIA,0.999999999996215,51,3316.02156268082
pipe,3,3,14.1409219785651,Phaner parienti,Phaner_parienti,MAMMALIA,0.00280017666108179,1,24.4501852478606
pipe,3,3,14.1409219785651,Philepitta castanea,Philepitta_castanea,AVES,0.983835197382121,4,38533.17496099
pipe,3,3,14.1409219785651,Philepitta schlegeli,Philepitta_schlegeli,AVES,0.988278027030843,13,4271.80311925886
pipe,3,3,14.1409219785651,Ploceus nelicourvi,Ploceus_nelicourvi,AVES,0.999999998926097,10,61266.4813091421
pipe,3,3,14.1409219785651,Ploceus sakalava,Ploceus_sakalava,AVES,0.999999998225714,22,41339.5103348408
pipe,3,3,14.1409219785651,Polyboroides radiatus,Polyboroides_radiatus,AVES,0.998686402741966,1,115750.958343473
pipe,3,3,14.1409219785651,Pseudobias wardi,Pseudobias_wardi,AVES,0.999999999999995,17,41544.6103831218
pipe,3,3,14.1409219785651,Pterocles personatus,Pterocles_personatus,AVES,0.940123497880855,5,7087.00341547594
pipe,3,3,14.1409219785651,Rallus madagascariensis,Rallus_madagascariensis,AVES,0.999999429242302,5,14528.0828677106
pipe,3,3,14.1409219785651,Randia pseudozosterops,Randia_pseudozosterops,AVES,0.999998847318876,6,45404.2046166979
pipe,3,3,14.1409219785651,Sarothrura insularis,Sarothrura_insularis,AVES,0.999968713591842,5,74126.7658086084
pipe,3,3,14.1409219785651,Schetba rufa,Schetba_rufa,AVES,0.999999999999998,21,28913.1127131509
pipe,3,3,14.1409219785651,Setifer setosus,Setifer_setosus,MAMMALIA,1,242,116099.091323885
pipe,3,3,14.1409219785651,Tenrec ecaudatus,Tenrec_ecaudatus,MAMMALIA,1,90,126105.932828277
pipe,3,3,14.1409219785651,Thamnornis chloropetoides,Thamnornis_chloropetoides,AVES,0.999976954015688,5,3364.07667519472
pipe,3,3,14.1409219785651,Treron australis,Treron_australis,AVES,0.996954968104619,1,121303.492510792
pipe,3,3,14.1409219785651,Turnix nigricollis,Turnix_nigricollis,AVES,0.999947461364333,2,135303.50567703
pipe,3,3,14.1409219785651,Tylas eduardi,Tylas_eduardi,AVES,0.999999988497552,6,59965.1913677797
pipe,3,3,14.1409219785651,Vanga curvirostris,Vanga_curvirostris,AVES,0.999944222602665,7,130350.45205686
pipe,3,3,14.1409219785651,Varecia rubra,Varecia_rubra,MAMMALIA,1,55,72096.783249819
pipe,3,3,14.1409219785651,Varecia variegata,Varecia_variegata,MAMMALIA,0.999999999999995,42,71680.1468020997
pipe,3,3,14.1409219785651,Xanthomixis apperti,Xanthomixis_apperti,AVES,0.441311211243701,1,68.4073900828693
pipe,3,3,14.1409219785651,Xanthomixis cinereiceps,Xanthomixis_cinereiceps,AVES,1,22,17402.8890355918
pipe,3,3,14.1409219785651,Xanthomixis zosterops,Xanthomixis_zosterops,AVES,0.999999999954973,17,61901.289646628
pipe,3,3,14.1409219785651,Xenopirostris damii,Xenopirostris_damii,AVES,0.00179910755944268,1,93.5023436630614
pipe,3,3,14.1409219785651,Xenopirostris polleni,Xenopirostris_polleni,AVES,0.999999969631207,10,17624.5374187224
pipe,3,3,14.1409219785651,Xenopirostris xenopirostris,Xenopirostris_xenopirostris,AVES,0.965058075374104,1,1102.55740261015
pipe,4,4,18.8353199706999,Accipiter henstii,Accipiter_henstii,AVES,0.765875108539227,1,81405.8352855587
pipe,4,4,18.8353199706999,Accipiter madagascariensis,Accipiter_madagascariensis,AVES,0.927685507869511,1,100295.882031971
pipe,4,4,18.8353199706999,Acrocephalus newtoni,Acrocephalus_newtoni,AVES,1,15,101948.755339072
pipe,4,4,18.8353199706999,Alectroenas madagascariensis,Alectroenas_madagascariensis,AVES,0.998474507428268,6,66557.243859743
pipe,4,4,18.8353199706999,Allocebus trichotis,Allocebus_trichotis,MAMMALIA,0.0078347349602923,3,72.1001097191941
pipe,4,4,18.8353199706999,Anas bernieri,Anas_bernieri,AVES,0,0,0
pipe,4,4,18.8353199706999,Apus balstoni,Apus_balstoni,AVES,0.999999946982779,4,93307.7329885898
pipe,4,4,18.8353199706999,Artamella viridis,Artamella_viridis,AVES,0.999992829005191,10,110262.151193627
pipe,4,4,18.8353199706999,Asio madagascariensis,Asio_madagascariensis,AVES,0.880258448741697,2,70836.8714421994
pipe,4,4,18.8353199706999,Atelornis crossleyi,Atelornis_crossleyi,AVES,0.999998758967357,7,11572.6222161697
pipe,4,4,18.8353199706999,Atelornis pittoides,Atelornis_pittoides,AVES,0.999743038545573,3,42432.3648776395
pipe,4,4,18.8353199706999,Athene superciliaris,Athene_superciliaris,AVES,0.99958599781573,1,73690.0320448271
pipe,4,4,18.8353199706999,Avahi laniger,Avahi_laniger,MAMMALIA,1,100,36154.8502945981
pipe,4,4,18.8353199706999,Avahi occidentalis,Avahi_occidentalis,MAMMALIA,0.996177513146535,3,617.947951280703
pipe,4,4,18.8353199706999,Aviceda madagascariensis,Aviceda_madagascariensis,AVES,0.977476873800697,1,107442.680269345
pipe,4,4,18.8353199706999,Bernieria madagascariensis,Bernieria_madagascariensis,AVES,0.999999998747773,18,92116.617020554
pipe,4,4,18.8353199706999,Brachypteracias leptosomus,Brachypteracias_leptosomus,AVES,0.999771336916958,1,37031.6513341992
pipe,4,4,18.8353199706999,Brachytarsomys albicauda,Brachytarsomys_albicauda,MAMMALIA,0.999999989175674,51,1779.27863425202
pipe,4,4,18.8353199706999,Brachyuromys betsileoensis,Brachyuromys_betsileoensis,MAMMALIA,1,115,12857.1185908138
pipe,4,4,18.8353199706999,Brachyuromys ramirohitra,Brachyuromys_ramirohitra,MAMMALIA,0.655414845690046,2,90.5857082152948
pipe,4,4,18.8353199706999,Bradypterus brunneus,Bradypterus_brunneus,AVES,1,37,12547.6497496434
pipe,4,4,18.8353199706999,Bradypterus seebohmi,Bradypterus_seebohmi,AVES,0.452718233996164,1,71.7493427546058
pipe,4,4,18.8353199706999,Buteo brachypterus,Buteo_brachypterus,AVES,0.872058171840981,1,116634.251730965
pipe,4,4,18.8353199706999,Calicalicus madagascariensis,Calicalicus_madagascariensis,AVES,1,26,92986.3048184106
pipe,4,4,18.8353199706999,Cheirogaleus crossleyi,Cheirogaleus_crossleyi,MAMMALIA,1,90,5560.27790696893
pipe,4,4,18.8353199706999,Cheirogaleus major,Cheirogaleus_major,MAMMALIA,1,311,67642.6788618863
pipe,4,4,18.8353199706999,Cheirogaleus medius,Cheirogaleus_medius,MAMMALIA,1,1298,55104.8849876263
pipe,4,4,18.8353199706999,Cinnyris notatus,Cinnyris_notatus,AVES,0.999999999999705,43,102554.939825516
pipe,4,4,18.8353199706999,Copsychus albospecularis,Copsychus_albospecularis,AVES,0.999996805502424,7,55873.5275540688
pipe,4,4,18.8353199706999,Coracopsis nigra,Coracopsis_nigra,AVES,0.995846265852565,3,109205.854313384
pipe,4,4,18.8353199706999,Corythornis madagascariensis,Corythornis_madagascariensis,AVES,0.894443287137072,5,91398.3566045223
pipe,4,4,18.8353199706999,Coua caerulea,Coua_caerulea,AVES,0.999922931837585,6,43182.1543590904
pipe,4,4,18.8353199706999,Coua coquereli,Coua_coquereli,AVES,0.999924212239001,1,28845.2737311506
pipe,4,4,18.8353199706999,Coua cristata,Coua_cristata,AVES,0.999993303144452,4,81381.9082779816
pipe,4,4,18.8353199706999,Coua cursor,Coua_cursor,AVES,0.999717646370524,1,17906.4919143746
pipe,4,4,18.8353199706999,Coua gigas,Coua_gigas,AVES,0.99986778119544,1,30634.6357315625
pipe,4,4,18.8353199706999,Coua reynaudii,Coua_reynaudii,AVES,0.99989334357938,4,36877.2536044109
pipe,4,4,18.8353199706999,Coua ruficeps,Coua_ruficeps,AVES,0.959346120072291,3,1327.46846918482
pipe,4,4,18.8353199706999,Coua serriana,Coua_serriana,AVES,0.991471316214561,1,32261.1250374597
pipe,4,4,18.8353199706999,Crossleyia xanthophrys,Crossleyia_xanthophrys,AVES,1,44,4066.72582632444
pipe,4,4,18.8353199706999,Cryptoprocta ferox,Cryptoprocta_ferox,MAMMALIA,0.0704722846506246,4,37145.8531169558
pipe,4,4,18.8353199706999,Cryptosylvicola randrianasoloi,Cryptosylvicola_randrianasoloi,AVES,1,39,5827.08509027249
pipe,4,4,18.8353199706999,Cyanolanius madagascarinus,Cyanolanius_madagascarinus,AVES,0.999999999898948,14,100990.189848545
pipe,4,4,18.8353199706999,Daubentonia madagascariensis,Daubentonia_madagascariensis,MAMMALIA,1,86,35258.5755647965
pipe,4,4,18.8353199706999,Echinops telfairi,Echinops_telfairi,MAMMALIA,1,424,53697.6636897962
pipe,4,4,18.8353199706999,Eliurus antsingy,Eliurus_antsingy,MAMMALIA,0.0133748649074149,5,69.3900821470956
pipe,4,4,18.8353199706999,Eliurus grandidieri,Eliurus_grandidieri,MAMMALIA,0.999641415738649,25,909.705389651238
pipe,4,4,18.8353199706999,Eliurus majori,Eliurus_majori,MAMMALIA,1,341,43563.0922808996
pipe,4,4,18.8353199706999,Eliurus minor,Eliurus_minor,MAMMALIA,1,1543,72668.346039575
pipe,4,4,18.8353199706999,Eliurus myoxinus,Eliurus_myoxinus,MAMMALIA,1,1127,82381.1267521135
pipe,4,4,18.8353199706999,Eliurus tanala,Eliurus_tanala,MAMMALIA,1,453,46435.3024099438
pipe,4,4,18.8353199706999,Eliurus webbi,Eliurus_webbi,MAMMALIA,1,526,60908.7526363683
pipe,4,4,18.8353199706999,Eremopterix hova,Eremopterix_hova,AVES,0.999999627954006,22,3670.63920434959
pipe,4,4,18.8353199706999,Eulemur albifrons,Eulemur_albifrons,MAMMALIA,1,68,19455.8285654542
pipe,4,4,18.8353199706999,Eulemur cinereiceps,Eulemur_cinereiceps,MAMMALIA,1,239,93039.4610912246
pipe,4,4,18.8353199706999,Eulemur collaris,Eulemur_collaris,MAMMALIA,1,177,92188.5902980664
pipe,4,4,18.8353199706999,Eulemur coronatus,Eulemur_coronatus,MAMMALIA,1,235,27153.7854801021
pipe,4,4,18.8353199706999,Eulemur flavifrons,Eulemur_flavifrons,MAMMALIA,0.000213248908682684,1,25.074716512655
pipe,4,4,18.8353199706999,Eulemur fulvus,Eulemur_fulvus,MAMMALIA,1,217,93464.7527829465
pipe,4,4,18.8353199706999,Eulemur macaco,Eulemur_macaco,MAMMALIA,1,61,37337.4291354149
pipe,4,4,18.8353199706999,Eulemur mongoz,Eulemur_mongoz,MAMMALIA,0.99999989058302,30,2089.6085773972
pipe,4,4,18.8353199706999,Eulemur rubriventer,Eulemur_rubriventer,MAMMALIA,1,338,77734.5683734164
pipe,4,4,18.8353199706999,Eulemur rufus,Eulemur_rufus,MAMMALIA,1,215,46376.2748166009
pipe,4,4,18.8353199706999,Eulemur sanfordi,Eulemur_sanfordi,MAMMALIA,1,312,93680.4982848595
pipe,4,4,18.8353199706999,Euryceros prevostii,Euryceros_prevostii,AVES,0.999000955068605,3,2839.06294695103
pipe,4,4,18.8353199706999,Falco zoniventris,Falco_zoniventris,AVES,0.932961278308184,1,73443.3410411675
pipe,4,4,18.8353199706999,Falculea palliata,Falculea_palliata,AVES,0.999999999996277,7,28718.0989357383
pipe,4,4,18.8353199706999,Fossa fossana,Fossa_fossana,MAMMALIA,0.978483142852742,2,48599.4609223109
pipe,4,4,18.8353199706999,Foudia madagascariensis,Foudia_madagascariensis,AVES,0.999999900957792,27,136248.891480305
pipe,4,4,18.8353199706999,Foudia omissa,Foudia_omissa,AVES,0.999999999958707,18,50073.2510597789
pipe,4,4,18.8353199706999,Gactornis enarratus,Gactornis_enarratus,AVES,0.999999484821457,5,48812.2165276541
pipe,4,4,18.8353199706999,Galidia elegans,Galidia_elegans,MAMMALIA,0.968235456479531,6,49877.3202057595
pipe,4,4,18.8353199706999,Galidictis fasciata,Galidictis_fasciata,MAMMALIA,0,3,4247.07070700451
pipe,4,4,18.8353199706999,Geobiastes squamiger,Geobiastes_squamiger,AVES,0.999651534883248,4,10912.2023785805
pipe,4,4,18.8353199706999,Geogale aurita,Geogale_aurita,MAMMALIA,1,691,31257.0551036538
pipe,4,4,18.8353199706999,Gymnuromys roberti,Gymnuromys_roberti,MAMMALIA,1,163,26019.5998824989
pipe,4,4,18.8353199706999,Haliaeetus vociferoides,Haliaeetus_vociferoides,AVES,0.0115773783592114,1,5133.49426771156
pipe,4,4,18.8353199706999,Hapalemur alaotrensis,Hapalemur_alaotrensis,MAMMALIA,1,56,3792.79566395532
pipe,4,4,18.8353199706999,Hapalemur aureus,Hapalemur_aureus,MAMMALIA,0.999999977278618,26,1705.58628779796
pipe,4,4,18.8353199706999,Hapalemur griseus,Hapalemur_griseus,MAMMALIA,1,248,89061.3366621233
pipe,4,4,18.8353199706999,Hapalemur occidentalis,Hapalemur_occidentalis,MAMMALIA,0.999980202542243,26,928.619128115792
pipe,4,4,18.8353199706999,Hartertula flavoviridis,Hartertula_flavoviridis,AVES,1,43,8024.20134450056
pipe,4,4,18.8353199706999,Hartlaubius auratus,Hartlaubius_auratus,AVES,0.999998749166178,9,93492.935134412
pipe,4,4,18.8353199706999,Hemicentetes nigriceps,Hemicentetes_nigriceps,MAMMALIA,0.99994384558201,28,1850.31293042443
pipe,4,4,18.8353199706999,Hemicentetes semispinosus,Hemicentetes_semispinosus,MAMMALIA,1,136,68737.9325400695
pipe,4,4,18.8353199706999,Hypogeomys antimena,Hypogeomys_antimena,MAMMALIA,0.133821965614829,5,102.721854711814
pipe,4,4,18.8353199706999,Hypositta corallirostris,Hypositta_corallirostris,AVES,0.99998272593013,9,60201.2498004697
pipe,4,4,18.8353199706999,Indri indri,Indri_indri,MAMMALIA,0.999999969981461,17,62897.24464854
pipe,4,4,18.8353199706999,Lemur catta,Lemur_catta,MAMMALIA,1,216,24284.7920960575
pipe,4,4,18.8353199706999,Lepidopygia nana,Lepidopygia_nana,AVES,0.998135413725367,62,131758.894912479
pipe,4,4,18.8353199706999,Lepilemur ankaranensis,Lepilemur_ankaranensis,MAMMALIA,0.942459903341432,11,337.837326840144
pipe,4,4,18.8353199706999,Lepilemur edwardsi,Lepilemur_edwardsi,MAMMALIA,1,80,8845.64091116905
pipe,4,4,18.8353199706999,Lepilemur leucopus,Lepilemur_leucopus,MAMMALIA,1,90,20867.8864140902
pipe,4,4,18.8353199706999,Lepilemur microdon,Lepilemur_microdon,MAMMALIA,0.999999999967494,34,4306.91871749465
pipe,4,4,18.8353199706999,Lepilemur mustelinus,Lepilemur_mustelinus,MAMMALIA,1,298,84516.5331876281
pipe,4,4,18.8353199706999,Lepilemur ruficaudatus,Lepilemur_ruficaudatus,MAMMALIA,1,206,16047.4964974457
pipe,4,4,18.8353199706999,Leptopterus chabert,Leptopterus_chabert,AVES,0.999999961260805,16,123429.087069028
pipe,4,4,18.8353199706999,Lophotibis cristata,Lophotibis_cristata,AVES,0.999842318602477,2,83155.3460094383
pipe,4,4,18.8353199706999,Macrotarsomys bastardi,Macrotarsomys_bastardi,MAMMALIA,1,234,7833.53033567859
pipe,4,4,18.8353199706999,Margaroperdix madagarensis,Margaroperdix_madagarensis,AVES,0.999975537324474,2,100409.457158931
pipe,4,4,18.8353199706999,Mentocrex kioloides,Mentocrex_kioloides,AVES,0.997628765892619,1,32536.7434325392
pipe,4,4,18.8353199706999,Mesitornis unicolor,Mesitornis_unicolor,AVES,0,1,89.8278131379881
pipe,4,4,18.8353199706999,Mesitornis variegatus,Mesitornis_variegatus,AVES,0.998762356934088,5,2869.24937298196
pipe,4,4,18.8353199706999,Microcebus berthae,Microcebus_berthae,MAMMALIA,1.52725564417366e-08,2,16.7952443947329
pipe,4,4,18.8353199706999,Microcebus griseorufus,Microcebus_griseorufus,MAMMALIA,0.995769019106106,14,501.433658043836
pipe,4,4,18.8353199706999,Microcebus murinus,Microcebus_murinus,MAMMALIA,1,1442,88260.0740886497
pipe,4,4,18.8353199706999,Microcebus myoxinus,Microcebus_myoxinus,MAMMALIA,0.99999998961429,81,1036.32813740434
pipe,4,4,18.8353199706999,Microcebus ravelobensis,Microcebus_ravelobensis,MAMMALIA,0.778620368188717,12,236.31409286757
pipe,4,4,18.8353199706999,Microcebus rufus,Microcebus_rufus,MAMMALIA,1,1218,69362.3292485689
pipe,4,4,18.8353199706999,Microcebus tavaratra,Microcebus_tavaratra,MAMMALIA,0.993489486729037,37,712.53863024752
pipe,4,4,18.8353199706999,Microgale brevicaudata,Microgale_brevicaudata,MAMMALIA,1,773,30863.8703887966
pipe,4,4,18.8353199706999,Microgale cowani,Microgale_cowani,MAMMALIA,1,582,57911.7841714825
pipe,4,4,18.8353199706999,Microgale drouhardi,Microgale_drouhardi,MAMMALIA,1,311,26339.3080259566
pipe,4,4,18.8353199706999,Microgale dryas,Microgale_dryas,MAMMALIA,0.897201398108506,47,1354.89734870606
pipe,4,4,18.8353199706999,Microgale fotsifotsy,Microgale_fotsifotsy,MAMMALIA,1,374,30624.4322284328
pipe,4,4,18.8353199706999,Microgale gracilis,Microgale_gracilis,MAMMALIA,0.999999999997094,117,9337.04179988553
pipe,4,4,18.8353199706999,Microgale gymnorhyncha,Microgale_gymnorhyncha,MAMMALIA,1,142,18961.627699211
pipe,4,4,18.8353199706999,Microgale longicaudata,Microgale_longicaudata,MAMMALIA,1,1065,61978.1502324474
pipe,4,4,18.8353199706999,Microgale mergulus,Microgale_mergulus,MAMMALIA,0.999999999997592,74,5116.07462254788
pipe,4,4,18.8353199706999,Microgale parvula,Microgale_parvula,MAMMALIA,1,1220,62194.5609419308
pipe,4,4,18.8353199706999,Microgale principula,Microgale_principula,MAMMALIA,1,591,49779.2139191163
pipe,4,4,18.8353199706999,Microgale pusilla,Microgale_pusilla,MAMMALIA,0.999999999054285,377,17441.2040847291
pipe,4,4,18.8353199706999,Microgale soricoides,Microgale_soricoides,MAMMALIA,1,150,26781.069697971
pipe,4,4,18.8353199706999,Microgale taiva,Microgale_taiva,MAMMALIA,1,312,40331.8475553027
pipe,4,4,18.8353199706999,Microgale thomasi,Microgale_thomasi,MAMMALIA,1,110,24058.3886425159
pipe,4,4,18.8353199706999,Mirza coquereli,Mirza_coquereli,MAMMALIA,0.999996954530665,46,2399.43528049676
pipe,4,4,18.8353199706999,Monias benschi,Monias_benschi,AVES,0,1,82.9420458882198
pipe,4,4,18.8353199706999,Monticola erythronotus,Monticola_erythronotus,AVES,0.505764981643122,1,97.497303661992
pipe,4,4,18.8353199706999,Monticola sharpei,Monticola_sharpei,AVES,1,25,99616.9900656213
pipe,4,4,18.8353199706999,Monticolomys koopmani,Monticolomys_koopmani,MAMMALIA,0.132627247638879,6,104.060766616412
pipe,4,4,18.8353199706999,Motacilla flaviventris,Motacilla_flaviventris,AVES,1,36,14735.7008556257
pipe,4,4,18.8353199706999,Mystacornis crossleyi,Mystacornis_crossleyi,AVES,0.999999999999988,12,46386.052016018
pipe,4,4,18.8353199706999,Neodrepanis coruscans,Neodrepanis_coruscans,AVES,0.999998768373134,15,29330.4465630523
pipe,4,4,18.8353199706999,Neodrepanis hypoxantha,Neodrepanis_hypoxantha,AVES,0.0211788109146442,3,88.4296056242715
pipe,4,4,18.8353199706999,Neomixis striatigula,Neomixis_striatigula,AVES,0.999999999995797,28,56297.35007779
pipe,4,4,18.8353199706999,Neomixis tenella,Neomixis_tenella,AVES,1,96,90498.1940319791
pipe,4,4,18.8353199706999,Neomixis viridis,Neomixis_viridis,AVES,0.99999999999923,29,52259.1130850174
pipe,4,4,18.8353199706999,Nesillas lantzii,Nesillas_lantzii,AVES,0.999982201153661,3,2662.94984287919
pipe,4,4,18.8353199706999,Nesogale dobsoni,Nesogale_dobsoni,MAMMALIA,1,364,66498.4615616858
pipe,4,4,18.8353199706999,Nesogale talazaci,Nesogale_talazaci,MAMMALIA,1,231,62037.6829746553
pipe,4,4,18.8353199706999,Nesomys audeberti,Nesomys_audeberti,MAMMALIA,1,106,4046.64977940621
pipe,4,4,18.8353199706999,Nesomys lambertoni,Nesomys_lambertoni,MAMMALIA,0.999982516617858,24,907.467747374969
pipe,4,4,18.8353199706999,Nesomys rufus,Nesomys_rufus,MAMMALIA,1,248,45021.2362781538
pipe,4,4,18.8353199706999,Newtonia amphichroa,Newtonia_amphichroa,AVES,1,16,42105.9906404768
pipe,4,4,18.8353199706999,Newtonia archboldi,Newtonia_archboldi,AVES,0.999741928196117,9,2034.17561003506
pipe,4,4,18.8353199706999,Newtonia brunneicauda,Newtonia_brunneicauda,AVES,1,41,114586.36012097
pipe,4,4,18.8353199706999,Newtonia fanovanae,Newtonia_fanovanae,AVES,0.353055283448799,2,98.220702482002
pipe,4,4,18.8353199706999,Oriolia bernieri,Oriolia_bernieri,AVES,0.99999996918324,14,13766.0633506095
pipe,4,4,18.8353199706999,Oryzorictes hova,Oryzorictes_hova,MAMMALIA,1,286,60423.8502753621
pipe,4,4,18.8353199706999,Oryzorictes tetradactylus,Oryzorictes_tetradactylus,MAMMALIA,0.999999999999654,146,8672.01642967681
pipe,4,4,18.8353199706999,Otus rutilus,Otus_rutilus,AVES,0.999999875722327,4,108623.134799272
pipe,4,4,18.8353199706999,Oxylabes madagascariensis,Oxylabes_madagascariensis,AVES,1,18,52235.6073019968
pipe,4,4,18.8353199706999,Phaner electromontis,Phaner_electromontis,MAMMALIA,1.1181189119025e-07,1,17.4337788633334
pipe,4,4,18.8353199706999,Phaner furcifer,Phaner_furcifer,MAMMALIA,0.887905465228731,44,760.692849183311
pipe,4,4,18.8353199706999,Phaner pallescens,Phaner_pallescens,MAMMALIA,0.999999999999001,48,3217.39734591368
pipe,4,4,18.8353199706999,Phaner parienti,Phaner_parienti,MAMMALIA,0.00280017666108179,1,24.4501852478606
pipe,4,4,18.8353199706999,Philepitta castanea,Philepitta_castanea,AVES,0.983835197382121,4,38532.9081143783
pipe,4,4,18.8353199706999,Philepitta schlegeli,Philepitta_schlegeli,AVES,0.988278027030843,13,4271.15978816368
pipe,4,4,18.8353199706999,Ploceus nelicourvi,Ploceus_nelicourvi,AVES,0.999999997648338,9,59829.894389109
pipe,4,4,18.8353199706999,Ploceus sakalava,Ploceus_sakalava,AVES,0.999999997557725,24,39077.2745675113
pipe,4,4,18.8353199706999,Polyboroides radiatus,Polyboroides_radiatus,AVES,0.998640809014918,1,113401.670228089
pipe,4,4,18.8353199706999,Pseudobias wardi,Pseudobias_wardi,AVES,1,19,41098.8681840485
pipe,4,4,18.8353199706999,Pterocles personatus,Pterocles_personatus,AVES,0.940123497880855,5,7087.00341547594
pipe,4,4,18.8353199706999,Rallus madagascariensis,Rallus_madagascariensis,AVES,0.999999292733822,5,14440.9762585483
pipe,4,4,18.8353199706999,Randia pseudozosterops,Randia_pseudozosterops,AVES,0.999998362783515,9,44252.904332636
pipe,4,4,18.8353199706999,Sarothrura insularis,Sarothrura_insularis,AVES,0.999968980904355,8,71357.1885761668
pipe,4,4,18.8353199706999,Schetba rufa,Schetba_rufa,AVES,0.999999999999997,22,27920.3868734495
pipe,4,4,18.8353199706999,Setifer setosus,Setifer_setosus,MAMMALIA,1,270,112086.663636939
pipe,4,4,18.8353199706999,Tenrec ecaudatus,Tenrec_ecaudatus,MAMMALIA,1,121,119501.36629233
pipe,4,4,18.8353199706999,Thamnornis chloropetoides,Thamnornis_chloropetoides,AVES,0.999975893673047,5,3307.13851710381
pipe,4,4,18.8353199706999,Treron australis,Treron_australis,AVES,0.996876293324765,2,116356.510075925
pipe,4,4,18.8353199706999,Turnix nigricollis,Turnix_nigricollis,AVES,0.999943854490328,2,129865.076048438
pipe,4,4,18.8353199706999,Tylas eduardi,Tylas_eduardi,AVES,0.999999987712006,6,58401.1910668083
pipe,4,4,18.8353199706999,Vanga curvirostris,Vanga_curvirostris,AVES,0.999940679521118,7,124386.358440753
pipe,4,4,18.8353199706999,Varecia rubra,Varecia_rubra,MAMMALIA,1,71,69777.0803474899
pipe,4,4,18.8353199706999,Varecia variegata,Varecia_variegata,MAMMALIA,0.999999999999586,51,69274.1310177684
pipe,4,4,18.8353199706999,Xanthomixis apperti,Xanthomixis_apperti,AVES,0.441311211243701,1,68.4073900828693
pipe,4,4,18.8353199706999,Xanthomixis cinereiceps,Xanthomixis_cinereiceps,AVES,1,21,17218.770116148
pipe,4,4,18.8353199706999,Xanthomixis zosterops,Xanthomixis_zosterops,AVES,0.999999999851811,22,60362.7621610384
pipe,4,4,18.8353199706999,Xenopirostris damii,Xenopirostris_damii,AVES,0.00179910755944268,1,93.5023436630614
pipe,4,4,18.8353199706999,Xenopirostris polleni,Xenopirostris_polleni,AVES,0.999999967051674,10,17324.3319534596
pipe,4,4,18.8353199706999,Xenopirostris xenopirostris,Xenopirostris_xenopirostris,AVES,0.965058075374104,1,1102.55740261015
pipe,5,5,23.5299055436702,Accipiter henstii,Accipiter_henstii,AVES,0.765875108539227,1,81405.8352855587
pipe,5,5,23.5299055436702,Accipiter madagascariensis,Accipiter_madagascariensis,AVES,0.927584880513239,1,100156.981201099
pipe,5,5,23.5299055436702,Acrocephalus newtoni,Acrocephalus_newtoni,AVES,1,28,96053.061014997
pipe,5,5,23.5299055436702,Alectroenas madagascariensis,Alectroenas_madagascariensis,AVES,0.99844854478798,7,64468.0749558767
pipe,5,5,23.5299055436702,Allocebus trichotis,Allocebus_trichotis,MAMMALIA,0.0078347349602923,3,72.1001097191941
pipe,5,5,23.5299055436702,Anas bernieri,Anas_bernieri,AVES,0,0,0
pipe,5,5,23.5299055436702,Apus balstoni,Apus_balstoni,AVES,0.99999997972787,9,88819.8756135438
pipe,5,5,23.5299055436702,Artamella viridis,Artamella_viridis,AVES,0.999999579976136,11,105594.233053613
pipe,5,5,23.5299055436702,Asio madagascariensis,Asio_madagascariensis,AVES,0.880258448741697,2,70836.8714421994
pipe,5,5,23.5299055436702,Atelornis crossleyi,Atelornis_crossleyi,AVES,0.999998757950016,7,11567.2300289101
pipe,5,5,23.5299055436702,Atelornis pittoides,Atelornis_pittoides,AVES,0.999740451137938,3,42189.1536879075
pipe,5,5,23.5299055436702,Athene superciliaris,Athene_superciliaris,AVES,0.999568947325019,1,71847.3525051137
pipe,5,5,23.5299055436702,Avahi laniger,Avahi_laniger,MAMMALIA,1,119,34629.1429367019
pipe,5,5,23.5299055436702,Avahi occidentalis,Avahi_occidentalis,MAMMALIA,0.996177513146535,3,617.947951280703
pipe,5,5,23.5299055436702,Aviceda madagascariensis,Aviceda_madagascariensis,AVES,0.977305360994148,1,106801.631640122
pipe,5,5,23.5299055436702,Bernieria madagascariensis,Bernieria_madagascariensis,AVES,1,25,86750.3832236846
pipe,5,5,23.5299055436702,Brachypteracias leptosomus,Brachypteracias_leptosomus,AVES,0.999770459055665,1,36954.0531078217
pipe,5,5,23.5299055436702,Brachytarsomys albicauda,Brachytarsomys_albicauda,MAMMALIA,0.999999987683612,45,1736.64307459311
pipe,5,5,23.5299055436702,Brachyuromys betsileoensis,Brachyuromys_betsileoensis,MAMMALIA,1,113,12417.9390327925
pipe,5,5,23.5299055436702,Brachyuromys ramirohitra,Brachyuromys_ramirohitra,MAMMALIA,0.655414845690046,2,90.5857082152948
pipe,5,5,23.5299055436702,Bradypterus brunneus,Bradypterus_brunneus,AVES,1,38,12247.9918039061
pipe,5,5,23.5299055436702,Bradypterus seebohmi,Bradypterus_seebohmi,AVES,0.452718233996164,1,71.7493427546058
pipe,5,5,23.5299055436702,Buteo brachypterus,Buteo_brachypterus,AVES,0.870907178877917,1,115460.609459659
pipe,5,5,23.5299055436702,Calicalicus madagascariensis,Calicalicus_madagascariensis,AVES,1,37,87871.5004086367
pipe,5,5,23.5299055436702,Cheirogaleus crossleyi,Cheirogaleus_crossleyi,MAMMALIA,1,90,5424.7956004337
pipe,5,5,23.5299055436702,Cheirogaleus major,Cheirogaleus_major,MAMMALIA,1,330,64955.1003203023
pipe,5,5,23.5299055436702,Cheirogaleus medius,Cheirogaleus_medius,MAMMALIA,1,962,51839.597633559
pipe,5,5,23.5299055436702,Cinnyris notatus,Cinnyris_notatus,AVES,1,55,96659.9666227504
pipe,5,5,23.5299055436702,Copsychus albospecularis,Copsychus_albospecularis,AVES,0.999995851318907,9,53790.0806403082
pipe,5,5,23.5299055436702,Coracopsis nigra,Coracopsis_nigra,AVES,0.99565442292621,2,104758.037865519
pipe,5,5,23.5299055436702,Corythornis madagascariensis,Corythornis_madagascariensis,AVES,0.892661538590704,7,86886.4109087818
pipe,5,5,23.5299055436702,Coua caerulea,Coua_caerulea,AVES,0.999922415293644,6,43034.1790768379
pipe,5,5,23.5299055436702,Coua coquereli,Coua_coquereli,AVES,0.999912278865624,1,26768.8922287204
pipe,5,5,23.5299055436702,Coua cristata,Coua_cristata,AVES,0.999998458058035,5,78697.4760988693
pipe,5,5,23.5299055436702,Coua cursor,Coua_cursor,AVES,0.999714785657595,1,17818.3018124695
pipe,5,5,23.5299055436702,Coua gigas,Coua_gigas,AVES,0.999858238945007,1,29636.0823659414
pipe,5,5,23.5299055436702,Coua reynaudii,Coua_reynaudii,AVES,0.999892508246437,4,36728.0650826405
pipe,5,5,23.5299055436702,Coua ruficeps,Coua_ruficeps,AVES,0.959346120072291,3,1327.46846918482
pipe,5,5,23.5299055436702,Coua serriana,Coua_serriana,AVES,0.991471316214561,1,32261.1250374597
pipe,5,5,23.5299055436702,Crossleyia xanthophrys,Crossleyia_xanthophrys,AVES,1,42,3972.68180388708
pipe,5,5,23.5299055436702,Cryptoprocta ferox,Cryptoprocta_ferox,MAMMALIA,0.0704722846506246,4,37090.2958127398
pipe,5,5,23.5299055436702,Cryptosylvicola randrianasoloi,Cryptosylvicola_randrianasoloi,AVES,1,38,5764.1452153792
pipe,5,5,23.5299055436702,Cyanolanius madagascarinus,Cyanolanius_madagascarinus,AVES,0.999999999999977,19,95109.7587587378
pipe,5,5,23.5299055436702,Daubentonia madagascariensis,Daubentonia_madagascariensis,MAMMALIA,1,87,33043.6319712352
pipe,5,5,23.5299055436702,Echinops telfairi,Echinops_telfairi,MAMMALIA,1,417,51879.8662150328
pipe,5,5,23.5299055436702,Eliurus antsingy,Eliurus_antsingy,MAMMALIA,0.0133748649074149,5,69.3900821470956
pipe,5,5,23.5299055436702,Eliurus grandidieri,Eliurus_grandidieri,MAMMALIA,0.999641415738649,25,909.705389651238
pipe,5,5,23.5299055436702,Eliurus majori,Eliurus_majori,MAMMALIA,1,339,42275.4475418593
pipe,5,5,23.5299055436702,Eliurus minor,Eliurus_minor,MAMMALIA,1,1273,70954.1775577493
pipe,5,5,23.5299055436702,Eliurus myoxinus,Eliurus_myoxinus,MAMMALIA,1,969,79567.4618192533
pipe,5,5,23.5299055436702,Eliurus tanala,Eliurus_tanala,MAMMALIA,1,469,44943.1931334561
pipe,5,5,23.5299055436702,Eliurus webbi,Eliurus_webbi,MAMMALIA,1,520,59312.5946729324
pipe,5,5,23.5299055436702,Eremopterix hova,Eremopterix_hova,AVES,0.999999140803191,25,3450.6785242483
pipe,5,5,23.5299055436702,Eulemur albifrons,Eulemur_albifrons,MAMMALIA,1,75,18839.9973287843
pipe,5,5,23.5299055436702,Eulemur cinereiceps,Eulemur_cinereiceps,MAMMALIA,1,265,87785.0593303729
pipe,5,5,23.5299055436702,Eulemur collaris,Eulemur_collaris,MAMMALIA,1,205,87210.5184369402
pipe,5,5,23.5299055436702,Eulemur coronatus,Eulemur_coronatus,MAMMALIA,1,253,25540.2737717309
pipe,5,5,23.5299055436702,Eulemur flavifrons,Eulemur_flavifrons,MAMMALIA,0.000213248908682684,1,25.074716512655
pipe,5,5,23.5299055436702,Eulemur fulvus,Eulemur_fulvus,MAMMALIA,1,231,88069.7036679203
pipe,5,5,23.5299055436702,Eulemur macaco,Eulemur_macaco,MAMMALIA,1,81,35532.4933301619
pipe,5,5,23.5299055436702,Eulemur mongoz,Eulemur_mongoz,MAMMALIA,0.999999763052324,27,1896.5641864274
pipe,5,5,23.5299055436702,Eulemur rubriventer,Eulemur_rubriventer,MAMMALIA,1,358,73719.9954366819
pipe,5,5,23.5299055436702,Eulemur rufus,Eulemur_rufus,MAMMALIA,1,218,43471.7008215712
pipe,5,5,23.5299055436702,Eulemur sanfordi,Eulemur_sanfordi,MAMMALIA,1,321,88308.4981477467
pipe,5,5,23.5299055436702,Euryceros prevostii,Euryceros_prevostii,AVES,0.998999571455012,3,2837.05015201021
pipe,5,5,23.5299055436702,Falco zoniventris,Falco_zoniventris,AVES,0.932516389675089,1,72959.9202353515
pipe,5,5,23.5299055436702,Falculea palliata,Falculea_palliata,AVES,0.999999999996497,8,27718.8598273679
pipe,5,5,23.5299055436702,Fossa fossana,Fossa_fossana,MAMMALIA,0.978483142852742,2,48599.4609223109
pipe,5,5,23.5299055436702,Foudia madagascariensis,Foudia_madagascariensis,AVES,0.999999999164405,44,129545.273920372
pipe,5,5,23.5299055436702,Foudia omissa,Foudia_omissa,AVES,0.999999999930433,18,48603.2271015234
pipe,5,5,23.5299055436702,Gactornis enarratus,Gactornis_enarratus,AVES,0.999999420889456,5,48329.476933684
pipe,5,5,23.5299055436702,Galidia elegans,Galidia_elegans,MAMMALIA,0.968235456479531,6,49877.3202057595
pipe,5,5,23.5299055436702,Galidictis fasciata,Galidictis_fasciata,MAMMALIA,0,3,4247.07070700451
pipe,5,5,23.5299055436702,Geobiastes squamiger,Geobiastes_squamiger,AVES,0.999651371391992,4,10909.7760157827
pipe,5,5,23.5299055436702,Geogale aurita,Geogale_aurita,MAMMALIA,1,623,30662.6133596105
pipe,5,5,23.5299055436702,Gymnuromys roberti,Gymnuromys_roberti,MAMMALIA,1,152,25441.9195038355
pipe,5,5,23.5299055436702,Haliaeetus vociferoides,Haliaeetus_vociferoides,AVES,0.0115773783592114,1,5133.49426771156
pipe,5,5,23.5299055436702,Hapalemur alaotrensis,Hapalemur_alaotrensis,MAMMALIA,1,54,3556.42553161266
pipe,5,5,23.5299055436702,Hapalemur aureus,Hapalemur_aureus,MAMMALIA,0.999999968237739,20,1594.48450687388
pipe,5,5,23.5299055436702,Hapalemur griseus,Hapalemur_griseus,MAMMALIA,1,277,84232.7133488327
pipe,5,5,23.5299055436702,Hapalemur occidentalis,Hapalemur_occidentalis,MAMMALIA,0.99995615159883,26,904.586186203987
pipe,5,5,23.5299055436702,Hartertula flavoviridis,Hartertula_flavoviridis,AVES,1,42,7856.46113445006
pipe,5,5,23.5299055436702,Hartlaubius auratus,Hartlaubius_auratus,AVES,0.999999670704258,11,87930.3202205423
pipe,5,5,23.5299055436702,Hemicentetes nigriceps,Hemicentetes_nigriceps,MAMMALIA,0.999887345625754,27,1786.2637694613
pipe,5,5,23.5299055436702,Hemicentetes semispinosus,Hemicentetes_semispinosus,MAMMALIA,1,163,66132.3575427275
pipe,5,5,23.5299055436702,Hypogeomys antimena,Hypogeomys_antimena,MAMMALIA,0.133821965614829,5,102.721854711814
pipe,5,5,23.5299055436702,Hypositta corallirostris,Hypositta_corallirostris,AVES,0.999986431014113,13,58195.2873292449
pipe,5,5,23.5299055436702,Indri indri,Indri_indri,MAMMALIA,0.99999999719102,18,61522.8482649381
pipe,5,5,23.5299055436702,Lemur catta,Lemur_catta,MAMMALIA,1,213,22871.6812137046
pipe,5,5,23.5299055436702,Lepidopygia nana,Lepidopygia_nana,AVES,0.998752256900914,83,123646.509992488
pipe,5,5,23.5299055436702,Lepilemur ankaranensis,Lepilemur_ankaranensis,MAMMALIA,0.942459903341432,10,326.317074209937
pipe,5,5,23.5299055436702,Lepilemur edwardsi,Lepilemur_edwardsi,MAMMALIA,1,80,7990.21963497746
pipe,5,5,23.5299055436702,Lepilemur leucopus,Lepilemur_leucopus,MAMMALIA,1,85,20583.293265485
pipe,5,5,23.5299055436702,Lepilemur microdon,Lepilemur_microdon,MAMMALIA,0.999999999773195,34,4012.13811353708
pipe,5,5,23.5299055436702,Lepilemur mustelinus,Lepilemur_mustelinus,MAMMALIA,1,310,81344.2782017224
pipe,5,5,23.5299055436702,Lepilemur ruficaudatus,Lepilemur_ruficaudatus,MAMMALIA,1,189,15054.4315578838
pipe,5,5,23.5299055436702,Leptopterus chabert,Leptopterus_chabert,AVES,0.999999997974591,28,117779.124095274
pipe,5,5,23.5299055436702,Lophotibis cristata,Lophotibis_cristata,AVES,0.99983970621251,2,82443.994012976
pipe,5,5,23.5299055436702,Macrotarsomys bastardi,Macrotarsomys_bastardi,MAMMALIA,1,218,7743.61846775154
pipe,5,5,23.5299055436702,Margaroperdix madagarensis,Margaroperdix_madagarensis,AVES,0.999973541943398,2,95688.3874625058
pipe,5,5,23.5299055436702,Mentocrex kioloides,Mentocrex_kioloides,AVES,0.997624136769866,1,32493.7292687171
pipe,5,5,23.5299055436702,Mesitornis unicolor,Mesitornis_unicolor,AVES,0,1,89.8278131379881
pipe,5,5,23.5299055436702,Mesitornis variegatus,Mesitornis_variegatus,AVES,0.998762356934088,5,2869.24937298196
pipe,5,5,23.5299055436702,Microcebus berthae,Microcebus_berthae,MAMMALIA,1.52725564417366e-08,2,16.7952443947329
pipe,5,5,23.5299055436702,Microcebus griseorufus,Microcebus_griseorufus,MAMMALIA,0.995769019106106,14,501.433658043836
pipe,5,5,23.5299055436702,Microcebus murinus,Microcebus_murinus,MAMMALIA,1,1200,84112.4929971958
pipe,5,5,23.5299055436702,Microcebus myoxinus,Microcebus_myoxinus,MAMMALIA,0.999999985462267,74,989.788231908457
pipe,5,5,23.5299055436702,Microcebus ravelobensis,Microcebus_ravelobensis,MAMMALIA,0.778620368188717,11,232.554175002825
pipe,5,5,23.5299055436702,Microcebus rufus,Microcebus_rufus,MAMMALIA,1,1042,67856.6044467259
pipe,5,5,23.5299055436702,Microcebus tavaratra,Microcebus_tavaratra,MAMMALIA,0.993489484438584,34,688.882910405007
pipe,5,5,23.5299055436702,Microgale brevicaudata,Microgale_brevicaudata,MAMMALIA,1,665,29885.8803717108
pipe,5,5,23.5299055436702,Microgale cowani,Microgale_cowani,MAMMALIA,1,562,56253.0988265596
pipe,5,5,23.5299055436702,Microgale drouhardi,Microgale_drouhardi,MAMMALIA,1,308,26002.968954566
pipe,5,5,23.5299055436702,Microgale dryas,Microgale_dryas,MAMMALIA,0.8972013977551,46,1324.75894826905
pipe,5,5,23.5299055436702,Microgale fotsifotsy,Microgale_fotsifotsy,MAMMALIA,1,357,30116.8800717043
pipe,5,5,23.5299055436702,Microgale gracilis,Microgale_gracilis,MAMMALIA,0.999999999988073,123,8971.52288262673
pipe,5,5,23.5299055436702,Microgale gymnorhyncha,Microgale_gymnorhyncha,MAMMALIA,1,142,18442.4627295946
pipe,5,5,23.5299055436702,Microgale longicaudata,Microgale_longicaudata,MAMMALIA,1,952,60769.5986039929
pipe,5,5,23.5299055436702,Microgale mergulus,Microgale_mergulus,MAMMALIA,0.999999999976127,72,4818.26848727304
pipe,5,5,23.5299055436702,Microgale parvula,Microgale_parvula,MAMMALIA,1,1037,60886.7327836407
pipe,5,5,23.5299055436702,Microgale principula,Microgale_principula,MAMMALIA,1,577,49245.6913398699
pipe,5,5,23.5299055436702,Microgale pusilla,Microgale_pusilla,MAMMALIA,0.99999999890942,344,17081.7940956282
pipe,5,5,23.5299055436702,Microgale soricoides,Microgale_soricoides,MAMMALIA,1,148,26199.6635420876
pipe,5,5,23.5299055436702,Microgale taiva,Microgale_taiva,MAMMALIA,1,305,39769.9041444707
pipe,5,5,23.5299055436702,Microgale thomasi,Microgale_thomasi,MAMMALIA,1,108,23800.7805569662
pipe,5,5,23.5299055436702,Mirza coquereli,Mirza_coquereli,MAMMALIA,0.999996887198156,41,2306.06131027118
pipe,5,5,23.5299055436702,Monias benschi,Monias_benschi,AVES,0,1,82.9420458882198
pipe,5,5,23.5299055436702,Monticola erythronotus,Monticola_erythronotus,AVES,0.505764981643122,1,97.497303661992
pipe,5,5,23.5299055436702,Monticola sharpei,Monticola_sharpei,AVES,1,29,94630.2148040584
pipe,5,5,23.5299055436702,Monticolomys koopmani,Monticolomys_koopmani,MAMMALIA,0.132627247638879,6,104.060766616412
pipe,5,5,23.5299055436702,Motacilla flaviventris,Motacilla_flaviventris,AVES,1,39,13588.3576688028
pipe,5,5,23.5299055436702,Mystacornis crossleyi,Mystacornis_crossleyi,AVES,0.999999999999975,13,45175.6800258833
pipe,5,5,23.5299055436702,Neodrepanis coruscans,Neodrepanis_coruscans,AVES,0.999998616871908,15,28632.7200799642
pipe,5,5,23.5299055436702,Neodrepanis hypoxantha,Neodrepanis_hypoxantha,AVES,0.0211788109146442,3,88.4296056242715
pipe,5,5,23.5299055436702,Neomixis striatigula,Neomixis_striatigula,AVES,0.999999999999591,32,54193.523974499
pipe,5,5,23.5299055436702,Neomixis tenella,Neomixis_tenella,AVES,1,110,86837.890875038
pipe,5,5,23.5299055436702,Neomixis viridis,Neomixis_viridis,AVES,1,37,50539.0336326378
pipe,5,5,23.5299055436702,Nesillas lantzii,Nesillas_lantzii,AVES,0.999980632598794,3,2630.58677144172
pipe,5,5,23.5299055436702,Nesogale dobsoni,Nesogale_dobsoni,MAMMALIA,1,362,64069.4956424138
pipe,5,5,23.5299055436702,Nesogale talazaci,Nesogale_talazaci,MAMMALIA,1,252,60079.9998423161
pipe,5,5,23.5299055436702,Nesomys audeberti,Nesomys_audeberti,MAMMALIA,1,109,3889.84495969784
pipe,5,5,23.5299055436702,Nesomys lambertoni,Nesomys_lambertoni,MAMMALIA,0.999961789324811,25,886.24634899626
pipe,5,5,23.5299055436702,Nesomys rufus,Nesomys_rufus,MAMMALIA,1,273,43826.9532364799
pipe,5,5,23.5299055436702,Newtonia amphichroa,Newtonia_amphichroa,AVES,1,16,40848.8317873983
pipe,5,5,23.5299055436702,Newtonia archboldi,Newtonia_archboldi,AVES,0.999964343714504,11,1983.69818686476
pipe,5,5,23.5299055436702,Newtonia brunneicauda,Newtonia_brunneicauda,AVES,1,52,108544.877657257
pipe,5,5,23.5299055436702,Newtonia fanovanae,Newtonia_fanovanae,AVES,0.353055283448799,2,98.220702482002
pipe,5,5,23.5299055436702,Oriolia bernieri,Oriolia_bernieri,AVES,0.999999963890829,14,13364.3477831582
pipe,5,5,23.5299055436702,Oryzorictes hova,Oryzorictes_hova,MAMMALIA,1,299,58627.5826327176
pipe,5,5,23.5299055436702,Oryzorictes tetradactylus,Oryzorictes_tetradactylus,MAMMALIA,0.999999999998158,142,8216.11190279643
pipe,5,5,23.5299055436702,Otus rutilus,Otus_rutilus,AVES,0.999999891416954,5,103953.541092586
pipe,5,5,23.5299055436702,Oxylabes madagascariensis,Oxylabes_madagascariensis,AVES,1,21,50735.6782597694
pipe,5,5,23.5299055436702,Phaner electromontis,Phaner_electromontis,MAMMALIA,6.41384153565738e-08,1,17.2483306993491
pipe,5,5,23.5299055436702,Phaner furcifer,Phaner_furcifer,MAMMALIA,0.887905456410234,40,733.284836093332
pipe,5,5,23.5299055436702,Phaner pallescens,Phaner_pallescens,MAMMALIA,0.99999999999892,47,3183.96544717644
pipe,5,5,23.5299055436702,Phaner parienti,Phaner_parienti,MAMMALIA,0.00280017666108179,1,24.4501852478606
pipe,5,5,23.5299055436702,Philepitta castanea,Philepitta_castanea,AVES,0.983291465355687,5,37036.9919742287
pipe,5,5,23.5299055436702,Philepitta schlegeli,Philepitta_schlegeli,AVES,0.988278027030843,13,4271.15978816368
pipe,5,5,23.5299055436702,Ploceus nelicourvi,Ploceus_nelicourvi,AVES,0.999999999994663,13,58098.6228681996
pipe,5,5,23.5299055436702,Ploceus sakalava,Ploceus_sakalava,AVES,0.999999999997199,34,36681.6191421516
pipe,5,5,23.5299055436702,Polyboroides radiatus,Polyboroides_radiatus,AVES,0.998600193537342,1,111412.809228805
pipe,5,5,23.5299055436702,Pseudobias wardi,Pseudobias_wardi,AVES,1,20,39994.2184592823
pipe,5,5,23.5299055436702,Pterocles personatus,Pterocles_personatus,AVES,0.940118142771648,4,6876.15796477548
pipe,5,5,23.5299055436702,Rallus madagascariensis,Rallus_madagascariensis,AVES,0.999999167339213,5,14286.6313129212
pipe,5,5,23.5299055436702,Randia pseudozosterops,Randia_pseudozosterops,AVES,0.999999809865732,13,43014.6253719102
pipe,5,5,23.5299055436702,Sarothrura insularis,Sarothrura_insularis,AVES,0.999962091759096,9,69269.1482165325
pipe,5,5,23.5299055436702,Schetba rufa,Schetba_rufa,AVES,1,27,26965.7297095223
pipe,5,5,23.5299055436702,Setifer setosus,Setifer_setosus,MAMMALIA,1,291,107227.17139756
pipe,5,5,23.5299055436702,Tenrec ecaudatus,Tenrec_ecaudatus,MAMMALIA,1,159,112852.232383093
pipe,5,5,23.5299055436702,Thamnornis chloropetoides,Thamnornis_chloropetoides,AVES,0.99997558627154,5,3291.2059526292
pipe,5,5,23.5299055436702,Treron australis,Treron_australis,AVES,0.996739107433372,2,111989.82301015
pipe,5,5,23.5299055436702,Turnix nigricollis,Turnix_nigricollis,AVES,0.99995716968653,4,123740.503170415
pipe,5,5,23.5299055436702,Tylas eduardi,Tylas_eduardi,AVES,0.999999986869665,6,56822.4315579069
pipe,5,5,23.5299055436702,Vanga curvirostris,Vanga_curvirostris,AVES,0.999998421041137,10,119388.827381217
pipe,5,5,23.5299055436702,Varecia rubra,Varecia_rubra,MAMMALIA,1,77,66820.448756191
pipe,5,5,23.5299055436702,Varecia variegata,Varecia_variegata,MAMMALIA,1,58,66507.4391916214
pipe,5,5,23.5299055436702,Xanthomixis apperti,Xanthomixis_apperti,AVES,0.441311211243701,1,68.4073900828693
pipe,5,5,23.5299055436702,Xanthomixis cinereiceps,Xanthomixis_cinereiceps,AVES,1,20,16626.7125506706
pipe,5,5,23.5299055436702,Xanthomixis zosterops,Xanthomixis_zosterops,AVES,0.99999999999985,25,58390.9758021631
pipe,5,5,23.5299055436702,Xenopirostris damii,Xenopirostris_damii,AVES,0.00179910755944268,1,93.5023436630614
pipe,5,5,23.5299055436702,Xenopirostris polleni,Xenopirostris_polleni,AVES,0.999999962417438,9,16804.2902038118
pipe,5,5,23.5299055436702,Xenopirostris xenopirostris,Xenopirostris_xenopirostris,AVES,0.965058075374104,1,1102.55740261015
pipe,6,6,28.2220994609865,Accipiter henstii,Accipiter_henstii,AVES,0.765875108539227,1,81405.8352855587
pipe,6,6,28.2220994609865,Accipiter madagascariensis,Accipiter_madagascariensis,AVES,0.926839777095274,1,99140.1427484054
pipe,6,6,28.2220994609865,Acrocephalus newtoni,Acrocephalus_newtoni,AVES,1,34,93337.1763016079
pipe,6,6,28.2220994609865,Alectroenas madagascariensis,Alectroenas_madagascariensis,AVES,0.998390766812806,6,63436.1571157528
pipe,6,6,28.2220994609865,Allocebus trichotis,Allocebus_trichotis,MAMMALIA,0.0078347349602923,3,72.1001097191941
pipe,6,6,28.2220994609865,Anas bernieri,Anas_bernieri,AVES,0,0,0
pipe,6,6,28.2220994609865,Apus balstoni,Apus_balstoni,AVES,0.99999996584715,10,86328.4084303735
pipe,6,6,28.2220994609865,Artamella viridis,Artamella_viridis,AVES,0.999999999995094,16,101421.20380639
pipe,6,6,28.2220994609865,Asio madagascariensis,Asio_madagascariensis,AVES,0.879709404346079,2,70428.8896971787
pipe,6,6,28.2220994609865,Atelornis crossleyi,Atelornis_crossleyi,AVES,0.999998752332702,7,11537.2134314604
pipe,6,6,28.2220994609865,Atelornis pittoides,Atelornis_pittoides,AVES,0.999733813614061,3,41581.4804711615
pipe,6,6,28.2220994609865,Athene superciliaris,Athene_superciliaris,AVES,0.999548992715957,1,69836.0172900928
pipe,6,6,28.2220994609865,Avahi laniger,Avahi_laniger,MAMMALIA,1,114,34220.0888949799
pipe,6,6,28.2220994609865,Avahi occidentalis,Avahi_occidentalis,MAMMALIA,0.996177513146535,3,617.947951280703
pipe,6,6,28.2220994609865,Aviceda madagascariensis,Aviceda_madagascariensis,AVES,0.975978819912504,1,102120.125413611
pipe,6,6,28.2220994609865,Bernieria madagascariensis,Bernieria_madagascariensis,AVES,0.999999999999957,27,84807.4089427906
pipe,6,6,28.2220994609865,Brachypteracias leptosomus,Brachypteracias_leptosomus,AVES,0.999767886368497,1,36729.2642496595
pipe,6,6,28.2220994609865,Brachytarsomys albicauda,Brachytarsomys_albicauda,MAMMALIA,0.999999986114462,46,1727.57067772927
pipe,6,6,28.2220994609865,Brachyuromys betsileoensis,Brachyuromys_betsileoensis,MAMMALIA,1,110,12279.9261618472
pipe,6,6,28.2220994609865,Brachyuromys ramirohitra,Brachyuromys_ramirohitra,MAMMALIA,0.655414845690046,2,90.5857082152948
pipe,6,6,28.2220994609865,Bradypterus brunneus,Bradypterus_brunneus,AVES,1,40,12151.7797915331
pipe,6,6,28.2220994609865,Bradypterus seebohmi,Bradypterus_seebohmi,AVES,0.452718233996164,1,71.7493427546058
pipe,6,6,28.2220994609865,Buteo brachypterus,Buteo_brachypterus,AVES,0.86595390432379,1,110646.606730491
pipe,6,6,28.2220994609865,Calicalicus madagascariensis,Calicalicus_madagascariensis,AVES,1,37,85313.9283486887
pipe,6,6,28.2220994609865,Cheirogaleus crossleyi,Cheirogaleus_crossleyi,MAMMALIA,1,90,5404.16400555085
pipe,6,6,28.2220994609865,Cheirogaleus major,Cheirogaleus_major,MAMMALIA,1,317,63767.0016093667
pipe,6,6,28.2220994609865,Cheirogaleus medius,Cheirogaleus_medius,MAMMALIA,1,827,49457.6044682025
pipe,6,6,28.2220994609865,Cinnyris notatus,Cinnyris_notatus,AVES,1,59,93520.4933554421
pipe,6,6,28.2220994609865,Copsychus albospecularis,Copsychus_albospecularis,AVES,0.999995168566837,10,52715.7127886002
pipe,6,6,28.2220994609865,Coracopsis nigra,Coracopsis_nigra,AVES,0.995546591006716,3,102121.210708714
pipe,6,6,28.2220994609865,Corythornis madagascariensis,Corythornis_madagascariensis,AVES,0.891224166980026,6,85076.5358046357
pipe,6,6,28.2220994609865,Coua caerulea,Coua_caerulea,AVES,0.999920941033485,6,42610.113659664
pipe,6,6,28.2220994609865,Coua coquereli,Coua_coquereli,AVES,0.999960172379079,2,25252.2566001715
pipe,6,6,28.2220994609865,Coua cristata,Coua_cristata,AVES,0.999998298367973,6,77488.521119234
pipe,6,6,28.2220994609865,Coua cursor,Coua_cursor,AVES,0.999697472419127,1,17311.4100819395
pipe,6,6,28.2220994609865,Coua gigas,Coua_gigas,AVES,0.999843183574269,1,28247.4613512056
pipe,6,6,28.2220994609865,Coua reynaudii,Coua_reynaudii,AVES,0.999879360430767,4,36544.6081763249
pipe,6,6,28.2220994609865,Coua ruficeps,Coua_ruficeps,AVES,0.959346120072291,3,1327.37713844072
pipe,6,6,28.2220994609865,Coua serriana,Coua_serriana,AVES,0.991246902421283,1,31602.3622201464
pipe,6,6,28.2220994609865,Crossleyia xanthophrys,Crossleyia_xanthophrys,AVES,1,42,3955.25645036168
pipe,6,6,28.2220994609865,Cryptoprocta ferox,Cryptoprocta_ferox,MAMMALIA,0.0704722846506246,4,36599.279533069
pipe,6,6,28.2220994609865,Cryptosylvicola randrianasoloi,Cryptosylvicola_randrianasoloi,AVES,1,39,5693.97106739097
pipe,6,6,28.2220994609865,Cyanolanius madagascarinus,Cyanolanius_madagascarinus,AVES,0.999999999997821,25,92086.9329597363
pipe,6,6,28.2220994609865,Daubentonia madagascariensis,Daubentonia_madagascariensis,MAMMALIA,1,89,32076.3102693406
pipe,6,6,28.2220994609865,Echinops telfairi,Echinops_telfairi,MAMMALIA,1,391,49715.8154560736
pipe,6,6,28.2220994609865,Eliurus antsingy,Eliurus_antsingy,MAMMALIA,0.0133748649074149,5,69.3900821470956
pipe,6,6,28.2220994609865,Eliurus grandidieri,Eliurus_grandidieri,MAMMALIA,0.999641415738649,25,909.705389651238
pipe,6,6,28.2220994609865,Eliurus majori,Eliurus_majori,MAMMALIA,1,317,41890.3269868944
pipe,6,6,28.2220994609865,Eliurus minor,Eliurus_minor,MAMMALIA,1,1106,70105.4413869329
pipe,6,6,28.2220994609865,Eliurus myoxinus,Eliurus_myoxinus,MAMMALIA,1,878,77141.8639519433
pipe,6,6,28.2220994609865,Eliurus tanala,Eliurus_tanala,MAMMALIA,1,449,44492.9693940143
pipe,6,6,28.2220994609865,Eliurus webbi,Eliurus_webbi,MAMMALIA,1,502,58687.6689484709
pipe,6,6,28.2220994609865,Eremopterix hova,Eremopterix_hova,AVES,0.999998817823714,27,3395.43205274165
pipe,6,6,28.2220994609865,Eulemur albifrons,Eulemur_albifrons,MAMMALIA,1,80,18415.6437268407
pipe,6,6,28.2220994609865,Eulemur cinereiceps,Eulemur_cinereiceps,MAMMALIA,1,256,85749.9252151828
pipe,6,6,28.2220994609865,Eulemur collaris,Eulemur_collaris,MAMMALIA,1,204,85237.4244015627
pipe,6,6,28.2220994609865,Eulemur coronatus,Eulemur_coronatus,MAMMALIA,1,251,24831.0983116676
pipe,6,6,28.2220994609865,Eulemur flavifrons,Eulemur_flavifrons,MAMMALIA,0.000213248908682684,1,25.074716512655
pipe,6,6,28.2220994609865,Eulemur fulvus,Eulemur_fulvus,MAMMALIA,1,232,85973.8421066569
pipe,6,6,28.2220994609865,Eulemur macaco,Eulemur_macaco,MAMMALIA,1,77,35001.9667747053
pipe,6,6,28.2220994609865,Eulemur mongoz,Eulemur_mongoz,MAMMALIA,0.999999751138867,25,1861.07608707136
pipe,6,6,28.2220994609865,Eulemur rubriventer,Eulemur_rubriventer,MAMMALIA,1,336,72069.8649481834
pipe,6,6,28.2220994609865,Eulemur rufus,Eulemur_rufus,MAMMALIA,1,221,41617.9497482495
pipe,6,6,28.2220994609865,Eulemur sanfordi,Eulemur_sanfordi,MAMMALIA,1,302,86172.3509879066
pipe,6,6,28.2220994609865,Euryceros prevostii,Euryceros_prevostii,AVES,0.998999571455012,3,2837.05015201021
pipe,6,6,28.2220994609865,Falco zoniventris,Falco_zoniventris,AVES,0.931617171630983,1,72001.7044216331
pipe,6,6,28.2220994609865,Falculea palliata,Falculea_palliata,AVES,0.999999999999531,9,26376.2629956263
pipe,6,6,28.2220994609865,Fossa fossana,Fossa_fossana,MAMMALIA,0.978483142852742,2,48599.4609223109
pipe,6,6,28.2220994609865,Foudia madagascariensis,Foudia_madagascariensis,AVES,0.999999985491552,52,123316.941768912
pipe,6,6,28.2220994609865,Foudia omissa,Foudia_omissa,AVES,0.999999999970834,17,47598.6588655182
pipe,6,6,28.2220994609865,Gactornis enarratus,Gactornis_enarratus,AVES,0.999999308605544,5,47713.8834945031
pipe,6,6,28.2220994609865,Galidia elegans,Galidia_elegans,MAMMALIA,0.968235456479531,6,49873.3017228595
pipe,6,6,28.2220994609865,Galidictis fasciata,Galidictis_fasciata,MAMMALIA,0,3,4247.07070700451
pipe,6,6,28.2220994609865,Geobiastes squamiger,Geobiastes_squamiger,AVES,0.999647398037644,4,10851.3462353121
pipe,6,6,28.2220994609865,Geogale aurita,Geogale_aurita,MAMMALIA,1,568,30021.8197587212
pipe,6,6,28.2220994609865,Gymnuromys roberti,Gymnuromys_roberti,MAMMALIA,1,149,25336.1587837074
pipe,6,6,28.2220994609865,Haliaeetus vociferoides,Haliaeetus_vociferoides,AVES,0.0115773783592114,1,5133.49426771156
pipe,6,6,28.2220994609865,Hapalemur alaotrensis,Hapalemur_alaotrensis,MAMMALIA,1,51,3448.28356547679
pipe,6,6,28.2220994609865,Hapalemur aureus,Hapalemur_aureus,MAMMALIA,0.999999961735178,20,1584.29859167178
pipe,6,6,28.2220994609865,Hapalemur griseus,Hapalemur_griseus,MAMMALIA,1,266,82536.4708455536
pipe,6,6,28.2220994609865,Hapalemur occidentalis,Hapalemur_occidentalis,MAMMALIA,0.999952883195927,27,887.578960322097
pipe,6,6,28.2220994609865,Hartertula flavoviridis,Hartertula_flavoviridis,AVES,1,41,7815.12171779713
pipe,6,6,28.2220994609865,Hartlaubius auratus,Hartlaubius_auratus,AVES,0.99999935923396,15,85967.2082839096
pipe,6,6,28.2220994609865,Hemicentetes nigriceps,Hemicentetes_nigriceps,MAMMALIA,0.999881108793835,26,1757.19879921369
pipe,6,6,28.2220994609865,Hemicentetes semispinosus,Hemicentetes_semispinosus,MAMMALIA,1,162,65168.7252858642
pipe,6,6,28.2220994609865,Hypogeomys antimena,Hypogeomys_antimena,MAMMALIA,0.133821965614829,5,102.721854711814
pipe,6,6,28.2220994609865,Hypositta corallirostris,Hypositta_corallirostris,AVES,0.999976686047352,13,57201.2721370123
pipe,6,6,28.2220994609865,Indri indri,Indri_indri,MAMMALIA,0.999999999999226,19,60169.8530692013
pipe,6,6,28.2220994609865,Lemur catta,Lemur_catta,MAMMALIA,1,192,21620.7084004876
pipe,6,6,28.2220994609865,Lepidopygia nana,Lepidopygia_nana,AVES,0.999771289445347,87,117490.115266451
pipe,6,6,28.2220994609865,Lepilemur ankaranensis,Lepilemur_ankaranensis,MAMMALIA,0.942459903341432,10,326.317074209937
pipe,6,6,28.2220994609865,Lepilemur edwardsi,Lepilemur_edwardsi,MAMMALIA,1,79,7906.84721116841
pipe,6,6,28.2220994609865,Lepilemur leucopus,Lepilemur_leucopus,MAMMALIA,1,89,19633.7807295533
pipe,6,6,28.2220994609865,Lepilemur microdon,Lepilemur_microdon,MAMMALIA,0.999999999832151,34,3921.6938832626
pipe,6,6,28.2220994609865,Lepilemur mustelinus,Lepilemur_mustelinus,MAMMALIA,1,295,79472.4961154237
pipe,6,6,28.2220994609865,Lepilemur ruficaudatus,Lepilemur_ruficaudatus,MAMMALIA,1,179,13695.0840020931
pipe,6,6,28.2220994609865,Leptopterus chabert,Leptopterus_chabert,AVES,0.999999969999825,32,113446.266834561
pipe,6,6,28.2220994609865,Lophotibis cristata,Lophotibis_cristata,AVES,0.999837984962574,2,81984.9090676157
pipe,6,6,28.2220994609865,Macrotarsomys bastardi,Macrotarsomys_bastardi,MAMMALIA,1,196,7575.12017774741
pipe,6,6,28.2220994609865,Margaroperdix madagarensis,Margaroperdix_madagarensis,AVES,0.999971396244639,2,91213.7763558061
pipe,6,6,28.2220994609865,Mentocrex kioloides,Mentocrex_kioloides,AVES,0.997605309098328,1,32320.2209386243
pipe,6,6,28.2220994609865,Mesitornis unicolor,Mesitornis_unicolor,AVES,0,1,89.8278131379881
pipe,6,6,28.2220994609865,Mesitornis variegatus,Mesitornis_variegatus,AVES,0.998762356934088,4,2807.04549820973
pipe,6,6,28.2220994609865,Microcebus berthae,Microcebus_berthae,MAMMALIA,1.52725564417366e-08,2,16.7952443947329
pipe,6,6,28.2220994609865,Microcebus griseorufus,Microcebus_griseorufus,MAMMALIA,0.995769019106106,14,501.173527921157
pipe,6,6,28.2220994609865,Microcebus murinus,Microcebus_murinus,MAMMALIA,1,1100,81133.7715289159
pipe,6,6,28.2220994609865,Microcebus myoxinus,Microcebus_myoxinus,MAMMALIA,0.999999985349531,71,966.787383996515
pipe,6,6,28.2220994609865,Microcebus ravelobensis,Microcebus_ravelobensis,MAMMALIA,0.778620368188717,11,232.554175002825
pipe,6,6,28.2220994609865,Microcebus rufus,Microcebus_rufus,MAMMALIA,1,925,67012.1549432763
pipe,6,6,28.2220994609865,Microcebus tavaratra,Microcebus_tavaratra,MAMMALIA,0.993488585889862,32,672.049122625756
pipe,6,6,28.2220994609865,Microgale brevicaudata,Microgale_brevicaudata,MAMMALIA,1,625,29455.3829172753
pipe,6,6,28.2220994609865,Microgale cowani,Microgale_cowani,MAMMALIA,1,527,55030.5327628707
pipe,6,6,28.2220994609865,Microgale drouhardi,Microgale_drouhardi,MAMMALIA,1,300,25863.442637949
pipe,6,6,28.2220994609865,Microgale dryas,Microgale_dryas,MAMMALIA,0.8972013977551,46,1322.51851573001
pipe,6,6,28.2220994609865,Microgale fotsifotsy,Microgale_fotsifotsy,MAMMALIA,1,339,29825.8087796647
pipe,6,6,28.2220994609865,Microgale gracilis,Microgale_gracilis,MAMMALIA,0.999999999985971,120,8872.56689979683
pipe,6,6,28.2220994609865,Microgale gymnorhyncha,Microgale_gymnorhyncha,MAMMALIA,1,142,18318.010895944
pipe,6,6,28.2220994609865,Microgale longicaudata,Microgale_longicaudata,MAMMALIA,1,878,60216.8208416415
pipe,6,6,28.2220994609865,Microgale mergulus,Microgale_mergulus,MAMMALIA,0.999999999953696,73,4695.6748957202
pipe,6,6,28.2220994609865,Microgale parvula,Microgale_parvula,MAMMALIA,1,932,60357.196868076
pipe,6,6,28.2220994609865,Microgale principula,Microgale_principula,MAMMALIA,1,566,49039.3281631823
pipe,6,6,28.2220994609865,Microgale pusilla,Microgale_pusilla,MAMMALIA,0.999999998831621,311,16908.3126785496
pipe,6,6,28.2220994609865,Microgale soricoides,Microgale_soricoides,MAMMALIA,1,144,25991.272411015
pipe,6,6,28.2220994609865,Microgale taiva,Microgale_taiva,MAMMALIA,1,301,39670.730921989
pipe,6,6,28.2220994609865,Microgale thomasi,Microgale_thomasi,MAMMALIA,1,104,23615.5196173851
pipe,6,6,28.2220994609865,Mirza coquereli,Mirza_coquereli,MAMMALIA,0.999996831550156,37,2235.53553089558
pipe,6,6,28.2220994609865,Monias benschi,Monias_benschi,AVES,0,1,78.2215661596996
pipe,6,6,28.2220994609865,Monticola erythronotus,Monticola_erythronotus,AVES,0.505764981643122,1,97.497303661992
pipe,6,6,28.2220994609865,Monticola sharpei,Monticola_sharpei,AVES,1,31,90021.0665475341
pipe,6,6,28.2220994609865,Monticolomys koopmani,Monticolomys_koopmani,MAMMALIA,0.132627247638879,5,98.0466375863042
pipe,6,6,28.2220994609865,Motacilla flaviventris,Motacilla_flaviventris,AVES,1,40,10631.5956855491
pipe,6,6,28.2220994609865,Mystacornis crossleyi,Mystacornis_crossleyi,AVES,0.999999999999967,12,44683.6655132916
pipe,6,6,28.2220994609865,Neodrepanis coruscans,Neodrepanis_coruscans,AVES,0.99999859713053,14,28526.1345304832
pipe,6,6,28.2220994609865,Neodrepanis hypoxantha,Neodrepanis_hypoxantha,AVES,0.0211788109146442,3,88.4296056242715
pipe,6,6,28.2220994609865,Neomixis striatigula,Neomixis_striatigula,AVES,0.999999999998333,32,53340.1484051311
pipe,6,6,28.2220994609865,Neomixis tenella,Neomixis_tenella,AVES,1,121,84164.0970864901
pipe,6,6,28.2220994609865,Neomixis viridis,Neomixis_viridis,AVES,1,35,49549.0959042348
pipe,6,6,28.2220994609865,Nesillas lantzii,Nesillas_lantzii,AVES,0.999980170051182,3,2619.51301637646
pipe,6,6,28.2220994609865,Nesogale dobsoni,Nesogale_dobsoni,MAMMALIA,1,332,62984.9309984336
pipe,6,6,28.2220994609865,Nesogale talazaci,Nesogale_talazaci,MAMMALIA,1,240,59283.4472038959
pipe,6,6,28.2220994609865,Nesomys audeberti,Nesomys_audeberti,MAMMALIA,1,107,3863.28552918954
pipe,6,6,28.2220994609865,Nesomys lambertoni,Nesomys_lambertoni,MAMMALIA,0.999932079520741,24,854.128980416666
pipe,6,6,28.2220994609865,Nesomys rufus,Nesomys_rufus,MAMMALIA,1,271,43371.3452879392
pipe,6,6,28.2220994609865,Newtonia amphichroa,Newtonia_amphichroa,AVES,1,16,40492.7438351736
pipe,6,6,28.2220994609865,Newtonia archboldi,Newtonia_archboldi,AVES,0.999963274875267,11,1972.98517980819
pipe,6,6,28.2220994609865,Newtonia brunneicauda,Newtonia_brunneicauda,AVES,1,59,105442.207376569
pipe,6,6,28.2220994609865,Newtonia fanovanae,Newtonia_fanovanae,AVES,0.353055283448799,2,98.220702482002
pipe,6,6,28.2220994609865,Oriolia bernieri,Oriolia_bernieri,AVES,0.999999960948315,14,13108.8040888652
pipe,6,6,28.2220994609865,Oryzorictes hova,Oryzorictes_hova,MAMMALIA,1,293,57871.116178305
pipe,6,6,28.2220994609865,Oryzorictes tetradactylus,Oryzorictes_tetradactylus,MAMMALIA,0.999999999995728,135,7919.83846947376
pipe,6,6,28.2220994609865,Otus rutilus,Otus_rutilus,AVES,0.99999983375452,6,100690.92027545
pipe,6,6,28.2220994609865,Oxylabes madagascariensis,Oxylabes_madagascariensis,AVES,1,18,49671.0435943016
pipe,6,6,28.2220994609865,Phaner electromontis,Phaner_electromontis,MAMMALIA,6.41384153565738e-08,1,17.2483306993491
pipe,6,6,28.2220994609865,Phaner furcifer,Phaner_furcifer,MAMMALIA,0.887905456410234,39,726.476848475258
pipe,6,6,28.2220994609865,Phaner pallescens,Phaner_pallescens,MAMMALIA,0.999999999998845,46,3133.17006371224
pipe,6,6,28.2220994609865,Phaner parienti,Phaner_parienti,MAMMALIA,0.00280017666108179,1,24.4501852478606
pipe,6,6,28.2220994609865,Philepitta castanea,Philepitta_castanea,AVES,0.983185133365202,5,36753.2307420338
pipe,6,6,28.2220994609865,Philepitta schlegeli,Philepitta_schlegeli,AVES,0.988278027030843,13,4271.15978816368
pipe,6,6,28.2220994609865,Ploceus nelicourvi,Ploceus_nelicourvi,AVES,0.999999999982846,11,57085.8842737953
pipe,6,6,28.2220994609865,Ploceus sakalava,Ploceus_sakalava,AVES,0.999999999998703,40,34258.9562775487
pipe,6,6,28.2220994609865,Polyboroides radiatus,Polyboroides_radiatus,AVES,0.998464402299051,1,105384.05808352
pipe,6,6,28.2220994609865,Pseudobias wardi,Pseudobias_wardi,AVES,1,20,39623.9936408436
pipe,6,6,28.2220994609865,Pterocles personatus,Pterocles_personatus,AVES,0.940118142771648,4,6876.15796477548
pipe,6,6,28.2220994609865,Rallus madagascariensis,Rallus_madagascariensis,AVES,0.999999129949134,5,14208.5245256758
pipe,6,6,28.2220994609865,Randia pseudozosterops,Randia_pseudozosterops,AVES,0.999999894185239,16,42185.3610936486
pipe,6,6,28.2220994609865,Sarothrura insularis,Sarothrura_insularis,AVES,0.999950166337837,7,67281.3434423464
pipe,6,6,28.2220994609865,Schetba rufa,Schetba_rufa,AVES,1,27,26302.6258140818
pipe,6,6,28.2220994609865,Setifer setosus,Setifer_setosus,MAMMALIA,1,282,104940.708723134
pipe,6,6,28.2220994609865,Tenrec ecaudatus,Tenrec_ecaudatus,MAMMALIA,1,165,108003.87189972
pipe,6,6,28.2220994609865,Thamnornis chloropetoides,Thamnornis_chloropetoides,AVES,0.99997558627154,5,3291.2059526292
pipe,6,6,28.2220994609865,Treron australis,Treron_australis,AVES,0.996541201194602,2,106269.003456184
pipe,6,6,28.2220994609865,Turnix nigricollis,Turnix_nigricollis,AVES,0.999949121184114,4,116033.768228439
pipe,6,6,28.2220994609865,Tylas eduardi,Tylas_eduardi,AVES,0.999999999904391,7,55668.148009589
pipe,6,6,28.2220994609865,Vanga curvirostris,Vanga_curvirostris,AVES,0.999998203602158,11,114732.342565048
pipe,6,6,28.2220994609865,Varecia rubra,Varecia_rubra,MAMMALIA,1,88,65639.7777378661
pipe,6,6,28.2220994609865,Varecia variegata,Varecia_variegata,MAMMALIA,1,63,65232.5395777178
pipe,6,6,28.2220994609865,Xanthomixis apperti,Xanthomixis_apperti,AVES,0.441311211243701,1,68.4073900828693
pipe,6,6,28.2220994609865,Xanthomixis cinereiceps,Xanthomixis_cinereiceps,AVES,1,20,16444.1613111707
pipe,6,6,28.2220994609865,Xanthomixis zosterops,Xanthomixis_zosterops,AVES,0.999999999999817,24,57369.5648159428
pipe,6,6,28.2220994609865,Xenopirostris damii,Xenopirostris_damii,AVES,0.00179910755944268,1,93.5023436630614
pipe,6,6,28.2220994609865,Xenopirostris polleni,Xenopirostris_polleni,AVES,0.999999958871335,10,16589.3441187849
pipe,6,6,28.2220994609865,Xenopirostris xenopirostris,Xenopirostris_xenopirostris,AVES,0.965058075374104,1,1102.55740261015
pipe,7,7,32.9130272076623,Accipiter henstii,Accipiter_henstii,AVES,0.76527870474319,1,81145.9133266379
pipe,7,7,32.9130272076623,Accipiter madagascariensis,Accipiter_madagascariensis,AVES,0.92288751091324,1,94069.0111341217
pipe,7,7,32.9130272076623,Acrocephalus newtoni,Acrocephalus_newtoni,AVES,1,41,90589.9979520098
pipe,7,7,32.9130272076623,Alectroenas madagascariensis,Alectroenas_madagascariensis,AVES,0.998328188157882,6,62064.3803750995
pipe,7,7,32.9130272076623,Allocebus trichotis,Allocebus_trichotis,MAMMALIA,0.0078347349602923,3,72.1001097191941
pipe,7,7,32.9130272076623,Anas bernieri,Anas_bernieri,AVES,0,0,0
pipe,7,7,32.9130272076623,Apus balstoni,Apus_balstoni,AVES,0.999999960096135,9,84027.2461472977
pipe,7,7,32.9130272076623,Artamella viridis,Artamella_viridis,AVES,0.999999999993958,14,97978.7342394677
pipe,7,7,32.9130272076623,Asio madagascariensis,Asio_madagascariensis,AVES,0.878146272971411,2,69289.7624532431
pipe,7,7,32.9130272076623,Atelornis crossleyi,Atelornis_crossleyi,AVES,0.999998692314295,6,11369.3735449732
pipe,7,7,32.9130272076623,Atelornis pittoides,Atelornis_pittoides,AVES,0.999725753993594,3,40876.0513156309
pipe,7,7,32.9130272076623,Athene superciliaris,Athene_superciliaris,AVES,0.999502652142775,3,64752.2762986532
pipe,7,7,32.9130272076623,Avahi laniger,Avahi_laniger,MAMMALIA,1,120,33539.3812268168
pipe,7,7,32.9130272076623,Avahi occidentalis,Avahi_occidentalis,MAMMALIA,0.996177513146535,3,617.947951280703
pipe,7,7,32.9130272076623,Aviceda madagascariensis,Aviceda_madagascariensis,AVES,0.974302911257234,1,96825.3185690619
pipe,7,7,32.9130272076623,Bernieria madagascariensis,Bernieria_madagascariensis,AVES,0.999999999999993,25,82573.8626839328
pipe,7,7,32.9130272076623,Brachypteracias leptosomus,Brachypteracias_leptosomus,AVES,0.999761534884151,1,36190.4627011921
pipe,7,7,32.9130272076623,Brachytarsomys albicauda,Brachytarsomys_albicauda,MAMMALIA,0.999999986114382,46,1724.25881065628
pipe,7,7,32.9130272076623,Brachyuromys betsileoensis,Brachyuromys_betsileoensis,MAMMALIA,1,98,11951.8170908009
pipe,7,7,32.9130272076623,Brachyuromys ramirohitra,Brachyuromys_ramirohitra,MAMMALIA,0.655414845690046,2,90.5857082152948
pipe,7,7,32.9130272076623,Bradypterus brunneus,Bradypterus_brunneus,AVES,1,41,11856.2090054463
pipe,7,7,32.9130272076623,Bradypterus seebohmi,Bradypterus_seebohmi,AVES,0.452718233996164,1,71.7493427546058
pipe,7,7,32.9130272076623,Buteo brachypterus,Buteo_brachypterus,AVES,0.86347018508699,1,108368.071895245
pipe,7,7,32.9130272076623,Calicalicus madagascariensis,Calicalicus_madagascariensis,AVES,1,44,83071.2031783286
pipe,7,7,32.9130272076623,Cheirogaleus crossleyi,Cheirogaleus_crossleyi,MAMMALIA,1,87,5313.2268520697
pipe,7,7,32.9130272076623,Cheirogaleus major,Cheirogaleus_major,MAMMALIA,1,296,62665.6258396855
pipe,7,7,32.9130272076623,Cheirogaleus medius,Cheirogaleus_medius,MAMMALIA,1,712,44562.7563389861
pipe,7,7,32.9130272076623,Cinnyris notatus,Cinnyris_notatus,AVES,1,62,90450.8466590082
pipe,7,7,32.9130272076623,Copsychus albospecularis,Copsychus_albospecularis,AVES,0.999989461322212,12,51515.2103612362
pipe,7,7,32.9130272076623,Coracopsis nigra,Coracopsis_nigra,AVES,0.995327624725859,3,97761.9425016869
pipe,7,7,32.9130272076623,Corythornis madagascariensis,Corythornis_madagascariensis,AVES,0.897670711315383,7,82925.6146692773
pipe,7,7,32.9130272076623,Coua caerulea,Coua_caerulea,AVES,0.999919536449877,6,42157.3319282688
pipe,7,7,32.9130272076623,Coua coquereli,Coua_coquereli,AVES,0.999988776317932,3,22668.2121736555
pipe,7,7,32.9130272076623,Coua cristata,Coua_cristata,AVES,0.999998213665127,6,76019.8348969922
pipe,7,7,32.9130272076623,Coua cursor,Coua_cursor,AVES,0.999677359699481,2,16430.7965525676
pipe,7,7,32.9130272076623,Coua gigas,Coua_gigas,AVES,0.999803668892282,1,25386.0549407092
pipe,7,7,32.9130272076623,Coua reynaudii,Coua_reynaudii,AVES,0.999868846835264,4,35964.6219427865
pipe,7,7,32.9130272076623,Coua ruficeps,Coua_ruficeps,AVES,0.959346120072291,3,1327.28580644745
pipe,7,7,32.9130272076623,Coua serriana,Coua_serriana,AVES,0.991074247930806,1,31115.7830879887
pipe,7,7,32.9130272076623,Crossleyia xanthophrys,Crossleyia_xanthophrys,AVES,1,41,3889.24736457212
pipe,7,7,32.9130272076623,Cryptoprocta ferox,Cryptoprocta_ferox,MAMMALIA,0.0704722846506246,3,31382.0255183108
pipe,7,7,32.9130272076623,Cryptosylvicola randrianasoloi,Cryptosylvicola_randrianasoloi,AVES,1,38,5649.95951368894
pipe,7,7,32.9130272076623,Cyanolanius madagascarinus,Cyanolanius_madagascarinus,AVES,1,32,89429.1517156135
pipe,7,7,32.9130272076623,Daubentonia madagascariensis,Daubentonia_madagascariensis,MAMMALIA,1,88,30982.5598543452
pipe,7,7,32.9130272076623,Echinops telfairi,Echinops_telfairi,MAMMALIA,1,353,44309.3908867972
pipe,7,7,32.9130272076623,Eliurus antsingy,Eliurus_antsingy,MAMMALIA,0.0133748649074149,5,69.3900821470956
pipe,7,7,32.9130272076623,Eliurus grandidieri,Eliurus_grandidieri,MAMMALIA,0.999640446063556,25,909.062290056589
pipe,7,7,32.9130272076623,Eliurus majori,Eliurus_majori,MAMMALIA,1,245,41000.0059571846
pipe,7,7,32.9130272076623,Eliurus minor,Eliurus_minor,MAMMALIA,1,896,68799.9363224377
pipe,7,7,32.9130272076623,Eliurus myoxinus,Eliurus_myoxinus,MAMMALIA,1,746,72201.4320440652
pipe,7,7,32.9130272076623,Eliurus tanala,Eliurus_tanala,MAMMALIA,1,374,43491.6103124968
pipe,7,7,32.9130272076623,Eliurus webbi,Eliurus_webbi,MAMMALIA,1,448,57856.7877305272
pipe,7,7,32.9130272076623,Eremopterix hova,Eremopterix_hova,AVES,0.999997371897684,24,3139.54003010577
pipe,7,7,32.9130272076623,Eulemur albifrons,Eulemur_albifrons,MAMMALIA,1,82,18120.9650408123
pipe,7,7,32.9130272076623,Eulemur cinereiceps,Eulemur_cinereiceps,MAMMALIA,1,252,83311.9535187773
pipe,7,7,32.9130272076623,Eulemur collaris,Eulemur_collaris,MAMMALIA,1,204,82843.1889816919
pipe,7,7,32.9130272076623,Eulemur coronatus,Eulemur_coronatus,MAMMALIA,1,253,24048.6559783099
pipe,7,7,32.9130272076623,Eulemur flavifrons,Eulemur_flavifrons,MAMMALIA,0.000213248908682684,1,25.074716512655
pipe,7,7,32.9130272076623,Eulemur fulvus,Eulemur_fulvus,MAMMALIA,1,230,83487.4446922466
pipe,7,7,32.9130272076623,Eulemur macaco,Eulemur_macaco,MAMMALIA,1,78,34000.5501734217
pipe,7,7,32.9130272076623,Eulemur mongoz,Eulemur_mongoz,MAMMALIA,0.999999566705148,24,1797.83336016671
pipe,7,7,32.9130272076623,Eulemur rubriventer,Eulemur_rubriventer,MAMMALIA,1,309,70314.7176372209
pipe,7,7,32.9130272076623,Eulemur rufus,Eulemur_rufus,MAMMALIA,1,213,38406.0562664964
pipe,7,7,32.9130272076623,Eulemur sanfordi,Eulemur_sanfordi,MAMMALIA,1,283,83632.0159102844
pipe,7,7,32.9130272076623,Euryceros prevostii,Euryceros_prevostii,AVES,0.998999571455012,3,2837.05015201021
pipe,7,7,32.9130272076623,Falco zoniventris,Falco_zoniventris,AVES,0.927271327735491,1,67699.2945660619
pipe,7,7,32.9130272076623,Falculea palliata,Falculea_palliata,AVES,0.999999999999399,11,23239.4201939899
pipe,7,7,32.9130272076623,Fossa fossana,Fossa_fossana,MAMMALIA,0.978483142852742,2,48599.4609223109
pipe,7,7,32.9130272076623,Foudia madagascariensis,Foudia_madagascariensis,AVES,0.999999939269136,56,116724.971121021
pipe,7,7,32.9130272076623,Foudia omissa,Foudia_omissa,AVES,0.999999999981952,21,46744.8921224807
pipe,7,7,32.9130272076623,Gactornis enarratus,Gactornis_enarratus,AVES,0.999999233849466,5,46933.6129349196
pipe,7,7,32.9130272076623,Galidia elegans,Galidia_elegans,MAMMALIA,0.968235456479531,6,49544.7795755114
pipe,7,7,32.9130272076623,Galidictis fasciata,Galidictis_fasciata,MAMMALIA,0,3,4247.07070700451
pipe,7,7,32.9130272076623,Geobiastes squamiger,Geobiastes_squamiger,AVES,0.999617166386497,4,10684.7331345952
pipe,7,7,32.9130272076623,Geogale aurita,Geogale_aurita,MAMMALIA,1,496,27076.9896175431
pipe,7,7,32.9130272076623,Gymnuromys roberti,Gymnuromys_roberti,MAMMALIA,1,131,25044.895291289
pipe,7,7,32.9130272076623,Haliaeetus vociferoides,Haliaeetus_vociferoides,AVES,0.0115773783592114,1,5133.49426771156
pipe,7,7,32.9130272076623,Hapalemur alaotrensis,Hapalemur_alaotrensis,MAMMALIA,1,51,3448.28356547679
pipe,7,7,32.9130272076623,Hapalemur aureus,Hapalemur_aureus,MAMMALIA,0.99999995847237,19,1563.53348564634
pipe,7,7,32.9130272076623,Hapalemur griseus,Hapalemur_griseus,MAMMALIA,1,260,80417.1082044533
pipe,7,7,32.9130272076623,Hapalemur occidentalis,Hapalemur_occidentalis,MAMMALIA,0.999932284217748,27,868.751462579048
pipe,7,7,32.9130272076623,Hartertula flavoviridis,Hartertula_flavoviridis,AVES,1,40,7702.82278424273
pipe,7,7,32.9130272076623,Hartlaubius auratus,Hartlaubius_auratus,AVES,0.99999999942875,17,83763.3117241093
pipe,7,7,32.9130272076623,Hemicentetes nigriceps,Hemicentetes_nigriceps,MAMMALIA,0.999819586544987,24,1678.26441705794
pipe,7,7,32.9130272076623,Hemicentetes semispinosus,Hemicentetes_semispinosus,MAMMALIA,1,165,64112.4065608281
pipe,7,7,32.9130272076623,Hypogeomys antimena,Hypogeomys_antimena,MAMMALIA,0.133821965614829,4,93.1612903583482
pipe,7,7,32.9130272076623,Hypositta corallirostris,Hypositta_corallirostris,AVES,0.999975424000986,14,56072.4498320844
pipe,7,7,32.9130272076623,Indri indri,Indri_indri,MAMMALIA,0.999999999999345,22,59204.6002089882
pipe,7,7,32.9130272076623,Lemur catta,Lemur_catta,MAMMALIA,1,163,18442.5092828508
pipe,7,7,32.9130272076623,Lepidopygia nana,Lepidopygia_nana,AVES,0.999948935519208,93,111892.113674129
pipe,7,7,32.9130272076623,Lepilemur ankaranensis,Lepilemur_ankaranensis,MAMMALIA,0.942459903341432,10,326.317074209937
pipe,7,7,32.9130272076623,Lepilemur edwardsi,Lepilemur_edwardsi,MAMMALIA,1,69,7552.68549050675
pipe,7,7,32.9130272076623,Lepilemur leucopus,Lepilemur_leucopus,MAMMALIA,1,76,16210.0213055873
pipe,7,7,32.9130272076623,Lepilemur microdon,Lepilemur_microdon,MAMMALIA,0.999999999763465,32,3786.01364124332
pipe,7,7,32.9130272076623,Lepilemur mustelinus,Lepilemur_mustelinus,MAMMALIA,1,263,75070.8064371508
pipe,7,7,32.9130272076623,Lepilemur ruficaudatus,Lepilemur_ruficaudatus,MAMMALIA,1,154,11873.5227694528
pipe,7,7,32.9130272076623,Leptopterus chabert,Leptopterus_chabert,AVES,0.999999940123861,37,109328.921749273
pipe,7,7,32.9130272076623,Lophotibis cristata,Lophotibis_cristata,AVES,0.999833500447369,2,80823.0638018169
pipe,7,7,32.9130272076623,Macrotarsomys bastardi,Macrotarsomys_bastardi,MAMMALIA,1,166,6616.28886052942
pipe,7,7,32.9130272076623,Margaroperdix madagarensis,Margaroperdix_madagarensis,AVES,0.999997617261833,4,85050.7341062974
pipe,7,7,32.9130272076623,Mentocrex kioloides,Mentocrex_kioloides,AVES,0.997550546157247,1,31828.3107872445
pipe,7,7,32.9130272076623,Mesitornis unicolor,Mesitornis_unicolor,AVES,0,1,89.8278131379881
pipe,7,7,32.9130272076623,Mesitornis variegatus,Mesitornis_variegatus,AVES,0.998721172425563,4,2783.80263434159
pipe,7,7,32.9130272076623,Microcebus berthae,Microcebus_berthae,MAMMALIA,1.52725564417366e-08,2,16.7952443947329
pipe,7,7,32.9130272076623,Microcebus griseorufus,Microcebus_griseorufus,MAMMALIA,0.995766900373794,13,484.502876857873
pipe,7,7,32.9130272076623,Microcebus murinus,Microcebus_murinus,MAMMALIA,1,955,74892.7212313049
pipe,7,7,32.9130272076623,Microcebus myoxinus,Microcebus_myoxinus,MAMMALIA,0.999999984228967,70,963.13716894955
pipe,7,7,32.9130272076623,Microcebus ravelobensis,Microcebus_ravelobensis,MAMMALIA,0.778620368188717,11,232.554175002825
pipe,7,7,32.9130272076623,Microcebus rufus,Microcebus_rufus,MAMMALIA,1,742,65294.1555012434
pipe,7,7,32.9130272076623,Microcebus tavaratra,Microcebus_tavaratra,MAMMALIA,0.993488585889862,30,660.265351119552
pipe,7,7,32.9130272076623,Microgale brevicaudata,Microgale_brevicaudata,MAMMALIA,1,562,27559.1609636901
pipe,7,7,32.9130272076623,Microgale cowani,Microgale_cowani,MAMMALIA,1,434,53685.7932674453
pipe,7,7,32.9130272076623,Microgale drouhardi,Microgale_drouhardi,MAMMALIA,1,290,25567.4605918677
pipe,7,7,32.9130272076623,Microgale dryas,Microgale_dryas,MAMMALIA,0.897201397748361,47,1315.65322910508
pipe,7,7,32.9130272076623,Microgale fotsifotsy,Microgale_fotsifotsy,MAMMALIA,1,305,29343.0678683078
pipe,7,7,32.9130272076623,Microgale gracilis,Microgale_gracilis,MAMMALIA,0.999999999984327,115,8696.3350575112
pipe,7,7,32.9130272076623,Microgale gymnorhyncha,Microgale_gymnorhyncha,MAMMALIA,1,117,17929.6866747833
pipe,7,7,32.9130272076623,Microgale longicaudata,Microgale_longicaudata,MAMMALIA,1,725,59050.5488404968
pipe,7,7,32.9130272076623,Microgale mergulus,Microgale_mergulus,MAMMALIA,0.99999999991935,71,4614.86006843535
pipe,7,7,32.9130272076623,Microgale parvula,Microgale_parvula,MAMMALIA,1,759,59300.8539731356
pipe,7,7,32.9130272076623,Microgale principula,Microgale_principula,MAMMALIA,1,525,48625.239600414
pipe,7,7,32.9130272076623,Microgale pusilla,Microgale_pusilla,MAMMALIA,0.999999998789165,283,16727.2762042658
pipe,7,7,32.9130272076623,Microgale soricoides,Microgale_soricoides,MAMMALIA,1,119,25637.175000587
pipe,7,7,32.9130272076623,Microgale taiva,Microgale_taiva,MAMMALIA,1,273,39292.1061135981
pipe,7,7,32.9130272076623,Microgale thomasi,Microgale_thomasi,MAMMALIA,1,100,23476.558253364
pipe,7,7,32.9130272076623,Mirza coquereli,Mirza_coquereli,MAMMALIA,0.999996786449683,33,2160.7338679689
pipe,7,7,32.9130272076623,Monias benschi,Monias_benschi,AVES,0,1,78.2215661596996
pipe,7,7,32.9130272076623,Monticola erythronotus,Monticola_erythronotus,AVES,0.505764981643122,1,97.497303661992
pipe,7,7,32.9130272076623,Monticola sharpei,Monticola_sharpei,AVES,1,34,84673.4295506502
pipe,7,7,32.9130272076623,Monticolomys koopmani,Monticolomys_koopmani,MAMMALIA,0.132627247638879,5,98.0466375863042
pipe,7,7,32.9130272076623,Motacilla flaviventris,Motacilla_flaviventris,AVES,1,36,9813.82931902141
pipe,7,7,32.9130272076623,Mystacornis crossleyi,Mystacornis_crossleyi,AVES,0.999999999999958,12,43967.7850335496
pipe,7,7,32.9130272076623,Neodrepanis coruscans,Neodrepanis_coruscans,AVES,0.999998506399139,14,28113.9918076348
pipe,7,7,32.9130272076623,Neodrepanis hypoxantha,Neodrepanis_hypoxantha,AVES,0.0211788109146442,3,88.4296056242715
pipe,7,7,32.9130272076623,Neomixis striatigula,Neomixis_striatigula,AVES,0.999999999999391,37,52246.5390516354
pipe,7,7,32.9130272076623,Neomixis tenella,Neomixis_tenella,AVES,1,117,81625.2948748381
pipe,7,7,32.9130272076623,Neomixis viridis,Neomixis_viridis,AVES,0.999999999999993,35,48660.4275904081
pipe,7,7,32.9130272076623,Nesillas lantzii,Nesillas_lantzii,AVES,0.999978415536205,3,2594.41750693177
pipe,7,7,32.9130272076623,Nesogale dobsoni,Nesogale_dobsoni,MAMMALIA,1,291,61679.1021158497
pipe,7,7,32.9130272076623,Nesogale talazaci,Nesogale_talazaci,MAMMALIA,1,237,58409.5314291108
pipe,7,7,32.9130272076623,Nesomys audeberti,Nesomys_audeberti,MAMMALIA,1,102,3806.05355643625
pipe,7,7,32.9130272076623,Nesomys lambertoni,Nesomys_lambertoni,MAMMALIA,0.999919255854397,24,845.05341483995
pipe,7,7,32.9130272076623,Nesomys rufus,Nesomys_rufus,MAMMALIA,1,277,42965.5251085993
pipe,7,7,32.9130272076623,Newtonia amphichroa,Newtonia_amphichroa,AVES,1,16,39875.8292221931
pipe,7,7,32.9130272076623,Newtonia archboldi,Newtonia_archboldi,AVES,0.999955706405345,11,1932.26968330133
pipe,7,7,32.9130272076623,Newtonia brunneicauda,Newtonia_brunneicauda,AVES,1,65,101852.852527962
pipe,7,7,32.9130272076623,Newtonia fanovanae,Newtonia_fanovanae,AVES,0.353055283448799,2,98.220702482002
pipe,7,7,32.9130272076623,Oriolia bernieri,Oriolia_bernieri,AVES,0.999999956382956,14,12795.3732098619
pipe,7,7,32.9130272076623,Oryzorictes hova,Oryzorictes_hova,MAMMALIA,1,287,57186.0328065456
pipe,7,7,32.9130272076623,Oryzorictes tetradactylus,Oryzorictes_tetradactylus,MAMMALIA,0.999999999991586,116,7579.46904088199
pipe,7,7,32.9130272076623,Otus rutilus,Otus_rutilus,AVES,0.999999787765483,5,96876.6492615359
pipe,7,7,32.9130272076623,Oxylabes madagascariensis,Oxylabes_madagascariensis,AVES,1,20,48768.3967319117
pipe,7,7,32.9130272076623,Phaner electromontis,Phaner_electromontis,MAMMALIA,6.41384153565738e-08,1,17.2483306993491
pipe,7,7,32.9130272076623,Phaner furcifer,Phaner_furcifer,MAMMALIA,0.887904765191739,34,686.188393407905
pipe,7,7,32.9130272076623,Phaner pallescens,Phaner_pallescens,MAMMALIA,0.999999999998475,41,2991.33363314581
pipe,7,7,32.9130272076623,Phaner parienti,Phaner_parienti,MAMMALIA,0.00280017666108179,1,24.4501852478606
pipe,7,7,32.9130272076623,Philepitta castanea,Philepitta_castanea,AVES,0.982968564590619,5,36189.7086684397
pipe,7,7,32.9130272076623,Philepitta schlegeli,Philepitta_schlegeli,AVES,0.988278027030843,13,4271.15978816368
pipe,7,7,32.9130272076623,Ploceus nelicourvi,Ploceus_nelicourvi,AVES,0.999999999962509,13,56193.76978182
pipe,7,7,32.9130272076623,Ploceus sakalava,Ploceus_sakalava,AVES,0.999999999990775,45,30663.2331196908
pipe,7,7,32.9130272076623,Polyboroides radiatus,Polyboroides_radiatus,AVES,0.998293797156683,1,98921.0539044142
pipe,7,7,32.9130272076623,Pseudobias wardi,Pseudobias_wardi,AVES,1,21,38929.2463254974
pipe,7,7,32.9130272076623,Pterocles personatus,Pterocles_personatus,AVES,0.940118142771648,4,6876.15796477548
pipe,7,7,32.9130272076623,Rallus madagascariensis,Rallus_madagascariensis,AVES,0.999998867214041,5,13929.4768892669
pipe,7,7,32.9130272076623,Randia pseudozosterops,Randia_pseudozosterops,AVES,0.999999840738669,18,41501.5092940553
pipe,7,7,32.9130272076623,Sarothrura insularis,Sarothrura_insularis,AVES,0.999947152837127,8,65651.9316715747
pipe,7,7,32.9130272076623,Schetba rufa,Schetba_rufa,AVES,1,27,25340.7856190156
pipe,7,7,32.9130272076623,Setifer setosus,Setifer_setosus,MAMMALIA,1,264,100205.149949421
pipe,7,7,32.9130272076623,Tenrec ecaudatus,Tenrec_ecaudatus,MAMMALIA,1,166,102644.720670765
pipe,7,7,32.9130272076623,Thamnornis chloropetoides,Thamnornis_chloropetoides,AVES,0.999974500565231,5,3218.31668215822
pipe,7,7,32.9130272076623,Treron australis,Treron_australis,AVES,0.996219191309516,2,98851.0099333386
pipe,7,7,32.9130272076623,Turnix nigricollis,Turnix_nigricollis,AVES,0.999991464749401,5,107357.961380732
pipe,7,7,32.9130272076623,Tylas eduardi,Tylas_eduardi,AVES,0.999999999877364,8,54726.632561264
pipe,7,7,32.9130272076623,Vanga curvirostris,Vanga_curvirostris,AVES,0.999997767556915,8,109947.259964114
pipe,7,7,32.9130272076623,Varecia rubra,Varecia_rubra,MAMMALIA,1,90,63935.0395599413
pipe,7,7,32.9130272076623,Varecia variegata,Varecia_variegata,MAMMALIA,1,64,63528.3584857357
pipe,7,7,32.9130272076623,Xanthomixis apperti,Xanthomixis_apperti,AVES,0.441311211243701,1,68.4073900828693
pipe,7,7,32.9130272076623,Xanthomixis cinereiceps,Xanthomixis_cinereiceps,AVES,1,19,16222.7351964889
pipe,7,7,32.9130272076623,Xanthomixis zosterops,Xanthomixis_zosterops,AVES,0.999999999999619,25,56418.873182549
pipe,7,7,32.9130272076623,Xenopirostris damii,Xenopirostris_damii,AVES,0.00179910755944268,1,93.5023436630614
pipe,7,7,32.9130272076623,Xenopirostris polleni,Xenopirostris_polleni,AVES,0.999999955434017,10,16265.4059026241
pipe,7,7,32.9130272076623,Xenopirostris xenopirostris,Xenopirostris_xenopirostris,AVES,0.965058075374104,1,1102.55740261015
pipe,8,8,37.603063945369,Accipiter henstii,Accipiter_henstii,AVES,0.765025528678177,1,81035.9962344405
pipe,8,8,37.603063945369,Accipiter madagascariensis,Accipiter_madagascariensis,AVES,0.91744709988408,1,87868.3375225359
pipe,8,8,37.603063945369,Acrocephalus newtoni,Acrocephalus_newtoni,AVES,1,46,88867.2150645311
pipe,8,8,37.603063945369,Alectroenas madagascariensis,Alectroenas_madagascariensis,AVES,0.998283384830443,6,61105.0636973229
pipe,8,8,37.603063945369,Allocebus trichotis,Allocebus_trichotis,MAMMALIA,0.0078347349602923,3,72.1001097191941
pipe,8,8,37.603063945369,Anas bernieri,Anas_bernieri,AVES,0,0,0
pipe,8,8,37.603063945369,Apus balstoni,Apus_balstoni,AVES,0.99999999988042,12,82571.6528398427
pipe,8,8,37.603063945369,Artamella viridis,Artamella_viridis,AVES,0.999999999999987,17,93261.2586571474
pipe,8,8,37.603063945369,Asio madagascariensis,Asio_madagascariensis,AVES,0.875271015032593,2,67277.2892277978
pipe,8,8,37.603063945369,Atelornis crossleyi,Atelornis_crossleyi,AVES,0.999998686083362,6,11349.834841641
pipe,8,8,37.603063945369,Atelornis pittoides,Atelornis_pittoides,AVES,0.999722535956041,3,40589.9013641229
pipe,8,8,37.603063945369,Athene superciliaris,Athene_superciliaris,AVES,0.999405746409068,2,58056.7750050415
pipe,8,8,37.603063945369,Avahi laniger,Avahi_laniger,MAMMALIA,1,121,33297.9549002683
pipe,8,8,37.603063945369,Avahi occidentalis,Avahi_occidentalis,MAMMALIA,0.996177513146535,3,617.947951280703
pipe,8,8,37.603063945369,Aviceda madagascariensis,Aviceda_madagascariensis,AVES,0.971849646710778,1,90095.9536990826
pipe,8,8,37.603063945369,Bernieria madagascariensis,Bernieria_madagascariensis,AVES,0.999999999999985,32,81277.8647283954
pipe,8,8,37.603063945369,Brachypteracias leptosomus,Brachypteracias_leptosomus,AVES,0.999759362771605,1,36011.2716112108
pipe,8,8,37.603063945369,Brachytarsomys albicauda,Brachytarsomys_albicauda,MAMMALIA,0.999999986113697,43,1700.25746110397
pipe,8,8,37.603063945369,Brachyuromys betsileoensis,Brachyuromys_betsileoensis,MAMMALIA,1,87,11797.0819069556
pipe,8,8,37.603063945369,Brachyuromys ramirohitra,Brachyuromys_ramirohitra,MAMMALIA,0.655414845690046,2,90.5857082152948
pipe,8,8,37.603063945369,Bradypterus brunneus,Bradypterus_brunneus,AVES,1,40,11740.8918665965
pipe,8,8,37.603063945369,Bradypterus seebohmi,Bradypterus_seebohmi,AVES,0.452718233996164,1,71.7493427546058
pipe,8,8,37.603063945369,Buteo brachypterus,Buteo_brachypterus,AVES,0.857573381102215,1,103285.962209507
pipe,8,8,37.603063945369,Calicalicus madagascariensis,Calicalicus_madagascariensis,AVES,1,46,81687.2998062895
pipe,8,8,37.603063945369,Cheirogaleus crossleyi,Cheirogaleus_crossleyi,MAMMALIA,1,84,5260.85145968102
pipe,8,8,37.603063945369,Cheirogaleus major,Cheirogaleus_major,MAMMALIA,1,270,61960.2151769066
pipe,8,8,37.603063945369,Cheirogaleus medius,Cheirogaleus_medius,MAMMALIA,1,633,38747.5269191492
pipe,8,8,37.603063945369,Cinnyris notatus,Cinnyris_notatus,AVES,1,65,88716.5308203155
pipe,8,8,37.603063945369,Copsychus albospecularis,Copsychus_albospecularis,AVES,0.999986619156794,12,51001.5430641558
pipe,8,8,37.603063945369,Coracopsis nigra,Coracopsis_nigra,AVES,0.995041371086079,3,92620.4663956836
pipe,8,8,37.603063945369,Corythornis madagascariensis,Corythornis_madagascariensis,AVES,0.8960900510777,8,81406.6276476659
pipe,8,8,37.603063945369,Coua caerulea,Coua_caerulea,AVES,0.999917979235961,6,41865.9472530522
pipe,8,8,37.603063945369,Coua coquereli,Coua_coquereli,AVES,0.999976329691272,3,20973.8592075618
pipe,8,8,37.603063945369,Coua cristata,Coua_cristata,AVES,0.99999782654233,7,72834.026739919
pipe,8,8,37.603063945369,Coua cursor,Coua_cursor,AVES,0.99930782203405,2,11592.0236331309
pipe,8,8,37.603063945369,Coua gigas,Coua_gigas,AVES,0.999748499423301,1,22569.099491017
pipe,8,8,37.603063945369,Coua reynaudii,Coua_reynaudii,AVES,0.999838786330403,4,35706.4251051867
pipe,8,8,37.603063945369,Coua ruficeps,Coua_ruficeps,AVES,0.959346120072291,3,1327.28580644745
pipe,8,8,37.603063945369,Coua serriana,Coua_serriana,AVES,0.991051777674036,1,31053.6950687844
pipe,8,8,37.603063945369,Crossleyia xanthophrys,Crossleyia_xanthophrys,AVES,1,38,3832.81171680931
pipe,8,8,37.603063945369,Cryptoprocta ferox,Cryptoprocta_ferox,MAMMALIA,0.0704722846506246,3,31358.4746893274
pipe,8,8,37.603063945369,Cryptosylvicola randrianasoloi,Cryptosylvicola_randrianasoloi,AVES,1,36,5621.6843035018
pipe,8,8,37.603063945369,Cyanolanius madagascarinus,Cyanolanius_madagascarinus,AVES,1,36,87694.0094892493
pipe,8,8,37.603063945369,Daubentonia madagascariensis,Daubentonia_madagascariensis,MAMMALIA,1,91,30388.8166953337
pipe,8,8,37.603063945369,Echinops telfairi,Echinops_telfairi,MAMMALIA,1,330,38044.5703462669
pipe,8,8,37.603063945369,Eliurus antsingy,Eliurus_antsingy,MAMMALIA,0.0133748649074149,5,69.3900821470956
pipe,8,8,37.603063945369,Eliurus grandidieri,Eliurus_grandidieri,MAMMALIA,0.999640446063556,24,901.520020315635
pipe,8,8,37.603063945369,Eliurus majori,Eliurus_majori,MAMMALIA,1,202,40496.6552276937
pipe,8,8,37.603063945369,Eliurus minor,Eliurus_minor,MAMMALIA,1,748,67818.1642009579
pipe,8,8,37.603063945369,Eliurus myoxinus,Eliurus_myoxinus,MAMMALIA,1,647,67385.5397527293
pipe,8,8,37.603063945369,Eliurus tanala,Eliurus_tanala,MAMMALIA,1,303,42768.6816747468
pipe,8,8,37.603063945369,Eliurus webbi,Eliurus_webbi,MAMMALIA,1,371,57115.3108797462
pipe,8,8,37.603063945369,Eremopterix hova,Eremopterix_hova,AVES,0.999996327251705,23,3025.04035581331
pipe,8,8,37.603063945369,Eulemur albifrons,Eulemur_albifrons,MAMMALIA,1,75,17895.6870733634
pipe,8,8,37.603063945369,Eulemur cinereiceps,Eulemur_cinereiceps,MAMMALIA,1,249,81889.960080777
pipe,8,8,37.603063945369,Eulemur collaris,Eulemur_collaris,MAMMALIA,1,202,81390.0107729685
pipe,8,8,37.603063945369,Eulemur coronatus,Eulemur_coronatus,MAMMALIA,1,238,23468.1009089399
pipe,8,8,37.603063945369,Eulemur flavifrons,Eulemur_flavifrons,MAMMALIA,0.000213248908682684,1,25.074716512655
pipe,8,8,37.603063945369,Eulemur fulvus,Eulemur_fulvus,MAMMALIA,1,227,82015.0778182902
pipe,8,8,37.603063945369,Eulemur macaco,Eulemur_macaco,MAMMALIA,1,79,33561.3370268937
pipe,8,8,37.603063945369,Eulemur mongoz,Eulemur_mongoz,MAMMALIA,0.99999946821177,24,1740.68502367302
pipe,8,8,37.603063945369,Eulemur rubriventer,Eulemur_rubriventer,MAMMALIA,1,287,69169.5482831505
pipe,8,8,37.603063945369,Eulemur rufus,Eulemur_rufus,MAMMALIA,1,202,36333.0257584688
pipe,8,8,37.603063945369,Eulemur sanfordi,Eulemur_sanfordi,MAMMALIA,1,271,82120.5578234363
pipe,8,8,37.603063945369,Euryceros prevostii,Euryceros_prevostii,AVES,0.998999571455012,3,2837.05015201021
pipe,8,8,37.603063945369,Falco zoniventris,Falco_zoniventris,AVES,0.924028254925131,1,64804.1561987524
pipe,8,8,37.603063945369,Falculea palliata,Falculea_palliata,AVES,0.999999999997318,11,20132.7782093317
pipe,8,8,37.603063945369,Fossa fossana,Fossa_fossana,MAMMALIA,0.978483142852742,2,48599.4609223109
pipe,8,8,37.603063945369,Foudia madagascariensis,Foudia_madagascariensis,AVES,0.999999985085581,59,109158.642841691
pipe,8,8,37.603063945369,Foudia omissa,Foudia_omissa,AVES,0.999999999964723,23,46337.1680351146
pipe,8,8,37.603063945369,Gactornis enarratus,Gactornis_enarratus,AVES,0.999999019403981,4,46528.2239748029
pipe,8,8,37.603063945369,Galidia elegans,Galidia_elegans,MAMMALIA,0.968235456479531,6,49140.519982556
pipe,8,8,37.603063945369,Galidictis fasciata,Galidictis_fasciata,MAMMALIA,0,3,4247.07070700451
pipe,8,8,37.603063945369,Geobiastes squamiger,Geobiastes_squamiger,AVES,0.999613859362225,4,10668.8527299716
pipe,8,8,37.603063945369,Geogale aurita,Geogale_aurita,MAMMALIA,1,431,24990.5165233025
pipe,8,8,37.603063945369,Gymnuromys roberti,Gymnuromys_roberti,MAMMALIA,1,114,24884.4187535423
pipe,8,8,37.603063945369,Haliaeetus vociferoides,Haliaeetus_vociferoides,AVES,0.0115773783592114,1,5133.49426771156
pipe,8,8,37.603063945369,Hapalemur alaotrensis,Hapalemur_alaotrensis,MAMMALIA,1,51,3447.73646027897
pipe,8,8,37.603063945369,Hapalemur aureus,Hapalemur_aureus,MAMMALIA,0.999999957957659,19,1555.81867714459
pipe,8,8,37.603063945369,Hapalemur griseus,Hapalemur_griseus,MAMMALIA,1,261,79134.0221437132
pipe,8,8,37.603063945369,Hapalemur occidentalis,Hapalemur_occidentalis,MAMMALIA,0.999929451802518,25,852.629509823778
pipe,8,8,37.603063945369,Hartertula flavoviridis,Hartertula_flavoviridis,AVES,1,39,7646.72479368055
pipe,8,8,37.603063945369,Hartlaubius auratus,Hartlaubius_auratus,AVES,0.999999999497689,21,82216.0299666437
pipe,8,8,37.603063945369,Hemicentetes nigriceps,Hemicentetes_nigriceps,MAMMALIA,0.999812852363207,23,1664.59633708624
pipe,8,8,37.603063945369,Hemicentetes semispinosus,Hemicentetes_semispinosus,MAMMALIA,1,163,63427.9194668768
pipe,8,8,37.603063945369,Hypogeomys antimena,Hypogeomys_antimena,MAMMALIA,0.133821965614829,4,93.1612903583482
pipe,8,8,37.603063945369,Hypositta corallirostris,Hypositta_corallirostris,AVES,0.999970270381787,14,55426.364100853
pipe,8,8,37.603063945369,Indri indri,Indri_indri,MAMMALIA,0.999999999998593,21,58352.6253512533
pipe,8,8,37.603063945369,Lemur catta,Lemur_catta,MAMMALIA,1,151,16000.9100996954
pipe,8,8,37.603063945369,Lepidopygia nana,Lepidopygia_nana,AVES,0.999920173125553,100,107612.475298438
pipe,8,8,37.603063945369,Lepilemur ankaranensis,Lepilemur_ankaranensis,MAMMALIA,0.942459903341432,10,326.317074209937
pipe,8,8,37.603063945369,Lepilemur edwardsi,Lepilemur_edwardsi,MAMMALIA,1,65,7242.23040267357
pipe,8,8,37.603063945369,Lepilemur leucopus,Lepilemur_leucopus,MAMMALIA,1,66,11161.3030730695
pipe,8,8,37.603063945369,Lepilemur microdon,Lepilemur_microdon,MAMMALIA,0.999999999581581,31,3676.90153212302
pipe,8,8,37.603063945369,Lepilemur mustelinus,Lepilemur_mustelinus,MAMMALIA,1,259,71009.8327248349
pipe,8,8,37.603063945369,Lepilemur ruficaudatus,Lepilemur_ruficaudatus,MAMMALIA,1,141,10385.3832639215
pipe,8,8,37.603063945369,Leptopterus chabert,Leptopterus_chabert,AVES,0.999999999422382,37,103881.426562504
pipe,8,8,37.603063945369,Lophotibis cristata,Lophotibis_cristata,AVES,0.99982993919222,2,79933.9605326509
pipe,8,8,37.603063945369,Macrotarsomys bastardi,Macrotarsomys_bastardi,MAMMALIA,1,143,5910.28269685726
pipe,8,8,37.603063945369,Margaroperdix madagarensis,Margaroperdix_madagarensis,AVES,0.999999752483584,5,80712.7116502857
pipe,8,8,37.603063945369,Mentocrex kioloides,Mentocrex_kioloides,AVES,0.997534050927585,1,31683.7427040615
pipe,8,8,37.603063945369,Mesitornis unicolor,Mesitornis_unicolor,AVES,0,1,89.8278131379881
pipe,8,8,37.603063945369,Mesitornis variegatus,Mesitornis_variegatus,AVES,0.998721172425563,4,2783.80263434159
pipe,8,8,37.603063945369,Microcebus berthae,Microcebus_berthae,MAMMALIA,1.52725564417366e-08,2,16.7952443947329
pipe,8,8,37.603063945369,Microcebus griseorufus,Microcebus_griseorufus,MAMMALIA,0.99576690037371,13,484.242512627561
pipe,8,8,37.603063945369,Microcebus murinus,Microcebus_murinus,MAMMALIA,1,869,67971.881697117
pipe,8,8,37.603063945369,Microcebus myoxinus,Microcebus_myoxinus,MAMMALIA,0.999999976003473,69,938.407879795298
pipe,8,8,37.603063945369,Microcebus ravelobensis,Microcebus_ravelobensis,MAMMALIA,0.778620368188717,11,230.272453169512
pipe,8,8,37.603063945369,Microcebus rufus,Microcebus_rufus,MAMMALIA,1,588,63261.3082694397
pipe,8,8,37.603063945369,Microcebus tavaratra,Microcebus_tavaratra,MAMMALIA,0.993488585889862,30,660.265351119552
pipe,8,8,37.603063945369,Microgale brevicaudata,Microgale_brevicaudata,MAMMALIA,1,498,26468.6911475813
pipe,8,8,37.603063945369,Microgale cowani,Microgale_cowani,MAMMALIA,1,354,52719.5730897302
pipe,8,8,37.603063945369,Microgale drouhardi,Microgale_drouhardi,MAMMALIA,1,268,25290.7755497561
pipe,8,8,37.603063945369,Microgale dryas,Microgale_dryas,MAMMALIA,0.897201397748361,47,1315.65322910508
pipe,8,8,37.603063945369,Microgale fotsifotsy,Microgale_fotsifotsy,MAMMALIA,1,284,29102.9458260599
pipe,8,8,37.603063945369,Microgale gracilis,Microgale_gracilis,MAMMALIA,0.999999999978366,111,8617.97938619571
pipe,8,8,37.603063945369,Microgale gymnorhyncha,Microgale_gymnorhyncha,MAMMALIA,1,94,17596.7747195192
pipe,8,8,37.603063945369,Microgale longicaudata,Microgale_longicaudata,MAMMALIA,1,600,58204.981527183
pipe,8,8,37.603063945369,Microgale mergulus,Microgale_mergulus,MAMMALIA,0.999999999914544,70,4575.79591471436
pipe,8,8,37.603063945369,Microgale parvula,Microgale_parvula,MAMMALIA,1,622,58415.7913409683
pipe,8,8,37.603063945369,Microgale principula,Microgale_principula,MAMMALIA,1,453,48154.9639172694
pipe,8,8,37.603063945369,Microgale pusilla,Microgale_pusilla,MAMMALIA,0.99999999874073,256,16553.1305836873
pipe,8,8,37.603063945369,Microgale soricoides,Microgale_soricoides,MAMMALIA,1,95,25331.4128297211
pipe,8,8,37.603063945369,Microgale taiva,Microgale_taiva,MAMMALIA,1,238,39004.6225775878
pipe,8,8,37.603063945369,Microgale thomasi,Microgale_thomasi,MAMMALIA,1,92,23367.3346918159
pipe,8,8,37.603063945369,Mirza coquereli,Mirza_coquereli,MAMMALIA,0.999972195222589,33,1971.13629904159
pipe,8,8,37.603063945369,Monias benschi,Monias_benschi,AVES,0,1,78.2215661596996
pipe,8,8,37.603063945369,Monticola erythronotus,Monticola_erythronotus,AVES,0.505764981643122,1,97.497303661992
pipe,8,8,37.603063945369,Monticola sharpei,Monticola_sharpei,AVES,1,39,79086.0054613944
pipe,8,8,37.603063945369,Monticolomys koopmani,Monticolomys_koopmani,MAMMALIA,0.132627247638879,5,98.0466375863042
pipe,8,8,37.603063945369,Motacilla flaviventris,Motacilla_flaviventris,AVES,1,35,8829.83142425379
pipe,8,8,37.603063945369,Mystacornis crossleyi,Mystacornis_crossleyi,AVES,0.999999999999907,12,43581.965912659
pipe,8,8,37.603063945369,Neodrepanis coruscans,Neodrepanis_coruscans,AVES,0.999998500960599,14,28064.2633694739
pipe,8,8,37.603063945369,Neodrepanis hypoxantha,Neodrepanis_hypoxantha,AVES,0.0211788109146442,3,88.4296056242715
pipe,8,8,37.603063945369,Neomixis striatigula,Neomixis_striatigula,AVES,0.999999999999438,41,51636.5742704
pipe,8,8,37.603063945369,Neomixis tenella,Neomixis_tenella,AVES,1,113,79480.4691135442
pipe,8,8,37.603063945369,Neomixis viridis,Neomixis_viridis,AVES,0.999999999999997,35,48260.9108510765
pipe,8,8,37.603063945369,Nesillas lantzii,Nesillas_lantzii,AVES,0.99995528247184,5,2458.23992640429
pipe,8,8,37.603063945369,Nesogale dobsoni,Nesogale_dobsoni,MAMMALIA,1,256,60683.2289801527
pipe,8,8,37.603063945369,Nesogale talazaci,Nesogale_talazaci,MAMMALIA,1,229,57850.3414169228
pipe,8,8,37.603063945369,Nesomys audeberti,Nesomys_audeberti,MAMMALIA,1,100,3769.92913694451
pipe,8,8,37.603063945369,Nesomys lambertoni,Nesomys_lambertoni,MAMMALIA,0.999899504534113,24,835.932740620361
pipe,8,8,37.603063945369,Nesomys rufus,Nesomys_rufus,MAMMALIA,1,241,42557.4928930626
pipe,8,8,37.603063945369,Newtonia amphichroa,Newtonia_amphichroa,AVES,1,18,39631.3722996156
pipe,8,8,37.603063945369,Newtonia archboldi,Newtonia_archboldi,AVES,0.999955471870266,9,1890.49053134017
pipe,8,8,37.603063945369,Newtonia brunneicauda,Newtonia_brunneicauda,AVES,1,74,97719.2906238238
pipe,8,8,37.603063945369,Newtonia fanovanae,Newtonia_fanovanae,AVES,0.353055283448799,2,98.220702482002
pipe,8,8,37.603063945369,Oriolia bernieri,Oriolia_bernieri,AVES,0.999999955770597,14,12766.7613442653
pipe,8,8,37.603063945369,Oryzorictes hova,Oryzorictes_hova,MAMMALIA,1,259,56603.8740234369
pipe,8,8,37.603063945369,Oryzorictes tetradactylus,Oryzorictes_tetradactylus,MAMMALIA,0.999999999968493,104,7161.46446142087
pipe,8,8,37.603063945369,Otus rutilus,Otus_rutilus,AVES,0.999999713795818,5,94327.7614442899
pipe,8,8,37.603063945369,Oxylabes madagascariensis,Oxylabes_madagascariensis,AVES,1,22,48269.766930826
pipe,8,8,37.603063945369,Phaner electromontis,Phaner_electromontis,MAMMALIA,6.41384153565738e-08,1,17.2483306993491
pipe,8,8,37.603063945369,Phaner furcifer,Phaner_furcifer,MAMMALIA,0.887904765191739,34,686.188393407905
pipe,8,8,37.603063945369,Phaner pallescens,Phaner_pallescens,MAMMALIA,0.999999999818832,39,2747.11327727988
pipe,8,8,37.603063945369,Phaner parienti,Phaner_parienti,MAMMALIA,0.00280017666108179,1,24.4501852478606
pipe,8,8,37.603063945369,Philepitta castanea,Philepitta_castanea,AVES,0.982939745756594,6,36137.8666722102
pipe,8,8,37.603063945369,Philepitta schlegeli,Philepitta_schlegeli,AVES,0.988278027030843,13,4271.15978816368
pipe,8,8,37.603063945369,Ploceus nelicourvi,Ploceus_nelicourvi,AVES,0.999999999874753,15,55557.3240800693
pipe,8,8,37.603063945369,Ploceus sakalava,Ploceus_sakalava,AVES,0.999999999650669,52,26815.6208796166
pipe,8,8,37.603063945369,Polyboroides radiatus,Polyboroides_radiatus,AVES,0.998056641292313,1,91483.0803202159
pipe,8,8,37.603063945369,Pseudobias wardi,Pseudobias_wardi,AVES,1,21,38703.6083857161
pipe,8,8,37.603063945369,Pterocles personatus,Pterocles_personatus,AVES,0.940118142771648,4,6876.15796477548
pipe,8,8,37.603063945369,Rallus madagascariensis,Rallus_madagascariensis,AVES,0.99999879687005,5,13842.3978310196
pipe,8,8,37.603063945369,Randia pseudozosterops,Randia_pseudozosterops,AVES,0.999999979715776,19,41147.7629804617
pipe,8,8,37.603063945369,Sarothrura insularis,Sarothrura_insularis,AVES,0.999945238135673,8,64626.9803153438
pipe,8,8,37.603063945369,Schetba rufa,Schetba_rufa,AVES,1,25,25080.7551682759
pipe,8,8,37.603063945369,Setifer setosus,Setifer_setosus,MAMMALIA,1,269,95056.6004950914
pipe,8,8,37.603063945369,Tenrec ecaudatus,Tenrec_ecaudatus,MAMMALIA,1,160,98515.3847582811
pipe,8,8,37.603063945369,Thamnornis chloropetoides,Thamnornis_chloropetoides,AVES,0.999973188985144,6,2949.88897624393
pipe,8,8,37.603063945369,Treron australis,Treron_australis,AVES,0.995872441624327,2,91425.1377715166
pipe,8,8,37.603063945369,Turnix nigricollis,Turnix_nigricollis,AVES,0.999987266011564,5,98606.941636603
pipe,8,8,37.603063945369,Tylas eduardi,Tylas_eduardi,AVES,0.999999999882652,10,54140.8790565389
pipe,8,8,37.603063945369,Vanga curvirostris,Vanga_curvirostris,AVES,0.999997424108,10,103231.992587702
pipe,8,8,37.603063945369,Varecia rubra,Varecia_rubra,MAMMALIA,1,89,62833.3281120502
pipe,8,8,37.603063945369,Varecia variegata,Varecia_variegata,MAMMALIA,1,68,62474.2484664185
pipe,8,8,37.603063945369,Xanthomixis apperti,Xanthomixis_apperti,AVES,0.441311211243701,1,68.4073900828693
pipe,8,8,37.603063945369,Xanthomixis cinereiceps,Xanthomixis_cinereiceps,AVES,1,20,16065.5420813405
pipe,8,8,37.603063945369,Xanthomixis zosterops,Xanthomixis_zosterops,AVES,0.99999999999858,29,55787.0181453907
pipe,8,8,37.603063945369,Xenopirostris damii,Xenopirostris_damii,AVES,0.00179910755944268,1,93.5023436630614
pipe,8,8,37.603063945369,Xenopirostris polleni,Xenopirostris_polleni,AVES,0.999999953963482,8,16055.6920070032
pipe,8,8,37.603063945369,Xenopirostris xenopirostris,Xenopirostris_xenopirostris,AVES,0.965058075374104,1,1102.55740261015
pipe,9,9,42.294366853716,Accipiter henstii,Accipiter_henstii,AVES,0.76286516779964,1,80108.1390045304
pipe,9,9,42.294366853716,Accipiter madagascariensis,Accipiter_madagascariensis,AVES,0.915724856678723,1,86069.1438356045
pipe,9,9,42.294366853716,Acrocephalus newtoni,Acrocephalus_newtoni,AVES,1,49,86266.940456514
pipe,9,9,42.294366853716,Alectroenas madagascariensis,Alectroenas_madagascariensis,AVES,0.998245253146744,5,59883.0501432618
pipe,9,9,42.294366853716,Allocebus trichotis,Allocebus_trichotis,MAMMALIA,0.0078347349602923,3,72.1001097191941
pipe,9,9,42.294366853716,Anas bernieri,Anas_bernieri,AVES,0,0,0
pipe,9,9,42.294366853716,Apus balstoni,Apus_balstoni,AVES,0.999999999845522,12,80558.8172994944
pipe,9,9,42.294366853716,Artamella viridis,Artamella_viridis,AVES,0.999999999999989,19,87087.9328924029
pipe,9,9,42.294366853716,Asio madagascariensis,Asio_madagascariensis,AVES,0.873172098330244,2,65872.2429858842
pipe,9,9,42.294366853716,Atelornis crossleyi,Atelornis_crossleyi,AVES,0.999998642297684,6,11216.3544362255
pipe,9,9,42.294366853716,Atelornis pittoides,Atelornis_pittoides,AVES,0.999933816567906,4,39988.6326862967
pipe,9,9,42.294366853716,Athene superciliaris,Athene_superciliaris,AVES,0.999994345836866,3,55723.1692612313
pipe,9,9,42.294366853716,Avahi laniger,Avahi_laniger,MAMMALIA,1,122,32694.8428490292
pipe,9,9,42.294366853716,Avahi occidentalis,Avahi_occidentalis,MAMMALIA,0.996177513146535,3,617.947951280703
pipe,9,9,42.294366853716,Aviceda madagascariensis,Aviceda_madagascariensis,AVES,0.969298667030349,1,84123.6238265436
pipe,9,9,42.294366853716,Bernieria madagascariensis,Bernieria_madagascariensis,AVES,0.999999999999999,31,79024.5439983948
pipe,9,9,42.294366853716,Brachypteracias leptosomus,Brachypteracias_leptosomus,AVES,0.999750555894051,2,35416.5270011097
pipe,9,9,42.294366853716,Brachytarsomys albicauda,Brachytarsomys_albicauda,MAMMALIA,0.999999986113627,42,1689.51280853426
pipe,9,9,42.294366853716,Brachyuromys betsileoensis,Brachyuromys_betsileoensis,MAMMALIA,1,73,11592.0585501146
pipe,9,9,42.294366853716,Brachyuromys ramirohitra,Brachyuromys_ramirohitra,MAMMALIA,0.655414845690046,2,90.5857082152948
pipe,9,9,42.294366853716,Bradypterus brunneus,Bradypterus_brunneus,AVES,1,38,11575.0993380303
pipe,9,9,42.294366853716,Bradypterus seebohmi,Bradypterus_seebohmi,AVES,0.452718233996164,1,71.7493427546058
pipe,9,9,42.294366853716,Buteo brachypterus,Buteo_brachypterus,AVES,0.849085674091131,1,96687.9480458311
pipe,9,9,42.294366853716,Calicalicus madagascariensis,Calicalicus_madagascariensis,AVES,1,49,79520.5546748114
pipe,9,9,42.294366853716,Cheirogaleus crossleyi,Cheirogaleus_crossleyi,MAMMALIA,1,83,5214.55416421042
pipe,9,9,42.294366853716,Cheirogaleus major,Cheirogaleus_major,MAMMALIA,1,240,60637.0447225536
pipe,9,9,42.294366853716,Cheirogaleus medius,Cheirogaleus_medius,MAMMALIA,1,509,36597.9020023416
pipe,9,9,42.294366853716,Cinnyris notatus,Cinnyris_notatus,AVES,1,67,85431.2488591395
pipe,9,9,42.294366853716,Copsychus albospecularis,Copsychus_albospecularis,AVES,0.999985784808577,12,49729.7866224088
pipe,9,9,42.294366853716,Coracopsis nigra,Coracopsis_nigra,AVES,0.994860937179035,3,89602.4558108305
pipe,9,9,42.294366853716,Corythornis madagascariensis,Corythornis_madagascariensis,AVES,0.893844727419016,10,79206.2628162381
pipe,9,9,42.294366853716,Coua caerulea,Coua_caerulea,AVES,0.999914697331781,6,41042.0532449199
pipe,9,9,42.294366853716,Coua coquereli,Coua_coquereli,AVES,0.999973654823927,3,19903.7676589679
pipe,9,9,42.294366853716,Coua cristata,Coua_cristata,AVES,0.999997683923468,6,70534.7426852967
pipe,9,9,42.294366853716,Coua cursor,Coua_cursor,AVES,0.999218883572268,2,10943.3956678346
pipe,9,9,42.294366853716,Coua gigas,Coua_gigas,AVES,0.999729973824846,1,21820.3102545902
pipe,9,9,42.294366853716,Coua reynaudii,Coua_reynaudii,AVES,0.999827197104048,4,35134.4057812873
pipe,9,9,42.294366853716,Coua ruficeps,Coua_ruficeps,AVES,0.959346120072291,3,1327.28580644745
pipe,9,9,42.294366853716,Coua serriana,Coua_serriana,AVES,0.990767075127919,1,30290.5278829052
pipe,9,9,42.294366853716,Crossleyia xanthophrys,Crossleyia_xanthophrys,AVES,0.999999999999999,38,3790.569614513
pipe,9,9,42.294366853716,Cryptoprocta ferox,Cryptoprocta_ferox,MAMMALIA,0.0704722846506246,3,31358.4746893274
pipe,9,9,42.294366853716,Cryptosylvicola randrianasoloi,Cryptosylvicola_randrianasoloi,AVES,1,34,5594.83109163473
pipe,9,9,42.294366853716,Cyanolanius madagascarinus,Cyanolanius_madagascarinus,AVES,1,40,84901.2884118908
pipe,9,9,42.294366853716,Daubentonia madagascariensis,Daubentonia_madagascariensis,MAMMALIA,1,94,29421.282786363
pipe,9,9,42.294366853716,Echinops telfairi,Echinops_telfairi,MAMMALIA,1,305,36138.5515093862
pipe,9,9,42.294366853716,Eliurus antsingy,Eliurus_antsingy,MAMMALIA,0.0133737178280204,5,66.3291121204592
pipe,9,9,42.294366853716,Eliurus grandidieri,Eliurus_grandidieri,MAMMALIA,0.999640446063556,24,901.520020315635
pipe,9,9,42.294366853716,Eliurus majori,Eliurus_majori,MAMMALIA,1,160,39744.8912702228
pipe,9,9,42.294366853716,Eliurus minor,Eliurus_minor,MAMMALIA,1,566,66384.5715496989
pipe,9,9,42.294366853716,Eliurus myoxinus,Eliurus_myoxinus,MAMMALIA,1,536,65002.0703762171
pipe,9,9,42.294366853716,Eliurus tanala,Eliurus_tanala,MAMMALIA,1,234,41922.1152027382
pipe,9,9,42.294366853716,Eliurus webbi,Eliurus_webbi,MAMMALIA,1,267,55862.8421757595
pipe,9,9,42.294366853716,Eremopterix hova,Eremopterix_hova,AVES,0.999990056136463,22,2862.34610812848
pipe,9,9,42.294366853716,Eulemur albifrons,Eulemur_albifrons,MAMMALIA,1,67,17474.0480471045
pipe,9,9,42.294366853716,Eulemur cinereiceps,Eulemur_cinereiceps,MAMMALIA,1,246,79247.2392025323
pipe,9,9,42.294366853716,Eulemur collaris,Eulemur_collaris,MAMMALIA,1,209,78860.9316318483
pipe,9,9,42.294366853716,Eulemur coronatus,Eulemur_coronatus,MAMMALIA,1,236,22597.8354811703
pipe,9,9,42.294366853716,Eulemur flavifrons,Eulemur_flavifrons,MAMMALIA,0.000213248908682684,1,25.074716512655
pipe,9,9,42.294366853716,Eulemur fulvus,Eulemur_fulvus,MAMMALIA,1,223,79337.6904349246
pipe,9,9,42.294366853716,Eulemur macaco,Eulemur_macaco,MAMMALIA,1,82,32841.7988799166
pipe,9,9,42.294366853716,Eulemur mongoz,Eulemur_mongoz,MAMMALIA,0.99999939682773,22,1684.456905702
pipe,9,9,42.294366853716,Eulemur rubriventer,Eulemur_rubriventer,MAMMALIA,1,272,67515.2881309076
pipe,9,9,42.294366853716,Eulemur rufus,Eulemur_rufus,MAMMALIA,1,200,35053.461697408
pipe,9,9,42.294366853716,Eulemur sanfordi,Eulemur_sanfordi,MAMMALIA,1,268,79450.159203172
pipe,9,9,42.294366853716,Euryceros prevostii,Euryceros_prevostii,AVES,0.998901601819684,3,2809.20744913971
pipe,9,9,42.294366853716,Falco zoniventris,Falco_zoniventris,AVES,0.91748641985525,1,59645.6329746951
pipe,9,9,42.294366853716,Falculea palliata,Falculea_palliata,AVES,0.999999999990309,13,18986.5341463704
pipe,9,9,42.294366853716,Fossa fossana,Fossa_fossana,MAMMALIA,0.97847274160129,2,48594.0546410592
pipe,9,9,42.294366853716,Foudia madagascariensis,Foudia_madagascariensis,AVES,0.999999996656414,62,101038.924087292
pipe,9,9,42.294366853716,Foudia omissa,Foudia_omissa,AVES,0.999999999949562,21,45547.5315112669
pipe,9,9,42.294366853716,Gactornis enarratus,Gactornis_enarratus,AVES,0.999998894999952,5,45662.699019248
pipe,9,9,42.294366853716,Galidia elegans,Galidia_elegans,MAMMALIA,0.968235456479531,6,49140.519982556
pipe,9,9,42.294366853716,Galidictis fasciata,Galidictis_fasciata,MAMMALIA,0,3,4247.07070700451
pipe,9,9,42.294366853716,Geobiastes squamiger,Geobiastes_squamiger,AVES,0.999280935846857,5,10466.5279615429
pipe,9,9,42.294366853716,Geogale aurita,Geogale_aurita,MAMMALIA,1,374,24093.8834003688
pipe,9,9,42.294366853716,Gymnuromys roberti,Gymnuromys_roberti,MAMMALIA,1,92,24570.5915627795
pipe,9,9,42.294366853716,Haliaeetus vociferoides,Haliaeetus_vociferoides,AVES,0.0115773783592114,1,5133.49426771156
pipe,9,9,42.294366853716,Hapalemur alaotrensis,Hapalemur_alaotrensis,MAMMALIA,1,51,3444.32737158856
pipe,9,9,42.294366853716,Hapalemur aureus,Hapalemur_aureus,MAMMALIA,0.99999995193295,17,1521.9519091168
pipe,9,9,42.294366853716,Hapalemur griseus,Hapalemur_griseus,MAMMALIA,1,256,77106.5184398165
pipe,9,9,42.294366853716,Hapalemur occidentalis,Hapalemur_occidentalis,MAMMALIA,0.999910050333037,21,810.529821966088
pipe,9,9,42.294366853716,Hartertula flavoviridis,Hartertula_flavoviridis,AVES,1,40,7560.76616764183
pipe,9,9,42.294366853716,Hartlaubius auratus,Hartlaubius_auratus,AVES,0.999999999189275,23,79982.7370906888
pipe,9,9,42.294366853716,Hemicentetes nigriceps,Hemicentetes_nigriceps,MAMMALIA,0.999769445240685,24,1642.85015264118
pipe,9,9,42.294366853716,Hemicentetes semispinosus,Hemicentetes_semispinosus,MAMMALIA,1,163,62362.4334184959
pipe,9,9,42.294366853716,Hypogeomys antimena,Hypogeomys_antimena,MAMMALIA,0.133821965614829,4,93.1612903583482
pipe,9,9,42.294366853716,Hypositta corallirostris,Hypositta_corallirostris,AVES,0.999994037467751,17,54513.4309237686
pipe,9,9,42.294366853716,Indri indri,Indri_indri,MAMMALIA,0.999999999997706,21,57164.2639798844
pipe,9,9,42.294366853716,Lemur catta,Lemur_catta,MAMMALIA,1,147,14992.7124335347
pipe,9,9,42.294366853716,Lepidopygia nana,Lepidopygia_nana,AVES,0.999950176807465,111,101252.349278589
pipe,9,9,42.294366853716,Lepilemur ankaranensis,Lepilemur_ankaranensis,MAMMALIA,0.942459903341432,9,316.5934792843
pipe,9,9,42.294366853716,Lepilemur edwardsi,Lepilemur_edwardsi,MAMMALIA,1,60,6776.01514245364
pipe,9,9,42.294366853716,Lepilemur leucopus,Lepilemur_leucopus,MAMMALIA,1,64,10116.735200808
pipe,9,9,42.294366853716,Lepilemur microdon,Lepilemur_microdon,MAMMALIA,0.999999999428523,32,3638.25888685361
pipe,9,9,42.294366853716,Lepilemur mustelinus,Lepilemur_mustelinus,MAMMALIA,1,253,69017.7359837875
pipe,9,9,42.294366853716,Lepilemur ruficaudatus,Lepilemur_ruficaudatus,MAMMALIA,1,130,9634.81002948261
pipe,9,9,42.294366853716,Leptopterus chabert,Leptopterus_chabert,AVES,0.999999999999996,41,96743.9369941444
pipe,9,9,42.294366853716,Lophotibis cristata,Lophotibis_cristata,AVES,0.999824283487382,2,78578.9469415237
pipe,9,9,42.294366853716,Macrotarsomys bastardi,Macrotarsomys_bastardi,MAMMALIA,1,118,5559.14660004589
pipe,9,9,42.294366853716,Margaroperdix madagarensis,Margaroperdix_madagarensis,AVES,0.999999663425209,5,76664.8536140247
pipe,9,9,42.294366853716,Mentocrex kioloides,Mentocrex_kioloides,AVES,0.99748531911548,1,31265.9674495878
pipe,9,9,42.294366853716,Mesitornis unicolor,Mesitornis_unicolor,AVES,0,1,89.8278131379881
pipe,9,9,42.294366853716,Mesitornis variegatus,Mesitornis_variegatus,AVES,0.998685311697165,4,2766.94465933717
pipe,9,9,42.294366853716,Microcebus berthae,Microcebus_berthae,MAMMALIA,1.52725564417366e-08,2,16.7952443947329
pipe,9,9,42.294366853716,Microcebus griseorufus,Microcebus_griseorufus,MAMMALIA,0.995766326563,11,460.42228269476
pipe,9,9,42.294366853716,Microcebus murinus,Microcebus_murinus,MAMMALIA,1,729,64505.3663853682
pipe,9,9,42.294366853716,Microcebus myoxinus,Microcebus_myoxinus,MAMMALIA,0.999999960375941,56,874.132518560734
pipe,9,9,42.294366853716,Microcebus ravelobensis,Microcebus_ravelobensis,MAMMALIA,0.778620368188717,11,230.272453169512
pipe,9,9,42.294366853716,Microcebus rufus,Microcebus_rufus,MAMMALIA,1,421,61749.7895264408
pipe,9,9,42.294366853716,Microcebus tavaratra,Microcebus_tavaratra,MAMMALIA,0.993485781713749,28,640.719328531557
pipe,9,9,42.294366853716,Microgale brevicaudata,Microgale_brevicaudata,MAMMALIA,1,427,25606.3013698291
pipe,9,9,42.294366853716,Microgale cowani,Microgale_cowani,MAMMALIA,1,286,51534.6683264292
pipe,9,9,42.294366853716,Microgale drouhardi,Microgale_drouhardi,MAMMALIA,1,194,24767.4487594085
pipe,9,9,42.294366853716,Microgale dryas,Microgale_dryas,MAMMALIA,0.897201397748361,46,1300.82646102762
pipe,9,9,42.294366853716,Microgale fotsifotsy,Microgale_fotsifotsy,MAMMALIA,1,207,28500.5450536892
pipe,9,9,42.294366853716,Microgale gracilis,Microgale_gracilis,MAMMALIA,0.999999999967813,102,8411.43289548122
pipe,9,9,42.294366853716,Microgale gymnorhyncha,Microgale_gymnorhyncha,MAMMALIA,1,79,17376.0501593547
pipe,9,9,42.294366853716,Microgale longicaudata,Microgale_longicaudata,MAMMALIA,1,450,56906.1578698231
pipe,9,9,42.294366853716,Microgale mergulus,Microgale_mergulus,MAMMALIA,0.999999999896349,70,4471.73125751592
pipe,9,9,42.294366853716,Microgale parvula,Microgale_parvula,MAMMALIA,1,474,57312.4590226369
pipe,9,9,42.294366853716,Microgale principula,Microgale_principula,MAMMALIA,1,315,47138.7031717481
pipe,9,9,42.294366853716,Microgale pusilla,Microgale_pusilla,MAMMALIA,0.999999998670322,215,16159.4295706989
pipe,9,9,42.294366853716,Microgale soricoides,Microgale_soricoides,MAMMALIA,1,80,25035.7311956996
pipe,9,9,42.294366853716,Microgale taiva,Microgale_taiva,MAMMALIA,1,173,38427.8122826076
pipe,9,9,42.294366853716,Microgale thomasi,Microgale_thomasi,MAMMALIA,1,84,23199.7549573282
pipe,9,9,42.294366853716,Mirza coquereli,Mirza_coquereli,MAMMALIA,0.999943367888378,32,1847.8436064341
pipe,9,9,42.294366853716,Monias benschi,Monias_benschi,AVES,0,1,78.2215661596996
pipe,9,9,42.294366853716,Monticola erythronotus,Monticola_erythronotus,AVES,0.505764981643122,1,97.497303661992
pipe,9,9,42.294366853716,Monticola sharpei,Monticola_sharpei,AVES,1,42,73353.6038012472
pipe,9,9,42.294366853716,Monticolomys koopmani,Monticolomys_koopmani,MAMMALIA,0.132627247638879,5,98.0466375863042
pipe,9,9,42.294366853716,Motacilla flaviventris,Motacilla_flaviventris,AVES,1,35,6439.4161820412
pipe,9,9,42.294366853716,Mystacornis crossleyi,Mystacornis_crossleyi,AVES,0.999999999999971,13,42827.4966455088
pipe,9,9,42.294366853716,Neodrepanis coruscans,Neodrepanis_coruscans,AVES,0.999998300091513,14,27719.1174529324
pipe,9,9,42.294366853716,Neodrepanis hypoxantha,Neodrepanis_hypoxantha,AVES,0.0211788109146442,3,88.4296056242715
pipe,9,9,42.294366853716,Neomixis striatigula,Neomixis_striatigula,AVES,0.999999999999973,43,50673.6972045596
pipe,9,9,42.294366853716,Neomixis tenella,Neomixis_tenella,AVES,1,113,73728.424307863
pipe,9,9,42.294366853716,Neomixis viridis,Neomixis_viridis,AVES,1,36,47478.5066318563
pipe,9,9,42.294366853716,Nesillas lantzii,Nesillas_lantzii,AVES,0.99989960794537,4,2135.9323881063
pipe,9,9,42.294366853716,Nesogale dobsoni,Nesogale_dobsoni,MAMMALIA,1,235,59441.0785853618
pipe,9,9,42.294366853716,Nesogale talazaci,Nesogale_talazaci,MAMMALIA,1,220,57003.8165938378
pipe,9,9,42.294366853716,Nesomys audeberti,Nesomys_audeberti,MAMMALIA,1,92,3691.23238238634
pipe,9,9,42.294366853716,Nesomys lambertoni,Nesomys_lambertoni,MAMMALIA,0.99989321444276,22,823.022525657211
pipe,9,9,42.294366853716,Nesomys rufus,Nesomys_rufus,MAMMALIA,1,187,41688.8920600297
pipe,9,9,42.294366853716,Newtonia amphichroa,Newtonia_amphichroa,AVES,1,19,39095.7083052905
pipe,9,9,42.294366853716,Newtonia archboldi,Newtonia_archboldi,AVES,0.999975058341065,8,1576.37108393793
pipe,9,9,42.294366853716,Newtonia brunneicauda,Newtonia_brunneicauda,AVES,1,81,94132.5199021096
pipe,9,9,42.294366853716,Newtonia fanovanae,Newtonia_fanovanae,AVES,0.353055283448799,2,98.220702482002
pipe,9,9,42.294366853716,Oriolia bernieri,Oriolia_bernieri,AVES,0.999999949637164,14,12396.1951413586
pipe,9,9,42.294366853716,Oryzorictes hova,Oryzorictes_hova,MAMMALIA,1,230,55563.3721384358
pipe,9,9,42.294366853716,Oryzorictes tetradactylus,Oryzorictes_tetradactylus,MAMMALIA,0.99999999996508,99,7026.09410645473
pipe,9,9,42.294366853716,Otus rutilus,Otus_rutilus,AVES,0.999999654883798,5,90148.8116087215
pipe,9,9,42.294366853716,Oxylabes madagascariensis,Oxylabes_madagascariensis,AVES,1,21,47463.988160401
pipe,9,9,42.294366853716,Phaner electromontis,Phaner_electromontis,MAMMALIA,6.41384153565738e-08,1,17.2483306993491
pipe,9,9,42.294366853716,Phaner furcifer,Phaner_furcifer,MAMMALIA,0.887904764954684,32,658.685212673607
pipe,9,9,42.294366853716,Phaner pallescens,Phaner_pallescens,MAMMALIA,0.999999999519788,37,2556.91616310043
pipe,9,9,42.294366853716,Phaner parienti,Phaner_parienti,MAMMALIA,0.00280017666108179,1,24.4501852478606
pipe,9,9,42.294366853716,Philepitta castanea,Philepitta_castanea,AVES,0.990738789405001,7,35584.9624772338
pipe,9,9,42.294366853716,Philepitta schlegeli,Philepitta_schlegeli,AVES,0.996746322282331,15,3760.15899396833
pipe,9,9,42.294366853716,Ploceus nelicourvi,Ploceus_nelicourvi,AVES,0.999999999848557,14,54425.6583116728
pipe,9,9,42.294366853716,Ploceus sakalava,Ploceus_sakalava,AVES,0.999999999614687,53,23854.8162204271
pipe,9,9,42.294366853716,Polyboroides radiatus,Polyboroides_radiatus,AVES,0.997793449738603,1,84765.517198638
pipe,9,9,42.294366853716,Pseudobias wardi,Pseudobias_wardi,AVES,1,22,38146.3166068183
pipe,9,9,42.294366853716,Pterocles personatus,Pterocles_personatus,AVES,0.940118142771648,4,6876.15796477548
pipe,9,9,42.294366853716,Rallus madagascariensis,Rallus_madagascariensis,AVES,0.999998543972119,5,13545.7083987838
pipe,9,9,42.294366853716,Randia pseudozosterops,Randia_pseudozosterops,AVES,0.999999989746102,21,40209.2549680509
pipe,9,9,42.294366853716,Sarothrura insularis,Sarothrura_insularis,AVES,0.999986895984625,10,63212.8681478798
pipe,9,9,42.294366853716,Schetba rufa,Schetba_rufa,AVES,1,27,24381.8471919905
pipe,9,9,42.294366853716,Setifer setosus,Setifer_setosus,MAMMALIA,1,268,92121.7437565271
pipe,9,9,42.294366853716,Tenrec ecaudatus,Tenrec_ecaudatus,MAMMALIA,1,169,92377.2542023814
pipe,9,9,42.294366853716,Thamnornis chloropetoides,Thamnornis_chloropetoides,AVES,0.999997788583013,6,2690.72960365258
pipe,9,9,42.294366853716,Treron australis,Treron_australis,AVES,0.995469977649656,2,84204.6830230268
pipe,9,9,42.294366853716,Turnix nigricollis,Turnix_nigricollis,AVES,0.999982675494018,8,90454.8205641298
pipe,9,9,42.294366853716,Tylas eduardi,Tylas_eduardi,AVES,0.99999999982272,9,53037.3023875284
pipe,9,9,42.294366853716,Vanga curvirostris,Vanga_curvirostris,AVES,0.999996727292328,9,95742.5847329868
pipe,9,9,42.294366853716,Varecia rubra,Varecia_rubra,MAMMALIA,1,93,61620.9355913484
pipe,9,9,42.294366853716,Varecia variegata,Varecia_variegata,MAMMALIA,1,71,61268.7873040522
pipe,9,9,42.294366853716,Xanthomixis apperti,Xanthomixis_apperti,AVES,0.441311211243701,1,68.4073900828693
pipe,9,9,42.294366853716,Xanthomixis cinereiceps,Xanthomixis_cinereiceps,AVES,1,22,15847.2883727788
pipe,9,9,42.294366853716,Xanthomixis zosterops,Xanthomixis_zosterops,AVES,0.999999999999127,30,54636.1445582948
pipe,9,9,42.294366853716,Xenopirostris damii,Xenopirostris_damii,AVES,0.00179910755944268,1,93.5023436630614
pipe,9,9,42.294366853716,Xenopirostris polleni,Xenopirostris_polleni,AVES,0.999999950320795,8,15686.1743078407
pipe,9,9,42.294366853716,Xenopirostris xenopirostris,Xenopirostris_xenopirostris,AVES,0.965058075374104,1,1102.55740261015
pipe,10,10,46.984731857885,Accipiter henstii,Accipiter_henstii,AVES,0.75555545418093,1,77096.8418844097
pipe,10,10,46.984731857885,Accipiter madagascariensis,Accipiter_madagascariensis,AVES,0.910241190613854,1,80791.8514091174
pipe,10,10,46.984731857885,Acrocephalus newtoni,Acrocephalus_newtoni,AVES,1,58,82636.5711278914
pipe,10,10,46.984731857885,Alectroenas madagascariensis,Alectroenas_madagascariensis,AVES,0.99818733613993,5,58150.1192903639
pipe,10,10,46.984731857885,Allocebus trichotis,Allocebus_trichotis,MAMMALIA,0.0078347349602923,3,72.1001097191941
pipe,10,10,46.984731857885,Anas bernieri,Anas_bernieri,AVES,0,0,0
pipe,10,10,46.984731857885,Apus balstoni,Apus_balstoni,AVES,0.999999999999961,13,77490.2407200673
pipe,10,10,46.984731857885,Artamella viridis,Artamella_viridis,AVES,1,19,82014.4511248442
pipe,10,10,46.984731857885,Asio madagascariensis,Asio_madagascariensis,AVES,0.869925592018562,3,64456.5811600342
pipe,10,10,46.984731857885,Atelornis crossleyi,Atelornis_crossleyi,AVES,0.999998331516533,6,11143.5433392492
pipe,10,10,46.984731857885,Atelornis pittoides,Atelornis_pittoides,AVES,0.999923231153688,4,39640.3351641522
pipe,10,10,46.984731857885,Athene superciliaris,Athene_superciliaris,AVES,0.999992873653327,3,50491.4806858267
pipe,10,10,46.984731857885,Avahi laniger,Avahi_laniger,MAMMALIA,1,122,32057.6290963071
pipe,10,10,46.984731857885,Avahi occidentalis,Avahi_occidentalis,MAMMALIA,0.996177513146535,3,617.947951280703
pipe,10,10,46.984731857885,Aviceda madagascariensis,Aviceda_madagascariensis,AVES,0.96600540359962,1,77605.5979250458
pipe,10,10,46.984731857885,Bernieria madagascariensis,Bernieria_madagascariensis,AVES,1,37,76066.6882289266
pipe,10,10,46.984731857885,Brachypteracias leptosomus,Brachypteracias_leptosomus,AVES,0.999745520679553,2,35021.7826498007
pipe,10,10,46.984731857885,Brachytarsomys albicauda,Brachytarsomys_albicauda,MAMMALIA,0.999999986113626,39,1656.93034673279
pipe,10,10,46.984731857885,Brachyuromys betsileoensis,Brachyuromys_betsileoensis,MAMMALIA,1,63,11372.3942622707
pipe,10,10,46.984731857885,Brachyuromys ramirohitra,Brachyuromys_ramirohitra,MAMMALIA,0.655414845690046,2,90.5857082152948
pipe,10,10,46.984731857885,Bradypterus brunneus,Bradypterus_brunneus,AVES,1,39,11524.3102751288
pipe,10,10,46.984731857885,Bradypterus seebohmi,Bradypterus_seebohmi,AVES,0.452718233996164,1,71.7493427546058
pipe,10,10,46.984731857885,Buteo brachypterus,Buteo_brachypterus,AVES,0.838214073208498,1,89276.2616951087
pipe,10,10,46.984731857885,Calicalicus madagascariensis,Calicalicus_madagascariensis,AVES,1,63,76449.7057459852
pipe,10,10,46.984731857885,Cheirogaleus crossleyi,Cheirogaleus_crossleyi,MAMMALIA,1,79,5175.89487869282
pipe,10,10,46.984731857885,Cheirogaleus major,Cheirogaleus_major,MAMMALIA,1,194,59029.5550897379
pipe,10,10,46.984731857885,Cheirogaleus medius,Cheirogaleus_medius,MAMMALIA,1,486,32048.889988499
pipe,10,10,46.984731857885,Cinnyris notatus,Cinnyris_notatus,AVES,1,68,80519.7868444505
pipe,10,10,46.984731857885,Copsychus albospecularis,Copsychus_albospecularis,AVES,0.999978005779983,13,48677.3782165134
pipe,10,10,46.984731857885,Coracopsis nigra,Coracopsis_nigra,AVES,0.994535813934248,3,85020.7464490281
pipe,10,10,46.984731857885,Corythornis madagascariensis,Corythornis_madagascariensis,AVES,0.890981904291628,10,76271.3591897
pipe,10,10,46.984731857885,Coua caerulea,Coua_caerulea,AVES,0.999907450913316,5,40119.8182977228
pipe,10,10,46.984731857885,Coua coquereli,Coua_coquereli,AVES,0.99991045501523,4,17380.8515058859
pipe,10,10,46.984731857885,Coua cristata,Coua_cristata,AVES,0.999997484832797,6,67565.048598193
pipe,10,10,46.984731857885,Coua cursor,Coua_cursor,AVES,0.998948515998149,1,9416.80243886539
pipe,10,10,46.984731857885,Coua gigas,Coua_gigas,AVES,0.999662581177789,1,19631.1904263249
pipe,10,10,46.984731857885,Coua reynaudii,Coua_reynaudii,AVES,0.999823323856152,4,34738.7884278989
pipe,10,10,46.984731857885,Coua ruficeps,Coua_ruficeps,AVES,0.959346120072291,3,1326.55515300157
pipe,10,10,46.984731857885,Coua serriana,Coua_serriana,AVES,0.99056920831336,1,29784.5071972575
pipe,10,10,46.984731857885,Crossleyia xanthophrys,Crossleyia_xanthophrys,AVES,0.999999999999999,38,3788.5613596012
pipe,10,10,46.984731857885,Cryptoprocta ferox,Cryptoprocta_ferox,MAMMALIA,0.0704722846506246,2,26796.670758898
pipe,10,10,46.984731857885,Cryptosylvicola randrianasoloi,Cryptosylvicola_randrianasoloi,AVES,1,32,5486.86963308236
pipe,10,10,46.984731857885,Cyanolanius madagascarinus,Cyanolanius_madagascarinus,AVES,1,43,80195.0797773148
pipe,10,10,46.984731857885,Daubentonia madagascariensis,Daubentonia_madagascariensis,MAMMALIA,1,92,28140.3402076762
pipe,10,10,46.984731857885,Echinops telfairi,Echinops_telfairi,MAMMALIA,1,288,31106.914300689
pipe,10,10,46.984731857885,Eliurus antsingy,Eliurus_antsingy,MAMMALIA,0.0133737178280204,5,66.3291121204592
pipe,10,10,46.984731857885,Eliurus grandidieri,Eliurus_grandidieri,MAMMALIA,0.999640446063556,24,901.520020315635
pipe,10,10,46.984731857885,Eliurus majori,Eliurus_majori,MAMMALIA,1,130,38905.4554913517
pipe,10,10,46.984731857885,Eliurus minor,Eliurus_minor,MAMMALIA,1,459,64427.2084960296
pipe,10,10,46.984731857885,Eliurus myoxinus,Eliurus_myoxinus,MAMMALIA,1,476,59354.1950926369
pipe,10,10,46.984731857885,Eliurus tanala,Eliurus_tanala,MAMMALIA,1,194,41190.9936394894
pipe,10,10,46.984731857885,Eliurus webbi,Eliurus_webbi,MAMMALIA,1,209,54692.2623469904
pipe,10,10,46.984731857885,Eremopterix hova,Eremopterix_hova,AVES,0.999989299243866,21,2808.20558862881
pipe,10,10,46.984731857885,Eulemur albifrons,Eulemur_albifrons,MAMMALIA,1,64,17053.4724625455
pipe,10,10,46.984731857885,Eulemur cinereiceps,Eulemur_cinereiceps,MAMMALIA,1,238,75362.0088184025
pipe,10,10,46.984731857885,Eulemur collaris,Eulemur_collaris,MAMMALIA,1,207,75038.3178282629
pipe,10,10,46.984731857885,Eulemur coronatus,Eulemur_coronatus,MAMMALIA,1,217,21604.411172947
pipe,10,10,46.984731857885,Eulemur flavifrons,Eulemur_flavifrons,MAMMALIA,0.000213248908682684,1,25.074716512655
pipe,10,10,46.984731857885,Eulemur fulvus,Eulemur_fulvus,MAMMALIA,1,213,75442.3338010039
pipe,10,10,46.984731857885,Eulemur macaco,Eulemur_macaco,MAMMALIA,1,78,32273.8664026449
pipe,10,10,46.984731857885,Eulemur mongoz,Eulemur_mongoz,MAMMALIA,0.999999351381777,18,1598.77993451487
pipe,10,10,46.984731857885,Eulemur rubriventer,Eulemur_rubriventer,MAMMALIA,1,240,65602.2742249585
pipe,10,10,46.984731857885,Eulemur rufus,Eulemur_rufus,MAMMALIA,1,205,32468.2873076566
pipe,10,10,46.984731857885,Eulemur sanfordi,Eulemur_sanfordi,MAMMALIA,1,251,75478.5460461347
pipe,10,10,46.984731857885,Euryceros prevostii,Euryceros_prevostii,AVES,0.998879094619477,3,2803.36538461873
pipe,10,10,46.984731857885,Falco zoniventris,Falco_zoniventris,AVES,0.910124756671185,1,54724.4028351274
pipe,10,10,46.984731857885,Falculea palliata,Falculea_palliata,AVES,0.999999999863354,16,16001.5556748232
pipe,10,10,46.984731857885,Fossa fossana,Fossa_fossana,MAMMALIA,0.97847274160129,2,48594.0546410592
pipe,10,10,46.984731857885,Foudia madagascariensis,Foudia_madagascariensis,AVES,0.999999999999993,66,92734.453697607
pipe,10,10,46.984731857885,Foudia omissa,Foudia_omissa,AVES,0.999999999966831,24,45042.8568272175
pipe,10,10,46.984731857885,Gactornis enarratus,Gactornis_enarratus,AVES,0.999998856849539,5,45081.8766377672
pipe,10,10,46.984731857885,Galidia elegans,Galidia_elegans,MAMMALIA,0.968211935532166,5,46860.1385456136
pipe,10,10,46.984731857885,Galidictis fasciata,Galidictis_fasciata,MAMMALIA,0,3,4247.07070700451
pipe,10,10,46.984731857885,Geobiastes squamiger,Geobiastes_squamiger,AVES,0.999252179781419,5,10333.9322147616
pipe,10,10,46.984731857885,Geogale aurita,Geogale_aurita,MAMMALIA,1,337,21282.6805947909
pipe,10,10,46.984731857885,Gymnuromys roberti,Gymnuromys_roberti,MAMMALIA,1,82,24407.904748723
pipe,10,10,46.984731857885,Haliaeetus vociferoides,Haliaeetus_vociferoides,AVES,0.0115773783592114,1,5133.49426771156
pipe,10,10,46.984731857885,Hapalemur alaotrensis,Hapalemur_alaotrensis,MAMMALIA,1,50,3426.76809497623
pipe,10,10,46.984731857885,Hapalemur aureus,Hapalemur_aureus,MAMMALIA,0.99999995193295,17,1521.9519091168
pipe,10,10,46.984731857885,Hapalemur griseus,Hapalemur_griseus,MAMMALIA,1,238,74599.2751800023
pipe,10,10,46.984731857885,Hapalemur occidentalis,Hapalemur_occidentalis,MAMMALIA,0.999864166360028,18,748.219802883358
pipe,10,10,46.984731857885,Hartertula flavoviridis,Hartertula_flavoviridis,AVES,1,40,7528.45579873792
pipe,10,10,46.984731857885,Hartlaubius auratus,Hartlaubius_auratus,AVES,0.999999999983739,25,76928.5816096037
pipe,10,10,46.984731857885,Hemicentetes nigriceps,Hemicentetes_nigriceps,MAMMALIA,0.999717192656545,25,1624.54813984489
pipe,10,10,46.984731857885,Hemicentetes semispinosus,Hemicentetes_semispinosus,MAMMALIA,1,146,61209.0886544059
pipe,10,10,46.984731857885,Hypogeomys antimena,Hypogeomys_antimena,MAMMALIA,0.133821965614829,4,93.1612903583482
pipe,10,10,46.984731857885,Hypositta corallirostris,Hypositta_corallirostris,AVES,0.999999967388389,17,53636.6396168206
pipe,10,10,46.984731857885,Indri indri,Indri_indri,MAMMALIA,0.999999999995485,21,55890.3528301449
pipe,10,10,46.984731857885,Lemur catta,Lemur_catta,MAMMALIA,1,139,13125.6683362982
pipe,10,10,46.984731857885,Lepidopygia nana,Lepidopygia_nana,AVES,0.999998767076827,112,94418.3124549734
pipe,10,10,46.984731857885,Lepilemur ankaranensis,Lepilemur_ankaranensis,MAMMALIA,0.942459903341432,9,316.5934792843
pipe,10,10,46.984731857885,Lepilemur edwardsi,Lepilemur_edwardsi,MAMMALIA,1,58,6008.16467943274
pipe,10,10,46.984731857885,Lepilemur leucopus,Lepilemur_leucopus,MAMMALIA,1,53,8107.08062527814
pipe,10,10,46.984731857885,Lepilemur microdon,Lepilemur_microdon,MAMMALIA,0.999999999238857,31,3577.28437955098
pipe,10,10,46.984731857885,Lepilemur mustelinus,Lepilemur_mustelinus,MAMMALIA,1,239,65040.9815476791
pipe,10,10,46.984731857885,Lepilemur ruficaudatus,Lepilemur_ruficaudatus,MAMMALIA,1,120,8452.25884902567
pipe,10,10,46.984731857885,Leptopterus chabert,Leptopterus_chabert,AVES,1,46,89695.934520306
pipe,10,10,46.984731857885,Lophotibis cristata,Lophotibis_cristata,AVES,0.999809811740625,2,75396.3529380482
pipe,10,10,46.984731857885,Macrotarsomys bastardi,Macrotarsomys_bastardi,MAMMALIA,0.999999999999999,95,4308.24016341517
pipe,10,10,46.984731857885,Margaroperdix madagarensis,Margaroperdix_madagarensis,AVES,0.999998764520475,5,70980.8862865109
pipe,10,10,46.984731857885,Mentocrex kioloides,Mentocrex_kioloides,AVES,0.99744704888953,2,31044.6286944342
pipe,10,10,46.984731857885,Mesitornis unicolor,Mesitornis_unicolor,AVES,0,1,89.8278131379881
pipe,10,10,46.984731857885,Mesitornis variegatus,Mesitornis_variegatus,AVES,0.998683212820021,5,2740.72888936833
pipe,10,10,46.984731857885,Microcebus berthae,Microcebus_berthae,MAMMALIA,1.52725564417366e-08,2,16.7952443947329
pipe,10,10,46.984731857885,Microcebus griseorufus,Microcebus_griseorufus,MAMMALIA,0.995766326563,11,460.42228269476
pipe,10,10,46.984731857885,Microcebus murinus,Microcebus_murinus,MAMMALIA,1,652,58540.5713528292
pipe,10,10,46.984731857885,Microcebus myoxinus,Microcebus_myoxinus,MAMMALIA,0.999999911124906,51,812.726627956026
pipe,10,10,46.984731857885,Microcebus ravelobensis,Microcebus_ravelobensis,MAMMALIA,0.778620368188717,11,230.272453169512
pipe,10,10,46.984731857885,Microcebus rufus,Microcebus_rufus,MAMMALIA,1,320,60140.6728784856
pipe,10,10,46.984731857885,Microcebus tavaratra,Microcebus_tavaratra,MAMMALIA,0.993485781713749,27,635.834888984556
pipe,10,10,46.984731857885,Microgale brevicaudata,Microgale_brevicaudata,MAMMALIA,1,378,23414.2544410157
pipe,10,10,46.984731857885,Microgale cowani,Microgale_cowani,MAMMALIA,1,221,49997.7074864785
pipe,10,10,46.984731857885,Microgale drouhardi,Microgale_drouhardi,MAMMALIA,1,165,24436.9387741864
pipe,10,10,46.984731857885,Microgale dryas,Microgale_dryas,MAMMALIA,0.897201397748361,45,1293.30665845933
pipe,10,10,46.984731857885,Microgale fotsifotsy,Microgale_fotsifotsy,MAMMALIA,1,176,27799.9644363424
pipe,10,10,46.984731857885,Microgale gracilis,Microgale_gracilis,MAMMALIA,0.999999999967306,94,8320.27275846883
pipe,10,10,46.984731857885,Microgale gymnorhyncha,Microgale_gymnorhyncha,MAMMALIA,1,70,17178.4703060859
pipe,10,10,46.984731857885,Microgale longicaudata,Microgale_longicaudata,MAMMALIA,1,362,55233.3480389225
pipe,10,10,46.984731857885,Microgale mergulus,Microgale_mergulus,MAMMALIA,0.999999999892703,64,4378.01809998814
pipe,10,10,46.984731857885,Microgale parvula,Microgale_parvula,MAMMALIA,1,380,56221.1975027013
pipe,10,10,46.984731857885,Microgale principula,Microgale_principula,MAMMALIA,1,246,46418.9419717086
pipe,10,10,46.984731857885,Microgale pusilla,Microgale_pusilla,MAMMALIA,0.999999998544366,177,15703.2266934652
pipe,10,10,46.984731857885,Microgale soricoides,Microgale_soricoides,MAMMALIA,1,71,24714.6599325972
pipe,10,10,46.984731857885,Microgale taiva,Microgale_taiva,MAMMALIA,1,146,38112.8357179474
pipe,10,10,46.984731857885,Microgale thomasi,Microgale_thomasi,MAMMALIA,1,78,22887.3090644965
pipe,10,10,46.984731857885,Mirza coquereli,Mirza_coquereli,MAMMALIA,0.999914222329768,29,1749.26070810568
pipe,10,10,46.984731857885,Monias benschi,Monias_benschi,AVES,0,1,78.2215661596996
pipe,10,10,46.984731857885,Monticola erythronotus,Monticola_erythronotus,AVES,0.505764981643122,1,97.497303661992
pipe,10,10,46.984731857885,Monticola sharpei,Monticola_sharpei,AVES,1,41,69391.2408396952
pipe,10,10,46.984731857885,Monticolomys koopmani,Monticolomys_koopmani,MAMMALIA,0.132627247638879,5,98.0466375863042
pipe,10,10,46.984731857885,Motacilla flaviventris,Motacilla_flaviventris,AVES,0.999999999999997,36,5236.0774564404
pipe,10,10,46.984731857885,Mystacornis crossleyi,Mystacornis_crossleyi,AVES,0.999999999999958,13,42388.6588953679
pipe,10,10,46.984731857885,Neodrepanis coruscans,Neodrepanis_coruscans,AVES,0.999998274679553,14,27576.3123618572
pipe,10,10,46.984731857885,Neodrepanis hypoxantha,Neodrepanis_hypoxantha,AVES,0.0211788109146442,3,88.4296056242715
pipe,10,10,46.984731857885,Neomixis striatigula,Neomixis_striatigula,AVES,1,40,49823.7735106202
pipe,10,10,46.984731857885,Neomixis tenella,Neomixis_tenella,AVES,1,114,68689.7646286308
pipe,10,10,46.984731857885,Neomixis viridis,Neomixis_viridis,AVES,1,30,46996.897369489
pipe,10,10,46.984731857885,Nesillas lantzii,Nesillas_lantzii,AVES,0.999855103324751,4,2095.42718025718
pipe,10,10,46.984731857885,Nesogale dobsoni,Nesogale_dobsoni,MAMMALIA,1,184,57516.6031416097
pipe,10,10,46.984731857885,Nesogale talazaci,Nesogale_talazaci,MAMMALIA,1,175,55892.6524364897
pipe,10,10,46.984731857885,Nesomys audeberti,Nesomys_audeberti,MAMMALIA,1,79,3593.47082806715
pipe,10,10,46.984731857885,Nesomys lambertoni,Nesomys_lambertoni,MAMMALIA,0.999880769916927,20,793.361805072253
pipe,10,10,46.984731857885,Nesomys rufus,Nesomys_rufus,MAMMALIA,1,147,40927.4874247477
pipe,10,10,46.984731857885,Newtonia amphichroa,Newtonia_amphichroa,AVES,1,17,38702.4644417816
pipe,10,10,46.984731857885,Newtonia archboldi,Newtonia_archboldi,AVES,0.99995906367303,8,1519.9804831068
pipe,10,10,46.984731857885,Newtonia brunneicauda,Newtonia_brunneicauda,AVES,1,83,87740.8295943676
pipe,10,10,46.984731857885,Newtonia fanovanae,Newtonia_fanovanae,AVES,0.353055283448799,2,98.220702482002
pipe,10,10,46.984731857885,Oriolia bernieri,Oriolia_bernieri,AVES,0.999999927186664,14,12036.1359083995
pipe,10,10,46.984731857885,Oryzorictes hova,Oryzorictes_hova,MAMMALIA,1,181,54387.1960111962
pipe,10,10,46.984731857885,Oryzorictes tetradactylus,Oryzorictes_tetradactylus,MAMMALIA,0.999999999945797,89,6758.11419627501
pipe,10,10,46.984731857885,Otus rutilus,Otus_rutilus,AVES,0.999999966035895,5,84153.445159512
pipe,10,10,46.984731857885,Oxylabes madagascariensis,Oxylabes_madagascariensis,AVES,1,27,46895.7184941689
pipe,10,10,46.984731857885,Phaner electromontis,Phaner_electromontis,MAMMALIA,6.41384153565738e-08,1,17.2483306993491
pipe,10,10,46.984731857885,Phaner furcifer,Phaner_furcifer,MAMMALIA,0.887904608381639,32,658.502120397017
pipe,10,10,46.984731857885,Phaner pallescens,Phaner_pallescens,MAMMALIA,0.999999993707065,33,2243.14232671289
pipe,10,10,46.984731857885,Phaner parienti,Phaner_parienti,MAMMALIA,0.00280017666108179,1,24.4501852478606
pipe,10,10,46.984731857885,Philepitta castanea,Philepitta_castanea,AVES,0.990684433710084,7,35341.9600953028
pipe,10,10,46.984731857885,Philepitta schlegeli,Philepitta_schlegeli,AVES,0.996396004125122,13,3658.46840227174
pipe,10,10,46.984731857885,Ploceus nelicourvi,Ploceus_nelicourvi,AVES,0.999999999974745,15,53511.5051890107
pipe,10,10,46.984731857885,Ploceus sakalava,Ploceus_sakalava,AVES,0.999999999984995,55,19650.1459896563
pipe,10,10,46.984731857885,Polyboroides radiatus,Polyboroides_radiatus,AVES,0.997406916820673,1,76937.6464984904
pipe,10,10,46.984731857885,Pseudobias wardi,Pseudobias_wardi,AVES,1,20,37822.1599391406
pipe,10,10,46.984731857885,Pterocles personatus,Pterocles_personatus,AVES,0.940118142771648,4,6876.15796477548
pipe,10,10,46.984731857885,Rallus madagascariensis,Rallus_madagascariensis,AVES,0.999998371573555,5,13373.6226126627
pipe,10,10,46.984731857885,Randia pseudozosterops,Randia_pseudozosterops,AVES,0.999999999999474,20,39531.7133369619
pipe,10,10,46.984731857885,Sarothrura insularis,Sarothrura_insularis,AVES,0.999979142028664,8,61076.4339988957
pipe,10,10,46.984731857885,Schetba rufa,Schetba_rufa,AVES,1,28,23507.5999723834
pipe,10,10,46.984731857885,Setifer setosus,Setifer_setosus,MAMMALIA,1,252,86224.9762631462
pipe,10,10,46.984731857885,Tenrec ecaudatus,Tenrec_ecaudatus,MAMMALIA,1,184,86338.9562132404
pipe,10,10,46.984731857885,Thamnornis chloropetoides,Thamnornis_chloropetoides,AVES,0.999996847201181,5,2575.84469626194
pipe,10,10,46.984731857885,Treron australis,Treron_australis,AVES,0.994909258888429,2,76755.5177401997
pipe,10,10,46.984731857885,Turnix nigricollis,Turnix_nigricollis,AVES,0.999997835510203,8,81617.3778270195
pipe,10,10,46.984731857885,Tylas eduardi,Tylas_eduardi,AVES,0.999999999983294,8,52204.5413984811
pipe,10,10,46.984731857885,Vanga curvirostris,Vanga_curvirostris,AVES,0.999998208380409,13,88112.6421933874
pipe,10,10,46.984731857885,Varecia rubra,Varecia_rubra,MAMMALIA,1,95,60412.0409520178
pipe,10,10,46.984731857885,Varecia variegata,Varecia_variegata,MAMMALIA,1,75,60089.0064869787
pipe,10,10,46.984731857885,Xanthomixis apperti,Xanthomixis_apperti,AVES,0.441311211243701,1,68.4073900828693
pipe,10,10,46.984731857885,Xanthomixis cinereiceps,Xanthomixis_cinereiceps,AVES,1,21,15703.3095817263
pipe,10,10,46.984731857885,Xanthomixis zosterops,Xanthomixis_zosterops,AVES,1,26,53750.0847881904
pipe,10,10,46.984731857885,Xenopirostris damii,Xenopirostris_damii,AVES,0.00179910755944268,1,93.5023436630614
pipe,10,10,46.984731857885,Xenopirostris polleni,Xenopirostris_polleni,AVES,0.999999947399134,8,15450.4184468397
pipe,10,10,46.984731857885,Xenopirostris xenopirostris,Xenopirostris_xenopirostris,AVES,0.965058075374104,1,1102.55740261015
pipe,11,11,51.6772071464547,Accipiter henstii,Accipiter_henstii,AVES,0.74799515611707,1,74175.8651166435
pipe,11,11,51.6772071464547,Accipiter madagascariensis,Accipiter_madagascariensis,AVES,0.902610882032234,1,74419.5393344292
pipe,11,11,51.6772071464547,Acrocephalus newtoni,Acrocephalus_newtoni,AVES,1,57,79104.076730072
pipe,11,11,51.6772071464547,Alectroenas madagascariensis,Alectroenas_madagascariensis,AVES,0.999164744849057,6,56518.8166836855
pipe,11,11,51.6772071464547,Allocebus trichotis,Allocebus_trichotis,MAMMALIA,0.0078347349602923,3,72.1001097191941
pipe,11,11,51.6772071464547,Anas bernieri,Anas_bernieri,AVES,0,0,0
pipe,11,11,51.6772071464547,Apus balstoni,Apus_balstoni,AVES,1,16,74628.7403108037
pipe,11,11,51.6772071464547,Artamella viridis,Artamella_viridis,AVES,1,21,77190.0980675752
pipe,11,11,51.6772071464547,Asio madagascariensis,Asio_madagascariensis,AVES,0.865228611563287,3,61613.8940454012
pipe,11,11,51.6772071464547,Atelornis crossleyi,Atelornis_crossleyi,AVES,0.999998315021171,6,11104.0540850055
pipe,11,11,51.6772071464547,Atelornis pittoides,Atelornis_pittoides,AVES,0.999904435045541,4,38996.8824387269
pipe,11,11,51.6772071464547,Athene superciliaris,Athene_superciliaris,AVES,0.99999051025109,3,44853.0154503292
pipe,11,11,51.6772071464547,Avahi laniger,Avahi_laniger,MAMMALIA,1,109,31477.1091544004
pipe,11,11,51.6772071464547,Avahi occidentalis,Avahi_occidentalis,MAMMALIA,0.996177513146535,3,617.947951280703
pipe,11,11,51.6772071464547,Aviceda madagascariensis,Aviceda_madagascariensis,AVES,0.962347763408015,1,71568.75316613
pipe,11,11,51.6772071464547,Bernieria madagascariensis,Bernieria_madagascariensis,AVES,1,35,73378.4782277953
pipe,11,11,51.6772071464547,Brachypteracias leptosomus,Brachypteracias_leptosomus,AVES,0.999739574932253,2,34583.0475336782
pipe,11,11,51.6772071464547,Brachytarsomys albicauda,Brachytarsomys_albicauda,MAMMALIA,0.999999986037982,39,1656.66040545958
pipe,11,11,51.6772071464547,Brachyuromys betsileoensis,Brachyuromys_betsileoensis,MAMMALIA,1,63,11271.3053519293
pipe,11,11,51.6772071464547,Brachyuromys ramirohitra,Brachyuromys_ramirohitra,MAMMALIA,0.655414845690046,2,90.5857082152948
pipe,11,11,51.6772071464547,Bradypterus brunneus,Bradypterus_brunneus,AVES,1,39,11388.8291227701
pipe,11,11,51.6772071464547,Bradypterus seebohmi,Bradypterus_seebohmi,AVES,0.452718233996164,1,71.7493427546058
pipe,11,11,51.6772071464547,Buteo brachypterus,Buteo_brachypterus,AVES,0.825121860471433,1,81607.3188058642
pipe,11,11,51.6772071464547,Calicalicus madagascariensis,Calicalicus_madagascariensis,AVES,1,60,73789.5040733139
pipe,11,11,51.6772071464547,Cheirogaleus crossleyi,Cheirogaleus_crossleyi,MAMMALIA,1,75,5097.61311316707
pipe,11,11,51.6772071464547,Cheirogaleus major,Cheirogaleus_major,MAMMALIA,1,155,57523.2475045505
pipe,11,11,51.6772071464547,Cheirogaleus medius,Cheirogaleus_medius,MAMMALIA,1,411,26964.6398962965
pipe,11,11,51.6772071464547,Cinnyris notatus,Cinnyris_notatus,AVES,1,64,76558.0472728239
pipe,11,11,51.6772071464547,Copsychus albospecularis,Copsychus_albospecularis,AVES,0.999999950289332,11,47111.7153683229
pipe,11,11,51.6772071464547,Coracopsis nigra,Coracopsis_nigra,AVES,0.994116818547111,2,79406.3469633105
pipe,11,11,51.6772071464547,Corythornis madagascariensis,Corythornis_madagascariensis,AVES,0.921167917872197,12,73806.0783031379
pipe,11,11,51.6772071464547,Coua caerulea,Coua_caerulea,AVES,0.999899994066391,5,39371.5010386761
pipe,11,11,51.6772071464547,Coua coquereli,Coua_coquereli,AVES,0.999999087356844,5,15149.267067019
pipe,11,11,51.6772071464547,Coua cristata,Coua_cristata,AVES,0.999999994026873,6,64048.4929535973
pipe,11,11,51.6772071464547,Coua cursor,Coua_cursor,AVES,0.996972148118013,2,5370.4859749334
pipe,11,11,51.6772071464547,Coua gigas,Coua_gigas,AVES,0.999531138465712,1,16796.4972715434
pipe,11,11,51.6772071464547,Coua reynaudii,Coua_reynaudii,AVES,0.999813094914493,4,34228.0959597908
pipe,11,11,51.6772071464547,Coua ruficeps,Coua_ruficeps,AVES,0.959346120072291,3,1326.55515300157
pipe,11,11,51.6772071464547,Coua serriana,Coua_serriana,AVES,0.990369541773342,1,29292.808384646
pipe,11,11,51.6772071464547,Crossleyia xanthophrys,Crossleyia_xanthophrys,AVES,0.999999999999998,38,3765.74928679233
pipe,11,11,51.6772071464547,Cryptoprocta ferox,Cryptoprocta_ferox,MAMMALIA,0.0704722846506246,2,26796.670758898
pipe,11,11,51.6772071464547,Cryptosylvicola randrianasoloi,Cryptosylvicola_randrianasoloi,AVES,1,30,5441.65187626386
pipe,11,11,51.6772071464547,Cyanolanius madagascarinus,Cyanolanius_madagascarinus,AVES,1,43,76379.6956206393
pipe,11,11,51.6772071464547,Daubentonia madagascariensis,Daubentonia_madagascariensis,MAMMALIA,1,85,27224.3150471729
pipe,11,11,51.6772071464547,Echinops telfairi,Echinops_telfairi,MAMMALIA,1,248,25196.2190154523
pipe,11,11,51.6772071464547,Eliurus antsingy,Eliurus_antsingy,MAMMALIA,0.0133737178280204,4,59.4878232162461
pipe,11,11,51.6772071464547,Eliurus grandidieri,Eliurus_grandidieri,MAMMALIA,0.999639968010997,24,901.430484672965
pipe,11,11,51.6772071464547,Eliurus majori,Eliurus_majori,MAMMALIA,1,107,37919.576001946
pipe,11,11,51.6772071464547,Eliurus minor,Eliurus_minor,MAMMALIA,1,368,62907.1584003023
pipe,11,11,51.6772071464547,Eliurus myoxinus,Eliurus_myoxinus,MAMMALIA,1,396,53992.6934691471
pipe,11,11,51.6772071464547,Eliurus tanala,Eliurus_tanala,MAMMALIA,1,162,40087.400515762
pipe,11,11,51.6772071464547,Eliurus webbi,Eliurus_webbi,MAMMALIA,1,167,53652.678116938
pipe,11,11,51.6772071464547,Eremopterix hova,Eremopterix_hova,AVES,0.99997318355737,20,2621.57816138475
pipe,11,11,51.6772071464547,Eulemur albifrons,Eulemur_albifrons,MAMMALIA,1,56,16702.5942728853
pipe,11,11,51.6772071464547,Eulemur cinereiceps,Eulemur_cinereiceps,MAMMALIA,1,201,71906.51677997
pipe,11,11,51.6772071464547,Eulemur collaris,Eulemur_collaris,MAMMALIA,1,185,71714.1912997716
pipe,11,11,51.6772071464547,Eulemur coronatus,Eulemur_coronatus,MAMMALIA,1,197,20808.7332296405
pipe,11,11,51.6772071464547,Eulemur flavifrons,Eulemur_flavifrons,MAMMALIA,0.000213248908682684,1,25.074716512655
pipe,11,11,51.6772071464547,Eulemur fulvus,Eulemur_fulvus,MAMMALIA,1,187,71955.979632919
pipe,11,11,51.6772071464547,Eulemur macaco,Eulemur_macaco,MAMMALIA,1,67,31440.8122455142
pipe,11,11,51.6772071464547,Eulemur mongoz,Eulemur_mongoz,MAMMALIA,0.999999004991649,18,1558.30265450556
pipe,11,11,51.6772071464547,Eulemur rubriventer,Eulemur_rubriventer,MAMMALIA,1,189,63502.1471315333
pipe,11,11,51.6772071464547,Eulemur rufus,Eulemur_rufus,MAMMALIA,1,166,29740.8358723135
pipe,11,11,51.6772071464547,Eulemur sanfordi,Eulemur_sanfordi,MAMMALIA,1,212,71983.7974011808
pipe,11,11,51.6772071464547,Euryceros prevostii,Euryceros_prevostii,AVES,0.998826452680277,3,2790.40519203128
pipe,11,11,51.6772071464547,Falco zoniventris,Falco_zoniventris,AVES,0.900672360814769,1,49458.1781884207
pipe,11,11,51.6772071464547,Falculea palliata,Falculea_palliata,AVES,0.99999999991968,17,12808.6991731515
pipe,11,11,51.6772071464547,Fossa fossana,Fossa_fossana,MAMMALIA,0.978256531662378,2,48482.5009105625
pipe,11,11,51.6772071464547,Foudia madagascariensis,Foudia_madagascariensis,AVES,0.999999999999998,63,84928.1935652584
pipe,11,11,51.6772071464547,Foudia omissa,Foudia_omissa,AVES,0.99999999994858,25,44378.8428783672
pipe,11,11,51.6772071464547,Gactornis enarratus,Gactornis_enarratus,AVES,0.999998787617432,5,44473.6271074001
pipe,11,11,51.6772071464547,Galidia elegans,Galidia_elegans,MAMMALIA,0.967707133164677,5,46656.5199292843
pipe,11,11,51.6772071464547,Galidictis fasciata,Galidictis_fasciata,MAMMALIA,0,3,4247.07070700451
pipe,11,11,51.6772071464547,Geobiastes squamiger,Geobiastes_squamiger,AVES,0.999179316585946,5,10159.1618101466
pipe,11,11,51.6772071464547,Geogale aurita,Geogale_aurita,MAMMALIA,1,286,18095.749148667
pipe,11,11,51.6772071464547,Gymnuromys roberti,Gymnuromys_roberti,MAMMALIA,1,72,24099.8146311706
pipe,11,11,51.6772071464547,Haliaeetus vociferoides,Haliaeetus_vociferoides,AVES,0.0115773783592114,1,5133.49426771156
pipe,11,11,51.6772071464547,Hapalemur alaotrensis,Hapalemur_alaotrensis,MAMMALIA,0.999999999999999,42,3187.62127577975
pipe,11,11,51.6772071464547,Hapalemur aureus,Hapalemur_aureus,MAMMALIA,0.999999951389243,16,1513.43266623406
pipe,11,11,51.6772071464547,Hapalemur griseus,Hapalemur_griseus,MAMMALIA,1,191,72003.8709655354
pipe,11,11,51.6772071464547,Hapalemur occidentalis,Hapalemur_occidentalis,MAMMALIA,0.999855228415505,18,744.45415028689
pipe,11,11,51.6772071464547,Hartertula flavoviridis,Hartertula_flavoviridis,AVES,1,41,7496.93638903524
pipe,11,11,51.6772071464547,Hartlaubius auratus,Hartlaubius_auratus,AVES,0.99999999999742,23,74139.0236225413
pipe,11,11,51.6772071464547,Hemicentetes nigriceps,Hemicentetes_nigriceps,MAMMALIA,0.999669796001954,25,1600.36435605074
pipe,11,11,51.6772071464547,Hemicentetes semispinosus,Hemicentetes_semispinosus,MAMMALIA,1,121,59844.991289011
pipe,11,11,51.6772071464547,Hypogeomys antimena,Hypogeomys_antimena,MAMMALIA,0.133821965614829,4,93.1612903583482
pipe,11,11,51.6772071464547,Hypositta corallirostris,Hypositta_corallirostris,AVES,0.999999954375489,20,52740.3134880397
pipe,11,11,51.6772071464547,Indri indri,Indri_indri,MAMMALIA,0.999999999999245,21,54773.2633656905
pipe,11,11,51.6772071464547,Lemur catta,Lemur_catta,MAMMALIA,1,122,10804.8733915229
pipe,11,11,51.6772071464547,Lepidopygia nana,Lepidopygia_nana,AVES,0.999998448738539,106,88309.11856216
pipe,11,11,51.6772071464547,Lepilemur ankaranensis,Lepilemur_ankaranensis,MAMMALIA,0.942459903341432,9,316.5934792843
pipe,11,11,51.6772071464547,Lepilemur edwardsi,Lepilemur_edwardsi,MAMMALIA,1,51,5449.64284269971
pipe,11,11,51.6772071464547,Lepilemur leucopus,Lepilemur_leucopus,MAMMALIA,1,45,4884.30780170229
pipe,11,11,51.6772071464547,Lepilemur microdon,Lepilemur_microdon,MAMMALIA,0.999999999044492,30,3482.0956089341
pipe,11,11,51.6772071464547,Lepilemur mustelinus,Lepilemur_mustelinus,MAMMALIA,1,201,60340.6071656976
pipe,11,11,51.6772071464547,Lepilemur ruficaudatus,Lepilemur_ruficaudatus,MAMMALIA,1,103,6997.1170811251
pipe,11,11,51.6772071464547,Leptopterus chabert,Leptopterus_chabert,AVES,1,45,82689.8734938227
pipe,11,11,51.6772071464547,Lophotibis cristata,Lophotibis_cristata,AVES,0.999794756975482,2,72882.4607324695
pipe,11,11,51.6772071464547,Macrotarsomys bastardi,Macrotarsomys_bastardi,MAMMALIA,0.999999999999983,84,3466.58658635502
pipe,11,11,51.6772071464547,Margaroperdix madagarensis,Margaroperdix_madagarensis,AVES,0.999999735787142,6,65988.4833612091
pipe,11,11,51.6772071464547,Mentocrex kioloides,Mentocrex_kioloides,AVES,0.997422970473101,2,30848.2055255128
pipe,11,11,51.6772071464547,Mesitornis unicolor,Mesitornis_unicolor,AVES,0,1,89.8278131379881
pipe,11,11,51.6772071464547,Mesitornis variegatus,Mesitornis_variegatus,AVES,0.99860862317718,5,2720.43935337696
pipe,11,11,51.6772071464547,Microcebus berthae,Microcebus_berthae,MAMMALIA,1.52725564417366e-08,2,16.7952443947329
pipe,11,11,51.6772071464547,Microcebus griseorufus,Microcebus_griseorufus,MAMMALIA,0.995763539856305,11,459.298684679831
pipe,11,11,51.6772071464547,Microcebus murinus,Microcebus_murinus,MAMMALIA,1,558,52168.0584760089
pipe,11,11,51.6772071464547,Microcebus myoxinus,Microcebus_myoxinus,MAMMALIA,0.999999911124906,48,808.447384207392
pipe,11,11,51.6772071464547,Microcebus ravelobensis,Microcebus_ravelobensis,MAMMALIA,0.778620368188717,11,230.272453169512
pipe,11,11,51.6772071464547,Microcebus rufus,Microcebus_rufus,MAMMALIA,1,252,57344.205244873
pipe,11,11,51.6772071464547,Microcebus tavaratra,Microcebus_tavaratra,MAMMALIA,0.993485781713749,26,626.948219473148
pipe,11,11,51.6772071464547,Microgale brevicaudata,Microgale_brevicaudata,MAMMALIA,1,327,22142.0485517269
pipe,11,11,51.6772071464547,Microgale cowani,Microgale_cowani,MAMMALIA,1,170,47997.0219784615
pipe,11,11,51.6772071464547,Microgale drouhardi,Microgale_drouhardi,MAMMALIA,1,137,23821.6047663765
pipe,11,11,51.6772071464547,Microgale dryas,Microgale_dryas,MAMMALIA,0.897201397748361,45,1293.30665845933
pipe,11,11,51.6772071464547,Microgale fotsifotsy,Microgale_fotsifotsy,MAMMALIA,1,149,27031.1699218368
pipe,11,11,51.6772071464547,Microgale gracilis,Microgale_gracilis,MAMMALIA,0.999999999966239,85,8110.68115501404
pipe,11,11,51.6772071464547,Microgale gymnorhyncha,Microgale_gymnorhyncha,MAMMALIA,1,62,16765.192843361
pipe,11,11,51.6772071464547,Microgale longicaudata,Microgale_longicaudata,MAMMALIA,1,289,53686.100606771
pipe,11,11,51.6772071464547,Microgale mergulus,Microgale_mergulus,MAMMALIA,0.999999999872023,59,4202.84625555419
pipe,11,11,51.6772071464547,Microgale parvula,Microgale_parvula,MAMMALIA,1,312,55043.2738067298
pipe,11,11,51.6772071464547,Microgale principula,Microgale_principula,MAMMALIA,1,195,45504.9036402166
pipe,11,11,51.6772071464547,Microgale pusilla,Microgale_pusilla,MAMMALIA,0.999999998068304,179,15296.0600078846
pipe,11,11,51.6772071464547,Microgale soricoides,Microgale_soricoides,MAMMALIA,1,65,24314.7254994656
pipe,11,11,51.6772071464547,Microgale taiva,Microgale_taiva,MAMMALIA,1,122,37711.0831254728
pipe,11,11,51.6772071464547,Microgale thomasi,Microgale_thomasi,MAMMALIA,1,73,22511.4521410676
pipe,11,11,51.6772071464547,Mirza coquereli,Mirza_coquereli,MAMMALIA,0.999885359257899,22,1477.22540554064
pipe,11,11,51.6772071464547,Monias benschi,Monias_benschi,AVES,0,1,78.2215661596996
pipe,11,11,51.6772071464547,Monticola erythronotus,Monticola_erythronotus,AVES,0.505764981643122,1,97.497303661992
pipe,11,11,51.6772071464547,Monticola sharpei,Monticola_sharpei,AVES,1,39,63978.0476725935
pipe,11,11,51.6772071464547,Monticolomys koopmani,Monticolomys_koopmani,MAMMALIA,0.132627247638879,5,98.0466375863042
pipe,11,11,51.6772071464547,Motacilla flaviventris,Motacilla_flaviventris,AVES,0.999999999992846,31,4318.69489868934
pipe,11,11,51.6772071464547,Mystacornis crossleyi,Mystacornis_crossleyi,AVES,0.99999999999995,11,41867.1613940709
pipe,11,11,51.6772071464547,Neodrepanis coruscans,Neodrepanis_coruscans,AVES,0.999998881178031,13,27423.655263797
pipe,11,11,51.6772071464547,Neodrepanis hypoxantha,Neodrepanis_hypoxantha,AVES,0.0211788109146442,3,88.4296056242715
pipe,11,11,51.6772071464547,Neomixis striatigula,Neomixis_striatigula,AVES,1,38,48851.3651581905
pipe,11,11,51.6772071464547,Neomixis tenella,Neomixis_tenella,AVES,1,106,63549.348219529
pipe,11,11,51.6772071464547,Neomixis viridis,Neomixis_viridis,AVES,0.999999999999998,29,46355.7909575298
pipe,11,11,51.6772071464547,Nesillas lantzii,Nesillas_lantzii,AVES,0.999765844311714,5,2071.54868198889
pipe,11,11,51.6772071464547,Nesogale dobsoni,Nesogale_dobsoni,MAMMALIA,1,147,55383.4111448635
pipe,11,11,51.6772071464547,Nesogale talazaci,Nesogale_talazaci,MAMMALIA,1,145,54778.2026895399
pipe,11,11,51.6772071464547,Nesomys audeberti,Nesomys_audeberti,MAMMALIA,1,71,3518.63111986446
pipe,11,11,51.6772071464547,Nesomys lambertoni,Nesomys_lambertoni,MAMMALIA,0.999858999090888,20,778.791585380194
pipe,11,11,51.6772071464547,Nesomys rufus,Nesomys_rufus,MAMMALIA,1,118,40212.7693821609
pipe,11,11,51.6772071464547,Newtonia amphichroa,Newtonia_amphichroa,AVES,1,17,38093.7421770121
pipe,11,11,51.6772071464547,Newtonia archboldi,Newtonia_archboldi,AVES,0.999955573539575,6,1464.44119924165
pipe,11,11,51.6772071464547,Newtonia brunneicauda,Newtonia_brunneicauda,AVES,1,83,81242.833256654
pipe,11,11,51.6772071464547,Newtonia fanovanae,Newtonia_fanovanae,AVES,0.353055283448799,2,98.220702482002
pipe,11,11,51.6772071464547,Oriolia bernieri,Oriolia_bernieri,AVES,0.999999916906255,13,11713.9703290897
pipe,11,11,51.6772071464547,Oryzorictes hova,Oryzorictes_hova,MAMMALIA,1,147,53023.4909222239
pipe,11,11,51.6772071464547,Oryzorictes tetradactylus,Oryzorictes_tetradactylus,MAMMALIA,0.999999999849616,83,6435.39163747199
pipe,11,11,51.6772071464547,Otus rutilus,Otus_rutilus,AVES,0.99999999991945,8,79573.5098601467
pipe,11,11,51.6772071464547,Oxylabes madagascariensis,Oxylabes_madagascariensis,AVES,1,27,46226.3319664393
pipe,11,11,51.6772071464547,Phaner electromontis,Phaner_electromontis,MAMMALIA,6.41384153565738e-08,1,17.2483306993491
pipe,11,11,51.6772071464547,Phaner furcifer,Phaner_furcifer,MAMMALIA,0.887904608381639,30,642.341361583547
pipe,11,11,51.6772071464547,Phaner pallescens,Phaner_pallescens,MAMMALIA,0.999999812498026,24,1915.81531526898
pipe,11,11,51.6772071464547,Phaner parienti,Phaner_parienti,MAMMALIA,0.00280017666108179,1,24.4501852478606
pipe,11,11,51.6772071464547,Philepitta castanea,Philepitta_castanea,AVES,0.990607907343268,5,34953.254454813
pipe,11,11,51.6772071464547,Philepitta schlegeli,Philepitta_schlegeli,AVES,0.996234803278652,13,3629.0089612033
pipe,11,11,51.6772071464547,Ploceus nelicourvi,Ploceus_nelicourvi,AVES,0.999999999999997,16,52480.5030329681
pipe,11,11,51.6772071464547,Ploceus sakalava,Ploceus_sakalava,AVES,0.99999999979228,52,16288.0363070148
pipe,11,11,51.6772071464547,Polyboroides radiatus,Polyboroides_radiatus,AVES,0.996951226959313,1,69815.2813283821
pipe,11,11,51.6772071464547,Pseudobias wardi,Pseudobias_wardi,AVES,1,19,37434.2150740909
pipe,11,11,51.6772071464547,Pterocles personatus,Pterocles_personatus,AVES,0.939919864031225,3,6590.36395288397
pipe,11,11,51.6772071464547,Rallus madagascariensis,Rallus_madagascariensis,AVES,0.9999982973805,5,13137.8226022139
pipe,11,11,51.6772071464547,Randia pseudozosterops,Randia_pseudozosterops,AVES,0.999999999999724,22,38907.4669040536
pipe,11,11,51.6772071464547,Sarothrura insularis,Sarothrura_insularis,AVES,0.999973706068318,7,59012.2497145767
pipe,11,11,51.6772071464547,Schetba rufa,Schetba_rufa,AVES,1,27,23006.0565271664
pipe,11,11,51.6772071464547,Setifer setosus,Setifer_setosus,MAMMALIA,1,216,80186.1982746362
pipe,11,11,51.6772071464547,Tenrec ecaudatus,Tenrec_ecaudatus,MAMMALIA,1,164,80814.9231531588
pipe,11,11,51.6772071464547,Thamnornis chloropetoides,Thamnornis_chloropetoides,AVES,0.9999976960987,6,2366.82488545541
pipe,11,11,51.6772071464547,Treron australis,Treron_australis,AVES,0.99437610283989,1,70163.9528451529
pipe,11,11,51.6772071464547,Turnix nigricollis,Turnix_nigricollis,AVES,0.999999997812249,12,73352.4449876812
pipe,11,11,51.6772071464547,Tylas eduardi,Tylas_eduardi,AVES,0.999999999962273,8,51027.686155119
pipe,11,11,51.6772071464547,Vanga curvirostris,Vanga_curvirostris,AVES,0.999999999970951,17,80979.6140343021
pipe,11,11,51.6772071464547,Varecia rubra,Varecia_rubra,MAMMALIA,1,86,58887.889181655
pipe,11,11,51.6772071464547,Varecia variegata,Varecia_variegata,MAMMALIA,1,71,58624.2182404346
pipe,11,11,51.6772071464547,Xanthomixis apperti,Xanthomixis_apperti,AVES,0.441311211243701,1,68.4073900828693
pipe,11,11,51.6772071464547,Xanthomixis cinereiceps,Xanthomixis_cinereiceps,AVES,1,20,15496.9361062582
pipe,11,11,51.6772071464547,Xanthomixis zosterops,Xanthomixis_zosterops,AVES,1,28,52729.9796655314
pipe,11,11,51.6772071464547,Xenopirostris damii,Xenopirostris_damii,AVES,0.00179910755944268,1,93.5023436630614
pipe,11,11,51.6772071464547,Xenopirostris polleni,Xenopirostris_polleni,AVES,0.999999943712475,8,15168.0261676681
pipe,11,11,51.6772071464547,Xenopirostris xenopirostris,Xenopirostris_xenopirostris,AVES,0.965058075374104,1,1102.55740261015
pipe,12,12,56.3696355398155,Accipiter henstii,Accipiter_henstii,AVES,0.728488735321518,1,67429.1476233291
pipe,12,12,56.3696355398155,Accipiter madagascariensis,Accipiter_madagascariensis,AVES,0.893772679966514,1,68161.9586253929
pipe,12,12,56.3696355398155,Acrocephalus newtoni,Acrocephalus_newtoni,AVES,1,46,72411.3771781901
pipe,12,12,56.3696355398155,Alectroenas madagascariensis,Alectroenas_madagascariensis,AVES,0.998625206045974,8,52113.6653357399
pipe,12,12,56.3696355398155,Allocebus trichotis,Allocebus_trichotis,MAMMALIA,0.0078347349602923,3,72.1001097191941
pipe,12,12,56.3696355398155,Anas bernieri,Anas_bernieri,AVES,0,0,0
pipe,12,12,56.3696355398155,Apus balstoni,Apus_balstoni,AVES,1,16,68458.0639913205
pipe,12,12,56.3696355398155,Artamella viridis,Artamella_viridis,AVES,1,23,69492.657409775
pipe,12,12,56.3696355398155,Asio madagascariensis,Asio_madagascariensis,AVES,0.8591334811836,3,58240.4419029567
pipe,12,12,56.3696355398155,Atelornis crossleyi,Atelornis_crossleyi,AVES,0.999998262708505,6,10982.5667040888
pipe,12,12,56.3696355398155,Atelornis pittoides,Atelornis_pittoides,AVES,0.999998818940936,5,37493.7717825434
pipe,12,12,56.3696355398155,Athene superciliaris,Athene_superciliaris,AVES,0.999999981271095,5,39666.1151213752
pipe,12,12,56.3696355398155,Avahi laniger,Avahi_laniger,MAMMALIA,1,85,30262.8027946667
pipe,12,12,56.3696355398155,Avahi occidentalis,Avahi_occidentalis,MAMMALIA,0.996177513146535,3,617.947951280703
pipe,12,12,56.3696355398155,Aviceda madagascariensis,Aviceda_madagascariensis,AVES,0.956777924442861,1,64145.4145914692
pipe,12,12,56.3696355398155,Bernieria madagascariensis,Bernieria_madagascariensis,AVES,1,29,67818.5942754474
pipe,12,12,56.3696355398155,Brachypteracias leptosomus,Brachypteracias_leptosomus,AVES,0.999731447179416,1,33911.5076343878
pipe,12,12,56.3696355398155,Brachytarsomys albicauda,Brachytarsomys_albicauda,MAMMALIA,0.999999984182247,38,1637.48880969617
pipe,12,12,56.3696355398155,Brachyuromys betsileoensis,Brachyuromys_betsileoensis,MAMMALIA,1,43,10525.934486196
pipe,12,12,56.3696355398155,Brachyuromys ramirohitra,Brachyuromys_ramirohitra,MAMMALIA,0.655414845690046,2,90.5857082152948
pipe,12,12,56.3696355398155,Bradypterus brunneus,Bradypterus_brunneus,AVES,1,37,10883.7010341954
pipe,12,12,56.3696355398155,Bradypterus seebohmi,Bradypterus_seebohmi,AVES,0.452718233996164,1,71.7493427546058
pipe,12,12,56.3696355398155,Buteo brachypterus,Buteo_brachypterus,AVES,0.808691299491919,1,73508.0137776004
pipe,12,12,56.3696355398155,Calicalicus madagascariensis,Calicalicus_madagascariensis,AVES,1,45,68037.2755430512
pipe,12,12,56.3696355398155,Cheirogaleus crossleyi,Cheirogaleus_crossleyi,MAMMALIA,1,71,4961.52104680522
pipe,12,12,56.3696355398155,Cheirogaleus major,Cheirogaleus_major,MAMMALIA,1,95,55132.3916825213
pipe,12,12,56.3696355398155,Cheirogaleus medius,Cheirogaleus_medius,MAMMALIA,1,341,23032.8326053553
pipe,12,12,56.3696355398155,Cinnyris notatus,Cinnyris_notatus,AVES,1,53,69621.1443564652
pipe,12,12,56.3696355398155,Copsychus albospecularis,Copsychus_albospecularis,AVES,0.999999841914105,10,45434.0738321126
pipe,12,12,56.3696355398155,Coracopsis nigra,Coracopsis_nigra,AVES,0.999916034291314,9,72106.7859536667
pipe,12,12,56.3696355398155,Corythornis madagascariensis,Corythornis_madagascariensis,AVES,0.911695273672797,12,67450.7996421813
pipe,12,12,56.3696355398155,Coua caerulea,Coua_caerulea,AVES,0.999894624520836,4,38255.6034977525
pipe,12,12,56.3696355398155,Coua coquereli,Coua_coquereli,AVES,0.999999763701666,5,13900.4639797553
pipe,12,12,56.3696355398155,Coua cristata,Coua_cristata,AVES,0.999999999991157,7,59044.5200538309
pipe,12,12,56.3696355398155,Coua cursor,Coua_cursor,AVES,0.995202513570652,2,4369.96401996312
pipe,12,12,56.3696355398155,Coua gigas,Coua_gigas,AVES,0.999380735026406,1,14723.4666074722
pipe,12,12,56.3696355398155,Coua reynaudii,Coua_reynaudii,AVES,0.999701218102869,4,32374.0229193718
pipe,12,12,56.3696355398155,Coua ruficeps,Coua_ruficeps,AVES,0.959346120072291,3,1326.55515300157
pipe,12,12,56.3696355398155,Coua serriana,Coua_serriana,AVES,0.990030953916825,1,28499.4584301127
pipe,12,12,56.3696355398155,Crossleyia xanthophrys,Crossleyia_xanthophrys,AVES,0.999999999999989,37,3578.49694773963
pipe,12,12,56.3696355398155,Cryptoprocta ferox,Cryptoprocta_ferox,MAMMALIA,0.0704722846506246,2,26796.670758898
pipe,12,12,56.3696355398155,Cryptosylvicola randrianasoloi,Cryptosylvicola_randrianasoloi,AVES,1,29,5378.29828326155
pipe,12,12,56.3696355398155,Cyanolanius madagascarinus,Cyanolanius_madagascarinus,AVES,1,34,68817.92082883
pipe,12,12,56.3696355398155,Daubentonia madagascariensis,Daubentonia_madagascariensis,MAMMALIA,1,74,25554.8639446843
pipe,12,12,56.3696355398155,Echinops telfairi,Echinops_telfairi,MAMMALIA,1,222,21975.7469330331
pipe,12,12,56.3696355398155,Eliurus antsingy,Eliurus_antsingy,MAMMALIA,0.0133737178280204,4,59.4878232162461
pipe,12,12,56.3696355398155,Eliurus grandidieri,Eliurus_grandidieri,MAMMALIA,0.999629359821735,24,900.263791531973
pipe,12,12,56.3696355398155,Eliurus majori,Eliurus_majori,MAMMALIA,1,66,36344.0085338975
pipe,12,12,56.3696355398155,Eliurus minor,Eliurus_minor,MAMMALIA,1,252,58894.333869076
pipe,12,12,56.3696355398155,Eliurus myoxinus,Eliurus_myoxinus,MAMMALIA,1,320,48722.1516299549
pipe,12,12,56.3696355398155,Eliurus tanala,Eliurus_tanala,MAMMALIA,1,112,38302.3595119981
pipe,12,12,56.3696355398155,Eliurus webbi,Eliurus_webbi,MAMMALIA,1,99,51262.2075223646
pipe,12,12,56.3696355398155,Eremopterix hova,Eremopterix_hova,AVES,0.999956263377856,21,2571.96337525052
pipe,12,12,56.3696355398155,Eulemur albifrons,Eulemur_albifrons,MAMMALIA,1,39,15826.7511074791
pipe,12,12,56.3696355398155,Eulemur cinereiceps,Eulemur_cinereiceps,MAMMALIA,1,145,65970.990383533
pipe,12,12,56.3696355398155,Eulemur collaris,Eulemur_collaris,MAMMALIA,1,136,65861.4301713123
pipe,12,12,56.3696355398155,Eulemur coronatus,Eulemur_coronatus,MAMMALIA,1,166,17666.3164676374
pipe,12,12,56.3696355398155,Eulemur flavifrons,Eulemur_flavifrons,MAMMALIA,0.000213248908682684,1,25.074716512655
pipe,12,12,56.3696355398155,Eulemur fulvus,Eulemur_fulvus,MAMMALIA,1,138,65983.8532613453
pipe,12,12,56.3696355398155,Eulemur macaco,Eulemur_macaco,MAMMALIA,1,50,29801.9160182843
pipe,12,12,56.3696355398155,Eulemur mongoz,Eulemur_mongoz,MAMMALIA,0.999996580933263,16,1314.08461623204
pipe,12,12,56.3696355398155,Eulemur rubriventer,Eulemur_rubriventer,MAMMALIA,1,127,59308.0384053283
pipe,12,12,56.3696355398155,Eulemur rufus,Eulemur_rufus,MAMMALIA,1,139,27669.6315509357
pipe,12,12,56.3696355398155,Eulemur sanfordi,Eulemur_sanfordi,MAMMALIA,1,152,66019.187004584
pipe,12,12,56.3696355398155,Euryceros prevostii,Euryceros_prevostii,AVES,0.998804606528494,3,2785.29564826215
pipe,12,12,56.3696355398155,Falco zoniventris,Falco_zoniventris,AVES,0.939264482629908,2,45058.8369918617
pipe,12,12,56.3696355398155,Falculea palliata,Falculea_palliata,AVES,0.999999999698945,15,10675.7557886198
pipe,12,12,56.3696355398155,Fossa fossana,Fossa_fossana,MAMMALIA,0.977643376571662,2,48172.9061852121
pipe,12,12,56.3696355398155,Foudia madagascariensis,Foudia_madagascariensis,AVES,1,53,75975.0312870482
pipe,12,12,56.3696355398155,Foudia omissa,Foudia_omissa,AVES,0.999999999390669,18,42754.5464711925
pipe,12,12,56.3696355398155,Gactornis enarratus,Gactornis_enarratus,AVES,0.999999996694959,6,42968.3959755127
pipe,12,12,56.3696355398155,Galidia elegans,Galidia_elegans,MAMMALIA,0.967500746542787,5,46386.7580250505
pipe,12,12,56.3696355398155,Galidictis fasciata,Galidictis_fasciata,MAMMALIA,0,3,4247.07070700451
pipe,12,12,56.3696355398155,Geobiastes squamiger,Geobiastes_squamiger,AVES,0.999052491731398,5,9941.63591219338
pipe,12,12,56.3696355398155,Geogale aurita,Geogale_aurita,MAMMALIA,1,249,16138.9197377314
pipe,12,12,56.3696355398155,Gymnuromys roberti,Gymnuromys_roberti,MAMMALIA,1,50,23430.8220780668
pipe,12,12,56.3696355398155,Haliaeetus vociferoides,Haliaeetus_vociferoides,AVES,0.0115773783592114,1,5133.49426771156
pipe,12,12,56.3696355398155,Hapalemur alaotrensis,Hapalemur_alaotrensis,MAMMALIA,0.999999999999999,42,3187.35242197248
pipe,12,12,56.3696355398155,Hapalemur aureus,Hapalemur_aureus,MAMMALIA,0.999999927750903,15,1473.17810528011
pipe,12,12,56.3696355398155,Hapalemur griseus,Hapalemur_griseus,MAMMALIA,1,137,66221.2662399596
pipe,12,12,56.3696355398155,Hapalemur occidentalis,Hapalemur_occidentalis,MAMMALIA,0.999741741795847,16,703.697294348405
pipe,12,12,56.3696355398155,Hartertula flavoviridis,Hartertula_flavoviridis,AVES,1,35,7171.48446014591
pipe,12,12,56.3696355398155,Hartlaubius auratus,Hartlaubius_auratus,AVES,1,23,67714.8661094229
pipe,12,12,56.3696355398155,Hemicentetes nigriceps,Hemicentetes_nigriceps,MAMMALIA,0.99966823257837,22,1544.66950564516
pipe,12,12,56.3696355398155,Hemicentetes semispinosus,Hemicentetes_semispinosus,MAMMALIA,1,78,55899.7842084299
pipe,12,12,56.3696355398155,Hypogeomys antimena,Hypogeomys_antimena,MAMMALIA,0.133821965614829,3,81.1960723686169
pipe,12,12,56.3696355398155,Hypositta corallirostris,Hypositta_corallirostris,AVES,0.999999818577061,18,50989.3721587019
pipe,12,12,56.3696355398155,Indri indri,Indri_indri,MAMMALIA,0.99999999999815,16,52592.3130309629
pipe,12,12,56.3696355398155,Lemur catta,Lemur_catta,MAMMALIA,1,104,9602.07531932993
pipe,12,12,56.3696355398155,Lepidopygia nana,Lepidopygia_nana,AVES,0.999998071084426,82,79813.0328168379
pipe,12,12,56.3696355398155,Lepilemur ankaranensis,Lepilemur_ankaranensis,MAMMALIA,0.942459903341432,9,316.5934792843
pipe,12,12,56.3696355398155,Lepilemur edwardsi,Lepilemur_edwardsi,MAMMALIA,1,41,4853.56749214191
pipe,12,12,56.3696355398155,Lepilemur leucopus,Lepilemur_leucopus,MAMMALIA,1,45,3928.6458236983
pipe,12,12,56.3696355398155,Lepilemur microdon,Lepilemur_microdon,MAMMALIA,0.999999998743936,29,3364.41418632741
pipe,12,12,56.3696355398155,Lepilemur mustelinus,Lepilemur_mustelinus,MAMMALIA,1,142,56324.7507419143
pipe,12,12,56.3696355398155,Lepilemur ruficaudatus,Lepilemur_ruficaudatus,MAMMALIA,1,86,6230.45487391578
pipe,12,12,56.3696355398155,Leptopterus chabert,Leptopterus_chabert,AVES,1,38,74010.445609144
pipe,12,12,56.3696355398155,Lophotibis cristata,Lophotibis_cristata,AVES,0.999758715184553,1,67086.9124965409
pipe,12,12,56.3696355398155,Macrotarsomys bastardi,Macrotarsomys_bastardi,MAMMALIA,0.999999999999119,69,2953.32740242638
pipe,12,12,56.3696355398155,Margaroperdix madagarensis,Margaroperdix_madagarensis,AVES,0.999999999844301,10,60591.4948459706
pipe,12,12,56.3696355398155,Mentocrex kioloides,Mentocrex_kioloides,AVES,0.997363926678948,1,30281.9933233803
pipe,12,12,56.3696355398155,Mesitornis unicolor,Mesitornis_unicolor,AVES,0,1,89.8278131379881
pipe,12,12,56.3696355398155,Mesitornis variegatus,Mesitornis_variegatus,AVES,0.998460936252824,5,2683.2968111132
pipe,12,12,56.3696355398155,Microcebus berthae,Microcebus_berthae,MAMMALIA,1.52725564417366e-08,1,10.8090685387869
pipe,12,12,56.3696355398155,Microcebus griseorufus,Microcebus_griseorufus,MAMMALIA,0.995763539856305,11,459.298684679831
pipe,12,12,56.3696355398155,Microcebus murinus,Microcebus_murinus,MAMMALIA,1,474,46073.8409332307
pipe,12,12,56.3696355398155,Microcebus myoxinus,Microcebus_myoxinus,MAMMALIA,0.999999873262007,38,780.379742602939
pipe,12,12,56.3696355398155,Microcebus ravelobensis,Microcebus_ravelobensis,MAMMALIA,0.778620368188717,11,230.272453169512
pipe,12,12,56.3696355398155,Microcebus rufus,Microcebus_rufus,MAMMALIA,1,156,53655.2734845104
pipe,12,12,56.3696355398155,Microcebus tavaratra,Microcebus_tavaratra,MAMMALIA,0.993485138533531,23,604.557948940296
pipe,12,12,56.3696355398155,Microgale brevicaudata,Microgale_brevicaudata,MAMMALIA,1,278,19968.2049436621
pipe,12,12,56.3696355398155,Microgale cowani,Microgale_cowani,MAMMALIA,1,108,45034.045299881
pipe,12,12,56.3696355398155,Microgale drouhardi,Microgale_drouhardi,MAMMALIA,1,104,22771.4326017106
pipe,12,12,56.3696355398155,Microgale dryas,Microgale_dryas,MAMMALIA,0.897201397746048,41,1257.07032099477
pipe,12,12,56.3696355398155,Microgale fotsifotsy,Microgale_fotsifotsy,MAMMALIA,1,108,25701.3119363346
pipe,12,12,56.3696355398155,Microgale gracilis,Microgale_gracilis,MAMMALIA,0.999999999962283,69,7866.25805804387
pipe,12,12,56.3696355398155,Microgale gymnorhyncha,Microgale_gymnorhyncha,MAMMALIA,1,44,15792.4066896971
pipe,12,12,56.3696355398155,Microgale longicaudata,Microgale_longicaudata,MAMMALIA,1,185,50022.5817325921
pipe,12,12,56.3696355398155,Microgale mergulus,Microgale_mergulus,MAMMALIA,0.999999999865305,54,4120.3448809317
pipe,12,12,56.3696355398155,Microgale parvula,Microgale_parvula,MAMMALIA,1,197,52352.3115387927
pipe,12,12,56.3696355398155,Microgale principula,Microgale_principula,MAMMALIA,1,132,44272.6919609692
pipe,12,12,56.3696355398155,Microgale pusilla,Microgale_pusilla,MAMMALIA,0.99999999745647,143,14525.2554737759
pipe,12,12,56.3696355398155,Microgale soricoides,Microgale_soricoides,MAMMALIA,1,43,23142.1250283815
pipe,12,12,56.3696355398155,Microgale taiva,Microgale_taiva,MAMMALIA,1,82,36602.646277761
pipe,12,12,56.3696355398155,Microgale thomasi,Microgale_thomasi,MAMMALIA,1,60,22133.4934772399
pipe,12,12,56.3696355398155,Mirza coquereli,Mirza_coquereli,MAMMALIA,0.999856652851297,17,1322.37266242896
pipe,12,12,56.3696355398155,Monias benschi,Monias_benschi,AVES,0,1,78.2215661596996
pipe,12,12,56.3696355398155,Monticola erythronotus,Monticola_erythronotus,AVES,0.505764981643122,1,97.497303661992
pipe,12,12,56.3696355398155,Monticola sharpei,Monticola_sharpei,AVES,1,31,59558.7638236581
pipe,12,12,56.3696355398155,Monticolomys koopmani,Monticolomys_koopmani,MAMMALIA,0.132627247638879,5,98.0466375863042
pipe,12,12,56.3696355398155,Motacilla flaviventris,Motacilla_flaviventris,AVES,0.999999999705593,23,3735.16562361408
pipe,12,12,56.3696355398155,Mystacornis crossleyi,Mystacornis_crossleyi,AVES,0.99999999999541,10,40545.8317938078
pipe,12,12,56.3696355398155,Neodrepanis coruscans,Neodrepanis_coruscans,AVES,0.999998878249812,12,27004.9373347697
pipe,12,12,56.3696355398155,Neodrepanis hypoxantha,Neodrepanis_hypoxantha,AVES,0.0211788109146442,3,88.4296056242715
pipe,12,12,56.3696355398155,Neomixis striatigula,Neomixis_striatigula,AVES,0.999999999999988,24,46942.1494754837
pipe,12,12,56.3696355398155,Neomixis tenella,Neomixis_tenella,AVES,1,87,58812.2889725202
pipe,12,12,56.3696355398155,Neomixis viridis,Neomixis_viridis,AVES,0.999999999999969,21,44774.6988112998
pipe,12,12,56.3696355398155,Nesillas lantzii,Nesillas_lantzii,AVES,0.999614638694508,5,1646.5102872913
pipe,12,12,56.3696355398155,Nesogale dobsoni,Nesogale_dobsoni,MAMMALIA,1,97,51963.6436640516
pipe,12,12,56.3696355398155,Nesogale talazaci,Nesogale_talazaci,MAMMALIA,1,100,52379.2062962704
pipe,12,12,56.3696355398155,Nesomys audeberti,Nesomys_audeberti,MAMMALIA,1,65,3415.62833199044
pipe,12,12,56.3696355398155,Nesomys lambertoni,Nesomys_lambertoni,MAMMALIA,0.99984883647885,12,670.89111574741
pipe,12,12,56.3696355398155,Nesomys rufus,Nesomys_rufus,MAMMALIA,1,82,39119.4084412573
pipe,12,12,56.3696355398155,Newtonia amphichroa,Newtonia_amphichroa,AVES,1,16,36640.0442406261
pipe,12,12,56.3696355398155,Newtonia archboldi,Newtonia_archboldi,AVES,0.999930941501832,6,1382.74815045793
pipe,12,12,56.3696355398155,Newtonia brunneicauda,Newtonia_brunneicauda,AVES,1,67,73963.0390101197
pipe,12,12,56.3696355398155,Newtonia fanovanae,Newtonia_fanovanae,AVES,0.353055283448799,2,98.220702482002
pipe,12,12,56.3696355398155,Oriolia bernieri,Oriolia_bernieri,AVES,0.999999867748497,14,11344.6089626686
pipe,12,12,56.3696355398155,Oryzorictes hova,Oryzorictes_hova,MAMMALIA,1,95,50542.8524339814
pipe,12,12,56.3696355398155,Oryzorictes tetradactylus,Oryzorictes_tetradactylus,MAMMALIA,0.999999999174549,69,5975.38525067801
pipe,12,12,56.3696355398155,Otus rutilus,Otus_rutilus,AVES,0.999999999657343,8,71523.4416062384
pipe,12,12,56.3696355398155,Oxylabes madagascariensis,Oxylabes_madagascariensis,AVES,0.999999999999998,20,43698.3092759103
pipe,12,12,56.3696355398155,Phaner electromontis,Phaner_electromontis,MAMMALIA,6.41384153565738e-08,1,17.2483306993491
pipe,12,12,56.3696355398155,Phaner furcifer,Phaner_furcifer,MAMMALIA,0.887899226004666,24,558.48119512169
pipe,12,12,56.3696355398155,Phaner pallescens,Phaner_pallescens,MAMMALIA,0.999999959729302,21,1788.04035050997
pipe,12,12,56.3696355398155,Phaner parienti,Phaner_parienti,MAMMALIA,0.00280017666108179,1,24.4501852478606
pipe,12,12,56.3696355398155,Philepitta castanea,Philepitta_castanea,AVES,0.998990190591502,6,34107.9364557281
pipe,12,12,56.3696355398155,Philepitta schlegeli,Philepitta_schlegeli,AVES,0.995592562155077,13,3505.46151754365
pipe,12,12,56.3696355398155,Ploceus nelicourvi,Ploceus_nelicourvi,AVES,0.999999999999954,12,50488.2099130344
pipe,12,12,56.3696355398155,Ploceus sakalava,Ploceus_sakalava,AVES,0.999999999862882,39,13244.9408344218
pipe,12,12,56.3696355398155,Polyboroides radiatus,Polyboroides_radiatus,AVES,0.996315345990329,1,62316.7533303399
pipe,12,12,56.3696355398155,Pseudobias wardi,Pseudobias_wardi,AVES,0.999999999999996,20,36416.3596055395
pipe,12,12,56.3696355398155,Pterocles personatus,Pterocles_personatus,AVES,0.939919864031225,3,6590.36395288397
pipe,12,12,56.3696355398155,Rallus madagascariensis,Rallus_madagascariensis,AVES,0.999997905732692,4,12778.6383367183
pipe,12,12,56.3696355398155,Randia pseudozosterops,Randia_pseudozosterops,AVES,0.999999999998421,18,37988.4352998559
pipe,12,12,56.3696355398155,Sarothrura insularis,Sarothrura_insularis,AVES,0.999999600829891,7,55278.3447301958
pipe,12,12,56.3696355398155,Schetba rufa,Schetba_rufa,AVES,1,28,22035.2681565838
pipe,12,12,56.3696355398155,Setifer setosus,Setifer_setosus,MAMMALIA,1,163,72858.1178035883
pipe,12,12,56.3696355398155,Tenrec ecaudatus,Tenrec_ecaudatus,MAMMALIA,1,131,72762.4754891377
pipe,12,12,56.3696355398155,Thamnornis chloropetoides,Thamnornis_chloropetoides,AVES,0.999991306285481,6,1911.93397238564
pipe,12,12,56.3696355398155,Treron australis,Treron_australis,AVES,0.999742719937601,4,62898.2406794669
pipe,12,12,56.3696355398155,Turnix nigricollis,Turnix_nigricollis,AVES,0.99999999584673,13,64934.9211424033
pipe,12,12,56.3696355398155,Tylas eduardi,Tylas_eduardi,AVES,0.999999999999979,9,49090.7579966979
pipe,12,12,56.3696355398155,Vanga curvirostris,Vanga_curvirostris,AVES,0.99999999999998,18,72825.1502655344
pipe,12,12,56.3696355398155,Varecia rubra,Varecia_rubra,MAMMALIA,1,57,54916.3031779845
pipe,12,12,56.3696355398155,Varecia variegata,Varecia_variegata,MAMMALIA,1,55,54856.1194443611
pipe,12,12,56.3696355398155,Xanthomixis apperti,Xanthomixis_apperti,AVES,0.441311211243701,1,68.4073900828693
pipe,12,12,56.3696355398155,Xanthomixis cinereiceps,Xanthomixis_cinereiceps,AVES,1,20,14870.0055024568
pipe,12,12,56.3696355398155,Xanthomixis zosterops,Xanthomixis_zosterops,AVES,0.999999999999998,23,50582.6432395525
pipe,12,12,56.3696355398155,Xenopirostris damii,Xenopirostris_damii,AVES,0.00179910755944268,1,93.5023436630614
pipe,12,12,56.3696355398155,Xenopirostris polleni,Xenopirostris_polleni,AVES,0.999999998951232,8,14794.179198693
pipe,12,12,56.3696355398155,Xenopirostris xenopirostris,Xenopirostris_xenopirostris,AVES,0.965058075374104,1,1102.55740261015
pipe,13,13,61.0801185886043,Accipiter henstii,Accipiter_henstii,AVES,0.711616748474205,1,62366.7546556247
pipe,13,13,61.0801185886043,Accipiter madagascariensis,Accipiter_madagascariensis,AVES,0.884829801187413,1,62789.748134397
pipe,13,13,61.0801185886043,Acrocephalus newtoni,Acrocephalus_newtoni,AVES,1,33,64910.8238708229
pipe,13,13,61.0801185886043,Alectroenas madagascariensis,Alectroenas_madagascariensis,AVES,0.997787398287717,7,48875.1506357104
pipe,13,13,61.0801185886043,Allocebus trichotis,Allocebus_trichotis,MAMMALIA,0.0078347349602923,3,72.1001097191941
pipe,13,13,61.0801185886043,Anas bernieri,Anas_bernieri,AVES,0,0,0
pipe,13,13,61.0801185886043,Apus balstoni,Apus_balstoni,AVES,1,18,62809.0738361904
pipe,13,13,61.0801185886043,Artamella viridis,Artamella_viridis,AVES,1,22,63534.5276577157
pipe,13,13,61.0801185886043,Asio madagascariensis,Asio_madagascariensis,AVES,0.845407935636423,3,53470.838885405
pipe,13,13,61.0801185886043,Atelornis crossleyi,Atelornis_crossleyi,AVES,0.999998246612761,6,10946.2867868533
pipe,13,13,61.0801185886043,Atelornis pittoides,Atelornis_pittoides,AVES,0.999998716616257,3,36353.156041041
pipe,13,13,61.0801185886043,Athene superciliaris,Athene_superciliaris,AVES,0.99999996637369,7,36678.2220485561
pipe,13,13,61.0801185886043,Avahi laniger,Avahi_laniger,MAMMALIA,1,68,28457.7292416799
pipe,13,13,61.0801185886043,Avahi occidentalis,Avahi_occidentalis,MAMMALIA,0.996177513146535,3,617.947951280703
pipe,13,13,61.0801185886043,Aviceda madagascariensis,Aviceda_madagascariensis,AVES,0.951729025079926,1,58749.7948774314
pipe,13,13,61.0801185886043,Bernieria madagascariensis,Bernieria_madagascariensis,AVES,1,24,62228.5778472446
pipe,13,13,61.0801185886043,Brachypteracias leptosomus,Brachypteracias_leptosomus,AVES,0.999719874762502,1,33137.4378338789
pipe,13,13,61.0801185886043,Brachytarsomys albicauda,Brachytarsomys_albicauda,MAMMALIA,0.999999984175033,36,1603.08191085025
pipe,13,13,61.0801185886043,Brachyuromys betsileoensis,Brachyuromys_betsileoensis,MAMMALIA,1,33,10048.9255021301
pipe,13,13,61.0801185886043,Brachyuromys ramirohitra,Brachyuromys_ramirohitra,MAMMALIA,0.655414845690046,2,90.5857082152948
pipe,13,13,61.0801185886043,Bradypterus brunneus,Bradypterus_brunneus,AVES,1,36,10665.8928840048
pipe,13,13,61.0801185886043,Bradypterus seebohmi,Bradypterus_seebohmi,AVES,0.452718233996164,1,71.7493427546058
pipe,13,13,61.0801185886043,Buteo brachypterus,Buteo_brachypterus,AVES,0.794624191888588,1,67630.9894730589
pipe,13,13,61.0801185886043,Calicalicus madagascariensis,Calicalicus_madagascariensis,AVES,1,36,62428.3252003395
pipe,13,13,61.0801185886043,Cheirogaleus crossleyi,Cheirogaleus_crossleyi,MAMMALIA,1,63,4744.82326968932
pipe,13,13,61.0801185886043,Cheirogaleus major,Cheirogaleus_major,MAMMALIA,1,59,51689.5749458003
pipe,13,13,61.0801185886043,Cheirogaleus medius,Cheirogaleus_medius,MAMMALIA,1,260,20355.1350786022
pipe,13,13,61.0801185886043,Cinnyris notatus,Cinnyris_notatus,AVES,1,38,63811.8445759814
pipe,13,13,61.0801185886043,Copsychus albospecularis,Copsychus_albospecularis,AVES,0.999999993574287,7,43594.0571519736
pipe,13,13,61.0801185886043,Coracopsis nigra,Coracopsis_nigra,AVES,0.999984838185237,10,66309.3904907987
pipe,13,13,61.0801185886043,Corythornis madagascariensis,Corythornis_madagascariensis,AVES,0.903705033102508,12,61821.586807762
pipe,13,13,61.0801185886043,Coua caerulea,Coua_caerulea,AVES,0.999880680770311,4,36090.7323881103
pipe,13,13,61.0801185886043,Coua coquereli,Coua_coquereli,AVES,0.999999761946195,7,12510.0668974876
pipe,13,13,61.0801185886043,Coua cristata,Coua_cristata,AVES,0.999999999996503,8,54953.9095629343
pipe,13,13,61.0801185886043,Coua cursor,Coua_cursor,AVES,0.994926025119002,2,4262.87773547645
pipe,13,13,61.0801185886043,Coua gigas,Coua_gigas,AVES,0.999234095562689,1,13315.564282283
pipe,13,13,61.0801185886043,Coua reynaudii,Coua_reynaudii,AVES,0.999640988237132,3,31384.9465592933
pipe,13,13,61.0801185886043,Coua ruficeps,Coua_ruficeps,AVES,0.959346120072291,3,1326.55515300157
pipe,13,13,61.0801185886043,Coua serriana,Coua_serriana,AVES,0.989564187825041,1,27481.7111223861
pipe,13,13,61.0801185886043,Crossleyia xanthophrys,Crossleyia_xanthophrys,AVES,0.999999999999988,36,3544.36897559026
pipe,13,13,61.0801185886043,Cryptoprocta ferox,Cryptoprocta_ferox,MAMMALIA,0.0704722846506246,2,26796.670758898
pipe,13,13,61.0801185886043,Cryptosylvicola randrianasoloi,Cryptosylvicola_randrianasoloi,AVES,1,27,5251.01814652605
pipe,13,13,61.0801185886043,Cyanolanius madagascarinus,Cyanolanius_madagascarinus,AVES,1,30,62934.9674166275
pipe,13,13,61.0801185886043,Daubentonia madagascariensis,Daubentonia_madagascariensis,MAMMALIA,1,59,23530.1943811068
pipe,13,13,61.0801185886043,Echinops telfairi,Echinops_telfairi,MAMMALIA,1,191,19846.2709784131
pipe,13,13,61.0801185886043,Eliurus antsingy,Eliurus_antsingy,MAMMALIA,0.0133737178280204,4,59.4878232162461
pipe,13,13,61.0801185886043,Eliurus grandidieri,Eliurus_grandidieri,MAMMALIA,0.99962687477772,23,879.685595314434
pipe,13,13,61.0801185886043,Eliurus majori,Eliurus_majori,MAMMALIA,1,45,34181.2097114942
pipe,13,13,61.0801185886043,Eliurus minor,Eliurus_minor,MAMMALIA,1,157,54418.0540242164
pipe,13,13,61.0801185886043,Eliurus myoxinus,Eliurus_myoxinus,MAMMALIA,1,241,44295.2998633096
pipe,13,13,61.0801185886043,Eliurus tanala,Eliurus_tanala,MAMMALIA,1,66,35700.1711261742
pipe,13,13,61.0801185886043,Eliurus webbi,Eliurus_webbi,MAMMALIA,1,54,48310.1057522161
pipe,13,13,61.0801185886043,Eremopterix hova,Eremopterix_hova,AVES,0.999956142791264,20,2556.96750780009
pipe,13,13,61.0801185886043,Eulemur albifrons,Eulemur_albifrons,MAMMALIA,1,28,15062.5828481778
pipe,13,13,61.0801185886043,Eulemur cinereiceps,Eulemur_cinereiceps,MAMMALIA,1,105,60531.1401290222
pipe,13,13,61.0801185886043,Eulemur collaris,Eulemur_collaris,MAMMALIA,1,99,60457.6990792509
pipe,13,13,61.0801185886043,Eulemur coronatus,Eulemur_coronatus,MAMMALIA,1,136,16208.3577773361
pipe,13,13,61.0801185886043,Eulemur flavifrons,Eulemur_flavifrons,MAMMALIA,0.000213248908682684,1,25.074716512655
pipe,13,13,61.0801185886043,Eulemur fulvus,Eulemur_fulvus,MAMMALIA,1,100,60546.0915719081
pipe,13,13,61.0801185886043,Eulemur macaco,Eulemur_macaco,MAMMALIA,1,35,28328.1698855675
pipe,13,13,61.0801185886043,Eulemur mongoz,Eulemur_mongoz,MAMMALIA,0.999909633637317,12,1004.75034470629
pipe,13,13,61.0801185886043,Eulemur rubriventer,Eulemur_rubriventer,MAMMALIA,1,85,54667.2470931699
pipe,13,13,61.0801185886043,Eulemur rufus,Eulemur_rufus,MAMMALIA,1,111,24671.1620736098
pipe,13,13,61.0801185886043,Eulemur sanfordi,Eulemur_sanfordi,MAMMALIA,1,108,60554.5986062924
pipe,13,13,61.0801185886043,Euryceros prevostii,Euryceros_prevostii,AVES,0.998686002487138,3,2658.32069339292
pipe,13,13,61.0801185886043,Falco zoniventris,Falco_zoniventris,AVES,0.930849016453247,3,41591.4289135755
pipe,13,13,61.0801185886043,Falculea palliata,Falculea_palliata,AVES,0.999999991465166,15,9721.81915346121
pipe,13,13,61.0801185886043,Fossa fossana,Fossa_fossana,MAMMALIA,0.975653869816293,2,47235.1119066863
pipe,13,13,61.0801185886043,Foudia madagascariensis,Foudia_madagascariensis,AVES,0.999999999999994,42,69435.0503717286
pipe,13,13,61.0801185886043,Foudia omissa,Foudia_omissa,AVES,0.999999996159442,12,40853.7506019866
pipe,13,13,61.0801185886043,Gactornis enarratus,Gactornis_enarratus,AVES,0.999999988654632,4,40925.2441539864
pipe,13,13,61.0801185886043,Galidia elegans,Galidia_elegans,MAMMALIA,0.966747538446534,4,44011.9486164224
pipe,13,13,61.0801185886043,Galidictis fasciata,Galidictis_fasciata,MAMMALIA,0,3,4245.50634234494
pipe,13,13,61.0801185886043,Geobiastes squamiger,Geobiastes_squamiger,AVES,0.998952714942582,5,9678.56144122508
pipe,13,13,61.0801185886043,Geogale aurita,Geogale_aurita,MAMMALIA,1,195,14098.9422476783
pipe,13,13,61.0801185886043,Gymnuromys roberti,Gymnuromys_roberti,MAMMALIA,1,36,22207.3049116909
pipe,13,13,61.0801185886043,Haliaeetus vociferoides,Haliaeetus_vociferoides,AVES,3.29514614483273e-08,1,2177.31484957172
pipe,13,13,61.0801185886043,Hapalemur alaotrensis,Hapalemur_alaotrensis,MAMMALIA,0.999999341887825,17,1416.29265357914
pipe,13,13,61.0801185886043,Hapalemur aureus,Hapalemur_aureus,MAMMALIA,0.999999914613177,13,1387.1199135943
pipe,13,13,61.0801185886043,Hapalemur griseus,Hapalemur_griseus,MAMMALIA,1,94,61033.6809475991
pipe,13,13,61.0801185886043,Hapalemur occidentalis,Hapalemur_occidentalis,MAMMALIA,0.999727891435155,14,666.732867204797
pipe,13,13,61.0801185886043,Hartertula flavoviridis,Hartertula_flavoviridis,AVES,1,33,7092.07464059531
pipe,13,13,61.0801185886043,Hartlaubius auratus,Hartlaubius_auratus,AVES,1,23,61961.9973138524
pipe,13,13,61.0801185886043,Hemicentetes nigriceps,Hemicentetes_nigriceps,MAMMALIA,0.999628092896106,20,1495.16376705438
pipe,13,13,61.0801185886043,Hemicentetes semispinosus,Hemicentetes_semispinosus,MAMMALIA,1,41,51761.3166647665
pipe,13,13,61.0801185886043,Hypogeomys antimena,Hypogeomys_antimena,MAMMALIA,0.133821965614829,3,81.1960723686169
pipe,13,13,61.0801185886043,Hypositta corallirostris,Hypositta_corallirostris,AVES,0.999999439726062,10,48245.3235619247
pipe,13,13,61.0801185886043,Indri indri,Indri_indri,MAMMALIA,0.999999999932139,14,49750.3818430421
pipe,13,13,61.0801185886043,Lemur catta,Lemur_catta,MAMMALIA,1,93,9002.15816691905
pipe,13,13,61.0801185886043,Lepidopygia nana,Lepidopygia_nana,AVES,0.999993576825074,60,71242.0794197259
pipe,13,13,61.0801185886043,Lepilemur ankaranensis,Lepilemur_ankaranensis,MAMMALIA,0.942459903341432,9,316.5934792843
pipe,13,13,61.0801185886043,Lepilemur edwardsi,Lepilemur_edwardsi,MAMMALIA,1,36,4065.8676870379
pipe,13,13,61.0801185886043,Lepilemur leucopus,Lepilemur_leucopus,MAMMALIA,0.999999999999997,39,3702.74790179988
pipe,13,13,61.0801185886043,Lepilemur microdon,Lepilemur_microdon,MAMMALIA,0.999999996951999,20,2937.75332234829
pipe,13,13,61.0801185886043,Lepilemur mustelinus,Lepilemur_mustelinus,MAMMALIA,1,105,52007.7556259759
pipe,13,13,61.0801185886043,Lepilemur ruficaudatus,Lepilemur_ruficaudatus,MAMMALIA,1,76,5648.42095882867
pipe,13,13,61.0801185886043,Leptopterus chabert,Leptopterus_chabert,AVES,1,33,68018.5463382198
pipe,13,13,61.0801185886043,Lophotibis cristata,Lophotibis_cristata,AVES,0.999995534666594,2,61767.4386027592
pipe,13,13,61.0801185886043,Macrotarsomys bastardi,Macrotarsomys_bastardi,MAMMALIA,0.999999999976064,60,2602.96728735243
pipe,13,13,61.0801185886043,Margaroperdix madagarensis,Margaroperdix_madagarensis,AVES,0.99999999999991,12,55892.7099054181
pipe,13,13,61.0801185886043,Mentocrex kioloides,Mentocrex_kioloides,AVES,0.997278637011862,1,29634.9904802034
pipe,13,13,61.0801185886043,Mesitornis unicolor,Mesitornis_unicolor,AVES,0,1,89.8278131379881
pipe,13,13,61.0801185886043,Mesitornis variegatus,Mesitornis_variegatus,AVES,0.998393672332052,5,2663.29845511808
pipe,13,13,61.0801185886043,Microcebus berthae,Microcebus_berthae,MAMMALIA,1.52725564417366e-08,1,10.8090685387869
pipe,13,13,61.0801185886043,Microcebus griseorufus,Microcebus_griseorufus,MAMMALIA,0.995763539856305,11,459.298684679831
pipe,13,13,61.0801185886043,Microcebus murinus,Microcebus_murinus,MAMMALIA,1,391,41804.2854570481
pipe,13,13,61.0801185886043,Microcebus myoxinus,Microcebus_myoxinus,MAMMALIA,0.999999767674718,33,727.27306718117
pipe,13,13,61.0801185886043,Microcebus ravelobensis,Microcebus_ravelobensis,MAMMALIA,0.778620368188717,11,230.272453169512
pipe,13,13,61.0801185886043,Microcebus rufus,Microcebus_rufus,MAMMALIA,1,91,49775.2796329686
pipe,13,13,61.0801185886043,Microcebus tavaratra,Microcebus_tavaratra,MAMMALIA,0.993484536036894,23,604.190735945664
pipe,13,13,61.0801185886043,Microgale brevicaudata,Microgale_brevicaudata,MAMMALIA,1,204,17803.538509962
pipe,13,13,61.0801185886043,Microgale cowani,Microgale_cowani,MAMMALIA,1,63,41643.5070530091
pipe,13,13,61.0801185886043,Microgale drouhardi,Microgale_drouhardi,MAMMALIA,1,72,21762.658652052
pipe,13,13,61.0801185886043,Microgale dryas,Microgale_dryas,MAMMALIA,0.897201396035758,37,1175.20780457434
pipe,13,13,61.0801185886043,Microgale fotsifotsy,Microgale_fotsifotsy,MAMMALIA,1,68,24092.105754572
pipe,13,13,61.0801185886043,Microgale gracilis,Microgale_gracilis,MAMMALIA,0.999999999945895,54,7481.34471205671
pipe,13,13,61.0801185886043,Microgale gymnorhyncha,Microgale_gymnorhyncha,MAMMALIA,1,30,14847.1178295199
pipe,13,13,61.0801185886043,Microgale longicaudata,Microgale_longicaudata,MAMMALIA,1,116,46197.169990167
pipe,13,13,61.0801185886043,Microgale mergulus,Microgale_mergulus,MAMMALIA,0.999999999704557,45,3777.02902774068
pipe,13,13,61.0801185886043,Microgale parvula,Microgale_parvula,MAMMALIA,0.999999999999991,118,49438.5533865902
pipe,13,13,61.0801185886043,Microgale principula,Microgale_principula,MAMMALIA,1,83,42400.7760493263
pipe,13,13,61.0801185886043,Microgale pusilla,Microgale_pusilla,MAMMALIA,0.999999994378427,109,13774.6235879516
pipe,13,13,61.0801185886043,Microgale soricoides,Microgale_soricoides,MAMMALIA,1,28,21830.9849927039
pipe,13,13,61.0801185886043,Microgale taiva,Microgale_taiva,MAMMALIA,1,62,35031.8696886605
pipe,13,13,61.0801185886043,Microgale thomasi,Microgale_thomasi,MAMMALIA,1,52,21494.7332811367
pipe,13,13,61.0801185886043,Mirza coquereli,Mirza_coquereli,MAMMALIA,0.999845308953665,15,1274.82799124586
pipe,13,13,61.0801185886043,Monias benschi,Monias_benschi,AVES,0,1,78.2215661596996
pipe,13,13,61.0801185886043,Monticola erythronotus,Monticola_erythronotus,AVES,0.505764981643122,1,97.497303661992
pipe,13,13,61.0801185886043,Monticola sharpei,Monticola_sharpei,AVES,1,24,55097.4884439076
pipe,13,13,61.0801185886043,Monticolomys koopmani,Monticolomys_koopmani,MAMMALIA,0.132627247638879,4,91.67036602125
pipe,13,13,61.0801185886043,Motacilla flaviventris,Motacilla_flaviventris,AVES,0.999999999291654,20,3403.3020909723
pipe,13,13,61.0801185886043,Mystacornis crossleyi,Mystacornis_crossleyi,AVES,0.99999999995727,6,39149.8568378245
pipe,13,13,61.0801185886043,Neodrepanis coruscans,Neodrepanis_coruscans,AVES,0.999998776273819,13,26468.653255447
pipe,13,13,61.0801185886043,Neodrepanis hypoxantha,Neodrepanis_hypoxantha,AVES,0.0211788109146442,3,88.4296056242715
pipe,13,13,61.0801185886043,Neomixis striatigula,Neomixis_striatigula,AVES,0.999999999997947,16,44464.4869027629
pipe,13,13,61.0801185886043,Neomixis tenella,Neomixis_tenella,AVES,1,69,54067.5096724435
pipe,13,13,61.0801185886043,Neomixis viridis,Neomixis_viridis,AVES,0.999999999978567,13,43038.2113108177
pipe,13,13,61.0801185886043,Nesillas lantzii,Nesillas_lantzii,AVES,0.999587673186048,4,1582.81161049369
pipe,13,13,61.0801185886043,Nesogale dobsoni,Nesogale_dobsoni,MAMMALIA,1,57,48642.878496673
pipe,13,13,61.0801185886043,Nesogale talazaci,Nesogale_talazaci,MAMMALIA,1,52,49171.8753186958
pipe,13,13,61.0801185886043,Nesomys audeberti,Nesomys_audeberti,MAMMALIA,1,57,3272.00728229788
pipe,13,13,61.0801185886043,Nesomys lambertoni,Nesomys_lambertoni,MAMMALIA,0.999667227299884,9,573.09119519269
pipe,13,13,61.0801185886043,Nesomys rufus,Nesomys_rufus,MAMMALIA,1,49,37479.1155192593
pipe,13,13,61.0801185886043,Newtonia amphichroa,Newtonia_amphichroa,AVES,1,13,35440.0342655593
pipe,13,13,61.0801185886043,Newtonia archboldi,Newtonia_archboldi,AVES,0.999900951598717,5,1305.98827048957
pipe,13,13,61.0801185886043,Newtonia brunneicauda,Newtonia_brunneicauda,AVES,1,55,68067.8246994606
pipe,13,13,61.0801185886043,Newtonia fanovanae,Newtonia_fanovanae,AVES,0.353055283448799,2,98.220702482002
pipe,13,13,61.0801185886043,Oriolia bernieri,Oriolia_bernieri,AVES,0.999999648284142,14,10783.221037979
pipe,13,13,61.0801185886043,Oryzorictes hova,Oryzorictes_hova,MAMMALIA,1,52,47530.0785956401
pipe,13,13,61.0801185886043,Oryzorictes tetradactylus,Oryzorictes_tetradactylus,MAMMALIA,0.999999991785726,60,5523.35225634458
pipe,13,13,61.0801185886043,Otus rutilus,Otus_rutilus,AVES,0.99999999999964,11,65631.7890808068
pipe,13,13,61.0801185886043,Oxylabes madagascariensis,Oxylabes_madagascariensis,AVES,0.999999999999409,12,41660.1188309263
pipe,13,13,61.0801185886043,Phaner electromontis,Phaner_electromontis,MAMMALIA,6.41384153565738e-08,1,17.2483306993491
pipe,13,13,61.0801185886043,Phaner furcifer,Phaner_furcifer,MAMMALIA,0.887896749966768,22,510.357693982383
pipe,13,13,61.0801185886043,Phaner pallescens,Phaner_pallescens,MAMMALIA,0.999999953187714,19,1747.6654346547
pipe,13,13,61.0801185886043,Phaner parienti,Phaner_parienti,MAMMALIA,0.00280017666108179,1,24.4501852478606
pipe,13,13,61.0801185886043,Philepitta castanea,Philepitta_castanea,AVES,0.998914971503053,4,33534.6340704121
pipe,13,13,61.0801185886043,Philepitta schlegeli,Philepitta_schlegeli,AVES,0.994096669271778,12,3344.1387490356
pipe,13,13,61.0801185886043,Ploceus nelicourvi,Ploceus_nelicourvi,AVES,0.99999999999735,8,47757.1746141069
pipe,13,13,61.0801185886043,Ploceus sakalava,Ploceus_sakalava,AVES,0.999999998237844,37,12000.92386567
pipe,13,13,61.0801185886043,Polyboroides radiatus,Polyboroides_radiatus,AVES,0.995443066756746,1,54863.9880734768
pipe,13,13,61.0801185886043,Pseudobias wardi,Pseudobias_wardi,AVES,0.999999999999988,14,35200.7136481703
pipe,13,13,61.0801185886043,Pterocles personatus,Pterocles_personatus,AVES,0.939919864031225,3,6590.36395288397
pipe,13,13,61.0801185886043,Rallus madagascariensis,Rallus_madagascariensis,AVES,0.999995097521847,4,12252.8549844998
pipe,13,13,61.0801185886043,Randia pseudozosterops,Randia_pseudozosterops,AVES,0.999999999985419,10,36534.2313192314
pipe,13,13,61.0801185886043,Sarothrura insularis,Sarothrura_insularis,AVES,0.999999106048069,5,51519.8556234565
pipe,13,13,61.0801185886043,Schetba rufa,Schetba_rufa,AVES,1,23,20840.6657644423
pipe,13,13,61.0801185886043,Setifer setosus,Setifer_setosus,MAMMALIA,1,124,67049.6259364179
pipe,13,13,61.0801185886043,Tenrec ecaudatus,Tenrec_ecaudatus,MAMMALIA,1,106,67117.1700975738
pipe,13,13,61.0801185886043,Thamnornis chloropetoides,Thamnornis_chloropetoides,AVES,0.999988379745874,6,1844.13686155901
pipe,13,13,61.0801185886043,Treron australis,Treron_australis,AVES,0.999956344277763,6,57160.9434255459
pipe,13,13,61.0801185886043,Turnix nigricollis,Turnix_nigricollis,AVES,0.999999999978256,15,59328.3977984081
pipe,13,13,61.0801185886043,Tylas eduardi,Tylas_eduardi,AVES,0.999999999997238,7,46553.453956687
pipe,13,13,61.0801185886043,Vanga curvirostris,Vanga_curvirostris,AVES,0.999999999999994,18,66876.0663411125
pipe,13,13,61.0801185886043,Varecia rubra,Varecia_rubra,MAMMALIA,1,30,50826.4257492855
pipe,13,13,61.0801185886043,Varecia variegata,Varecia_variegata,MAMMALIA,1,28,50796.1448261142
pipe,13,13,61.0801185886043,Xanthomixis apperti,Xanthomixis_apperti,AVES,0.441311211243701,1,68.4073900828693
pipe,13,13,61.0801185886043,Xanthomixis cinereiceps,Xanthomixis_cinereiceps,AVES,1,17,14219.9977700309
pipe,13,13,61.0801185886043,Xanthomixis zosterops,Xanthomixis_zosterops,AVES,0.999999999999807,13,47760.5561106031
pipe,13,13,61.0801185886043,Xenopirostris damii,Xenopirostris_damii,AVES,0.00179910755944268,1,93.5023436630614
pipe,13,13,61.0801185886043,Xenopirostris polleni,Xenopirostris_polleni,AVES,0.999999997809589,8,14186.9674693484
pipe,13,13,61.0801185886043,Xenopirostris xenopirostris,Xenopirostris_xenopirostris,AVES,0.965058075374104,1,1102.55740261015
pipe,14,14,65.7855369548315,Accipiter henstii,Accipiter_henstii,AVES,0.685668497277161,1,55693.2732378744
pipe,14,14,65.7855369548315,Accipiter madagascariensis,Accipiter_madagascariensis,AVES,0.870735297228711,1,55803.9843044268
pipe,14,14,65.7855369548315,Acrocephalus newtoni,Acrocephalus_newtoni,AVES,1,37,58201.3017682445
pipe,14,14,65.7855369548315,Alectroenas madagascariensis,Alectroenas_madagascariensis,AVES,0.997237413344742,7,44296.3212893695
pipe,14,14,65.7855369548315,Allocebus trichotis,Allocebus_trichotis,MAMMALIA,0.0078347349602923,3,72.1001097191941
pipe,14,14,65.7855369548315,Anas bernieri,Anas_bernieri,AVES,0,0,0
pipe,14,14,65.7855369548315,Apus balstoni,Apus_balstoni,AVES,1,16,56033.9681340618
pipe,14,14,65.7855369548315,Artamella viridis,Artamella_viridis,AVES,1,23,56234.2169924665
pipe,14,14,65.7855369548315,Asio madagascariensis,Asio_madagascariensis,AVES,0.827281457318128,3,47284.2120705679
pipe,14,14,65.7855369548315,Atelornis crossleyi,Atelornis_crossleyi,AVES,0.999998211211245,6,10868.2238574096
pipe,14,14,65.7855369548315,Atelornis pittoides,Atelornis_pittoides,AVES,0.999998308794629,3,33545.3118336401
pipe,14,14,65.7855369548315,Athene superciliaris,Athene_superciliaris,AVES,0.999999918156009,6,31765.9552195962
pipe,14,14,65.7855369548315,Avahi laniger,Avahi_laniger,MAMMALIA,1,55,27282.2325996231
pipe,14,14,65.7855369548315,Avahi occidentalis,Avahi_occidentalis,MAMMALIA,0.995652526496807,3,589.937683664781
pipe,14,14,65.7855369548315,Aviceda madagascariensis,Aviceda_madagascariensis,AVES,0.943069348116036,1,51507.3836515616
pipe,14,14,65.7855369548315,Bernieria madagascariensis,Bernieria_madagascariensis,AVES,1,29,55679.0291520647
pipe,14,14,65.7855369548315,Brachypteracias leptosomus,Brachypteracias_leptosomus,AVES,0.999669998028416,1,30295.2992778157
pipe,14,14,65.7855369548315,Brachytarsomys albicauda,Brachytarsomys_albicauda,MAMMALIA,0.999999984175033,36,1603.08191085025
pipe,14,14,65.7855369548315,Brachyuromys betsileoensis,Brachyuromys_betsileoensis,MAMMALIA,1,28,9789.83651953006
pipe,14,14,65.7855369548315,Brachyuromys ramirohitra,Brachyuromys_ramirohitra,MAMMALIA,0.655414845690046,2,90.5857082152948
pipe,14,14,65.7855369548315,Bradypterus brunneus,Bradypterus_brunneus,AVES,1,33,10507.6636061124
pipe,14,14,65.7855369548315,Bradypterus seebohmi,Bradypterus_seebohmi,AVES,0.452718233996164,1,71.7493427546058
pipe,14,14,65.7855369548315,Buteo brachypterus,Buteo_brachypterus,AVES,0.773111178581362,1,60089.0633161483
pipe,14,14,65.7855369548315,Calicalicus madagascariensis,Calicalicus_madagascariensis,AVES,1,39,55821.6788611812
pipe,14,14,65.7855369548315,Cheirogaleus crossleyi,Cheirogaleus_crossleyi,MAMMALIA,1,58,4594.41045321513
pipe,14,14,65.7855369548315,Cheirogaleus major,Cheirogaleus_major,MAMMALIA,1,34,47321.3810179072
pipe,14,14,65.7855369548315,Cheirogaleus medius,Cheirogaleus_medius,MAMMALIA,1,206,17458.9871829735
pipe,14,14,65.7855369548315,Cinnyris notatus,Cinnyris_notatus,AVES,1,39,56928.283530277
pipe,14,14,65.7855369548315,Copsychus albospecularis,Copsychus_albospecularis,AVES,0.99999998277395,8,40981.764254569
pipe,14,14,65.7855369548315,Coracopsis nigra,Coracopsis_nigra,AVES,0.999960584446974,10,58986.6311447849
pipe,14,14,65.7855369548315,Corythornis madagascariensis,Corythornis_madagascariensis,AVES,0.890414126381457,10,55229.4115276982
pipe,14,14,65.7855369548315,Coua caerulea,Coua_caerulea,AVES,0.999840264323649,3,33435.2884579002
pipe,14,14,65.7855369548315,Coua coquereli,Coua_coquereli,AVES,0.999998253155215,6,10421.566260314
pipe,14,14,65.7855369548315,Coua cristata,Coua_cristata,AVES,0.999999999999974,12,48973.9675282847
pipe,14,14,65.7855369548315,Coua cursor,Coua_cursor,AVES,0.991756413314101,2,3698.91354939265
pipe,14,14,65.7855369548315,Coua gigas,Coua_gigas,AVES,0.999967945018043,2,11158.1847699727
pipe,14,14,65.7855369548315,Coua reynaudii,Coua_reynaudii,AVES,0.999576074977338,3,28756.4780664953
pipe,14,14,65.7855369548315,Coua ruficeps,Coua_ruficeps,AVES,0.959346120072291,3,1326.55515300157
pipe,14,14,65.7855369548315,Coua serriana,Coua_serriana,AVES,0.988212503065454,1,24945.7448580923
pipe,14,14,65.7855369548315,Crossleyia xanthophrys,Crossleyia_xanthophrys,AVES,0.999999999999979,36,3493.18322212633
pipe,14,14,65.7855369548315,Cryptoprocta ferox,Cryptoprocta_ferox,MAMMALIA,0.0704722846506246,2,26796.670758898
pipe,14,14,65.7855369548315,Cryptosylvicola randrianasoloi,Cryptosylvicola_randrianasoloi,AVES,1,26,5228.73780747763
pipe,14,14,65.7855369548315,Cyanolanius madagascarinus,Cyanolanius_madagascarinus,AVES,1,32,56183.8398079438
pipe,14,14,65.7855369548315,Daubentonia madagascariensis,Daubentonia_madagascariensis,MAMMALIA,1,46,21334.6284196933
pipe,14,14,65.7855369548315,Echinops telfairi,Echinops_telfairi,MAMMALIA,1,164,17292.9782324783
pipe,14,14,65.7855369548315,Eliurus antsingy,Eliurus_antsingy,MAMMALIA,0.0133737178258206,3,49.043584514739
pipe,14,14,65.7855369548315,Eliurus grandidieri,Eliurus_grandidieri,MAMMALIA,0.99962687477772,23,879.685595314434
pipe,14,14,65.7855369548315,Eliurus majori,Eliurus_majori,MAMMALIA,1,32,32219.9151362792
pipe,14,14,65.7855369548315,Eliurus minor,Eliurus_minor,MAMMALIA,1,121,49173.4844189368
pipe,14,14,65.7855369548315,Eliurus myoxinus,Eliurus_myoxinus,MAMMALIA,1,182,39420.0674042596
pipe,14,14,65.7855369548315,Eliurus tanala,Eliurus_tanala,MAMMALIA,1,48,34071.0942378443
pipe,14,14,65.7855369548315,Eliurus webbi,Eliurus_webbi,MAMMALIA,1,34,43395.9243164598
pipe,14,14,65.7855369548315,Eremopterix hova,Eremopterix_hova,AVES,0.999946767081463,17,2455.50029830756
pipe,14,14,65.7855369548315,Eulemur albifrons,Eulemur_albifrons,MAMMALIA,1,19,13813.014653025
pipe,14,14,65.7855369548315,Eulemur cinereiceps,Eulemur_cinereiceps,MAMMALIA,1,86,54076.7394607462
pipe,14,14,65.7855369548315,Eulemur collaris,Eulemur_collaris,MAMMALIA,1,79,53987.0659751004
pipe,14,14,65.7855369548315,Eulemur coronatus,Eulemur_coronatus,MAMMALIA,1,114,13914.8161645044
pipe,14,14,65.7855369548315,Eulemur flavifrons,Eulemur_flavifrons,MAMMALIA,0.000213248908682684,1,25.074716512655
pipe,14,14,65.7855369548315,Eulemur fulvus,Eulemur_fulvus,MAMMALIA,1,79,54078.8409854052
pipe,14,14,65.7855369548315,Eulemur macaco,Eulemur_macaco,MAMMALIA,1,20,27154.5190880348
pipe,14,14,65.7855369548315,Eulemur mongoz,Eulemur_mongoz,MAMMALIA,0.999634409765933,10,884.729314649571
pipe,14,14,65.7855369548315,Eulemur rubriventer,Eulemur_rubriventer,MAMMALIA,1,66,50109.8260555792
pipe,14,14,65.7855369548315,Eulemur rufus,Eulemur_rufus,MAMMALIA,1,80,22255.0780538735
pipe,14,14,65.7855369548315,Eulemur sanfordi,Eulemur_sanfordi,MAMMALIA,1,89,54095.5923618263
pipe,14,14,65.7855369548315,Euryceros prevostii,Euryceros_prevostii,AVES,0.998420394342367,3,2498.58254406362
pipe,14,14,65.7855369548315,Falco zoniventris,Falco_zoniventris,AVES,0.91040949784803,3,37383.618874607
pipe,14,14,65.7855369548315,Falculea palliata,Falculea_palliata,AVES,0.999999906535571,15,8264.51292963174
pipe,14,14,65.7855369548315,Fossa fossana,Fossa_fossana,MAMMALIA,0.95982851236626,2,42056.1314875263
pipe,14,14,65.7855369548315,Foudia madagascariensis,Foudia_madagascariensis,AVES,0.999999999999997,42,61515.17187476
pipe,14,14,65.7855369548315,Foudia omissa,Foudia_omissa,AVES,0.999999998896496,9,36871.495907054
pipe,14,14,65.7855369548315,Gactornis enarratus,Gactornis_enarratus,AVES,0.999999980808573,4,36841.8096882134
pipe,14,14,65.7855369548315,Galidia elegans,Galidia_elegans,MAMMALIA,0.96164667641199,3,40950.6051547707
pipe,14,14,65.7855369548315,Galidictis fasciata,Galidictis_fasciata,MAMMALIA,0,2,2920.77011981549
pipe,14,14,65.7855369548315,Geobiastes squamiger,Geobiastes_squamiger,AVES,0.998441336169016,5,8981.62029984808
pipe,14,14,65.7855369548315,Geogale aurita,Geogale_aurita,MAMMALIA,0.999999999999961,165,12285.779363236
pipe,14,14,65.7855369548315,Gymnuromys roberti,Gymnuromys_roberti,MAMMALIA,1,34,21470.0437031373
pipe,14,14,65.7855369548315,Haliaeetus vociferoides,Haliaeetus_vociferoides,AVES,2.31966967856323e-09,1,2044.75858857331
pipe,14,14,65.7855369548315,Hapalemur alaotrensis,Hapalemur_alaotrensis,MAMMALIA,0.999999341887825,17,1416.29265357914
pipe,14,14,65.7855369548315,Hapalemur aureus,Hapalemur_aureus,MAMMALIA,0.999999906494432,13,1363.08028738916
pipe,14,14,65.7855369548315,Hapalemur griseus,Hapalemur_griseus,MAMMALIA,1,70,55172.0997303162
pipe,14,14,65.7855369548315,Hapalemur occidentalis,Hapalemur_occidentalis,MAMMALIA,0.9995223789822,14,647.380726205093
pipe,14,14,65.7855369548315,Hartertula flavoviridis,Hartertula_flavoviridis,AVES,1,31,6975.39829061959
pipe,14,14,65.7855369548315,Hartlaubius auratus,Hartlaubius_auratus,AVES,0.999999999999978,23,55443.9009988071
pipe,14,14,65.7855369548315,Hemicentetes nigriceps,Hemicentetes_nigriceps,MAMMALIA,0.999554137506906,18,1389.32335969427
pipe,14,14,65.7855369548315,Hemicentetes semispinosus,Hemicentetes_semispinosus,MAMMALIA,1,29,46437.3938255448
pipe,14,14,65.7855369548315,Hypogeomys antimena,Hypogeomys_antimena,MAMMALIA,0.133821965614829,3,81.1960723686169
pipe,14,14,65.7855369548315,Hypositta corallirostris,Hypositta_corallirostris,AVES,0.99999989153866,8,43976.3144388534
pipe,14,14,65.7855369548315,Indri indri,Indri_indri,MAMMALIA,0.999999999989562,11,45246.8656581338
pipe,14,14,65.7855369548315,Lemur catta,Lemur_catta,MAMMALIA,1,76,8037.28307514022
pipe,14,14,65.7855369548315,Lepidopygia nana,Lepidopygia_nana,AVES,0.999989548450265,59,63461.4033678388
pipe,14,14,65.7855369548315,Lepilemur ankaranensis,Lepilemur_ankaranensis,MAMMALIA,0.942459903341343,9,315.213818007167
pipe,14,14,65.7855369548315,Lepilemur edwardsi,Lepilemur_edwardsi,MAMMALIA,0.999999999999998,32,3642.12716637409
pipe,14,14,65.7855369548315,Lepilemur leucopus,Lepilemur_leucopus,MAMMALIA,0.999999999996673,28,2756.13112566605
pipe,14,14,65.7855369548315,Lepilemur microdon,Lepilemur_microdon,MAMMALIA,0.999999996185048,18,2856.18104631906
pipe,14,14,65.7855369548315,Lepilemur mustelinus,Lepilemur_mustelinus,MAMMALIA,1,75,46272.940023974
pipe,14,14,65.7855369548315,Lepilemur ruficaudatus,Lepilemur_ruficaudatus,MAMMALIA,1,58,4602.28385365311
pipe,14,14,65.7855369548315,Leptopterus chabert,Leptopterus_chabert,AVES,1,36,60527.2341662368
pipe,14,14,65.7855369548315,Lophotibis cristata,Lophotibis_cristata,AVES,0.999998403232438,3,55267.7300634213
pipe,14,14,65.7855369548315,Macrotarsomys bastardi,Macrotarsomys_bastardi,MAMMALIA,0.999999999726454,47,2201.4972450202
pipe,14,14,65.7855369548315,Margaroperdix madagarensis,Margaroperdix_madagarensis,AVES,0.999999999977426,12,50780.9184388837
pipe,14,14,65.7855369548315,Mentocrex kioloides,Mentocrex_kioloides,AVES,0.996942340974397,1,27383.2066624245
pipe,14,14,65.7855369548315,Mesitornis unicolor,Mesitornis_unicolor,AVES,0,0,0
pipe,14,14,65.7855369548315,Mesitornis variegatus,Mesitornis_variegatus,AVES,0.998302900599906,5,2634.71751237997
pipe,14,14,65.7855369548315,Microcebus berthae,Microcebus_berthae,MAMMALIA,1.52725564417366e-08,1,10.8090685387869
pipe,14,14,65.7855369548315,Microcebus griseorufus,Microcebus_griseorufus,MAMMALIA,0.995763539856305,11,459.298684679831
pipe,14,14,65.7855369548315,Microcebus murinus,Microcebus_murinus,MAMMALIA,1,319,35780.4782215749
pipe,14,14,65.7855369548315,Microcebus myoxinus,Microcebus_myoxinus,MAMMALIA,0.999999581293979,28,670.041025191566
pipe,14,14,65.7855369548315,Microcebus ravelobensis,Microcebus_ravelobensis,MAMMALIA,0.778620368188717,9,218.856960565414
pipe,14,14,65.7855369548315,Microcebus rufus,Microcebus_rufus,MAMMALIA,1,62,45363.4318059459
pipe,14,14,65.7855369548315,Microcebus tavaratra,Microcebus_tavaratra,MAMMALIA,0.993455720807786,19,570.618823575543
pipe,14,14,65.7855369548315,Microgale brevicaudata,Microgale_brevicaudata,MAMMALIA,1,171,16388.4127973592
pipe,14,14,65.7855369548315,Microgale cowani,Microgale_cowani,MAMMALIA,0.999999999999999,38,38860.620679538
pipe,14,14,65.7855369548315,Microgale drouhardi,Microgale_drouhardi,MAMMALIA,1,52,20999.2052970244
pipe,14,14,65.7855369548315,Microgale dryas,Microgale_dryas,MAMMALIA,0.897201396035758,32,1125.93689495235
pipe,14,14,65.7855369548315,Microgale fotsifotsy,Microgale_fotsifotsy,MAMMALIA,1,49,23339.7572648272
pipe,14,14,65.7855369548315,Microgale gracilis,Microgale_gracilis,MAMMALIA,0.999999999944987,49,7394.1123566551
pipe,14,14,65.7855369548315,Microgale gymnorhyncha,Microgale_gymnorhyncha,MAMMALIA,0.999999999999998,30,14190.1335934168
pipe,14,14,65.7855369548315,Microgale longicaudata,Microgale_longicaudata,MAMMALIA,1,85,42489.628082005
pipe,14,14,65.7855369548315,Microgale mergulus,Microgale_mergulus,MAMMALIA,0.999999999685413,37,3632.50547524569
pipe,14,14,65.7855369548315,Microgale parvula,Microgale_parvula,MAMMALIA,0.999999999999954,79,45800.9558173433
pipe,14,14,65.7855369548315,Microgale principula,Microgale_principula,MAMMALIA,1,51,39631.6340110158
pipe,14,14,65.7855369548315,Microgale pusilla,Microgale_pusilla,MAMMALIA,0.999999996267675,93,13369.1439214115
pipe,14,14,65.7855369548315,Microgale soricoides,Microgale_soricoides,MAMMALIA,1,25,20819.3942640234
pipe,14,14,65.7855369548315,Microgale taiva,Microgale_taiva,MAMMALIA,1,43,33282.1079495455
pipe,14,14,65.7855369548315,Microgale thomasi,Microgale_thomasi,MAMMALIA,1,48,20541.3823619434
pipe,14,14,65.7855369548315,Mirza coquereli,Mirza_coquereli,MAMMALIA,0.999677947978835,14,1135.11337116334
pipe,14,14,65.7855369548315,Monias benschi,Monias_benschi,AVES,0,0,0
pipe,14,14,65.7855369548315,Monticola erythronotus,Monticola_erythronotus,AVES,0.505764981643122,1,97.497303661992
pipe,14,14,65.7855369548315,Monticola sharpei,Monticola_sharpei,AVES,0.999999999999998,22,49386.7169697828
pipe,14,14,65.7855369548315,Monticolomys koopmani,Monticolomys_koopmani,MAMMALIA,0.132627247638879,4,91.67036602125
pipe,14,14,65.7855369548315,Motacilla flaviventris,Motacilla_flaviventris,AVES,0.999999992218557,17,2903.38765396387
pipe,14,14,65.7855369548315,Mystacornis crossleyi,Mystacornis_crossleyi,AVES,0.999999999987974,5,36146.3788898334
pipe,14,14,65.7855369548315,Neodrepanis coruscans,Neodrepanis_coruscans,AVES,0.99999916383183,12,24649.972362757
pipe,14,14,65.7855369548315,Neodrepanis hypoxantha,Neodrepanis_hypoxantha,AVES,0.0211788109146442,3,88.4296056242715
pipe,14,14,65.7855369548315,Neomixis striatigula,Neomixis_striatigula,AVES,0.999999999999942,11,40601.5387161288
pipe,14,14,65.7855369548315,Neomixis tenella,Neomixis_tenella,AVES,1,67,49333.7671137486
pipe,14,14,65.7855369548315,Neomixis viridis,Neomixis_viridis,AVES,0.999999999996542,7,39690.1452426827
pipe,14,14,65.7855369548315,Nesillas lantzii,Nesillas_lantzii,AVES,0.999368023432817,4,1295.43348112363
pipe,14,14,65.7855369548315,Nesogale dobsoni,Nesogale_dobsoni,MAMMALIA,1,42,44540.6189152345
pipe,14,14,65.7855369548315,Nesogale talazaci,Nesogale_talazaci,MAMMALIA,1,36,44671.0293392293
pipe,14,14,65.7855369548315,Nesomys audeberti,Nesomys_audeberti,MAMMALIA,1,51,3173.61321176556
pipe,14,14,65.7855369548315,Nesomys lambertoni,Nesomys_lambertoni,MAMMALIA,0.999484452930528,8,537.174862519303
pipe,14,14,65.7855369548315,Nesomys rufus,Nesomys_rufus,MAMMALIA,1,36,34281.0496054736
pipe,14,14,65.7855369548315,Newtonia amphichroa,Newtonia_amphichroa,AVES,1,11,32763.0386785669
pipe,14,14,65.7855369548315,Newtonia archboldi,Newtonia_archboldi,AVES,0.999666095012044,5,1010.91658881536
pipe,14,14,65.7855369548315,Newtonia brunneicauda,Newtonia_brunneicauda,AVES,1,57,60744.636945266
pipe,14,14,65.7855369548315,Newtonia fanovanae,Newtonia_fanovanae,AVES,0.353055283448799,2,98.220702482002
pipe,14,14,65.7855369548315,Oriolia bernieri,Oriolia_bernieri,AVES,0.999999271339594,11,9656.58507758954
pipe,14,14,65.7855369548315,Oryzorictes hova,Oryzorictes_hova,MAMMALIA,1,36,43174.5680525758
pipe,14,14,65.7855369548315,Oryzorictes tetradactylus,Oryzorictes_tetradactylus,MAMMALIA,0.999999988042398,56,5335.6920304976
pipe,14,14,65.7855369548315,Otus rutilus,Otus_rutilus,AVES,0.999999999996384,10,58441.2563225764
pipe,14,14,65.7855369548315,Oxylabes madagascariensis,Oxylabes_madagascariensis,AVES,0.999999999999967,10,37704.4232070746
pipe,14,14,65.7855369548315,Phaner electromontis,Phaner_electromontis,MAMMALIA,0,0,0
pipe,14,14,65.7855369548315,Phaner furcifer,Phaner_furcifer,MAMMALIA,0.887896737361262,19,468.166934086511
pipe,14,14,65.7855369548315,Phaner pallescens,Phaner_pallescens,MAMMALIA,0.999999282409101,18,1509.85587003462
pipe,14,14,65.7855369548315,Phaner parienti,Phaner_parienti,MAMMALIA,0.00280017666108179,1,24.4501852478606
pipe,14,14,65.7855369548315,Philepitta castanea,Philepitta_castanea,AVES,0.9988212385335,3,31834.73501035
pipe,14,14,65.7855369548315,Philepitta schlegeli,Philepitta_schlegeli,AVES,0.992363686246473,14,3109.38168556887
pipe,14,14,65.7855369548315,Ploceus nelicourvi,Ploceus_nelicourvi,AVES,0.999999999999946,8,42961.5428473012
pipe,14,14,65.7855369548315,Ploceus sakalava,Ploceus_sakalava,AVES,0.999999996016535,35,10052.5735691759
pipe,14,14,65.7855369548315,Polyboroides radiatus,Polyboroides_radiatus,AVES,0.998598719523982,2,47315.816289201
pipe,14,14,65.7855369548315,Pseudobias wardi,Pseudobias_wardi,AVES,1,12,32857.7010248792
pipe,14,14,65.7855369548315,Pterocles personatus,Pterocles_personatus,AVES,0.928156203730188,3,5970.16433732325
pipe,14,14,65.7855369548315,Rallus madagascariensis,Rallus_madagascariensis,AVES,0.999999916284482,5,11906.6496086545
pipe,14,14,65.7855369548315,Randia pseudozosterops,Randia_pseudozosterops,AVES,0.999999999998633,8,33068.7911014784
pipe,14,14,65.7855369548315,Sarothrura insularis,Sarothrura_insularis,AVES,0.999999647373422,6,46449.3187752173
pipe,14,14,65.7855369548315,Schetba rufa,Schetba_rufa,AVES,0.999999999999998,20,19239.0227285993
pipe,14,14,65.7855369548315,Setifer setosus,Setifer_setosus,MAMMALIA,1,96,59303.8505010029
pipe,14,14,65.7855369548315,Tenrec ecaudatus,Tenrec_ecaudatus,MAMMALIA,1,81,59750.7604475017
pipe,14,14,65.7855369548315,Thamnornis chloropetoides,Thamnornis_chloropetoides,AVES,0.999883989271514,5,1499.18228158942
pipe,14,14,65.7855369548315,Treron australis,Treron_australis,AVES,0.999923456914394,7,49962.3438891926
pipe,14,14,65.7855369548315,Turnix nigricollis,Turnix_nigricollis,AVES,0.999999999930093,14,52936.5661587097
pipe,14,14,65.7855369548315,Tylas eduardi,Tylas_eduardi,AVES,0.999999999994493,6,42156.6676858767
pipe,14,14,65.7855369548315,Vanga curvirostris,Vanga_curvirostris,AVES,0.999999999999908,19,59244.1446755232
pipe,14,14,65.7855369548315,Varecia rubra,Varecia_rubra,MAMMALIA,1,20,46357.6354723568
pipe,14,14,65.7855369548315,Varecia variegata,Varecia_variegata,MAMMALIA,1,16,46297.4464472228
pipe,14,14,65.7855369548315,Xanthomixis apperti,Xanthomixis_apperti,AVES,0.441311211243701,1,68.4073900828693
pipe,14,14,65.7855369548315,Xanthomixis cinereiceps,Xanthomixis_cinereiceps,AVES,1,18,13671.4706412069
pipe,14,14,65.7855369548315,Xanthomixis zosterops,Xanthomixis_zosterops,AVES,1,11,42946.1980291156
pipe,14,14,65.7855369548315,Xenopirostris damii,Xenopirostris_damii,AVES,0.00179910755944268,1,93.5023436630614
pipe,14,14,65.7855369548315,Xenopirostris polleni,Xenopirostris_polleni,AVES,0.999999999841037,8,13597.5881783262
pipe,14,14,65.7855369548315,Xenopirostris xenopirostris,Xenopirostris_xenopirostris,AVES,0.965058075374104,1,1102.55740261015
pipe,15,15,70.4793253092505,Accipiter henstii,Accipiter_henstii,AVES,0.649318850863723,1,48081.6688257302
pipe,15,15,70.4793253092505,Accipiter madagascariensis,Accipiter_madagascariensis,AVES,0.873809673622931,3,48130.8602347527
pipe,15,15,70.4793253092505,Acrocephalus newtoni,Acrocephalus_newtoni,AVES,1,35,50074.4368323369
pipe,15,15,70.4793253092505,Alectroenas madagascariensis,Alectroenas_madagascariensis,AVES,0.997191112982702,8,38932.0053844879
pipe,15,15,70.4793253092505,Allocebus trichotis,Allocebus_trichotis,MAMMALIA,0.0078347349602923,3,72.1001097191941
pipe,15,15,70.4793253092505,Anas bernieri,Anas_bernieri,AVES,0,0,0
pipe,15,15,70.4793253092505,Apus balstoni,Apus_balstoni,AVES,1,23,48122.7823041196
pipe,15,15,70.4793253092505,Artamella viridis,Artamella_viridis,AVES,1,25,48742.4882166025
pipe,15,15,70.4793253092505,Asio madagascariensis,Asio_madagascariensis,AVES,0.809128879923684,2,41139.7235491573
pipe,15,15,70.4793253092505,Atelornis crossleyi,Atelornis_crossleyi,AVES,0.999995854779092,6,10182.8828083438
pipe,15,15,70.4793253092505,Atelornis pittoides,Atelornis_pittoides,AVES,0.999998457218222,4,30343.0032740975
pipe,15,15,70.4793253092505,Athene superciliaris,Athene_superciliaris,AVES,0.99999975751178,7,27313.9623912129
pipe,15,15,70.4793253092505,Avahi laniger,Avahi_laniger,MAMMALIA,1,52,24973.0343431771
pipe,15,15,70.4793253092505,Avahi occidentalis,Avahi_occidentalis,MAMMALIA,0.995267895145549,4,574.880980554762
pipe,15,15,70.4793253092505,Aviceda madagascariensis,Aviceda_madagascariensis,AVES,0.932590293552044,1,44993.4789366843
pipe,15,15,70.4793253092505,Bernieria madagascariensis,Bernieria_madagascariensis,AVES,1,32,47925.4853575149
pipe,15,15,70.4793253092505,Brachypteracias leptosomus,Brachypteracias_leptosomus,AVES,0.999681134443987,2,26485.0660739862
pipe,15,15,70.4793253092505,Brachytarsomys albicauda,Brachytarsomys_albicauda,MAMMALIA,0.99999995425103,36,1504.52056397017
pipe,15,15,70.4793253092505,Brachyuromys betsileoensis,Brachyuromys_betsileoensis,MAMMALIA,1,29,9040.35184892821
pipe,15,15,70.4793253092505,Brachyuromys ramirohitra,Brachyuromys_ramirohitra,MAMMALIA,0.655414845690046,2,90.5857082152948
pipe,15,15,70.4793253092505,Bradypterus brunneus,Bradypterus_brunneus,AVES,1,32,9749.77139132318
pipe,15,15,70.4793253092505,Bradypterus seebohmi,Bradypterus_seebohmi,AVES,0.452718233996164,1,71.7493427546058
pipe,15,15,70.4793253092505,Buteo brachypterus,Buteo_brachypterus,AVES,0.743897134857891,1,51925.5183612277
pipe,15,15,70.4793253092505,Calicalicus madagascariensis,Calicalicus_madagascariensis,AVES,1,41,48011.6331550279
pipe,15,15,70.4793253092505,Cheirogaleus crossleyi,Cheirogaleus_crossleyi,MAMMALIA,1,53,4464.00114162627
pipe,15,15,70.4793253092505,Cheirogaleus major,Cheirogaleus_major,MAMMALIA,1,28,41006.7851874369
pipe,15,15,70.4793253092505,Cheirogaleus medius,Cheirogaleus_medius,MAMMALIA,1,175,15180.7307088432
pipe,15,15,70.4793253092505,Cinnyris notatus,Cinnyris_notatus,AVES,1,44,48894.0866654643
pipe,15,15,70.4793253092505,Copsychus albospecularis,Copsychus_albospecularis,AVES,0.999999823817855,7,36453.5385303782
pipe,15,15,70.4793253092505,Coracopsis nigra,Coracopsis_nigra,AVES,0.999940549228461,12,50784.688501693
pipe,15,15,70.4793253092505,Corythornis madagascariensis,Corythornis_madagascariensis,AVES,0.845531312562387,12,47575.1833944648
pipe,15,15,70.4793253092505,Coua caerulea,Coua_caerulea,AVES,0.99985560781289,3,30021.9857114951
pipe,15,15,70.4793253092505,Coua coquereli,Coua_coquereli,AVES,0.999992610495401,6,8941.30620268323
pipe,15,15,70.4793253092505,Coua cristata,Coua_cristata,AVES,0.999999999999682,11,42590.8523660135
pipe,15,15,70.4793253092505,Coua cursor,Coua_cursor,AVES,0.991383504214668,2,3584.0046436879
pipe,15,15,70.4793253092505,Coua gigas,Coua_gigas,AVES,0.999934726894597,2,9988.0524125369
pipe,15,15,70.4793253092505,Coua reynaudii,Coua_reynaudii,AVES,0.999454810817866,2,25051.1910588774
pipe,15,15,70.4793253092505,Coua ruficeps,Coua_ruficeps,AVES,0.959346120072291,3,1326.55515300157
pipe,15,15,70.4793253092505,Coua serriana,Coua_serriana,AVES,0.99892378016018,2,22061.5644311892
pipe,15,15,70.4793253092505,Crossleyia xanthophrys,Crossleyia_xanthophrys,AVES,0.999999999999925,32,3295.24164661886
pipe,15,15,70.4793253092505,Cryptoprocta ferox,Cryptoprocta_ferox,MAMMALIA,0.0541957287396089,2,25921.5863563384
pipe,15,15,70.4793253092505,Cryptosylvicola randrianasoloi,Cryptosylvicola_randrianasoloi,AVES,1,25,4839.79315895309
pipe,15,15,70.4793253092505,Cyanolanius madagascarinus,Cyanolanius_madagascarinus,AVES,1,34,48422.5888175322
pipe,15,15,70.4793253092505,Daubentonia madagascariensis,Daubentonia_madagascariensis,MAMMALIA,1,40,18361.9311076849
pipe,15,15,70.4793253092505,Echinops telfairi,Echinops_telfairi,MAMMALIA,1,145,15132.4143589567
pipe,15,15,70.4793253092505,Eliurus antsingy,Eliurus_antsingy,MAMMALIA,0.0133737178258206,3,49.043584514739
pipe,15,15,70.4793253092505,Eliurus grandidieri,Eliurus_grandidieri,MAMMALIA,0.99962687477772,23,879.685595314434
pipe,15,15,70.4793253092505,Eliurus majori,Eliurus_majori,MAMMALIA,1,35,29575.6895201415
pipe,15,15,70.4793253092505,Eliurus minor,Eliurus_minor,MAMMALIA,1,101,43090.2934319348
pipe,15,15,70.4793253092505,Eliurus myoxinus,Eliurus_myoxinus,MAMMALIA,1,150,35114.9205523564
pipe,15,15,70.4793253092505,Eliurus tanala,Eliurus_tanala,MAMMALIA,1,41,30897.6921307989
pipe,15,15,70.4793253092505,Eliurus webbi,Eliurus_webbi,MAMMALIA,1,32,37945.7841965175
pipe,15,15,70.4793253092505,Eremopterix hova,Eremopterix_hova,AVES,0.999986672475387,17,2357.18369846122
pipe,15,15,70.4793253092505,Eulemur albifrons,Eulemur_albifrons,MAMMALIA,1,20,12012.3757354262
pipe,15,15,70.4793253092505,Eulemur cinereiceps,Eulemur_cinereiceps,MAMMALIA,1,82,46792.482252165
pipe,15,15,70.4793253092505,Eulemur collaris,Eulemur_collaris,MAMMALIA,1,75,46715.99208344
pipe,15,15,70.4793253092505,Eulemur coronatus,Eulemur_coronatus,MAMMALIA,1,102,11469.2536746413
pipe,15,15,70.4793253092505,Eulemur flavifrons,Eulemur_flavifrons,MAMMALIA,0.000213248908682684,1,25.074716512655
pipe,15,15,70.4793253092505,Eulemur fulvus,Eulemur_fulvus,MAMMALIA,1,78,46793.6693296303
pipe,15,15,70.4793253092505,Eulemur macaco,Eulemur_macaco,MAMMALIA,1,22,24806.1308081777
pipe,15,15,70.4793253092505,Eulemur mongoz,Eulemur_mongoz,MAMMALIA,0.99906703710951,9,839.995115269005
pipe,15,15,70.4793253092505,Eulemur rubriventer,Eulemur_rubriventer,MAMMALIA,1,60,43848.9029910059
pipe,15,15,70.4793253092505,Eulemur rufus,Eulemur_rufus,MAMMALIA,1,74,19865.8382432118
pipe,15,15,70.4793253092505,Eulemur sanfordi,Eulemur_sanfordi,MAMMALIA,1,83,46804.1087913727
pipe,15,15,70.4793253092505,Euryceros prevostii,Euryceros_prevostii,AVES,0.997434721298649,3,2192.93372457917
pipe,15,15,70.4793253092505,Falco zoniventris,Falco_zoniventris,AVES,0.892905739048788,3,33529.1621832173
pipe,15,15,70.4793253092505,Falculea palliata,Falculea_palliata,AVES,0.999999979933757,16,7607.66280728679
pipe,15,15,70.4793253092505,Fossa fossana,Fossa_fossana,MAMMALIA,0.933208674832813,2,37250.4096954145
pipe,15,15,70.4793253092505,Foudia madagascariensis,Foudia_madagascariensis,AVES,1,45,53288.4414120014
pipe,15,15,70.4793253092505,Foudia omissa,Foudia_omissa,AVES,0.999999992967495,9,32195.5292418549
pipe,15,15,70.4793253092505,Gactornis enarratus,Gactornis_enarratus,AVES,0.999999977054189,4,32058.9717659754
pipe,15,15,70.4793253092505,Galidia elegans,Galidia_elegans,MAMMALIA,0.941195710301174,3,37089.9061175467
pipe,15,15,70.4793253092505,Galidictis fasciata,Galidictis_fasciata,MAMMALIA,0,1,1584.28545674432
pipe,15,15,70.4793253092505,Geobiastes squamiger,Geobiastes_squamiger,AVES,0.997895386048929,5,8451.25425941496
pipe,15,15,70.4793253092505,Geogale aurita,Geogale_aurita,MAMMALIA,0.999999999999584,149,11089.3597070683
pipe,15,15,70.4793253092505,Gymnuromys roberti,Gymnuromys_roberti,MAMMALIA,1,34,19929.6081497665
pipe,15,15,70.4793253092505,Haliaeetus vociferoides,Haliaeetus_vociferoides,AVES,2.39580355554381e-10,1,1957.03667520732
pipe,15,15,70.4793253092505,Hapalemur alaotrensis,Hapalemur_alaotrensis,MAMMALIA,0.999999341887825,17,1416.0187452056
pipe,15,15,70.4793253092505,Hapalemur aureus,Hapalemur_aureus,MAMMALIA,0.999998416926612,12,922.597882726157
pipe,15,15,70.4793253092505,Hapalemur griseus,Hapalemur_griseus,MAMMALIA,1,72,47376.6658984754
pipe,15,15,70.4793253092505,Hapalemur occidentalis,Hapalemur_occidentalis,MAMMALIA,0.999279376994694,13,628.448956599466
pipe,15,15,70.4793253092505,Hartertula flavoviridis,Hartertula_flavoviridis,AVES,1,31,6504.86345631521
pipe,15,15,70.4793253092505,Hartlaubius auratus,Hartlaubius_auratus,AVES,0.999999999999998,28,48032.2833650145
pipe,15,15,70.4793253092505,Hemicentetes nigriceps,Hemicentetes_nigriceps,MAMMALIA,0.999553645514391,17,1376.65238451264
pipe,15,15,70.4793253092505,Hemicentetes semispinosus,Hemicentetes_semispinosus,MAMMALIA,0.999999999999993,23,40377.4667925689
pipe,15,15,70.4793253092505,Hypogeomys antimena,Hypogeomys_antimena,MAMMALIA,0.133821965614829,3,81.1960723686169
pipe,15,15,70.4793253092505,Hypositta corallirostris,Hypositta_corallirostris,AVES,0.999999626915649,9,38705.4014188787
pipe,15,15,70.4793253092505,Indri indri,Indri_indri,MAMMALIA,0.999999999905891,10,39478.5158514125
pipe,15,15,70.4793253092505,Lemur catta,Lemur_catta,MAMMALIA,1,67,7278.30030755443
pipe,15,15,70.4793253092505,Lepidopygia nana,Lepidopygia_nana,AVES,0.999975877676001,61,54834.0177964599
pipe,15,15,70.4793253092505,Lepilemur ankaranensis,Lepilemur_ankaranensis,MAMMALIA,0.942459903341341,6,281.192858119976
pipe,15,15,70.4793253092505,Lepilemur edwardsi,Lepilemur_edwardsi,MAMMALIA,0.999999999502517,30,2771.75354157147
pipe,15,15,70.4793253092505,Lepilemur leucopus,Lepilemur_leucopus,MAMMALIA,0.9999999999869,23,2559.61844262689
pipe,15,15,70.4793253092505,Lepilemur microdon,Lepilemur_microdon,MAMMALIA,0.999999846975279,19,2430.5712031146
pipe,15,15,70.4793253092505,Lepilemur mustelinus,Lepilemur_mustelinus,MAMMALIA,1,61,41196.7115331536
pipe,15,15,70.4793253092505,Lepilemur ruficaudatus,Lepilemur_ruficaudatus,MAMMALIA,1,43,3871.86534719286
pipe,15,15,70.4793253092505,Leptopterus chabert,Leptopterus_chabert,AVES,1,38,52270.0983077822
pipe,15,15,70.4793253092505,Lophotibis cristata,Lophotibis_cristata,AVES,0.999994994331813,3,47426.3455245409
pipe,15,15,70.4793253092505,Macrotarsomys bastardi,Macrotarsomys_bastardi,MAMMALIA,0.999999998453718,40,1968.23625930281
pipe,15,15,70.4793253092505,Margaroperdix madagarensis,Margaroperdix_madagarensis,AVES,0.999999999928872,12,44757.4373693481
pipe,15,15,70.4793253092505,Mentocrex kioloides,Mentocrex_kioloides,AVES,0.996733977931672,2,24386.1059313037
pipe,15,15,70.4793253092505,Mesitornis unicolor,Mesitornis_unicolor,AVES,0,0,0
pipe,15,15,70.4793253092505,Mesitornis variegatus,Mesitornis_variegatus,AVES,0.997648279662333,4,2387.96407538951
pipe,15,15,70.4793253092505,Microcebus berthae,Microcebus_berthae,MAMMALIA,1.52725564417366e-08,1,10.8090685387869
pipe,15,15,70.4793253092505,Microcebus griseorufus,Microcebus_griseorufus,MAMMALIA,0.995763539856305,11,459.298684679831
pipe,15,15,70.4793253092505,Microcebus murinus,Microcebus_murinus,MAMMALIA,1,288,29741.3098650659
pipe,15,15,70.4793253092505,Microcebus myoxinus,Microcebus_myoxinus,MAMMALIA,0.999997709660429,21,577.849908813544
pipe,15,15,70.4793253092505,Microcebus ravelobensis,Microcebus_ravelobensis,MAMMALIA,0.778620368188717,9,218.856960565414
pipe,15,15,70.4793253092505,Microcebus rufus,Microcebus_rufus,MAMMALIA,1,48,39657.1157895128
pipe,15,15,70.4793253092505,Microcebus tavaratra,Microcebus_tavaratra,MAMMALIA,0.993389601969015,17,547.071764066312
pipe,15,15,70.4793253092505,Microgale brevicaudata,Microgale_brevicaudata,MAMMALIA,1,147,14545.3121250203
pipe,15,15,70.4793253092505,Microgale cowani,Microgale_cowani,MAMMALIA,0.999999999999959,29,34605.7138716797
pipe,15,15,70.4793253092505,Microgale drouhardi,Microgale_drouhardi,MAMMALIA,1,47,18775.0825566161
pipe,15,15,70.4793253092505,Microgale dryas,Microgale_dryas,MAMMALIA,0.897173527007963,26,1055.73738193587
pipe,15,15,70.4793253092505,Microgale fotsifotsy,Microgale_fotsifotsy,MAMMALIA,1,45,21102.592436764
pipe,15,15,70.4793253092505,Microgale gracilis,Microgale_gracilis,MAMMALIA,0.999999999873936,48,6807.58967347119
pipe,15,15,70.4793253092505,Microgale gymnorhyncha,Microgale_gymnorhyncha,MAMMALIA,0.999999999999991,27,13327.0154663894
pipe,15,15,70.4793253092505,Microgale longicaudata,Microgale_longicaudata,MAMMALIA,1,57,37803.0679402833
pipe,15,15,70.4793253092505,Microgale mergulus,Microgale_mergulus,MAMMALIA,0.999999999080175,34,3271.4089132657
pipe,15,15,70.4793253092505,Microgale parvula,Microgale_parvula,MAMMALIA,0.999999999998343,59,40201.7681632552
pipe,15,15,70.4793253092505,Microgale principula,Microgale_principula,MAMMALIA,1,37,35408.009903428
pipe,15,15,70.4793253092505,Microgale pusilla,Microgale_pusilla,MAMMALIA,0.999999989424612,88,12800.5873954748
pipe,15,15,70.4793253092505,Microgale soricoides,Microgale_soricoides,MAMMALIA,1,24,19440.9719752778
pipe,15,15,70.4793253092505,Microgale taiva,Microgale_taiva,MAMMALIA,1,44,30368.8965240833
pipe,15,15,70.4793253092505,Microgale thomasi,Microgale_thomasi,MAMMALIA,1,40,18145.3278882608
pipe,15,15,70.4793253092505,Mirza coquereli,Mirza_coquereli,MAMMALIA,0.999537790365722,11,1058.0124427911
pipe,15,15,70.4793253092505,Monias benschi,Monias_benschi,AVES,0,0,0
pipe,15,15,70.4793253092505,Monticola erythronotus,Monticola_erythronotus,AVES,0.505764981643122,1,97.497303661992
pipe,15,15,70.4793253092505,Monticola sharpei,Monticola_sharpei,AVES,0.999999999999807,17,42707.4180300893
pipe,15,15,70.4793253092505,Monticolomys koopmani,Monticolomys_koopmani,MAMMALIA,0.132627247638879,4,91.67036602125
pipe,15,15,70.4793253092505,Motacilla flaviventris,Motacilla_flaviventris,AVES,0.999999949569891,15,2577.5971807103
pipe,15,15,70.4793253092505,Mystacornis crossleyi,Mystacornis_crossleyi,AVES,0.999999999946603,4,32554.6561363331
pipe,15,15,70.4793253092505,Neodrepanis coruscans,Neodrepanis_coruscans,AVES,0.999998192951784,11,22178.9264166778
pipe,15,15,70.4793253092505,Neodrepanis hypoxantha,Neodrepanis_hypoxantha,AVES,0.0211788109146442,3,88.4296056242715
pipe,15,15,70.4793253092505,Neomixis striatigula,Neomixis_striatigula,AVES,0.999999999999421,8,36169.6648022146
pipe,15,15,70.4793253092505,Neomixis tenella,Neomixis_tenella,AVES,1,57,44603.4614128667
pipe,15,15,70.4793253092505,Neomixis viridis,Neomixis_viridis,AVES,0.999999999997161,6,35531.4047413418
pipe,15,15,70.4793253092505,Nesillas lantzii,Nesillas_lantzii,AVES,0.998749974783892,4,1246.07556980157
pipe,15,15,70.4793253092505,Nesogale dobsoni,Nesogale_dobsoni,MAMMALIA,1,34,38890.3496111063
pipe,15,15,70.4793253092505,Nesogale talazaci,Nesogale_talazaci,MAMMALIA,1,28,39211.7132332639
pipe,15,15,70.4793253092505,Nesomys audeberti,Nesomys_audeberti,MAMMALIA,0.999999999999997,47,2834.80155348828
pipe,15,15,70.4793253092505,Nesomys lambertoni,Nesomys_lambertoni,MAMMALIA,0.999439784474524,8,528.723915307986
pipe,15,15,70.4793253092505,Nesomys rufus,Nesomys_rufus,MAMMALIA,1,28,30537.894638378
pipe,15,15,70.4793253092505,Newtonia amphichroa,Newtonia_amphichroa,AVES,1,12,29660.5098351051
pipe,15,15,70.4793253092505,Newtonia archboldi,Newtonia_archboldi,AVES,0.999236633491821,5,942.286452663309
pipe,15,15,70.4793253092505,Newtonia brunneicauda,Newtonia_brunneicauda,AVES,1,55,52475.8404438869
pipe,15,15,70.4793253092505,Newtonia fanovanae,Newtonia_fanovanae,AVES,0.353055283448799,2,98.220702482002
pipe,15,15,70.4793253092505,Oriolia bernieri,Oriolia_bernieri,AVES,0.999999920732255,13,8265.74744351844
pipe,15,15,70.4793253092505,Oryzorictes hova,Oryzorictes_hova,MAMMALIA,1,29,37910.2868085165
pipe,15,15,70.4793253092505,Oryzorictes tetradactylus,Oryzorictes_tetradactylus,MAMMALIA,0.999999881569527,53,4927.11860128804
pipe,15,15,70.4793253092505,Otus rutilus,Otus_rutilus,AVES,0.999999999988388,10,50243.2112115204
pipe,15,15,70.4793253092505,Oxylabes madagascariensis,Oxylabes_madagascariensis,AVES,0.999999999997316,9,33265.2554873105
pipe,15,15,70.4793253092505,Phaner electromontis,Phaner_electromontis,MAMMALIA,0,0,0
pipe,15,15,70.4793253092505,Phaner furcifer,Phaner_furcifer,MAMMALIA,0.887896737361262,19,468.166934086511
pipe,15,15,70.4793253092505,Phaner pallescens,Phaner_pallescens,MAMMALIA,0.999998531322649,14,1394.12525509061
pipe,15,15,70.4793253092505,Phaner parienti,Phaner_parienti,MAMMALIA,0.00280017666108179,1,24.4501852478606
pipe,15,15,70.4793253092505,Philepitta castanea,Philepitta_castanea,AVES,0.999339921239313,3,28994.5643473366
pipe,15,15,70.4793253092505,Philepitta schlegeli,Philepitta_schlegeli,AVES,0.990148270616655,13,2989.985067236
pipe,15,15,70.4793253092505,Ploceus nelicourvi,Ploceus_nelicourvi,AVES,0.999999999993529,6,37420.9062805408
pipe,15,15,70.4793253092505,Ploceus sakalava,Ploceus_sakalava,AVES,0.999999993710848,37,9038.46210897436
pipe,15,15,70.4793253092505,Polyboroides radiatus,Polyboroides_radiatus,AVES,0.999519899915735,3,39884.1545305322
pipe,15,15,70.4793253092505,Pseudobias wardi,Pseudobias_wardi,AVES,1,11,29802.8996080155
pipe,15,15,70.4793253092505,Pterocles personatus,Pterocles_personatus,AVES,0.908933455454788,3,5280.92411778237
pipe,15,15,70.4793253092505,Rallus madagascariensis,Rallus_madagascariensis,AVES,0.999999828249679,5,10840.4467322129
pipe,15,15,70.4793253092505,Randia pseudozosterops,Randia_pseudozosterops,AVES,0.999999999999799,9,28690.7519344129
pipe,15,15,70.4793253092505,Sarothrura insularis,Sarothrura_insularis,AVES,0.999998601816075,5,40343.6448319974
pipe,15,15,70.4793253092505,Schetba rufa,Schetba_rufa,AVES,0.999999999999994,19,17273.9387573607
pipe,15,15,70.4793253092505,Setifer setosus,Setifer_setosus,MAMMALIA,1,92,51301.1294303526
pipe,15,15,70.4793253092505,Tenrec ecaudatus,Tenrec_ecaudatus,MAMMALIA,1,82,51636.8587787932
pipe,15,15,70.4793253092505,Thamnornis chloropetoides,Thamnornis_chloropetoides,AVES,0.999883677549942,5,1497.44451481902
pipe,15,15,70.4793253092505,Treron australis,Treron_australis,AVES,0.999904513517254,9,43401.0389149802
pipe,15,15,70.4793253092505,Turnix nigricollis,Turnix_nigricollis,AVES,0.999999999877074,13,46462.6090168262
pipe,15,15,70.4793253092505,Tylas eduardi,Tylas_eduardi,AVES,0.999999999993535,6,36697.5289413319
pipe,15,15,70.4793253092505,Vanga curvirostris,Vanga_curvirostris,AVES,0.999999999999935,23,51012.2699965743
pipe,15,15,70.4793253092505,Varecia rubra,Varecia_rubra,MAMMALIA,1,19,40408.5840306885
pipe,15,15,70.4793253092505,Varecia variegata,Varecia_variegata,MAMMALIA,0.999999999999998,18,40389.5212628984
pipe,15,15,70.4793253092505,Xanthomixis apperti,Xanthomixis_apperti,AVES,0.441311211243701,1,68.4073900828693
pipe,15,15,70.4793253092505,Xanthomixis cinereiceps,Xanthomixis_cinereiceps,AVES,1,16,12785.7998923754
pipe,15,15,70.4793253092505,Xanthomixis zosterops,Xanthomixis_zosterops,AVES,0.999999999999908,10,37369.4964214304
pipe,15,15,70.4793253092505,Xenopirostris damii,Xenopirostris_damii,AVES,0.00179910755944268,1,93.5023436630614
pipe,15,15,70.4793253092505,Xenopirostris polleni,Xenopirostris_polleni,AVES,0.999999999725473,8,12833.2692895821
pipe,15,15,70.4793253092505,Xenopirostris xenopirostris,Xenopirostris_xenopirostris,AVES,0.965058075374104,1,1102.55740261015
pipe,16,16,75.1702061607174,Accipiter henstii,Accipiter_henstii,AVES,0.597803542370432,1,39749.396455522
pipe,16,16,75.1702061607174,Accipiter madagascariensis,Accipiter_madagascariensis,AVES,0.849265779837186,3,40942.1702141266
pipe,16,16,75.1702061607174,Acrocephalus newtoni,Acrocephalus_newtoni,AVES,1,37,41535.8873389313
pipe,16,16,75.1702061607174,Alectroenas madagascariensis,Alectroenas_madagascariensis,AVES,0.994253309737497,8,34044.5911732725
pipe,16,16,75.1702061607174,Allocebus trichotis,Allocebus_trichotis,MAMMALIA,0.0078347349602923,3,72.1001097191941
pipe,16,16,75.1702061607174,Anas bernieri,Anas_bernieri,AVES,0,0,0
pipe,16,16,75.1702061607174,Apus balstoni,Apus_balstoni,AVES,0.999999999999959,15,39551.105002403
pipe,16,16,75.1702061607174,Artamella viridis,Artamella_viridis,AVES,0.999999999999996,30,41651.8098209368
pipe,16,16,75.1702061607174,Asio madagascariensis,Asio_madagascariensis,AVES,0.782609235877046,2,34493.3026431008
pipe,16,16,75.1702061607174,Atelornis crossleyi,Atelornis_crossleyi,AVES,0.999992888726988,5,9522.59699726019
pipe,16,16,75.1702061607174,Atelornis pittoides,Atelornis_pittoides,AVES,0.999996302335976,5,27030.2278164854
pipe,16,16,75.1702061607174,Athene superciliaris,Athene_superciliaris,AVES,0.999996294693386,10,24077.8915222287
pipe,16,16,75.1702061607174,Avahi laniger,Avahi_laniger,MAMMALIA,1,50,21440.1388501516
pipe,16,16,75.1702061607174,Avahi occidentalis,Avahi_occidentalis,MAMMALIA,0.994846163128801,4,560.183920699711
pipe,16,16,75.1702061607174,Aviceda madagascariensis,Aviceda_madagascariensis,AVES,0.945177400720295,2,38666.5848933873
pipe,16,16,75.1702061607174,Bernieria madagascariensis,Bernieria_madagascariensis,AVES,1,29,39621.1095903942
pipe,16,16,75.1702061607174,Brachypteracias leptosomus,Brachypteracias_leptosomus,AVES,0.999996543110932,3,23714.4366049651
pipe,16,16,75.1702061607174,Brachytarsomys albicauda,Brachytarsomys_albicauda,MAMMALIA,0.999999191947601,33,1281.0156782805
pipe,16,16,75.1702061607174,Brachyuromys betsileoensis,Brachyuromys_betsileoensis,MAMMALIA,1,28,7812.62061376029
pipe,16,16,75.1702061607174,Brachyuromys ramirohitra,Brachyuromys_ramirohitra,MAMMALIA,0.655414845690046,2,90.5857082152948
pipe,16,16,75.1702061607174,Bradypterus brunneus,Bradypterus_brunneus,AVES,1,31,8797.62172519794
pipe,16,16,75.1702061607174,Bradypterus seebohmi,Bradypterus_seebohmi,AVES,0.452718233996164,1,71.7493427546058
pipe,16,16,75.1702061607174,Buteo brachypterus,Buteo_brachypterus,AVES,0.704075927838269,1,43452.2222046065
pipe,16,16,75.1702061607174,Calicalicus madagascariensis,Calicalicus_madagascariensis,AVES,0.999999999999994,34,39923.4835705941
pipe,16,16,75.1702061607174,Cheirogaleus crossleyi,Cheirogaleus_crossleyi,MAMMALIA,1,52,4166.36076330109
pipe,16,16,75.1702061607174,Cheirogaleus major,Cheirogaleus_major,MAMMALIA,1,42,34573.2314260302
pipe,16,16,75.1702061607174,Cheirogaleus medius,Cheirogaleus_medius,MAMMALIA,1,147,12151.0069119282
pipe,16,16,75.1702061607174,Cinnyris notatus,Cinnyris_notatus,AVES,1,38,40451.0693649695
pipe,16,16,75.1702061607174,Copsychus albospecularis,Copsychus_albospecularis,AVES,0.999999939251657,8,31268.0104270429
pipe,16,16,75.1702061607174,Coracopsis nigra,Coracopsis_nigra,AVES,0.999759683914279,12,42180.525515269
pipe,16,16,75.1702061607174,Corythornis madagascariensis,Corythornis_madagascariensis,AVES,0.816710087601005,11,39207.2626570072
pipe,16,16,75.1702061607174,Coua caerulea,Coua_caerulea,AVES,0.999754957138746,3,26829.2642575112
pipe,16,16,75.1702061607174,Coua coquereli,Coua_coquereli,AVES,0.999954481486021,7,7204.72404300455
pipe,16,16,75.1702061607174,Coua cristata,Coua_cristata,AVES,0.999999999963827,13,37335.4924133021
pipe,16,16,75.1702061607174,Coua cursor,Coua_cursor,AVES,0.990778862666733,2,3467.19181897763
pipe,16,16,75.1702061607174,Coua gigas,Coua_gigas,AVES,0.99940369323768,3,8479.87325789458
pipe,16,16,75.1702061607174,Coua reynaudii,Coua_reynaudii,AVES,0.999297807347574,1,21674.5413949579
pipe,16,16,75.1702061607174,Coua ruficeps,Coua_ruficeps,AVES,0.959346120072291,2,1243.60641534433
pipe,16,16,75.1702061607174,Coua serriana,Coua_serriana,AVES,0.998551173590467,2,19633.7517851052
pipe,16,16,75.1702061607174,Crossleyia xanthophrys,Crossleyia_xanthophrys,AVES,0.999999999999061,31,3063.5886024354
pipe,16,16,75.1702061607174,Cryptoprocta ferox,Cryptoprocta_ferox,MAMMALIA,0.0118790024667249,2,19454.5280420919
pipe,16,16,75.1702061607174,Cryptosylvicola randrianasoloi,Cryptosylvicola_randrianasoloi,AVES,1,23,4208.80272847216
pipe,16,16,75.1702061607174,Cyanolanius madagascarinus,Cyanolanius_madagascarinus,AVES,1,32,39986.1936891271
pipe,16,16,75.1702061607174,Daubentonia madagascariensis,Daubentonia_madagascariensis,MAMMALIA,1,38,15419.8032009423
pipe,16,16,75.1702061607174,Echinops telfairi,Echinops_telfairi,MAMMALIA,1,118,12258.3026097892
pipe,16,16,75.1702061607174,Eliurus antsingy,Eliurus_antsingy,MAMMALIA,0.0133737178258206,3,49.043584514739
pipe,16,16,75.1702061607174,Eliurus grandidieri,Eliurus_grandidieri,MAMMALIA,0.99962687477772,23,879.685595314434
pipe,16,16,75.1702061607174,Eliurus majori,Eliurus_majori,MAMMALIA,1,51,24092.2116982791
pipe,16,16,75.1702061607174,Eliurus minor,Eliurus_minor,MAMMALIA,1,101,36244.3569319167
pipe,16,16,75.1702061607174,Eliurus myoxinus,Eliurus_myoxinus,MAMMALIA,1,144,29394.5933320145
pipe,16,16,75.1702061607174,Eliurus tanala,Eliurus_tanala,MAMMALIA,1,57,26018.1589159913
pipe,16,16,75.1702061607174,Eliurus webbi,Eliurus_webbi,MAMMALIA,1,47,33297.818510484
pipe,16,16,75.1702061607174,Eremopterix hova,Eremopterix_hova,AVES,0.999984943511387,17,2319.01647293855
pipe,16,16,75.1702061607174,Eulemur albifrons,Eulemur_albifrons,MAMMALIA,1,17,11320.111692689
pipe,16,16,75.1702061607174,Eulemur cinereiceps,Eulemur_cinereiceps,MAMMALIA,1,78,38425.5566609147
pipe,16,16,75.1702061607174,Eulemur collaris,Eulemur_collaris,MAMMALIA,1,73,38357.9763139007
pipe,16,16,75.1702061607174,Eulemur coronatus,Eulemur_coronatus,MAMMALIA,1,83,9762.08070845561
pipe,16,16,75.1702061607174,Eulemur flavifrons,Eulemur_flavifrons,MAMMALIA,0.000213248908682684,1,25.074716512655
pipe,16,16,75.1702061607174,Eulemur fulvus,Eulemur_fulvus,MAMMALIA,1,75,38425.7397058287
pipe,16,16,75.1702061607174,Eulemur macaco,Eulemur_macaco,MAMMALIA,1,28,20721.6935847833
pipe,16,16,75.1702061607174,Eulemur mongoz,Eulemur_mongoz,MAMMALIA,0.998449660133789,5,688.45164359319
pipe,16,16,75.1702061607174,Eulemur rubriventer,Eulemur_rubriventer,MAMMALIA,1,68,36725.1836571163
pipe,16,16,75.1702061607174,Eulemur rufus,Eulemur_rufus,MAMMALIA,1,64,16923.3277733655
pipe,16,16,75.1702061607174,Eulemur sanfordi,Eulemur_sanfordi,MAMMALIA,1,80,38437.1832001223
pipe,16,16,75.1702061607174,Euryceros prevostii,Euryceros_prevostii,AVES,0.996344870213456,3,2078.93771899723
pipe,16,16,75.1702061607174,Falco zoniventris,Falco_zoniventris,AVES,0.878951181131879,4,30899.5160482051
pipe,16,16,75.1702061607174,Falculea palliata,Falculea_palliata,AVES,0.999999074599417,16,6571.41493690743
pipe,16,16,75.1702061607174,Fossa fossana,Fossa_fossana,MAMMALIA,0.807214832761414,3,30386.3947580318
pipe,16,16,75.1702061607174,Foudia madagascariensis,Foudia_madagascariensis,AVES,0.999999999999927,46,44872.1735314084
pipe,16,16,75.1702061607174,Foudia omissa,Foudia_omissa,AVES,0.9999999947234,12,28218.7601019232
pipe,16,16,75.1702061607174,Gactornis enarratus,Gactornis_enarratus,AVES,0.999999924355516,4,28429.8348514821
pipe,16,16,75.1702061607174,Galidia elegans,Galidia_elegans,MAMMALIA,0.816803655755876,4,30031.9985880726
pipe,16,16,75.1702061607174,Galidictis fasciata,Galidictis_fasciata,MAMMALIA,0,1,1529.64931621576
pipe,16,16,75.1702061607174,Geobiastes squamiger,Geobiastes_squamiger,AVES,0.997490190195292,4,7925.78709684939
pipe,16,16,75.1702061607174,Geogale aurita,Geogale_aurita,MAMMALIA,0.99999999997439,137,9611.44575079823
pipe,16,16,75.1702061607174,Gymnuromys roberti,Gymnuromys_roberti,MAMMALIA,1,35,17404.2508971074
pipe,16,16,75.1702061607174,Haliaeetus vociferoides,Haliaeetus_vociferoides,AVES,0,1,1567.07698088194
pipe,16,16,75.1702061607174,Hapalemur alaotrensis,Hapalemur_alaotrensis,MAMMALIA,0.999999341887825,17,1416.0187452056
pipe,16,16,75.1702061607174,Hapalemur aureus,Hapalemur_aureus,MAMMALIA,0.999894354815804,9,640.841536354817
pipe,16,16,75.1702061607174,Hapalemur griseus,Hapalemur_griseus,MAMMALIA,1,69,39148.7937923653
pipe,16,16,75.1702061607174,Hapalemur occidentalis,Hapalemur_occidentalis,MAMMALIA,0.999279376994694,13,628.448956599466
pipe,16,16,75.1702061607174,Hartertula flavoviridis,Hartertula_flavoviridis,AVES,1,33,5667.28850238606
pipe,16,16,75.1702061607174,Hartlaubius auratus,Hartlaubius_auratus,AVES,0.999999999998904,32,40050.0194248552
pipe,16,16,75.1702061607174,Hemicentetes nigriceps,Hemicentetes_nigriceps,MAMMALIA,0.998929113287798,16,1210.60632267986
pipe,16,16,75.1702061607174,Hemicentetes semispinosus,Hemicentetes_semispinosus,MAMMALIA,1,39,34210.1751297429
pipe,16,16,75.1702061607174,Hypogeomys antimena,Hypogeomys_antimena,MAMMALIA,0.133821965614829,3,81.1960723686169
pipe,16,16,75.1702061607174,Hypositta corallirostris,Hypositta_corallirostris,AVES,0.999999917099243,12,33213.2751602731
pipe,16,16,75.1702061607174,Indri indri,Indri_indri,MAMMALIA,0.999999999999975,14,33468.3630183477
pipe,16,16,75.1702061607174,Lemur catta,Lemur_catta,MAMMALIA,1,60,5465.04876030217
pipe,16,16,75.1702061607174,Lepidopygia nana,Lepidopygia_nana,AVES,0.9999597552072,61,45834.7017039821
pipe,16,16,75.1702061607174,Lepilemur ankaranensis,Lepilemur_ankaranensis,MAMMALIA,0.942459903341341,5,274.237082094521
pipe,16,16,75.1702061607174,Lepilemur edwardsi,Lepilemur_edwardsi,MAMMALIA,0.999999880118327,14,1809.42700494314
pipe,16,16,75.1702061607174,Lepilemur leucopus,Lepilemur_leucopus,MAMMALIA,0.999999999978517,22,2486.93146090779
pipe,16,16,75.1702061607174,Lepilemur microdon,Lepilemur_microdon,MAMMALIA,0.99999562234665,18,1929.16395172018
pipe,16,16,75.1702061607174,Lepilemur mustelinus,Lepilemur_mustelinus,MAMMALIA,1,80,34405.8357847735
pipe,16,16,75.1702061607174,Lepilemur ruficaudatus,Lepilemur_ruficaudatus,MAMMALIA,0.999999999999641,27,2830.98592715687
pipe,16,16,75.1702061607174,Leptopterus chabert,Leptopterus_chabert,AVES,1,41,43719.1082137348
pipe,16,16,75.1702061607174,Lophotibis cristata,Lophotibis_cristata,AVES,0.999963591593078,4,38838.063940722
pipe,16,16,75.1702061607174,Macrotarsomys bastardi,Macrotarsomys_bastardi,MAMMALIA,0.999999993883809,39,1824.53988311158
pipe,16,16,75.1702061607174,Margaroperdix madagarensis,Margaroperdix_madagarensis,AVES,0.999999998032236,15,38366.0579354527
pipe,16,16,75.1702061607174,Mentocrex kioloides,Mentocrex_kioloides,AVES,0.995768546044929,2,22074.9527050778
pipe,16,16,75.1702061607174,Mesitornis unicolor,Mesitornis_unicolor,AVES,0,0,0
pipe,16,16,75.1702061607174,Mesitornis variegatus,Mesitornis_variegatus,AVES,0.997073716342095,4,2341.08658593949
pipe,16,16,75.1702061607174,Microcebus berthae,Microcebus_berthae,MAMMALIA,1.52725564417366e-08,1,10.8090685387869
pipe,16,16,75.1702061607174,Microcebus griseorufus,Microcebus_griseorufus,MAMMALIA,0.995742518239646,11,458.692135120759
pipe,16,16,75.1702061607174,Microcebus murinus,Microcebus_murinus,MAMMALIA,1,250,24972.74232095
pipe,16,16,75.1702061607174,Microcebus myoxinus,Microcebus_myoxinus,MAMMALIA,0.999854601999335,9,374.83480196268
pipe,16,16,75.1702061607174,Microcebus ravelobensis,Microcebus_ravelobensis,MAMMALIA,0.778620368188717,8,213.92547160288
pipe,16,16,75.1702061607174,Microcebus rufus,Microcebus_rufus,MAMMALIA,1,62,33180.9932210185
pipe,16,16,75.1702061607174,Microcebus tavaratra,Microcebus_tavaratra,MAMMALIA,0.993270649626589,14,496.485403796988
pipe,16,16,75.1702061607174,Microgale brevicaudata,Microgale_brevicaudata,MAMMALIA,1,115,12048.2177690844
pipe,16,16,75.1702061607174,Microgale cowani,Microgale_cowani,MAMMALIA,1,52,28032.242697818
pipe,16,16,75.1702061607174,Microgale drouhardi,Microgale_drouhardi,MAMMALIA,1,53,16166.0554022089
pipe,16,16,75.1702061607174,Microgale dryas,Microgale_dryas,MAMMALIA,0.897173527007963,26,1055.73738193587
pipe,16,16,75.1702061607174,Microgale fotsifotsy,Microgale_fotsifotsy,MAMMALIA,1,47,18507.8342872835
pipe,16,16,75.1702061607174,Microgale gracilis,Microgale_gracilis,MAMMALIA,0.99999999974075,44,5937.99855031745
pipe,16,16,75.1702061607174,Microgale gymnorhyncha,Microgale_gymnorhyncha,MAMMALIA,1,31,11912.2319326706
pipe,16,16,75.1702061607174,Microgale longicaudata,Microgale_longicaudata,MAMMALIA,1,74,31096.745919016
pipe,16,16,75.1702061607174,Microgale mergulus,Microgale_mergulus,MAMMALIA,0.999999970545152,33,2872.43254978552
pipe,16,16,75.1702061607174,Microgale parvula,Microgale_parvula,MAMMALIA,0.999999999999889,70,34161.6666320915
pipe,16,16,75.1702061607174,Microgale principula,Microgale_principula,MAMMALIA,1,51,31346.0623900214
pipe,16,16,75.1702061607174,Microgale pusilla,Microgale_pusilla,MAMMALIA,0.999999774343428,85,11372.1293449755
pipe,16,16,75.1702061607174,Microgale soricoides,Microgale_soricoides,MAMMALIA,1,30,16443.2289257599
pipe,16,16,75.1702061607174,Microgale taiva,Microgale_taiva,MAMMALIA,1,53,26542.8831605231
pipe,16,16,75.1702061607174,Microgale thomasi,Microgale_thomasi,MAMMALIA,1,36,15458.7752499481
pipe,16,16,75.1702061607174,Mirza coquereli,Mirza_coquereli,MAMMALIA,0.999190979281903,11,1023.85435719874
pipe,16,16,75.1702061607174,Monias benschi,Monias_benschi,AVES,0,0,0
pipe,16,16,75.1702061607174,Monticola erythronotus,Monticola_erythronotus,AVES,0.505764981643122,1,97.497303661992
pipe,16,16,75.1702061607174,Monticola sharpei,Monticola_sharpei,AVES,0.999999999998566,18,35843.6013359497
pipe,16,16,75.1702061607174,Monticolomys koopmani,Monticolomys_koopmani,MAMMALIA,0.132627247638879,4,91.67036602125
pipe,16,16,75.1702061607174,Motacilla flaviventris,Motacilla_flaviventris,AVES,0.999998789827604,13,2223.13790971612
pipe,16,16,75.1702061607174,Mystacornis crossleyi,Mystacornis_crossleyi,AVES,0.999999999908731,6,28969.3636959326
pipe,16,16,75.1702061607174,Neodrepanis coruscans,Neodrepanis_coruscans,AVES,0.999999349392946,15,19968.2946265635
pipe,16,16,75.1702061607174,Neodrepanis hypoxantha,Neodrepanis_hypoxantha,AVES,0.0211788109146442,3,88.4296056242715
pipe,16,16,75.1702061607174,Neomixis striatigula,Neomixis_striatigula,AVES,1,12,31681.4041029739
pipe,16,16,75.1702061607174,Neomixis tenella,Neomixis_tenella,AVES,1,51,38832.7667029019
pipe,16,16,75.1702061607174,Neomixis viridis,Neomixis_viridis,AVES,1,11,31189.0962491221
pipe,16,16,75.1702061607174,Nesillas lantzii,Nesillas_lantzii,AVES,0.998558327324299,4,1235.24315366881
pipe,16,16,75.1702061607174,Nesogale dobsoni,Nesogale_dobsoni,MAMMALIA,1,51,32154.7858223904
pipe,16,16,75.1702061607174,Nesogale talazaci,Nesogale_talazaci,MAMMALIA,1,44,33461.5599841033
pipe,16,16,75.1702061607174,Nesomys audeberti,Nesomys_audeberti,MAMMALIA,0.999999999993029,48,2453.02979633019
pipe,16,16,75.1702061607174,Nesomys lambertoni,Nesomys_lambertoni,MAMMALIA,0.999393690729264,8,520.992712159106
pipe,16,16,75.1702061607174,Nesomys rufus,Nesomys_rufus,MAMMALIA,1,44,26626.8663622497
pipe,16,16,75.1702061607174,Newtonia amphichroa,Newtonia_amphichroa,AVES,1,15,25884.9868784175
pipe,16,16,75.1702061607174,Newtonia archboldi,Newtonia_archboldi,AVES,0.99914311993348,5,934.247475323978
pipe,16,16,75.1702061607174,Newtonia brunneicauda,Newtonia_brunneicauda,AVES,1,51,43892.0714783745
pipe,16,16,75.1702061607174,Newtonia fanovanae,Newtonia_fanovanae,AVES,0.353055283448799,2,98.220702482002
pipe,16,16,75.1702061607174,Oriolia bernieri,Oriolia_bernieri,AVES,0.999999374186756,14,6958.17165128886
pipe,16,16,75.1702061607174,Oryzorictes hova,Oryzorictes_hova,MAMMALIA,1,45,32794.814440691
pipe,16,16,75.1702061607174,Oryzorictes tetradactylus,Oryzorictes_tetradactylus,MAMMALIA,0.999999014584943,45,3823.56308044543
pipe,16,16,75.1702061607174,Otus rutilus,Otus_rutilus,AVES,0.999999999450534,12,41735.1665519449
pipe,16,16,75.1702061607174,Oxylabes madagascariensis,Oxylabes_madagascariensis,AVES,0.999999999996157,11,29354.3435233229
pipe,16,16,75.1702061607174,Phaner electromontis,Phaner_electromontis,MAMMALIA,0,0,0
pipe,16,16,75.1702061607174,Phaner furcifer,Phaner_furcifer,MAMMALIA,0.887896690644765,17,444.167946474382
pipe,16,16,75.1702061607174,Phaner pallescens,Phaner_pallescens,MAMMALIA,0.999993012043941,8,1257.00914036843
pipe,16,16,75.1702061607174,Phaner parienti,Phaner_parienti,MAMMALIA,0.00280017666108179,1,24.4501852478606
pipe,16,16,75.1702061607174,Philepitta castanea,Philepitta_castanea,AVES,0.999130390373741,5,25850.0653191206
pipe,16,16,75.1702061607174,Philepitta schlegeli,Philepitta_schlegeli,AVES,0.984185525615474,11,2643.62128809844
pipe,16,16,75.1702061607174,Ploceus nelicourvi,Ploceus_nelicourvi,AVES,0.999999999931023,7,32677.8654832808
pipe,16,16,75.1702061607174,Ploceus sakalava,Ploceus_sakalava,AVES,0.999999546175378,33,7569.0384953581
pipe,16,16,75.1702061607174,Polyboroides radiatus,Polyboroides_radiatus,AVES,0.998142680636524,4,32983.0033056149
pipe,16,16,75.1702061607174,Pseudobias wardi,Pseudobias_wardi,AVES,1,11,26930.8185847371
pipe,16,16,75.1702061607174,Pterocles personatus,Pterocles_personatus,AVES,0.889390378336015,3,4809.36740972748
pipe,16,16,75.1702061607174,Rallus madagascariensis,Rallus_madagascariensis,AVES,0.999999485858345,5,9519.00745747333
pipe,16,16,75.1702061607174,Randia pseudozosterops,Randia_pseudozosterops,AVES,0.999999999999588,10,25740.4188865349
pipe,16,16,75.1702061607174,Sarothrura insularis,Sarothrura_insularis,AVES,0.999994104129478,5,34020.594600568
pipe,16,16,75.1702061607174,Schetba rufa,Schetba_rufa,AVES,0.999999999999857,19,16094.9624720925
pipe,16,16,75.1702061607174,Setifer setosus,Setifer_setosus,MAMMALIA,1,89,43188.6860780776
pipe,16,16,75.1702061607174,Tenrec ecaudatus,Tenrec_ecaudatus,MAMMALIA,1,81,43128.4309449234
pipe,16,16,75.1702061607174,Thamnornis chloropetoides,Thamnornis_chloropetoides,AVES,0.999882700116865,5,1492.04293063486
pipe,16,16,75.1702061607174,Treron australis,Treron_australis,AVES,0.999667778162147,11,37677.2751215802
pipe,16,16,75.1702061607174,Turnix nigricollis,Turnix_nigricollis,AVES,0.999999995242265,14,38346.7943048815
pipe,16,16,75.1702061607174,Tylas eduardi,Tylas_eduardi,AVES,0.999999999996876,8,32532.6805024383
pipe,16,16,75.1702061607174,Vanga curvirostris,Vanga_curvirostris,AVES,0.999999999915591,27,42989.5344402296
pipe,16,16,75.1702061607174,Varecia rubra,Varecia_rubra,MAMMALIA,1,30,34096.9449436314
pipe,16,16,75.1702061607174,Varecia variegata,Varecia_variegata,MAMMALIA,1,29,34077.0680522992
pipe,16,16,75.1702061607174,Xanthomixis apperti,Xanthomixis_apperti,AVES,0.441311211243701,1,68.4073900828693
pipe,16,16,75.1702061607174,Xanthomixis cinereiceps,Xanthomixis_cinereiceps,AVES,1,16,11232.0931439349
pipe,16,16,75.1702061607174,Xanthomixis zosterops,Xanthomixis_zosterops,AVES,1,14,32676.6365586441
pipe,16,16,75.1702061607174,Xenopirostris damii,Xenopirostris_damii,AVES,0.00179910755944268,1,93.5023436630614
pipe,16,16,75.1702061607174,Xenopirostris polleni,Xenopirostris_polleni,AVES,0.999999998596473,9,11546.6793447632
pipe,16,16,75.1702061607174,Xenopirostris xenopirostris,Xenopirostris_xenopirostris,AVES,0.9648318696822,1,1097.85632808227
pipe,17,17,79.8661985899549,Accipiter henstii,Accipiter_henstii,AVES,0.536809531219416,1,32366.3724566511
pipe,17,17,79.8661985899549,Accipiter madagascariensis,Accipiter_madagascariensis,AVES,0.7965650608877,5,33630.9970377955
pipe,17,17,79.8661985899549,Acrocephalus newtoni,Acrocephalus_newtoni,AVES,1,39,33729.0119861264
pipe,17,17,79.8661985899549,Alectroenas madagascariensis,Alectroenas_madagascariensis,AVES,0.999682727225436,10,28508.2455872989
pipe,17,17,79.8661985899549,Allocebus trichotis,Allocebus_trichotis,MAMMALIA,0.00778449824080152,2,50.1575095088342
pipe,17,17,79.8661985899549,Anas bernieri,Anas_bernieri,AVES,0,0,0
pipe,17,17,79.8661985899549,Apus balstoni,Apus_balstoni,AVES,0.999999999987805,17,31989.2454775606
pipe,17,17,79.8661985899549,Artamella viridis,Artamella_viridis,AVES,0.999999999999968,33,33909.7160785113
pipe,17,17,79.8661985899549,Asio madagascariensis,Asio_madagascariensis,AVES,0.751684833728428,3,28986.1175412753
pipe,17,17,79.8661985899549,Atelornis crossleyi,Atelornis_crossleyi,AVES,0.999998603522806,6,7885.55036337942
pipe,17,17,79.8661985899549,Atelornis pittoides,Atelornis_pittoides,AVES,0.999993434390985,5,22658.4498421672
pipe,17,17,79.8661985899549,Athene superciliaris,Athene_superciliaris,AVES,0.99999595617549,11,19906.3703294693
pipe,17,17,79.8661985899549,Avahi laniger,Avahi_laniger,MAMMALIA,1,34,18239.5114180359
pipe,17,17,79.8661985899549,Avahi occidentalis,Avahi_occidentalis,MAMMALIA,0.993835251823593,4,531.152959347392
pipe,17,17,79.8661985899549,Aviceda madagascariensis,Aviceda_madagascariensis,AVES,0.90529995228674,2,31029.1355462279
pipe,17,17,79.8661985899549,Bernieria madagascariensis,Bernieria_madagascariensis,AVES,1,31,32112.634904433
pipe,17,17,79.8661985899549,Brachypteracias leptosomus,Brachypteracias_leptosomus,AVES,0.999993170591294,4,19960.7381477604
pipe,17,17,79.8661985899549,Brachytarsomys albicauda,Brachytarsomys_albicauda,MAMMALIA,0.999992538341123,26,1063.95598555117
pipe,17,17,79.8661985899549,Brachyuromys betsileoensis,Brachyuromys_betsileoensis,MAMMALIA,1,24,7241.21691606946
pipe,17,17,79.8661985899549,Brachyuromys ramirohitra,Brachyuromys_ramirohitra,MAMMALIA,0.655414845690046,2,90.5857082152948
pipe,17,17,79.8661985899549,Bradypterus brunneus,Bradypterus_brunneus,AVES,1,29,6586.02157966418
pipe,17,17,79.8661985899549,Bradypterus seebohmi,Bradypterus_seebohmi,AVES,0.452718233996164,1,71.7493427546058
pipe,17,17,79.8661985899549,Buteo brachypterus,Buteo_brachypterus,AVES,0.652078348357511,1,35365.1778521086
pipe,17,17,79.8661985899549,Calicalicus madagascariensis,Calicalicus_madagascariensis,AVES,0.999999999999558,37,32394.2153830453
pipe,17,17,79.8661985899549,Cheirogaleus crossleyi,Cheirogaleus_crossleyi,MAMMALIA,1,38,3577.43888520726
pipe,17,17,79.8661985899549,Cheirogaleus major,Cheirogaleus_major,MAMMALIA,1,28,27968.9301714407
pipe,17,17,79.8661985899549,Cheirogaleus medius,Cheirogaleus_medius,MAMMALIA,1,114,7789.67333397857
pipe,17,17,79.8661985899549,Cinnyris notatus,Cinnyris_notatus,AVES,1,37,32808.8066925709
pipe,17,17,79.8661985899549,Copsychus albospecularis,Copsychus_albospecularis,AVES,0.999999991995601,8,26152.951196054
pipe,17,17,79.8661985899549,Coracopsis nigra,Coracopsis_nigra,AVES,0.999919156776733,14,34087.4820509711
pipe,17,17,79.8661985899549,Corythornis madagascariensis,Corythornis_madagascariensis,AVES,0.855449942885598,15,31638.7093536681
pipe,17,17,79.8661985899549,Coua caerulea,Coua_caerulea,AVES,0.999992325112229,3,21848.344177449
pipe,17,17,79.8661985899549,Coua coquereli,Coua_coquereli,AVES,0.999910296489506,8,4795.16753469046
pipe,17,17,79.8661985899549,Coua cristata,Coua_cristata,AVES,0.99999999999788,15,30808.1171940294
pipe,17,17,79.8661985899549,Coua cursor,Coua_cursor,AVES,0.986971075296988,2,2948.95252535611
pipe,17,17,79.8661985899549,Coua gigas,Coua_gigas,AVES,0.999681175672278,4,5751.06265345063
pipe,17,17,79.8661985899549,Coua reynaudii,Coua_reynaudii,AVES,0.999984686290924,2,17492.8378749488
pipe,17,17,79.8661985899549,Coua ruficeps,Coua_ruficeps,AVES,0.959346120072291,2,1243.60641534433
pipe,17,17,79.8661985899549,Coua serriana,Coua_serriana,AVES,0.997813958404037,2,17065.784826055
pipe,17,17,79.8661985899549,Crossleyia xanthophrys,Crossleyia_xanthophrys,AVES,0.999999999895685,25,2579.52872566402
pipe,17,17,79.8661985899549,Cryptoprocta ferox,Cryptoprocta_ferox,MAMMALIA,0.00286787201648542,2,18348.2221114449
pipe,17,17,79.8661985899549,Cryptosylvicola randrianasoloi,Cryptosylvicola_randrianasoloi,AVES,0.999999999999487,22,3487.20345588802
pipe,17,17,79.8661985899549,Cyanolanius madagascarinus,Cyanolanius_madagascarinus,AVES,1,35,32433.9917729737
pipe,17,17,79.8661985899549,Daubentonia madagascariensis,Daubentonia_madagascariensis,MAMMALIA,0.999999999999679,28,12404.0704545453
pipe,17,17,79.8661985899549,Echinops telfairi,Echinops_telfairi,MAMMALIA,1,101,9422.20218969582
pipe,17,17,79.8661985899549,Eliurus antsingy,Eliurus_antsingy,MAMMALIA,0.0133737178258206,3,49.043584514739
pipe,17,17,79.8661985899549,Eliurus grandidieri,Eliurus_grandidieri,MAMMALIA,0.998083670624146,19,714.948795121971
pipe,17,17,79.8661985899549,Eliurus majori,Eliurus_majori,MAMMALIA,1,33,19390.8424871051
pipe,17,17,79.8661985899549,Eliurus minor,Eliurus_minor,MAMMALIA,1,66,29897.944288799
pipe,17,17,79.8661985899549,Eliurus myoxinus,Eliurus_myoxinus,MAMMALIA,1,109,22932.6342086379
pipe,17,17,79.8661985899549,Eliurus tanala,Eliurus_tanala,MAMMALIA,1,36,20808.2169037255
pipe,17,17,79.8661985899549,Eliurus webbi,Eliurus_webbi,MAMMALIA,1,27,28141.5671414841
pipe,17,17,79.8661985899549,Eremopterix hova,Eremopterix_hova,AVES,0.999981184669899,13,2240.57971090161
pipe,17,17,79.8661985899549,Eulemur albifrons,Eulemur_albifrons,MAMMALIA,1,13,11113.161944327
pipe,17,17,79.8661985899549,Eulemur cinereiceps,Eulemur_cinereiceps,MAMMALIA,1,63,30656.3183137257
pipe,17,17,79.8661985899549,Eulemur collaris,Eulemur_collaris,MAMMALIA,1,60,30612.8387712546
pipe,17,17,79.8661985899549,Eulemur coronatus,Eulemur_coronatus,MAMMALIA,1,61,7834.94387582772
pipe,17,17,79.8661985899549,Eulemur flavifrons,Eulemur_flavifrons,MAMMALIA,0.000213248908682684,1,25.074716512655
pipe,17,17,79.8661985899549,Eulemur fulvus,Eulemur_fulvus,MAMMALIA,1,62,30656.5013586397
pipe,17,17,79.8661985899549,Eulemur macaco,Eulemur_macaco,MAMMALIA,1,21,17006.0590407564
pipe,17,17,79.8661985899549,Eulemur mongoz,Eulemur_mongoz,MAMMALIA,0.997469406518488,3,581.41989294858
pipe,17,17,79.8661985899549,Eulemur rubriventer,Eulemur_rubriventer,MAMMALIA,1,55,29531.1436597906
pipe,17,17,79.8661985899549,Eulemur rufus,Eulemur_rufus,MAMMALIA,1,53,12686.5767347974
pipe,17,17,79.8661985899549,Eulemur sanfordi,Eulemur_sanfordi,MAMMALIA,1,65,30667.9448529334
pipe,17,17,79.8661985899549,Euryceros prevostii,Euryceros_prevostii,AVES,0.996344870213456,3,2078.93771899723
pipe,17,17,79.8661985899549,Falco zoniventris,Falco_zoniventris,AVES,0.799922329735172,6,24471.8551747669
pipe,17,17,79.8661985899549,Falculea palliata,Falculea_palliata,AVES,0.999999375096514,16,5409.65324677939
pipe,17,17,79.8661985899549,Fossa fossana,Fossa_fossana,MAMMALIA,0.78420418995628,2,27687.511043091
pipe,17,17,79.8661985899549,Foudia madagascariensis,Foudia_madagascariensis,AVES,0.999999999998,49,36647.3134257217
pipe,17,17,79.8661985899549,Foudia omissa,Foudia_omissa,AVES,0.999999982855032,11,23793.4202142696
pipe,17,17,79.8661985899549,Gactornis enarratus,Gactornis_enarratus,AVES,0.999999842918048,5,23764.7608888028
pipe,17,17,79.8661985899549,Galidia elegans,Galidia_elegans,MAMMALIA,0.816803655755876,2,26639.8349938352
pipe,17,17,79.8661985899549,Galidictis fasciata,Galidictis_fasciata,MAMMALIA,0,1,1529.64931621576
pipe,17,17,79.8661985899549,Geobiastes squamiger,Geobiastes_squamiger,AVES,0.999562864565298,2,6490.66657342778
pipe,17,17,79.8661985899549,Geogale aurita,Geogale_aurita,MAMMALIA,0.999999999635949,111,8232.80725207495
pipe,17,17,79.8661985899549,Gymnuromys roberti,Gymnuromys_roberti,MAMMALIA,1,30,14281.4636895803
pipe,17,17,79.8661985899549,Haliaeetus vociferoides,Haliaeetus_vociferoides,AVES,0,1,1312.70090999357
pipe,17,17,79.8661985899549,Hapalemur alaotrensis,Hapalemur_alaotrensis,MAMMALIA,0.999998749069358,15,1335.08403425705
pipe,17,17,79.8661985899549,Hapalemur aureus,Hapalemur_aureus,MAMMALIA,0.998687552346831,8,507.628741411826
pipe,17,17,79.8661985899549,Hapalemur griseus,Hapalemur_griseus,MAMMALIA,1,56,31673.8477005614
pipe,17,17,79.8661985899549,Hapalemur occidentalis,Hapalemur_occidentalis,MAMMALIA,0.999279376994694,13,628.448956599466
pipe,17,17,79.8661985899549,Hartertula flavoviridis,Hartertula_flavoviridis,AVES,0.99999999999984,31,4478.30062879079
pipe,17,17,79.8661985899549,Hartlaubius auratus,Hartlaubius_auratus,AVES,0.999999999974476,34,32481.8375164403
pipe,17,17,79.8661985899549,Hemicentetes nigriceps,Hemicentetes_nigriceps,MAMMALIA,0.99825495298592,12,1048.66435500952
pipe,17,17,79.8661985899549,Hemicentetes semispinosus,Hemicentetes_semispinosus,MAMMALIA,0.999999999999677,25,28789.3956027501
pipe,17,17,79.8661985899549,Hypogeomys antimena,Hypogeomys_antimena,MAMMALIA,0.133821965614829,3,81.1960723686169
pipe,17,17,79.8661985899549,Hypositta corallirostris,Hypositta_corallirostris,AVES,0.999994227789631,10,27846.1718692264
pipe,17,17,79.8661985899549,Indri indri,Indri_indri,MAMMALIA,0.999999994273186,10,27830.5348779883
pipe,17,17,79.8661985899549,Lemur catta,Lemur_catta,MAMMALIA,1,47,4892.15839956137
pipe,17,17,79.8661985899549,Lepidopygia nana,Lepidopygia_nana,AVES,0.999560537644215,61,37042.6310099929
pipe,17,17,79.8661985899549,Lepilemur ankaranensis,Lepilemur_ankaranensis,MAMMALIA,0.942459903341341,5,274.237082094521
pipe,17,17,79.8661985899549,Lepilemur edwardsi,Lepilemur_edwardsi,MAMMALIA,0.999991868210497,13,1449.13916084442
pipe,17,17,79.8661985899549,Lepilemur leucopus,Lepilemur_leucopus,MAMMALIA,0.999999998956044,18,2074.43912751556
pipe,17,17,79.8661985899549,Lepilemur microdon,Lepilemur_microdon,MAMMALIA,0.999978195424922,15,1634.72796290025
pipe,17,17,79.8661985899549,Lepilemur mustelinus,Lepilemur_mustelinus,MAMMALIA,1,64,27261.7591548489
pipe,17,17,79.8661985899549,Lepilemur ruficaudatus,Lepilemur_ruficaudatus,MAMMALIA,0.999999999984534,21,2226.9933020626
pipe,17,17,79.8661985899549,Leptopterus chabert,Leptopterus_chabert,AVES,1,45,35551.4032041071
pipe,17,17,79.8661985899549,Lophotibis cristata,Lophotibis_cristata,AVES,0.999993883067546,5,31158.1136674627
pipe,17,17,79.8661985899549,Macrotarsomys bastardi,Macrotarsomys_bastardi,MAMMALIA,0.999999760727832,33,1491.97403305151
pipe,17,17,79.8661985899549,Margaroperdix madagarensis,Margaroperdix_madagarensis,AVES,0.999999999996441,19,31275.9614802885
pipe,17,17,79.8661985899549,Mentocrex kioloides,Mentocrex_kioloides,AVES,0.999767088890678,4,18687.2643559274
pipe,17,17,79.8661985899549,Mesitornis unicolor,Mesitornis_unicolor,AVES,0,0,0
pipe,17,17,79.8661985899549,Mesitornis variegatus,Mesitornis_variegatus,AVES,0.993402670948119,4,2083.36416977485
pipe,17,17,79.8661985899549,Microcebus berthae,Microcebus_berthae,MAMMALIA,1.52725564417366e-08,1,10.8090685387869
pipe,17,17,79.8661985899549,Microcebus griseorufus,Microcebus_griseorufus,MAMMALIA,0.995631125035089,10,441.053799327669
pipe,17,17,79.8661985899549,Microcebus murinus,Microcebus_murinus,MAMMALIA,1,204,20239.310828307
pipe,17,17,79.8661985899549,Microcebus myoxinus,Microcebus_myoxinus,MAMMALIA,0.99970716897606,9,343.600203046525
pipe,17,17,79.8661985899549,Microcebus ravelobensis,Microcebus_ravelobensis,MAMMALIA,0.778620368188717,8,213.92547160288
pipe,17,17,79.8661985899549,Microcebus rufus,Microcebus_rufus,MAMMALIA,1,40,27768.2862796159
pipe,17,17,79.8661985899549,Microcebus tavaratra,Microcebus_tavaratra,MAMMALIA,0.993146486960404,13,474.745401202096
pipe,17,17,79.8661985899549,Microgale brevicaudata,Microgale_brevicaudata,MAMMALIA,0.9999999999987,94,8833.09795765743
pipe,17,17,79.8661985899549,Microgale cowani,Microgale_cowani,MAMMALIA,0.999999999908898,31,22623.9360555643
pipe,17,17,79.8661985899549,Microgale drouhardi,Microgale_drouhardi,MAMMALIA,0.99999999999989,40,11980.1556414888
pipe,17,17,79.8661985899549,Microgale dryas,Microgale_dryas,MAMMALIA,0.897171369579189,23,987.588139430487
pipe,17,17,79.8661985899549,Microgale fotsifotsy,Microgale_fotsifotsy,MAMMALIA,0.999999999975778,35,14352.5454805729
pipe,17,17,79.8661985899549,Microgale gracilis,Microgale_gracilis,MAMMALIA,0.999999996511102,32,5185.9600684648
pipe,17,17,79.8661985899549,Microgale gymnorhyncha,Microgale_gymnorhyncha,MAMMALIA,0.999999999992406,26,9620.20818494708
pipe,17,17,79.8661985899549,Microgale longicaudata,Microgale_longicaudata,MAMMALIA,0.999999999960024,51,25387.5235400656
pipe,17,17,79.8661985899549,Microgale mergulus,Microgale_mergulus,MAMMALIA,0.999886471045314,20,1582.69379970188
pipe,17,17,79.8661985899549,Microgale parvula,Microgale_parvula,MAMMALIA,0.999999995529462,44,28654.5313008514
pipe,17,17,79.8661985899549,Microgale principula,Microgale_principula,MAMMALIA,0.999999999999007,30,26303.627496494
pipe,17,17,79.8661985899549,Microgale pusilla,Microgale_pusilla,MAMMALIA,0.999996905206361,60,9757.06525897397
pipe,17,17,79.8661985899549,Microgale soricoides,Microgale_soricoides,MAMMALIA,0.999999999999642,25,13366.3503133821
pipe,17,17,79.8661985899549,Microgale taiva,Microgale_taiva,MAMMALIA,0.999999999998018,34,22223.3313260204
pipe,17,17,79.8661985899549,Microgale thomasi,Microgale_thomasi,MAMMALIA,1,30,12784.1937749072
pipe,17,17,79.8661985899549,Mirza coquereli,Mirza_coquereli,MAMMALIA,0.997151123074506,8,848.635657277717
pipe,17,17,79.8661985899549,Monias benschi,Monias_benschi,AVES,0,0,0
pipe,17,17,79.8661985899549,Monticola erythronotus,Monticola_erythronotus,AVES,0.505764981643122,1,97.497303661992
pipe,17,17,79.8661985899549,Monticola sharpei,Monticola_sharpei,AVES,0.999999999940162,18,29355.6543009165
pipe,17,17,79.8661985899549,Monticolomys koopmani,Monticolomys_koopmani,MAMMALIA,0.132607629821117,3,77.5173760962128
pipe,17,17,79.8661985899549,Motacilla flaviventris,Motacilla_flaviventris,AVES,0.999996277104706,10,1788.78273775119
pipe,17,17,79.8661985899549,Mystacornis crossleyi,Mystacornis_crossleyi,AVES,0.999999999477006,5,24495.9682175162
pipe,17,17,79.8661985899549,Neodrepanis coruscans,Neodrepanis_coruscans,AVES,0.999970233501655,11,17040.6913357239
pipe,17,17,79.8661985899549,Neodrepanis hypoxantha,Neodrepanis_hypoxantha,AVES,0.0211788109146442,3,88.4296056242715
pipe,17,17,79.8661985899549,Neomixis striatigula,Neomixis_striatigula,AVES,0.999999999978804,9,26485.1622345417
pipe,17,17,79.8661985899549,Neomixis tenella,Neomixis_tenella,AVES,1,50,31736.8994187158
pipe,17,17,79.8661985899549,Neomixis viridis,Neomixis_viridis,AVES,0.999999999999758,8,26167.2334172775
pipe,17,17,79.8661985899549,Nesillas lantzii,Nesillas_lantzii,AVES,0.997229954797722,5,1019.37211981559
pipe,17,17,79.8661985899549,Nesogale dobsoni,Nesogale_dobsoni,MAMMALIA,0.999999999999944,34,26808.7392274352
pipe,17,17,79.8661985899549,Nesogale talazaci,Nesogale_talazaci,MAMMALIA,0.999999999998532,28,27865.4823398274
pipe,17,17,79.8661985899549,Nesomys audeberti,Nesomys_audeberti,MAMMALIA,0.999999999726847,36,2075.85906148293
pipe,17,17,79.8661985899549,Nesomys lambertoni,Nesomys_lambertoni,MAMMALIA,0.997990863354288,8,431.24727836473
pipe,17,17,79.8661985899549,Nesomys rufus,Nesomys_rufus,MAMMALIA,1,29,21932.9528498764
pipe,17,17,79.8661985899549,Newtonia amphichroa,Newtonia_amphichroa,AVES,1,11,21497.309087801
pipe,17,17,79.8661985899549,Newtonia archboldi,Newtonia_archboldi,AVES,0.994783037879128,6,727.447611096087
pipe,17,17,79.8661985899549,Newtonia brunneicauda,Newtonia_brunneicauda,AVES,1,53,35774.3520091969
pipe,17,17,79.8661985899549,Newtonia fanovanae,Newtonia_fanovanae,AVES,0.353006673268258,2,91.7273518166186
pipe,17,17,79.8661985899549,Oriolia bernieri,Oriolia_bernieri,AVES,0.999997070759948,12,5581.97770282162
pipe,17,17,79.8661985899549,Oryzorictes hova,Oryzorictes_hova,MAMMALIA,0.999999999998843,28,27491.3607138633
pipe,17,17,79.8661985899549,Oryzorictes tetradactylus,Oryzorictes_tetradactylus,MAMMALIA,0.999997339606164,38,3491.88752460463
pipe,17,17,79.8661985899549,Otus rutilus,Otus_rutilus,AVES,0.999999999978132,14,33776.2096141
pipe,17,17,79.8661985899549,Oxylabes madagascariensis,Oxylabes_madagascariensis,AVES,0.999999999979262,11,24832.633341654
pipe,17,17,79.8661985899549,Phaner electromontis,Phaner_electromontis,MAMMALIA,0,0,0
pipe,17,17,79.8661985899549,Phaner furcifer,Phaner_furcifer,MAMMALIA,0.887896689584288,13,394.018951903066
pipe,17,17,79.8661985899549,Phaner pallescens,Phaner_pallescens,MAMMALIA,0.999987142472503,9,1137.7219354355
pipe,17,17,79.8661985899549,Phaner parienti,Phaner_parienti,MAMMALIA,0.00280017666108179,1,24.4501852478606
pipe,17,17,79.8661985899549,Philepitta castanea,Philepitta_castanea,AVES,0.998317211844812,5,21534.0313686045
pipe,17,17,79.8661985899549,Philepitta schlegeli,Philepitta_schlegeli,AVES,0.979232709454891,11,2428.05609782862
pipe,17,17,79.8661985899549,Ploceus nelicourvi,Ploceus_nelicourvi,AVES,0.999999999963125,8,27547.1287374601
pipe,17,17,79.8661985899549,Ploceus sakalava,Ploceus_sakalava,AVES,0.999997036675769,33,6288.03229098848
pipe,17,17,79.8661985899549,Polyboroides radiatus,Polyboroides_radiatus,AVES,0.995763810375052,5,26335.8508099376
pipe,17,17,79.8661985899549,Pseudobias wardi,Pseudobias_wardi,AVES,0.999999999999998,10,22758.7015754854
pipe,17,17,79.8661985899549,Pterocles personatus,Pterocles_personatus,AVES,0.804874799509126,4,4070.37044715376
pipe,17,17,79.8661985899549,Rallus madagascariensis,Rallus_madagascariensis,AVES,0.99999958742962,5,8741.44004082295
pipe,17,17,79.8661985899549,Randia pseudozosterops,Randia_pseudozosterops,AVES,0.999999999930215,9,21978.2366708243
pipe,17,17,79.8661985899549,Sarothrura insularis,Sarothrura_insularis,AVES,0.999989369105806,7,28570.1893951285
pipe,17,17,79.8661985899549,Schetba rufa,Schetba_rufa,AVES,0.999999999989235,18,14333.1990185496
pipe,17,17,79.8661985899549,Setifer setosus,Setifer_setosus,MAMMALIA,1,80,35110.0057356542
pipe,17,17,79.8661985899549,Tenrec ecaudatus,Tenrec_ecaudatus,MAMMALIA,1,77,35015.7031679352
pipe,17,17,79.8661985899549,Thamnornis chloropetoides,Thamnornis_chloropetoides,AVES,0.999450940886462,5,1294.36362659117
pipe,17,17,79.8661985899549,Treron australis,Treron_australis,AVES,0.999966943198677,15,30594.3366773723
pipe,17,17,79.8661985899549,Turnix nigricollis,Turnix_nigricollis,AVES,0.999999999272048,17,30133.8750029234
pipe,17,17,79.8661985899549,Tylas eduardi,Tylas_eduardi,AVES,0.999999999942796,7,27677.6992462133
pipe,17,17,79.8661985899549,Vanga curvirostris,Vanga_curvirostris,AVES,0.999999999995657,30,34890.0329694194
pipe,17,17,79.8661985899549,Varecia rubra,Varecia_rubra,MAMMALIA,1,24,28699.4381041036
pipe,17,17,79.8661985899549,Varecia variegata,Varecia_variegata,MAMMALIA,0.99999999999999,24,28694.5283262385
pipe,17,17,79.8661985899549,Xanthomixis apperti,Xanthomixis_apperti,AVES,0.441311211243701,1,68.4073900828693
pipe,17,17,79.8661985899549,Xanthomixis cinereiceps,Xanthomixis_cinereiceps,AVES,1,15,8964.27990873457
pipe,17,17,79.8661985899549,Xanthomixis zosterops,Xanthomixis_zosterops,AVES,0.999999999995621,12,27544.2317331932
pipe,17,17,79.8661985899549,Xenopirostris damii,Xenopirostris_damii,AVES,0.00179910755944268,1,93.5023436630614
pipe,17,17,79.8661985899549,Xenopirostris polleni,Xenopirostris_polleni,AVES,0.9999998840345,10,9534.72420233557
pipe,17,17,79.8661985899549,Xenopirostris xenopirostris,Xenopirostris_xenopirostris,AVES,0.963808362075027,1,1077.19526262666
pipe,18,18,84.5572201270485,Accipiter henstii,Accipiter_henstii,AVES,0.417140424661787,2,23762.8788274713
pipe,18,18,84.5572201270485,Accipiter madagascariensis,Accipiter_madagascariensis,AVES,0.66832030476309,5,25661.4474513066
pipe,18,18,84.5572201270485,Acrocephalus newtoni,Acrocephalus_newtoni,AVES,1,41,25553.4096680906
pipe,18,18,84.5572201270485,Alectroenas madagascariensis,Alectroenas_madagascariensis,AVES,0.999204623360145,8,21098.0769097954
pipe,18,18,84.5572201270485,Allocebus trichotis,Allocebus_trichotis,MAMMALIA,0.00778449824080152,2,50.1575095088342
pipe,18,18,84.5572201270485,Anas bernieri,Anas_bernieri,AVES,0,0,0
pipe,18,18,84.5572201270485,Apus balstoni,Apus_balstoni,AVES,0.999999999996334,18,23755.8268320617
pipe,18,18,84.5572201270485,Artamella viridis,Artamella_viridis,AVES,0.999999999999998,34,25366.6449524086
pipe,18,18,84.5572201270485,Asio madagascariensis,Asio_madagascariensis,AVES,0.693813562684203,3,21490.4224608611
pipe,18,18,84.5572201270485,Atelornis crossleyi,Atelornis_crossleyi,AVES,0.999877066718605,7,4496.07373418462
pipe,18,18,84.5572201270485,Atelornis pittoides,Atelornis_pittoides,AVES,0.999986394387186,7,15942.2109428759
pipe,18,18,84.5572201270485,Athene superciliaris,Athene_superciliaris,AVES,0.999973777284986,9,16840.5678611214
pipe,18,18,84.5572201270485,Avahi laniger,Avahi_laniger,MAMMALIA,1,47,13560.1873340737
pipe,18,18,84.5572201270485,Avahi occidentalis,Avahi_occidentalis,MAMMALIA,0.993437613615702,4,527.953912486798
pipe,18,18,84.5572201270485,Aviceda madagascariensis,Aviceda_madagascariensis,AVES,0.83498535889884,3,25476.4515786062
pipe,18,18,84.5572201270485,Bernieria madagascariensis,Bernieria_madagascariensis,AVES,1,32,23911.1516556729
pipe,18,18,84.5572201270485,Brachypteracias leptosomus,Brachypteracias_leptosomus,AVES,0.999968172132177,4,14964.2790365169
pipe,18,18,84.5572201270485,Brachytarsomys albicauda,Brachytarsomys_albicauda,MAMMALIA,0.999229475138578,23,816.054046709303
pipe,18,18,84.5572201270485,Brachyuromys betsileoensis,Brachyuromys_betsileoensis,MAMMALIA,1,32,5468.01764037639
pipe,18,18,84.5572201270485,Brachyuromys ramirohitra,Brachyuromys_ramirohitra,MAMMALIA,0.655414845690046,2,90.5857082152948
pipe,18,18,84.5572201270485,Bradypterus brunneus,Bradypterus_brunneus,AVES,1,27,5195.84528954757
pipe,18,18,84.5572201270485,Bradypterus seebohmi,Bradypterus_seebohmi,AVES,0.452718233996164,1,71.7493427546058
pipe,18,18,84.5572201270485,Buteo brachypterus,Buteo_brachypterus,AVES,0.524964189135695,2,26436.0043454881
pipe,18,18,84.5572201270485,Calicalicus madagascariensis,Calicalicus_madagascariensis,AVES,0.999999999999953,35,24087.0651099803
pipe,18,18,84.5572201270485,Cheirogaleus crossleyi,Cheirogaleus_crossleyi,MAMMALIA,0.999999999931675,36,2440.85207615677
pipe,18,18,84.5572201270485,Cheirogaleus major,Cheirogaleus_major,MAMMALIA,1,56,20781.4653082064
pipe,18,18,84.5572201270485,Cheirogaleus medius,Cheirogaleus_medius,MAMMALIA,1,102,6348.22749028883
pipe,18,18,84.5572201270485,Cinnyris notatus,Cinnyris_notatus,AVES,1,38,24516.7919003861
pipe,18,18,84.5572201270485,Copsychus albospecularis,Copsychus_albospecularis,AVES,0.999999998583036,12,20161.7618809243
pipe,18,18,84.5572201270485,Coracopsis nigra,Coracopsis_nigra,AVES,0.999634422571919,13,25594.6267945383
pipe,18,18,84.5572201270485,Corythornis madagascariensis,Corythornis_madagascariensis,AVES,0.762277959559758,15,23314.5493430098
pipe,18,18,84.5572201270485,Coua caerulea,Coua_caerulea,AVES,0.99996512984428,3,17085.91038476
pipe,18,18,84.5572201270485,Coua coquereli,Coua_coquereli,AVES,0.999669557479402,8,3629.02553803459
pipe,18,18,84.5572201270485,Coua cristata,Coua_cristata,AVES,0.999999999939381,15,24438.2577196296
pipe,18,18,84.5572201270485,Coua cursor,Coua_cursor,AVES,0.983124941921827,2,2599.13466692408
pipe,18,18,84.5572201270485,Coua gigas,Coua_gigas,AVES,0.999076829662886,3,4562.80930670281
pipe,18,18,84.5572201270485,Coua reynaudii,Coua_reynaudii,AVES,0.999907187304924,3,12637.9369489475
pipe,18,18,84.5572201270485,Coua ruficeps,Coua_ruficeps,AVES,0.958576342169654,2,1237.0290386683
pipe,18,18,84.5572201270485,Coua serriana,Coua_serriana,AVES,0.99504928181135,3,13859.820062573
pipe,18,18,84.5572201270485,Crossleyia xanthophrys,Crossleyia_xanthophrys,AVES,0.999999871108166,20,1705.19913812543
pipe,18,18,84.5572201270485,Cryptoprocta ferox,Cryptoprocta_ferox,MAMMALIA,0,1,6306.43482832215
pipe,18,18,84.5572201270485,Cryptosylvicola randrianasoloi,Cryptosylvicola_randrianasoloi,AVES,0.999999996360731,23,2173.94446350216
pipe,18,18,84.5572201270485,Cyanolanius madagascarinus,Cyanolanius_madagascarinus,AVES,1,34,24202.0181117909
pipe,18,18,84.5572201270485,Daubentonia madagascariensis,Daubentonia_madagascariensis,MAMMALIA,0.999999999999418,24,11916.3137476245
pipe,18,18,84.5572201270485,Echinops telfairi,Echinops_telfairi,MAMMALIA,0.999999999999965,97,7641.80711504842
pipe,18,18,84.5572201270485,Eliurus antsingy,Eliurus_antsingy,MAMMALIA,0.0133737178258206,3,49.043584514739
pipe,18,18,84.5572201270485,Eliurus grandidieri,Eliurus_grandidieri,MAMMALIA,0.996874506492361,18,670.499050544585
pipe,18,18,84.5572201270485,Eliurus majori,Eliurus_majori,MAMMALIA,1,61,12322.5380360948
pipe,18,18,84.5572201270485,Eliurus minor,Eliurus_minor,MAMMALIA,1,91,22259.8659660679
pipe,18,18,84.5572201270485,Eliurus myoxinus,Eliurus_myoxinus,MAMMALIA,1,114,19017.8041110976
pipe,18,18,84.5572201270485,Eliurus tanala,Eliurus_tanala,MAMMALIA,1,65,13634.1628415245
pipe,18,18,84.5572201270485,Eliurus webbi,Eliurus_webbi,MAMMALIA,1,55,20890.4153472306
pipe,18,18,84.5572201270485,Eremopterix hova,Eremopterix_hova,AVES,0.999915705358736,13,2020.80406228444
pipe,18,18,84.5572201270485,Eulemur albifrons,Eulemur_albifrons,MAMMALIA,0.999999999999991,14,10637.6722554588
pipe,18,18,84.5572201270485,Eulemur cinereiceps,Eulemur_cinereiceps,MAMMALIA,1,77,22280.9659503309
pipe,18,18,84.5572201270485,Eulemur collaris,Eulemur_collaris,MAMMALIA,1,71,22204.8843989281
pipe,18,18,84.5572201270485,Eulemur coronatus,Eulemur_coronatus,MAMMALIA,1,55,6867.1677543139
pipe,18,18,84.5572201270485,Eulemur flavifrons,Eulemur_flavifrons,MAMMALIA,0.000213248908682684,1,25.074716512655
pipe,18,18,84.5572201270485,Eulemur fulvus,Eulemur_fulvus,MAMMALIA,1,76,22288.2530671334
pipe,18,18,84.5572201270485,Eulemur macaco,Eulemur_macaco,MAMMALIA,1,41,10304.8098190905
pipe,18,18,84.5572201270485,Eulemur mongoz,Eulemur_mongoz,MAMMALIA,0.997469406518488,3,581.41989294858
pipe,18,18,84.5572201270485,Eulemur rubriventer,Eulemur_rubriventer,MAMMALIA,1,75,21656.9251197939
pipe,18,18,84.5572201270485,Eulemur rufus,Eulemur_rufus,MAMMALIA,1,59,8923.12220987097
pipe,18,18,84.5572201270485,Eulemur sanfordi,Eulemur_sanfordi,MAMMALIA,1,81,22307.1737540829
pipe,18,18,84.5572201270485,Euryceros prevostii,Euryceros_prevostii,AVES,0.996173786139108,3,2070.54031113952
pipe,18,18,84.5572201270485,Falco zoniventris,Falco_zoniventris,AVES,0.772507726478193,6,22861.3736797861
pipe,18,18,84.5572201270485,Falculea palliata,Falculea_palliata,AVES,0.999996627489855,14,4349.38415933167
pipe,18,18,84.5572201270485,Fossa fossana,Fossa_fossana,MAMMALIA,0.613482365350749,2,18177.9244443574
pipe,18,18,84.5572201270485,Foudia madagascariensis,Foudia_madagascariensis,AVES,0.999999999998159,53,27766.6535055873
pipe,18,18,84.5572201270485,Foudia omissa,Foudia_omissa,AVES,0.999999999791874,17,16783.5482384833
pipe,18,18,84.5572201270485,Gactornis enarratus,Gactornis_enarratus,AVES,0.999999975653738,9,16754.0708118761
pipe,18,18,84.5572201270485,Galidia elegans,Galidia_elegans,MAMMALIA,0.670074813970892,2,17491.8552006951
pipe,18,18,84.5572201270485,Galidictis fasciata,Galidictis_fasciata,MAMMALIA,0,1,1529.64931621576
pipe,18,18,84.5572201270485,Geobiastes squamiger,Geobiastes_squamiger,AVES,0.997984155502474,3,5084.96780726489
pipe,18,18,84.5572201270485,Geogale aurita,Geogale_aurita,MAMMALIA,0.999999994654462,106,7528.27779463853
pipe,18,18,84.5572201270485,Gymnuromys roberti,Gymnuromys_roberti,MAMMALIA,1,54,8101.90725909763
pipe,18,18,84.5572201270485,Haliaeetus vociferoides,Haliaeetus_vociferoides,AVES,0,0,0
pipe,18,18,84.5572201270485,Hapalemur alaotrensis,Hapalemur_alaotrensis,MAMMALIA,0.999998729347312,15,1333.08199389879
pipe,18,18,84.5572201270485,Hapalemur aureus,Hapalemur_aureus,MAMMALIA,0.997485225415688,7,434.463298515449
pipe,18,18,84.5572201270485,Hapalemur griseus,Hapalemur_griseus,MAMMALIA,1,72,23590.5697157704
pipe,18,18,84.5572201270485,Hapalemur occidentalis,Hapalemur_occidentalis,MAMMALIA,0.998701788992582,12,572.340124804694
pipe,18,18,84.5572201270485,Hartertula flavoviridis,Hartertula_flavoviridis,AVES,0.999999999889069,27,2919.99208977476
pipe,18,18,84.5572201270485,Hartlaubius auratus,Hartlaubius_auratus,AVES,0.999999999998716,33,24233.972604035
pipe,18,18,84.5572201270485,Hemicentetes nigriceps,Hemicentetes_nigriceps,MAMMALIA,0.993084456672035,11,899.690159832674
pipe,18,18,84.5572201270485,Hemicentetes semispinosus,Hemicentetes_semispinosus,MAMMALIA,1,51,21379.7082718318
pipe,18,18,84.5572201270485,Hypogeomys antimena,Hypogeomys_antimena,MAMMALIA,0.133821965614829,3,81.1960723686169
pipe,18,18,84.5572201270485,Hypositta corallirostris,Hypositta_corallirostris,AVES,0.99999987573541,13,20521.6547847287
pipe,18,18,84.5572201270485,Indri indri,Indri_indri,MAMMALIA,0.999999996739764,16,20512.8303651809
pipe,18,18,84.5572201270485,Lemur catta,Lemur_catta,MAMMALIA,1,46,4466.88811042331
pipe,18,18,84.5572201270485,Lepidopygia nana,Lepidopygia_nana,AVES,0.999557599954627,68,28297.5771401687
pipe,18,18,84.5572201270485,Lepilemur ankaranensis,Lepilemur_ankaranensis,MAMMALIA,0.942459903341341,5,274.237082094521
pipe,18,18,84.5572201270485,Lepilemur edwardsi,Lepilemur_edwardsi,MAMMALIA,0.999980551840452,12,1367.0876461783
pipe,18,18,84.5572201270485,Lepilemur leucopus,Lepilemur_leucopus,MAMMALIA,0.999999930013785,18,1594.12577671628
pipe,18,18,84.5572201270485,Lepilemur microdon,Lepilemur_microdon,MAMMALIA,0.999664396624482,16,1374.72550945322
pipe,18,18,84.5572201270485,Lepilemur mustelinus,Lepilemur_mustelinus,MAMMALIA,1,88,19323.0989783949
pipe,18,18,84.5572201270485,Lepilemur ruficaudatus,Lepilemur_ruficaudatus,MAMMALIA,0.999999973609261,14,1494.56265710178
pipe,18,18,84.5572201270485,Leptopterus chabert,Leptopterus_chabert,AVES,1,46,26833.2137479688
pipe,18,18,84.5572201270485,Lophotibis cristata,Lophotibis_cristata,AVES,0.999938731606183,4,23076.5635418229
pipe,18,18,84.5572201270485,Macrotarsomys bastardi,Macrotarsomys_bastardi,MAMMALIA,0.99998381497832,34,1184.53850532215
pipe,18,18,84.5572201270485,Margaroperdix madagarensis,Margaroperdix_madagarensis,AVES,0.999999999955777,17,24184.9242440783
pipe,18,18,84.5572201270485,Mentocrex kioloides,Mentocrex_kioloides,AVES,0.999425995355617,5,13766.7052164427
pipe,18,18,84.5572201270485,Mesitornis unicolor,Mesitornis_unicolor,AVES,0,0,0
pipe,18,18,84.5572201270485,Mesitornis variegatus,Mesitornis_variegatus,AVES,0.979847639662817,4,1685.08304943456
pipe,18,18,84.5572201270485,Microcebus berthae,Microcebus_berthae,MAMMALIA,1.52725564417366e-08,1,10.8090685387869
pipe,18,18,84.5572201270485,Microcebus griseorufus,Microcebus_griseorufus,MAMMALIA,0.990600922542795,10,381.006332823613
pipe,18,18,84.5572201270485,Microcebus murinus,Microcebus_murinus,MAMMALIA,1,188,18055.6594226483
pipe,18,18,84.5572201270485,Microcebus myoxinus,Microcebus_myoxinus,MAMMALIA,0.996299366003383,7,232.047636686355
pipe,18,18,84.5572201270485,Microcebus ravelobensis,Microcebus_ravelobensis,MAMMALIA,0.778620368188717,8,213.92547160288
pipe,18,18,84.5572201270485,Microcebus rufus,Microcebus_rufus,MAMMALIA,1,69,20441.053503871
pipe,18,18,84.5572201270485,Microcebus tavaratra,Microcebus_tavaratra,MAMMALIA,0.992586476201909,10,420.003251237278
pipe,18,18,84.5572201270485,Microgale brevicaudata,Microgale_brevicaudata,MAMMALIA,0.999999999898492,89,7927.52782926021
pipe,18,18,84.5572201270485,Microgale cowani,Microgale_cowani,MAMMALIA,0.999999999999729,65,15237.6165722337
pipe,18,18,84.5572201270485,Microgale drouhardi,Microgale_drouhardi,MAMMALIA,0.999999999870581,52,7280.49094443292
pipe,18,18,84.5572201270485,Microgale dryas,Microgale_dryas,MAMMALIA,0.896755683241292,20,898.246072358893
pipe,18,18,84.5572201270485,Microgale fotsifotsy,Microgale_fotsifotsy,MAMMALIA,0.99999999902476,57,9134.97539623116
pipe,18,18,84.5572201270485,Microgale gracilis,Microgale_gracilis,MAMMALIA,0.999998747967929,39,3481.51142364845
pipe,18,18,84.5572201270485,Microgale gymnorhyncha,Microgale_gymnorhyncha,MAMMALIA,0.999999969567195,39,4501.92391063679
pipe,18,18,84.5572201270485,Microgale longicaudata,Microgale_longicaudata,MAMMALIA,0.999999999992145,80,17935.361668061
pipe,18,18,84.5572201270485,Microgale mergulus,Microgale_mergulus,MAMMALIA,0.999261674568132,16,1225.74134275313
pipe,18,18,84.5572201270485,Microgale parvula,Microgale_parvula,MAMMALIA,0.999999997407617,73,21273.3203235547
pipe,18,18,84.5572201270485,Microgale principula,Microgale_principula,MAMMALIA,0.999999999999681,58,19252.7305084891
pipe,18,18,84.5572201270485,Microgale pusilla,Microgale_pusilla,MAMMALIA,0.999985492626535,55,8417.36071534644
pipe,18,18,84.5572201270485,Microgale soricoides,Microgale_soricoides,MAMMALIA,0.999999999993806,49,6988.0055846977
pipe,18,18,84.5572201270485,Microgale taiva,Microgale_taiva,MAMMALIA,0.999999999999743,61,15347.2011452771
pipe,18,18,84.5572201270485,Microgale thomasi,Microgale_thomasi,MAMMALIA,0.999999999999811,50,8037.42673459224
pipe,18,18,84.5572201270485,Mirza coquereli,Mirza_coquereli,MAMMALIA,0.990122024038805,7,676.260683793965
pipe,18,18,84.5572201270485,Monias benschi,Monias_benschi,AVES,0,0,0
pipe,18,18,84.5572201270485,Monticola erythronotus,Monticola_erythronotus,AVES,0.505764981643122,1,97.497303661992
pipe,18,18,84.5572201270485,Monticola sharpei,Monticola_sharpei,AVES,0.999999999999975,21,21889.0918833888
pipe,18,18,84.5572201270485,Monticolomys koopmani,Monticolomys_koopmani,MAMMALIA,0.132607629821117,3,77.5173760962128
pipe,18,18,84.5572201270485,Motacilla flaviventris,Motacilla_flaviventris,AVES,0.99999904105926,12,1764.31836560993
pipe,18,18,84.5572201270485,Mystacornis crossleyi,Mystacornis_crossleyi,AVES,0.999999999999985,10,17573.4768987009
pipe,18,18,84.5572201270485,Neodrepanis coruscans,Neodrepanis_coruscans,AVES,0.999998666862668,21,11740.0349105989
pipe,18,18,84.5572201270485,Neodrepanis hypoxantha,Neodrepanis_hypoxantha,AVES,0.0211788109146442,3,88.4296056242715
pipe,18,18,84.5572201270485,Neomixis striatigula,Neomixis_striatigula,AVES,1,16,19264.2006572949
pipe,18,18,84.5572201270485,Neomixis tenella,Neomixis_tenella,AVES,1,53,24888.057700544
pipe,18,18,84.5572201270485,Neomixis viridis,Neomixis_viridis,AVES,1,16,18913.7524856522
pipe,18,18,84.5572201270485,Nesillas lantzii,Nesillas_lantzii,AVES,0.993818355143431,4,913.880206102499
pipe,18,18,84.5572201270485,Nesogale dobsoni,Nesogale_dobsoni,MAMMALIA,1,65,19452.179845329
pipe,18,18,84.5572201270485,Nesogale talazaci,Nesogale_talazaci,MAMMALIA,0.999999999999999,57,20442.4881127209
pipe,18,18,84.5572201270485,Nesomys audeberti,Nesomys_audeberti,MAMMALIA,0.999999999255524,31,1927.18419571488
pipe,18,18,84.5572201270485,Nesomys lambertoni,Nesomys_lambertoni,MAMMALIA,0.990526420505947,7,333.962628475814
pipe,18,18,84.5572201270485,Nesomys rufus,Nesomys_rufus,MAMMALIA,1,52,15055.1808947285
pipe,18,18,84.5572201270485,Newtonia amphichroa,Newtonia_amphichroa,AVES,1,17,14448.4936214974
pipe,18,18,84.5572201270485,Newtonia archboldi,Newtonia_archboldi,AVES,0.993726915265799,6,695.123956971585
pipe,18,18,84.5572201270485,Newtonia brunneicauda,Newtonia_brunneicauda,AVES,1,58,27020.5108498948
pipe,18,18,84.5572201270485,Newtonia fanovanae,Newtonia_fanovanae,AVES,0.35300667308126,1,71.3810832753727
pipe,18,18,84.5572201270485,Oriolia bernieri,Oriolia_bernieri,AVES,0.999894632618526,16,4133.32012386933
pipe,18,18,84.5572201270485,Oryzorictes hova,Oryzorictes_hova,MAMMALIA,0.999999999999997,57,20162.8250897823
pipe,18,18,84.5572201270485,Oryzorictes tetradactylus,Oryzorictes_tetradactylus,MAMMALIA,0.999977062531351,35,3036.71125653085
pipe,18,18,84.5572201270485,Otus rutilus,Otus_rutilus,AVES,0.999999999896893,15,25272.7704812154
pipe,18,18,84.5572201270485,Oxylabes madagascariensis,Oxylabes_madagascariensis,AVES,1,15,17741.5459932866
pipe,18,18,84.5572201270485,Phaner electromontis,Phaner_electromontis,MAMMALIA,0,0,0
pipe,18,18,84.5572201270485,Phaner furcifer,Phaner_furcifer,MAMMALIA,0.887896689584288,13,394.018951903066
pipe,18,18,84.5572201270485,Phaner pallescens,Phaner_pallescens,MAMMALIA,0.999949056901699,7,903.117811361846
pipe,18,18,84.5572201270485,Phaner parienti,Phaner_parienti,MAMMALIA,0.00280017666108179,1,24.4501852478606
pipe,18,18,84.5572201270485,Philepitta castanea,Philepitta_castanea,AVES,0.999592909257045,10,14904.215382818
pipe,18,18,84.5572201270485,Philepitta schlegeli,Philepitta_schlegeli,AVES,0.962694276439401,8,2014.26472235555
pipe,18,18,84.5572201270485,Ploceus nelicourvi,Ploceus_nelicourvi,AVES,1,12,20185.6304850943
pipe,18,18,84.5572201270485,Ploceus sakalava,Ploceus_sakalava,AVES,0.999993051140938,30,5110.99104780537
pipe,18,18,84.5572201270485,Polyboroides radiatus,Polyboroides_radiatus,AVES,0.987919827492402,5,23219.495876147
pipe,18,18,84.5572201270485,Pseudobias wardi,Pseudobias_wardi,AVES,1,15,16145.9086731982
pipe,18,18,84.5572201270485,Pterocles personatus,Pterocles_personatus,AVES,0.779451239013855,4,3845.8942939525
pipe,18,18,84.5572201270485,Rallus madagascariensis,Rallus_madagascariensis,AVES,0.999980375326397,5,5625.04627266932
pipe,18,18,84.5572201270485,Randia pseudozosterops,Randia_pseudozosterops,AVES,1,16,16443.2225732191
pipe,18,18,84.5572201270485,Sarothrura insularis,Sarothrura_insularis,AVES,0.999994676893707,9,21113.4174815113
pipe,18,18,84.5572201270485,Schetba rufa,Schetba_rufa,AVES,0.999999999762674,25,12545.4066453562
pipe,18,18,84.5572201270485,Setifer setosus,Setifer_setosus,MAMMALIA,1,93,26564.868996262
pipe,18,18,84.5572201270485,Tenrec ecaudatus,Tenrec_ecaudatus,MAMMALIA,1,80,26339.4797507
pipe,18,18,84.5572201270485,Thamnornis chloropetoides,Thamnornis_chloropetoides,AVES,0.998791027936208,5,1092.82122278943
pipe,18,18,84.5572201270485,Treron australis,Treron_australis,AVES,0.999892073303035,13,25891.0450417661
pipe,18,18,84.5572201270485,Turnix nigricollis,Turnix_nigricollis,AVES,0.99999999566734,21,21406.5281767995
pipe,18,18,84.5572201270485,Tylas eduardi,Tylas_eduardi,AVES,0.999999999999999,10,20395.3680981637
pipe,18,18,84.5572201270485,Vanga curvirostris,Vanga_curvirostris,AVES,0.999999999992739,29,26132.6347592272
pipe,18,18,84.5572201270485,Varecia rubra,Varecia_rubra,MAMMALIA,1,40,21294.1608610352
pipe,18,18,84.5572201270485,Varecia variegata,Varecia_variegata,MAMMALIA,1,37,21250.8099254539
pipe,18,18,84.5572201270485,Xanthomixis apperti,Xanthomixis_apperti,AVES,0.441311211243701,1,68.4073900828693
pipe,18,18,84.5572201270485,Xanthomixis cinereiceps,Xanthomixis_cinereiceps,AVES,0.999999999999995,20,4283.83230097714
pipe,18,18,84.5572201270485,Xanthomixis zosterops,Xanthomixis_zosterops,AVES,1,18,20192.641400301
pipe,18,18,84.5572201270485,Xenopirostris damii,Xenopirostris_damii,AVES,0.00179910755944268,1,93.5023436630614
pipe,18,18,84.5572201270485,Xenopirostris polleni,Xenopirostris_polleni,AVES,0.999992061884957,13,6610.12590747727
pipe,18,18,84.5572201270485,Xenopirostris xenopirostris,Xenopirostris_xenopirostris,AVES,0.950543574444237,1,875.664526040274
pipe,19,19,89.261981960351,Accipiter henstii,Accipiter_henstii,AVES,0.285691889174712,2,16443.1411668137
pipe,19,19,89.261981960351,Accipiter madagascariensis,Accipiter_madagascariensis,AVES,0.536953451916778,5,17701.298037878
pipe,19,19,89.261981960351,Acrocephalus newtoni,Acrocephalus_newtoni,AVES,1,38,17936.3670700789
pipe,19,19,89.261981960351,Alectroenas madagascariensis,Alectroenas_madagascariensis,AVES,0.993972894019792,10,14466.6459705512
pipe,19,19,89.261981960351,Allocebus trichotis,Allocebus_trichotis,MAMMALIA,0.00778449824080152,2,50.1575095088342
pipe,19,19,89.261981960351,Anas bernieri,Anas_bernieri,AVES,0,0,0
pipe,19,19,89.261981960351,Apus balstoni,Apus_balstoni,AVES,0.999999900895178,20,16635.7499147803
pipe,19,19,89.261981960351,Artamella viridis,Artamella_viridis,AVES,0.999999999856866,33,17944.5478194185
pipe,19,19,89.261981960351,Asio madagascariensis,Asio_madagascariensis,AVES,0.596831562853169,3,14394.0686193417
pipe,19,19,89.261981960351,Atelornis crossleyi,Atelornis_crossleyi,AVES,0.986706001661149,5,2406.2448346921
pipe,19,19,89.261981960351,Atelornis pittoides,Atelornis_pittoides,AVES,0.998754087114162,5,10136.4334351095
pipe,19,19,89.261981960351,Athene superciliaris,Athene_superciliaris,AVES,0.999463210138587,9,12693.9616631413
pipe,19,19,89.261981960351,Avahi laniger,Avahi_laniger,MAMMALIA,0.999999999999756,34,8918.35182557011
pipe,19,19,89.261981960351,Avahi occidentalis,Avahi_occidentalis,MAMMALIA,0.989359902334482,4,483.948541472143
pipe,19,19,89.261981960351,Aviceda madagascariensis,Aviceda_madagascariensis,AVES,0.736693417488796,3,17757.093355908
pipe,19,19,89.261981960351,Bernieria madagascariensis,Bernieria_madagascariensis,AVES,0.999999999998279,31,16777.4031004189
pipe,19,19,89.261981960351,Brachypteracias leptosomus,Brachypteracias_leptosomus,AVES,0.997761780913796,4,10533.3408323564
pipe,19,19,89.261981960351,Brachytarsomys albicauda,Brachytarsomys_albicauda,MAMMALIA,0.996076597348402,11,566.840488935244
pipe,19,19,89.261981960351,Brachyuromys betsileoensis,Brachyuromys_betsileoensis,MAMMALIA,1,23,3111.23537316897
pipe,19,19,89.261981960351,Brachyuromys ramirohitra,Brachyuromys_ramirohitra,MAMMALIA,0.655414845690046,2,90.5857082152948
pipe,19,19,89.261981960351,Bradypterus brunneus,Bradypterus_brunneus,AVES,0.999999999918659,24,3604.99686129549
pipe,19,19,89.261981960351,Bradypterus seebohmi,Bradypterus_seebohmi,AVES,0.452718233996164,1,71.7493427546058
pipe,19,19,89.261981960351,Buteo brachypterus,Buteo_brachypterus,AVES,0.385757027284217,2,18548.787458524
pipe,19,19,89.261981960351,Calicalicus madagascariensis,Calicalicus_madagascariensis,AVES,0.999999997259813,36,16822.895110901
pipe,19,19,89.261981960351,Cheirogaleus crossleyi,Cheirogaleus_crossleyi,MAMMALIA,0.999999984556868,25,1879.26157490557
pipe,19,19,89.261981960351,Cheirogaleus major,Cheirogaleus_major,MAMMALIA,1,40,14062.2111025258
pipe,19,19,89.261981960351,Cheirogaleus medius,Cheirogaleus_medius,MAMMALIA,1,78,4569.7560032281
pipe,19,19,89.261981960351,Cinnyris notatus,Cinnyris_notatus,AVES,1,37,17236.2192163823
pipe,19,19,89.261981960351,Copsychus albospecularis,Copsychus_albospecularis,AVES,0.999995000598875,12,13823.3942275841
pipe,19,19,89.261981960351,Coracopsis nigra,Coracopsis_nigra,AVES,0.996242907262963,15,18246.2134590939
pipe,19,19,89.261981960351,Corythornis madagascariensis,Corythornis_madagascariensis,AVES,0.613066212270462,10,15972.7301876202
pipe,19,19,89.261981960351,Coua caerulea,Coua_caerulea,AVES,0.998257156196195,4,12306.4566362627
pipe,19,19,89.261981960351,Coua coquereli,Coua_coquereli,AVES,0.998874896272831,8,2865.25589693274
pipe,19,19,89.261981960351,Coua cristata,Coua_cristata,AVES,0.999999987694009,14,17275.4280655385
pipe,19,19,89.261981960351,Coua cursor,Coua_cursor,AVES,0.97754112926372,2,2248.72973734123
pipe,19,19,89.261981960351,Coua gigas,Coua_gigas,AVES,0.995338735502335,4,3624.97029662753
pipe,19,19,89.261981960351,Coua reynaudii,Coua_reynaudii,AVES,0.996165284275654,4,9133.88594589779
pipe,19,19,89.261981960351,Coua ruficeps,Coua_ruficeps,AVES,0.948025725453459,2,1169.65998012544
pipe,19,19,89.261981960351,Coua serriana,Coua_serriana,AVES,0.9636067050377,3,10253.925824458
pipe,19,19,89.261981960351,Crossleyia xanthophrys,Crossleyia_xanthophrys,AVES,0.999936124839696,16,1110.17502613819
pipe,19,19,89.261981960351,Cryptoprocta ferox,Cryptoprocta_ferox,MAMMALIA,0,0,0
pipe,19,19,89.261981960351,Cryptosylvicola randrianasoloi,Cryptosylvicola_randrianasoloi,AVES,0.999875703316544,17,1167.8755738972
pipe,19,19,89.261981960351,Cyanolanius madagascarinus,Cyanolanius_madagascarinus,AVES,0.999999999999999,36,17016.9933430667
pipe,19,19,89.261981960351,Daubentonia madagascariensis,Daubentonia_madagascariensis,MAMMALIA,0.999999999994436,22,9061.04562812766
pipe,19,19,89.261981960351,Echinops telfairi,Echinops_telfairi,MAMMALIA,0.999999999821052,74,5328.469275152
pipe,19,19,89.261981960351,Eliurus antsingy,Eliurus_antsingy,MAMMALIA,0.0133737178258206,3,49.043584514739
pipe,19,19,89.261981960351,Eliurus grandidieri,Eliurus_grandidieri,MAMMALIA,0.990751580465996,16,579.34054649377
pipe,19,19,89.261981960351,Eliurus majori,Eliurus_majori,MAMMALIA,1,45,6680.19438058228
pipe,19,19,89.261981960351,Eliurus minor,Eliurus_minor,MAMMALIA,1,70,15356.7921753761
pipe,19,19,89.261981960351,Eliurus myoxinus,Eliurus_myoxinus,MAMMALIA,1,91,13328.1143462174
pipe,19,19,89.261981960351,Eliurus tanala,Eliurus_tanala,MAMMALIA,1,44,7740.76418901011
pipe,19,19,89.261981960351,Eliurus webbi,Eliurus_webbi,MAMMALIA,1,40,14250.7401924164
pipe,19,19,89.261981960351,Eremopterix hova,Eremopterix_hova,AVES,0.999611377647096,5,1620.06881620384
pipe,19,19,89.261981960351,Eulemur albifrons,Eulemur_albifrons,MAMMALIA,0.999999999999962,10,8981.41692035818
pipe,19,19,89.261981960351,Eulemur cinereiceps,Eulemur_cinereiceps,MAMMALIA,1,65,15315.4088905273
pipe,19,19,89.261981960351,Eulemur collaris,Eulemur_collaris,MAMMALIA,1,64,15287.8150461029
pipe,19,19,89.261981960351,Eulemur coronatus,Eulemur_coronatus,MAMMALIA,1,39,4974.64052290309
pipe,19,19,89.261981960351,Eulemur flavifrons,Eulemur_flavifrons,MAMMALIA,0.000213248908682684,1,25.074716512655
pipe,19,19,89.261981960351,Eulemur fulvus,Eulemur_fulvus,MAMMALIA,1,64,15315.8660149503
pipe,19,19,89.261981960351,Eulemur macaco,Eulemur_macaco,MAMMALIA,1,27,5129.87802386721
pipe,19,19,89.261981960351,Eulemur mongoz,Eulemur_mongoz,MAMMALIA,0.989432014009544,5,537.595664231913
pipe,19,19,89.261981960351,Eulemur rubriventer,Eulemur_rubriventer,MAMMALIA,1,58,14857.3265479291
pipe,19,19,89.261981960351,Eulemur rufus,Eulemur_rufus,MAMMALIA,1,45,4767.39214436833
pipe,19,19,89.261981960351,Eulemur sanfordi,Eulemur_sanfordi,MAMMALIA,1,66,15321.1782590302
pipe,19,19,89.261981960351,Euryceros prevostii,Euryceros_prevostii,AVES,0.995160815152895,3,1828.02105363584
pipe,19,19,89.261981960351,Falco zoniventris,Falco_zoniventris,AVES,0.649252351290519,5,15862.4274720627
pipe,19,19,89.261981960351,Falculea palliata,Falculea_palliata,AVES,0.999980776639906,11,3315.6350265928
pipe,19,19,89.261981960351,Fossa fossana,Fossa_fossana,MAMMALIA,0.440598797931207,1,12385.0624278761
pipe,19,19,89.261981960351,Foudia madagascariensis,Foudia_madagascariensis,AVES,0.99999999480586,44,19742.4642266871
pipe,19,19,89.261981960351,Foudia omissa,Foudia_omissa,AVES,0.999999421102967,19,11200.8477871
pipe,19,19,89.261981960351,Gactornis enarratus,Gactornis_enarratus,AVES,0.999642270512567,11,11821.6209290989
pipe,19,19,89.261981960351,Galidia elegans,Galidia_elegans,MAMMALIA,0.517811932546201,1,12353.3465169897
pipe,19,19,89.261981960351,Galidictis fasciata,Galidictis_fasciata,MAMMALIA,0,0,0
pipe,19,19,89.261981960351,Geobiastes squamiger,Geobiastes_squamiger,AVES,0.98253267671932,1,3508.59167307472
pipe,19,19,89.261981960351,Geogale aurita,Geogale_aurita,MAMMALIA,0.999999586451681,90,5511.71115400099
pipe,19,19,89.261981960351,Gymnuromys roberti,Gymnuromys_roberti,MAMMALIA,1,33,4527.69647075641
pipe,19,19,89.261981960351,Haliaeetus vociferoides,Haliaeetus_vociferoides,AVES,0,0,0
pipe,19,19,89.261981960351,Hapalemur alaotrensis,Hapalemur_alaotrensis,MAMMALIA,0.999982329767396,5,889.299780218168
pipe,19,19,89.261981960351,Hapalemur aureus,Hapalemur_aureus,MAMMALIA,0.991842018397262,6,370.66265091309
pipe,19,19,89.261981960351,Hapalemur griseus,Hapalemur_griseus,MAMMALIA,1,60,16560.7627231749
pipe,19,19,89.261981960351,Hapalemur occidentalis,Hapalemur_occidentalis,MAMMALIA,0.998466202477323,11,535.340831583801
pipe,19,19,89.261981960351,Hartertula flavoviridis,Hartertula_flavoviridis,AVES,0.999999169813472,23,1798.70924921932
pipe,19,19,89.261981960351,Hartlaubius auratus,Hartlaubius_auratus,AVES,0.999999982684941,34,16926.6634762771
pipe,19,19,89.261981960351,Hemicentetes nigriceps,Hemicentetes_nigriceps,MAMMALIA,0.981418369458137,8,678.865517351391
pipe,19,19,89.261981960351,Hemicentetes semispinosus,Hemicentetes_semispinosus,MAMMALIA,0.999999999967721,36,14578.6013723561
pipe,19,19,89.261981960351,Hypogeomys antimena,Hypogeomys_antimena,MAMMALIA,0.133657837801919,2,56.7325883825327
pipe,19,19,89.261981960351,Hypositta corallirostris,Hypositta_corallirostris,AVES,0.999817481406684,15,13880.9424859807
pipe,19,19,89.261981960351,Indri indri,Indri_indri,MAMMALIA,0.999987738932062,14,13846.9222890586
pipe,19,19,89.261981960351,Lemur catta,Lemur_catta,MAMMALIA,1,41,2893.31177776733
pipe,19,19,89.261981960351,Lepidopygia nana,Lepidopygia_nana,AVES,0.992869906715869,54,19569.9348140147
pipe,19,19,89.261981960351,Lepilemur ankaranensis,Lepilemur_ankaranensis,MAMMALIA,0.942459903341341,5,274.237082094521
pipe,19,19,89.261981960351,Lepilemur edwardsi,Lepilemur_edwardsi,MAMMALIA,0.999934612230958,10,1266.91637444613
pipe,19,19,89.261981960351,Lepilemur leucopus,Lepilemur_leucopus,MAMMALIA,0.999981772581494,16,1136.46338450739
pipe,19,19,89.261981960351,Lepilemur microdon,Lepilemur_microdon,MAMMALIA,0.997687992028535,8,884.713415640452
pipe,19,19,89.261981960351,Lepilemur mustelinus,Lepilemur_mustelinus,MAMMALIA,1,69,12706.6322646793
pipe,19,19,89.261981960351,Lepilemur ruficaudatus,Lepilemur_ruficaudatus,MAMMALIA,0.999997350395039,13,1204.13887248581
pipe,19,19,89.261981960351,Leptopterus chabert,Leptopterus_chabert,AVES,0.999999999994859,43,19180.7760012951
pipe,19,19,89.261981960351,Lophotibis cristata,Lophotibis_cristata,AVES,0.996534556000202,5,15804.7366842204
pipe,19,19,89.261981960351,Macrotarsomys bastardi,Macrotarsomys_bastardi,MAMMALIA,0.999731203702354,23,844.451412636253
pipe,19,19,89.261981960351,Margaroperdix madagarensis,Margaroperdix_madagarensis,AVES,0.999999995969322,19,16986.0217685908
pipe,19,19,89.261981960351,Mentocrex kioloides,Mentocrex_kioloides,AVES,0.984818232622187,4,9558.34107301385
pipe,19,19,89.261981960351,Mesitornis unicolor,Mesitornis_unicolor,AVES,0,0,0
pipe,19,19,89.261981960351,Mesitornis variegatus,Mesitornis_variegatus,AVES,0.971604936666356,4,1502.05634959977
pipe,19,19,89.261981960351,Microcebus berthae,Microcebus_berthae,MAMMALIA,1.52725564417366e-08,1,10.8090685387869
pipe,19,19,89.261981960351,Microcebus griseorufus,Microcebus_griseorufus,MAMMALIA,0.962437630681045,12,344.647506392836
pipe,19,19,89.261981960351,Microcebus murinus,Microcebus_murinus,MAMMALIA,1,139,13916.4863772609
pipe,19,19,89.261981960351,Microcebus myoxinus,Microcebus_myoxinus,MAMMALIA,0.990517413069795,6,199.042903154257
pipe,19,19,89.261981960351,Microcebus ravelobensis,Microcebus_ravelobensis,MAMMALIA,0.778620368188717,8,211.643664129648
pipe,19,19,89.261981960351,Microcebus rufus,Microcebus_rufus,MAMMALIA,1,49,13738.056602507
pipe,19,19,89.261981960351,Microcebus tavaratra,Microcebus_tavaratra,MAMMALIA,0.986346512404753,8,344.879175723018
pipe,19,19,89.261981960351,Microgale brevicaudata,Microgale_brevicaudata,MAMMALIA,0.999999935986082,70,5520.87779827073
pipe,19,19,89.261981960351,Microgale cowani,Microgale_cowani,MAMMALIA,0.999999985256642,40,9239.33032693076
pipe,19,19,89.261981960351,Microgale drouhardi,Microgale_drouhardi,MAMMALIA,0.99999450700293,32,3953.06238784543
pipe,19,19,89.261981960351,Microgale dryas,Microgale_dryas,MAMMALIA,0.89675469821697,17,827.051753405772
pipe,19,19,89.261981960351,Microgale fotsifotsy,Microgale_fotsifotsy,MAMMALIA,0.999989740642983,34,4848.0016310161
pipe,19,19,89.261981960351,Microgale gracilis,Microgale_gracilis,MAMMALIA,0.999296708891034,18,2045.93224491819
pipe,19,19,89.261981960351,Microgale gymnorhyncha,Microgale_gymnorhyncha,MAMMALIA,0.999579467473369,23,2494.8241473642
pipe,19,19,89.261981960351,Microgale longicaudata,Microgale_longicaudata,MAMMALIA,0.999999902133774,55,11565.4839707626
pipe,19,19,89.261981960351,Microgale mergulus,Microgale_mergulus,MAMMALIA,0.998033794905297,8,909.527315799377
pipe,19,19,89.261981960351,Microgale parvula,Microgale_parvula,MAMMALIA,0.999999897367757,51,14471.9798614175
pipe,19,19,89.261981960351,Microgale principula,Microgale_principula,MAMMALIA,0.999999998440885,40,13034.8321585967
pipe,19,19,89.261981960351,Microgale pusilla,Microgale_pusilla,MAMMALIA,0.999914193989929,42,6728.01076799076
pipe,19,19,89.261981960351,Microgale soricoides,Microgale_soricoides,MAMMALIA,0.999997988724231,35,3865.73444457387
pipe,19,19,89.261981960351,Microgale taiva,Microgale_taiva,MAMMALIA,0.99999968085033,39,9796.41023365346
pipe,19,19,89.261981960351,Microgale thomasi,Microgale_thomasi,MAMMALIA,0.99999978459001,36,4839.69019835497
pipe,19,19,89.261981960351,Mirza coquereli,Mirza_coquereli,MAMMALIA,0.978463021836958,5,539.344263578115
pipe,19,19,89.261981960351,Monias benschi,Monias_benschi,AVES,0,0,0
pipe,19,19,89.261981960351,Monticola erythronotus,Monticola_erythronotus,AVES,0.505764981643122,1,97.497303661992
pipe,19,19,89.261981960351,Monticola sharpei,Monticola_sharpei,AVES,0.99999999963673,20,15038.0379780583
pipe,19,19,89.261981960351,Monticolomys koopmani,Monticolomys_koopmani,MAMMALIA,0.132607629821117,3,77.5173760962128
pipe,19,19,89.261981960351,Motacilla flaviventris,Motacilla_flaviventris,AVES,0.999496685467348,4,909.312805159396
pipe,19,19,89.261981960351,Mystacornis crossleyi,Mystacornis_crossleyi,AVES,0.999999994061214,11,11828.6808618712
pipe,19,19,89.261981960351,Neodrepanis coruscans,Neodrepanis_coruscans,AVES,0.999447102532956,14,7699.91223002747
pipe,19,19,89.261981960351,Neodrepanis hypoxantha,Neodrepanis_hypoxantha,AVES,0.0211788109146442,3,88.4296056242715
pipe,19,19,89.261981960351,Neomixis striatigula,Neomixis_striatigula,AVES,0.999999999997776,16,13035.6428245919
pipe,19,19,89.261981960351,Neomixis tenella,Neomixis_tenella,AVES,1,48,17489.3668332082
pipe,19,19,89.261981960351,Neomixis viridis,Neomixis_viridis,AVES,0.999999999999789,14,12724.9836657825
pipe,19,19,89.261981960351,Nesillas lantzii,Nesillas_lantzii,AVES,0.998667374913778,4,742.537412491226
pipe,19,19,89.261981960351,Nesogale dobsoni,Nesogale_dobsoni,MAMMALIA,0.999999999997608,45,12936.978134009
pipe,19,19,89.261981960351,Nesogale talazaci,Nesogale_talazaci,MAMMALIA,0.999999999999199,39,13735.1789756104
pipe,19,19,89.261981960351,Nesomys audeberti,Nesomys_audeberti,MAMMALIA,0.999999997910568,20,1680.63825918676
pipe,19,19,89.261981960351,Nesomys lambertoni,Nesomys_lambertoni,MAMMALIA,0.987637248634297,5,293.172349624758
pipe,19,19,89.261981960351,Nesomys rufus,Nesomys_rufus,MAMMALIA,1,35,9751.45088623158
pipe,19,19,89.261981960351,Newtonia amphichroa,Newtonia_amphichroa,AVES,0.999999999999976,18,8963.61225084744
pipe,19,19,89.261981960351,Newtonia archboldi,Newtonia_archboldi,AVES,0.992210685503433,5,616.676767239891
pipe,19,19,89.261981960351,Newtonia brunneicauda,Newtonia_brunneicauda,AVES,1,49,19323.7834849225
pipe,19,19,89.261981960351,Newtonia fanovanae,Newtonia_fanovanae,AVES,0.35300667308126,1,71.3810832753727
pipe,19,19,89.261981960351,Oriolia bernieri,Oriolia_bernieri,AVES,0.998174774156423,8,3271.86069728309
pipe,19,19,89.261981960351,Oryzorictes hova,Oryzorictes_hova,MAMMALIA,0.999999999998561,41,13572.1982312337
pipe,19,19,89.261981960351,Oryzorictes tetradactylus,Oryzorictes_tetradactylus,MAMMALIA,0.997369848845788,22,1534.24545277242
pipe,19,19,89.261981960351,Otus rutilus,Otus_rutilus,AVES,0.99999987224643,11,17414.5669167295
pipe,19,19,89.261981960351,Oxylabes madagascariensis,Oxylabes_madagascariensis,AVES,0.999999999936068,17,11938.5170627343
pipe,19,19,89.261981960351,Phaner electromontis,Phaner_electromontis,MAMMALIA,0,0,0
pipe,19,19,89.261981960351,Phaner furcifer,Phaner_furcifer,MAMMALIA,0.887084180799965,10,333.547577033373
pipe,19,19,89.261981960351,Phaner pallescens,Phaner_pallescens,MAMMALIA,0.999839331935616,5,795.41038694844
pipe,19,19,89.261981960351,Phaner parienti,Phaner_parienti,MAMMALIA,0.00280017666108179,1,24.4501852478606
pipe,19,19,89.261981960351,Philepitta castanea,Philepitta_castanea,AVES,0.983928902549243,10,9646.41107282096
pipe,19,19,89.261981960351,Philepitta schlegeli,Philepitta_schlegeli,AVES,0.942569798129947,9,1829.38806253044
pipe,19,19,89.261981960351,Ploceus nelicourvi,Ploceus_nelicourvi,AVES,0.99999999968029,14,13869.769696666
pipe,19,19,89.261981960351,Ploceus sakalava,Ploceus_sakalava,AVES,0.999941611514213,24,3976.67590093851
pipe,19,19,89.261981960351,Polyboroides radiatus,Polyboroides_radiatus,AVES,0.952557480769943,4,16032.4584171781
pipe,19,19,89.261981960351,Pseudobias wardi,Pseudobias_wardi,AVES,0.999999999999681,16,10700.9843034589
pipe,19,19,89.261981960351,Pterocles personatus,Pterocles_personatus,AVES,0.598836024816671,3,2530.70375389927
pipe,19,19,89.261981960351,Rallus madagascariensis,Rallus_madagascariensis,AVES,0.993166158806019,5,2976.81040842539
pipe,19,19,89.261981960351,Randia pseudozosterops,Randia_pseudozosterops,AVES,0.999999994716283,12,11663.1389570329
pipe,19,19,89.261981960351,Sarothrura insularis,Sarothrura_insularis,AVES,0.997600693251739,11,14330.9931960053
pipe,19,19,89.261981960351,Schetba rufa,Schetba_rufa,AVES,0.999996902505231,22,9586.61582912998
pipe,19,19,89.261981960351,Setifer setosus,Setifer_setosus,MAMMALIA,1,75,18955.066750237
pipe,19,19,89.261981960351,Tenrec ecaudatus,Tenrec_ecaudatus,MAMMALIA,1,66,18566.8601609376
pipe,19,19,89.261981960351,Thamnornis chloropetoides,Thamnornis_chloropetoides,AVES,0.997352681274283,5,786.291737408697
pipe,19,19,89.261981960351,Treron australis,Treron_australis,AVES,0.997901095530871,16,18420.5280866601
pipe,19,19,89.261981960351,Turnix nigricollis,Turnix_nigricollis,AVES,0.999999230902161,19,13919.4968494105
pipe,19,19,89.261981960351,Tylas eduardi,Tylas_eduardi,AVES,0.999999997138202,10,13909.0834453303
pipe,19,19,89.261981960351,Vanga curvirostris,Vanga_curvirostris,AVES,0.999999995639268,29,18494.8572991926
pipe,19,19,89.261981960351,Varecia rubra,Varecia_rubra,MAMMALIA,1,30,14486.4937999712
pipe,19,19,89.261981960351,Varecia variegata,Varecia_variegata,MAMMALIA,0.999999999995996,30,14483.7501682238
pipe,19,19,89.261981960351,Xanthomixis apperti,Xanthomixis_apperti,AVES,0.441311211243701,1,68.4073900828693
pipe,19,19,89.261981960351,Xanthomixis cinereiceps,Xanthomixis_cinereiceps,AVES,0.999999723080241,14,2377.73733520433
pipe,19,19,89.261981960351,Xanthomixis zosterops,Xanthomixis_zosterops,AVES,0.999999999979135,18,13893.9441871186
pipe,19,19,89.261981960351,Xenopirostris damii,Xenopirostris_damii,AVES,0.00179910755944268,1,93.5023436630614
pipe,19,19,89.261981960351,Xenopirostris polleni,Xenopirostris_polleni,AVES,0.999722258286784,9,4722.14327271914
pipe,19,19,89.261981960351,Xenopirostris xenopirostris,Xenopirostris_xenopirostris,AVES,0.91280486175997,1,599.646948629051
pipe,20,20,93.953331763907,Accipiter henstii,Accipiter_henstii,AVES,0.0850297931905031,2,8684.38529012287
pipe,20,20,93.953331763907,Accipiter madagascariensis,Accipiter_madagascariensis,AVES,0.208285326304595,4,8868.30288126335
pipe,20,20,93.953331763907,Acrocephalus newtoni,Acrocephalus_newtoni,AVES,1,44,9664.12137179433
pipe,20,20,93.953331763907,Alectroenas madagascariensis,Alectroenas_madagascariensis,AVES,0.982736697860013,10,7275.65599783451
pipe,20,20,93.953331763907,Allocebus trichotis,Allocebus_trichotis,MAMMALIA,0.00777699443301827,1,29.7379084643255
pipe,20,20,93.953331763907,Anas bernieri,Anas_bernieri,AVES,0,0,0
pipe,20,20,93.953331763907,Apus balstoni,Apus_balstoni,AVES,0.999999897846319,21,8907.20179187953
pipe,20,20,93.953331763907,Artamella viridis,Artamella_viridis,AVES,0.999999999968095,36,10232.2137959756
pipe,20,20,93.953331763907,Asio madagascariensis,Asio_madagascariensis,AVES,0.376149290554947,3,6974.89147507266
pipe,20,20,93.953331763907,Atelornis crossleyi,Atelornis_crossleyi,AVES,0.969288247821313,5,1935.99824054466
pipe,20,20,93.953331763907,Atelornis pittoides,Atelornis_pittoides,AVES,0.995664475200138,5,5688.9070469804
pipe,20,20,93.953331763907,Athene superciliaris,Athene_superciliaris,AVES,0.995526088117259,9,7048.16421737612
pipe,20,20,93.953331763907,Avahi laniger,Avahi_laniger,MAMMALIA,0.99999999999979,47,4623.88147425194
pipe,20,20,93.953331763907,Avahi occidentalis,Avahi_occidentalis,MAMMALIA,0.974306937373857,4,430.886544767126
pipe,20,20,93.953331763907,Aviceda madagascariensis,Aviceda_madagascariensis,AVES,0.451688256484515,3,9836.7302535691
pipe,20,20,93.953331763907,Bernieria madagascariensis,Bernieria_madagascariensis,AVES,0.999999999999524,34,9101.51673790538
pipe,20,20,93.953331763907,Brachypteracias leptosomus,Brachypteracias_leptosomus,AVES,0.98912973465534,4,4959.92487293296
pipe,20,20,93.953331763907,Brachytarsomys albicauda,Brachytarsomys_albicauda,MAMMALIA,0.989069149065334,10,432.022320698226
pipe,20,20,93.953331763907,Brachyuromys betsileoensis,Brachyuromys_betsileoensis,MAMMALIA,0.999999999998391,20,2051.26238139006
pipe,20,20,93.953331763907,Brachyuromys ramirohitra,Brachyuromys_ramirohitra,MAMMALIA,0.655414845690046,2,90.5857082152948
pipe,20,20,93.953331763907,Bradypterus brunneus,Bradypterus_brunneus,AVES,0.999999902136646,21,2123.23838014146
pipe,20,20,93.953331763907,Bradypterus seebohmi,Bradypterus_seebohmi,AVES,0.452718233996164,1,71.7493427546058
pipe,20,20,93.953331763907,Buteo brachypterus,Buteo_brachypterus,AVES,0.143477226448717,2,10202.034353625
pipe,20,20,93.953331763907,Calicalicus madagascariensis,Calicalicus_madagascariensis,AVES,0.999999998384284,41,9102.5599236315
pipe,20,20,93.953331763907,Cheirogaleus crossleyi,Cheirogaleus_crossleyi,MAMMALIA,0.99997466743878,19,1096.03109921134
pipe,20,20,93.953331763907,Cheirogaleus major,Cheirogaleus_major,MAMMALIA,1,53,7001.09025644483
pipe,20,20,93.953331763907,Cheirogaleus medius,Cheirogaleus_medius,MAMMALIA,1,60,3975.29471984566
pipe,20,20,93.953331763907,Cinnyris notatus,Cinnyris_notatus,AVES,1,42,9520.90291130201
pipe,20,20,93.953331763907,Copsychus albospecularis,Copsychus_albospecularis,AVES,0.999999444413718,17,6853.03192416082
pipe,20,20,93.953331763907,Coracopsis nigra,Coracopsis_nigra,AVES,0.982669274820127,15,10277.2586988694
pipe,20,20,93.953331763907,Corythornis madagascariensis,Corythornis_madagascariensis,AVES,0.37027129034657,11,8311.48339656173
pipe,20,20,93.953331763907,Coua caerulea,Coua_caerulea,AVES,0.990977686067766,4,5875.28735804228
pipe,20,20,93.953331763907,Coua coquereli,Coua_coquereli,AVES,0.993356247011031,6,2076.21363831567
pipe,20,20,93.953331763907,Coua cristata,Coua_cristata,AVES,0.999999717019979,11,9421.99391945563
pipe,20,20,93.953331763907,Coua cursor,Coua_cursor,AVES,0.924679624941159,3,1537.40675641484
pipe,20,20,93.953331763907,Coua gigas,Coua_gigas,AVES,0.979760968284248,3,2719.97852160293
pipe,20,20,93.953331763907,Coua reynaudii,Coua_reynaudii,AVES,0.9829443128695,5,4689.88397268654
pipe,20,20,93.953331763907,Coua ruficeps,Coua_ruficeps,AVES,0.920609316287728,2,1043.59061333929
pipe,20,20,93.953331763907,Coua serriana,Coua_serriana,AVES,0.893649375394762,3,4682.60240286396
pipe,20,20,93.953331763907,Crossleyia xanthophrys,Crossleyia_xanthophrys,AVES,0.998840169434659,16,937.366128522087
pipe,20,20,93.953331763907,Cryptoprocta ferox,Cryptoprocta_ferox,MAMMALIA,0,0,0
pipe,20,20,93.953331763907,Cryptosylvicola randrianasoloi,Cryptosylvicola_randrianasoloi,AVES,0.999320271758555,17,994.135959849011
pipe,20,20,93.953331763907,Cyanolanius madagascarinus,Cyanolanius_madagascarinus,AVES,1,41,9278.99399414424
pipe,20,20,93.953331763907,Daubentonia madagascariensis,Daubentonia_madagascariensis,MAMMALIA,0.99987111617769,39,3628.89073332672
pipe,20,20,93.953331763907,Echinops telfairi,Echinops_telfairi,MAMMALIA,0.999999781250317,61,4092.91573586174
pipe,20,20,93.953331763907,Eliurus antsingy,Eliurus_antsingy,MAMMALIA,0.0133737178258206,3,49.043584514739
pipe,20,20,93.953331763907,Eliurus grandidieri,Eliurus_grandidieri,MAMMALIA,0.987849867283944,15,548.360680336861
pipe,20,20,93.953331763907,Eliurus majori,Eliurus_majori,MAMMALIA,1,39,4400.22035503197
pipe,20,20,93.953331763907,Eliurus minor,Eliurus_minor,MAMMALIA,1,85,8079.00548208257
pipe,20,20,93.953331763907,Eliurus myoxinus,Eliurus_myoxinus,MAMMALIA,1,93,8107.58964014042
pipe,20,20,93.953331763907,Eliurus tanala,Eliurus_tanala,MAMMALIA,1,40,4542.17550800026
pipe,20,20,93.953331763907,Eliurus webbi,Eliurus_webbi,MAMMALIA,1,58,7023.74944173187
pipe,20,20,93.953331763907,Eremopterix hova,Eremopterix_hova,AVES,0.99311404256374,4,947.141712272136
pipe,20,20,93.953331763907,Eulemur albifrons,Eulemur_albifrons,MAMMALIA,1,27,3848.45408583309
pipe,20,20,93.953331763907,Eulemur cinereiceps,Eulemur_cinereiceps,MAMMALIA,1,76,8928.04295501782
pipe,20,20,93.953331763907,Eulemur collaris,Eulemur_collaris,MAMMALIA,1,73,8890.29998486567
pipe,20,20,93.953331763907,Eulemur coronatus,Eulemur_coronatus,MAMMALIA,1,40,2457.17882661972
pipe,20,20,93.953331763907,Eulemur flavifrons,Eulemur_flavifrons,MAMMALIA,0,0,0
pipe,20,20,93.953331763907,Eulemur fulvus,Eulemur_fulvus,MAMMALIA,1,75,8928.04295501782
pipe,20,20,93.953331763907,Eulemur macaco,Eulemur_macaco,MAMMALIA,1,24,3778.1386268601
pipe,20,20,93.953331763907,Eulemur mongoz,Eulemur_mongoz,MAMMALIA,0.987412640873916,5,513.951134141225
pipe,20,20,93.953331763907,Eulemur rubriventer,Eulemur_rubriventer,MAMMALIA,1,68,7927.82993559014
pipe,20,20,93.953331763907,Eulemur rufus,Eulemur_rufus,MAMMALIA,1,43,4062.73598875784
pipe,20,20,93.953331763907,Eulemur sanfordi,Eulemur_sanfordi,MAMMALIA,1,76,8928.04295501782
pipe,20,20,93.953331763907,Euryceros prevostii,Euryceros_prevostii,AVES,0.980237936856381,3,983.182541024328
pipe,20,20,93.953331763907,Falco zoniventris,Falco_zoniventris,AVES,0.348913286620284,5,8012.20961754352
pipe,20,20,93.953331763907,Falculea palliata,Falculea_palliata,AVES,0.999843323015577,14,2466.11861052933
pipe,20,20,93.953331763907,Fossa fossana,Fossa_fossana,MAMMALIA,0,1,2442.11858080574
pipe,20,20,93.953331763907,Foudia madagascariensis,Foudia_madagascariensis,AVES,0.999999985286311,51,11238.0340102903
pipe,20,20,93.953331763907,Foudia omissa,Foudia_omissa,AVES,0.999998536829029,22,6119.82291249661
pipe,20,20,93.953331763907,Gactornis enarratus,Gactornis_enarratus,AVES,0.999750644425444,13,5977.30101929348
pipe,20,20,93.953331763907,Galidia elegans,Galidia_elegans,MAMMALIA,0,1,2140.64798049506
pipe,20,20,93.953331763907,Galidictis fasciata,Galidictis_fasciata,MAMMALIA,0,0,0
pipe,20,20,93.953331763907,Geobiastes squamiger,Geobiastes_squamiger,AVES,0.954197787561503,2,2187.3761561823
pipe,20,20,93.953331763907,Geogale aurita,Geogale_aurita,MAMMALIA,0.99963405456916,68,3460.13148279846
pipe,20,20,93.953331763907,Gymnuromys roberti,Gymnuromys_roberti,MAMMALIA,1,29,3036.20755900049
pipe,20,20,93.953331763907,Haliaeetus vociferoides,Haliaeetus_vociferoides,AVES,0,0,0
pipe,20,20,93.953331763907,Hapalemur alaotrensis,Hapalemur_alaotrensis,MAMMALIA,0.977845968363082,5,289.129997539608
pipe,20,20,93.953331763907,Hapalemur aureus,Hapalemur_aureus,MAMMALIA,0.991842018397262,6,370.66265091309
pipe,20,20,93.953331763907,Hapalemur griseus,Hapalemur_griseus,MAMMALIA,1,74,9002.06736002468
pipe,20,20,93.953331763907,Hapalemur occidentalis,Hapalemur_occidentalis,MAMMALIA,0.995877887240539,10,468.227512657398
pipe,20,20,93.953331763907,Hartertula flavoviridis,Hartertula_flavoviridis,AVES,0.999974971315928,20,1391.53042184244
pipe,20,20,93.953331763907,Hartlaubius auratus,Hartlaubius_auratus,AVES,0.999999992342425,34,9136.84590540068
pipe,20,20,93.953331763907,Hemicentetes nigriceps,Hemicentetes_nigriceps,MAMMALIA,0.975844159793596,5,574.816522549658
pipe,20,20,93.953331763907,Hemicentetes semispinosus,Hemicentetes_semispinosus,MAMMALIA,0.999999999999996,54,7270.74706648463
pipe,20,20,93.953331763907,Hypogeomys antimena,Hypogeomys_antimena,MAMMALIA,0.133657837801919,2,56.7325883825327
pipe,20,20,93.953331763907,Hypositta corallirostris,Hypositta_corallirostris,AVES,0.999942358317094,22,6978.62371231274
pipe,20,20,93.953331763907,Indri indri,Indri_indri,MAMMALIA,0.999988073158357,25,6490.50735732118
pipe,20,20,93.953331763907,Lemur catta,Lemur_catta,MAMMALIA,1,28,1599.1028027512
pipe,20,20,93.953331763907,Lepidopygia nana,Lepidopygia_nana,AVES,0.985808261165002,56,10907.3218976533
pipe,20,20,93.953331763907,Lepilemur ankaranensis,Lepilemur_ankaranensis,MAMMALIA,0.940198910572926,2,187.693890485166
pipe,20,20,93.953331763907,Lepilemur edwardsi,Lepilemur_edwardsi,MAMMALIA,0.999611741255419,10,1028.0922529884
pipe,20,20,93.953331763907,Lepilemur leucopus,Lepilemur_leucopus,MAMMALIA,0.99994868715907,15,1043.29602786009
pipe,20,20,93.953331763907,Lepilemur microdon,Lepilemur_microdon,MAMMALIA,0.974405257289974,9,696.594819096914
pipe,20,20,93.953331763907,Lepilemur mustelinus,Lepilemur_mustelinus,MAMMALIA,1,76,7528.44278396976
pipe,20,20,93.953331763907,Lepilemur ruficaudatus,Lepilemur_ruficaudatus,MAMMALIA,0.999947993151975,12,1029.9431826162
pipe,20,20,93.953331763907,Leptopterus chabert,Leptopterus_chabert,AVES,0.999999999989608,48,10958.2039641801
pipe,20,20,93.953331763907,Lophotibis cristata,Lophotibis_cristata,AVES,0.977496908067326,5,8219.96303102628
pipe,20,20,93.953331763907,Macrotarsomys bastardi,Macrotarsomys_bastardi,MAMMALIA,0.998712061106069,17,663.730412638928
pipe,20,20,93.953331763907,Margaroperdix madagarensis,Margaroperdix_madagarensis,AVES,0.99999968251035,18,9210.60577454729
pipe,20,20,93.953331763907,Mentocrex kioloides,Mentocrex_kioloides,AVES,0.95423380673906,4,4904.67723916929
pipe,20,20,93.953331763907,Mesitornis unicolor,Mesitornis_unicolor,AVES,0,0,0
pipe,20,20,93.953331763907,Mesitornis variegatus,Mesitornis_variegatus,AVES,0.963020562005737,4,1380.76057738527
pipe,20,20,93.953331763907,Microcebus berthae,Microcebus_berthae,MAMMALIA,1.52725564417366e-08,1,10.8090685387869
pipe,20,20,93.953331763907,Microcebus griseorufus,Microcebus_griseorufus,MAMMALIA,0.961833202005612,8,299.66346713943
pipe,20,20,93.953331763907,Microcebus murinus,Microcebus_murinus,MAMMALIA,1,118,7661.81335156329
pipe,20,20,93.953331763907,Microcebus myoxinus,Microcebus_myoxinus,MAMMALIA,0.982752344588742,5,170.347664163714
pipe,20,20,93.953331763907,Microcebus ravelobensis,Microcebus_ravelobensis,MAMMALIA,0.778620368188717,8,211.643664129648
pipe,20,20,93.953331763907,Microcebus rufus,Microcebus_rufus,MAMMALIA,1,65,6796.11897154581
pipe,20,20,93.953331763907,Microcebus tavaratra,Microcebus_tavaratra,MAMMALIA,0.972283797509903,7,306.287750023105
pipe,20,20,93.953331763907,Microgale brevicaudata,Microgale_brevicaudata,MAMMALIA,0.999996249629205,63,4202.03861343381
pipe,20,20,93.953331763907,Microgale cowani,Microgale_cowani,MAMMALIA,0.9999994837542,50,5177.59450020038
pipe,20,20,93.953331763907,Microgale drouhardi,Microgale_drouhardi,MAMMALIA,0.999808615574898,27,3004.98243115789
pipe,20,20,93.953331763907,Microgale dryas,Microgale_dryas,MAMMALIA,0.896754662794905,12,748.467184632362
pipe,20,20,93.953331763907,Microgale fotsifotsy,Microgale_fotsifotsy,MAMMALIA,0.998611883047071,36,3426.08328557016
pipe,20,20,93.953331763907,Microgale gracilis,Microgale_gracilis,MAMMALIA,0.997594150868904,16,1741.83335094309
pipe,20,20,93.953331763907,Microgale gymnorhyncha,Microgale_gymnorhyncha,MAMMALIA,0.997637224058316,23,1995.02750561396
pipe,20,20,93.953331763907,Microgale longicaudata,Microgale_longicaudata,MAMMALIA,0.999999733159125,65,6341.90757654974
pipe,20,20,93.953331763907,Microgale mergulus,Microgale_mergulus,MAMMALIA,0.994322204018733,8,791.482746422524
pipe,20,20,93.953331763907,Microgale parvula,Microgale_parvula,MAMMALIA,0.999999083148777,68,7286.98647719803
pipe,20,20,93.953331763907,Microgale principula,Microgale_principula,MAMMALIA,0.999999991557239,57,6545.45592611561
pipe,20,20,93.953331763907,Microgale pusilla,Microgale_pusilla,MAMMALIA,0.998170799128339,34,3382.62720052769
pipe,20,20,93.953331763907,Microgale soricoides,Microgale_soricoides,MAMMALIA,0.999687716986713,33,2648.1973363376
pipe,20,20,93.953331763907,Microgale taiva,Microgale_taiva,MAMMALIA,0.999999924320879,44,5499.73605116356
pipe,20,20,93.953331763907,Microgale thomasi,Microgale_thomasi,MAMMALIA,0.999998240238324,37,3187.02614733309
pipe,20,20,93.953331763907,Mirza coquereli,Mirza_coquereli,MAMMALIA,0.924962859425975,5,459.462621335339
pipe,20,20,93.953331763907,Monias benschi,Monias_benschi,AVES,0,0,0
pipe,20,20,93.953331763907,Monticola erythronotus,Monticola_erythronotus,AVES,0.505764981643122,1,97.497303661992
pipe,20,20,93.953331763907,Monticola sharpei,Monticola_sharpei,AVES,0.999999999976631,24,7781.9676438515
pipe,20,20,93.953331763907,Monticolomys koopmani,Monticolomys_koopmani,MAMMALIA,0.132607629821117,3,77.5173760962128
pipe,20,20,93.953331763907,Motacilla flaviventris,Motacilla_flaviventris,AVES,0.938323618163981,3,297.367713362991
pipe,20,20,93.953331763907,Mystacornis crossleyi,Mystacornis_crossleyi,AVES,0.999999999944533,15,6209.10448798473
pipe,20,20,93.953331763907,Neodrepanis coruscans,Neodrepanis_coruscans,AVES,0.999109133924578,17,4596.81798058343
pipe,20,20,93.953331763907,Neodrepanis hypoxantha,Neodrepanis_hypoxantha,AVES,0.0211788109146442,3,88.4296056242715
pipe,20,20,93.953331763907,Neomixis striatigula,Neomixis_striatigula,AVES,0.999999999999999,22,6781.04762529519
pipe,20,20,93.953331763907,Neomixis tenella,Neomixis_tenella,AVES,1,51,9757.32695692446
pipe,20,20,93.953331763907,Neomixis viridis,Neomixis_viridis,AVES,0.999999999999999,19,6492.92123195382
pipe,20,20,93.953331763907,Nesillas lantzii,Nesillas_lantzii,AVES,0.997869955610517,4,673.972080042991
pipe,20,20,93.953331763907,Nesogale dobsoni,Nesogale_dobsoni,MAMMALIA,0.999999999996608,52,6553.03666104356
pipe,20,20,93.953331763907,Nesogale talazaci,Nesogale_talazaci,MAMMALIA,0.999999999999907,52,6886.55193280464
pipe,20,20,93.953331763907,Nesomys audeberti,Nesomys_audeberti,MAMMALIA,0.999972725294461,15,981.912869639661
pipe,20,20,93.953331763907,Nesomys lambertoni,Nesomys_lambertoni,MAMMALIA,0.978918799578786,5,273.238551272161
pipe,20,20,93.953331763907,Nesomys rufus,Nesomys_rufus,MAMMALIA,1,42,5365.74320712144
pipe,20,20,93.953331763907,Newtonia amphichroa,Newtonia_amphichroa,AVES,0.999999999994736,23,5392.30244448887
pipe,20,20,93.953331763907,Newtonia archboldi,Newtonia_archboldi,AVES,0.988065449333231,4,552.034106504504
pipe,20,20,93.953331763907,Newtonia brunneicauda,Newtonia_brunneicauda,AVES,1,50,10974.0951285052
pipe,20,20,93.953331763907,Newtonia fanovanae,Newtonia_fanovanae,AVES,0.35300667308126,1,71.3810832753727
pipe,20,20,93.953331763907,Oriolia bernieri,Oriolia_bernieri,AVES,0.989880820866117,9,2240.70229625302
pipe,20,20,93.953331763907,Oryzorictes hova,Oryzorictes_hova,MAMMALIA,0.999999999995902,53,6665.70421383946
pipe,20,20,93.953331763907,Oryzorictes tetradactylus,Oryzorictes_tetradactylus,MAMMALIA,0.988636595725765,17,1174.21202412738
pipe,20,20,93.953331763907,Otus rutilus,Otus_rutilus,AVES,0.99998883457983,13,9484.92649585454
pipe,20,20,93.953331763907,Oxylabes madagascariensis,Oxylabes_madagascariensis,AVES,0.999999999999959,22,6460.62097381514
pipe,20,20,93.953331763907,Phaner electromontis,Phaner_electromontis,MAMMALIA,0,0,0
pipe,20,20,93.953331763907,Phaner furcifer,Phaner_furcifer,MAMMALIA,0.887083920250157,8,297.273791391403
pipe,20,20,93.953331763907,Phaner pallescens,Phaner_pallescens,MAMMALIA,0.999304288389027,5,703.186918529054
pipe,20,20,93.953331763907,Phaner parienti,Phaner_parienti,MAMMALIA,0.00280017666108179,1,24.4501852478606
pipe,20,20,93.953331763907,Philepitta castanea,Philepitta_castanea,AVES,0.985282567279795,14,5292.10712505397
pipe,20,20,93.953331763907,Philepitta schlegeli,Philepitta_schlegeli,AVES,0.930566688629571,8,1633.09013223759
pipe,20,20,93.953331763907,Ploceus nelicourvi,Ploceus_nelicourvi,AVES,0.999999999998797,19,6885.75245935436
pipe,20,20,93.953331763907,Ploceus sakalava,Ploceus_sakalava,AVES,0.999216425562243,23,2957.18322138664
pipe,20,20,93.953331763907,Polyboroides radiatus,Polyboroides_radiatus,AVES,0.771549584265834,4,8342.25485490364
pipe,20,20,93.953331763907,Pseudobias wardi,Pseudobias_wardi,AVES,0.999999999863201,19,6007.03953823383
pipe,20,20,93.953331763907,Pterocles personatus,Pterocles_personatus,AVES,0.273836297660036,5,1254.75201854629
pipe,20,20,93.953331763907,Rallus madagascariensis,Rallus_madagascariensis,AVES,0.978158028409392,4,2106.56304729992
pipe,20,20,93.953331763907,Randia pseudozosterops,Randia_pseudozosterops,AVES,0.999999994279565,17,5518.75161099039
pipe,20,20,93.953331763907,Sarothrura insularis,Sarothrura_insularis,AVES,0.997737185321151,14,7062.00389833727
pipe,20,20,93.953331763907,Schetba rufa,Schetba_rufa,AVES,0.99999944850983,22,5119.70132955622
pipe,20,20,93.953331763907,Setifer setosus,Setifer_setosus,MAMMALIA,1,88,10799.3262279431
pipe,20,20,93.953331763907,Tenrec ecaudatus,Tenrec_ecaudatus,MAMMALIA,1,78,10525.9205249515
pipe,20,20,93.953331763907,Thamnornis chloropetoides,Thamnornis_chloropetoides,AVES,0.996896832523215,5,741.770736727179
pipe,20,20,93.953331763907,Treron australis,Treron_australis,AVES,0.989224652831565,16,10364.1237105711
pipe,20,20,93.953331763907,Turnix nigricollis,Turnix_nigricollis,AVES,0.999992683952978,22,8594.2385991123
pipe,20,20,93.953331763907,Tylas eduardi,Tylas_eduardi,AVES,0.999999999962947,13,6812.82767089549
pipe,20,20,93.953331763907,Vanga curvirostris,Vanga_curvirostris,AVES,0.999999987170676,30,10704.1488558965
pipe,20,20,93.953331763907,Varecia rubra,Varecia_rubra,MAMMALIA,1,48,7213.40422881392
pipe,20,20,93.953331763907,Varecia variegata,Varecia_variegata,MAMMALIA,1,47,7197.62618819719
pipe,20,20,93.953331763907,Xanthomixis apperti,Xanthomixis_apperti,AVES,0.441311211243701,1,68.4073900828693
pipe,20,20,93.953331763907,Xanthomixis cinereiceps,Xanthomixis_cinereiceps,AVES,0.999999291004244,15,1893.96622345155
pipe,20,20,93.953331763907,Xanthomixis zosterops,Xanthomixis_zosterops,AVES,0.999999999999796,25,6910.47712609493
pipe,20,20,93.953331763907,Xenopirostris damii,Xenopirostris_damii,AVES,0,0,0
pipe,20,20,93.953331763907,Xenopirostris polleni,Xenopirostris_polleni,AVES,0.999419444593035,12,2176.34908343589
pipe,20,20,93.953331763907,Xenopirostris xenopirostris,Xenopirostris_xenopirostris,AVES,0.930097662134669,2,557.13153658133
pipe,21,21,98.6595004534767,Accipiter henstii,Accipiter_henstii,AVES,4.66293670342566e-15,1,1240.59956729311
pipe,21,21,98.6595004534767,Accipiter madagascariensis,Accipiter_madagascariensis,AVES,3.68528860106299e-06,2,1671.9414174111
pipe,21,21,98.6595004534767,Acrocephalus newtoni,Acrocephalus_newtoni,AVES,0.999999988637253,18,2117.11870327886
pipe,21,21,98.6595004534767,Alectroenas madagascariensis,Alectroenas_madagascariensis,AVES,0.65521495223394,8,1471.70401524867
pipe,21,21,98.6595004534767,Allocebus trichotis,Allocebus_trichotis,MAMMALIA,0,0,0
pipe,21,21,98.6595004534767,Anas bernieri,Anas_bernieri,AVES,0,0,0
pipe,21,21,98.6595004534767,Apus balstoni,Apus_balstoni,AVES,0.978011020175221,12,1997.54869280022
pipe,21,21,98.6595004534767,Artamella viridis,Artamella_viridis,AVES,0.999082499447641,15,2133.67305576241
pipe,21,21,98.6595004534767,Asio madagascariensis,Asio_madagascariensis,AVES,0.0122079493514177,1,1194.04170160354
pipe,21,21,98.6595004534767,Atelornis crossleyi,Atelornis_crossleyi,AVES,0.710055038035658,3,690.791667849887
pipe,21,21,98.6595004534767,Atelornis pittoides,Atelornis_pittoides,AVES,0.700684925762284,5,1166.10079535536
pipe,21,21,98.6595004534767,Athene superciliaris,Athene_superciliaris,AVES,0.360677045636036,5,1396.13105163508
pipe,21,21,98.6595004534767,Avahi laniger,Avahi_laniger,MAMMALIA,0.999861095918595,14,1015.21134544857
pipe,21,21,98.6595004534767,Avahi occidentalis,Avahi_occidentalis,MAMMALIA,0.305697639584908,2,110.145425909347
pipe,21,21,98.6595004534767,Aviceda madagascariensis,Aviceda_madagascariensis,AVES,1.44321413719783e-06,1,1270.802654621
pipe,21,21,98.6595004534767,Bernieria madagascariensis,Bernieria_madagascariensis,AVES,0.999974653306479,15,1966.01982920323
pipe,21,21,98.6595004534767,Brachypteracias leptosomus,Brachypteracias_leptosomus,AVES,0.670719795125327,4,1106.94930008798
pipe,21,21,98.6595004534767,Brachytarsomys albicauda,Brachytarsomys_albicauda,MAMMALIA,0.730233103782912,2,96.6463669796621
pipe,21,21,98.6595004534767,Brachyuromys betsileoensis,Brachyuromys_betsileoensis,MAMMALIA,0.978982615247573,8,323.605563357531
pipe,21,21,98.6595004534767,Brachyuromys ramirohitra,Brachyuromys_ramirohitra,MAMMALIA,0.2273513835634,3,78.9566395801807
pipe,21,21,98.6595004534767,Bradypterus brunneus,Bradypterus_brunneus,AVES,0.996962092694546,8,711.946780918497
pipe,21,21,98.6595004534767,Bradypterus seebohmi,Bradypterus_seebohmi,AVES,0.452718233996164,1,71.7493427546058
pipe,21,21,98.6595004534767,Buteo brachypterus,Buteo_brachypterus,AVES,3.05437264369601e-09,1,1270.802654621
pipe,21,21,98.6595004534767,Calicalicus madagascariensis,Calicalicus_madagascariensis,AVES,0.999525523022878,17,1995.21584975252
pipe,21,21,98.6595004534767,Cheirogaleus crossleyi,Cheirogaleus_crossleyi,MAMMALIA,0.908992233471062,7,334.669661034883
pipe,21,21,98.6595004534767,Cheirogaleus major,Cheirogaleus_major,MAMMALIA,0.999999997627972,20,1374.42850749267
pipe,21,21,98.6595004534767,Cheirogaleus medius,Cheirogaleus_medius,MAMMALIA,1,28,1009.70856403136
pipe,21,21,98.6595004534767,Cinnyris notatus,Cinnyris_notatus,AVES,0.999999910868519,17,2109.51276326146
pipe,21,21,98.6595004534767,Copsychus albospecularis,Copsychus_albospecularis,AVES,0.997364279336876,11,1403.35702979931
pipe,21,21,98.6595004534767,Coracopsis nigra,Coracopsis_nigra,AVES,0.428097041043095,12,2153.8961268392
pipe,21,21,98.6595004534767,Corythornis madagascariensis,Corythornis_madagascariensis,AVES,0.0157172651975122,7,1577.90364102733
pipe,21,21,98.6595004534767,Coua caerulea,Coua_caerulea,AVES,0.541596295905064,4,1168.41169928009
pipe,21,21,98.6595004534767,Coua coquereli,Coua_coquereli,AVES,0.682831625444918,3,631.733616545762
pipe,21,21,98.6595004534767,Coua cristata,Coua_cristata,AVES,0.968478269875658,7,1697.38170636808
pipe,21,21,98.6595004534767,Coua cursor,Coua_cursor,AVES,0,1,106.6436460227
pipe,21,21,98.6595004534767,Coua gigas,Coua_gigas,AVES,0.201502012538023,1,491.387608302976
pipe,21,21,98.6595004534767,Coua reynaudii,Coua_reynaudii,AVES,0.477269235786141,3,866.148521792468
pipe,21,21,98.6595004534767,Coua ruficeps,Coua_ruficeps,AVES,0.230652169641884,2,383.319476456291
pipe,21,21,98.6595004534767,Coua serriana,Coua_serriana,AVES,0.247671118674224,5,1130.95959353585
pipe,21,21,98.6595004534767,Crossleyia xanthophrys,Crossleyia_xanthophrys,AVES,0.832289737863215,7,315.62570533296
pipe,21,21,98.6595004534767,Cryptoprocta ferox,Cryptoprocta_ferox,MAMMALIA,0,0,0
pipe,21,21,98.6595004534767,Cryptosylvicola randrianasoloi,Cryptosylvicola_randrianasoloi,AVES,0.951381280241427,5,353.429693309926
pipe,21,21,98.6595004534767,Cyanolanius madagascarinus,Cyanolanius_madagascarinus,AVES,0.999999745143549,17,2093.52604540163
pipe,21,21,98.6595004534767,Daubentonia madagascariensis,Daubentonia_madagascariensis,MAMMALIA,0.26048808752577,10,685.359143784537
pipe,21,21,98.6595004534767,Echinops telfairi,Echinops_telfairi,MAMMALIA,0.665734503634651,17,830.371965311431
pipe,21,21,98.6595004534767,Eliurus antsingy,Eliurus_antsingy,MAMMALIA,0,0,0
pipe,21,21,98.6595004534767,Eliurus grandidieri,Eliurus_grandidieri,MAMMALIA,0.719252697026183,5,174.508979165574
pipe,21,21,98.6595004534767,Eliurus majori,Eliurus_majori,MAMMALIA,0.999997783643415,18,1065.24519771818
pipe,21,21,98.6595004534767,Eliurus minor,Eliurus_minor,MAMMALIA,0.999999975279718,31,1583.96899025813
pipe,21,21,98.6595004534767,Eliurus myoxinus,Eliurus_myoxinus,MAMMALIA,0.999999999989821,41,1981.66386147971
pipe,21,21,98.6595004534767,Eliurus tanala,Eliurus_tanala,MAMMALIA,0.999999299679232,19,1131.71754269879
pipe,21,21,98.6595004534767,Eliurus webbi,Eliurus_webbi,MAMMALIA,0.99999999242108,22,1444.65500151075
pipe,21,21,98.6595004534767,Eremopterix hova,Eremopterix_hova,AVES,0.00663415585979466,1,35.3607803652933
pipe,21,21,98.6595004534767,Eulemur albifrons,Eulemur_albifrons,MAMMALIA,0.999973747561302,8,764.092263852949
pipe,21,21,98.6595004534767,Eulemur cinereiceps,Eulemur_cinereiceps,MAMMALIA,0.999999999884961,25,2025.86081886391
pipe,21,21,98.6595004534767,Eulemur collaris,Eulemur_collaris,MAMMALIA,0.999999203663187,25,2024.32997919911
pipe,21,21,98.6595004534767,Eulemur coronatus,Eulemur_coronatus,MAMMALIA,0.999903396555967,12,529.67264678345
pipe,21,21,98.6595004534767,Eulemur flavifrons,Eulemur_flavifrons,MAMMALIA,0,0,0
pipe,21,21,98.6595004534767,Eulemur fulvus,Eulemur_fulvus,MAMMALIA,0.999999999995572,24,2035.1000983146
pipe,21,21,98.6595004534767,Eulemur macaco,Eulemur_macaco,MAMMALIA,0.999999814178846,7,890.86963877762
pipe,21,21,98.6595004534767,Eulemur mongoz,Eulemur_mongoz,MAMMALIA,0.484924846033233,3,116.619593316739
pipe,21,21,98.6595004534767,Eulemur rubriventer,Eulemur_rubriventer,MAMMALIA,0.999999999998756,23,1626.63380261755
pipe,21,21,98.6595004534767,Eulemur rufus,Eulemur_rufus,MAMMALIA,0.999999332553393,18,1276.45930662401
pipe,21,21,98.6595004534767,Eulemur sanfordi,Eulemur_sanfordi,MAMMALIA,1,27,2039.30047110823
pipe,21,21,98.6595004534767,Euryceros prevostii,Euryceros_prevostii,AVES,0.284817542233541,2,149.97362405726
pipe,21,21,98.6595004534767,Falco zoniventris,Falco_zoniventris,AVES,0.0010324044626151,2,1655.32360367326
pipe,21,21,98.6595004534767,Falculea palliata,Falculea_palliata,AVES,0.896868856943738,6,776.177436782909
pipe,21,21,98.6595004534767,Fossa fossana,Fossa_fossana,MAMMALIA,0,0,0
pipe,21,21,98.6595004534767,Foudia madagascariensis,Foudia_madagascariensis,AVES,0.997025131601138,19,2408.24793046223
pipe,21,21,98.6595004534767,Foudia omissa,Foudia_omissa,AVES,0.988861134378491,11,1356.18538833861
pipe,21,21,98.6595004534767,Gactornis enarratus,Gactornis_enarratus,AVES,0.90250454591908,5,1176.41048862325
pipe,21,21,98.6595004534767,Galidia elegans,Galidia_elegans,MAMMALIA,0,0,0
pipe,21,21,98.6595004534767,Galidictis fasciata,Galidictis_fasciata,MAMMALIA,0,0,0
pipe,21,21,98.6595004534767,Geobiastes squamiger,Geobiastes_squamiger,AVES,0.120899838356236,1,325.461837644444
pipe,21,21,98.6595004534767,Geogale aurita,Geogale_aurita,MAMMALIA,0.718124895198397,22,1049.64245607655
pipe,21,21,98.6595004534767,Gymnuromys roberti,Gymnuromys_roberti,MAMMALIA,0.99999366079334,13,800.366208496677
pipe,21,21,98.6595004534767,Haliaeetus vociferoides,Haliaeetus_vociferoides,AVES,0,0,0
pipe,21,21,98.6595004534767,Hapalemur alaotrensis,Hapalemur_alaotrensis,MAMMALIA,0.777273299486297,2,122.496798298315
pipe,21,21,98.6595004534767,Hapalemur aureus,Hapalemur_aureus,MAMMALIA,0.665114965255815,2,88.8032579129206
pipe,21,21,98.6595004534767,Hapalemur griseus,Hapalemur_griseus,MAMMALIA,0.999999942132408,27,1881.42687450607
pipe,21,21,98.6595004534767,Hapalemur occidentalis,Hapalemur_occidentalis,MAMMALIA,0.691801235267925,6,198.443820852566
pipe,21,21,98.6595004534767,Hartertula flavoviridis,Hartertula_flavoviridis,AVES,0.935504213864705,8,405.841244615218
pipe,21,21,98.6595004534767,Hartlaubius auratus,Hartlaubius_auratus,AVES,0.998806575044593,16,2004.06899206384
pipe,21,21,98.6595004534767,Hemicentetes nigriceps,Hemicentetes_nigriceps,MAMMALIA,0.441835175719491,2,147.261124939034
pipe,21,21,98.6595004534767,Hemicentetes semispinosus,Hemicentetes_semispinosus,MAMMALIA,0.999619041697791,16,1470.75350771055
pipe,21,21,98.6595004534767,Hypogeomys antimena,Hypogeomys_antimena,MAMMALIA,0.133657837801919,2,56.7325883825327
pipe,21,21,98.6595004534767,Hypositta corallirostris,Hypositta_corallirostris,AVES,0.979104649349182,11,1455.16140370248
pipe,21,21,98.6595004534767,Indri indri,Indri_indri,MAMMALIA,0.842910230144605,6,1176.81577456697
pipe,21,21,98.6595004534767,Lemur catta,Lemur_catta,MAMMALIA,0.999980113155347,7,339.007934017951
pipe,21,21,98.6595004534767,Lepidopygia nana,Lepidopygia_nana,AVES,0.658455202620558,26,2414.41642499577
pipe,21,21,98.6595004534767,Lepilemur ankaranensis,Lepilemur_ankaranensis,MAMMALIA,0.419524318733811,2,87.7328078461546
pipe,21,21,98.6595004534767,Lepilemur edwardsi,Lepilemur_edwardsi,MAMMALIA,0.809358394847867,3,182.721078976557
pipe,21,21,98.6595004534767,Lepilemur leucopus,Lepilemur_leucopus,MAMMALIA,0.973369491783113,5,377.773397098037
pipe,21,21,98.6595004534767,Lepilemur microdon,Lepilemur_microdon,MAMMALIA,0.709201764883858,5,326.237274831307
pipe,21,21,98.6595004534767,Lepilemur mustelinus,Lepilemur_mustelinus,MAMMALIA,0.999999772796536,26,1887.05439461443
pipe,21,21,98.6595004534767,Lepilemur ruficaudatus,Lepilemur_ruficaudatus,MAMMALIA,0.997034738780226,6,410.096323149123
pipe,21,21,98.6595004534767,Leptopterus chabert,Leptopterus_chabert,AVES,0.999698955484855,19,2356.68681826885
pipe,21,21,98.6595004534767,Lophotibis cristata,Lophotibis_cristata,AVES,0.36081542653833,2,1340.68323545813
pipe,21,21,98.6595004534767,Macrotarsomys bastardi,Macrotarsomys_bastardi,MAMMALIA,0.975826922563151,7,337.141996707295
pipe,21,21,98.6595004534767,Margaroperdix madagarensis,Margaroperdix_madagarensis,AVES,0.996544529792096,11,2117.39007910765
pipe,21,21,98.6595004534767,Mentocrex kioloides,Mentocrex_kioloides,AVES,0.425388426181173,4,1072.12227366459
pipe,21,21,98.6595004534767,Mesitornis unicolor,Mesitornis_unicolor,AVES,0,0,0
pipe,21,21,98.6595004534767,Mesitornis variegatus,Mesitornis_variegatus,AVES,0.46312444867756,2,467.355464439704
pipe,21,21,98.6595004534767,Microcebus berthae,Microcebus_berthae,MAMMALIA,1.52725564417366e-08,1,10.8090685387869
pipe,21,21,98.6595004534767,Microcebus griseorufus,Microcebus_griseorufus,MAMMALIA,0.777894772997145,3,93.3417616856249
pipe,21,21,98.6595004534767,Microcebus murinus,Microcebus_murinus,MAMMALIA,0.99999999777281,35,1512.81314243192
pipe,21,21,98.6595004534767,Microcebus myoxinus,Microcebus_myoxinus,MAMMALIA,0.891238544883714,3,97.5943734090487
pipe,21,21,98.6595004534767,Microcebus ravelobensis,Microcebus_ravelobensis,MAMMALIA,0.605601805040051,3,108.410010798653
pipe,21,21,98.6595004534767,Microcebus rufus,Microcebus_rufus,MAMMALIA,0.999999354147797,25,1361.17764920686
pipe,21,21,98.6595004534767,Microcebus tavaratra,Microcebus_tavaratra,MAMMALIA,0.469023951382363,2,67.7224165696717
pipe,21,21,98.6595004534767,Microgale brevicaudata,Microgale_brevicaudata,MAMMALIA,0.814140154505534,24,1086.90288766302
pipe,21,21,98.6595004534767,Microgale cowani,Microgale_cowani,MAMMALIA,0.983196446509895,20,1251.46023430432
pipe,21,21,98.6595004534767,Microgale drouhardi,Microgale_drouhardi,MAMMALIA,0.969706690234295,11,959.735472275516
pipe,21,21,98.6595004534767,Microgale dryas,Microgale_dryas,MAMMALIA,0.297456034875282,4,226.994612355845
pipe,21,21,98.6595004534767,Microgale fotsifotsy,Microgale_fotsifotsy,MAMMALIA,0.937139579218641,15,1008.18958831313
pipe,21,21,98.6595004534767,Microgale gracilis,Microgale_gracilis,MAMMALIA,0.962416668812192,7,675.99614419388
pipe,21,21,98.6595004534767,Microgale gymnorhyncha,Microgale_gymnorhyncha,MAMMALIA,0.869835918891205,11,601.284843873085
pipe,21,21,98.6595004534767,Microgale longicaudata,Microgale_longicaudata,MAMMALIA,0.973248539106819,23,1351.44572724363
pipe,21,21,98.6595004534767,Microgale mergulus,Microgale_mergulus,MAMMALIA,0.736914085524806,7,372.23373069426
pipe,21,21,98.6595004534767,Microgale parvula,Microgale_parvula,MAMMALIA,0.940480683695639,26,1497.39748157763
pipe,21,21,98.6595004534767,Microgale principula,Microgale_principula,MAMMALIA,0.985410326560034,22,1337.97551914237
pipe,21,21,98.6595004534767,Microgale pusilla,Microgale_pusilla,MAMMALIA,0.853720527898892,15,919.759045795704
pipe,21,21,98.6595004534767,Microgale soricoides,Microgale_soricoides,MAMMALIA,0.919486413012029,13,697.91504865879
pipe,21,21,98.6595004534767,Microgale taiva,Microgale_taiva,MAMMALIA,0.98636909884582,17,1250.99787026438
pipe,21,21,98.6595004534767,Microgale thomasi,Microgale_thomasi,MAMMALIA,0.978562414259128,12,895.60679759803
pipe,21,21,98.6595004534767,Mirza coquereli,Mirza_coquereli,MAMMALIA,0.568421396731283,4,251.045630625429
pipe,21,21,98.6595004534767,Monias benschi,Monias_benschi,AVES,0,0,0
pipe,21,21,98.6595004534767,Monticola erythronotus,Monticola_erythronotus,AVES,0.0164720124042121,1,35.6183483139301
pipe,21,21,98.6595004534767,Monticola sharpei,Monticola_sharpei,AVES,0.999938256424321,14,1638.48846568315
pipe,21,21,98.6595004534767,Monticolomys koopmani,Monticolomys_koopmani,MAMMALIA,0.0778418166018948,2,36.0786869649071
pipe,21,21,98.6595004534767,Motacilla flaviventris,Motacilla_flaviventris,AVES,0.471408260412683,2,122.131489605623
pipe,21,21,98.6595004534767,Mystacornis crossleyi,Mystacornis_crossleyi,AVES,0.999973203315227,10,1329.33469870397
pipe,21,21,98.6595004534767,Neodrepanis coruscans,Neodrepanis_coruscans,AVES,0.916376100087435,12,1190.05887354291
pipe,21,21,98.6595004534767,Neodrepanis hypoxantha,Neodrepanis_hypoxantha,AVES,0.00743096424008805,2,36.5412536163936
pipe,21,21,98.6595004534767,Neomixis striatigula,Neomixis_striatigula,AVES,0.999999898253801,15,1453.43097488017
pipe,21,21,98.6595004534767,Neomixis tenella,Neomixis_tenella,AVES,0.999999999998975,25,2230.46920202466
pipe,21,21,98.6595004534767,Neomixis viridis,Neomixis_viridis,AVES,0.999999844713934,14,1427.1630961475
pipe,21,21,98.6595004534767,Nesillas lantzii,Nesillas_lantzii,AVES,0.717310420386824,2,144.439052518148
pipe,21,21,98.6595004534767,Nesogale dobsoni,Nesogale_dobsoni,MAMMALIA,0.998041874062561,20,1322.44043579823
pipe,21,21,98.6595004534767,Nesogale talazaci,Nesogale_talazaci,MAMMALIA,0.998754830620457,22,1412.4504166887
pipe,21,21,98.6595004534767,Nesomys audeberti,Nesomys_audeberti,MAMMALIA,0.993138243174365,12,449.569606525855
pipe,21,21,98.6595004534767,Nesomys lambertoni,Nesomys_lambertoni,MAMMALIA,0.64492776968794,2,90.2308760598928
pipe,21,21,98.6595004534767,Nesomys rufus,Nesomys_rufus,MAMMALIA,0.999999929287783,18,1238.78931744625
pipe,21,21,98.6595004534767,Newtonia amphichroa,Newtonia_amphichroa,AVES,0.999717358037779,11,1222.68227411343
pipe,21,21,98.6595004534767,Newtonia archboldi,Newtonia_archboldi,AVES,0.61036354055194,1,109.252739375702
pipe,21,21,98.6595004534767,Newtonia brunneicauda,Newtonia_brunneicauda,AVES,0.999999999981963,22,2223.15051297199
pipe,21,21,98.6595004534767,Newtonia fanovanae,Newtonia_fanovanae,AVES,0,1,17.2876126066317
pipe,21,21,98.6595004534767,Oriolia bernieri,Oriolia_bernieri,AVES,0.916690606032551,4,702.16026828553
pipe,21,21,98.6595004534767,Oryzorictes hova,Oryzorictes_hova,MAMMALIA,0.997993297831286,21,1363.61393153439
pipe,21,21,98.6595004534767,Oryzorictes tetradactylus,Oryzorictes_tetradactylus,MAMMALIA,0.0690045913100189,7,210.192370789895
pipe,21,21,98.6595004534767,Otus rutilus,Otus_rutilus,AVES,0.927127851497836,7,1866.40934941831
pipe,21,21,98.6595004534767,Oxylabes madagascariensis,Oxylabes_madagascariensis,AVES,0.999996232475737,11,1366.50690984608
pipe,21,21,98.6595004534767,Phaner electromontis,Phaner_electromontis,MAMMALIA,0,0,0
pipe,21,21,98.6595004534767,Phaner furcifer,Phaner_furcifer,MAMMALIA,0.412536439428175,3,70.3705843427093
pipe,21,21,98.6595004534767,Phaner pallescens,Phaner_pallescens,MAMMALIA,0.998919200013145,4,347.31054187732
pipe,21,21,98.6595004534767,Phaner parienti,Phaner_parienti,MAMMALIA,0,0,0
pipe,21,21,98.6595004534767,Philepitta castanea,Philepitta_castanea,AVES,0.781623128245542,7,1259.03314424917
pipe,21,21,98.6595004534767,Philepitta schlegeli,Philepitta_schlegeli,AVES,0.645142274075497,3,545.880180539053
pipe,21,21,98.6595004534767,Ploceus nelicourvi,Ploceus_nelicourvi,AVES,0.999992572837725,11,1420.01051906494
pipe,21,21,98.6595004534767,Ploceus sakalava,Ploceus_sakalava,AVES,0.890927528403348,8,859.11503878854
pipe,21,21,98.6595004534767,Polyboroides radiatus,Polyboroides_radiatus,AVES,1.47014387230637e-06,2,1382.07639239028
pipe,21,21,98.6595004534767,Pseudobias wardi,Pseudobias_wardi,AVES,0.999936264037722,12,1359.66704385897
pipe,21,21,98.6595004534767,Pterocles personatus,Pterocles_personatus,AVES,0,0,0
pipe,21,21,98.6595004534767,Rallus madagascariensis,Rallus_madagascariensis,AVES,0.575017577174191,3,668.949069572949
pipe,21,21,98.6595004534767,Randia pseudozosterops,Randia_pseudozosterops,AVES,0.999991734386827,11,1349.40803597934
pipe,21,21,98.6595004534767,Sarothrura insularis,Sarothrura_insularis,AVES,0.780000766726363,8,1456.10638148179
pipe,21,21,98.6595004534767,Schetba rufa,Schetba_rufa,AVES,0.996122162014692,11,1409.89800987265
pipe,21,21,98.6595004534767,Setifer setosus,Setifer_setosus,MAMMALIA,0.999985453703101,28,2329.64732061702
pipe,21,21,98.6595004534767,Tenrec ecaudatus,Tenrec_ecaudatus,MAMMALIA,0.999907892387524,25,2246.21967473488
pipe,21,21,98.6595004534767,Thamnornis chloropetoides,Thamnornis_chloropetoides,AVES,0.784833861872126,4,213.690386256203
pipe,21,21,98.6595004534767,Treron australis,Treron_australis,AVES,0.473715441907992,13,2312.0904880097
pipe,21,21,98.6595004534767,Turnix nigricollis,Turnix_nigricollis,AVES,0.863365181581468,8,1849.18916518007
pipe,21,21,98.6595004534767,Tylas eduardi,Tylas_eduardi,AVES,0.999949897847587,9,1404.25101675652
pipe,21,21,98.6595004534767,Vanga curvirostris,Vanga_curvirostris,AVES,0.997080653517241,17,2388.13462807178
pipe,21,21,98.6595004534767,Varecia rubra,Varecia_rubra,MAMMALIA,0.999999753824574,15,1488.38197940978
pipe,21,21,98.6595004534767,Varecia variegata,Varecia_variegata,MAMMALIA,0.999863645910165,13,1451.4932706915
pipe,21,21,98.6595004534767,Xanthomixis apperti,Xanthomixis_apperti,AVES,0.252605267768747,1,52.9723472372855
pipe,21,21,98.6595004534767,Xanthomixis cinereiceps,Xanthomixis_cinereiceps,AVES,0.997212870994125,6,601.100975589077
pipe,21,21,98.6595004534767,Xanthomixis zosterops,Xanthomixis_zosterops,AVES,0.999994730134862,12,1436.16956804181
pipe,21,21,98.6595004534767,Xenopirostris damii,Xenopirostris_damii,AVES,0,0,0
pipe,21,21,98.6595004534767,Xenopirostris polleni,Xenopirostris_polleni,AVES,0.744326050399988,5,539.396867829393
pipe,21,21,98.6595004534767,Xenopirostris xenopirostris,Xenopirostris_xenopirostris,AVES,0.275185163976046,1,118.378226508927
pipe,22,22,99.7962403173118,Accipiter henstii,Accipiter_henstii,AVES,0,0,0
pipe,22,22,99.7962403173118,Accipiter madagascariensis,Accipiter_madagascariensis,AVES,0,0,0
pipe,22,22,99.7962403173118,Acrocephalus newtoni,Acrocephalus_newtoni,AVES,0.962670678883541,4,360.784250483114
pipe,22,22,99.7962403173118,Alectroenas madagascariensis,Alectroenas_madagascariensis,AVES,0.279139723721686,1,332.533483779729
pipe,22,22,99.7962403173118,Allocebus trichotis,Allocebus_trichotis,MAMMALIA,0,0,0
pipe,22,22,99.7962403173118,Anas bernieri,Anas_bernieri,AVES,0,0,0
pipe,22,22,99.7962403173118,Apus balstoni,Apus_balstoni,AVES,0.651157817403413,1,332.533483779729
pipe,22,22,99.7962403173118,Artamella viridis,Artamella_viridis,AVES,0.798649916944255,2,361.390087417088
pipe,22,22,99.7962403173118,Asio madagascariensis,Asio_madagascariensis,AVES,5.3855053749885e-10,1,330.048082499236
pipe,22,22,99.7962403173118,Atelornis crossleyi,Atelornis_crossleyi,AVES,0.110368095637566,1,230.045744404075
pipe,22,22,99.7962403173118,Atelornis pittoides,Atelornis_pittoides,AVES,0.192659143717437,1,332.533483779729
pipe,22,22,99.7962403173118,Athene superciliaris,Athene_superciliaris,AVES,0.00339312226591537,1,283.57479439571
pipe,22,22,99.7962403173118,Avahi laniger,Avahi_laniger,MAMMALIA,0.599077192654432,5,228.43694115418
pipe,22,22,99.7962403173118,Avahi occidentalis,Avahi_occidentalis,MAMMALIA,0,0,0
pipe,22,22,99.7962403173118,Aviceda madagascariensis,Aviceda_madagascariensis,AVES,0,0,0
pipe,22,22,99.7962403173118,Bernieria madagascariensis,Bernieria_madagascariensis,AVES,0.891980244042567,4,360.784250483114
pipe,22,22,99.7962403173118,Brachypteracias leptosomus,Brachypteracias_leptosomus,AVES,0.113541989099985,1,332.533483779729
pipe,22,22,99.7962403173118,Brachytarsomys albicauda,Brachytarsomys_albicauda,MAMMALIA,0,0,0
pipe,22,22,99.7962403173118,Brachyuromys betsileoensis,Brachyuromys_betsileoensis,MAMMALIA,0.521568782997748,4,90.7820766343742
pipe,22,22,99.7962403173118,Brachyuromys ramirohitra,Brachyuromys_ramirohitra,MAMMALIA,1.37432233149326e-07,1,12.9611063527919
pipe,22,22,99.7962403173118,Bradypterus brunneus,Bradypterus_brunneus,AVES,0.946043366340623,3,313.950981343751
pipe,22,22,99.7962403173118,Bradypterus seebohmi,Bradypterus_seebohmi,AVES,0,1,13.924747047738
pipe,22,22,99.7962403173118,Buteo brachypterus,Buteo_brachypterus,AVES,0,0,0
pipe,22,22,99.7962403173118,Calicalicus madagascariensis,Calicalicus_madagascariensis,AVES,0.784789858881004,5,372.756753734517
pipe,22,22,99.7962403173118,Cheirogaleus crossleyi,Cheirogaleus_crossleyi,MAMMALIA,0.425088313155544,4,148.142278433046
pipe,22,22,99.7962403173118,Cheirogaleus major,Cheirogaleus_major,MAMMALIA,0.996340364866339,8,344.340943678687
pipe,22,22,99.7962403173118,Cheirogaleus medius,Cheirogaleus_medius,MAMMALIA,0.705327174158548,3,48.3105552232605
pipe,22,22,99.7962403173118,Cinnyris notatus,Cinnyris_notatus,AVES,0.946003327811889,5,385.370753223988
pipe,22,22,99.7962403173118,Copsychus albospecularis,Copsychus_albospecularis,AVES,0.79422399485946,3,346.458230827467
pipe,22,22,99.7962403173118,Coracopsis nigra,Coracopsis_nigra,AVES,0.0569309282036764,1,332.533483779729
pipe,22,22,99.7962403173118,Corythornis madagascariensis,Corythornis_madagascariensis,AVES,0.000221704508877707,1,332.533483779729
pipe,22,22,99.7962403173118,Coua caerulea,Coua_caerulea,AVES,0.00937086792169983,1,330.048082499236
pipe,22,22,99.7962403173118,Coua coquereli,Coua_coquereli,AVES,0,0,0
pipe,22,22,99.7962403173118,Coua cristata,Coua_cristata,AVES,0.548151234205463,1,332.533483779729
pipe,22,22,99.7962403173118,Coua cursor,Coua_cursor,AVES,0,0,0
pipe,22,22,99.7962403173118,Coua gigas,Coua_gigas,AVES,0,0,0
pipe,22,22,99.7962403173118,Coua reynaudii,Coua_reynaudii,AVES,0.0225817442165723,1,316.997380199273
pipe,22,22,99.7962403173118,Coua ruficeps,Coua_ruficeps,AVES,0,0,0
pipe,22,22,99.7962403173118,Coua serriana,Coua_serriana,AVES,0.0148133023823461,1,311.663287761476
pipe,22,22,99.7962403173118,Crossleyia xanthophrys,Crossleyia_xanthophrys,AVES,0.479602570973571,3,149.649768759793
pipe,22,22,99.7962403173118,Cryptoprocta ferox,Cryptoprocta_ferox,MAMMALIA,0,0,0
pipe,22,22,99.7962403173118,Cryptosylvicola randrianasoloi,Cryptosylvicola_randrianasoloi,AVES,0.440316019811434,6,164.844675843402
pipe,22,22,99.7962403173118,Cyanolanius madagascarinus,Cyanolanius_madagascarinus,AVES,0.936664704184745,5,389.640854120473
pipe,22,22,99.7962403173118,Daubentonia madagascariensis,Daubentonia_madagascariensis,MAMMALIA,0,1,34.3316626834618
pipe,22,22,99.7962403173118,Echinops telfairi,Echinops_telfairi,MAMMALIA,7.89368570508486e-14,1,28.8566036373596
pipe,22,22,99.7962403173118,Eliurus antsingy,Eliurus_antsingy,MAMMALIA,0,0,0
pipe,22,22,99.7962403173118,Eliurus grandidieri,Eliurus_grandidieri,MAMMALIA,0.222890187467993,4,97.0344869167808
pipe,22,22,99.7962403173118,Eliurus majori,Eliurus_majori,MAMMALIA,0.980562086563192,7,276.368911116806
pipe,22,22,99.7962403173118,Eliurus minor,Eliurus_minor,MAMMALIA,0.986570131798439,9,346.642303081641
pipe,22,22,99.7962403173118,Eliurus myoxinus,Eliurus_myoxinus,MAMMALIA,0.985633692323649,9,350.801340469465
pipe,22,22,99.7962403173118,Eliurus tanala,Eliurus_tanala,MAMMALIA,0.979810797284249,7,276.368911116806
pipe,22,22,99.7962403173118,Eliurus webbi,Eliurus_webbi,MAMMALIA,0.992791796486676,8,344.524987808999
pipe,22,22,99.7962403173118,Eremopterix hova,Eremopterix_hova,AVES,0,0,0
pipe,22,22,99.7962403173118,Eulemur albifrons,Eulemur_albifrons,MAMMALIA,0.924916754809025,3,209.813544290232
pipe,22,22,99.7962403173118,Eulemur cinereiceps,Eulemur_cinereiceps,MAMMALIA,0.98663373174161,8,382.200928433418
pipe,22,22,99.7962403173118,Eulemur collaris,Eulemur_collaris,MAMMALIA,0.921625189228504,6,362.746618899117
pipe,22,22,99.7962403173118,Eulemur coronatus,Eulemur_coronatus,MAMMALIA,0.325864606288523,1,34.5157045610005
pipe,22,22,99.7962403173118,Eulemur flavifrons,Eulemur_flavifrons,MAMMALIA,0,0,0
pipe,22,22,99.7962403173118,Eulemur fulvus,Eulemur_fulvus,MAMMALIA,0.992390311909918,8,382.200928433418
pipe,22,22,99.7962403173118,Eulemur macaco,Eulemur_macaco,MAMMALIA,0.99558077150804,5,250.262661147914
pipe,22,22,99.7962403173118,Eulemur mongoz,Eulemur_mongoz,MAMMALIA,0,1,14.3260196556467
pipe,22,22,99.7962403173118,Eulemur rubriventer,Eulemur_rubriventer,MAMMALIA,0.999077672708837,8,358.666963334334
pipe,22,22,99.7962403173118,Eulemur rufus,Eulemur_rufus,MAMMALIA,0.714379994196349,7,186.961338498788
pipe,22,22,99.7962403173118,Eulemur sanfordi,Eulemur_sanfordi,MAMMALIA,0.999336230732852,8,382.200928433418
pipe,22,22,99.7962403173118,Euryceros prevostii,Euryceros_prevostii,AVES,0,0,0
pipe,22,22,99.7962403173118,Falco zoniventris,Falco_zoniventris,AVES,0,0,0
pipe,22,22,99.7962403173118,Falculea palliata,Falculea_palliata,AVES,0,1,28.8566036373596
pipe,22,22,99.7962403173118,Fossa fossana,Fossa_fossana,MAMMALIA,0,0,0
pipe,22,22,99.7962403173118,Foudia madagascariensis,Foudia_madagascariensis,AVES,0.613998858014243,6,397.484592800289
pipe,22,22,99.7962403173118,Foudia omissa,Foudia_omissa,AVES,0.726053989555546,3,346.82634495918
pipe,22,22,99.7962403173118,Gactornis enarratus,Gactornis_enarratus,AVES,0.585170452502565,1,332.533483779729
pipe,22,22,99.7962403173118,Galidia elegans,Galidia_elegans,MAMMALIA,0,0,0
pipe,22,22,99.7962403173118,Galidictis fasciata,Galidictis_fasciata,MAMMALIA,0,0,0
pipe,22,22,99.7962403173118,Geobiastes squamiger,Geobiastes_squamiger,AVES,0,1,101.706940103583
pipe,22,22,99.7962403173118,Geogale aurita,Geogale_aurita,MAMMALIA,8.14867552867415e-06,9,166.829286321692
pipe,22,22,99.7962403173118,Gymnuromys roberti,Gymnuromys_roberti,MAMMALIA,0.953583395015844,7,240.932866667429
pipe,22,22,99.7962403173118,Haliaeetus vociferoides,Haliaeetus_vociferoides,AVES,0,0,0
pipe,22,22,99.7962403173118,Hapalemur alaotrensis,Hapalemur_alaotrensis,MAMMALIA,0,0,0
pipe,22,22,99.7962403173118,Hapalemur aureus,Hapalemur_aureus,MAMMALIA,0,1,8.60210850946224
pipe,22,22,99.7962403173118,Hapalemur griseus,Hapalemur_griseus,MAMMALIA,0.970618860936297,6,344.742216286596
pipe,22,22,99.7962403173118,Hapalemur occidentalis,Hapalemur_occidentalis,MAMMALIA,0.0242133479273589,2,51.1778311210927
pipe,22,22,99.7962403173118,Hartertula flavoviridis,Hartertula_flavoviridis,AVES,0.544777952309325,4,154.929921967226
pipe,22,22,99.7962403173118,Hartlaubius auratus,Hartlaubius_auratus,AVES,0.773169849160774,4,390.008968252186
pipe,22,22,99.7962403173118,Hemicentetes nigriceps,Hemicentetes_nigriceps,MAMMALIA,0,0,0
pipe,22,22,99.7962403173118,Hemicentetes semispinosus,Hemicentetes_semispinosus,MAMMALIA,0.560371488532846,7,339.018305140411
pipe,22,22,99.7962403173118,Hypogeomys antimena,Hypogeomys_antimena,MAMMALIA,0,1,11.9697989235625
pipe,22,22,99.7962403173118,Hypositta corallirostris,Hypositta_corallirostris,AVES,0.645692319331595,3,346.458230827467
pipe,22,22,99.7962403173118,Indri indri,Indri_indri,MAMMALIA,0.0110050781383225,2,241.078084777254
pipe,22,22,99.7962403173118,Lemur catta,Lemur_catta,MAMMALIA,0,1,5.12793193025422
pipe,22,22,99.7962403173118,Lepidopygia nana,Lepidopygia_nana,AVES,0.143777296242331,7,390.008968252186
pipe,22,22,99.7962403173118,Lepilemur ankaranensis,Lepilemur_ankaranensis,MAMMALIA,0,0,0
pipe,22,22,99.7962403173118,Lepilemur edwardsi,Lepilemur_edwardsi,MAMMALIA,0,1,14.3260196556467
pipe,22,22,99.7962403173118,Lepilemur leucopus,Lepilemur_leucopus,MAMMALIA,0.000138952697818162,1,28.8566036373596
pipe,22,22,99.7962403173118,Lepilemur microdon,Lepilemur_microdon,MAMMALIA,0.000135310009522049,2,73.2552484934586
pipe,22,22,99.7962403173118,Lepilemur mustelinus,Lepilemur_mustelinus,MAMMALIA,0.926526148942234,7,347.303001344746
pipe,22,22,99.7962403173118,Lepilemur ruficaudatus,Lepilemur_ruficaudatus,MAMMALIA,0.0163943729235689,1,28.8566036373596
pipe,22,22,99.7962403173118,Leptopterus chabert,Leptopterus_chabert,AVES,0.747629173621798,5,389.640854120473
pipe,22,22,99.7962403173118,Lophotibis cristata,Lophotibis_cristata,AVES,0,1,330.048082499236
pipe,22,22,99.7962403173118,Macrotarsomys bastardi,Macrotarsomys_bastardi,MAMMALIA,0.0708945726420602,1,28.8566036373596
pipe,22,22,99.7962403173118,Margaroperdix madagarensis,Margaroperdix_madagarensis,AVES,0.736969424835095,2,361.390087417088
pipe,22,22,99.7962403173118,Mentocrex kioloides,Mentocrex_kioloides,AVES,0.0268742424591047,1,305.196011291395
pipe,22,22,99.7962403173118,Mesitornis unicolor,Mesitornis_unicolor,AVES,0,0,0
pipe,22,22,99.7962403173118,Mesitornis variegatus,Mesitornis_variegatus,AVES,0,0,0
pipe,22,22,99.7962403173118,Microcebus berthae,Microcebus_berthae,MAMMALIA,0,0,0
pipe,22,22,99.7962403173118,Microcebus griseorufus,Microcebus_griseorufus,MAMMALIA,0,1,5.12793193025422
pipe,22,22,99.7962403173118,Microcebus murinus,Microcebus_murinus,MAMMALIA,0.167196145257417,5,83.0103039145733
pipe,22,22,99.7962403173118,Microcebus myoxinus,Microcebus_myoxinus,MAMMALIA,0,0,0
pipe,22,22,99.7962403173118,Microcebus ravelobensis,Microcebus_ravelobensis,MAMMALIA,4.10867489112343e-05,1,14.3260196556467
pipe,22,22,99.7962403173118,Microcebus rufus,Microcebus_rufus,MAMMALIA,0.981518357950848,8,344.156901801148
pipe,22,22,99.7962403173118,Microcebus tavaratra,Microcebus_tavaratra,MAMMALIA,0,0,0
pipe,22,22,99.7962403173118,Microgale brevicaudata,Microgale_brevicaudata,MAMMALIA,0.0838838614305729,5,146.663036257255
pipe,22,22,99.7962403173118,Microgale cowani,Microgale_cowani,MAMMALIA,0.372531385637125,8,344.524987808999
pipe,22,22,99.7962403173118,Microgale drouhardi,Microgale_drouhardi,MAMMALIA,0.326128010531657,8,344.156901801148
pipe,22,22,99.7962403173118,Microgale dryas,Microgale_dryas,MAMMALIA,0.113713279394524,2,81.1171761779814
pipe,22,22,99.7962403173118,Microgale fotsifotsy,Microgale_fotsifotsy,MAMMALIA,0.209487112964661,8,309.053256090964
pipe,22,22,99.7962403173118,Microgale gracilis,Microgale_gracilis,MAMMALIA,0.387889536799389,7,261.935500275442
pipe,22,22,99.7962403173118,Microgale gymnorhyncha,Microgale_gymnorhyncha,MAMMALIA,0.029846378583682,7,176.886020446076
pipe,22,22,99.7962403173118,Microgale longicaudata,Microgale_longicaudata,MAMMALIA,0.267455288023824,8,344.156901801148
pipe,22,22,99.7962403173118,Microgale mergulus,Microgale_mergulus,MAMMALIA,4.13191275860925e-07,5,96.884476749911
pipe,22,22,99.7962403173118,Microgale parvula,Microgale_parvula,MAMMALIA,0.163687482082781,9,346.642303081641
pipe,22,22,99.7962403173118,Microgale principula,Microgale_principula,MAMMALIA,0.321376154758573,8,344.156901801148
pipe,22,22,99.7962403173118,Microgale pusilla,Microgale_pusilla,MAMMALIA,0.141681091154713,7,292.670934856768
pipe,22,22,99.7962403173118,Microgale soricoides,Microgale_soricoides,MAMMALIA,0.0922469482633179,7,219.122721107669
pipe,22,22,99.7962403173118,Microgale taiva,Microgale_taiva,MAMMALIA,0.353380927433298,8,344.156901801148
pipe,22,22,99.7962403173118,Microgale thomasi,Microgale_thomasi,MAMMALIA,0.297095299082988,8,307.892682446625
pipe,22,22,99.7962403173118,Mirza coquereli,Mirza_coquereli,MAMMALIA,1.2214133038313e-09,1,28.8566036373596
pipe,22,22,99.7962403173118,Monias benschi,Monias_benschi,AVES,0,0,0
pipe,22,22,99.7962403173118,Monticola erythronotus,Monticola_erythronotus,AVES,0,0,0
pipe,22,22,99.7962403173118,Monticola sharpei,Monticola_sharpei,AVES,0.903844020719683,3,346.82634495918
pipe,22,22,99.7962403173118,Monticolomys koopmani,Monticolomys_koopmani,MAMMALIA,0,0,0
pipe,22,22,99.7962403173118,Motacilla flaviventris,Motacilla_flaviventris,AVES,0,0,0
pipe,22,22,99.7962403173118,Mystacornis crossleyi,Mystacornis_crossleyi,AVES,0.946346228243623,3,346.458230827467
pipe,22,22,99.7962403173118,Neodrepanis coruscans,Neodrepanis_coruscans,AVES,0.433134431108881,6,319.764958905042
pipe,22,22,99.7962403173118,Neodrepanis hypoxantha,Neodrepanis_hypoxantha,AVES,4.18555461523251e-06,1,12.9611063527919
pipe,22,22,99.7962403173118,Neomixis striatigula,Neomixis_striatigula,AVES,0.982346024388308,5,346.82634495918
pipe,22,22,99.7962403173118,Neomixis tenella,Neomixis_tenella,AVES,0.991267976085443,7,381.68294617692
pipe,22,22,99.7962403173118,Neomixis viridis,Neomixis_viridis,AVES,0.980360040234358,5,346.82634495918
pipe,22,22,99.7962403173118,Nesillas lantzii,Nesillas_lantzii,AVES,0,0,0
pipe,22,22,99.7962403173118,Nesogale dobsoni,Nesogale_dobsoni,MAMMALIA,0.511610607697879,7,338.834263262873
pipe,22,22,99.7962403173118,Nesogale talazaci,Nesogale_talazaci,MAMMALIA,0.534329213571891,7,338.834263262873
pipe,22,22,99.7962403173118,Nesomys audeberti,Nesomys_audeberti,MAMMALIA,0.787952140064729,5,148.733156476681
pipe,22,22,99.7962403173118,Nesomys lambertoni,Nesomys_lambertoni,MAMMALIA,0,0,0
pipe,22,22,99.7962403173118,Nesomys rufus,Nesomys_rufus,MAMMALIA,0.994502422116941,8,344.524987808999
pipe,22,22,99.7962403173118,Newtonia amphichroa,Newtonia_amphichroa,AVES,0.927740597035431,4,346.458230827467
pipe,22,22,99.7962403173118,Newtonia archboldi,Newtonia_archboldi,AVES,0,0,0
pipe,22,22,99.7962403173118,Newtonia brunneicauda,Newtonia_brunneicauda,AVES,0.980804496416851,5,361.152364614827
pipe,22,22,99.7962403173118,Newtonia fanovanae,Newtonia_fanovanae,AVES,0,0,0
pipe,22,22,99.7962403173118,Oriolia bernieri,Oriolia_bernieri,AVES,0.623969419860336,1,215.257049422005
pipe,22,22,99.7962403173118,Oryzorictes hova,Oryzorictes_hova,MAMMALIA,0.507252363021268,7,338.834263262873
pipe,22,22,99.7962403173118,Oryzorictes tetradactylus,Oryzorictes_tetradactylus,MAMMALIA,3.97728828316346e-07,3,57.0567077135486
pipe,22,22,99.7962403173118,Otus rutilus,Otus_rutilus,AVES,0.316240159547639,1,332.533483779729
pipe,22,22,99.7962403173118,Oxylabes madagascariensis,Oxylabes_madagascariensis,AVES,0.967659046638507,3,346.458230827467
pipe,22,22,99.7962403173118,Phaner electromontis,Phaner_electromontis,MAMMALIA,0,0,0
pipe,22,22,99.7962403173118,Phaner furcifer,Phaner_furcifer,MAMMALIA,0,0,0
pipe,22,22,99.7962403173118,Phaner pallescens,Phaner_pallescens,MAMMALIA,0.097056564599301,1,28.8566036373596
pipe,22,22,99.7962403173118,Phaner parienti,Phaner_parienti,MAMMALIA,0,0,0
pipe,22,22,99.7962403173118,Philepitta castanea,Philepitta_castanea,AVES,0.362765850016257,3,346.82634495918
pipe,22,22,99.7962403173118,Philepitta schlegeli,Philepitta_schlegeli,AVES,6.32282136092677e-07,2,31.2128243694438
pipe,22,22,99.7962403173118,Ploceus nelicourvi,Ploceus_nelicourvi,AVES,0.954657101903447,3,346.458230827467
pipe,22,22,99.7962403173118,Ploceus sakalava,Ploceus_sakalava,AVES,0.000487549213629146,2,43.1826232930063
pipe,22,22,99.7962403173118,Polyboroides radiatus,Polyboroides_radiatus,AVES,0,0,0
pipe,22,22,99.7962403173118,Pseudobias wardi,Pseudobias_wardi,AVES,0.928381353804303,4,346.458230827467
pipe,22,22,99.7962403173118,Pterocles personatus,Pterocles_personatus,AVES,0,0,0
pipe,22,22,99.7962403173118,Rallus madagascariensis,Rallus_madagascariensis,AVES,0.0214802324059028,1,216.645055689196
pipe,22,22,99.7962403173118,Randia pseudozosterops,Randia_pseudozosterops,AVES,0.953031450294587,4,346.82634495918
pipe,22,22,99.7962403173118,Sarothrura insularis,Sarothrura_insularis,AVES,0.217199303608747,2,332.533483779729
pipe,22,22,99.7962403173118,Schetba rufa,Schetba_rufa,AVES,0.803235477536779,3,314.784914437314
pipe,22,22,99.7962403173118,Setifer setosus,Setifer_setosus,MAMMALIA,0.775746342152592,6,362.746618899117
pipe,22,22,99.7962403173118,Tenrec ecaudatus,Tenrec_ecaudatus,MAMMALIA,0.726561143446248,5,350.906000523963
pipe,22,22,99.7962403173118,Thamnornis chloropetoides,Thamnornis_chloropetoides,AVES,0,0,0
pipe,22,22,99.7962403173118,Treron australis,Treron_australis,AVES,0.0643700033833345,1,332.533483779729
pipe,22,22,99.7962403173118,Turnix nigricollis,Turnix_nigricollis,AVES,0.292298236057225,1,332.533483779729
pipe,22,22,99.7962403173118,Tylas eduardi,Tylas_eduardi,AVES,0.953858245770477,1,332.533483779729
pipe,22,22,99.7962403173118,Vanga curvirostris,Vanga_curvirostris,AVES,0.704298370545211,4,389.640854120473
pipe,22,22,99.7962403173118,Varecia rubra,Varecia_rubra,MAMMALIA,0.969610304748349,4,319.563995606111
pipe,22,22,99.7962403173118,Varecia variegata,Varecia_variegata,MAMMALIA,0.817170518850897,4,319.563995606111
pipe,22,22,99.7962403173118,Xanthomixis apperti,Xanthomixis_apperti,AVES,0,0,0
pipe,22,22,99.7962403173118,Xanthomixis cinereiceps,Xanthomixis_cinereiceps,AVES,0.807172598873198,3,176.793984880805
pipe,22,22,99.7962403173118,Xanthomixis zosterops,Xanthomixis_zosterops,AVES,0.952784162804807,4,346.82634495918
pipe,22,22,99.7962403173118,Xenopirostris damii,Xenopirostris_damii,AVES,0,0,0
pipe,22,22,99.7962403173118,Xenopirostris polleni,Xenopirostris_polleni,AVES,0.1399793994221,2,141.01168850189
pipe,22,22,99.7962403173118,Xenopirostris xenopirostris,Xenopirostris_xenopirostris,AVES,0,0,0
rank,0,0,0,Accipiter henstii,Accipiter_henstii,AVES,0.765875108539227,1,81405.8352855587
rank,0,0,0,Accipiter madagascariensis,Accipiter_madagascariensis,AVES,0.927685507869511,1,100295.882031971
rank,0,0,0,Acrocephalus newtoni,Acrocephalus_newtoni,AVES,0.999999999999481,10,119748.628033797
rank,0,0,0,Alectroenas madagascariensis,Alectroenas_madagascariensis,AVES,0.998532955338285,6,68964.4888693073
rank,0,0,0,Allocebus trichotis,Allocebus_trichotis,MAMMALIA,0.00783473496029241,3,72.1001097191941
rank,0,0,0,Anas bernieri,Anas_bernieri,AVES,0,1,161.555721101997
rank,0,0,0,Apus balstoni,Apus_balstoni,AVES,0.999999002903074,6,96782.468488452
rank,0,0,0,Artamella viridis,Artamella_viridis,AVES,0.999991790126899,10,118037.351054388
rank,0,0,0,Asio madagascariensis,Asio_madagascariensis,AVES,0.880258448741697,2,70836.8714421994
rank,0,0,0,Atelornis crossleyi,Atelornis_crossleyi,AVES,0.999998758967357,7,11572.6222161697
rank,0,0,0,Atelornis pittoides,Atelornis_pittoides,AVES,0.999745020877506,3,42621.3326259036
rank,0,0,0,Athene superciliaris,Athene_superciliaris,AVES,0.999598784043913,1,75154.9789321164
rank,0,0,0,Avahi laniger,Avahi_laniger,MAMMALIA,1,111,38253.4654300891
rank,0,0,0,Avahi occidentalis,Avahi_occidentalis,MAMMALIA,0.996177513146535,4,630.90092483603
rank,0,0,0,Aviceda madagascariensis,Aviceda_madagascariensis,AVES,0.97750066274377,1,107532.281324075
rank,0,0,0,Bernieria madagascariensis,Bernieria_madagascariensis,AVES,0.999999520455142,10,99394.0554042342
rank,0,0,0,Brachypteracias leptosomus,Brachypteracias_leptosomus,AVES,0.999771336916958,1,37031.6513341992
rank,0,0,0,Brachytarsomys albicauda,Brachytarsomys_albicauda,MAMMALIA,0.999999991596676,50,1815.1748536385
rank,0,0,0,Brachyuromys betsileoensis,Brachyuromys_betsileoensis,MAMMALIA,1,117,14393.3535845593
rank,0,0,0,Brachyuromys ramirohitra,Brachyuromys_ramirohitra,MAMMALIA,0.655414845690046,2,90.5857082152947
rank,0,0,0,Bradypterus brunneus,Bradypterus_brunneus,AVES,1,38,12772.3634521563
rank,0,0,0,Bradypterus seebohmi,Bradypterus_seebohmi,AVES,0.452718233996164,1,71.7493427546057
rank,0,0,0,Buteo brachypterus,Buteo_brachypterus,AVES,0.872058171840981,1,116634.251730965
rank,0,0,0,Calicalicus madagascariensis,Calicalicus_madagascariensis,AVES,0.999999999949407,13,101012.694085224
rank,0,0,0,Cheirogaleus crossleyi,Cheirogaleus_crossleyi,MAMMALIA,1,92,5731.87398069381
rank,0,0,0,Cheirogaleus major,Cheirogaleus_major,MAMMALIA,1,281,72957.4461733377
rank,0,0,0,Cheirogaleus medius,Cheirogaleus_medius,MAMMALIA,1,1693,63243.3814837725
rank,0,0,0,Cinnyris notatus,Cinnyris_notatus,AVES,0.99999995559106,16,117370.484149475
rank,0,0,0,Copsychus albospecularis,Copsychus_albospecularis,AVES,0.999995735454347,5,59545.5432791211
rank,0,0,0,Coracopsis nigra,Coracopsis_nigra,AVES,0.995976861693383,3,112428.519988189
rank,0,0,0,Corythornis madagascariensis,Corythornis_madagascariensis,AVES,0.894443720384505,5,91413.3850066191
rank,0,0,0,Coua caerulea,Coua_caerulea,AVES,0.999923357849972,6,43261.1604187311
rank,0,0,0,Coua coquereli,Coua_coquereli,AVES,0.999934088614735,1,30978.4157262958
rank,0,0,0,Coua cristata,Coua_cristata,AVES,0.999993467101693,4,82457.7263657002
rank,0,0,0,Coua cursor,Coua_cursor,AVES,0.999730982957567,1,18335.9341827981
rank,0,0,0,Coua gigas,Coua_gigas,AVES,0.999875333122457,1,31503.665529228
rank,0,0,0,Coua reynaudii,Coua_reynaudii,AVES,0.999893536909553,4,36912.0383393462
rank,0,0,0,Coua ruficeps,Coua_ruficeps,AVES,0.959346120072291,3,1327.46846918481
rank,0,0,0,Coua serriana,Coua_serriana,AVES,0.991471316214561,1,32261.1250374597
rank,0,0,0,Crossleyia xanthophrys,Crossleyia_xanthophrys,AVES,1,45,4117.99735246585
rank,0,0,0,Cryptoprocta ferox,Cryptoprocta_ferox,MAMMALIA,0.0704722846506252,4,37156.8714485855
rank,0,0,0,Cryptosylvicola randrianasoloi,Cryptosylvicola_randrianasoloi,AVES,1,39,5909.73895894305
rank,0,0,0,Cyanolanius madagascarinus,Cyanolanius_madagascarinus,AVES,0.999999763216334,6,111472.310295942
rank,0,0,0,Daubentonia madagascariensis,Daubentonia_madagascariensis,MAMMALIA,1,66,38656.9744324359
rank,0,0,0,Echinops telfairi,Echinops_telfairi,MAMMALIA,1,464,58756.346735598
rank,0,0,0,Eliurus antsingy,Eliurus_antsingy,MAMMALIA,0.0133748649074148,5,69.4813072094932
rank,0,0,0,Eliurus grandidieri,Eliurus_grandidieri,MAMMALIA,0.999641415738649,27,917.641006159522
rank,0,0,0,Eliurus majori,Eliurus_majori,MAMMALIA,1,340,45494.3563680893
rank,0,0,0,Eliurus minor,Eliurus_minor,MAMMALIA,1,1650,74538.857621201
rank,0,0,0,Eliurus myoxinus,Eliurus_myoxinus,MAMMALIA,1,1287,89581.4926753732
rank,0,0,0,Eliurus tanala,Eliurus_tanala,MAMMALIA,1,439,48738.095486133
rank,0,0,0,Eliurus webbi,Eliurus_webbi,MAMMALIA,1,509,64109.5950543302
rank,0,0,0,Eremopterix hova,Eremopterix_hova,AVES,0.999999862347247,22,4111.79749526026
rank,0,0,0,Eulemur albifrons,Eulemur_albifrons,MAMMALIA,1,44,21033.6387743731
rank,0,0,0,Eulemur cinereiceps,Eulemur_cinereiceps,MAMMALIA,1,124,104254.75479417
rank,0,0,0,Eulemur collaris,Eulemur_collaris,MAMMALIA,1,110,101994.593872544
rank,0,0,0,Eulemur coronatus,Eulemur_coronatus,MAMMALIA,1,168,30700.3288804389
rank,0,0,0,Eulemur flavifrons,Eulemur_flavifrons,MAMMALIA,0.000213248908682684,1,25.074716512655
rank,0,0,0,Eulemur fulvus,Eulemur_fulvus,MAMMALIA,1,92,104848.149055385
rank,0,0,0,Eulemur macaco,Eulemur_macaco,MAMMALIA,1,43,39376.352313315
rank,0,0,0,Eulemur mongoz,Eulemur_mongoz,MAMMALIA,0.999999952898049,33,2266.66703720268
rank,0,0,0,Eulemur rubriventer,Eulemur_rubriventer,MAMMALIA,1,215,85220.055789026
rank,0,0,0,Eulemur rufus,Eulemur_rufus,MAMMALIA,1,146,52873.432817392
rank,0,0,0,Eulemur sanfordi,Eulemur_sanfordi,MAMMALIA,1,158,104692.318662475
rank,0,0,0,Euryceros prevostii,Euryceros_prevostii,AVES,0.999000955068605,3,2839.06294695103
rank,0,0,0,Falco zoniventris,Falco_zoniventris,AVES,0.932961278308184,1,73443.3410411674
rank,0,0,0,Falculea palliata,Falculea_palliata,AVES,0.999999999468312,6,31125.8546995143
rank,0,0,0,Fossa fossana,Fossa_fossana,MAMMALIA,0.978483142852742,2,48599.460922311
rank,0,0,0,Foudia madagascariensis,Foudia_madagascariensis,AVES,0.999964283013746,16,151696.571517404
rank,0,0,0,Foudia omissa,Foudia_omissa,AVES,0.999999999964813,15,51695.3683697188
rank,0,0,0,Gactornis enarratus,Gactornis_enarratus,AVES,0.999999514554391,5,49094.8953315527
rank,0,0,0,Galidia elegans,Galidia_elegans,MAMMALIA,0.968235456479531,6,49877.3202057596
rank,0,0,0,Galidictis fasciata,Galidictis_fasciata,MAMMALIA,0,3,4247.07070700451
rank,0,0,0,Geobiastes squamiger,Geobiastes_squamiger,AVES,0.999652519491142,4,10926.8523774886
rank,0,0,0,Geogale aurita,Geogale_aurita,MAMMALIA,1,795,32511.8284537484
rank,0,0,0,Gymnuromys roberti,Gymnuromys_roberti,MAMMALIA,1,172,26603.2793134595
rank,0,0,0,Haliaeetus vociferoides,Haliaeetus_vociferoides,AVES,0.0115773783592114,1,5133.49426771155
rank,0,0,0,Hapalemur alaotrensis,Hapalemur_alaotrensis,MAMMALIA,1,141,11439.9057848001
rank,0,0,0,Hapalemur aureus,Hapalemur_aureus,MAMMALIA,0.999999995692329,24,1820.55619313019
rank,0,0,0,Hapalemur griseus,Hapalemur_griseus,MAMMALIA,1,165,96797.1992744246
rank,0,0,0,Hapalemur occidentalis,Hapalemur_occidentalis,MAMMALIA,0.999995100328246,28,1026.71440945896
rank,0,0,0,Hartertula flavoviridis,Hartertula_flavoviridis,AVES,1,45,8110.84595378394
rank,0,0,0,Hartlaubius auratus,Hartlaubius_auratus,AVES,0.999908849362027,4,102250.658932244
rank,0,0,0,Hemicentetes nigriceps,Hemicentetes_nigriceps,MAMMALIA,0.999953127257988,35,2052.96238155247
rank,0,0,0,Hemicentetes semispinosus,Hemicentetes_semispinosus,MAMMALIA,0.999999999999998,82,73146.0227469838
rank,0,0,0,Hypogeomys antimena,Hypogeomys_antimena,MAMMALIA,0.13382196561483,5,104.686912753015
rank,0,0,0,Hypositta corallirostris,Hypositta_corallirostris,AVES,0.999989919803511,10,62434.9575957259
rank,0,0,0,Indri indri,Indri_indri,MAMMALIA,0.999999981093542,19,63643.0065547893
rank,0,0,0,Lemur catta,Lemur_catta,MAMMALIA,1,172,28828.0651897789
rank,0,0,0,Lepidopygia nana,Lepidopygia_nana,AVES,0.993565759031579,24,160602.278061778
rank,0,0,0,Lepilemur ankaranensis,Lepilemur_ankaranensis,MAMMALIA,0.942459903341432,13,361.823311685573
rank,0,0,0,Lepilemur edwardsi,Lepilemur_edwardsi,MAMMALIA,1,56,10363.7149847007
rank,0,0,0,Lepilemur leucopus,Lepilemur_leucopus,MAMMALIA,1,82,22553.130172594
rank,0,0,0,Lepilemur microdon,Lepilemur_microdon,MAMMALIA,0.999999999997001,34,4773.54297635564
rank,0,0,0,Lepilemur mustelinus,Lepilemur_mustelinus,MAMMALIA,1,248,91970.6800562632
rank,0,0,0,Lepilemur ruficaudatus,Lepilemur_ruficaudatus,MAMMALIA,1,182,19221.242925611
rank,0,0,0,Leptopterus chabert,Leptopterus_chabert,AVES,0.999990744115013,11,135294.726469808
rank,0,0,0,Lophotibis cristata,Lophotibis_cristata,AVES,0.99984262942438,2,83241.1822643856
rank,0,0,0,Macrotarsomys bastardi,Macrotarsomys_bastardi,MAMMALIA,1,277,8155.32697095479
rank,0,0,0,Margaroperdix madagarensis,Margaroperdix_madagarensis,AVES,0.999978649954335,2,109163.465616219
rank,0,0,0,Mentocrex kioloides,Mentocrex_kioloides,AVES,0.997745372881942,1,33668.8999710913
rank,0,0,0,Mesitornis unicolor,Mesitornis_unicolor,AVES,0,1,89.8278131379881
rank,0,0,0,Mesitornis variegatus,Mesitornis_variegatus,AVES,0.998762356934088,5,2869.24937298196
rank,0,0,0,Microcebus berthae,Microcebus_berthae,MAMMALIA,1.52725564417366e-08,2,17.7781751306701
rank,0,0,0,Microcebus griseorufus,Microcebus_griseorufus,MAMMALIA,0.995769019106106,14,501.433658043837
rank,0,0,0,Microcebus murinus,Microcebus_murinus,MAMMALIA,1,1713,98648.0994171873
rank,0,0,0,Microcebus myoxinus,Microcebus_myoxinus,MAMMALIA,0.999999992654343,102,1124.39007911773
rank,0,0,0,Microcebus ravelobensis,Microcebus_ravelobensis,MAMMALIA,0.778620368188717,15,246.875988043963
rank,0,0,0,Microcebus rufus,Microcebus_rufus,MAMMALIA,1,1410,72064.129868253
rank,0,0,0,Microcebus tavaratra,Microcebus_tavaratra,MAMMALIA,0.993489557216144,45,767.433244596441
rank,0,0,0,Microgale brevicaudata,Microgale_brevicaudata,MAMMALIA,1,899,32538.4482627255
rank,0,0,0,Microgale cowani,Microgale_cowani,MAMMALIA,1,614,61599.7511156241
rank,0,0,0,Microgale drouhardi,Microgale_drouhardi,MAMMALIA,1,318,26763.011032268
rank,0,0,0,Microgale dryas,Microgale_dryas,MAMMALIA,0.897201399235291,47,1369.92029440591
rank,0,0,0,Microgale fotsifotsy,Microgale_fotsifotsy,MAMMALIA,1,406,31282.5520477908
rank,0,0,0,Microgale gracilis,Microgale_gracilis,MAMMALIA,0.999999999998795,118,9616.30546971176
rank,0,0,0,Microgale gymnorhyncha,Microgale_gymnorhyncha,MAMMALIA,1,131,19647.1566155424
rank,0,0,0,Microgale longicaudata,Microgale_longicaudata,MAMMALIA,1,1118,63542.4841558526
rank,0,0,0,Microgale mergulus,Microgale_mergulus,MAMMALIA,0.999999999999896,71,5562.61775285837
rank,0,0,0,Microgale parvula,Microgale_parvula,MAMMALIA,0.999999999999961,1319,63644.5861034212
rank,0,0,0,Microgale principula,Microgale_principula,MAMMALIA,1,617,50694.3369124667
rank,0,0,0,Microgale pusilla,Microgale_pusilla,MAMMALIA,0.999999999978931,415,19934.6384600131
rank,0,0,0,Microgale soricoides,Microgale_soricoides,MAMMALIA,1,143,27525.3521029543
rank,0,0,0,Microgale taiva,Microgale_taiva,MAMMALIA,1,310,40793.1049467723
rank,0,0,0,Microgale thomasi,Microgale_thomasi,MAMMALIA,1,129,24416.4063766389
rank,0,0,0,Mirza coquereli,Mirza_coquereli,MAMMALIA,0.999997589067307,53,2653.00074277788
rank,0,0,0,Monias benschi,Monias_benschi,AVES,0,1,82.9420458882198
rank,0,0,0,Monticola erythronotus,Monticola_erythronotus,AVES,0.505764981643123,1,97.4973036619921
rank,0,0,0,Monticola sharpei,Monticola_sharpei,AVES,0.999999999999973,10,112347.531793114
rank,0,0,0,Monticolomys koopmani,Monticolomys_koopmani,MAMMALIA,0.132627247638879,6,104.060766616412
rank,0,0,0,Motacilla flaviventris,Motacilla_flaviventris,AVES,1,23,20547.3955734012
rank,0,0,0,Mystacornis crossleyi,Mystacornis_crossleyi,AVES,0.99999999999998,10,47378.6432934249
rank,0,0,0,Neodrepanis coruscans,Neodrepanis_coruscans,AVES,0.99999845514974,15,29636.806082244
rank,0,0,0,Neodrepanis hypoxantha,Neodrepanis_hypoxantha,AVES,0.0211788109146441,3,88.4296056242715
rank,0,0,0,Neomixis striatigula,Neomixis_striatigula,AVES,0.999999999993975,21,58553.2749873828
rank,0,0,0,Neomixis tenella,Neomixis_tenella,AVES,1,46,100872.507958581
rank,0,0,0,Neomixis viridis,Neomixis_viridis,AVES,0.999999999968365,24,53773.2576753967
rank,0,0,0,Nesillas lantzii,Nesillas_lantzii,AVES,0.999983000083555,3,2703.93284842042
rank,0,0,0,Nesogale dobsoni,Nesogale_dobsoni,MAMMALIA,1,401,70569.9395597334
rank,0,0,0,Nesogale talazaci,Nesogale_talazaci,MAMMALIA,1,209,64825.7784003662
rank,0,0,0,Nesomys audeberti,Nesomys_audeberti,MAMMALIA,1,111,4404.70734705306
rank,0,0,0,Nesomys lambertoni,Nesomys_lambertoni,MAMMALIA,0.99998398237535,29,958.575495315822
rank,0,0,0,Nesomys rufus,Nesomys_rufus,MAMMALIA,1,228,47158.8717763674
rank,0,0,0,Newtonia amphichroa,Newtonia_amphichroa,AVES,1,15,42707.2911220113
rank,0,0,0,Newtonia archboldi,Newtonia_archboldi,AVES,0.999743205924592,10,2057.60292387806
rank,0,0,0,Newtonia brunneicauda,Newtonia_brunneicauda,AVES,0.999999976025883,11,128214.085634947
rank,0,0,0,Newtonia fanovanae,Newtonia_fanovanae,AVES,0.3530552834488,2,98.220702482002
rank,0,0,0,Oriolia bernieri,Oriolia_bernieri,AVES,0.999997529517173,13,14262.3456490558
rank,0,0,0,Oryzorictes hova,Oryzorictes_hova,MAMMALIA,1,265,66233.2154541267
rank,0,0,0,Oryzorictes tetradactylus,Oryzorictes_tetradactylus,MAMMALIA,1,155,10717.5339834055
rank,0,0,0,Otus rutilus,Otus_rutilus,AVES,0.999999884940967,4,111949.764996871
rank,0,0,0,Oxylabes madagascariensis,Oxylabes_madagascariensis,AVES,0.999999999999997,14,53797.7359975744
rank,0,0,0,Phaner electromontis,Phaner_electromontis,MAMMALIA,1.1181189119025e-07,1,17.4337788633334
rank,0,0,0,Phaner furcifer,Phaner_furcifer,MAMMALIA,0.887905466959624,58,892.662774423233
rank,0,0,0,Phaner pallescens,Phaner_pallescens,MAMMALIA,0.999999999997009,57,3504.1481557881
rank,0,0,0,Phaner parienti,Phaner_parienti,MAMMALIA,0.00280017666108179,1,24.4501852478606
rank,0,0,0,Philepitta castanea,Philepitta_castanea,AVES,0.983835197382121,4,38533.17496099
rank,0,0,0,Philepitta schlegeli,Philepitta_schlegeli,AVES,0.988278027030843,14,4281.37986122647
rank,0,0,0,Ploceus nelicourvi,Ploceus_nelicourvi,AVES,0.999999997546978,9,62225.2788867866
rank,0,0,0,Ploceus sakalava,Ploceus_sakalava,AVES,0.999999986026268,18,45935.1176779656
rank,0,0,0,Polyboroides radiatus,Polyboroides_radiatus,AVES,0.998872473273459,1,126880.731002869
rank,0,0,0,Pseudobias wardi,Pseudobias_wardi,AVES,0.999999999999996,19,41782.4877384969
rank,0,0,0,Pterocles personatus,Pterocles_personatus,AVES,0.940123497880855,5,7087.00341547594
rank,0,0,0,Rallus madagascariensis,Rallus_madagascariensis,AVES,0.999999431971117,5,14553.5629941738
rank,0,0,0,Randia pseudozosterops,Randia_pseudozosterops,AVES,0.999998919608882,6,46653.22527701
rank,0,0,0,Sarothrura insularis,Sarothrura_insularis,AVES,0.999970539243504,7,77231.7846360684
rank,0,0,0,Schetba rufa,Schetba_rufa,AVES,1,20,29985.5572878945
rank,0,0,0,Setifer setosus,Setifer_setosus,MAMMALIA,1,197,121768.247863368
rank,0,0,0,Tenrec ecaudatus,Tenrec_ecaudatus,MAMMALIA,1,54,133405.07041149
rank,0,0,0,Thamnornis chloropetoides,Thamnornis_chloropetoides,AVES,0.999977507869305,5,3407.17432487525
rank,0,0,0,Treron australis,Treron_australis,AVES,0.996979772420716,1,122191.673916884
rank,0,0,0,Turnix nigricollis,Turnix_nigricollis,AVES,0.999949079462136,2,137927.251420088
rank,0,0,0,Tylas eduardi,Tylas_eduardi,AVES,0.999999989122082,6,60620.0089657779
rank,0,0,0,Vanga curvirostris,Vanga_curvirostris,AVES,0.999946694822322,7,134928.457939634
rank,0,0,0,Varecia rubra,Varecia_rubra,MAMMALIA,1,47,74463.7318670284
rank,0,0,0,Varecia variegata,Varecia_variegata,MAMMALIA,0.999999999999927,38,73381.7001135045
rank,0,0,0,Xanthomixis apperti,Xanthomixis_apperti,AVES,0.441311211243701,1,68.4073900828693
rank,0,0,0,Xanthomixis cinereiceps,Xanthomixis_cinereiceps,AVES,1,21,17538.7243960844
rank,0,0,0,Xanthomixis zosterops,Xanthomixis_zosterops,AVES,0.999999999983305,14,63332.6962077734
rank,0,0,0,Xenopirostris damii,Xenopirostris_damii,AVES,0.00179910755944279,1,93.5023436630615
rank,0,0,0,Xenopirostris polleni,Xenopirostris_polleni,AVES,0.999999970589095,10,17756.9551348295
rank,0,0,0,Xenopirostris xenopirostris,Xenopirostris_xenopirostris,AVES,0.965058075374104,1,1102.55740261015
rank,1,1,4.74865574883676,Accipiter henstii,Accipiter_henstii,AVES,0.765861970610512,1,81400.0945219933
rank,1,1,4.74865574883676,Accipiter madagascariensis,Accipiter_madagascariensis,AVES,0.927685507925768,1,100295.882109731
rank,1,1,4.74865574883676,Acrocephalus newtoni,Acrocephalus_newtoni,AVES,0.999999999999989,12,118931.834938472
rank,1,1,4.74865574883676,Alectroenas madagascariensis,Alectroenas_madagascariensis,AVES,0.998532683714398,6,68952.9310089126
rank,1,1,4.74865574883676,Allocebus trichotis,Allocebus_trichotis,MAMMALIA,0.00783473494650444,3,72.1001097112894
rank,1,1,4.74865574883676,Anas bernieri,Anas_bernieri,AVES,0,1,161.555721102021
rank,1,1,4.74865574883676,Apus balstoni,Apus_balstoni,AVES,0.999999954838721,4,96335.8168017498
rank,1,1,4.74865574883676,Artamella viridis,Artamella_viridis,AVES,0.99999151842065,9,116684.324313502
rank,1,1,4.74865574883676,Asio madagascariensis,Asio_madagascariensis,AVES,0.880238169948797,2,70834.8399119085
rank,1,1,4.74865574883676,Atelornis crossleyi,Atelornis_crossleyi,AVES,0.999998758967357,7,11572.6222161697
rank,1,1,4.74865574883676,Atelornis pittoides,Atelornis_pittoides,AVES,0.999745020877893,3,42621.3326636851
rank,1,1,4.74865574883676,Athene superciliaris,Athene_superciliaris,AVES,0.999598703934423,1,75145.5644899905
rank,1,1,4.74865574883676,Avahi laniger,Avahi_laniger,MAMMALIA,1,111,38253.1916043237
rank,1,1,4.74865574883676,Avahi occidentalis,Avahi_occidentalis,MAMMALIA,0.996177513156648,4,630.900925964117
rank,1,1,4.74865574883676,Aviceda madagascariensis,Aviceda_madagascariensis,AVES,0.977418246894044,1,107222.579986721
rank,1,1,4.74865574883676,Bernieria madagascariensis,Bernieria_madagascariensis,AVES,0.999999846230978,11,99258.2461873688
rank,1,1,4.74865574883676,Brachypteracias leptosomus,Brachypteracias_leptosomus,AVES,0.999771336917406,1,37031.6513739303
rank,1,1,4.74865574883676,Brachytarsomys albicauda,Brachytarsomys_albicauda,MAMMALIA,0.999999991596676,50,1815.17485363856
rank,1,1,4.74865574883676,Brachyuromys betsileoensis,Brachyuromys_betsileoensis,MAMMALIA,1,117,14382.3416418582
rank,1,1,4.74865574883676,Brachyuromys ramirohitra,Brachyuromys_ramirohitra,MAMMALIA,0.65541484639138,2,90.5857082977891
rank,1,1,4.74865574883676,Bradypterus brunneus,Bradypterus_brunneus,AVES,1,38,12772.3634521564
rank,1,1,4.74865574883676,Bradypterus seebohmi,Bradypterus_seebohmi,AVES,0.452718231585579,1,71.7493425011635
rank,1,1,4.74865574883676,Buteo brachypterus,Buteo_brachypterus,AVES,0.870744635298521,1,115296.602297202
rank,1,1,4.74865574883676,Calicalicus madagascariensis,Calicalicus_madagascariensis,AVES,0.999999999999527,16,100807.801855921
rank,1,1,4.74865574883676,Cheirogaleus crossleyi,Cheirogaleus_crossleyi,MAMMALIA,1,92,5731.87398069368
rank,1,1,4.74865574883676,Cheirogaleus major,Cheirogaleus_major,MAMMALIA,1,279,72901.7174232273
rank,1,1,4.74865574883676,Cheirogaleus medius,Cheirogaleus_medius,MAMMALIA,1,1624,62106.7559293634
rank,1,1,4.74865574883676,Cinnyris notatus,Cinnyris_notatus,AVES,0.999999931020175,24,115333.695377536
rank,1,1,4.74865574883676,Copsychus albospecularis,Copsychus_albospecularis,AVES,0.999995701213021,5,59496.8919187204
rank,1,1,4.74865574883676,Coracopsis nigra,Coracopsis_nigra,AVES,0.995972918056557,3,112328.282253999
rank,1,1,4.74865574883676,Corythornis madagascariensis,Corythornis_madagascariensis,AVES,0.894443647439874,5,91413.2936360035
rank,1,1,4.74865574883676,Coua caerulea,Coua_caerulea,AVES,0.999923357849972,6,43261.1604187338
rank,1,1,4.74865574883676,Coua coquereli,Coua_coquereli,AVES,0.999934072509219,1,30974.5483192205
rank,1,1,4.74865574883676,Coua cristata,Coua_cristata,AVES,0.999993467101739,4,82457.7264217883
rank,1,1,4.74865574883676,Coua cursor,Coua_cursor,AVES,0.999730982957735,1,18335.9341884106
rank,1,1,4.74865574883676,Coua gigas,Coua_gigas,AVES,0.99987533312277,1,31503.6655668765
rank,1,1,4.74865574883676,Coua reynaudii,Coua_reynaudii,AVES,0.999893536910276,4,36912.0383724868
rank,1,1,4.74865574883676,Coua ruficeps,Coua_ruficeps,AVES,0.959346120072314,3,1327.46846918499
rank,1,1,4.74865574883676,Coua serriana,Coua_serriana,AVES,0.991471316214562,1,32261.1250374622
rank,1,1,4.74865574883676,Crossleyia xanthophrys,Crossleyia_xanthophrys,AVES,1,45,4117.99735637009
rank,1,1,4.74865574883676,Cryptoprocta ferox,Cryptoprocta_ferox,MAMMALIA,0.0704722846506335,4,37156.871448586
rank,1,1,4.74865574883676,Cryptosylvicola randrianasoloi,Cryptosylvicola_randrianasoloi,AVES,1,39,5909.73896991462
rank,1,1,4.74865574883676,Cyanolanius madagascarinus,Cyanolanius_madagascarinus,AVES,0.999999808019988,9,111143.910447635
rank,1,1,4.74865574883676,Daubentonia madagascariensis,Daubentonia_madagascariensis,MAMMALIA,1,66,38622.5152645707
rank,1,1,4.74865574883676,Echinops telfairi,Echinops_telfairi,MAMMALIA,1,464,58738.6069853604
rank,1,1,4.74865574883676,Eliurus antsingy,Eliurus_antsingy,MAMMALIA,0.0133748649300235,5,69.4813072830439
rank,1,1,4.74865574883676,Eliurus grandidieri,Eliurus_grandidieri,MAMMALIA,0.999641415738649,27,917.641006159482
rank,1,1,4.74865574883676,Eliurus majori,Eliurus_majori,MAMMALIA,1,335,45434.4542782828
rank,1,1,4.74865574883676,Eliurus minor,Eliurus_minor,MAMMALIA,1,1633,74465.14726568
rank,1,1,4.74865574883676,Eliurus myoxinus,Eliurus_myoxinus,MAMMALIA,1,1264,88851.5068157762
rank,1,1,4.74865574883676,Eliurus tanala,Eliurus_tanala,MAMMALIA,1,432,48687.1193240345
rank,1,1,4.74865574883676,Eliurus webbi,Eliurus_webbi,MAMMALIA,1,499,63875.1923865005
rank,1,1,4.74865574883676,Eremopterix hova,Eremopterix_hova,AVES,0.999999862347248,22,4111.79749785364
rank,1,1,4.74865574883676,Eulemur albifrons,Eulemur_albifrons,MAMMALIA,1,44,21033.6387743737
rank,1,1,4.74865574883676,Eulemur cinereiceps,Eulemur_cinereiceps,MAMMALIA,1,121,104075.808195914
rank,1,1,4.74865574883676,Eulemur collaris,Eulemur_collaris,MAMMALIA,1,106,101920.348477241
rank,1,1,4.74865574883676,Eulemur coronatus,Eulemur_coronatus,MAMMALIA,1,168,30699.5950903943
rank,1,1,4.74865574883676,Eulemur flavifrons,Eulemur_flavifrons,MAMMALIA,0.000213248908682684,1,25.074716512655
rank,1,1,4.74865574883676,Eulemur fulvus,Eulemur_fulvus,MAMMALIA,1,93,104585.186157182
rank,1,1,4.74865574883676,Eulemur macaco,Eulemur_macaco,MAMMALIA,1,42,39258.537143131
rank,1,1,4.74865574883676,Eulemur mongoz,Eulemur_mongoz,MAMMALIA,0.99999995289805,33,2266.66703993082
rank,1,1,4.74865574883676,Eulemur rubriventer,Eulemur_rubriventer,MAMMALIA,1,208,85130.1012902713
rank,1,1,4.74865574883676,Eulemur rufus,Eulemur_rufus,MAMMALIA,1,147,52765.7985931273
rank,1,1,4.74865574883676,Eulemur sanfordi,Eulemur_sanfordi,MAMMALIA,1,149,104456.837324643
rank,1,1,4.74865574883676,Euryceros prevostii,Euryceros_prevostii,AVES,0.999000955070916,3,2839.0629478842
rank,1,1,4.74865574883676,Falco zoniventris,Falco_zoniventris,AVES,0.932938269668381,1,73418.1849852428
rank,1,1,4.74865574883676,Falculea palliata,Falculea_palliata,AVES,0.99999999946467,6,31101.5906930044
rank,1,1,4.74865574883676,Fossa fossana,Fossa_fossana,MAMMALIA,0.978483142936644,2,48599.4609659314
rank,1,1,4.74865574883676,Foudia madagascariensis,Foudia_madagascariensis,AVES,0.999997393925768,14,149168.68644131
rank,1,1,4.74865574883676,Foudia omissa,Foudia_omissa,AVES,0.999999999964767,15,51694.1072466672
rank,1,1,4.74865574883676,Gactornis enarratus,Gactornis_enarratus,AVES,0.999999514554395,5,49094.8953740671
rank,1,1,4.74865574883676,Galidia elegans,Galidia_elegans,MAMMALIA,0.968235456479524,6,49877.3202057579
rank,1,1,4.74865574883676,Galidictis fasciata,Galidictis_fasciata,MAMMALIA,0,3,4247.07071315497
rank,1,1,4.74865574883676,Geobiastes squamiger,Geobiastes_squamiger,AVES,0.999652519491625,4,10926.8523845822
rank,1,1,4.74865574883676,Geogale aurita,Geogale_aurita,MAMMALIA,1,792,32474.416419901
rank,1,1,4.74865574883676,Gymnuromys roberti,Gymnuromys_roberti,MAMMALIA,1,172,26601.7315241246
rank,1,1,4.74865574883676,Haliaeetus vociferoides,Haliaeetus_vociferoides,AVES,0.0115773784314965,1,5133.49427342415
rank,1,1,4.74865574883676,Hapalemur alaotrensis,Hapalemur_alaotrensis,MAMMALIA,1,141,11439.9057848001
rank,1,1,4.74865574883676,Hapalemur aureus,Hapalemur_aureus,MAMMALIA,0.999999995692329,24,1820.55619611591
rank,1,1,4.74865574883676,Hapalemur griseus,Hapalemur_griseus,MAMMALIA,1,165,96796.6457213598
rank,1,1,4.74865574883676,Hapalemur occidentalis,Hapalemur_occidentalis,MAMMALIA,0.999995100328248,28,1026.71440970898
rank,1,1,4.74865574883676,Hartertula flavoviridis,Hartertula_flavoviridis,AVES,1,45,8110.84596121311
rank,1,1,4.74865574883676,Hartlaubius auratus,Hartlaubius_auratus,AVES,0.999964958645025,6,101912.610541136
rank,1,1,4.74865574883676,Hemicentetes nigriceps,Hemicentetes_nigriceps,MAMMALIA,0.999953127257988,35,2052.96238155258
rank,1,1,4.74865574883676,Hemicentetes semispinosus,Hemicentetes_semispinosus,MAMMALIA,0.999999999999998,82,73143.0004400611
rank,1,1,4.74865574883676,Hypogeomys antimena,Hypogeomys_antimena,MAMMALIA,0.133821965840603,5,104.686912983656
rank,1,1,4.74865574883676,Hypositta corallirostris,Hypositta_corallirostris,AVES,0.999989919803522,10,62434.9576523677
rank,1,1,4.74865574883676,Indri indri,Indri_indri,MAMMALIA,0.999999981093542,19,63643.0066137314
rank,1,1,4.74865574883676,Lemur catta,Lemur_catta,MAMMALIA,1,185,28288.368263714
rank,1,1,4.74865574883676,Lepidopygia nana,Lepidopygia_nana,AVES,0.998029178558324,27,155000.156128846
rank,1,1,4.74865574883676,Lepilemur ankaranensis,Lepilemur_ankaranensis,MAMMALIA,0.942459903341428,13,361.823311685567
rank,1,1,4.74865574883676,Lepilemur edwardsi,Lepilemur_edwardsi,MAMMALIA,1,56,10363.7149990052
rank,1,1,4.74865574883676,Lepilemur leucopus,Lepilemur_leucopus,MAMMALIA,1,81,22523.2998567373
rank,1,1,4.74865574883676,Lepilemur microdon,Lepilemur_microdon,MAMMALIA,0.999999999997001,34,4773.54297635564
rank,1,1,4.74865574883676,Lepilemur mustelinus,Lepilemur_mustelinus,MAMMALIA,1,248,91894.7060803622
rank,1,1,4.74865574883676,Lepilemur ruficaudatus,Lepilemur_ruficaudatus,MAMMALIA,1,182,19203.5521562338
rank,1,1,4.74865574883676,Leptopterus chabert,Leptopterus_chabert,AVES,0.99999053282223,11,134686.036257572
rank,1,1,4.74865574883676,Lophotibis cristata,Lophotibis_cristata,AVES,0.99984262942438,2,83241.1822643793
rank,1,1,4.74865574883676,Macrotarsomys bastardi,Macrotarsomys_bastardi,MAMMALIA,1,277,8155.32697095466
rank,1,1,4.74865574883676,Margaroperdix madagarensis,Margaroperdix_madagarensis,AVES,0.99997850987035,2,108725.84596891
rank,1,1,4.74865574883676,Mentocrex kioloides,Mentocrex_kioloides,AVES,0.997742864192998,1,33643.5118203908
rank,1,1,4.74865574883676,Mesitornis unicolor,Mesitornis_unicolor,AVES,0,1,89.8278131379858
rank,1,1,4.74865574883676,Mesitornis variegatus,Mesitornis_variegatus,AVES,0.998762356946553,5,2869.24937690049
rank,1,1,4.74865574883676,Microcebus berthae,Microcebus_berthae,MAMMALIA,1.52725555535582e-08,2,17.7781751081347
rank,1,1,4.74865574883676,Microcebus griseorufus,Microcebus_griseorufus,MAMMALIA,0.995769019106108,14,501.433658043884
rank,1,1,4.74865574883676,Microcebus murinus,Microcebus_murinus,MAMMALIA,1,1689,97287.4899231195
rank,1,1,4.74865574883676,Microcebus myoxinus,Microcebus_myoxinus,MAMMALIA,0.999999992654343,102,1124.39007911777
rank,1,1,4.74865574883676,Microcebus ravelobensis,Microcebus_ravelobensis,MAMMALIA,0.778620368188765,15,246.875988043973
rank,1,1,4.74865574883676,Microcebus rufus,Microcebus_rufus,MAMMALIA,1,1397,71897.4567727837
rank,1,1,4.74865574883676,Microcebus tavaratra,Microcebus_tavaratra,MAMMALIA,0.99348955741329,45,767.433245509863
rank,1,1,4.74865574883676,Microgale brevicaudata,Microgale_brevicaudata,MAMMALIA,1,897,32489.1175522804
rank,1,1,4.74865574883676,Microgale cowani,Microgale_cowani,MAMMALIA,1,610,61344.5037353337
rank,1,1,4.74865574883676,Microgale drouhardi,Microgale_drouhardi,MAMMALIA,1,318,26763.0110322682
rank,1,1,4.74865574883676,Microgale dryas,Microgale_dryas,MAMMALIA,0.897201399235259,47,1369.92029440585
rank,1,1,4.74865574883676,Microgale fotsifotsy,Microgale_fotsifotsy,MAMMALIA,1,405,31273.3769852898
rank,1,1,4.74865574883676,Microgale gracilis,Microgale_gracilis,MAMMALIA,0.999999999998795,118,9616.30546971204
rank,1,1,4.74865574883676,Microgale gymnorhyncha,Microgale_gymnorhyncha,MAMMALIA,1,131,19647.0676597491
rank,1,1,4.74865574883676,Microgale longicaudata,Microgale_longicaudata,MAMMALIA,1,1116,63518.7767732367
rank,1,1,4.74865574883676,Microgale mergulus,Microgale_mergulus,MAMMALIA,0.999999999999896,71,5562.61775285862
rank,1,1,4.74865574883676,Microgale parvula,Microgale_parvula,MAMMALIA,0.999999999999961,1313,63623.4184404889
rank,1,1,4.74865574883676,Microgale principula,Microgale_principula,MAMMALIA,1,617,50694.1593704522
rank,1,1,4.74865574883676,Microgale pusilla,Microgale_pusilla,MAMMALIA,0.999999999972784,415,19866.3135666326
rank,1,1,4.74865574883676,Microgale soricoides,Microgale_soricoides,MAMMALIA,1,143,27524.9857478927
rank,1,1,4.74865574883676,Microgale taiva,Microgale_taiva,MAMMALIA,1,310,40793.1049931124
rank,1,1,4.74865574883676,Microgale thomasi,Microgale_thomasi,MAMMALIA,1,129,24416.4064041078
rank,1,1,4.74865574883676,Mirza coquereli,Mirza_coquereli,MAMMALIA,0.999997589067307,53,2653.0007427779
rank,1,1,4.74865574883676,Monias benschi,Monias_benschi,AVES,0,1,82.9420458882274
rank,1,1,4.74865574883676,Monticola erythronotus,Monticola_erythronotus,AVES,0.505764981643065,1,97.4973036619822
rank,1,1,4.74865574883676,Monticola sharpei,Monticola_sharpei,AVES,0.999999999999966,12,110834.472148009
rank,1,1,4.74865574883676,Monticolomys koopmani,Monticolomys_koopmani,MAMMALIA,0.132627251095215,6,104.060766987503
rank,1,1,4.74865574883676,Motacilla flaviventris,Motacilla_flaviventris,AVES,1,25,19221.3723545227
rank,1,1,4.74865574883676,Mystacornis crossleyi,Mystacornis_crossleyi,AVES,0.99999999999998,10,47378.6432934275
rank,1,1,4.74865574883676,Neodrepanis coruscans,Neodrepanis_coruscans,AVES,0.999998450220513,15,29600.4186416141
rank,1,1,4.74865574883676,Neodrepanis hypoxantha,Neodrepanis_hypoxantha,AVES,0.0211788111247608,3,88.4296057149768
rank,1,1,4.74865574883676,Neomixis striatigula,Neomixis_striatigula,AVES,0.999999999993894,21,58551.4699783992
rank,1,1,4.74865574883676,Neomixis tenella,Neomixis_tenella,AVES,1,49,98824.6856425852
rank,1,1,4.74865574883676,Neomixis viridis,Neomixis_viridis,AVES,0.999999999968363,24,53771.2693485068
rank,1,1,4.74865574883676,Nesillas lantzii,Nesillas_lantzii,AVES,0.999983000083502,3,2703.9328436479
rank,1,1,4.74865574883676,Nesogale dobsoni,Nesogale_dobsoni,MAMMALIA,1,401,70446.4195127008
rank,1,1,4.74865574883676,Nesogale talazaci,Nesogale_talazaci,MAMMALIA,1,209,64825.7784595043
rank,1,1,4.74865574883676,Nesomys audeberti,Nesomys_audeberti,MAMMALIA,1,111,4404.70734705302
rank,1,1,4.74865574883676,Nesomys lambertoni,Nesomys_lambertoni,MAMMALIA,0.999983982375401,29,958.575495295227
rank,1,1,4.74865574883676,Nesomys rufus,Nesomys_rufus,MAMMALIA,1,220,46992.6303347405
rank,1,1,4.74865574883676,Newtonia amphichroa,Newtonia_amphichroa,AVES,1,15,42706.8356529288
rank,1,1,4.74865574883676,Newtonia archboldi,Newtonia_archboldi,AVES,0.999743205924592,10,2057.60292387809
rank,1,1,4.74865574883676,Newtonia brunneicauda,Newtonia_brunneicauda,AVES,0.999999997942554,10,127309.230991155
rank,1,1,4.74865574883676,Newtonia fanovanae,Newtonia_fanovanae,AVES,0.353055283448657,2,98.2207024819943
rank,1,1,4.74865574883676,Oriolia bernieri,Oriolia_bernieri,AVES,0.999997529517201,13,14262.3456658348
rank,1,1,4.74865574883676,Oryzorictes hova,Oryzorictes_hova,MAMMALIA,1,266,66048.2510893494
rank,1,1,4.74865574883676,Oryzorictes tetradactylus,Oryzorictes_tetradactylus,MAMMALIA,1,155,10717.5339834051
rank,1,1,4.74865574883676,Otus rutilus,Otus_rutilus,AVES,0.999999884482495,4,111892.587282464
rank,1,1,4.74865574883676,Oxylabes madagascariensis,Oxylabes_madagascariensis,AVES,0.999999999999997,14,53797.736041911
rank,1,1,4.74865574883676,Phaner electromontis,Phaner_electromontis,MAMMALIA,1.1181189119025e-07,1,17.4337788633315
rank,1,1,4.74865574883676,Phaner furcifer,Phaner_furcifer,MAMMALIA,0.887905466959644,58,892.662774423171
rank,1,1,4.74865574883676,Phaner pallescens,Phaner_pallescens,MAMMALIA,0.999999999997009,57,3504.14815962315
rank,1,1,4.74865574883676,Phaner parienti,Phaner_parienti,MAMMALIA,0.00280017666108967,1,24.4501852478648
rank,1,1,4.74865574883676,Philepitta castanea,Philepitta_castanea,AVES,0.983833456252859,4,38528.1641987264
rank,1,1,4.74865574883676,Philepitta schlegeli,Philepitta_schlegeli,AVES,0.988278027030843,14,4281.37986122647
rank,1,1,4.74865574883676,Ploceus nelicourvi,Ploceus_nelicourvi,AVES,0.999999997546978,9,62225.2789443433
rank,1,1,4.74865574883676,Ploceus sakalava,Ploceus_sakalava,AVES,0.999999992527015,20,45295.7104167342
rank,1,1,4.74865574883676,Polyboroides radiatus,Polyboroides_radiatus,AVES,0.99880712542835,1,122655.766775559
rank,1,1,4.74865574883676,Pseudobias wardi,Pseudobias_wardi,AVES,0.999999999999996,19,41782.4877384977
rank,1,1,4.74865574883676,Pterocles personatus,Pterocles_personatus,AVES,0.940123497880854,5,7087.00341547594
rank,1,1,4.74865574883676,Rallus madagascariensis,Rallus_madagascariensis,AVES,0.999999431971117,5,14553.5629941739
rank,1,1,4.74865574883676,Randia pseudozosterops,Randia_pseudozosterops,AVES,0.999998919581108,6,46652.5123699754
rank,1,1,4.74865574883676,Sarothrura insularis,Sarothrura_insularis,AVES,0.999969815550958,7,77042.833381407
rank,1,1,4.74865574883676,Schetba rufa,Schetba_rufa,AVES,1,20,29977.9458656237
rank,1,1,4.74865574883676,Setifer setosus,Setifer_setosus,MAMMALIA,1,197,121610.032566145
rank,1,1,4.74865574883676,Tenrec ecaudatus,Tenrec_ecaudatus,MAMMALIA,1,56,132781.42416919
rank,1,1,4.74865574883676,Thamnornis chloropetoides,Thamnornis_chloropetoides,AVES,0.999977507869225,5,3407.17432130128
rank,1,1,4.74865574883676,Treron australis,Treron_australis,AVES,0.996966382889504,1,121710.522274554
rank,1,1,4.74865574883676,Turnix nigricollis,Turnix_nigricollis,AVES,0.999948707039853,2,137311.541073412
rank,1,1,4.74865574883676,Tylas eduardi,Tylas_eduardi,AVES,0.999999989095571,6,60616.0344330967
rank,1,1,4.74865574883676,Vanga curvirostris,Vanga_curvirostris,AVES,0.999946275039051,7,134484.827971687
rank,1,1,4.74865574883676,Varecia rubra,Varecia_rubra,MAMMALIA,1,47,74463.731867027
rank,1,1,4.74865574883676,Varecia variegata,Varecia_variegata,MAMMALIA,0.999999999999927,38,73381.7001135029
rank,1,1,4.74865574883676,Xanthomixis apperti,Xanthomixis_apperti,AVES,0.441311210122258,1,68.4073899760842
rank,1,1,4.74865574883676,Xanthomixis cinereiceps,Xanthomixis_cinereiceps,AVES,1,21,17538.7244135588
rank,1,1,4.74865574883676,Xanthomixis zosterops,Xanthomixis_zosterops,AVES,0.99999999998262,14,63324.4987885282
rank,1,1,4.74865574883676,Xenopirostris damii,Xenopirostris_damii,AVES,0.00179910766481406,1,93.5023440420628
rank,1,1,4.74865574883676,Xenopirostris polleni,Xenopirostris_polleni,AVES,0.999999970589095,10,17756.9551348298
rank,1,1,4.74865574883676,Xenopirostris xenopirostris,Xenopirostris_xenopirostris,AVES,0.96505807541122,1,1102.55740338564
rank,2,2,9.45013491751602,Accipiter henstii,Accipiter_henstii,AVES,0.765138346231182,1,81084.9454008116
rank,2,2,9.45013491751602,Accipiter madagascariensis,Accipiter_madagascariensis,AVES,0.927673926001716,1,100279.875710145
rank,2,2,9.45013491751602,Acrocephalus newtoni,Acrocephalus_newtoni,AVES,0.999999999999997,16,116449.537282226
rank,2,2,9.45013491751602,Alectroenas madagascariensis,Alectroenas_madagascariensis,AVES,0.998529374808834,6,68808.6582420692
rank,2,2,9.45013491751602,Allocebus trichotis,Allocebus_trichotis,MAMMALIA,0.00783473494650444,3,72.1001097112894
rank,2,2,9.45013491751602,Anas bernieri,Anas_bernieri,AVES,0,1,161.555721102021
rank,2,2,9.45013491751602,Apus balstoni,Apus_balstoni,AVES,0.999999953858532,4,96266.6034046164
rank,2,2,9.45013491751602,Artamella viridis,Artamella_viridis,AVES,0.999990319371265,9,114300.832057659
rank,2,2,9.45013491751602,Asio madagascariensis,Asio_madagascariensis,AVES,0.878586262746132,2,70639.7236958491
rank,2,2,9.45013491751602,Atelornis crossleyi,Atelornis_crossleyi,AVES,0.999998758967357,7,11572.6222161697
rank,2,2,9.45013491751602,Atelornis pittoides,Atelornis_pittoides,AVES,0.999744985371309,3,42617.9275688306
rank,2,2,9.45013491751602,Athene superciliaris,Athene_superciliaris,AVES,0.999598231401486,1,75090.0947588608
rank,2,2,9.45013491751602,Avahi laniger,Avahi_laniger,MAMMALIA,1,111,38252.9172589108
rank,2,2,9.45013491751602,Avahi occidentalis,Avahi_occidentalis,MAMMALIA,0.996177513156648,4,630.900925964117
rank,2,2,9.45013491751602,Aviceda madagascariensis,Aviceda_madagascariensis,AVES,0.976722532941956,1,104686.252640463
rank,2,2,9.45013491751602,Bernieria madagascariensis,Bernieria_madagascariensis,AVES,0.999999997347236,14,98974.9395031499
rank,2,2,9.45013491751602,Brachypteracias leptosomus,Brachypteracias_leptosomus,AVES,0.999771336917406,1,37031.6513739303
rank,2,2,9.45013491751602,Brachytarsomys albicauda,Brachytarsomys_albicauda,MAMMALIA,0.999999991596676,50,1815.17485363856
rank,2,2,9.45013491751602,Brachyuromys betsileoensis,Brachyuromys_betsileoensis,MAMMALIA,1,117,14334.4311614037
rank,2,2,9.45013491751602,Brachyuromys ramirohitra,Brachyuromys_ramirohitra,MAMMALIA,0.65541484639138,2,90.5857082977891
rank,2,2,9.45013491751602,Bradypterus brunneus,Bradypterus_brunneus,AVES,1,38,12772.3634521564
rank,2,2,9.45013491751602,Bradypterus seebohmi,Bradypterus_seebohmi,AVES,0.452718231585579,1,71.7493425011635
rank,2,2,9.45013491751602,Buteo brachypterus,Buteo_brachypterus,AVES,0.867564165061224,1,112170.902116664
rank,2,2,9.45013491751602,Calicalicus madagascariensis,Calicalicus_madagascariensis,AVES,0.999999999999998,21,100459.408958987
rank,2,2,9.45013491751602,Cheirogaleus crossleyi,Cheirogaleus_crossleyi,MAMMALIA,1,92,5731.87398069368
rank,2,2,9.45013491751602,Cheirogaleus major,Cheirogaleus_major,MAMMALIA,1,274,72636.8363631417
rank,2,2,9.45013491751602,Cheirogaleus medius,Cheirogaleus_medius,MAMMALIA,1,1563,61201.3087834917
rank,2,2,9.45013491751602,Cinnyris notatus,Cinnyris_notatus,AVES,0.999999989361918,27,113546.927461171
rank,2,2,9.45013491751602,Copsychus albospecularis,Copsychus_albospecularis,AVES,0.999995584679425,6,59236.0826248386
rank,2,2,9.45013491751602,Coracopsis nigra,Coracopsis_nigra,AVES,0.995966506399485,3,112165.713059316
rank,2,2,9.45013491751602,Corythornis madagascariensis,Corythornis_madagascariensis,AVES,0.894435906001138,5,91403.1520516191
rank,2,2,9.45013491751602,Coua caerulea,Coua_caerulea,AVES,0.999923357849972,6,43261.1604187338
rank,2,2,9.45013491751602,Coua coquereli,Coua_coquereli,AVES,0.999933782805203,1,30905.2249514237
rank,2,2,9.45013491751602,Coua cristata,Coua_cristata,AVES,0.999993463596688,4,82434.2955711484
rank,2,2,9.45013491751602,Coua cursor,Coua_cursor,AVES,0.999730982957735,1,18335.9341884106
rank,2,2,9.45013491751602,Coua gigas,Coua_gigas,AVES,0.99987533312277,1,31503.6655668765
rank,2,2,9.45013491751602,Coua reynaudii,Coua_reynaudii,AVES,0.999893536910276,4,36912.0383724868
rank,2,2,9.45013491751602,Coua ruficeps,Coua_ruficeps,AVES,0.959346120072314,3,1327.46846918499
rank,2,2,9.45013491751602,Coua serriana,Coua_serriana,AVES,0.991471316214562,1,32261.1250374622
rank,2,2,9.45013491751602,Crossleyia xanthophrys,Crossleyia_xanthophrys,AVES,1,45,4117.99735637009
rank,2,2,9.45013491751602,Cryptoprocta ferox,Cryptoprocta_ferox,MAMMALIA,0.0704722846506335,4,37156.871448586
rank,2,2,9.45013491751602,Cryptosylvicola randrianasoloi,Cryptosylvicola_randrianasoloi,AVES,1,39,5909.73896991462
rank,2,2,9.45013491751602,Cyanolanius madagascarinus,Cyanolanius_madagascarinus,AVES,0.999999949566605,12,109824.225573855
rank,2,2,9.45013491751602,Daubentonia madagascariensis,Daubentonia_madagascariensis,MAMMALIA,1,68,38438.9432285428
rank,2,2,9.45013491751602,Echinops telfairi,Echinops_telfairi,MAMMALIA,1,467,58559.4836675078
rank,2,2,9.45013491751602,Eliurus antsingy,Eliurus_antsingy,MAMMALIA,0.0133748649300235,5,69.4813072830439
rank,2,2,9.45013491751602,Eliurus grandidieri,Eliurus_grandidieri,MAMMALIA,0.999641415738649,27,917.641006159482
rank,2,2,9.45013491751602,Eliurus majori,Eliurus_majori,MAMMALIA,1,334,45329.949171707
rank,2,2,9.45013491751602,Eliurus minor,Eliurus_minor,MAMMALIA,1,1625,74361.7639077652
rank,2,2,9.45013491751602,Eliurus myoxinus,Eliurus_myoxinus,MAMMALIA,1,1268,88295.710634768
rank,2,2,9.45013491751602,Eliurus tanala,Eliurus_tanala,MAMMALIA,1,428,48538.4891838753
rank,2,2,9.45013491751602,Eliurus webbi,Eliurus_webbi,MAMMALIA,1,501,63660.7377787084
rank,2,2,9.45013491751602,Eremopterix hova,Eremopterix_hova,AVES,0.999999862347248,22,4111.79749785364
rank,2,2,9.45013491751602,Eulemur albifrons,Eulemur_albifrons,MAMMALIA,1,44,21025.9231149797
rank,2,2,9.45013491751602,Eulemur cinereiceps,Eulemur_cinereiceps,MAMMALIA,1,129,103544.826962977
rank,2,2,9.45013491751602,Eulemur collaris,Eulemur_collaris,MAMMALIA,1,107,101765.769923327
rank,2,2,9.45013491751602,Eulemur coronatus,Eulemur_coronatus,MAMMALIA,1,168,30632.1601921656
rank,2,2,9.45013491751602,Eulemur flavifrons,Eulemur_flavifrons,MAMMALIA,0.000213248908682684,1,25.074716512655
rank,2,2,9.45013491751602,Eulemur fulvus,Eulemur_fulvus,MAMMALIA,1,100,103978.955613906
rank,2,2,9.45013491751602,Eulemur macaco,Eulemur_macaco,MAMMALIA,1,42,39206.1321210521
rank,2,2,9.45013491751602,Eulemur mongoz,Eulemur_mongoz,MAMMALIA,0.99999995289805,33,2266.66703993082
rank,2,2,9.45013491751602,Eulemur rubriventer,Eulemur_rubriventer,MAMMALIA,1,212,84843.4164834165
rank,2,2,9.45013491751602,Eulemur rufus,Eulemur_rufus,MAMMALIA,1,151,52455.0756744417
rank,2,2,9.45013491751602,Eulemur sanfordi,Eulemur_sanfordi,MAMMALIA,1,154,103929.475817769
rank,2,2,9.45013491751602,Euryceros prevostii,Euryceros_prevostii,AVES,0.999000955070916,3,2839.0629478842
rank,2,2,9.45013491751602,Falco zoniventris,Falco_zoniventris,AVES,0.931873720642787,1,72272.5502427444
rank,2,2,9.45013491751602,Falculea palliata,Falculea_palliata,AVES,0.999999999453954,6,30982.6903307438
rank,2,2,9.45013491751602,Fossa fossana,Fossa_fossana,MAMMALIA,0.978483142936644,2,48599.4609659314
rank,2,2,9.45013491751602,Foudia madagascariensis,Foudia_madagascariensis,AVES,0.999997727220946,16,145522.321956895
rank,2,2,9.45013491751602,Foudia omissa,Foudia_omissa,AVES,0.999999999964483,15,51680.6767750755
rank,2,2,9.45013491751602,Gactornis enarratus,Gactornis_enarratus,AVES,0.999999514554395,5,49094.8953740671
rank,2,2,9.45013491751602,Galidia elegans,Galidia_elegans,MAMMALIA,0.968235456479524,6,49877.3202057579
rank,2,2,9.45013491751602,Galidictis fasciata,Galidictis_fasciata,MAMMALIA,0,3,4247.07071315497
rank,2,2,9.45013491751602,Geobiastes squamiger,Geobiastes_squamiger,AVES,0.999652519491625,4,10926.8523845822
rank,2,2,9.45013491751602,Geogale aurita,Geogale_aurita,MAMMALIA,1,793,32406.9195967168
rank,2,2,9.45013491751602,Gymnuromys roberti,Gymnuromys_roberti,MAMMALIA,1,169,26582.044476693
rank,2,2,9.45013491751602,Haliaeetus vociferoides,Haliaeetus_vociferoides,AVES,0.0115773784314965,1,5133.49427342415
rank,2,2,9.45013491751602,Hapalemur alaotrensis,Hapalemur_alaotrensis,MAMMALIA,1,126,9465.08867013997
rank,2,2,9.45013491751602,Hapalemur aureus,Hapalemur_aureus,MAMMALIA,0.999999995692329,24,1820.55619611591
rank,2,2,9.45013491751602,Hapalemur griseus,Hapalemur_griseus,MAMMALIA,1,166,96699.6354135356
rank,2,2,9.45013491751602,Hapalemur occidentalis,Hapalemur_occidentalis,MAMMALIA,0.999995100328248,28,1026.71440970898
rank,2,2,9.45013491751602,Hartertula flavoviridis,Hartertula_flavoviridis,AVES,1,45,8110.84596121311
rank,2,2,9.45013491751602,Hartlaubius auratus,Hartlaubius_auratus,AVES,0.999961717244755,9,101353.302431974
rank,2,2,9.45013491751602,Hemicentetes nigriceps,Hemicentetes_nigriceps,MAMMALIA,0.999953127257988,35,2052.96238155258
rank,2,2,9.45013491751602,Hemicentetes semispinosus,Hemicentetes_semispinosus,MAMMALIA,0.999999999999998,81,73116.5770412982
rank,2,2,9.45013491751602,Hypogeomys antimena,Hypogeomys_antimena,MAMMALIA,0.133821965840603,5,104.686912983656
rank,2,2,9.45013491751602,Hypositta corallirostris,Hypositta_corallirostris,AVES,0.99998967264414,10,62421.1263400763
rank,2,2,9.45013491751602,Indri indri,Indri_indri,MAMMALIA,0.999999981093542,19,63643.0066137314
rank,2,2,9.45013491751602,Lemur catta,Lemur_catta,MAMMALIA,1,197,27793.8386316374
rank,2,2,9.45013491751602,Lepidopygia nana,Lepidopygia_nana,AVES,0.997855631019355,42,148197.11715535
rank,2,2,9.45013491751602,Lepilemur ankaranensis,Lepilemur_ankaranensis,MAMMALIA,0.942459903341428,13,361.823311685567
rank,2,2,9.45013491751602,Lepilemur edwardsi,Lepilemur_edwardsi,MAMMALIA,1,56,10363.7149990052
rank,2,2,9.45013491751602,Lepilemur leucopus,Lepilemur_leucopus,MAMMALIA,1,82,22327.6105352938
rank,2,2,9.45013491751602,Lepilemur microdon,Lepilemur_microdon,MAMMALIA,0.999999999997001,34,4773.54297635564
rank,2,2,9.45013491751602,Lepilemur mustelinus,Lepilemur_mustelinus,MAMMALIA,1,248,91477.9168820083
rank,2,2,9.45013491751602,Lepilemur ruficaudatus,Lepilemur_ruficaudatus,MAMMALIA,1,180,18976.0330746854
rank,2,2,9.45013491751602,Leptopterus chabert,Leptopterus_chabert,AVES,0.999994548967365,13,131706.364927679
rank,2,2,9.45013491751602,Lophotibis cristata,Lophotibis_cristata,AVES,0.99984262942438,2,83241.1822643793
rank,2,2,9.45013491751602,Macrotarsomys bastardi,Macrotarsomys_bastardi,MAMMALIA,1,277,8155.32697095466
rank,2,2,9.45013491751602,Margaroperdix madagarensis,Margaroperdix_madagarensis,AVES,0.999977939241802,2,106989.749217793
rank,2,2,9.45013491751602,Mentocrex kioloides,Mentocrex_kioloides,AVES,0.997740032232686,1,33614.9089978039
rank,2,2,9.45013491751602,Mesitornis unicolor,Mesitornis_unicolor,AVES,0,1,89.8278131379858
rank,2,2,9.45013491751602,Mesitornis variegatus,Mesitornis_variegatus,AVES,0.998762356946553,5,2869.24937690049
rank,2,2,9.45013491751602,Microcebus berthae,Microcebus_berthae,MAMMALIA,1.52725555535582e-08,2,17.7781751081347
rank,2,2,9.45013491751602,Microcebus griseorufus,Microcebus_griseorufus,MAMMALIA,0.995769019106108,14,501.433658043884
rank,2,2,9.45013491751602,Microcebus murinus,Microcebus_murinus,MAMMALIA,1,1677,96274.2997015193
rank,2,2,9.45013491751602,Microcebus myoxinus,Microcebus_myoxinus,MAMMALIA,0.999999992654343,102,1124.39007911777
rank,2,2,9.45013491751602,Microcebus ravelobensis,Microcebus_ravelobensis,MAMMALIA,0.778620368188765,15,246.875988043973
rank,2,2,9.45013491751602,Microcebus rufus,Microcebus_rufus,MAMMALIA,1,1374,71562.8807269213
rank,2,2,9.45013491751602,Microcebus tavaratra,Microcebus_tavaratra,MAMMALIA,0.99348955741329,45,767.433245509863
rank,2,2,9.45013491751602,Microgale brevicaudata,Microgale_brevicaudata,MAMMALIA,1,897,32356.3990417048
rank,2,2,9.45013491751602,Microgale cowani,Microgale_cowani,MAMMALIA,1,601,61006.6460892111
rank,2,2,9.45013491751602,Microgale drouhardi,Microgale_drouhardi,MAMMALIA,1,319,26759.1559039139
rank,2,2,9.45013491751602,Microgale dryas,Microgale_dryas,MAMMALIA,0.897201399235259,47,1369.92029440585
rank,2,2,9.45013491751602,Microgale fotsifotsy,Microgale_fotsifotsy,MAMMALIA,1,405,31266.1510378938
rank,2,2,9.45013491751602,Microgale gracilis,Microgale_gracilis,MAMMALIA,0.999999999998795,118,9616.30546971204
rank,2,2,9.45013491751602,Microgale gymnorhyncha,Microgale_gymnorhyncha,MAMMALIA,1,133,19618.6612607025
rank,2,2,9.45013491751602,Microgale longicaudata,Microgale_longicaudata,MAMMALIA,1,1110,63451.3876160458
rank,2,2,9.45013491751602,Microgale mergulus,Microgale_mergulus,MAMMALIA,0.999999999999896,71,5562.61775285862
rank,2,2,9.45013491751602,Microgale parvula,Microgale_parvula,MAMMALIA,0.99999999999996,1304,63553.019548501
rank,2,2,9.45013491751602,Microgale principula,Microgale_principula,MAMMALIA,1,618,50681.0137461647
rank,2,2,9.45013491751602,Microgale pusilla,Microgale_pusilla,MAMMALIA,0.999999999942321,421,19758.3229044303
rank,2,2,9.45013491751602,Microgale soricoides,Microgale_soricoides,MAMMALIA,1,143,27504.4722401568
rank,2,2,9.45013491751602,Microgale taiva,Microgale_taiva,MAMMALIA,1,310,40793.0130242184
rank,2,2,9.45013491751602,Microgale thomasi,Microgale_thomasi,MAMMALIA,1,128,24387.6564728916
rank,2,2,9.45013491751602,Mirza coquereli,Mirza_coquereli,MAMMALIA,0.999997589067307,53,2653.0007427779
rank,2,2,9.45013491751602,Monias benschi,Monias_benschi,AVES,0,1,82.9420458882274
rank,2,2,9.45013491751602,Monticola erythronotus,Monticola_erythronotus,AVES,0.505764981643065,1,97.4973036619822
rank,2,2,9.45013491751602,Monticola sharpei,Monticola_sharpei,AVES,1,16,107571.474178813
rank,2,2,9.45013491751602,Monticolomys koopmani,Monticolomys_koopmani,MAMMALIA,0.132627251095215,6,104.060766987503
rank,2,2,9.45013491751602,Motacilla flaviventris,Motacilla_flaviventris,AVES,1,30,16574.2046620111
rank,2,2,9.45013491751602,Mystacornis crossleyi,Mystacornis_crossleyi,AVES,0.99999999999998,10,47378.6432934275
rank,2,2,9.45013491751602,Neodrepanis coruscans,Neodrepanis_coruscans,AVES,0.99999844652817,15,29587.8503066495
rank,2,2,9.45013491751602,Neodrepanis hypoxantha,Neodrepanis_hypoxantha,AVES,0.0211788111247608,3,88.4296057149768
rank,2,2,9.45013491751602,Neomixis striatigula,Neomixis_striatigula,AVES,0.999999999993337,22,58526.3333717021
rank,2,2,9.45013491751602,Neomixis tenella,Neomixis_tenella,AVES,1,49,96925.1987958551
rank,2,2,9.45013491751602,Neomixis viridis,Neomixis_viridis,AVES,0.9999999999678,25,53761.7566799007
rank,2,2,9.45013491751602,Nesillas lantzii,Nesillas_lantzii,AVES,0.999983000083502,3,2703.9328436479
rank,2,2,9.45013491751602,Nesogale dobsoni,Nesogale_dobsoni,MAMMALIA,1,389,70033.8242255037
rank,2,2,9.45013491751602,Nesogale talazaci,Nesogale_talazaci,MAMMALIA,1,209,64824.5058847293
rank,2,2,9.45013491751602,Nesomys audeberti,Nesomys_audeberti,MAMMALIA,1,111,4404.70734705302
rank,2,2,9.45013491751602,Nesomys lambertoni,Nesomys_lambertoni,MAMMALIA,0.999983982375401,29,958.575495295227
rank,2,2,9.45013491751602,Nesomys rufus,Nesomys_rufus,MAMMALIA,1,219,46847.9528533857
rank,2,2,9.45013491751602,Newtonia amphichroa,Newtonia_amphichroa,AVES,1,15,42698.261514412
rank,2,2,9.45013491751602,Newtonia archboldi,Newtonia_archboldi,AVES,0.999743205924592,10,2057.60292387809
rank,2,2,9.45013491751602,Newtonia brunneicauda,Newtonia_brunneicauda,AVES,0.999999999914732,20,126178.687042706
rank,2,2,9.45013491751602,Newtonia fanovanae,Newtonia_fanovanae,AVES,0.353055283448657,2,98.2207024819943
rank,2,2,9.45013491751602,Oriolia bernieri,Oriolia_bernieri,AVES,0.999997529517201,13,14262.3456658348
rank,2,2,9.45013491751602,Oryzorictes hova,Oryzorictes_hova,MAMMALIA,1,269,65813.8774074465
rank,2,2,9.45013491751602,Oryzorictes tetradactylus,Oryzorictes_tetradactylus,MAMMALIA,1,156,10679.6941095874
rank,2,2,9.45013491751602,Otus rutilus,Otus_rutilus,AVES,0.999999878874477,4,110484.57544063
rank,2,2,9.45013491751602,Oxylabes madagascariensis,Oxylabes_madagascariensis,AVES,0.999999999999997,14,53797.4600117952
rank,2,2,9.45013491751602,Phaner electromontis,Phaner_electromontis,MAMMALIA,1.1181189119025e-07,1,17.4337788633315
rank,2,2,9.45013491751602,Phaner furcifer,Phaner_furcifer,MAMMALIA,0.887905466959644,58,892.662774423171
rank,2,2,9.45013491751602,Phaner pallescens,Phaner_pallescens,MAMMALIA,0.999999999997009,57,3504.14815962315
rank,2,2,9.45013491751602,Phaner parienti,Phaner_parienti,MAMMALIA,0.00280017666108967,1,24.4501852478648
rank,2,2,9.45013491751602,Philepitta castanea,Philepitta_castanea,AVES,0.983828875308504,4,38514.9864790067
rank,2,2,9.45013491751602,Philepitta schlegeli,Philepitta_schlegeli,AVES,0.988278027030843,14,4281.37986122647
rank,2,2,9.45013491751602,Ploceus nelicourvi,Ploceus_nelicourvi,AVES,0.999999997506266,9,62223.3888105825
rank,2,2,9.45013491751602,Ploceus sakalava,Ploceus_sakalava,AVES,0.999999997822843,20,43725.5666605309
rank,2,2,9.45013491751602,Polyboroides radiatus,Polyboroides_radiatus,AVES,0.998701508566688,1,116558.355796626
rank,2,2,9.45013491751602,Pseudobias wardi,Pseudobias_wardi,AVES,0.999999999999996,19,41782.4877384977
rank,2,2,9.45013491751602,Pterocles personatus,Pterocles_personatus,AVES,0.940123497880854,5,7087.00341547594
rank,2,2,9.45013491751602,Rallus madagascariensis,Rallus_madagascariensis,AVES,0.99999943192331,5,14553.1150311188
rank,2,2,9.45013491751602,Randia pseudozosterops,Randia_pseudozosterops,AVES,0.999998918455767,6,46623.6514281759
rank,2,2,9.45013491751602,Sarothrura insularis,Sarothrura_insularis,AVES,0.999969331832789,7,76828.9906830713
rank,2,2,9.45013491751602,Schetba rufa,Schetba_rufa,AVES,1,21,29947.5950417519
rank,2,2,9.45013491751602,Setifer setosus,Setifer_setosus,MAMMALIA,1,199,121111.065208167
rank,2,2,9.45013491751602,Tenrec ecaudatus,Tenrec_ecaudatus,MAMMALIA,1,72,128640.831478626
rank,2,2,9.45013491751602,Thamnornis chloropetoides,Thamnornis_chloropetoides,AVES,0.999977507869225,5,3407.17432130128
rank,2,2,9.45013491751602,Treron australis,Treron_australis,AVES,0.996878610086738,1,118653.161651231
rank,2,2,9.45013491751602,Turnix nigricollis,Turnix_nigricollis,AVES,0.999945989506843,2,133013.79927244
rank,2,2,9.45013491751602,Tylas eduardi,Tylas_eduardi,AVES,0.999999989078909,6,60568.4654988125
rank,2,2,9.45013491751602,Vanga curvirostris,Vanga_curvirostris,AVES,0.999962847526698,8,131550.094107245
rank,2,2,9.45013491751602,Varecia rubra,Varecia_rubra,MAMMALIA,1,45,74403.8078292148
rank,2,2,9.45013491751602,Varecia variegata,Varecia_variegata,MAMMALIA,0.999999999999925,38,73377.7297182032
rank,2,2,9.45013491751602,Xanthomixis apperti,Xanthomixis_apperti,AVES,0.441311210122258,1,68.4073899760842
rank,2,2,9.45013491751602,Xanthomixis cinereiceps,Xanthomixis_cinereiceps,AVES,1,21,17538.7244135588
rank,2,2,9.45013491751602,Xanthomixis zosterops,Xanthomixis_zosterops,AVES,0.999999999980665,15,63284.7241766602
rank,2,2,9.45013491751602,Xenopirostris damii,Xenopirostris_damii,AVES,0.00179910766481406,1,93.5023440420628
rank,2,2,9.45013491751602,Xenopirostris polleni,Xenopirostris_polleni,AVES,0.999999970589095,10,17756.9551348298
rank,2,2,9.45013491751602,Xenopirostris xenopirostris,Xenopirostris_xenopirostris,AVES,0.96505807541122,1,1102.55740338564
rank,3,3,14.1409219785651,Accipiter henstii,Accipiter_henstii,AVES,0.763716442797269,1,80471.6172925699
rank,3,3,14.1409219785651,Accipiter madagascariensis,Accipiter_madagascariensis,AVES,0.927632257554902,1,100222.330832288
rank,3,3,14.1409219785651,Acrocephalus newtoni,Acrocephalus_newtoni,AVES,0.999999999999998,17,114250.085752582
rank,3,3,14.1409219785651,Alectroenas madagascariensis,Alectroenas_madagascariensis,AVES,0.998523007954836,6,68582.771467758
rank,3,3,14.1409219785651,Allocebus trichotis,Allocebus_trichotis,MAMMALIA,0.00783473494650444,3,72.1001097112894
rank,3,3,14.1409219785651,Anas bernieri,Anas_bernieri,AVES,0,1,161.555721102021
rank,3,3,14.1409219785651,Apus balstoni,Apus_balstoni,AVES,0.999999952397604,5,96164.7456057504
rank,3,3,14.1409219785651,Artamella viridis,Artamella_viridis,AVES,0.999987609389636,9,111126.840826271
rank,3,3,14.1409219785651,Asio madagascariensis,Asio_madagascariensis,AVES,0.876305539800166,2,69935.9320015383
rank,3,3,14.1409219785651,Atelornis crossleyi,Atelornis_crossleyi,AVES,0.999998758967357,7,11572.6222161697
rank,3,3,14.1409219785651,Atelornis pittoides,Atelornis_pittoides,AVES,0.999744901881376,3,42609.923802428
rank,3,3,14.1409219785651,Athene superciliaris,Athene_superciliaris,AVES,0.999597333167162,1,74984.9450665414
rank,3,3,14.1409219785651,Avahi laniger,Avahi_laniger,MAMMALIA,1,110,38235.6225446314
rank,3,3,14.1409219785651,Avahi occidentalis,Avahi_occidentalis,MAMMALIA,0.996177513156648,4,630.900925964117
rank,3,3,14.1409219785651,Aviceda madagascariensis,Aviceda_madagascariensis,AVES,0.975648149133923,1,101024.096185699
rank,3,3,14.1409219785651,Bernieria madagascariensis,Bernieria_madagascariensis,AVES,0.999999999588938,16,98631.4270995394
rank,3,3,14.1409219785651,Brachypteracias leptosomus,Brachypteracias_leptosomus,AVES,0.999771336917406,1,37031.6513739303
rank,3,3,14.1409219785651,Brachytarsomys albicauda,Brachytarsomys_albicauda,MAMMALIA,0.999999991596676,50,1815.17485363856
rank,3,3,14.1409219785651,Brachyuromys betsileoensis,Brachyuromys_betsileoensis,MAMMALIA,1,117,14283.8253540918
rank,3,3,14.1409219785651,Brachyuromys ramirohitra,Brachyuromys_ramirohitra,MAMMALIA,0.65541484639138,2,90.5857082977891
rank,3,3,14.1409219785651,Bradypterus brunneus,Bradypterus_brunneus,AVES,1,38,12772.3634521564
rank,3,3,14.1409219785651,Bradypterus seebohmi,Bradypterus_seebohmi,AVES,0.452718231585579,1,71.7493425011635
rank,3,3,14.1409219785651,Buteo brachypterus,Buteo_brachypterus,AVES,0.863462077333105,1,108360.773740329
rank,3,3,14.1409219785651,Calicalicus madagascariensis,Calicalicus_madagascariensis,AVES,0.999999999999998,23,100035.089058444
rank,3,3,14.1409219785651,Cheirogaleus crossleyi,Cheirogaleus_crossleyi,MAMMALIA,1,92,5731.87398069368
rank,3,3,14.1409219785651,Cheirogaleus major,Cheirogaleus_major,MAMMALIA,1,266,72395.6660551243
rank,3,3,14.1409219785651,Cheirogaleus medius,Cheirogaleus_medius,MAMMALIA,1,1480,60260.3873822693
rank,3,3,14.1409219785651,Cinnyris notatus,Cinnyris_notatus,AVES,0.999999999919693,30,111369.34074951
rank,3,3,14.1409219785651,Copsychus albospecularis,Copsychus_albospecularis,AVES,0.99999538545403,6,58993.0503147972
rank,3,3,14.1409219785651,Coracopsis nigra,Coracopsis_nigra,AVES,0.995957763788293,3,111944.835781382
rank,3,3,14.1409219785651,Corythornis madagascariensis,Corythornis_madagascariensis,AVES,0.8943586269904,5,91306.4549677316
rank,3,3,14.1409219785651,Coua caerulea,Coua_caerulea,AVES,0.999923263647349,6,43249.8599653122
rank,3,3,14.1409219785651,Coua coquereli,Coua_coquereli,AVES,0.99993328833892,1,30787.9570640028
rank,3,3,14.1409219785651,Coua cristata,Coua_cristata,AVES,0.999993451653937,4,82354.6041961685
rank,3,3,14.1409219785651,Coua cursor,Coua_cursor,AVES,0.999730505557591,1,18320.0165410116
rank,3,3,14.1409219785651,Coua gigas,Coua_gigas,AVES,0.999875305072274,1,31500.2944987118
rank,3,3,14.1409219785651,Coua reynaudii,Coua_reynaudii,AVES,0.999893536910276,4,36912.0383724868
rank,3,3,14.1409219785651,Coua ruficeps,Coua_ruficeps,AVES,0.959346120072314,3,1327.46846918499
rank,3,3,14.1409219785651,Coua serriana,Coua_serriana,AVES,0.991471316214562,1,32261.1250374622
rank,3,3,14.1409219785651,Crossleyia xanthophrys,Crossleyia_xanthophrys,AVES,1,45,4117.99735637009
rank,3,3,14.1409219785651,Cryptoprocta ferox,Cryptoprocta_ferox,MAMMALIA,0.0704722846506335,4,37156.871448586
rank,3,3,14.1409219785651,Cryptosylvicola randrianasoloi,Cryptosylvicola_randrianasoloi,AVES,1,39,5909.73896991462
rank,3,3,14.1409219785651,Cyanolanius madagascarinus,Cyanolanius_madagascarinus,AVES,0.999999980426978,13,108186.538314503
rank,3,3,14.1409219785651,Daubentonia madagascariensis,Daubentonia_madagascariensis,MAMMALIA,1,66,38305.581937708
rank,3,3,14.1409219785651,Echinops telfairi,Echinops_telfairi,MAMMALIA,1,459,58033.1019729227
rank,3,3,14.1409219785651,Eliurus antsingy,Eliurus_antsingy,MAMMALIA,0.0133748649300235,5,69.4813072830439
rank,3,3,14.1409219785651,Eliurus grandidieri,Eliurus_grandidieri,MAMMALIA,0.999641415738649,27,917.641006159482
rank,3,3,14.1409219785651,Eliurus majori,Eliurus_majori,MAMMALIA,1,342,45213.4814701751
rank,3,3,14.1409219785651,Eliurus minor,Eliurus_minor,MAMMALIA,1,1614,74240.5779728302
rank,3,3,14.1409219785651,Eliurus myoxinus,Eliurus_myoxinus,MAMMALIA,1,1268,87732.5790189281
rank,3,3,14.1409219785651,Eliurus tanala,Eliurus_tanala,MAMMALIA,1,436,48408.0084450994
rank,3,3,14.1409219785651,Eliurus webbi,Eliurus_webbi,MAMMALIA,1,517,63506.022708647
rank,3,3,14.1409219785651,Eremopterix hova,Eremopterix_hova,AVES,0.999999862347248,22,4111.79749785364
rank,3,3,14.1409219785651,Eulemur albifrons,Eulemur_albifrons,MAMMALIA,1,45,21009.3072706391
rank,3,3,14.1409219785651,Eulemur cinereiceps,Eulemur_cinereiceps,MAMMALIA,1,131,102705.710845106
rank,3,3,14.1409219785651,Eulemur collaris,Eulemur_collaris,MAMMALIA,1,106,101182.287643699
rank,3,3,14.1409219785651,Eulemur coronatus,Eulemur_coronatus,MAMMALIA,1,168,30500.1005535688
rank,3,3,14.1409219785651,Eulemur flavifrons,Eulemur_flavifrons,MAMMALIA,0.000213248908682684,1,25.074716512655
rank,3,3,14.1409219785651,Eulemur fulvus,Eulemur_fulvus,MAMMALIA,1,108,103143.770814428
rank,3,3,14.1409219785651,Eulemur macaco,Eulemur_macaco,MAMMALIA,1,41,39121.1016992789
rank,3,3,14.1409219785651,Eulemur mongoz,Eulemur_mongoz,MAMMALIA,0.99999995289805,33,2266.66703993082
rank,3,3,14.1409219785651,Eulemur rubriventer,Eulemur_rubriventer,MAMMALIA,1,211,84420.8176987232
rank,3,3,14.1409219785651,Eulemur rufus,Eulemur_rufus,MAMMALIA,1,166,51943.3899848017
rank,3,3,14.1409219785651,Eulemur sanfordi,Eulemur_sanfordi,MAMMALIA,1,160,103076.296645247
rank,3,3,14.1409219785651,Euryceros prevostii,Euryceros_prevostii,AVES,0.999000955070916,3,2839.0629478842
rank,3,3,14.1409219785651,Falco zoniventris,Falco_zoniventris,AVES,0.930230195317221,1,70571.3526541889
rank,3,3,14.1409219785651,Falculea palliata,Falculea_palliata,AVES,0.999999999998157,7,30858.8391554952
rank,3,3,14.1409219785651,Fossa fossana,Fossa_fossana,MAMMALIA,0.978483142936644,2,48599.4609659314
rank,3,3,14.1409219785651,Foudia madagascariensis,Foudia_madagascariensis,AVES,0.999999454435583,22,140927.001051001
rank,3,3,14.1409219785651,Foudia omissa,Foudia_omissa,AVES,0.999999999964097,15,51660.7526351065
rank,3,3,14.1409219785651,Gactornis enarratus,Gactornis_enarratus,AVES,0.999999514554395,5,49094.8953740671
rank,3,3,14.1409219785651,Galidia elegans,Galidia_elegans,MAMMALIA,0.968235456479524,6,49877.3202057579
rank,3,3,14.1409219785651,Galidictis fasciata,Galidictis_fasciata,MAMMALIA,0,3,4247.07071315497
rank,3,3,14.1409219785651,Geobiastes squamiger,Geobiastes_squamiger,AVES,0.999652519491625,4,10926.8523845822
rank,3,3,14.1409219785651,Geogale aurita,Geogale_aurita,MAMMALIA,1,788,32353.7030661851
rank,3,3,14.1409219785651,Gymnuromys roberti,Gymnuromys_roberti,MAMMALIA,1,169,26566.2088348657
rank,3,3,14.1409219785651,Haliaeetus vociferoides,Haliaeetus_vociferoides,AVES,0.0115773784314965,1,5133.49427342415
rank,3,3,14.1409219785651,Hapalemur alaotrensis,Hapalemur_alaotrensis,MAMMALIA,1,113,7893.30851788636
rank,3,3,14.1409219785651,Hapalemur aureus,Hapalemur_aureus,MAMMALIA,0.999999995692329,24,1820.55619611591
rank,3,3,14.1409219785651,Hapalemur griseus,Hapalemur_griseus,MAMMALIA,1,162,96381.2944141762
rank,3,3,14.1409219785651,Hapalemur occidentalis,Hapalemur_occidentalis,MAMMALIA,0.999995100328248,28,1026.71440970898
rank,3,3,14.1409219785651,Hartertula flavoviridis,Hartertula_flavoviridis,AVES,1,45,8110.84596121311
rank,3,3,14.1409219785651,Hartlaubius auratus,Hartlaubius_auratus,AVES,0.999961058645003,9,100772.032740392
rank,3,3,14.1409219785651,Hemicentetes nigriceps,Hemicentetes_nigriceps,MAMMALIA,0.999953127257988,35,2052.96238155258
rank,3,3,14.1409219785651,Hemicentetes semispinosus,Hemicentetes_semispinosus,MAMMALIA,0.999999999999999,84,73034.6424418092
rank,3,3,14.1409219785651,Hypogeomys antimena,Hypogeomys_antimena,MAMMALIA,0.133821965840603,5,104.686912983656
rank,3,3,14.1409219785651,Hypositta corallirostris,Hypositta_corallirostris,AVES,0.999989016081753,10,62383.9341433719
rank,3,3,14.1409219785651,Indri indri,Indri_indri,MAMMALIA,0.999999979858043,19,63629.5560855195
rank,3,3,14.1409219785651,Lemur catta,Lemur_catta,MAMMALIA,1,217,27236.067304723
rank,3,3,14.1409219785651,Lepidopygia nana,Lepidopygia_nana,AVES,0.997927969264018,48,141650.613429988
rank,3,3,14.1409219785651,Lepilemur ankaranensis,Lepilemur_ankaranensis,MAMMALIA,0.942459903341428,13,361.823311685567
rank,3,3,14.1409219785651,Lepilemur edwardsi,Lepilemur_edwardsi,MAMMALIA,1,57,10330.0693368018
rank,3,3,14.1409219785651,Lepilemur leucopus,Lepilemur_leucopus,MAMMALIA,1,84,22047.3514748141
rank,3,3,14.1409219785651,Lepilemur microdon,Lepilemur_microdon,MAMMALIA,0.999999999997001,34,4773.54297635564
rank,3,3,14.1409219785651,Lepilemur mustelinus,Lepilemur_mustelinus,MAMMALIA,1,255,90927.8706642389
rank,3,3,14.1409219785651,Lepilemur ruficaudatus,Lepilemur_ruficaudatus,MAMMALIA,1,181,18681.9474526335
rank,3,3,14.1409219785651,Leptopterus chabert,Leptopterus_chabert,AVES,0.999993326185145,14,127760.505732335
rank,3,3,14.1409219785651,Lophotibis cristata,Lophotibis_cristata,AVES,0.99984262942438,2,83241.1822643793
rank,3,3,14.1409219785651,Macrotarsomys bastardi,Macrotarsomys_bastardi,MAMMALIA,1,276,8150.67382432673
rank,3,3,14.1409219785651,Margaroperdix madagarensis,Margaroperdix_madagarensis,AVES,0.999977044870878,2,104409.822499782
rank,3,3,14.1409219785651,Mentocrex kioloides,Mentocrex_kioloides,AVES,0.997737361443006,1,33587.9890792891
rank,3,3,14.1409219785651,Mesitornis unicolor,Mesitornis_unicolor,AVES,0,1,89.8278131379858
rank,3,3,14.1409219785651,Mesitornis variegatus,Mesitornis_variegatus,AVES,0.998762356946553,5,2869.24937690049
rank,3,3,14.1409219785651,Microcebus berthae,Microcebus_berthae,MAMMALIA,1.52725555535582e-08,2,17.7781751081347
rank,3,3,14.1409219785651,Microcebus griseorufus,Microcebus_griseorufus,MAMMALIA,0.995769019106108,14,501.433658043884
rank,3,3,14.1409219785651,Microcebus murinus,Microcebus_murinus,MAMMALIA,1,1649,95189.6841435432
rank,3,3,14.1409219785651,Microcebus myoxinus,Microcebus_myoxinus,MAMMALIA,0.999999992654343,102,1124.39007911777
rank,3,3,14.1409219785651,Microcebus ravelobensis,Microcebus_ravelobensis,MAMMALIA,0.778620368188765,15,246.875988043973
rank,3,3,14.1409219785651,Microcebus rufus,Microcebus_rufus,MAMMALIA,1,1345,70763.7282949133
rank,3,3,14.1409219785651,Microcebus tavaratra,Microcebus_tavaratra,MAMMALIA,0.99348955741329,45,767.433245509863
rank,3,3,14.1409219785651,Microgale brevicaudata,Microgale_brevicaudata,MAMMALIA,1,892,32305.3949859589
rank,3,3,14.1409219785651,Microgale cowani,Microgale_cowani,MAMMALIA,1,594,60665.0580697134
rank,3,3,14.1409219785651,Microgale drouhardi,Microgale_drouhardi,MAMMALIA,1,320,26754.3040368019
rank,3,3,14.1409219785651,Microgale dryas,Microgale_dryas,MAMMALIA,0.897201399235259,47,1369.92029440585
rank,3,3,14.1409219785651,Microgale fotsifotsy,Microgale_fotsifotsy,MAMMALIA,1,405,31240.4879858009
rank,3,3,14.1409219785651,Microgale gracilis,Microgale_gracilis,MAMMALIA,0.999999999998795,118,9616.30546971204
rank,3,3,14.1409219785651,Microgale gymnorhyncha,Microgale_gymnorhyncha,MAMMALIA,1,134,19602.1303664179
rank,3,3,14.1409219785651,Microgale longicaudata,Microgale_longicaudata,MAMMALIA,1,1108,63365.1778630242
rank,3,3,14.1409219785651,Microgale mergulus,Microgale_mergulus,MAMMALIA,0.999999999999896,71,5562.61775285862
rank,3,3,14.1409219785651,Microgale parvula,Microgale_parvula,MAMMALIA,0.999999999999959,1294,63463.6106099739
rank,3,3,14.1409219785651,Microgale principula,Microgale_principula,MAMMALIA,1,619,50636.8797610775
rank,3,3,14.1409219785651,Microgale pusilla,Microgale_pusilla,MAMMALIA,0.999999999936841,417,19694.9775258973
rank,3,3,14.1409219785651,Microgale soricoides,Microgale_soricoides,MAMMALIA,1,142,27475.5901355859
rank,3,3,14.1409219785651,Microgale taiva,Microgale_taiva,MAMMALIA,1,310,40786.7806564346
rank,3,3,14.1409219785651,Microgale thomasi,Microgale_thomasi,MAMMALIA,1,128,24386.6537098214
rank,3,3,14.1409219785651,Mirza coquereli,Mirza_coquereli,MAMMALIA,0.999997589067307,53,2653.0007427779
rank,3,3,14.1409219785651,Monias benschi,Monias_benschi,AVES,0,1,82.9420458882274
rank,3,3,14.1409219785651,Monticola erythronotus,Monticola_erythronotus,AVES,0.505764981643065,1,97.4973036619822
rank,3,3,14.1409219785651,Monticola sharpei,Monticola_sharpei,AVES,1,21,103566.796738371
rank,3,3,14.1409219785651,Monticolomys koopmani,Monticolomys_koopmani,MAMMALIA,0.132627251095215,6,104.060766987503
rank,3,3,14.1409219785651,Motacilla flaviventris,Motacilla_flaviventris,AVES,1,39,13171.9380682949
rank,3,3,14.1409219785651,Mystacornis crossleyi,Mystacornis_crossleyi,AVES,0.99999999999998,10,47378.6432934275
rank,3,3,14.1409219785651,Neodrepanis coruscans,Neodrepanis_coruscans,AVES,0.999998443581296,15,29567.2031086983
rank,3,3,14.1409219785651,Neodrepanis hypoxantha,Neodrepanis_hypoxantha,AVES,0.0211788111247608,3,88.4296057149768
rank,3,3,14.1409219785651,Neomixis striatigula,Neomixis_striatigula,AVES,0.999999999992973,21,58486.5518759272
rank,3,3,14.1409219785651,Neomixis tenella,Neomixis_tenella,AVES,1,51,94677.2640507221
rank,3,3,14.1409219785651,Neomixis viridis,Neomixis_viridis,AVES,0.999999999967121,24,53733.9891596811
rank,3,3,14.1409219785651,Nesillas lantzii,Nesillas_lantzii,AVES,0.999983000083502,3,2703.9328436479
rank,3,3,14.1409219785651,Nesogale dobsoni,Nesogale_dobsoni,MAMMALIA,1,390,69648.4445552402
rank,3,3,14.1409219785651,Nesogale talazaci,Nesogale_talazaci,MAMMALIA,1,209,64807.2919255048
rank,3,3,14.1409219785651,Nesomys audeberti,Nesomys_audeberti,MAMMALIA,1,111,4404.70734705302
rank,3,3,14.1409219785651,Nesomys lambertoni,Nesomys_lambertoni,MAMMALIA,0.999983982375401,29,958.575495295227
rank,3,3,14.1409219785651,Nesomys rufus,Nesomys_rufus,MAMMALIA,1,228,46729.6777233747
rank,3,3,14.1409219785651,Newtonia amphichroa,Newtonia_amphichroa,AVES,1,15,42665.3624243276
rank,3,3,14.1409219785651,Newtonia archboldi,Newtonia_archboldi,AVES,0.999743205924592,10,2057.60292387809
rank,3,3,14.1409219785651,Newtonia brunneicauda,Newtonia_brunneicauda,AVES,0.999999999999997,25,125016.55768352
rank,3,3,14.1409219785651,Newtonia fanovanae,Newtonia_fanovanae,AVES,0.353055283448657,2,98.2207024819943
rank,3,3,14.1409219785651,Oriolia bernieri,Oriolia_bernieri,AVES,0.999997529517201,13,14262.3456658348
rank,3,3,14.1409219785651,Oryzorictes hova,Oryzorictes_hova,MAMMALIA,1,271,65232.5087503493
rank,3,3,14.1409219785651,Oryzorictes tetradactylus,Oryzorictes_tetradactylus,MAMMALIA,1,156,10665.8901444746
rank,3,3,14.1409219785651,Otus rutilus,Otus_rutilus,AVES,0.999999865975542,4,108185.610582709
rank,3,3,14.1409219785651,Oxylabes madagascariensis,Oxylabes_madagascariensis,AVES,0.999999999999997,14,53789.0320751146
rank,3,3,14.1409219785651,Phaner electromontis,Phaner_electromontis,MAMMALIA,1.1181189119025e-07,1,17.4337788633315
rank,3,3,14.1409219785651,Phaner furcifer,Phaner_furcifer,MAMMALIA,0.887905466959644,58,892.662774423171
rank,3,3,14.1409219785651,Phaner pallescens,Phaner_pallescens,MAMMALIA,0.999999999997009,57,3504.14815962315
rank,3,3,14.1409219785651,Phaner parienti,Phaner_parienti,MAMMALIA,0.00280017666108967,1,24.4501852478648
rank,3,3,14.1409219785651,Philepitta castanea,Philepitta_castanea,AVES,0.983823209576233,4,38498.6995835528
rank,3,3,14.1409219785651,Philepitta schlegeli,Philepitta_schlegeli,AVES,0.988278027030843,14,4281.37986122647
rank,3,3,14.1409219785651,Ploceus nelicourvi,Ploceus_nelicourvi,AVES,0.999999999051766,10,62213.3875412271
rank,3,3,14.1409219785651,Ploceus sakalava,Ploceus_sakalava,AVES,0.999999999334957,22,41608.1815983132
rank,3,3,14.1409219785651,Polyboroides radiatus,Polyboroides_radiatus,AVES,0.99856602021251,1,109809.70354727
rank,3,3,14.1409219785651,Pseudobias wardi,Pseudobias_wardi,AVES,0.999999999999996,19,41782.4877384977
rank,3,3,14.1409219785651,Pterocles personatus,Pterocles_personatus,AVES,0.928367627853195,6,6562.74247091211
rank,3,3,14.1409219785651,Rallus madagascariensis,Rallus_madagascariensis,AVES,0.999999419518778,5,14520.8211486413
rank,3,3,14.1409219785651,Randia pseudozosterops,Randia_pseudozosterops,AVES,0.999998917343783,6,46595.1801405265
rank,3,3,14.1409219785651,Sarothrura insularis,Sarothrura_insularis,AVES,0.999967408437459,6,75763.3877124935
rank,3,3,14.1409219785651,Schetba rufa,Schetba_rufa,AVES,0.999999999999999,22,29905.6468442529
rank,3,3,14.1409219785651,Setifer setosus,Setifer_setosus,MAMMALIA,1,197,120496.199742839
rank,3,3,14.1409219785651,Tenrec ecaudatus,Tenrec_ecaudatus,MAMMALIA,1,69,124484.768786542
rank,3,3,14.1409219785651,Thamnornis chloropetoides,Thamnornis_chloropetoides,AVES,0.999977507869225,5,3407.17432130128
rank,3,3,14.1409219785651,Treron australis,Treron_australis,AVES,0.996755497532616,1,114628.835093319
rank,3,3,14.1409219785651,Turnix nigricollis,Turnix_nigricollis,AVES,0.999942308324168,2,127727.398978762
rank,3,3,14.1409219785651,Tylas eduardi,Tylas_eduardi,AVES,0.999999989001864,6,60498.4166281819
rank,3,3,14.1409219785651,Vanga curvirostris,Vanga_curvirostris,AVES,0.999945003213054,8,127604.533781833
rank,3,3,14.1409219785651,Varecia rubra,Varecia_rubra,MAMMALIA,1,43,74325.5069108135
rank,3,3,14.1409219785651,Varecia variegata,Varecia_variegata,MAMMALIA,0.999999999999924,38,73363.2886427632
rank,3,3,14.1409219785651,Xanthomixis apperti,Xanthomixis_apperti,AVES,0.441311210122258,1,68.4073899760842
rank,3,3,14.1409219785651,Xanthomixis cinereiceps,Xanthomixis_cinereiceps,AVES,1,21,17538.2749733105
rank,3,3,14.1409219785651,Xanthomixis zosterops,Xanthomixis_zosterops,AVES,0.999999999978045,15,63228.467068769
rank,3,3,14.1409219785651,Xenopirostris damii,Xenopirostris_damii,AVES,0.00179910766481406,1,93.5023440420628
rank,3,3,14.1409219785651,Xenopirostris polleni,Xenopirostris_polleni,AVES,0.999999970589095,10,17756.9551348298
rank,3,3,14.1409219785651,Xenopirostris xenopirostris,Xenopirostris_xenopirostris,AVES,0.96505807541122,1,1102.55740338564
rank,4,4,18.8353199706999,Accipiter henstii,Accipiter_henstii,AVES,0.762052704725594,1,79763.7915375465
rank,4,4,18.8353199706999,Accipiter madagascariensis,Accipiter_madagascariensis,AVES,0.927391665591375,1,99891.3360265046
rank,4,4,18.8353199706999,Acrocephalus newtoni,Acrocephalus_newtoni,AVES,0.999999999999991,13,111270.159544564
rank,4,4,18.8353199706999,Alectroenas madagascariensis,Alectroenas_madagascariensis,AVES,0.998515652088394,6,68305.9492633228
rank,4,4,18.8353199706999,Allocebus trichotis,Allocebus_trichotis,MAMMALIA,0.00783473494650444,3,72.1001097112894
rank,4,4,18.8353199706999,Anas bernieri,Anas_bernieri,AVES,0,1,161.555721102021
rank,4,4,18.8353199706999,Apus balstoni,Apus_balstoni,AVES,0.999999947831258,6,95606.623206408
rank,4,4,18.8353199706999,Artamella viridis,Artamella_viridis,AVES,0.999999999912287,10,108457.814731677
rank,4,4,18.8353199706999,Asio madagascariensis,Asio_madagascariensis,AVES,0.874740900214054,2,69289.9767136327
rank,4,4,18.8353199706999,Atelornis crossleyi,Atelornis_crossleyi,AVES,0.999998758967357,7,11572.6222161697
rank,4,4,18.8353199706999,Atelornis pittoides,Atelornis_pittoides,AVES,0.999744083280449,3,42531.6671346426
rank,4,4,18.8353199706999,Athene superciliaris,Athene_superciliaris,AVES,0.999594036043572,1,74602.2257980183
rank,4,4,18.8353199706999,Avahi laniger,Avahi_laniger,MAMMALIA,1,110,38208.1810116172
rank,4,4,18.8353199706999,Avahi occidentalis,Avahi_occidentalis,MAMMALIA,0.996177513156648,4,630.900925964117
rank,4,4,18.8353199706999,Aviceda madagascariensis,Aviceda_madagascariensis,AVES,0.974686448332329,1,97981.8849798888
rank,4,4,18.8353199706999,Bernieria madagascariensis,Bernieria_madagascariensis,AVES,0.999999999051335,17,98015.8450011294
rank,4,4,18.8353199706999,Brachypteracias leptosomus,Brachypteracias_leptosomus,AVES,0.999771336917406,1,37031.6513739303
rank,4,4,18.8353199706999,Brachytarsomys albicauda,Brachytarsomys_albicauda,MAMMALIA,0.999999991596676,50,1815.17485363856
rank,4,4,18.8353199706999,Brachyuromys betsileoensis,Brachyuromys_betsileoensis,MAMMALIA,1,121,14071.9315342978
rank,4,4,18.8353199706999,Brachyuromys ramirohitra,Brachyuromys_ramirohitra,MAMMALIA,0.65541484639138,2,90.5857082977891
rank,4,4,18.8353199706999,Bradypterus brunneus,Bradypterus_brunneus,AVES,1,38,12772.1787142241
rank,4,4,18.8353199706999,Bradypterus seebohmi,Bradypterus_seebohmi,AVES,0.452718231585579,1,71.7493425011635
rank,4,4,18.8353199706999,Buteo brachypterus,Buteo_brachypterus,AVES,0.859238238172514,1,104676.379287682
rank,4,4,18.8353199706999,Calicalicus madagascariensis,Calicalicus_madagascariensis,AVES,0.999999999999996,21,99048.3683544706
rank,4,4,18.8353199706999,Cheirogaleus crossleyi,Cheirogaleus_crossleyi,MAMMALIA,1,92,5731.87398069368
rank,4,4,18.8353199706999,Cheirogaleus major,Cheirogaleus_major,MAMMALIA,1,257,72076.5362435877
rank,4,4,18.8353199706999,Cheirogaleus medius,Cheirogaleus_medius,MAMMALIA,1,1434,58713.3224996718
rank,4,4,18.8353199706999,Cinnyris notatus,Cinnyris_notatus,AVES,0.999999999999677,34,108640.649709902
rank,4,4,18.8353199706999,Copsychus albospecularis,Copsychus_albospecularis,AVES,0.99999534391231,5,58713.8347538131
rank,4,4,18.8353199706999,Coracopsis nigra,Coracopsis_nigra,AVES,0.995923763856194,3,111094.451903472
rank,4,4,18.8353199706999,Corythornis madagascariensis,Corythornis_madagascariensis,AVES,0.894070902152467,6,91066.4926042634
rank,4,4,18.8353199706999,Coua caerulea,Coua_caerulea,AVES,0.999923204832593,6,43235.6836231477
rank,4,4,18.8353199706999,Coua coquereli,Coua_coquereli,AVES,0.999930952990281,1,30251.3710010275
rank,4,4,18.8353199706999,Coua cristata,Coua_cristata,AVES,0.999998853043988,5,82136.5327684358
rank,4,4,18.8353199706999,Coua cursor,Coua_cursor,AVES,0.999725099815322,1,18142.6644572616
rank,4,4,18.8353199706999,Coua gigas,Coua_gigas,AVES,0.999874264977126,1,31376.0831713378
rank,4,4,18.8353199706999,Coua reynaudii,Coua_reynaudii,AVES,0.999893434806048,4,36909.706717588
rank,4,4,18.8353199706999,Coua ruficeps,Coua_ruficeps,AVES,0.959346120072314,3,1327.46846918499
rank,4,4,18.8353199706999,Coua serriana,Coua_serriana,AVES,0.991471316214562,1,32261.1250374622
rank,4,4,18.8353199706999,Crossleyia xanthophrys,Crossleyia_xanthophrys,AVES,1,45,4117.99735637009
rank,4,4,18.8353199706999,Cryptoprocta ferox,Cryptoprocta_ferox,MAMMALIA,0.0704722846506335,4,37156.871448586
rank,4,4,18.8353199706999,Cryptosylvicola randrianasoloi,Cryptosylvicola_randrianasoloi,AVES,1,39,5903.33696340025
rank,4,4,18.8353199706999,Cyanolanius madagascarinus,Cyanolanius_madagascarinus,AVES,0.999999999990388,15,105959.978075176
rank,4,4,18.8353199706999,Daubentonia madagascariensis,Daubentonia_madagascariensis,MAMMALIA,1,66,38141.6618223414
rank,4,4,18.8353199706999,Echinops telfairi,Echinops_telfairi,MAMMALIA,1,451,56961.0989064649
rank,4,4,18.8353199706999,Eliurus antsingy,Eliurus_antsingy,MAMMALIA,0.0133748649300235,5,69.4813072830439
rank,4,4,18.8353199706999,Eliurus grandidieri,Eliurus_grandidieri,MAMMALIA,0.999641415738649,27,917.641006159482
rank,4,4,18.8353199706999,Eliurus majori,Eliurus_majori,MAMMALIA,1,340,45033.9293819815
rank,4,4,18.8353199706999,Eliurus minor,Eliurus_minor,MAMMALIA,1,1624,74127.71842965
rank,4,4,18.8353199706999,Eliurus myoxinus,Eliurus_myoxinus,MAMMALIA,1,1249,86619.4749492705
rank,4,4,18.8353199706999,Eliurus tanala,Eliurus_tanala,MAMMALIA,1,439,48242.6228643631
rank,4,4,18.8353199706999,Eliurus webbi,Eliurus_webbi,MAMMALIA,1,527,63363.9306128323
rank,4,4,18.8353199706999,Eremopterix hova,Eremopterix_hova,AVES,0.999999862347248,22,4111.79749785364
rank,4,4,18.8353199706999,Eulemur albifrons,Eulemur_albifrons,MAMMALIA,1,47,20972.581460036
rank,4,4,18.8353199706999,Eulemur cinereiceps,Eulemur_cinereiceps,MAMMALIA,1,141,101511.113044393
rank,4,4,18.8353199706999,Eulemur collaris,Eulemur_collaris,MAMMALIA,1,112,100306.889661907
rank,4,4,18.8353199706999,Eulemur coronatus,Eulemur_coronatus,MAMMALIA,1,183,30174.8389194678
rank,4,4,18.8353199706999,Eulemur flavifrons,Eulemur_flavifrons,MAMMALIA,0.000213248908682684,1,25.074716512655
rank,4,4,18.8353199706999,Eulemur fulvus,Eulemur_fulvus,MAMMALIA,1,114,101871.887264941
rank,4,4,18.8353199706999,Eulemur macaco,Eulemur_macaco,MAMMALIA,1,45,39000.0035511789
rank,4,4,18.8353199706999,Eulemur mongoz,Eulemur_mongoz,MAMMALIA,0.99999995289805,33,2266.66703993082
rank,4,4,18.8353199706999,Eulemur rubriventer,Eulemur_rubriventer,MAMMALIA,1,221,83767.8099763004
rank,4,4,18.8353199706999,Eulemur rufus,Eulemur_rufus,MAMMALIA,1,163,51004.2555109542
rank,4,4,18.8353199706999,Eulemur sanfordi,Eulemur_sanfordi,MAMMALIA,1,178,101914.342620448
rank,4,4,18.8353199706999,Euryceros prevostii,Euryceros_prevostii,AVES,0.999000955070916,3,2839.0629478842
rank,4,4,18.8353199706999,Falco zoniventris,Falco_zoniventris,AVES,0.928216373896348,1,68591.3148570806
rank,4,4,18.8353199706999,Falculea palliata,Falculea_palliata,AVES,0.999999999998039,7,30594.413610369
rank,4,4,18.8353199706999,Fossa fossana,Fossa_fossana,MAMMALIA,0.978483142936644,2,48599.4609659314
rank,4,4,18.8353199706999,Foudia madagascariensis,Foudia_madagascariensis,AVES,0.999999242180419,20,136145.551420569
rank,4,4,18.8353199706999,Foudia omissa,Foudia_omissa,AVES,0.999999999961894,15,51408.1181919351
rank,4,4,18.8353199706999,Gactornis enarratus,Gactornis_enarratus,AVES,0.999999514554395,5,49094.8953740671
rank,4,4,18.8353199706999,Galidia elegans,Galidia_elegans,MAMMALIA,0.968235456479524,6,49877.3202057579
rank,4,4,18.8353199706999,Galidictis fasciata,Galidictis_fasciata,MAMMALIA,0,3,4247.07071315497
rank,4,4,18.8353199706999,Geobiastes squamiger,Geobiastes_squamiger,AVES,0.999652519491625,4,10926.8523845822
rank,4,4,18.8353199706999,Geogale aurita,Geogale_aurita,MAMMALIA,1,779,32107.7798890472
rank,4,4,18.8353199706999,Gymnuromys roberti,Gymnuromys_roberti,MAMMALIA,1,164,26516.289343667
rank,4,4,18.8353199706999,Haliaeetus vociferoides,Haliaeetus_vociferoides,AVES,0.00739457886465833,1,4761.54761409015
rank,4,4,18.8353199706999,Hapalemur alaotrensis,Hapalemur_alaotrensis,MAMMALIA,1,102,6945.54042859734
rank,4,4,18.8353199706999,Hapalemur aureus,Hapalemur_aureus,MAMMALIA,0.999999995692329,24,1820.55619611591
rank,4,4,18.8353199706999,Hapalemur griseus,Hapalemur_griseus,MAMMALIA,1,168,95756.0765666947
rank,4,4,18.8353199706999,Hapalemur occidentalis,Hapalemur_occidentalis,MAMMALIA,0.999995100328248,28,1026.71440970898
rank,4,4,18.8353199706999,Hartertula flavoviridis,Hartertula_flavoviridis,AVES,1,45,8110.84596121311
rank,4,4,18.8353199706999,Hartlaubius auratus,Hartlaubius_auratus,AVES,0.999976309025218,9,99819.8071000403
rank,4,4,18.8353199706999,Hemicentetes nigriceps,Hemicentetes_nigriceps,MAMMALIA,0.999953127257988,35,2052.96238155258
rank,4,4,18.8353199706999,Hemicentetes semispinosus,Hemicentetes_semispinosus,MAMMALIA,1,89,72789.1113198251
rank,4,4,18.8353199706999,Hypogeomys antimena,Hypogeomys_antimena,MAMMALIA,0.133821965840603,5,104.686912983656
rank,4,4,18.8353199706999,Hypositta corallirostris,Hypositta_corallirostris,AVES,0.999988497322972,11,62295.7869657353
rank,4,4,18.8353199706999,Indri indri,Indri_indri,MAMMALIA,0.999999979622408,19,63625.3986907005
rank,4,4,18.8353199706999,Lemur catta,Lemur_catta,MAMMALIA,1,219,26471.5727235824
rank,4,4,18.8353199706999,Lepidopygia nana,Lepidopygia_nana,AVES,0.99910411180499,51,135054.829509395
rank,4,4,18.8353199706999,Lepilemur ankaranensis,Lepilemur_ankaranensis,MAMMALIA,0.942459903341428,13,361.823311685567
rank,4,4,18.8353199706999,Lepilemur edwardsi,Lepilemur_edwardsi,MAMMALIA,1,57,10210.931801036
rank,4,4,18.8353199706999,Lepilemur leucopus,Lepilemur_leucopus,MAMMALIA,1,82,21683.0849977657
rank,4,4,18.8353199706999,Lepilemur microdon,Lepilemur_microdon,MAMMALIA,0.999999999997001,34,4773.54297635564
rank,4,4,18.8353199706999,Lepilemur mustelinus,Lepilemur_mustelinus,MAMMALIA,1,251,89832.7658427656
rank,4,4,18.8353199706999,Lepilemur ruficaudatus,Lepilemur_ruficaudatus,MAMMALIA,1,178,18019.3798307932
rank,4,4,18.8353199706999,Leptopterus chabert,Leptopterus_chabert,AVES,0.999992119690268,11,123946.013037242
rank,4,4,18.8353199706999,Lophotibis cristata,Lophotibis_cristata,AVES,0.999842343149281,2,83162.1154204513
rank,4,4,18.8353199706999,Macrotarsomys bastardi,Macrotarsomys_bastardi,MAMMALIA,1,272,8116.28530935571
rank,4,4,18.8353199706999,Margaroperdix madagarensis,Margaroperdix_madagarensis,AVES,0.999976028950188,2,101669.316227756
rank,4,4,18.8353199706999,Mentocrex kioloides,Mentocrex_kioloides,AVES,0.99769099395912,1,33128.9836325571
rank,4,4,18.8353199706999,Mesitornis unicolor,Mesitornis_unicolor,AVES,0,1,89.8278131379858
rank,4,4,18.8353199706999,Mesitornis variegatus,Mesitornis_variegatus,AVES,0.998762356946553,5,2869.24937690049
rank,4,4,18.8353199706999,Microcebus berthae,Microcebus_berthae,MAMMALIA,1.52725555535582e-08,2,17.7781751081347
rank,4,4,18.8353199706999,Microcebus griseorufus,Microcebus_griseorufus,MAMMALIA,0.995769019106108,14,501.433658043884
rank,4,4,18.8353199706999,Microcebus murinus,Microcebus_murinus,MAMMALIA,1,1598,93357.0934035629
rank,4,4,18.8353199706999,Microcebus myoxinus,Microcebus_myoxinus,MAMMALIA,0.999999992654343,102,1124.39007911777
rank,4,4,18.8353199706999,Microcebus ravelobensis,Microcebus_ravelobensis,MAMMALIA,0.778620368188765,15,246.875988043973
rank,4,4,18.8353199706999,Microcebus rufus,Microcebus_rufus,MAMMALIA,1,1315,69842.2798432291
rank,4,4,18.8353199706999,Microcebus tavaratra,Microcebus_tavaratra,MAMMALIA,0.99348955741329,45,767.433245509863
rank,4,4,18.8353199706999,Microgale brevicaudata,Microgale_brevicaudata,MAMMALIA,1,879,32197.5983347893
rank,4,4,18.8353199706999,Microgale cowani,Microgale_cowani,MAMMALIA,1,602,59987.6347860918
rank,4,4,18.8353199706999,Microgale drouhardi,Microgale_drouhardi,MAMMALIA,1,318,26729.0917615364
rank,4,4,18.8353199706999,Microgale dryas,Microgale_dryas,MAMMALIA,0.897201399235259,47,1369.92029440585
rank,4,4,18.8353199706999,Microgale fotsifotsy,Microgale_fotsifotsy,MAMMALIA,1,396,31180.6373170438
rank,4,4,18.8353199706999,Microgale gracilis,Microgale_gracilis,MAMMALIA,0.999999999998795,118,9616.30546971204
rank,4,4,18.8353199706999,Microgale gymnorhyncha,Microgale_gymnorhyncha,MAMMALIA,1,132,19535.3061823626
rank,4,4,18.8353199706999,Microgale longicaudata,Microgale_longicaudata,MAMMALIA,1,1107,63233.0240409002
rank,4,4,18.8353199706999,Microgale mergulus,Microgale_mergulus,MAMMALIA,0.999999999999896,71,5560.48392948197
rank,4,4,18.8353199706999,Microgale parvula,Microgale_parvula,MAMMALIA,0.999999999999957,1302,63373.3020169078
rank,4,4,18.8353199706999,Microgale principula,Microgale_principula,MAMMALIA,1,614,50563.6956143975
rank,4,4,18.8353199706999,Microgale pusilla,Microgale_pusilla,MAMMALIA,0.999999999847616,415,19492.6933333427
rank,4,4,18.8353199706999,Microgale soricoides,Microgale_soricoides,MAMMALIA,1,145,27422.353375165
rank,4,4,18.8353199706999,Microgale taiva,Microgale_taiva,MAMMALIA,1,307,40740.0772453696
rank,4,4,18.8353199706999,Microgale thomasi,Microgale_thomasi,MAMMALIA,1,127,24379.1398626044
rank,4,4,18.8353199706999,Mirza coquereli,Mirza_coquereli,MAMMALIA,0.999997589067307,53,2653.0007427779
rank,4,4,18.8353199706999,Monias benschi,Monias_benschi,AVES,0,1,82.9420458882274
rank,4,4,18.8353199706999,Monticola erythronotus,Monticola_erythronotus,AVES,0.505764981643065,1,97.4973036619822
rank,4,4,18.8353199706999,Monticola sharpei,Monticola_sharpei,AVES,1,20,99840.1613949612
rank,4,4,18.8353199706999,Monticolomys koopmani,Monticolomys_koopmani,MAMMALIA,0.132627251095215,6,104.060766987503
rank,4,4,18.8353199706999,Motacilla flaviventris,Motacilla_flaviventris,AVES,1,40,9691.11596549133
rank,4,4,18.8353199706999,Mystacornis crossleyi,Mystacornis_crossleyi,AVES,0.99999999999998,10,47378.095126263
rank,4,4,18.8353199706999,Neodrepanis coruscans,Neodrepanis_coruscans,AVES,0.999998436108999,15,29552.8328218161
rank,4,4,18.8353199706999,Neodrepanis hypoxantha,Neodrepanis_hypoxantha,AVES,0.0211788111247608,3,88.4296057149768
rank,4,4,18.8353199706999,Neomixis striatigula,Neomixis_striatigula,AVES,0.999999999991432,21,58351.4728481433
rank,4,4,18.8353199706999,Neomixis tenella,Neomixis_tenella,AVES,1,63,91917.5080256835
rank,4,4,18.8353199706999,Neomixis viridis,Neomixis_viridis,AVES,0.999999999964476,24,53483.9310496799
rank,4,4,18.8353199706999,Nesillas lantzii,Nesillas_lantzii,AVES,0.999983000083502,3,2703.9328436479
rank,4,4,18.8353199706999,Nesogale dobsoni,Nesogale_dobsoni,MAMMALIA,1,381,69081.9509492412
rank,4,4,18.8353199706999,Nesogale talazaci,Nesogale_talazaci,MAMMALIA,1,208,64772.3206715807
rank,4,4,18.8353199706999,Nesomys audeberti,Nesomys_audeberti,MAMMALIA,1,111,4404.70734705302
rank,4,4,18.8353199706999,Nesomys lambertoni,Nesomys_lambertoni,MAMMALIA,0.999983982375401,29,958.575495295227
rank,4,4,18.8353199706999,Nesomys rufus,Nesomys_rufus,MAMMALIA,1,235,46647.2739289503
rank,4,4,18.8353199706999,Newtonia amphichroa,Newtonia_amphichroa,AVES,1,16,42617.4813156181
rank,4,4,18.8353199706999,Newtonia archboldi,Newtonia_archboldi,AVES,0.999743205924592,10,2057.60292387809
rank,4,4,18.8353199706999,Newtonia brunneicauda,Newtonia_brunneicauda,AVES,0.999999999999978,28,122925.837255992
rank,4,4,18.8353199706999,Newtonia fanovanae,Newtonia_fanovanae,AVES,0.353055283448657,2,98.2207024819943
rank,4,4,18.8353199706999,Oriolia bernieri,Oriolia_bernieri,AVES,0.999997529517201,13,14262.3456658348
rank,4,4,18.8353199706999,Oryzorictes hova,Oryzorictes_hova,MAMMALIA,1,276,64086.4888237491
rank,4,4,18.8353199706999,Oryzorictes tetradactylus,Oryzorictes_tetradactylus,MAMMALIA,1,152,10031.3432305271
rank,4,4,18.8353199706999,Otus rutilus,Otus_rutilus,AVES,0.999999848178969,3,106015.991644368
rank,4,4,18.8353199706999,Oxylabes madagascariensis,Oxylabes_madagascariensis,AVES,0.999999999999997,14,53566.2909024507
rank,4,4,18.8353199706999,Phaner electromontis,Phaner_electromontis,MAMMALIA,1.1181189119025e-07,1,17.4337788633315
rank,4,4,18.8353199706999,Phaner furcifer,Phaner_furcifer,MAMMALIA,0.887905466959644,58,892.662774423171
rank,4,4,18.8353199706999,Phaner pallescens,Phaner_pallescens,MAMMALIA,0.999999999997009,57,3504.14815962315
rank,4,4,18.8353199706999,Phaner parienti,Phaner_parienti,MAMMALIA,0.00280017666108967,1,24.4501852478648
rank,4,4,18.8353199706999,Philepitta castanea,Philepitta_castanea,AVES,0.983810808818602,4,38463.0957678184
rank,4,4,18.8353199706999,Philepitta schlegeli,Philepitta_schlegeli,AVES,0.988278027030843,14,4281.37986122647
rank,4,4,18.8353199706999,Ploceus nelicourvi,Ploceus_nelicourvi,AVES,0.999999998874263,10,62184.1975516379
rank,4,4,18.8353199706999,Ploceus sakalava,Ploceus_sakalava,AVES,0.999999998757689,25,39645.0986919329
rank,4,4,18.8353199706999,Polyboroides radiatus,Polyboroides_radiatus,AVES,0.998415639805053,1,103423.278741238
rank,4,4,18.8353199706999,Pseudobias wardi,Pseudobias_wardi,AVES,0.999999999999996,19,41781.6856574719
rank,4,4,18.8353199706999,Pterocles personatus,Pterocles_personatus,AVES,0.922874113030967,6,6091.3373294529
rank,4,4,18.8353199706999,Rallus madagascariensis,Rallus_madagascariensis,AVES,0.999999419489313,5,14520.551671615
rank,4,4,18.8353199706999,Randia pseudozosterops,Randia_pseudozosterops,AVES,0.999998910527632,6,46507.7791707759
rank,4,4,18.8353199706999,Sarothrura insularis,Sarothrura_insularis,AVES,0.999965992507528,5,74341.3611982688
rank,4,4,18.8353199706999,Schetba rufa,Schetba_rufa,AVES,0.999999999999998,22,29826.9795648605
rank,4,4,18.8353199706999,Setifer setosus,Setifer_setosus,MAMMALIA,1,202,119204.300617889
rank,4,4,18.8353199706999,Tenrec ecaudatus,Tenrec_ecaudatus,MAMMALIA,1,79,120852.682803251
rank,4,4,18.8353199706999,Thamnornis chloropetoides,Thamnornis_chloropetoides,AVES,0.999977507869225,5,3407.17432130128
rank,4,4,18.8353199706999,Treron australis,Treron_australis,AVES,0.996636264465003,1,110997.317493595
rank,4,4,18.8353199706999,Turnix nigricollis,Turnix_nigricollis,AVES,0.999938350440511,2,122618.169902906
rank,4,4,18.8353199706999,Tylas eduardi,Tylas_eduardi,AVES,0.999999988890272,6,60315.9263032898
rank,4,4,18.8353199706999,Vanga curvirostris,Vanga_curvirostris,AVES,0.999938376932186,8,123706.196198771
rank,4,4,18.8353199706999,Varecia rubra,Varecia_rubra,MAMMALIA,1,40,74159.0028170402
rank,4,4,18.8353199706999,Varecia variegata,Varecia_variegata,MAMMALIA,0.999999999999917,37,73264.1161501847
rank,4,4,18.8353199706999,Xanthomixis apperti,Xanthomixis_apperti,AVES,0.441311210122258,1,68.4073899760842
rank,4,4,18.8353199706999,Xanthomixis cinereiceps,Xanthomixis_cinereiceps,AVES,1,21,17533.5418841839
rank,4,4,18.8353199706999,Xanthomixis zosterops,Xanthomixis_zosterops,AVES,0.999999999972532,15,63112.1712645292
rank,4,4,18.8353199706999,Xenopirostris damii,Xenopirostris_damii,AVES,0.00179910766481406,1,93.5023440420628
rank,4,4,18.8353199706999,Xenopirostris polleni,Xenopirostris_polleni,AVES,0.999999970589095,10,17756.9551348298
rank,4,4,18.8353199706999,Xenopirostris xenopirostris,Xenopirostris_xenopirostris,AVES,0.96505807541122,1,1102.55740338564
rank,5,5,23.5299055436702,Accipiter henstii,Accipiter_henstii,AVES,0.758727400779728,1,78379.910453401
rank,5,5,23.5299055436702,Accipiter madagascariensis,Accipiter_madagascariensis,AVES,0.926397223007617,1,98545.7521741316
rank,5,5,23.5299055436702,Acrocephalus newtoni,Acrocephalus_newtoni,AVES,0.999999999999992,15,108169.478145936
rank,5,5,23.5299055436702,Alectroenas madagascariensis,Alectroenas_madagascariensis,AVES,0.998496558738288,6,67698.7627498018
rank,5,5,23.5299055436702,Allocebus trichotis,Allocebus_trichotis,MAMMALIA,0.00783473494650444,3,72.1001097112894
rank,5,5,23.5299055436702,Anas bernieri,Anas_bernieri,AVES,0,1,161.555721102021
rank,5,5,23.5299055436702,Apus balstoni,Apus_balstoni,AVES,0.999999927155028,8,94786.5251118598
rank,5,5,23.5299055436702,Artamella viridis,Artamella_viridis,AVES,0.999999999994055,12,104501.392491352
rank,5,5,23.5299055436702,Asio madagascariensis,Asio_madagascariensis,AVES,0.872977766441353,2,68568.9884921117
rank,5,5,23.5299055436702,Atelornis crossleyi,Atelornis_crossleyi,AVES,0.999998758967357,7,11572.6222161697
rank,5,5,23.5299055436702,Atelornis pittoides,Atelornis_pittoides,AVES,0.999741952518271,3,42329.8845959306
rank,5,5,23.5299055436702,Athene superciliaris,Athene_superciliaris,AVES,0.999581287090612,1,73168.7346388474
rank,5,5,23.5299055436702,Avahi laniger,Avahi_laniger,MAMMALIA,1,102,38034.2591156662
rank,5,5,23.5299055436702,Avahi occidentalis,Avahi_occidentalis,MAMMALIA,0.996177513156648,4,630.900925964117
rank,5,5,23.5299055436702,Aviceda madagascariensis,Aviceda_madagascariensis,AVES,0.973652642140043,1,94933.0898590833
rank,5,5,23.5299055436702,Bernieria madagascariensis,Bernieria_madagascariensis,AVES,0.999999998633015,20,96867.7938061333
rank,5,5,23.5299055436702,Brachypteracias leptosomus,Brachypteracias_leptosomus,AVES,0.999771336917406,1,37031.6513739303
rank,5,5,23.5299055436702,Brachytarsomys albicauda,Brachytarsomys_albicauda,MAMMALIA,0.999999991596676,50,1815.17485363856
rank,5,5,23.5299055436702,Brachyuromys betsileoensis,Brachyuromys_betsileoensis,MAMMALIA,1,122,13982.9118429471
rank,5,5,23.5299055436702,Brachyuromys ramirohitra,Brachyuromys_ramirohitra,MAMMALIA,0.65541484639138,2,90.5857082977891
rank,5,5,23.5299055436702,Bradypterus brunneus,Bradypterus_brunneus,AVES,1,37,12760.7038723025
rank,5,5,23.5299055436702,Bradypterus seebohmi,Bradypterus_seebohmi,AVES,0.452718231585579,1,71.7493425011635
rank,5,5,23.5299055436702,Buteo brachypterus,Buteo_brachypterus,AVES,0.854302241527595,1,100649.322426625
rank,5,5,23.5299055436702,Calicalicus madagascariensis,Calicalicus_madagascariensis,AVES,1,26,97628.8054650625
rank,5,5,23.5299055436702,Cheirogaleus crossleyi,Cheirogaleus_crossleyi,MAMMALIA,1,92,5731.87398069368
rank,5,5,23.5299055436702,Cheirogaleus major,Cheirogaleus_major,MAMMALIA,1,256,71546.3017177209
rank,5,5,23.5299055436702,Cheirogaleus medius,Cheirogaleus_medius,MAMMALIA,1,1314,56700.6461511106
rank,5,5,23.5299055436702,Cinnyris notatus,Cinnyris_notatus,AVES,0.99999999999974,38,105328.007738125
rank,5,5,23.5299055436702,Copsychus albospecularis,Copsychus_albospecularis,AVES,0.999997562021421,6,58289.3021523467
rank,5,5,23.5299055436702,Coracopsis nigra,Coracopsis_nigra,AVES,0.995839681181282,2,108998.590983429
rank,5,5,23.5299055436702,Corythornis madagascariensis,Corythornis_madagascariensis,AVES,0.893566082109115,7,90548.6665380552
rank,5,5,23.5299055436702,Coua caerulea,Coua_caerulea,AVES,0.999922551533927,6,43085.9465534389
rank,5,5,23.5299055436702,Coua coquereli,Coua_coquereli,AVES,0.999927279247478,1,29460.584935762
rank,5,5,23.5299055436702,Coua cristata,Coua_cristata,AVES,0.999998791695512,5,81475.6200737283
rank,5,5,23.5299055436702,Coua cursor,Coua_cursor,AVES,0.99968830693725,1,17060.2443629652
rank,5,5,23.5299055436702,Coua gigas,Coua_gigas,AVES,0.999871421751979,1,31044.1492116377
rank,5,5,23.5299055436702,Coua reynaudii,Coua_reynaudii,AVES,0.999893251972977,4,36876.8414722458
rank,5,5,23.5299055436702,Coua ruficeps,Coua_ruficeps,AVES,0.959346120072314,3,1327.46846918499
rank,5,5,23.5299055436702,Coua serriana,Coua_serriana,AVES,0.991471316214562,1,32261.1250374622
rank,5,5,23.5299055436702,Crossleyia xanthophrys,Crossleyia_xanthophrys,AVES,1,45,4117.99735637009
rank,5,5,23.5299055436702,Cryptoprocta ferox,Cryptoprocta_ferox,MAMMALIA,0.0704722846506335,4,37153.6964168785
rank,5,5,23.5299055436702,Cryptosylvicola randrianasoloi,Cryptosylvicola_randrianasoloi,AVES,1,39,5900.0796070993
rank,5,5,23.5299055436702,Cyanolanius madagascarinus,Cyanolanius_madagascarinus,AVES,0.999999999999295,22,102730.298266644
rank,5,5,23.5299055436702,Daubentonia madagascariensis,Daubentonia_madagascariensis,MAMMALIA,1,67,37827.1945888922
rank,5,5,23.5299055436702,Echinops telfairi,Echinops_telfairi,MAMMALIA,1,441,54651.4827567637
rank,5,5,23.5299055436702,Eliurus antsingy,Eliurus_antsingy,MAMMALIA,0.0133748649300235,5,69.4813072830439
rank,5,5,23.5299055436702,Eliurus grandidieri,Eliurus_grandidieri,MAMMALIA,0.999641415738649,27,917.641006159482
rank,5,5,23.5299055436702,Eliurus majori,Eliurus_majori,MAMMALIA,1,336,44847.1591142043
rank,5,5,23.5299055436702,Eliurus minor,Eliurus_minor,MAMMALIA,1,1619,73972.0802199715
rank,5,5,23.5299055436702,Eliurus myoxinus,Eliurus_myoxinus,MAMMALIA,1,1190,85038.1936490983
rank,5,5,23.5299055436702,Eliurus tanala,Eliurus_tanala,MAMMALIA,1,440,48111.4852070448
rank,5,5,23.5299055436702,Eliurus webbi,Eliurus_webbi,MAMMALIA,1,535,63187.7703434005
rank,5,5,23.5299055436702,Eremopterix hova,Eremopterix_hova,AVES,0.999999831465634,23,4027.48335473239
rank,5,5,23.5299055436702,Eulemur albifrons,Eulemur_albifrons,MAMMALIA,1,48,20929.6095687797
rank,5,5,23.5299055436702,Eulemur cinereiceps,Eulemur_cinereiceps,MAMMALIA,1,154,99775.8566070993
rank,5,5,23.5299055436702,Eulemur collaris,Eulemur_collaris,MAMMALIA,1,111,98768.865769627
rank,5,5,23.5299055436702,Eulemur coronatus,Eulemur_coronatus,MAMMALIA,1,186,29637.8605094579
rank,5,5,23.5299055436702,Eulemur flavifrons,Eulemur_flavifrons,MAMMALIA,0.000213248908682684,1,25.074716512655
rank,5,5,23.5299055436702,Eulemur fulvus,Eulemur_fulvus,MAMMALIA,1,126,100140.499605068
rank,5,5,23.5299055436702,Eulemur macaco,Eulemur_macaco,MAMMALIA,1,44,38752.5233755027
rank,5,5,23.5299055436702,Eulemur mongoz,Eulemur_mongoz,MAMMALIA,0.99999995289805,33,2266.66703993082
rank,5,5,23.5299055436702,Eulemur rubriventer,Eulemur_rubriventer,MAMMALIA,1,234,82910.3696946318
rank,5,5,23.5299055436702,Eulemur rufus,Eulemur_rufus,MAMMALIA,1,173,49731.4206630424
rank,5,5,23.5299055436702,Eulemur sanfordi,Eulemur_sanfordi,MAMMALIA,1,185,100155.119096244
rank,5,5,23.5299055436702,Euryceros prevostii,Euryceros_prevostii,AVES,0.999000955070916,3,2839.0629478842
rank,5,5,23.5299055436702,Falco zoniventris,Falco_zoniventris,AVES,0.926800756165676,1,67263.5713310093
rank,5,5,23.5299055436702,Falculea palliata,Falculea_palliata,AVES,0.99999999999778,7,30098.9981029034
rank,5,5,23.5299055436702,Fossa fossana,Fossa_fossana,MAMMALIA,0.978483142936644,2,48599.4609659314
rank,5,5,23.5299055436702,Foudia madagascariensis,Foudia_madagascariensis,AVES,0.999999887683491,26,130242.413265318
rank,5,5,23.5299055436702,Foudia omissa,Foudia_omissa,AVES,0.999999999957237,16,51079.3334587515
rank,5,5,23.5299055436702,Gactornis enarratus,Gactornis_enarratus,AVES,0.999999514311669,5,49094.7161045224
rank,5,5,23.5299055436702,Galidia elegans,Galidia_elegans,MAMMALIA,0.968235456479524,6,49877.3202057579
rank,5,5,23.5299055436702,Galidictis fasciata,Galidictis_fasciata,MAMMALIA,0,3,4247.07071315497
rank,5,5,23.5299055436702,Geobiastes squamiger,Geobiastes_squamiger,AVES,0.999652519491625,4,10926.8523845822
rank,5,5,23.5299055436702,Geogale aurita,Geogale_aurita,MAMMALIA,1,755,31711.6847690865
rank,5,5,23.5299055436702,Gymnuromys roberti,Gymnuromys_roberti,MAMMALIA,1,164,26463.8319681013
rank,5,5,23.5299055436702,Haliaeetus vociferoides,Haliaeetus_vociferoides,AVES,0.00399531349226556,1,4351.06578239799
rank,5,5,23.5299055436702,Hapalemur alaotrensis,Hapalemur_alaotrensis,MAMMALIA,1,94,5724.66747242047
rank,5,5,23.5299055436702,Hapalemur aureus,Hapalemur_aureus,MAMMALIA,0.999999995692329,24,1820.55619611591
rank,5,5,23.5299055436702,Hapalemur griseus,Hapalemur_griseus,MAMMALIA,1,173,94380.5342786049
rank,5,5,23.5299055436702,Hapalemur occidentalis,Hapalemur_occidentalis,MAMMALIA,0.999995100328248,28,1026.71440970898
rank,5,5,23.5299055436702,Hartertula flavoviridis,Hartertula_flavoviridis,AVES,1,45,8105.06511738151
rank,5,5,23.5299055436702,Hartlaubius auratus,Hartlaubius_auratus,AVES,0.999998881609643,11,98442.8700983378
rank,5,5,23.5299055436702,Hemicentetes nigriceps,Hemicentetes_nigriceps,MAMMALIA,0.999953127257988,35,2052.96238155258
rank,5,5,23.5299055436702,Hemicentetes semispinosus,Hemicentetes_semispinosus,MAMMALIA,1,91,72459.2582864463
rank,5,5,23.5299055436702,Hypogeomys antimena,Hypogeomys_antimena,MAMMALIA,0.133821965840603,5,104.686912983656
rank,5,5,23.5299055436702,Hypositta corallirostris,Hypositta_corallirostris,AVES,0.999987438917324,12,62078.6369438544
rank,5,5,23.5299055436702,Indri indri,Indri_indri,MAMMALIA,0.999999976151165,19,63502.3455593512
rank,5,5,23.5299055436702,Lemur catta,Lemur_catta,MAMMALIA,1,224,25487.3857500777
rank,5,5,23.5299055436702,Lepidopygia nana,Lepidopygia_nana,AVES,0.999207608662031,57,128554.984660396
rank,5,5,23.5299055436702,Lepilemur ankaranensis,Lepilemur_ankaranensis,MAMMALIA,0.942459903341428,13,361.823311685567
rank,5,5,23.5299055436702,Lepilemur edwardsi,Lepilemur_edwardsi,MAMMALIA,1,56,9960.62983711809
rank,5,5,23.5299055436702,Lepilemur leucopus,Lepilemur_leucopus,MAMMALIA,1,82,20342.7199045718
rank,5,5,23.5299055436702,Lepilemur microdon,Lepilemur_microdon,MAMMALIA,0.999999999997001,34,4773.54297635564
rank,5,5,23.5299055436702,Lepilemur mustelinus,Lepilemur_mustelinus,MAMMALIA,1,246,87861.2550180555
rank,5,5,23.5299055436702,Lepilemur ruficaudatus,Lepilemur_ruficaudatus,MAMMALIA,1,171,17264.5878539815
rank,5,5,23.5299055436702,Leptopterus chabert,Leptopterus_chabert,AVES,0.999999543848869,14,119169.758783504
rank,5,5,23.5299055436702,Lophotibis cristata,Lophotibis_cristata,AVES,0.999842060336213,2,83084.2199617998
rank,5,5,23.5299055436702,Macrotarsomys bastardi,Macrotarsomys_bastardi,MAMMALIA,1,274,8091.50498200586
rank,5,5,23.5299055436702,Margaroperdix madagarensis,Margaroperdix_madagarensis,AVES,0.999974735352105,2,98439.6990901306
rank,5,5,23.5299055436702,Mentocrex kioloides,Mentocrex_kioloides,AVES,0.997677682264548,1,33000.0546576381
rank,5,5,23.5299055436702,Mesitornis unicolor,Mesitornis_unicolor,AVES,0,1,89.8278131379858
rank,5,5,23.5299055436702,Mesitornis variegatus,Mesitornis_variegatus,AVES,0.998762356946553,5,2869.24937690049
rank,5,5,23.5299055436702,Microcebus berthae,Microcebus_berthae,MAMMALIA,1.52725555535582e-08,2,17.7781751081347
rank,5,5,23.5299055436702,Microcebus griseorufus,Microcebus_griseorufus,MAMMALIA,0.995769019106108,14,501.433658043884
rank,5,5,23.5299055436702,Microcebus murinus,Microcebus_murinus,MAMMALIA,1,1517,90224.0788293704
rank,5,5,23.5299055436702,Microcebus myoxinus,Microcebus_myoxinus,MAMMALIA,0.999999992654343,102,1124.39007911777
rank,5,5,23.5299055436702,Microcebus ravelobensis,Microcebus_ravelobensis,MAMMALIA,0.778620368188765,15,246.875988043973
rank,5,5,23.5299055436702,Microcebus rufus,Microcebus_rufus,MAMMALIA,1,1295,68821.5235697302
rank,5,5,23.5299055436702,Microcebus tavaratra,Microcebus_tavaratra,MAMMALIA,0.99348955741329,45,767.433245509863
rank,5,5,23.5299055436702,Microgale brevicaudata,Microgale_brevicaudata,MAMMALIA,1,868,31984.5403999463
rank,5,5,23.5299055436702,Microgale cowani,Microgale_cowani,MAMMALIA,1,596,58898.7676791251
rank,5,5,23.5299055436702,Microgale drouhardi,Microgale_drouhardi,MAMMALIA,1,322,26660.6112674177
rank,5,5,23.5299055436702,Microgale dryas,Microgale_dryas,MAMMALIA,0.897201399235259,47,1369.92029440585
rank,5,5,23.5299055436702,Microgale fotsifotsy,Microgale_fotsifotsy,MAMMALIA,1,403,31065.8991008199
rank,5,5,23.5299055436702,Microgale gracilis,Microgale_gracilis,MAMMALIA,0.999999999998795,118,9616.30546971204
rank,5,5,23.5299055436702,Microgale gymnorhyncha,Microgale_gymnorhyncha,MAMMALIA,1,134,19483.8606303676
rank,5,5,23.5299055436702,Microgale longicaudata,Microgale_longicaudata,MAMMALIA,1,1112,63104.7609115839
rank,5,5,23.5299055436702,Microgale mergulus,Microgale_mergulus,MAMMALIA,0.999999999999895,70,5546.02237720158
rank,5,5,23.5299055436702,Microgale parvula,Microgale_parvula,MAMMALIA,0.999999999999956,1301,63267.0280990709
rank,5,5,23.5299055436702,Microgale principula,Microgale_principula,MAMMALIA,1,615,50487.4226897135
rank,5,5,23.5299055436702,Microgale pusilla,Microgale_pusilla,MAMMALIA,0.999999999250412,412,18212.1935698912
rank,5,5,23.5299055436702,Microgale soricoides,Microgale_soricoides,MAMMALIA,1,147,27365.2656265589
rank,5,5,23.5299055436702,Microgale taiva,Microgale_taiva,MAMMALIA,1,310,40703.0658115
rank,5,5,23.5299055436702,Microgale thomasi,Microgale_thomasi,MAMMALIA,1,125,24324.8155853748
rank,5,5,23.5299055436702,Mirza coquereli,Mirza_coquereli,MAMMALIA,0.999997589067307,53,2653.0007427779
rank,5,5,23.5299055436702,Monias benschi,Monias_benschi,AVES,0,1,82.9420458882274
rank,5,5,23.5299055436702,Monticola erythronotus,Monticola_erythronotus,AVES,0.505764981643065,1,97.4973036619822
rank,5,5,23.5299055436702,Monticola sharpei,Monticola_sharpei,AVES,1,26,95819.4065357745
rank,5,5,23.5299055436702,Monticolomys koopmani,Monticolomys_koopmani,MAMMALIA,0.132627251095215,6,104.060766987503
rank,5,5,23.5299055436702,Motacilla flaviventris,Motacilla_flaviventris,AVES,1,40,7559.89904949613
rank,5,5,23.5299055436702,Mystacornis crossleyi,Mystacornis_crossleyi,AVES,0.99999999999998,10,47369.4356331648
rank,5,5,23.5299055436702,Neodrepanis coruscans,Neodrepanis_coruscans,AVES,0.999999006770483,16,29527.0139531995
rank,5,5,23.5299055436702,Neodrepanis hypoxantha,Neodrepanis_hypoxantha,AVES,0.0211788111247608,3,88.4296057149768
rank,5,5,23.5299055436702,Neomixis striatigula,Neomixis_striatigula,AVES,0.999999999987831,21,58124.0027255741
rank,5,5,23.5299055436702,Neomixis tenella,Neomixis_tenella,AVES,1,75,89420.8870951981
rank,5,5,23.5299055436702,Neomixis viridis,Neomixis_viridis,AVES,0.999999999961829,25,53146.5435482521
rank,5,5,23.5299055436702,Nesillas lantzii,Nesillas_lantzii,AVES,0.999983000083502,3,2703.9328436479
rank,5,5,23.5299055436702,Nesogale dobsoni,Nesogale_dobsoni,MAMMALIA,1,365,68084.9377428389
rank,5,5,23.5299055436702,Nesogale talazaci,Nesogale_talazaci,MAMMALIA,1,206,64643.1764925718
rank,5,5,23.5299055436702,Nesomys audeberti,Nesomys_audeberti,MAMMALIA,1,113,4370.8857108263
rank,5,5,23.5299055436702,Nesomys lambertoni,Nesomys_lambertoni,MAMMALIA,0.999983982375401,29,958.575495295227
rank,5,5,23.5299055436702,Nesomys rufus,Nesomys_rufus,MAMMALIA,1,235,46555.3694257328
rank,5,5,23.5299055436702,Newtonia amphichroa,Newtonia_amphichroa,AVES,1,15,42504.7136028249
rank,5,5,23.5299055436702,Newtonia archboldi,Newtonia_archboldi,AVES,0.999743205924592,10,2057.60292387809
rank,5,5,23.5299055436702,Newtonia brunneicauda,Newtonia_brunneicauda,AVES,1,31,119864.534780137
rank,5,5,23.5299055436702,Newtonia fanovanae,Newtonia_fanovanae,AVES,0.353055283448657,2,98.2207024819943
rank,5,5,23.5299055436702,Oriolia bernieri,Oriolia_bernieri,AVES,0.999997529517201,13,14262.3456658348
rank,5,5,23.5299055436702,Oryzorictes hova,Oryzorictes_hova,MAMMALIA,1,281,62506.3537367135
rank,5,5,23.5299055436702,Oryzorictes tetradactylus,Oryzorictes_tetradactylus,MAMMALIA,1,154,9906.72096241432
rank,5,5,23.5299055436702,Otus rutilus,Otus_rutilus,AVES,0.999999819889525,3,103372.55929888
rank,5,5,23.5299055436702,Oxylabes madagascariensis,Oxylabes_madagascariensis,AVES,0.999999999999997,16,53278.1633077711
rank,5,5,23.5299055436702,Phaner electromontis,Phaner_electromontis,MAMMALIA,1.1181189119025e-07,1,17.4337788633315
rank,5,5,23.5299055436702,Phaner furcifer,Phaner_furcifer,MAMMALIA,0.887905466959644,58,892.662774423171
rank,5,5,23.5299055436702,Phaner pallescens,Phaner_pallescens,MAMMALIA,0.999999999997009,57,3504.14815962315
rank,5,5,23.5299055436702,Phaner parienti,Phaner_parienti,MAMMALIA,0.00280017666108967,1,24.4501852478648
rank,5,5,23.5299055436702,Philepitta castanea,Philepitta_castanea,AVES,0.983789132092042,4,38401.0037526712
rank,5,5,23.5299055436702,Philepitta schlegeli,Philepitta_schlegeli,AVES,0.988244184215186,14,4273.74643234956
rank,5,5,23.5299055436702,Ploceus nelicourvi,Ploceus_nelicourvi,AVES,0.999999998625741,12,62114.7849318236
rank,5,5,23.5299055436702,Ploceus sakalava,Ploceus_sakalava,AVES,0.999999995863161,32,37166.0947023258
rank,5,5,23.5299055436702,Polyboroides radiatus,Polyboroides_radiatus,AVES,0.998257091066752,1,97664.3499277898
rank,5,5,23.5299055436702,Pseudobias wardi,Pseudobias_wardi,AVES,0.999999999999996,19,41776.8719726645
rank,5,5,23.5299055436702,Pterocles personatus,Pterocles_personatus,AVES,0.920412191355489,6,6036.66640540669
rank,5,5,23.5299055436702,Rallus madagascariensis,Rallus_madagascariensis,AVES,0.999999418603343,5,14513.487456023
rank,5,5,23.5299055436702,Randia pseudozosterops,Randia_pseudozosterops,AVES,0.999998882385584,6,46388.5939226203
rank,5,5,23.5299055436702,Sarothrura insularis,Sarothrura_insularis,AVES,0.99996264203903,6,72211.1513763741
rank,5,5,23.5299055436702,Schetba rufa,Schetba_rufa,AVES,0.999999999999996,24,29711.0986574218
rank,5,5,23.5299055436702,Setifer setosus,Setifer_setosus,MAMMALIA,1,201,116538.054048851
rank,5,5,23.5299055436702,Tenrec ecaudatus,Tenrec_ecaudatus,MAMMALIA,1,89,116710.112924203
rank,5,5,23.5299055436702,Thamnornis chloropetoides,Thamnornis_chloropetoides,AVES,0.999977507869225,5,3407.17432130128
rank,5,5,23.5299055436702,Treron australis,Treron_australis,AVES,0.99648154635936,1,106632.671238907
rank,5,5,23.5299055436702,Turnix nigricollis,Turnix_nigricollis,AVES,0.999933224721682,4,116939.277738519
rank,5,5,23.5299055436702,Tylas eduardi,Tylas_eduardi,AVES,0.999999988668763,6,59874.1104511023
rank,5,5,23.5299055436702,Vanga curvirostris,Vanga_curvirostris,AVES,0.999934631122787,8,119107.899159776
rank,5,5,23.5299055436702,Varecia rubra,Varecia_rubra,MAMMALIA,1,45,73813.6592635481
rank,5,5,23.5299055436702,Varecia variegata,Varecia_variegata,MAMMALIA,0.999999999999899,39,72971.6431167714
rank,5,5,23.5299055436702,Xanthomixis apperti,Xanthomixis_apperti,AVES,0.441311210122258,1,68.4073899760842
rank,5,5,23.5299055436702,Xanthomixis cinereiceps,Xanthomixis_cinereiceps,AVES,1,22,17521.6155261472
rank,5,5,23.5299055436702,Xanthomixis zosterops,Xanthomixis_zosterops,AVES,0.999999999927841,18,62929.5332310572
rank,5,5,23.5299055436702,Xenopirostris damii,Xenopirostris_damii,AVES,0.00179910766481406,1,93.5023440420628
rank,5,5,23.5299055436702,Xenopirostris polleni,Xenopirostris_polleni,AVES,0.999999970586624,10,17756.4193683547
rank,5,5,23.5299055436702,Xenopirostris xenopirostris,Xenopirostris_xenopirostris,AVES,0.96505807541122,1,1102.55740338564
rank,6,6,28.2220994609865,Accipiter henstii,Accipiter_henstii,AVES,0.755261368906964,1,76979.6596836464
rank,6,6,28.2220994609865,Accipiter madagascariensis,Accipiter_madagascariensis,AVES,0.923845161371873,1,95250.3670686707
rank,6,6,28.2220994609865,Acrocephalus newtoni,Acrocephalus_newtoni,AVES,1,18,105519.682015541
rank,6,6,28.2220994609865,Alectroenas madagascariensis,Alectroenas_madagascariensis,AVES,0.998500302524509,7,67082.4957447018
rank,6,6,28.2220994609865,Allocebus trichotis,Allocebus_trichotis,MAMMALIA,0.00783473494650444,3,72.1001097112894
rank,6,6,28.2220994609865,Anas bernieri,Anas_bernieri,AVES,0,1,161.555721102021
rank,6,6,28.2220994609865,Apus balstoni,Apus_balstoni,AVES,0.999999920643269,6,93739.2204980554
rank,6,6,28.2220994609865,Artamella viridis,Artamella_viridis,AVES,0.999999999996352,14,100404.440932182
rank,6,6,28.2220994609865,Asio madagascariensis,Asio_madagascariensis,AVES,0.871227669820681,2,67875.6118417051
rank,6,6,28.2220994609865,Atelornis crossleyi,Atelornis_crossleyi,AVES,0.999998758967357,7,11572.6222161697
rank,6,6,28.2220994609865,Atelornis pittoides,Atelornis_pittoides,AVES,0.999738593460363,3,42017.0421742946
rank,6,6,28.2220994609865,Athene superciliaris,Athene_superciliaris,AVES,0.999549838356781,1,69918.3011045754
rank,6,6,28.2220994609865,Avahi laniger,Avahi_laniger,MAMMALIA,1,98,37839.3703719378
rank,6,6,28.2220994609865,Avahi occidentalis,Avahi_occidentalis,MAMMALIA,0.996177513156648,4,630.900925964117
rank,6,6,28.2220994609865,Aviceda madagascariensis,Aviceda_madagascariensis,AVES,0.972176498421553,1,90931.3551252931
rank,6,6,28.2220994609865,Bernieria madagascariensis,Bernieria_madagascariensis,AVES,0.999999999805969,21,95520.9063470846
rank,6,6,28.2220994609865,Brachypteracias leptosomus,Brachypteracias_leptosomus,AVES,0.999771336917406,1,37031.6513739303
rank,6,6,28.2220994609865,Brachytarsomys albicauda,Brachytarsomys_albicauda,MAMMALIA,0.999999991596676,50,1815.17485363856
rank,6,6,28.2220994609865,Brachyuromys betsileoensis,Brachyuromys_betsileoensis,MAMMALIA,1,120,13764.7738972285
rank,6,6,28.2220994609865,Brachyuromys ramirohitra,Brachyuromys_ramirohitra,MAMMALIA,0.65541484639138,2,90.5857082977891
rank,6,6,28.2220994609865,Bradypterus brunneus,Bradypterus_brunneus,AVES,1,37,12758.6137931774
rank,6,6,28.2220994609865,Bradypterus seebohmi,Bradypterus_seebohmi,AVES,0.452718231585579,1,71.7493425011635
rank,6,6,28.2220994609865,Buteo brachypterus,Buteo_brachypterus,AVES,0.848637489081688,1,96360.716763854
rank,6,6,28.2220994609865,Calicalicus madagascariensis,Calicalicus_madagascariensis,AVES,1,29,96082.8289624606
rank,6,6,28.2220994609865,Cheirogaleus crossleyi,Cheirogaleus_crossleyi,MAMMALIA,1,92,5731.6894858665
rank,6,6,28.2220994609865,Cheirogaleus major,Cheirogaleus_major,MAMMALIA,1,258,70881.3554406092
rank,6,6,28.2220994609865,Cheirogaleus medius,Cheirogaleus_medius,MAMMALIA,1,1202,52947.0923720977
rank,6,6,28.2220994609865,Cinnyris notatus,Cinnyris_notatus,AVES,0.99999999999757,44,102451.048271961
rank,6,6,28.2220994609865,Copsychus albospecularis,Copsychus_albospecularis,AVES,0.999996852068543,6,57615.4528089278
rank,6,6,28.2220994609865,Coracopsis nigra,Coracopsis_nigra,AVES,0.995691525528267,2,105579.409118134
rank,6,6,28.2220994609865,Corythornis madagascariensis,Corythornis_madagascariensis,AVES,0.892942618056045,7,89752.1590175919
rank,6,6,28.2220994609865,Coua caerulea,Coua_caerulea,AVES,0.999922081047469,6,42911.7695359553
rank,6,6,28.2220994609865,Coua coquereli,Coua_coquereli,AVES,0.999974048306791,2,28356.4025720581
rank,6,6,28.2220994609865,Coua cristata,Coua_cristata,AVES,0.999998678088603,5,79952.4156180248
rank,6,6,28.2220994609865,Coua cursor,Coua_cursor,AVES,0.999585553875716,1,14839.4740242809
rank,6,6,28.2220994609865,Coua gigas,Coua_gigas,AVES,0.999863530459599,1,30177.0773660541
rank,6,6,28.2220994609865,Coua reynaudii,Coua_reynaudii,AVES,0.999893218643969,4,36870.8597318977
rank,6,6,28.2220994609865,Coua ruficeps,Coua_ruficeps,AVES,0.959346120072314,3,1327.46846918499
rank,6,6,28.2220994609865,Coua serriana,Coua_serriana,AVES,0.991470802905193,1,32259.5828196823
rank,6,6,28.2220994609865,Crossleyia xanthophrys,Crossleyia_xanthophrys,AVES,1,45,4117.99735637009
rank,6,6,28.2220994609865,Cryptoprocta ferox,Cryptoprocta_ferox,MAMMALIA,0.0701519999689265,4,36778.1245815276
rank,6,6,28.2220994609865,Cryptosylvicola randrianasoloi,Cryptosylvicola_randrianasoloi,AVES,1,39,5890.24580349773
rank,6,6,28.2220994609865,Cyanolanius madagascarinus,Cyanolanius_madagascarinus,AVES,0.999999999996637,21,100001.477027742
rank,6,6,28.2220994609865,Daubentonia madagascariensis,Daubentonia_madagascariensis,MAMMALIA,1,68,37411.7494443506
rank,6,6,28.2220994609865,Echinops telfairi,Echinops_telfairi,MAMMALIA,1,422,50477.8012891635
rank,6,6,28.2220994609865,Eliurus antsingy,Eliurus_antsingy,MAMMALIA,0.0133748649300235,5,69.4813072830439
rank,6,6,28.2220994609865,Eliurus grandidieri,Eliurus_grandidieri,MAMMALIA,0.999641415738649,27,917.641006159482
rank,6,6,28.2220994609865,Eliurus majori,Eliurus_majori,MAMMALIA,1,337,44582.7948480845
rank,6,6,28.2220994609865,Eliurus minor,Eliurus_minor,MAMMALIA,1,1600,73745.4901603864
rank,6,6,28.2220994609865,Eliurus myoxinus,Eliurus_myoxinus,MAMMALIA,1,1139,82384.5950428546
rank,6,6,28.2220994609865,Eliurus tanala,Eliurus_tanala,MAMMALIA,1,448,47959.9984081579
rank,6,6,28.2220994609865,Eliurus webbi,Eliurus_webbi,MAMMALIA,1,538,62943.5657304376
rank,6,6,28.2220994609865,Eremopterix hova,Eremopterix_hova,AVES,0.999999720121435,25,3797.2295178175
rank,6,6,28.2220994609865,Eulemur albifrons,Eulemur_albifrons,MAMMALIA,1,48,20819.1769443839
rank,6,6,28.2220994609865,Eulemur cinereiceps,Eulemur_cinereiceps,MAMMALIA,1,165,97837.6241233164
rank,6,6,28.2220994609865,Eulemur collaris,Eulemur_collaris,MAMMALIA,1,120,97033.661005274
rank,6,6,28.2220994609865,Eulemur coronatus,Eulemur_coronatus,MAMMALIA,1,188,29069.0226743366
rank,6,6,28.2220994609865,Eulemur flavifrons,Eulemur_flavifrons,MAMMALIA,0.000213248908682684,1,25.074716512655
rank,6,6,28.2220994609865,Eulemur fulvus,Eulemur_fulvus,MAMMALIA,1,145,98165.2586840542
rank,6,6,28.2220994609865,Eulemur macaco,Eulemur_macaco,MAMMALIA,1,49,38518.945940257
rank,6,6,28.2220994609865,Eulemur mongoz,Eulemur_mongoz,MAMMALIA,0.99999995289805,33,2266.66703993082
rank,6,6,28.2220994609865,Eulemur rubriventer,Eulemur_rubriventer,MAMMALIA,1,236,81859.7773480276
rank,6,6,28.2220994609865,Eulemur rufus,Eulemur_rufus,MAMMALIA,1,173,48060.0446652855
rank,6,6,28.2220994609865,Eulemur sanfordi,Eulemur_sanfordi,MAMMALIA,1,191,98194.6463608606
rank,6,6,28.2220994609865,Euryceros prevostii,Euryceros_prevostii,AVES,0.999000955070916,3,2839.0629478842
rank,6,6,28.2220994609865,Falco zoniventris,Falco_zoniventris,AVES,0.924664308397504,1,65352.653471753
rank,6,6,28.2220994609865,Falculea palliata,Falculea_palliata,AVES,0.999999999995096,7,29224.6650039852
rank,6,6,28.2220994609865,Fossa fossana,Fossa_fossana,MAMMALIA,0.978483142936644,2,48599.4609659314
rank,6,6,28.2220994609865,Foudia madagascariensis,Foudia_madagascariensis,AVES,0.999999959127777,31,124271.979755118
rank,6,6,28.2220994609865,Foudia omissa,Foudia_omissa,AVES,0.999999999950666,15,50791.7499559671
rank,6,6,28.2220994609865,Gactornis enarratus,Gactornis_enarratus,AVES,0.999999512639443,5,49089.0068717152
rank,6,6,28.2220994609865,Galidia elegans,Galidia_elegans,MAMMALIA,0.968206154971563,6,49867.5283673876
rank,6,6,28.2220994609865,Galidictis fasciata,Galidictis_fasciata,MAMMALIA,0,3,4247.07071315497
rank,6,6,28.2220994609865,Geobiastes squamiger,Geobiastes_squamiger,AVES,0.999652519491625,4,10926.8523845822
rank,6,6,28.2220994609865,Geogale aurita,Geogale_aurita,MAMMALIA,1,734,30970.475206852
rank,6,6,28.2220994609865,Gymnuromys roberti,Gymnuromys_roberti,MAMMALIA,1,165,26399.7579688551
rank,6,6,28.2220994609865,Haliaeetus vociferoides,Haliaeetus_vociferoides,AVES,0.00381178967203222,1,4323.51883294433
rank,6,6,28.2220994609865,Hapalemur alaotrensis,Hapalemur_alaotrensis,MAMMALIA,1,71,5157.13093693858
rank,6,6,28.2220994609865,Hapalemur aureus,Hapalemur_aureus,MAMMALIA,0.999999995692329,24,1820.55619611591
rank,6,6,28.2220994609865,Hapalemur griseus,Hapalemur_griseus,MAMMALIA,1,174,92957.714726067
rank,6,6,28.2220994609865,Hapalemur occidentalis,Hapalemur_occidentalis,MAMMALIA,0.999995100328248,28,1026.71440970898
rank,6,6,28.2220994609865,Hartertula flavoviridis,Hartertula_flavoviridis,AVES,1,44,8091.20523543656
rank,6,6,28.2220994609865,Hartlaubius auratus,Hartlaubius_auratus,AVES,0.999998905965645,15,96806.0881482743
rank,6,6,28.2220994609865,Hemicentetes nigriceps,Hemicentetes_nigriceps,MAMMALIA,0.999953127257988,35,2052.96238155258
rank,6,6,28.2220994609865,Hemicentetes semispinosus,Hemicentetes_semispinosus,MAMMALIA,0.999999999999999,96,72073.6263366938
rank,6,6,28.2220994609865,Hypogeomys antimena,Hypogeomys_antimena,MAMMALIA,0.133821965840603,5,104.686912983656
rank,6,6,28.2220994609865,Hypositta corallirostris,Hypositta_corallirostris,AVES,0.999986914951664,11,61835.913901113
rank,6,6,28.2220994609865,Indri indri,Indri_indri,MAMMALIA,0.999999970640983,18,63291.5222329423
rank,6,6,28.2220994609865,Lemur catta,Lemur_catta,MAMMALIA,1,224,24273.8657571077
rank,6,6,28.2220994609865,Lepidopygia nana,Lepidopygia_nana,AVES,0.998985073273473,59,123279.042500093
rank,6,6,28.2220994609865,Lepilemur ankaranensis,Lepilemur_ankaranensis,MAMMALIA,0.942459903341428,13,361.823311685567
rank,6,6,28.2220994609865,Lepilemur edwardsi,Lepilemur_edwardsi,MAMMALIA,1,62,9565.69475992416
rank,6,6,28.2220994609865,Lepilemur leucopus,Lepilemur_leucopus,MAMMALIA,1,85,17662.2730433643
rank,6,6,28.2220994609865,Lepilemur microdon,Lepilemur_microdon,MAMMALIA,0.999999999996953,33,4755.53678376442
rank,6,6,28.2220994609865,Lepilemur mustelinus,Lepilemur_mustelinus,MAMMALIA,1,240,84460.6157267168
rank,6,6,28.2220994609865,Lepilemur ruficaudatus,Lepilemur_ruficaudatus,MAMMALIA,1,170,16354.6107228782
rank,6,6,28.2220994609865,Leptopterus chabert,Leptopterus_chabert,AVES,0.999999910941242,16,114144.614289321
rank,6,6,28.2220994609865,Lophotibis cristata,Lophotibis_cristata,AVES,0.999841286791813,2,82872.2467324277
rank,6,6,28.2220994609865,Macrotarsomys bastardi,Macrotarsomys_bastardi,MAMMALIA,1,273,8078.49295869066
rank,6,6,28.2220994609865,Margaroperdix madagarensis,Margaroperdix_madagarensis,AVES,0.999973402052782,2,95378.9786653221
rank,6,6,28.2220994609865,Mentocrex kioloides,Mentocrex_kioloides,AVES,0.997613929216485,1,32399.3752423227
rank,6,6,28.2220994609865,Mesitornis unicolor,Mesitornis_unicolor,AVES,0,1,89.8278131379858
rank,6,6,28.2220994609865,Mesitornis variegatus,Mesitornis_variegatus,AVES,0.998762356946553,5,2869.24937690049
rank,6,6,28.2220994609865,Microcebus berthae,Microcebus_berthae,MAMMALIA,1.52725555535582e-08,2,17.7781751081347
rank,6,6,28.2220994609865,Microcebus griseorufus,Microcebus_griseorufus,MAMMALIA,0.995769019106108,14,501.433658043884
rank,6,6,28.2220994609865,Microcebus murinus,Microcebus_murinus,MAMMALIA,1,1456,85343.6768098325
rank,6,6,28.2220994609865,Microcebus myoxinus,Microcebus_myoxinus,MAMMALIA,0.999999992654343,102,1124.39007911777
rank,6,6,28.2220994609865,Microcebus ravelobensis,Microcebus_ravelobensis,MAMMALIA,0.778620368188765,15,246.875988043973
rank,6,6,28.2220994609865,Microcebus rufus,Microcebus_rufus,MAMMALIA,1,1292,67973.2513842061
rank,6,6,28.2220994609865,Microcebus tavaratra,Microcebus_tavaratra,MAMMALIA,0.99348955741329,45,767.433245509863
rank,6,6,28.2220994609865,Microgale brevicaudata,Microgale_brevicaudata,MAMMALIA,1,861,31577.9015525058
rank,6,6,28.2220994609865,Microgale cowani,Microgale_cowani,MAMMALIA,1,603,57847.9930093363
rank,6,6,28.2220994609865,Microgale drouhardi,Microgale_drouhardi,MAMMALIA,1,321,26520.9827660083
rank,6,6,28.2220994609865,Microgale dryas,Microgale_dryas,MAMMALIA,0.897201399235259,47,1369.92029440585
rank,6,6,28.2220994609865,Microgale fotsifotsy,Microgale_fotsifotsy,MAMMALIA,1,400,30852.9318408511
rank,6,6,28.2220994609865,Microgale gracilis,Microgale_gracilis,MAMMALIA,0.999999999998795,118,9616.12748635673
rank,6,6,28.2220994609865,Microgale gymnorhyncha,Microgale_gymnorhyncha,MAMMALIA,1,137,19435.7367022566
rank,6,6,28.2220994609865,Microgale longicaudata,Microgale_longicaudata,MAMMALIA,1,1103,62839.7998090983
rank,6,6,28.2220994609865,Microgale mergulus,Microgale_mergulus,MAMMALIA,0.999999999999895,70,5545.84358585402
rank,6,6,28.2220994609865,Microgale parvula,Microgale_parvula,MAMMALIA,0.99999999999995,1298,63151.2860582327
rank,6,6,28.2220994609865,Microgale principula,Microgale_principula,MAMMALIA,0.999999999999999,615,50408.6723596379
rank,6,6,28.2220994609865,Microgale pusilla,Microgale_pusilla,MAMMALIA,0.9999999991123,398,17417.1171763316
rank,6,6,28.2220994609865,Microgale soricoides,Microgale_soricoides,MAMMALIA,1,149,27301.0550278059
rank,6,6,28.2220994609865,Microgale taiva,Microgale_taiva,MAMMALIA,1,309,40594.8811729401
rank,6,6,28.2220994609865,Microgale thomasi,Microgale_thomasi,MAMMALIA,1,123,24207.1328342482
rank,6,6,28.2220994609865,Mirza coquereli,Mirza_coquereli,MAMMALIA,0.999997589067307,53,2653.0007427779
rank,6,6,28.2220994609865,Monias benschi,Monias_benschi,AVES,0,1,82.9420458882274
rank,6,6,28.2220994609865,Monticola erythronotus,Monticola_erythronotus,AVES,0.505764981643065,1,97.4973036619822
rank,6,6,28.2220994609865,Monticola sharpei,Monticola_sharpei,AVES,1,32,90846.3561516255
rank,6,6,28.2220994609865,Monticolomys koopmani,Monticolomys_koopmani,MAMMALIA,0.132627251095215,6,104.060766987503
rank,6,6,28.2220994609865,Motacilla flaviventris,Motacilla_flaviventris,AVES,1,41,5920.77458290839
rank,6,6,28.2220994609865,Mystacornis crossleyi,Mystacornis_crossleyi,AVES,0.99999999999998,10,47352.0783967552
rank,6,6,28.2220994609865,Neodrepanis coruscans,Neodrepanis_coruscans,AVES,0.99999899911931,16,29485.3157479715
rank,6,6,28.2220994609865,Neodrepanis hypoxantha,Neodrepanis_hypoxantha,AVES,0.0211788111247608,3,88.4296057149768
rank,6,6,28.2220994609865,Neomixis striatigula,Neomixis_striatigula,AVES,0.99999999998191,20,57884.5880933743
rank,6,6,28.2220994609865,Neomixis tenella,Neomixis_tenella,AVES,1,86,86801.0901594907
rank,6,6,28.2220994609865,Neomixis viridis,Neomixis_viridis,AVES,0.999999999956647,25,52905.3323866328
rank,6,6,28.2220994609865,Nesillas lantzii,Nesillas_lantzii,AVES,0.999983000083502,3,2703.9328436479
rank,6,6,28.2220994609865,Nesogale dobsoni,Nesogale_dobsoni,MAMMALIA,1,361,66990.9878070502
rank,6,6,28.2220994609865,Nesogale talazaci,Nesogale_talazaci,MAMMALIA,1,212,64459.4531420885
rank,6,6,28.2220994609865,Nesomys audeberti,Nesomys_audeberti,MAMMALIA,1,112,4341.68964188552
rank,6,6,28.2220994609865,Nesomys lambertoni,Nesomys_lambertoni,MAMMALIA,0.999983982375401,29,958.575495295227
rank,6,6,28.2220994609865,Nesomys rufus,Nesomys_rufus,MAMMALIA,1,238,46386.0768551801
rank,6,6,28.2220994609865,Newtonia amphichroa,Newtonia_amphichroa,AVES,1,16,42348.8856198091
rank,6,6,28.2220994609865,Newtonia archboldi,Newtonia_archboldi,AVES,0.999743205924592,10,2057.60292387809
rank,6,6,28.2220994609865,Newtonia brunneicauda,Newtonia_brunneicauda,AVES,1,37,115601.112057634
rank,6,6,28.2220994609865,Newtonia fanovanae,Newtonia_fanovanae,AVES,0.353055283448657,2,98.2207024819943
rank,6,6,28.2220994609865,Oriolia bernieri,Oriolia_bernieri,AVES,0.99999997437148,14,14260.2725387812
rank,6,6,28.2220994609865,Oryzorictes hova,Oryzorictes_hova,MAMMALIA,1,278,61333.1687372252
rank,6,6,28.2220994609865,Oryzorictes tetradactylus,Oryzorictes_tetradactylus,MAMMALIA,1,148,9760.01605543343
rank,6,6,28.2220994609865,Otus rutilus,Otus_rutilus,AVES,0.999999796603309,3,101206.979660876
rank,6,6,28.2220994609865,Oxylabes madagascariensis,Oxylabes_madagascariensis,AVES,0.999999999999997,15,53031.7643797621
rank,6,6,28.2220994609865,Phaner electromontis,Phaner_electromontis,MAMMALIA,1.1181189119025e-07,1,17.4337788633315
rank,6,6,28.2220994609865,Phaner furcifer,Phaner_furcifer,MAMMALIA,0.887905466959644,58,892.662774423171
rank,6,6,28.2220994609865,Phaner pallescens,Phaner_pallescens,MAMMALIA,0.999999999996844,57,3490.31024751067
rank,6,6,28.2220994609865,Phaner parienti,Phaner_parienti,MAMMALIA,0.00280017666108967,1,24.4501852478648
rank,6,6,28.2220994609865,Philepitta castanea,Philepitta_castanea,AVES,0.98375426081072,4,38301.5021825135
rank,6,6,28.2220994609865,Philepitta schlegeli,Philepitta_schlegeli,AVES,0.987524179927164,15,4225.11822379083
rank,6,6,28.2220994609865,Ploceus nelicourvi,Ploceus_nelicourvi,AVES,0.999999997805474,11,61970.3460000381
rank,6,6,28.2220994609865,Ploceus sakalava,Ploceus_sakalava,AVES,0.999999983852586,38,34903.4896675348
rank,6,6,28.2220994609865,Polyboroides radiatus,Polyboroides_radiatus,AVES,0.998058417858921,1,91533.3405716934
rank,6,6,28.2220994609865,Pseudobias wardi,Pseudobias_wardi,AVES,0.999999999999996,18,41755.3198607369
rank,6,6,28.2220994609865,Pterocles personatus,Pterocles_personatus,AVES,0.872156050066825,6,5217.07097608957
rank,6,6,28.2220994609865,Rallus madagascariensis,Rallus_madagascariensis,AVES,0.999999370861577,5,14493.2429576996
rank,6,6,28.2220994609865,Randia pseudozosterops,Randia_pseudozosterops,AVES,0.999998850764369,6,46235.610942346
rank,6,6,28.2220994609865,Sarothrura insularis,Sarothrura_insularis,AVES,0.999958671766525,7,70629.80964645
rank,6,6,28.2220994609865,Schetba rufa,Schetba_rufa,AVES,0.999999999999993,24,29523.7137738168
rank,6,6,28.2220994609865,Setifer setosus,Setifer_setosus,MAMMALIA,1,208,112198.490725525
rank,6,6,28.2220994609865,Tenrec ecaudatus,Tenrec_ecaudatus,MAMMALIA,1,106,113013.967559785
rank,6,6,28.2220994609865,Thamnornis chloropetoides,Thamnornis_chloropetoides,AVES,0.999977503425807,5,3406.82650635392
rank,6,6,28.2220994609865,Treron australis,Treron_australis,AVES,0.99628152136986,1,101500.236162707
rank,6,6,28.2220994609865,Turnix nigricollis,Turnix_nigricollis,AVES,0.9999270665082,4,110766.844534107
rank,6,6,28.2220994609865,Tylas eduardi,Tylas_eduardi,AVES,0.999999988367361,6,59409.010575138
rank,6,6,28.2220994609865,Vanga curvirostris,Vanga_curvirostris,AVES,0.999930787736853,8,114040.080764865
rank,6,6,28.2220994609865,Varecia rubra,Varecia_rubra,MAMMALIA,1,48,73217.8722766841
rank,6,6,28.2220994609865,Varecia variegata,Varecia_variegata,MAMMALIA,0.999999999999809,40,72491.5186156283
rank,6,6,28.2220994609865,Xanthomixis apperti,Xanthomixis_apperti,AVES,0.441311210122258,1,68.4073899760842
rank,6,6,28.2220994609865,Xanthomixis cinereiceps,Xanthomixis_cinereiceps,AVES,1,22,17496.0994426087
rank,6,6,28.2220994609865,Xanthomixis zosterops,Xanthomixis_zosterops,AVES,0.999999999899384,16,62678.3672377765
rank,6,6,28.2220994609865,Xenopirostris damii,Xenopirostris_damii,AVES,0.00179910766481406,1,93.5023440420628
rank,6,6,28.2220994609865,Xenopirostris polleni,Xenopirostris_polleni,AVES,0.999999970566535,10,17754.3048400227
rank,6,6,28.2220994609865,Xenopirostris xenopirostris,Xenopirostris_xenopirostris,AVES,0.96505807541122,1,1102.55740338564
rank,7,7,32.9130272076623,Accipiter henstii,Accipiter_henstii,AVES,0.752264079995604,1,75802.0803068876
rank,7,7,32.9130272076623,Accipiter madagascariensis,Accipiter_madagascariensis,AVES,0.920306825419607,1,91024.1806275249
rank,7,7,32.9130272076623,Acrocephalus newtoni,Acrocephalus_newtoni,AVES,1,22,101837.802126146
rank,7,7,32.9130272076623,Alectroenas madagascariensis,Alectroenas_madagascariensis,AVES,0.998452191670223,7,66118.3731729698
rank,7,7,32.9130272076623,Allocebus trichotis,Allocebus_trichotis,MAMMALIA,0.00783473494650444,3,72.1001097112894
rank,7,7,32.9130272076623,Anas bernieri,Anas_bernieri,AVES,0,1,161.555721102021
rank,7,7,32.9130272076623,Apus balstoni,Apus_balstoni,AVES,0.999999979836518,9,92139.8056956351
rank,7,7,32.9130272076623,Artamella viridis,Artamella_viridis,AVES,0.99999999999951,16,96556.3887713254
rank,7,7,32.9130272076623,Asio madagascariensis,Asio_madagascariensis,AVES,0.869793569699341,2,67288.3920419731
rank,7,7,32.9130272076623,Atelornis crossleyi,Atelornis_crossleyi,AVES,0.999998758967357,7,11572.6222161697
rank,7,7,32.9130272076623,Atelornis pittoides,Atelornis_pittoides,AVES,0.999736137146916,3,41792.2296092883
rank,7,7,32.9130272076623,Athene superciliaris,Athene_superciliaris,AVES,0.999507186303635,1,66057.8457603604
rank,7,7,32.9130272076623,Avahi laniger,Avahi_laniger,MAMMALIA,1,95,37616.4562480673
rank,7,7,32.9130272076623,Avahi occidentalis,Avahi_occidentalis,MAMMALIA,0.996177513156648,4,630.900925964117
rank,7,7,32.9130272076623,Aviceda madagascariensis,Aviceda_madagascariensis,AVES,0.970265793513185,1,86280.3886605352
rank,7,7,32.9130272076623,Bernieria madagascariensis,Bernieria_madagascariensis,AVES,0.999999999678899,18,93267.1299184499
rank,7,7,32.9130272076623,Brachypteracias leptosomus,Brachypteracias_leptosomus,AVES,0.999771272970081,1,37025.9832021445
rank,7,7,32.9130272076623,Brachytarsomys albicauda,Brachytarsomys_albicauda,MAMMALIA,0.999999991596676,50,1815.17485363856
rank,7,7,32.9130272076623,Brachyuromys betsileoensis,Brachyuromys_betsileoensis,MAMMALIA,1,120,13143.2087287489
rank,7,7,32.9130272076623,Brachyuromys ramirohitra,Brachyuromys_ramirohitra,MAMMALIA,0.65541484639138,2,90.5857082977891
rank,7,7,32.9130272076623,Bradypterus brunneus,Bradypterus_brunneus,AVES,1,37,12745.4677566262
rank,7,7,32.9130272076623,Bradypterus seebohmi,Bradypterus_seebohmi,AVES,0.452718231585579,1,71.7493425011635
rank,7,7,32.9130272076623,Buteo brachypterus,Buteo_brachypterus,AVES,0.8430773163238,1,92461.0506975502
rank,7,7,32.9130272076623,Calicalicus madagascariensis,Calicalicus_madagascariensis,AVES,1,30,93809.0406880069
rank,7,7,32.9130272076623,Cheirogaleus crossleyi,Cheirogaleus_crossleyi,MAMMALIA,1,93,5730.13483757593
rank,7,7,32.9130272076623,Cheirogaleus major,Cheirogaleus_major,MAMMALIA,1,245,70061.677968666
rank,7,7,32.9130272076623,Cheirogaleus medius,Cheirogaleus_medius,MAMMALIA,1,1093,48541.4475784972
rank,7,7,32.9130272076623,Cinnyris notatus,Cinnyris_notatus,AVES,0.999999999994003,45,99356.2172526249
rank,7,7,32.9130272076623,Copsychus albospecularis,Copsychus_albospecularis,AVES,0.99999480459815,7,56922.4261104859
rank,7,7,32.9130272076623,Coracopsis nigra,Coracopsis_nigra,AVES,0.995509785773591,2,101680.006683994
rank,7,7,32.9130272076623,Corythornis madagascariensis,Corythornis_madagascariensis,AVES,0.892869770810661,8,88079.5880634847
rank,7,7,32.9130272076623,Coua caerulea,Coua_caerulea,AVES,0.999921667946149,6,42730.4403477899
rank,7,7,32.9130272076623,Coua coquereli,Coua_coquereli,AVES,0.999969341367513,2,26589.6998332739
rank,7,7,32.9130272076623,Coua cristata,Coua_cristata,AVES,0.999998523791393,5,77597.7777037695
rank,7,7,32.9130272076623,Coua cursor,Coua_cursor,AVES,0.999461139915642,1,13051.5042802542
rank,7,7,32.9130272076623,Coua gigas,Coua_gigas,AVES,0.999849353655093,1,28791.7055528909
rank,7,7,32.9130272076623,Coua reynaudii,Coua_reynaudii,AVES,0.999892522803693,4,36753.4754348099
rank,7,7,32.9130272076623,Coua ruficeps,Coua_ruficeps,AVES,0.959346120072314,3,1327.46846918499
rank,7,7,32.9130272076623,Coua serriana,Coua_serriana,AVES,0.99146995526757,1,32257.0364898646
rank,7,7,32.9130272076623,Crossleyia xanthophrys,Crossleyia_xanthophrys,AVES,1,45,4117.99735637009
rank,7,7,32.9130272076623,Cryptoprocta ferox,Cryptoprocta_ferox,MAMMALIA,0.0700442454583097,4,36509.1425829443
rank,7,7,32.9130272076623,Cryptosylvicola randrianasoloi,Cryptosylvicola_randrianasoloi,AVES,1,40,5879.54741860926
rank,7,7,32.9130272076623,Cyanolanius madagascarinus,Cyanolanius_madagascarinus,AVES,0.999999999999438,22,96742.0035284177
rank,7,7,32.9130272076623,Daubentonia madagascariensis,Daubentonia_madagascariensis,MAMMALIA,1,69,36734.6403485909
rank,7,7,32.9130272076623,Echinops telfairi,Echinops_telfairi,MAMMALIA,1,400,45916.7184315175
rank,7,7,32.9130272076623,Eliurus antsingy,Eliurus_antsingy,MAMMALIA,0.0133748649300235,5,69.4813072830439
rank,7,7,32.9130272076623,Eliurus grandidieri,Eliurus_grandidieri,MAMMALIA,0.999641415738649,27,917.641006159482
rank,7,7,32.9130272076623,Eliurus majori,Eliurus_majori,MAMMALIA,1,331,44138.5885095969
rank,7,7,32.9130272076623,Eliurus minor,Eliurus_minor,MAMMALIA,1,1563,73139.466267526
rank,7,7,32.9130272076623,Eliurus myoxinus,Eliurus_myoxinus,MAMMALIA,1,1101,77999.3238868043
rank,7,7,32.9130272076623,Eliurus tanala,Eliurus_tanala,MAMMALIA,1,448,47773.4980374621
rank,7,7,32.9130272076623,Eliurus webbi,Eliurus_webbi,MAMMALIA,1,541,62688.8380134478
rank,7,7,32.9130272076623,Eremopterix hova,Eremopterix_hova,AVES,0.99999910773531,26,3578.38614368439
rank,7,7,32.9130272076623,Eulemur albifrons,Eulemur_albifrons,MAMMALIA,1,47,20625.1283887232
rank,7,7,32.9130272076623,Eulemur cinereiceps,Eulemur_cinereiceps,MAMMALIA,1,170,94996.6432905272
rank,7,7,32.9130272076623,Eulemur collaris,Eulemur_collaris,MAMMALIA,1,134,94377.0816935565
rank,7,7,32.9130272076623,Eulemur coronatus,Eulemur_coronatus,MAMMALIA,1,189,28098.7738507404
rank,7,7,32.9130272076623,Eulemur flavifrons,Eulemur_flavifrons,MAMMALIA,0.000213248908682684,1,25.074716512655
rank,7,7,32.9130272076623,Eulemur fulvus,Eulemur_fulvus,MAMMALIA,1,145,95250.6662922992
rank,7,7,32.9130272076623,Eulemur macaco,Eulemur_macaco,MAMMALIA,1,47,38229.207085058
rank,7,7,32.9130272076623,Eulemur mongoz,Eulemur_mongoz,MAMMALIA,0.99999995289805,33,2266.66703993082
rank,7,7,32.9130272076623,Eulemur rubriventer,Eulemur_rubriventer,MAMMALIA,1,223,80572.906303843
rank,7,7,32.9130272076623,Eulemur rufus,Eulemur_rufus,MAMMALIA,1,182,45959.819261418
rank,7,7,32.9130272076623,Eulemur sanfordi,Eulemur_sanfordi,MAMMALIA,1,205,95362.5576039401
rank,7,7,32.9130272076623,Euryceros prevostii,Euryceros_prevostii,AVES,0.999000955070916,3,2839.0629478842
rank,7,7,32.9130272076623,Falco zoniventris,Falco_zoniventris,AVES,0.921383107941625,1,62616.7412109524
rank,7,7,32.9130272076623,Falculea palliata,Falculea_palliata,AVES,0.999999999999288,8,27522.8841513693
rank,7,7,32.9130272076623,Fossa fossana,Fossa_fossana,MAMMALIA,0.978483142936644,2,48599.4609659314
rank,7,7,32.9130272076623,Foudia madagascariensis,Foudia_madagascariensis,AVES,0.999999954681385,42,118254.686115645
rank,7,7,32.9130272076623,Foudia omissa,Foudia_omissa,AVES,0.999999999979413,16,50607.7977099642
rank,7,7,32.9130272076623,Gactornis enarratus,Gactornis_enarratus,AVES,0.99999951232984,5,49073.4127500877
rank,7,7,32.9130272076623,Galidia elegans,Galidia_elegans,MAMMALIA,0.968189858495078,6,49551.9180161388
rank,7,7,32.9130272076623,Galidictis fasciata,Galidictis_fasciata,MAMMALIA,0,3,4247.07071315497
rank,7,7,32.9130272076623,Geobiastes squamiger,Geobiastes_squamiger,AVES,0.999650664695381,4,10922.139812611
rank,7,7,32.9130272076623,Geogale aurita,Geogale_aurita,MAMMALIA,1,708,29374.0814291462
rank,7,7,32.9130272076623,Gymnuromys roberti,Gymnuromys_roberti,MAMMALIA,1,168,26358.4095478971
rank,7,7,32.9130272076623,Haliaeetus vociferoides,Haliaeetus_vociferoides,AVES,0.00375054843606271,1,4314.14022003859
rank,7,7,32.9130272076623,Hapalemur alaotrensis,Hapalemur_alaotrensis,MAMMALIA,1,65,4617.88963700592
rank,7,7,32.9130272076623,Hapalemur aureus,Hapalemur_aureus,MAMMALIA,0.999999995692329,24,1820.55619611591
rank,7,7,32.9130272076623,Hapalemur griseus,Hapalemur_griseus,MAMMALIA,1,181,90942.9498247282
rank,7,7,32.9130272076623,Hapalemur occidentalis,Hapalemur_occidentalis,MAMMALIA,0.999995100328248,28,1026.71440970898
rank,7,7,32.9130272076623,Hartertula flavoviridis,Hartertula_flavoviridis,AVES,1,44,8089.23423104733
rank,7,7,32.9130272076623,Hartlaubius auratus,Hartlaubius_auratus,AVES,0.999999728102923,14,94243.7619494455
rank,7,7,32.9130272076623,Hemicentetes nigriceps,Hemicentetes_nigriceps,MAMMALIA,0.999953127257988,35,2052.96238155258
rank,7,7,32.9130272076623,Hemicentetes semispinosus,Hemicentetes_semispinosus,MAMMALIA,1,104,71467.9075689837
rank,7,7,32.9130272076623,Hypogeomys antimena,Hypogeomys_antimena,MAMMALIA,0.133821965840603,5,104.686912983656
rank,7,7,32.9130272076623,Hypositta corallirostris,Hypositta_corallirostris,AVES,0.999985942489223,11,61624.2918039188
rank,7,7,32.9130272076623,Indri indri,Indri_indri,MAMMALIA,0.999999960941519,15,62948.0606250018
rank,7,7,32.9130272076623,Lemur catta,Lemur_catta,MAMMALIA,1,224,21617.8270392716
rank,7,7,32.9130272076623,Lepidopygia nana,Lepidopygia_nana,AVES,0.999050962989324,63,117388.157908998
rank,7,7,32.9130272076623,Lepilemur ankaranensis,Lepilemur_ankaranensis,MAMMALIA,0.942459903341428,13,361.823311685567
rank,7,7,32.9130272076623,Lepilemur edwardsi,Lepilemur_edwardsi,MAMMALIA,1,70,9009.90421788023
rank,7,7,32.9130272076623,Lepilemur leucopus,Lepilemur_leucopus,MAMMALIA,1,93,15149.6183734387
rank,7,7,32.9130272076623,Lepilemur microdon,Lepilemur_microdon,MAMMALIA,0.999999999996721,33,4722.95434210729
rank,7,7,32.9130272076623,Lepilemur mustelinus,Lepilemur_mustelinus,MAMMALIA,1,253,80811.2963862047
rank,7,7,32.9130272076623,Lepilemur ruficaudatus,Lepilemur_ruficaudatus,MAMMALIA,1,182,15162.187790135
rank,7,7,32.9130272076623,Leptopterus chabert,Leptopterus_chabert,AVES,0.999999999970513,24,109030.515397087
rank,7,7,32.9130272076623,Lophotibis cristata,Lophotibis_cristata,AVES,0.999838395200308,2,82093.6473282114
rank,7,7,32.9130272076623,Macrotarsomys bastardi,Macrotarsomys_bastardi,MAMMALIA,1,265,8037.50493644488
rank,7,7,32.9130272076623,Margaroperdix madagarensis,Margaroperdix_madagarensis,AVES,0.999971862684309,3,92172.2864002809
rank,7,7,32.9130272076623,Mentocrex kioloides,Mentocrex_kioloides,AVES,0.997613929216485,1,32399.3752423227
rank,7,7,32.9130272076623,Mesitornis unicolor,Mesitornis_unicolor,AVES,0,1,89.8278131379858
rank,7,7,32.9130272076623,Mesitornis variegatus,Mesitornis_variegatus,AVES,0.998762356946553,5,2869.24937690049
rank,7,7,32.9130272076623,Microcebus berthae,Microcebus_berthae,MAMMALIA,1.52725555535582e-08,2,17.7781751081347
rank,7,7,32.9130272076623,Microcebus griseorufus,Microcebus_griseorufus,MAMMALIA,0.995769019106108,14,501.433658043884
rank,7,7,32.9130272076623,Microcebus murinus,Microcebus_murinus,MAMMALIA,1,1391,79804.8363373131
rank,7,7,32.9130272076623,Microcebus myoxinus,Microcebus_myoxinus,MAMMALIA,0.999999992654343,102,1124.39007911777
rank,7,7,32.9130272076623,Microcebus ravelobensis,Microcebus_ravelobensis,MAMMALIA,0.778620368188765,15,246.875988043973
rank,7,7,32.9130272076623,Microcebus rufus,Microcebus_rufus,MAMMALIA,1,1269,67263.9446584508
rank,7,7,32.9130272076623,Microcebus tavaratra,Microcebus_tavaratra,MAMMALIA,0.99348955741329,45,767.433245509863
rank,7,7,32.9130272076623,Microgale brevicaudata,Microgale_brevicaudata,MAMMALIA,1,839,30909.5389564708
rank,7,7,32.9130272076623,Microgale cowani,Microgale_cowani,MAMMALIA,1,582,57016.136930123
rank,7,7,32.9130272076623,Microgale drouhardi,Microgale_drouhardi,MAMMALIA,1,321,26341.2998152847
rank,7,7,32.9130272076623,Microgale dryas,Microgale_dryas,MAMMALIA,0.897201399235259,47,1369.92029440585
rank,7,7,32.9130272076623,Microgale fotsifotsy,Microgale_fotsifotsy,MAMMALIA,1,402,30610.4359520469
rank,7,7,32.9130272076623,Microgale gracilis,Microgale_gracilis,MAMMALIA,0.999999999998778,118,9611.68679902565
rank,7,7,32.9130272076623,Microgale gymnorhyncha,Microgale_gymnorhyncha,MAMMALIA,1,143,19386.9280448393
rank,7,7,32.9130272076623,Microgale longicaudata,Microgale_longicaudata,MAMMALIA,1,1075,62070.7415612191
rank,7,7,32.9130272076623,Microgale mergulus,Microgale_mergulus,MAMMALIA,0.999999999999892,69,5532.28747612892
rank,7,7,32.9130272076623,Microgale parvula,Microgale_parvula,MAMMALIA,0.999999999999948,1276,62972.0662628485
rank,7,7,32.9130272076623,Microgale principula,Microgale_principula,MAMMALIA,0.999999999999999,618,50345.989926517
rank,7,7,32.9130272076623,Microgale pusilla,Microgale_pusilla,MAMMALIA,0.999999998987318,400,17299.6190722883
rank,7,7,32.9130272076623,Microgale soricoides,Microgale_soricoides,MAMMALIA,1,148,27204.6157059433
rank,7,7,32.9130272076623,Microgale taiva,Microgale_taiva,MAMMALIA,1,313,40552.1133665294
rank,7,7,32.9130272076623,Microgale thomasi,Microgale_thomasi,MAMMALIA,1,115,24052.9476342499
rank,7,7,32.9130272076623,Mirza coquereli,Mirza_coquereli,MAMMALIA,0.999997589067307,53,2653.0007427779
rank,7,7,32.9130272076623,Monias benschi,Monias_benschi,AVES,0,1,82.9420458882274
rank,7,7,32.9130272076623,Monticola erythronotus,Monticola_erythronotus,AVES,0.505764981643065,1,97.4973036619822
rank,7,7,32.9130272076623,Monticola sharpei,Monticola_sharpei,AVES,1,33,86405.8157096207
rank,7,7,32.9130272076623,Monticolomys koopmani,Monticolomys_koopmani,MAMMALIA,0.132627251095215,6,104.060766987503
rank,7,7,32.9130272076623,Motacilla flaviventris,Motacilla_flaviventris,AVES,0.999999999999987,32,4768.75565013852
rank,7,7,32.9130272076623,Mystacornis crossleyi,Mystacornis_crossleyi,AVES,0.999999999999996,12,47305.7883575289
rank,7,7,32.9130272076623,Neodrepanis coruscans,Neodrepanis_coruscans,AVES,0.999998992080392,16,29460.9871328095
rank,7,7,32.9130272076623,Neodrepanis hypoxantha,Neodrepanis_hypoxantha,AVES,0.0211788111247608,3,88.4296057149768
rank,7,7,32.9130272076623,Neomixis striatigula,Neomixis_striatigula,AVES,0.999999999996915,27,57592.113280645
rank,7,7,32.9130272076623,Neomixis tenella,Neomixis_tenella,AVES,1,87,84144.8524685279
rank,7,7,32.9130272076623,Neomixis viridis,Neomixis_viridis,AVES,0.999999999990552,24,52740.2441477525
rank,7,7,32.9130272076623,Nesillas lantzii,Nesillas_lantzii,AVES,0.999983000083502,3,2703.9328436479
rank,7,7,32.9130272076623,Nesogale dobsoni,Nesogale_dobsoni,MAMMALIA,1,341,65697.6088113247
rank,7,7,32.9130272076623,Nesogale talazaci,Nesogale_talazaci,MAMMALIA,1,210,64202.9805047777
rank,7,7,32.9130272076623,Nesomys audeberti,Nesomys_audeberti,MAMMALIA,1,114,4323.03610753093
rank,7,7,32.9130272076623,Nesomys lambertoni,Nesomys_lambertoni,MAMMALIA,0.999983982375401,29,958.575495295227
rank,7,7,32.9130272076623,Nesomys rufus,Nesomys_rufus,MAMMALIA,1,241,46263.4303835481
rank,7,7,32.9130272076623,Newtonia amphichroa,Newtonia_amphichroa,AVES,1,16,42138.3739351893
rank,7,7,32.9130272076623,Newtonia archboldi,Newtonia_archboldi,AVES,0.999743205924592,10,2057.60292387809
rank,7,7,32.9130272076623,Newtonia brunneicauda,Newtonia_brunneicauda,AVES,1,40,110832.002306663
rank,7,7,32.9130272076623,Newtonia fanovanae,Newtonia_fanovanae,AVES,0.353055283448657,2,98.2207024819943
rank,7,7,32.9130272076623,Oriolia bernieri,Oriolia_bernieri,AVES,0.999999974319675,14,14254.1415528208
rank,7,7,32.9130272076623,Oryzorictes hova,Oryzorictes_hova,MAMMALIA,1,276,60965.0310908929
rank,7,7,32.9130272076623,Oryzorictes tetradactylus,Oryzorictes_tetradactylus,MAMMALIA,0.999999999999951,153,9134.80295577485
rank,7,7,32.9130272076623,Otus rutilus,Otus_rutilus,AVES,0.999999770026357,5,98507.4433164
rank,7,7,32.9130272076623,Oxylabes madagascariensis,Oxylabes_madagascariensis,AVES,1,16,52862.8205750585
rank,7,7,32.9130272076623,Phaner electromontis,Phaner_electromontis,MAMMALIA,1.1181189119025e-07,1,17.4337788633315
rank,7,7,32.9130272076623,Phaner furcifer,Phaner_furcifer,MAMMALIA,0.887905466959644,58,892.662774423171
rank,7,7,32.9130272076623,Phaner pallescens,Phaner_pallescens,MAMMALIA,0.999999999996566,54,3452.08211328834
rank,7,7,32.9130272076623,Phaner parienti,Phaner_parienti,MAMMALIA,0.00280017666108967,1,24.4501852478648
rank,7,7,32.9130272076623,Philepitta castanea,Philepitta_castanea,AVES,0.983702053910137,4,38153.4063122273
rank,7,7,32.9130272076623,Philepitta schlegeli,Philepitta_schlegeli,AVES,0.987193515473345,15,4145.74174065492
rank,7,7,32.9130272076623,Ploceus nelicourvi,Ploceus_nelicourvi,AVES,0.999999997304736,10,61768.3929232508
rank,7,7,32.9130272076623,Ploceus sakalava,Ploceus_sakalava,AVES,0.999999987054256,42,32315.752618961
rank,7,7,32.9130272076623,Polyboroides radiatus,Polyboroides_radiatus,AVES,0.997816160711992,1,85293.6725739357
rank,7,7,32.9130272076623,Pseudobias wardi,Pseudobias_wardi,AVES,0.999999999999996,18,41714.6405493847
rank,7,7,32.9130272076623,Pterocles personatus,Pterocles_personatus,AVES,0.799177993777448,7,4533.64705070108
rank,7,7,32.9130272076623,Rallus madagascariensis,Rallus_madagascariensis,AVES,0.999999322972453,5,14473.914061725
rank,7,7,32.9130272076623,Randia pseudozosterops,Randia_pseudozosterops,AVES,0.999998813496432,7,46014.2276315495
rank,7,7,32.9130272076623,Sarothrura insularis,Sarothrura_insularis,AVES,0.999947054880418,7,69601.5397192985
rank,7,7,32.9130272076623,Schetba rufa,Schetba_rufa,AVES,0.999999999999989,24,29275.6153213978
rank,7,7,32.9130272076623,Setifer setosus,Setifer_setosus,MAMMALIA,1,210,107086.969385296
rank,7,7,32.9130272076623,Tenrec ecaudatus,Tenrec_ecaudatus,MAMMALIA,1,108,108965.415828623
rank,7,7,32.9130272076623,Thamnornis chloropetoides,Thamnornis_chloropetoides,AVES,0.999977473364242,5,3404.47624237835
rank,7,7,32.9130272076623,Treron australis,Treron_australis,AVES,0.996045737692561,1,96082.633208625
rank,7,7,32.9130272076623,Turnix nigricollis,Turnix_nigricollis,AVES,0.999993899223287,7,104464.810637437
rank,7,7,32.9130272076623,Tylas eduardi,Tylas_eduardi,AVES,0.999999988030745,6,59074.2841470838
rank,7,7,32.9130272076623,Vanga curvirostris,Vanga_curvirostris,AVES,0.999992551648544,10,108848.572626523
rank,7,7,32.9130272076623,Varecia rubra,Varecia_rubra,MAMMALIA,1,51,72360.7106165408
rank,7,7,32.9130272076623,Varecia variegata,Varecia_variegata,MAMMALIA,0.999999999999782,35,71615.8321022402
rank,7,7,32.9130272076623,Xanthomixis apperti,Xanthomixis_apperti,AVES,0.441311210122258,1,68.4073899760842
rank,7,7,32.9130272076623,Xanthomixis cinereiceps,Xanthomixis_cinereiceps,AVES,1,22,17431.9365378246
rank,7,7,32.9130272076623,Xanthomixis zosterops,Xanthomixis_zosterops,AVES,0.99999999986866,18,62351.1932023913
rank,7,7,32.9130272076623,Xenopirostris damii,Xenopirostris_damii,AVES,0.00179910766481406,1,93.5023440420628
rank,7,7,32.9130272076623,Xenopirostris polleni,Xenopirostris_polleni,AVES,0.999999970407447,10,17745.9474911397
rank,7,7,32.9130272076623,Xenopirostris xenopirostris,Xenopirostris_xenopirostris,AVES,0.96505807541122,1,1102.55740338564
rank,8,8,37.603063945369,Accipiter henstii,Accipiter_henstii,AVES,0.747473017815403,1,73980.9389699301
rank,8,8,37.603063945369,Accipiter madagascariensis,Accipiter_madagascariensis,AVES,0.9160235349975,1,86375.9798802733
rank,8,8,37.603063945369,Acrocephalus newtoni,Acrocephalus_newtoni,AVES,0.999999999999485,20,97195.7324648047
rank,8,8,37.603063945369,Alectroenas madagascariensis,Alectroenas_madagascariensis,AVES,0.998392630861125,6,64824.4228237478
rank,8,8,37.603063945369,Allocebus trichotis,Allocebus_trichotis,MAMMALIA,0.00783473494650444,3,72.1001097112894
rank,8,8,37.603063945369,Anas bernieri,Anas_bernieri,AVES,0,1,161.555721102021
rank,8,8,37.603063945369,Apus balstoni,Apus_balstoni,AVES,0.999999966307166,6,89383.5165855336
rank,8,8,37.603063945369,Artamella viridis,Artamella_viridis,AVES,0.999999999999994,16,92849.8094767258
rank,8,8,37.603063945369,Asio madagascariensis,Asio_madagascariensis,AVES,0.867648625376267,2,66367.2500688998
rank,8,8,37.603063945369,Atelornis crossleyi,Atelornis_crossleyi,AVES,0.999998758967357,7,11572.6222161697
rank,8,8,37.603063945369,Atelornis pittoides,Atelornis_pittoides,AVES,0.999734125180533,3,41610.5086098388
rank,8,8,37.603063945369,Athene superciliaris,Athene_superciliaris,AVES,0.999447384042661,2,61581.7114088014
rank,8,8,37.603063945369,Avahi laniger,Avahi_laniger,MAMMALIA,1,99,37275.8713817745
rank,8,8,37.603063945369,Avahi occidentalis,Avahi_occidentalis,MAMMALIA,0.996177513156648,4,630.900925964117
rank,8,8,37.603063945369,Aviceda madagascariensis,Aviceda_madagascariensis,AVES,0.967878347605305,1,81166.6936133355
rank,8,8,37.603063945369,Bernieria madagascariensis,Bernieria_madagascariensis,AVES,0.999999999973766,20,90387.6925544425
rank,8,8,37.603063945369,Brachypteracias leptosomus,Brachypteracias_leptosomus,AVES,0.99977122944738,1,37022.1268343702
rank,8,8,37.603063945369,Brachytarsomys albicauda,Brachytarsomys_albicauda,MAMMALIA,0.999999991596676,50,1815.17485363856
rank,8,8,37.603063945369,Brachyuromys betsileoensis,Brachyuromys_betsileoensis,MAMMALIA,1,118,12944.1332827612
rank,8,8,37.603063945369,Brachyuromys ramirohitra,Brachyuromys_ramirohitra,MAMMALIA,0.65541484639138,2,90.5857082977891
rank,8,8,37.603063945369,Bradypterus brunneus,Bradypterus_brunneus,AVES,1,36,12716.4814387525
rank,8,8,37.603063945369,Bradypterus seebohmi,Bradypterus_seebohmi,AVES,0.452718231585579,1,71.7493425011635
rank,8,8,37.603063945369,Buteo brachypterus,Buteo_brachypterus,AVES,0.836917283936551,1,88460.0491102562
rank,8,8,37.603063945369,Calicalicus madagascariensis,Calicalicus_madagascariensis,AVES,1,30,90722.8432699817
rank,8,8,37.603063945369,Cheirogaleus crossleyi,Cheirogaleus_crossleyi,MAMMALIA,1,91,5709.00317124689
rank,8,8,37.603063945369,Cheirogaleus major,Cheirogaleus_major,MAMMALIA,1,246,68919.6641333029
rank,8,8,37.603063945369,Cheirogaleus medius,Cheirogaleus_medius,MAMMALIA,1,979,43619.5125550666
rank,8,8,37.603063945369,Cinnyris notatus,Cinnyris_notatus,AVES,0.999999999996868,38,95457.2937177784
rank,8,8,37.603063945369,Copsychus albospecularis,Copsychus_albospecularis,AVES,0.999993001396047,8,56070.7066483299
rank,8,8,37.603063945369,Coracopsis nigra,Coracopsis_nigra,AVES,0.995314148115257,3,97855.6398192292
rank,8,8,37.603063945369,Corythornis madagascariensis,Corythornis_madagascariensis,AVES,0.890145184625741,6,85729.6958421375
rank,8,8,37.603063945369,Coua caerulea,Coua_caerulea,AVES,0.999921122190301,6,42498.9404483756
rank,8,8,37.603063945369,Coua coquereli,Coua_coquereli,AVES,0.999996471623015,4,24563.1295026019
rank,8,8,37.603063945369,Coua cristata,Coua_cristata,AVES,0.999998373625054,5,75067.3417100087
rank,8,8,37.603063945369,Coua cursor,Coua_cursor,AVES,0.999308063898364,1,11550.4107539058
rank,8,8,37.603063945369,Coua gigas,Coua_gigas,AVES,0.999823737386818,1,26720.6941535473
rank,8,8,37.603063945369,Coua reynaudii,Coua_reynaudii,AVES,0.999891449852716,4,36564.2816491351
rank,8,8,37.603063945369,Coua ruficeps,Coua_ruficeps,AVES,0.959346120072314,3,1327.46846918499
rank,8,8,37.603063945369,Coua serriana,Coua_serriana,AVES,0.991468373873493,1,32252.2871446031
rank,8,8,37.603063945369,Crossleyia xanthophrys,Crossleyia_xanthophrys,AVES,1,45,4117.44880589098
rank,8,8,37.603063945369,Cryptoprocta ferox,Cryptoprocta_ferox,MAMMALIA,0.0693523497765903,3,31428.1255705305
rank,8,8,37.603063945369,Cryptosylvicola randrianasoloi,Cryptosylvicola_randrianasoloi,AVES,1,40,5869.35106823593
rank,8,8,37.603063945369,Cyanolanius madagascarinus,Cyanolanius_madagascarinus,AVES,0.999999999983173,21,92942.9503777838
rank,8,8,37.603063945369,Daubentonia madagascariensis,Daubentonia_madagascariensis,MAMMALIA,1,65,35663.0992223546
rank,8,8,37.603063945369,Echinops telfairi,Echinops_telfairi,MAMMALIA,1,376,41303.8392365798
rank,8,8,37.603063945369,Eliurus antsingy,Eliurus_antsingy,MAMMALIA,0.0133748649300235,5,69.4813072830439
rank,8,8,37.603063945369,Eliurus grandidieri,Eliurus_grandidieri,MAMMALIA,0.999641415738649,27,917.641006159482
rank,8,8,37.603063945369,Eliurus majori,Eliurus_majori,MAMMALIA,1,315,43514.3716041297
rank,8,8,37.603063945369,Eliurus minor,Eliurus_minor,MAMMALIA,1,1500,72117.5317146239
rank,8,8,37.603063945369,Eliurus myoxinus,Eliurus_myoxinus,MAMMALIA,1,1036,73095.4538278032
rank,8,8,37.603063945369,Eliurus tanala,Eliurus_tanala,MAMMALIA,1,440,47480.5981134716
rank,8,8,37.603063945369,Eliurus webbi,Eliurus_webbi,MAMMALIA,1,532,62178.1504527554
rank,8,8,37.603063945369,Eremopterix hova,Eremopterix_hova,AVES,0.999998162265546,24,3345.00701799989
rank,8,8,37.603063945369,Eulemur albifrons,Eulemur_albifrons,MAMMALIA,1,44,20402.9018642859
rank,8,8,37.603063945369,Eulemur cinereiceps,Eulemur_cinereiceps,MAMMALIA,1,179,91503.5563227877
rank,8,8,37.603063945369,Eulemur collaris,Eulemur_collaris,MAMMALIA,1,141,90977.4012027893
rank,8,8,37.603063945369,Eulemur coronatus,Eulemur_coronatus,MAMMALIA,1,201,26814.7377906824
rank,8,8,37.603063945369,Eulemur flavifrons,Eulemur_flavifrons,MAMMALIA,0.000213248908682684,1,25.074716512655
rank,8,8,37.603063945369,Eulemur fulvus,Eulemur_fulvus,MAMMALIA,1,150,91743.9996462262
rank,8,8,37.603063945369,Eulemur macaco,Eulemur_macaco,MAMMALIA,1,51,37795.1530775202
rank,8,8,37.603063945369,Eulemur mongoz,Eulemur_mongoz,MAMMALIA,0.99999995289805,33,2266.66703993082
rank,8,8,37.603063945369,Eulemur rubriventer,Eulemur_rubriventer,MAMMALIA,1,235,78834.9551951764
rank,8,8,37.603063945369,Eulemur rufus,Eulemur_rufus,MAMMALIA,1,173,43570.726655173
rank,8,8,37.603063945369,Eulemur sanfordi,Eulemur_sanfordi,MAMMALIA,1,210,91839.1489504018
rank,8,8,37.603063945369,Euryceros prevostii,Euryceros_prevostii,AVES,0.999000955070916,3,2839.0629478842
rank,8,8,37.603063945369,Falco zoniventris,Falco_zoniventris,AVES,0.917310072614909,1,59517.6843300238
rank,8,8,37.603063945369,Falculea palliata,Falculea_palliata,AVES,0.999999999998892,8,24985.1950372234
rank,8,8,37.603063945369,Fossa fossana,Fossa_fossana,MAMMALIA,0.978483142936644,2,48599.4609659314
rank,8,8,37.603063945369,Foudia madagascariensis,Foudia_madagascariensis,AVES,0.999999874912654,42,111943.410787329
rank,8,8,37.603063945369,Foudia omissa,Foudia_omissa,AVES,0.999999999962337,18,50328.7864696831
rank,8,8,37.603063945369,Gactornis enarratus,Gactornis_enarratus,AVES,0.999999499095233,5,49020.6064914614
rank,8,8,37.603063945369,Galidia elegans,Galidia_elegans,MAMMALIA,0.967797143039853,6,49201.6016613884
rank,8,8,37.603063945369,Galidictis fasciata,Galidictis_fasciata,MAMMALIA,0,3,4247.07071315497
rank,8,8,37.603063945369,Geobiastes squamiger,Geobiastes_squamiger,AVES,0.9996505067282,4,10919.7980527654
rank,8,8,37.603063945369,Geogale aurita,Geogale_aurita,MAMMALIA,1,666,27477.0969427452
rank,8,8,37.603063945369,Gymnuromys roberti,Gymnuromys_roberti,MAMMALIA,1,162,26295.011884693
rank,8,8,37.603063945369,Haliaeetus vociferoides,Haliaeetus_vociferoides,AVES,0.00200075410737044,1,3988.77691515535
rank,8,8,37.603063945369,Hapalemur alaotrensis,Hapalemur_alaotrensis,MAMMALIA,1,52,3825.96836908512
rank,8,8,37.603063945369,Hapalemur aureus,Hapalemur_aureus,MAMMALIA,0.999999995692329,24,1820.55619611591
rank,8,8,37.603063945369,Hapalemur griseus,Hapalemur_griseus,MAMMALIA,1,190,88234.966371011
rank,8,8,37.603063945369,Hapalemur occidentalis,Hapalemur_occidentalis,MAMMALIA,0.999995100328248,28,1026.71440970898
rank,8,8,37.603063945369,Hartertula flavoviridis,Hartertula_flavoviridis,AVES,1,44,8084.48918354511
rank,8,8,37.603063945369,Hartlaubius auratus,Hartlaubius_auratus,AVES,0.999999980164975,16,90881.5294549282
rank,8,8,37.603063945369,Hemicentetes nigriceps,Hemicentetes_nigriceps,MAMMALIA,0.999953127257988,35,2052.96238155258
rank,8,8,37.603063945369,Hemicentetes semispinosus,Hemicentetes_semispinosus,MAMMALIA,1,110,70330.4256996513
rank,8,8,37.603063945369,Hypogeomys antimena,Hypogeomys_antimena,MAMMALIA,0.133821965840603,5,104.686912983656
rank,8,8,37.603063945369,Hypositta corallirostris,Hypositta_corallirostris,AVES,0.999983966492651,11,61301.0070397332
rank,8,8,37.603063945369,Indri indri,Indri_indri,MAMMALIA,0.999999995236115,17,62667.7764982805
rank,8,8,37.603063945369,Lemur catta,Lemur_catta,MAMMALIA,1,204,19202.601155214
rank,8,8,37.603063945369,Lepidopygia nana,Lepidopygia_nana,AVES,0.999420188519619,64,110918.640475728
rank,8,8,37.603063945369,Lepilemur ankaranensis,Lepilemur_ankaranensis,MAMMALIA,0.942459903341428,13,361.823311685567
rank,8,8,37.603063945369,Lepilemur edwardsi,Lepilemur_edwardsi,MAMMALIA,1,70,8573.36524177034
rank,8,8,37.603063945369,Lepilemur leucopus,Lepilemur_leucopus,MAMMALIA,1,88,12780.7849935591
rank,8,8,37.603063945369,Lepilemur microdon,Lepilemur_microdon,MAMMALIA,0.999999999995963,33,4682.02189786539
rank,8,8,37.603063945369,Lepilemur mustelinus,Lepilemur_mustelinus,MAMMALIA,1,245,77226.7352111489
rank,8,8,37.603063945369,Lepilemur ruficaudatus,Lepilemur_ruficaudatus,MAMMALIA,1,170,13650.9948745216
rank,8,8,37.603063945369,Leptopterus chabert,Leptopterus_chabert,AVES,0.999999999999755,21,103908.44763229
rank,8,8,37.603063945369,Lophotibis cristata,Lophotibis_cristata,AVES,0.999832789366896,2,80643.2248952071
rank,8,8,37.603063945369,Macrotarsomys bastardi,Macrotarsomys_bastardi,MAMMALIA,1,256,7859.75216559581
rank,8,8,37.603063945369,Margaroperdix madagarensis,Margaroperdix_madagarensis,AVES,0.999996908353226,3,87897.4251778647
rank,8,8,37.603063945369,Mentocrex kioloides,Mentocrex_kioloides,AVES,0.997613321040022,1,32393.7749232203
rank,8,8,37.603063945369,Mesitornis unicolor,Mesitornis_unicolor,AVES,0,1,89.8278131379858
rank,8,8,37.603063945369,Mesitornis variegatus,Mesitornis_variegatus,AVES,0.998758146130557,5,2867.96897172928
rank,8,8,37.603063945369,Microcebus berthae,Microcebus_berthae,MAMMALIA,1.52725555535582e-08,2,17.7781751081347
rank,8,8,37.603063945369,Microcebus griseorufus,Microcebus_griseorufus,MAMMALIA,0.995769019106108,14,501.433658043884
rank,8,8,37.603063945369,Microcebus murinus,Microcebus_murinus,MAMMALIA,1,1298,73888.098920092
rank,8,8,37.603063945369,Microcebus myoxinus,Microcebus_myoxinus,MAMMALIA,0.999999992654343,102,1124.39007911777
rank,8,8,37.603063945369,Microcebus ravelobensis,Microcebus_ravelobensis,MAMMALIA,0.778620368188765,15,246.875988043973
rank,8,8,37.603063945369,Microcebus rufus,Microcebus_rufus,MAMMALIA,1,1229,66223.9122784212
rank,8,8,37.603063945369,Microcebus tavaratra,Microcebus_tavaratra,MAMMALIA,0.99348955741329,45,767.433245509863
rank,8,8,37.603063945369,Microgale brevicaudata,Microgale_brevicaudata,MAMMALIA,1,807,29953.393217586
rank,8,8,37.603063945369,Microgale cowani,Microgale_cowani,MAMMALIA,1,566,55777.9527562335
rank,8,8,37.603063945369,Microgale drouhardi,Microgale_drouhardi,MAMMALIA,1,326,25932.9382848301
rank,8,8,37.603063945369,Microgale dryas,Microgale_dryas,MAMMALIA,0.897201399235259,47,1369.92029440585
rank,8,8,37.603063945369,Microgale fotsifotsy,Microgale_fotsifotsy,MAMMALIA,1,403,30062.5253264617
rank,8,8,37.603063945369,Microgale gracilis,Microgale_gracilis,MAMMALIA,0.999999999998658,119,9603.22479117095
rank,8,8,37.603063945369,Microgale gymnorhyncha,Microgale_gymnorhyncha,MAMMALIA,1,144,19314.6509203663
rank,8,8,37.603063945369,Microgale longicaudata,Microgale_longicaudata,MAMMALIA,1,1025,61008.4663770944
rank,8,8,37.603063945369,Microgale mergulus,Microgale_mergulus,MAMMALIA,0.999999999999886,68,5509.99596245952
rank,8,8,37.603063945369,Microgale parvula,Microgale_parvula,MAMMALIA,1,1232,62545.7756908173
rank,8,8,37.603063945369,Microgale principula,Microgale_principula,MAMMALIA,1,615,50280.6065731347
rank,8,8,37.603063945369,Microgale pusilla,Microgale_pusilla,MAMMALIA,0.999999998871385,404,17096.4974725768
rank,8,8,37.603063945369,Microgale soricoides,Microgale_soricoides,MAMMALIA,1,144,27095.9439766126
rank,8,8,37.603063945369,Microgale taiva,Microgale_taiva,MAMMALIA,1,315,40515.3585214391
rank,8,8,37.603063945369,Microgale thomasi,Microgale_thomasi,MAMMALIA,1,112,23876.0966296196
rank,8,8,37.603063945369,Mirza coquereli,Mirza_coquereli,MAMMALIA,0.999997576148514,53,2652.2109296696
rank,8,8,37.603063945369,Monias benschi,Monias_benschi,AVES,0,1,82.9420458882274
rank,8,8,37.603063945369,Monticola erythronotus,Monticola_erythronotus,AVES,0.505764981643065,1,97.4973036619822
rank,8,8,37.603063945369,Monticola sharpei,Monticola_sharpei,AVES,1,34,82449.7873626724
rank,8,8,37.603063945369,Monticolomys koopmani,Monticolomys_koopmani,MAMMALIA,0.132627251095215,6,104.060766987503
rank,8,8,37.603063945369,Motacilla flaviventris,Motacilla_flaviventris,AVES,0.999999999970944,28,3950.53866260499
rank,8,8,37.603063945369,Mystacornis crossleyi,Mystacornis_crossleyi,AVES,0.999999999999992,13,47196.8628611121
rank,8,8,37.603063945369,Neodrepanis coruscans,Neodrepanis_coruscans,AVES,0.999998984280892,16,29428.146497863
rank,8,8,37.603063945369,Neodrepanis hypoxantha,Neodrepanis_hypoxantha,AVES,0.0211788111247608,3,88.4296057149768
rank,8,8,37.603063945369,Neomixis striatigula,Neomixis_striatigula,AVES,0.999999999991017,26,57104.3311914783
rank,8,8,37.603063945369,Neomixis tenella,Neomixis_tenella,AVES,1,84,81009.7730914056
rank,8,8,37.603063945369,Neomixis viridis,Neomixis_viridis,AVES,0.999999999987021,24,52517.8000715845
rank,8,8,37.603063945369,Nesillas lantzii,Nesillas_lantzii,AVES,0.99998299513413,3,2703.58141438663
rank,8,8,37.603063945369,Nesogale dobsoni,Nesogale_dobsoni,MAMMALIA,1,331,64085.2324884856
rank,8,8,37.603063945369,Nesogale talazaci,Nesogale_talazaci,MAMMALIA,1,215,63607.5986696852
rank,8,8,37.603063945369,Nesomys audeberti,Nesomys_audeberti,MAMMALIA,1,111,4280.65983442557
rank,8,8,37.603063945369,Nesomys lambertoni,Nesomys_lambertoni,MAMMALIA,0.999983982375401,29,958.575495295227
rank,8,8,37.603063945369,Nesomys rufus,Nesomys_rufus,MAMMALIA,1,243,46064.2719262216
rank,8,8,37.603063945369,Newtonia amphichroa,Newtonia_amphichroa,AVES,1,15,41904.5579032943
rank,8,8,37.603063945369,Newtonia archboldi,Newtonia_archboldi,AVES,0.999743205924592,10,2057.60292387809
rank,8,8,37.603063945369,Newtonia brunneicauda,Newtonia_brunneicauda,AVES,1,40,105330.036674738
rank,8,8,37.603063945369,Newtonia fanovanae,Newtonia_fanovanae,AVES,0.353055283448657,2,98.2207024819943
rank,8,8,37.603063945369,Oriolia bernieri,Oriolia_bernieri,AVES,0.999999973998756,14,14236.0931764841
rank,8,8,37.603063945369,Oryzorictes hova,Oryzorictes_hova,MAMMALIA,1,276,60409.613779217
rank,8,8,37.603063945369,Oryzorictes tetradactylus,Oryzorictes_tetradactylus,MAMMALIA,0.999999999999886,149,8875.2346169092
rank,8,8,37.603063945369,Otus rutilus,Otus_rutilus,AVES,0.999999721670725,3,94911.7123824209
rank,8,8,37.603063945369,Oxylabes madagascariensis,Oxylabes_madagascariensis,AVES,1,18,52411.6525267512
rank,8,8,37.603063945369,Phaner electromontis,Phaner_electromontis,MAMMALIA,1.1181189119025e-07,1,17.4337788633315
rank,8,8,37.603063945369,Phaner furcifer,Phaner_furcifer,MAMMALIA,0.887905466959644,58,892.662774423171
rank,8,8,37.603063945369,Phaner pallescens,Phaner_pallescens,MAMMALIA,0.999999999995771,51,3405.30877045542
rank,8,8,37.603063945369,Phaner parienti,Phaner_parienti,MAMMALIA,0.00280017666108967,1,24.4501852478648
rank,8,8,37.603063945369,Philepitta castanea,Philepitta_castanea,AVES,0.983648255124067,4,38001.8733733967
rank,8,8,37.603063945369,Philepitta schlegeli,Philepitta_schlegeli,AVES,0.986651387140714,14,4039.45775579243
rank,8,8,37.603063945369,Ploceus nelicourvi,Ploceus_nelicourvi,AVES,0.999999996504692,11,61274.7558026761
rank,8,8,37.603063945369,Ploceus sakalava,Ploceus_sakalava,AVES,0.999999999640496,35,29067.0764679611
rank,8,8,37.603063945369,Polyboroides radiatus,Polyboroides_radiatus,AVES,0.997517876220016,1,78983.8483135495
rank,8,8,37.603063945369,Pseudobias wardi,Pseudobias_wardi,AVES,0.999999999999995,18,41651.386441433
rank,8,8,37.603063945369,Pterocles personatus,Pterocles_personatus,AVES,0.759468875389454,7,4035.87767738849
rank,8,8,37.603063945369,Rallus madagascariensis,Rallus_madagascariensis,AVES,0.999999169120298,5,14345.879396295
rank,8,8,37.603063945369,Randia pseudozosterops,Randia_pseudozosterops,AVES,0.999998278684258,8,45697.807569704
rank,8,8,37.603063945369,Sarothrura insularis,Sarothrura_insularis,AVES,0.999928225014548,6,68213.2740951255
rank,8,8,37.603063945369,Schetba rufa,Schetba_rufa,AVES,0.999999999999983,23,28875.9686945528
rank,8,8,37.603063945369,Setifer setosus,Setifer_setosus,MAMMALIA,1,221,101925.868651263
rank,8,8,37.603063945369,Tenrec ecaudatus,Tenrec_ecaudatus,MAMMALIA,1,108,103948.418351293
rank,8,8,37.603063945369,Thamnornis chloropetoides,Thamnornis_chloropetoides,AVES,0.999977381658154,5,3397.3370218575
rank,8,8,37.603063945369,Treron australis,Treron_australis,AVES,0.995754238074135,1,90174.0556238741
rank,8,8,37.603063945369,Turnix nigricollis,Turnix_nigricollis,AVES,0.999996072964409,5,97549.9468179792
rank,8,8,37.603063945369,Tylas eduardi,Tylas_eduardi,AVES,0.999999999941767,7,58693.5580650941
rank,8,8,37.603063945369,Vanga curvirostris,Vanga_curvirostris,AVES,0.999993039951058,13,103578.11431262
rank,8,8,37.603063945369,Varecia rubra,Varecia_rubra,MAMMALIA,1,57,71057.2204725172
rank,8,8,37.603063945369,Varecia variegata,Varecia_variegata,MAMMALIA,0.999999999999995,41,70379.148339586
rank,8,8,37.603063945369,Xanthomixis apperti,Xanthomixis_apperti,AVES,0.441311210122258,1,68.4073899760842
rank,8,8,37.603063945369,Xanthomixis cinereiceps,Xanthomixis_cinereiceps,AVES,1,22,17366.7448950857
rank,8,8,37.603063945369,Xanthomixis zosterops,Xanthomixis_zosterops,AVES,0.999999999802308,16,61789.6184117869
rank,8,8,37.603063945369,Xenopirostris damii,Xenopirostris_damii,AVES,0.00179910766481406,1,93.5023440420628
rank,8,8,37.603063945369,Xenopirostris polleni,Xenopirostris_polleni,AVES,0.999999970126586,9,17701.5655919576
rank,8,8,37.603063945369,Xenopirostris xenopirostris,Xenopirostris_xenopirostris,AVES,0.96505807541122,1,1102.55740338564
rank,9,9,42.294366853716,Accipiter henstii,Accipiter_henstii,AVES,0.741966807178366,1,71975.9485801785
rank,9,9,42.294366853716,Accipiter madagascariensis,Accipiter_madagascariensis,AVES,0.911775053058147,1,82203.1776630506
rank,9,9,42.294366853716,Acrocephalus newtoni,Acrocephalus_newtoni,AVES,0.99999999999994,22,91752.1410052522
rank,9,9,42.294366853716,Alectroenas madagascariensis,Alectroenas_madagascariensis,AVES,0.998938901967954,7,63300.6591031178
rank,9,9,42.294366853716,Allocebus trichotis,Allocebus_trichotis,MAMMALIA,0.00783473494650444,3,72.1001097112894
rank,9,9,42.294366853716,Anas bernieri,Anas_bernieri,AVES,0,1,161.555721102021
rank,9,9,42.294366853716,Apus balstoni,Apus_balstoni,AVES,0.999999954511598,5,86150.4299214054
rank,9,9,42.294366853716,Artamella viridis,Artamella_viridis,AVES,0.999999999999991,13,89084.215988785
rank,9,9,42.294366853716,Asio madagascariensis,Asio_madagascariensis,AVES,0.865850225327422,2,65433.376892821
rank,9,9,42.294366853716,Atelornis crossleyi,Atelornis_crossleyi,AVES,0.999998758967357,7,11572.6222161697
rank,9,9,42.294366853716,Atelornis pittoides,Atelornis_pittoides,AVES,0.999732470569014,3,41463.1641723812
rank,9,9,42.294366853716,Athene superciliaris,Athene_superciliaris,AVES,0.999996401510514,2,56960.2673892081
rank,9,9,42.294366853716,Avahi laniger,Avahi_laniger,MAMMALIA,1,97,36595.2027889937
rank,9,9,42.294366853716,Avahi occidentalis,Avahi_occidentalis,MAMMALIA,0.996177513156648,4,630.900925964117
rank,9,9,42.294366853716,Aviceda madagascariensis,Aviceda_madagascariensis,AVES,0.965473273872385,1,76656.7653394938
rank,9,9,42.294366853716,Bernieria madagascariensis,Bernieria_madagascariensis,AVES,0.999999999982941,21,86809.1200781429
rank,9,9,42.294366853716,Brachypteracias leptosomus,Brachypteracias_leptosomus,AVES,0.999771071007262,1,37008.0976976231
rank,9,9,42.294366853716,Brachytarsomys albicauda,Brachytarsomys_albicauda,MAMMALIA,0.99999999156141,50,1814.63262939183
rank,9,9,42.294366853716,Brachyuromys betsileoensis,Brachyuromys_betsileoensis,MAMMALIA,1,107,12619.7228799881
rank,9,9,42.294366853716,Brachyuromys ramirohitra,Brachyuromys_ramirohitra,MAMMALIA,0.65541484639138,2,90.5857082977891
rank,9,9,42.294366853716,Bradypterus brunneus,Bradypterus_brunneus,AVES,1,38,12622.5787414351
rank,9,9,42.294366853716,Bradypterus seebohmi,Bradypterus_seebohmi,AVES,0.452718231585579,1,71.7493425011635
rank,9,9,42.294366853716,Buteo brachypterus,Buteo_brachypterus,AVES,0.830056938464336,1,84355.2854406983
rank,9,9,42.294366853716,Calicalicus madagascariensis,Calicalicus_madagascariensis,AVES,1,34,86992.301336101
rank,9,9,42.294366853716,Cheirogaleus crossleyi,Cheirogaleus_crossleyi,MAMMALIA,1,89,5628.05869568599
rank,9,9,42.294366853716,Cheirogaleus major,Cheirogaleus_major,MAMMALIA,1,237,67286.7382087037
rank,9,9,42.294366853716,Cheirogaleus medius,Cheirogaleus_medius,MAMMALIA,1,841,38570.1405713813
rank,9,9,42.294366853716,Cinnyris notatus,Cinnyris_notatus,AVES,1,43,90978.0909562191
rank,9,9,42.294366853716,Copsychus albospecularis,Copsychus_albospecularis,AVES,0.999982981595124,10,54936.4820956227
rank,9,9,42.294366853716,Coracopsis nigra,Coracopsis_nigra,AVES,0.99673069473306,3,93506.4941867206
rank,9,9,42.294366853716,Corythornis madagascariensis,Corythornis_madagascariensis,AVES,0.886302181809491,6,82865.6753218579
rank,9,9,42.294366853716,Coua caerulea,Coua_caerulea,AVES,0.99991610168978,5,42202.7530342879
rank,9,9,42.294366853716,Coua coquereli,Coua_coquereli,AVES,0.999992988523484,5,21974.4825265557
rank,9,9,42.294366853716,Coua cristata,Coua_cristata,AVES,0.999997981363016,5,72350.795091711
rank,9,9,42.294366853716,Coua cursor,Coua_cursor,AVES,0.999677427278074,4,10197.1585470587
rank,9,9,42.294366853716,Coua gigas,Coua_gigas,AVES,0.999782189419731,1,24164.358578153
rank,9,9,42.294366853716,Coua reynaudii,Coua_reynaudii,AVES,0.999888437447922,4,36146.4130166844
rank,9,9,42.294366853716,Coua ruficeps,Coua_ruficeps,AVES,0.959346120072314,3,1327.46846918499
rank,9,9,42.294366853716,Coua serriana,Coua_serriana,AVES,0.991456374039396,1,32216.2997962215
rank,9,9,42.294366853716,Crossleyia xanthophrys,Crossleyia_xanthophrys,AVES,1,45,4115.06573676318
rank,9,9,42.294366853716,Cryptoprocta ferox,Cryptoprocta_ferox,MAMMALIA,0.0691152235968371,2,26739.8608324989
rank,9,9,42.294366853716,Cryptosylvicola randrianasoloi,Cryptosylvicola_randrianasoloi,AVES,1,40,5819.50023293495
rank,9,9,42.294366853716,Cyanolanius madagascarinus,Cyanolanius_madagascarinus,AVES,0.999999999999993,22,88693.9802063254
rank,9,9,42.294366853716,Daubentonia madagascariensis,Daubentonia_madagascariensis,MAMMALIA,1,70,34342.662515372
rank,9,9,42.294366853716,Echinops telfairi,Echinops_telfairi,MAMMALIA,1,327,36341.4004487321
rank,9,9,42.294366853716,Eliurus antsingy,Eliurus_antsingy,MAMMALIA,0.0133748649300235,5,69.4813072830439
rank,9,9,42.294366853716,Eliurus grandidieri,Eliurus_grandidieri,MAMMALIA,0.999641415738649,27,917.641006159482
rank,9,9,42.294366853716,Eliurus majori,Eliurus_majori,MAMMALIA,1,290,42789.2549467757
rank,9,9,42.294366853716,Eliurus minor,Eliurus_minor,MAMMALIA,1,1389,70646.9415259718
rank,9,9,42.294366853716,Eliurus myoxinus,Eliurus_myoxinus,MAMMALIA,1,946,68043.9064129258
rank,9,9,42.294366853716,Eliurus tanala,Eliurus_tanala,MAMMALIA,1,428,46988.8270202601
rank,9,9,42.294366853716,Eliurus webbi,Eliurus_webbi,MAMMALIA,1,504,61405.3032435328
rank,9,9,42.294366853716,Eremopterix hova,Eremopterix_hova,AVES,0.999994645707686,21,3044.25927896798
rank,9,9,42.294366853716,Eulemur albifrons,Eulemur_albifrons,MAMMALIA,1,46,19969.615459338
rank,9,9,42.294366853716,Eulemur cinereiceps,Eulemur_cinereiceps,MAMMALIA,1,200,86975.975533969
rank,9,9,42.294366853716,Eulemur collaris,Eulemur_collaris,MAMMALIA,1,148,86362.2338933021
rank,9,9,42.294366853716,Eulemur coronatus,Eulemur_coronatus,MAMMALIA,1,215,25060.8870283423
rank,9,9,42.294366853716,Eulemur flavifrons,Eulemur_flavifrons,MAMMALIA,0.000213248908682684,1,25.074716512655
rank,9,9,42.294366853716,Eulemur fulvus,Eulemur_fulvus,MAMMALIA,1,173,87199.6066871209
rank,9,9,42.294366853716,Eulemur macaco,Eulemur_macaco,MAMMALIA,1,56,37055.755293836
rank,9,9,42.294366853716,Eulemur mongoz,Eulemur_mongoz,MAMMALIA,0.99999995259603,33,2264.8439488411
rank,9,9,42.294366853716,Eulemur rubriventer,Eulemur_rubriventer,MAMMALIA,1,233,76329.4996183655
rank,9,9,42.294366853716,Eulemur rufus,Eulemur_rufus,MAMMALIA,1,175,40559.1374373059
rank,9,9,42.294366853716,Eulemur sanfordi,Eulemur_sanfordi,MAMMALIA,1,222,87262.5654789594
rank,9,9,42.294366853716,Euryceros prevostii,Euryceros_prevostii,AVES,0.999000955070916,3,2839.0629478842
rank,9,9,42.294366853716,Falco zoniventris,Falco_zoniventris,AVES,0.913212437223767,1,56688.6062471867
rank,9,9,42.294366853716,Falculea palliata,Falculea_palliata,AVES,0.999999999997421,9,22202.4217592105
rank,9,9,42.294366853716,Fossa fossana,Fossa_fossana,MAMMALIA,0.978451503971617,2,48583.0297729895
rank,9,9,42.294366853716,Foudia madagascariensis,Foudia_madagascariensis,AVES,0.999999893381639,37,105074.347719714
rank,9,9,42.294366853716,Foudia omissa,Foudia_omissa,AVES,0.999999999986217,18,49966.9789255858
rank,9,9,42.294366853716,Gactornis enarratus,Gactornis_enarratus,AVES,0.999999487588897,6,48922.4275410473
rank,9,9,42.294366853716,Galidia elegans,Galidia_elegans,MAMMALIA,0.967426003972312,6,48626.1786099366
rank,9,9,42.294366853716,Galidictis fasciata,Galidictis_fasciata,MAMMALIA,0,3,4247.07071315497
rank,9,9,42.294366853716,Geobiastes squamiger,Geobiastes_squamiger,AVES,0.999650336133664,4,10917.2709473521
rank,9,9,42.294366853716,Geogale aurita,Geogale_aurita,MAMMALIA,1,614,25220.5026374385
rank,9,9,42.294366853716,Gymnuromys roberti,Gymnuromys_roberti,MAMMALIA,1,156,26156.8467798791
rank,9,9,42.294366853716,Haliaeetus vociferoides,Haliaeetus_vociferoides,AVES,0.000341433956029813,1,3352.90930621326
rank,9,9,42.294366853716,Hapalemur alaotrensis,Hapalemur_alaotrensis,MAMMALIA,0.999999999999983,43,2898.14964211409
rank,9,9,42.294366853716,Hapalemur aureus,Hapalemur_aureus,MAMMALIA,0.999999995040164,24,1809.91868524998
rank,9,9,42.294366853716,Hapalemur griseus,Hapalemur_griseus,MAMMALIA,1,204,84461.9408789963
rank,9,9,42.294366853716,Hapalemur occidentalis,Hapalemur_occidentalis,MAMMALIA,0.999995100328248,28,1026.71440970898
rank,9,9,42.294366853716,Hartertula flavoviridis,Hartertula_flavoviridis,AVES,1,44,8076.73976421356
rank,9,9,42.294366853716,Hartlaubius auratus,Hartlaubius_auratus,AVES,0.999999969969982,16,86801.9826861114
rank,9,9,42.294366853716,Hemicentetes nigriceps,Hemicentetes_nigriceps,MAMMALIA,0.99995297953475,34,2039.25264557288
rank,9,9,42.294366853716,Hemicentetes semispinosus,Hemicentetes_semispinosus,MAMMALIA,1,121,68935.1121276394
rank,9,9,42.294366853716,Hypogeomys antimena,Hypogeomys_antimena,MAMMALIA,0.133821965840603,5,104.686912983656
rank,9,9,42.294366853716,Hypositta corallirostris,Hypositta_corallirostris,AVES,0.99998291851767,12,60773.7312420607
rank,9,9,42.294366853716,Indri indri,Indri_indri,MAMMALIA,0.999999994148977,16,61825.48332192
rank,9,9,42.294366853716,Lemur catta,Lemur_catta,MAMMALIA,1,181,16887.6877292246
rank,9,9,42.294366853716,Lepidopygia nana,Lepidopygia_nana,AVES,0.999988243173691,76,103643.448161572
rank,9,9,42.294366853716,Lepilemur ankaranensis,Lepilemur_ankaranensis,MAMMALIA,0.942459903341428,13,361.823311685567
rank,9,9,42.294366853716,Lepilemur edwardsi,Lepilemur_edwardsi,MAMMALIA,1,64,7765.17937455275
rank,9,9,42.294366853716,Lepilemur leucopus,Lepilemur_leucopus,MAMMALIA,1,69,10856.8218767568
rank,9,9,42.294366853716,Lepilemur microdon,Lepilemur_microdon,MAMMALIA,0.999999999994723,32,4589.42761539805
rank,9,9,42.294366853716,Lepilemur mustelinus,Lepilemur_mustelinus,MAMMALIA,1,232,73899.4829021543
rank,9,9,42.294366853716,Lepilemur ruficaudatus,Lepilemur_ruficaudatus,MAMMALIA,1,164,12052.4185645804
rank,9,9,42.294366853716,Leptopterus chabert,Leptopterus_chabert,AVES,0.999999999999865,23,98220.0780913159
rank,9,9,42.294366853716,Lophotibis cristata,Lophotibis_cristata,AVES,0.999824032723107,2,78520.4135319079
rank,9,9,42.294366853716,Macrotarsomys bastardi,Macrotarsomys_bastardi,MAMMALIA,1,233,7449.6470316626
rank,9,9,42.294366853716,Margaroperdix madagarensis,Margaroperdix_madagarensis,AVES,0.999995573327301,2,83226.2652294636
rank,9,9,42.294366853716,Mentocrex kioloides,Mentocrex_kioloides,AVES,0.997612414380369,1,32385.4305045381
rank,9,9,42.294366853716,Mesitornis unicolor,Mesitornis_unicolor,AVES,0,1,89.8278131379858
rank,9,9,42.294366853716,Mesitornis variegatus,Mesitornis_variegatus,AVES,0.998750362547731,5,2863.50242546946
rank,9,9,42.294366853716,Microcebus berthae,Microcebus_berthae,MAMMALIA,1.52725555535582e-08,2,17.7781751081347
rank,9,9,42.294366853716,Microcebus griseorufus,Microcebus_griseorufus,MAMMALIA,0.995769019106108,14,501.433658043884
rank,9,9,42.294366853716,Microcebus murinus,Microcebus_murinus,MAMMALIA,1,1169,67903.2115018442
rank,9,9,42.294366853716,Microcebus myoxinus,Microcebus_myoxinus,MAMMALIA,0.999999992654343,102,1124.39007911777
rank,9,9,42.294366853716,Microcebus ravelobensis,Microcebus_ravelobensis,MAMMALIA,0.778620368188765,15,246.875988043973
rank,9,9,42.294366853716,Microcebus rufus,Microcebus_rufus,MAMMALIA,1,1161,64974.644837819
rank,9,9,42.294366853716,Microcebus tavaratra,Microcebus_tavaratra,MAMMALIA,0.99348955741329,45,767.433245509863
rank,9,9,42.294366853716,Microgale brevicaudata,Microgale_brevicaudata,MAMMALIA,1,732,28514.0492062941
rank,9,9,42.294366853716,Microgale cowani,Microgale_cowani,MAMMALIA,1,528,54518.7394732535
rank,9,9,42.294366853716,Microgale drouhardi,Microgale_drouhardi,MAMMALIA,1,318,25583.5371338489
rank,9,9,42.294366853716,Microgale dryas,Microgale_dryas,MAMMALIA,0.897201399235259,47,1369.92029440585
rank,9,9,42.294366853716,Microgale fotsifotsy,Microgale_fotsifotsy,MAMMALIA,1,398,29452.7246260548
rank,9,9,42.294366853716,Microgale gracilis,Microgale_gracilis,MAMMALIA,0.999999999998487,119,9556.34286001259
rank,9,9,42.294366853716,Microgale gymnorhyncha,Microgale_gymnorhyncha,MAMMALIA,1,147,19115.999432944
rank,9,9,42.294366853716,Microgale longicaudata,Microgale_longicaudata,MAMMALIA,1,960,59592.945036076
rank,9,9,42.294366853716,Microgale mergulus,Microgale_mergulus,MAMMALIA,0.999999999999804,68,5475.91343653339
rank,9,9,42.294366853716,Microgale parvula,Microgale_parvula,MAMMALIA,0.999999999999998,1155,61756.2960119043
rank,9,9,42.294366853716,Microgale principula,Microgale_principula,MAMMALIA,1,614,50186.1357829645
rank,9,9,42.294366853716,Microgale pusilla,Microgale_pusilla,MAMMALIA,0.999999998819989,395,16961.2675830126
rank,9,9,42.294366853716,Microgale soricoides,Microgale_soricoides,MAMMALIA,1,148,26846.6701506991
rank,9,9,42.294366853716,Microgale taiva,Microgale_taiva,MAMMALIA,1,315,40453.3545939252
rank,9,9,42.294366853716,Microgale thomasi,Microgale_thomasi,MAMMALIA,1,107,23651.3058037236
rank,9,9,42.294366853716,Mirza coquereli,Mirza_coquereli,MAMMALIA,0.99999753933962,52,2629.74592101179
rank,9,9,42.294366853716,Monias benschi,Monias_benschi,AVES,0,1,82.9420458882274
rank,9,9,42.294366853716,Monticola erythronotus,Monticola_erythronotus,AVES,0.505764981643065,1,97.4973036619822
rank,9,9,42.294366853716,Monticola sharpei,Monticola_sharpei,AVES,1,36,78640.6655391455
rank,9,9,42.294366853716,Monticolomys koopmani,Monticolomys_koopmani,MAMMALIA,0.132627251095215,6,104.060766987503
rank,9,9,42.294366853716,Motacilla flaviventris,Motacilla_flaviventris,AVES,0.999999999510855,26,3376.51059754193
rank,9,9,42.294366853716,Mystacornis crossleyi,Mystacornis_crossleyi,AVES,0.999999999999989,13,46991.8412793455
rank,9,9,42.294366853716,Neodrepanis coruscans,Neodrepanis_coruscans,AVES,0.999998970038336,15,29383.1389529381
rank,9,9,42.294366853716,Neodrepanis hypoxantha,Neodrepanis_hypoxantha,AVES,0.0211788111247608,3,88.4296057149768
rank,9,9,42.294366853716,Neomixis striatigula,Neomixis_striatigula,AVES,0.999999999999528,28,56439.8904295277
rank,9,9,42.294366853716,Neomixis tenella,Neomixis_tenella,AVES,1,88,77412.0496584177
rank,9,9,42.294366853716,Neomixis viridis,Neomixis_viridis,AVES,0.999999999998491,25,52195.7406492234
rank,9,9,42.294366853716,Nesillas lantzii,Nesillas_lantzii,AVES,0.999982918921732,3,2699.12569794059
rank,9,9,42.294366853716,Nesogale dobsoni,Nesogale_dobsoni,MAMMALIA,1,312,62559.7873759606
rank,9,9,42.294366853716,Nesogale talazaci,Nesogale_talazaci,MAMMALIA,1,220,62851.31059938
rank,9,9,42.294366853716,Nesomys audeberti,Nesomys_audeberti,MAMMALIA,1,109,4238.03749615926
rank,9,9,42.294366853716,Nesomys lambertoni,Nesomys_lambertoni,MAMMALIA,0.999983982375401,29,958.575495295227
rank,9,9,42.294366853716,Nesomys rufus,Nesomys_rufus,MAMMALIA,1,244,45783.6888100021
rank,9,9,42.294366853716,Newtonia amphichroa,Newtonia_amphichroa,AVES,1,15,41608.1458779449
rank,9,9,42.294366853716,Newtonia archboldi,Newtonia_archboldi,AVES,0.999741613864604,10,2055.25374111752
rank,9,9,42.294366853716,Newtonia brunneicauda,Newtonia_brunneicauda,AVES,1,46,99158.9529415444
rank,9,9,42.294366853716,Newtonia fanovanae,Newtonia_fanovanae,AVES,0.353055283448657,2,98.2207024819943
rank,9,9,42.294366853716,Oriolia bernieri,Oriolia_bernieri,AVES,0.999999965605705,14,14108.8257046193
rank,9,9,42.294366853716,Oryzorictes hova,Oryzorictes_hova,MAMMALIA,1,276,59733.0797481462
rank,9,9,42.294366853716,Oryzorictes tetradactylus,Oryzorictes_tetradactylus,MAMMALIA,0.999999999999817,129,8469.44591753227
rank,9,9,42.294366853716,Otus rutilus,Otus_rutilus,AVES,0.99999993840138,4,90611.7794360444
rank,9,9,42.294366853716,Oxylabes madagascariensis,Oxylabes_madagascariensis,AVES,1,19,51710.9487816542
rank,9,9,42.294366853716,Phaner electromontis,Phaner_electromontis,MAMMALIA,1.1181189119025e-07,1,17.4337788633315
rank,9,9,42.294366853716,Phaner furcifer,Phaner_furcifer,MAMMALIA,0.887905466959644,58,892.662774423171
rank,9,9,42.294366853716,Phaner pallescens,Phaner_pallescens,MAMMALIA,0.999999999995335,50,3340.8647640422
rank,9,9,42.294366853716,Phaner parienti,Phaner_parienti,MAMMALIA,0.00280017666108967,1,24.4501852478648
rank,9,9,42.294366853716,Philepitta castanea,Philepitta_castanea,AVES,0.983581743077443,4,37815.7875086218
rank,9,9,42.294366853716,Philepitta schlegeli,Philepitta_schlegeli,AVES,0.986214407391954,13,3934.99366363766
rank,9,9,42.294366853716,Ploceus nelicourvi,Ploceus_nelicourvi,AVES,0.999999999998195,13,60602.1553083658
rank,9,9,42.294366853716,Ploceus sakalava,Ploceus_sakalava,AVES,0.999999998615236,32,25781.4486731738
rank,9,9,42.294366853716,Polyboroides radiatus,Polyboroides_radiatus,AVES,0.997176897231751,1,73112.0665680103
rank,9,9,42.294366853716,Pseudobias wardi,Pseudobias_wardi,AVES,0.999999999999995,18,41534.9558151107
rank,9,9,42.294366853716,Pterocles personatus,Pterocles_personatus,AVES,0.751620996207711,7,3976.32216774672
rank,9,9,42.294366853716,Rallus madagascariensis,Rallus_madagascariensis,AVES,0.999999079065217,5,14244.4254984928
rank,9,9,42.294366853716,Randia pseudozosterops,Randia_pseudozosterops,AVES,0.999999876187599,11,45236.1287886083
rank,9,9,42.294366853716,Sarothrura insularis,Sarothrura_insularis,AVES,0.999920027529451,6,66784.3272093162
rank,9,9,42.294366853716,Schetba rufa,Schetba_rufa,AVES,0.999999999999963,21,28225.3622729778
rank,9,9,42.294366853716,Setifer setosus,Setifer_setosus,MAMMALIA,1,229,96320.5362018868
rank,9,9,42.294366853716,Tenrec ecaudatus,Tenrec_ecaudatus,MAMMALIA,1,111,97690.8999973014
rank,9,9,42.294366853716,Thamnornis chloropetoides,Thamnornis_chloropetoides,AVES,0.999977048641141,5,3371.55937545002
rank,9,9,42.294366853716,Treron australis,Treron_australis,AVES,0.99542302627409,1,84327.4152220041
rank,9,9,42.294366853716,Turnix nigricollis,Turnix_nigricollis,AVES,0.999996689483579,7,90684.3543187678
rank,9,9,42.294366853716,Tylas eduardi,Tylas_eduardi,AVES,0.999999999992611,8,58196.5179659575
rank,9,9,42.294366853716,Vanga curvirostris,Vanga_curvirostris,AVES,0.999996986426306,11,98008.9848501462
rank,9,9,42.294366853716,Varecia rubra,Varecia_rubra,MAMMALIA,1,65,69068.2909810119
rank,9,9,42.294366853716,Varecia variegata,Varecia_variegata,MAMMALIA,1,44,68476.7266748506
rank,9,9,42.294366853716,Xanthomixis apperti,Xanthomixis_apperti,AVES,0.441311210122258,1,68.4073899760842
rank,9,9,42.294366853716,Xanthomixis cinereiceps,Xanthomixis_cinereiceps,AVES,1,20,17205.5768601932
rank,9,9,42.294366853716,Xanthomixis zosterops,Xanthomixis_zosterops,AVES,0.999999999998497,20,61064.6654385701
rank,9,9,42.294366853716,Xenopirostris damii,Xenopirostris_damii,AVES,0.00179910766481406,1,93.5023440420628
rank,9,9,42.294366853716,Xenopirostris polleni,Xenopirostris_polleni,AVES,0.999999969595735,9,17650.0517896218
rank,9,9,42.294366853716,Xenopirostris xenopirostris,Xenopirostris_xenopirostris,AVES,0.96505807541122,1,1102.55740338564
rank,10,10,46.984731857885,Accipiter henstii,Accipiter_henstii,AVES,0.733615302417045,1,69101.4435302866
rank,10,10,46.984731857885,Accipiter madagascariensis,Accipiter_madagascariensis,AVES,0.906469685627724,1,77514.754634887
rank,10,10,46.984731857885,Acrocephalus newtoni,Acrocephalus_newtoni,AVES,1,32,85996.9429897742
rank,10,10,46.984731857885,Alectroenas madagascariensis,Alectroenas_madagascariensis,AVES,0.998772398693738,7,61224.6519772087
rank,10,10,46.984731857885,Allocebus trichotis,Allocebus_trichotis,MAMMALIA,0.00783473494650444,3,72.1001097112894
rank,10,10,46.984731857885,Anas bernieri,Anas_bernieri,AVES,0,1,161.555721102021
rank,10,10,46.984731857885,Apus balstoni,Apus_balstoni,AVES,0.999999884901163,6,81875.209495523
rank,10,10,46.984731857885,Artamella viridis,Artamella_viridis,AVES,0.999999999999995,14,84643.4796192423
rank,10,10,46.984731857885,Asio madagascariensis,Asio_madagascariensis,AVES,0.862030017939923,3,63810.8251232798
rank,10,10,46.984731857885,Atelornis crossleyi,Atelornis_crossleyi,AVES,0.999998758967357,7,11570.6483647801
rank,10,10,46.984731857885,Atelornis pittoides,Atelornis_pittoides,AVES,0.999729905178923,3,41236.7912304103
rank,10,10,46.984731857885,Athene superciliaris,Athene_superciliaris,AVES,0.999995403384771,3,52389.713195309
rank,10,10,46.984731857885,Avahi laniger,Avahi_laniger,MAMMALIA,1,81,35726.0017237812
rank,10,10,46.984731857885,Avahi occidentalis,Avahi_occidentalis,MAMMALIA,0.996177513156648,4,630.900925964117
rank,10,10,46.984731857885,Aviceda madagascariensis,Aviceda_madagascariensis,AVES,0.962660546683064,1,72043.7154369205
rank,10,10,46.984731857885,Bernieria madagascariensis,Bernieria_madagascariensis,AVES,0.999999999999972,22,82431.8550954004
rank,10,10,46.984731857885,Brachypteracias leptosomus,Brachypteracias_leptosomus,AVES,0.999770423192598,1,36950.8927781209
rank,10,10,46.984731857885,Brachytarsomys albicauda,Brachytarsomys_albicauda,MAMMALIA,0.999999991417393,50,1808.56188994985
rank,10,10,46.984731857885,Brachyuromys betsileoensis,Brachyuromys_betsileoensis,MAMMALIA,1,103,12216.1724286938
rank,10,10,46.984731857885,Brachyuromys ramirohitra,Brachyuromys_ramirohitra,MAMMALIA,0.65541484639138,2,90.5857082977891
rank,10,10,46.984731857885,Bradypterus brunneus,Bradypterus_brunneus,AVES,1,38,12501.9681770483
rank,10,10,46.984731857885,Bradypterus seebohmi,Bradypterus_seebohmi,AVES,0.452718231585579,1,71.7493425011635
rank,10,10,46.984731857885,Buteo brachypterus,Buteo_brachypterus,AVES,0.821664595150431,1,79775.4278857485
rank,10,10,46.984731857885,Calicalicus madagascariensis,Calicalicus_madagascariensis,AVES,1,42,82389.9159720697
rank,10,10,46.984731857885,Cheirogaleus crossleyi,Cheirogaleus_crossleyi,MAMMALIA,1,87,5555.76599479215
rank,10,10,46.984731857885,Cheirogaleus major,Cheirogaleus_major,MAMMALIA,1,221,65046.2287911177
rank,10,10,46.984731857885,Cheirogaleus medius,Cheirogaleus_medius,MAMMALIA,1,736,33906.8109166039
rank,10,10,46.984731857885,Cinnyris notatus,Cinnyris_notatus,AVES,1,51,85913.6887547278
rank,10,10,46.984731857885,Copsychus albospecularis,Copsychus_albospecularis,AVES,0.999946123958788,11,53608.7881840653
rank,10,10,46.984731857885,Coracopsis nigra,Coracopsis_nigra,AVES,0.99626977145739,4,88384.8977947626
rank,10,10,46.984731857885,Corythornis madagascariensis,Corythornis_madagascariensis,AVES,0.881222210617456,6,79142.5167894199
rank,10,10,46.984731857885,Coua caerulea,Coua_caerulea,AVES,0.999905566595785,5,41820.8805446779
rank,10,10,46.984731857885,Coua coquereli,Coua_coquereli,AVES,0.999985665502793,5,19211.4017508563
rank,10,10,46.984731857885,Coua cristata,Coua_cristata,AVES,0.99999731672187,5,69013.1250830144
rank,10,10,46.984731857885,Coua cursor,Coua_cursor,AVES,0.999525675741391,3,8643.11572485417
rank,10,10,46.984731857885,Coua gigas,Coua_gigas,AVES,0.999715370139953,1,21281.5803502202
rank,10,10,46.984731857885,Coua reynaudii,Coua_reynaudii,AVES,0.999880710458984,5,35701.8073814586
rank,10,10,46.984731857885,Coua ruficeps,Coua_ruficeps,AVES,0.959346120072314,3,1327.46846918499
rank,10,10,46.984731857885,Coua serriana,Coua_serriana,AVES,0.9913911914957,1,32022.3892882715
rank,10,10,46.984731857885,Crossleyia xanthophrys,Crossleyia_xanthophrys,AVES,1,45,4109.18065964431
rank,10,10,46.984731857885,Cryptoprocta ferox,Cryptoprocta_ferox,MAMMALIA,0.0655862806691385,2,26603.8939620107
rank,10,10,46.984731857885,Cryptosylvicola randrianasoloi,Cryptosylvicola_randrianasoloi,AVES,1,37,5726.11626271904
rank,10,10,46.984731857885,Cyanolanius madagascarinus,Cyanolanius_madagascarinus,AVES,0.999999999999995,18,83609.2807719881
rank,10,10,46.984731857885,Daubentonia madagascariensis,Daubentonia_madagascariensis,MAMMALIA,1,63,32510.0435915291
rank,10,10,46.984731857885,Echinops telfairi,Echinops_telfairi,MAMMALIA,1,297,31695.4461205974
rank,10,10,46.984731857885,Eliurus antsingy,Eliurus_antsingy,MAMMALIA,0.0133748649300235,5,69.4813072830439
rank,10,10,46.984731857885,Eliurus grandidieri,Eliurus_grandidieri,MAMMALIA,0.999641415738649,27,917.641006159482
rank,10,10,46.984731857885,Eliurus majori,Eliurus_majori,MAMMALIA,1,256,41884.8768410385
rank,10,10,46.984731857885,Eliurus minor,Eliurus_minor,MAMMALIA,1,1258,68869.7846006636
rank,10,10,46.984731857885,Eliurus myoxinus,Eliurus_myoxinus,MAMMALIA,1,825,63088.6679873595
rank,10,10,46.984731857885,Eliurus tanala,Eliurus_tanala,MAMMALIA,1,397,46139.2616084288
rank,10,10,46.984731857885,Eliurus webbi,Eliurus_webbi,MAMMALIA,1,471,60188.1163936257
rank,10,10,46.984731857885,Eremopterix hova,Eremopterix_hova,AVES,0.999992505809897,19,2719.2405167371
rank,10,10,46.984731857885,Eulemur albifrons,Eulemur_albifrons,MAMMALIA,1,47,19176.4472242356
rank,10,10,46.984731857885,Eulemur cinereiceps,Eulemur_cinereiceps,MAMMALIA,1,192,81929.4749183993
rank,10,10,46.984731857885,Eulemur collaris,Eulemur_collaris,MAMMALIA,1,143,81368.7228925014
rank,10,10,46.984731857885,Eulemur coronatus,Eulemur_coronatus,MAMMALIA,1,212,23066.3701837752
rank,10,10,46.984731857885,Eulemur flavifrons,Eulemur_flavifrons,MAMMALIA,0.000213248908682684,1,25.074716512655
rank,10,10,46.984731857885,Eulemur fulvus,Eulemur_fulvus,MAMMALIA,1,174,82148.3237364809
rank,10,10,46.984731857885,Eulemur macaco,Eulemur_macaco,MAMMALIA,1,57,36118.5535765011
rank,10,10,46.984731857885,Eulemur mongoz,Eulemur_mongoz,MAMMALIA,0.999999952115885,31,2225.30980829895
rank,10,10,46.984731857885,Eulemur rubriventer,Eulemur_rubriventer,MAMMALIA,1,218,73082.1297185345
rank,10,10,46.984731857885,Eulemur rufus,Eulemur_rufus,MAMMALIA,1,163,37528.8473382369
rank,10,10,46.984731857885,Eulemur sanfordi,Eulemur_sanfordi,MAMMALIA,1,225,82272.3152832051
rank,10,10,46.984731857885,Euryceros prevostii,Euryceros_prevostii,AVES,0.999000955070916,3,2839.0629478842
rank,10,10,46.984731857885,Falco zoniventris,Falco_zoniventris,AVES,0.908643551891648,1,53828.465835698
rank,10,10,46.984731857885,Falculea palliata,Falculea_palliata,AVES,0.999999999994577,12,19465.6610860974
rank,10,10,46.984731857885,Fossa fossana,Fossa_fossana,MAMMALIA,0.977973858188396,2,48338.5189534798
rank,10,10,46.984731857885,Foudia madagascariensis,Foudia_madagascariensis,AVES,0.999999987346619,47,97655.3098515719
rank,10,10,46.984731857885,Foudia omissa,Foudia_omissa,AVES,0.999999999975691,18,49191.1298074424
rank,10,10,46.984731857885,Gactornis enarratus,Gactornis_enarratus,AVES,0.999999389551195,6,48508.9968460202
rank,10,10,46.984731857885,Galidia elegans,Galidia_elegans,MAMMALIA,0.967180045874016,6,48246.9149400794
rank,10,10,46.984731857885,Galidictis fasciata,Galidictis_fasciata,MAMMALIA,0,3,4247.07071315497
rank,10,10,46.984731857885,Geobiastes squamiger,Geobiastes_squamiger,AVES,0.999647822064895,4,10900.13246914
rank,10,10,46.984731857885,Geogale aurita,Geogale_aurita,MAMMALIA,1,550,23135.0784694627
rank,10,10,46.984731857885,Gymnuromys roberti,Gymnuromys_roberti,MAMMALIA,1,152,25954.2319579599
rank,10,10,46.984731857885,Haliaeetus vociferoides,Haliaeetus_vociferoides,AVES,1.6763340934256e-05,1,2747.75677254051
rank,10,10,46.984731857885,Hapalemur alaotrensis,Hapalemur_alaotrensis,MAMMALIA,0.999999999930356,36,2262.25813105364
rank,10,10,46.984731857885,Hapalemur aureus,Hapalemur_aureus,MAMMALIA,0.999999993681288,24,1799.88771115989
rank,10,10,46.984731857885,Hapalemur griseus,Hapalemur_griseus,MAMMALIA,1,189,79801.5089003283
rank,10,10,46.984731857885,Hapalemur occidentalis,Hapalemur_occidentalis,MAMMALIA,0.999995100328248,28,1026.71440970898
rank,10,10,46.984731857885,Hartertula flavoviridis,Hartertula_flavoviridis,AVES,1,44,8064.17225243151
rank,10,10,46.984731857885,Hartlaubius auratus,Hartlaubius_auratus,AVES,0.99999995268915,14,82182.8332210069
rank,10,10,46.984731857885,Hemicentetes nigriceps,Hemicentetes_nigriceps,MAMMALIA,0.999951619421304,32,1982.39178972618
rank,10,10,46.984731857885,Hemicentetes semispinosus,Hemicentetes_semispinosus,MAMMALIA,1,109,66508.6135902405
rank,10,10,46.984731857885,Hypogeomys antimena,Hypogeomys_antimena,MAMMALIA,0.133821965840603,5,104.686912983656
rank,10,10,46.984731857885,Hypositta corallirostris,Hypositta_corallirostris,AVES,0.999975227620113,9,59810.4469189718
rank,10,10,46.984731857885,Indri indri,Indri_indri,MAMMALIA,0.999999977324011,14,60560.1005555615
rank,10,10,46.984731857885,Lemur catta,Lemur_catta,MAMMALIA,1,166,15219.7428015992
rank,10,10,46.984731857885,Lepidopygia nana,Lepidopygia_nana,AVES,0.999981738558371,90,95890.8717957661
rank,10,10,46.984731857885,Lepilemur ankaranensis,Lepilemur_ankaranensis,MAMMALIA,0.942459903341428,13,361.823311685567
rank,10,10,46.984731857885,Lepilemur edwardsi,Lepilemur_edwardsi,MAMMALIA,1,64,6838.92846865612
rank,10,10,46.984731857885,Lepilemur leucopus,Lepilemur_leucopus,MAMMALIA,1,60,9129.69389573485
rank,10,10,46.984731857885,Lepilemur microdon,Lepilemur_microdon,MAMMALIA,0.999999999984886,35,4496.85093566375
rank,10,10,46.984731857885,Lepilemur mustelinus,Lepilemur_mustelinus,MAMMALIA,1,191,69975.0263911188
rank,10,10,46.984731857885,Lepilemur ruficaudatus,Lepilemur_ruficaudatus,MAMMALIA,1,146,10569.9843568876
rank,10,10,46.984731857885,Leptopterus chabert,Leptopterus_chabert,AVES,0.999999999999986,28,92077.8513618335
rank,10,10,46.984731857885,Lophotibis cristata,Lophotibis_cristata,AVES,0.999805418899879,2,75577.0358037161
rank,10,10,46.984731857885,Macrotarsomys bastardi,Macrotarsomys_bastardi,MAMMALIA,1,216,6800.80285377801
rank,10,10,46.984731857885,Margaroperdix madagarensis,Margaroperdix_madagarensis,AVES,0.999994593375341,3,78074.4165516058
rank,10,10,46.984731857885,Mentocrex kioloides,Mentocrex_kioloides,AVES,0.997610457954759,1,32367.4427035227
rank,10,10,46.984731857885,Mesitornis unicolor,Mesitornis_unicolor,AVES,0,1,89.8278131379858
rank,10,10,46.984731857885,Mesitornis variegatus,Mesitornis_variegatus,AVES,0.998732501170723,5,2853.41006776691
rank,10,10,46.984731857885,Microcebus berthae,Microcebus_berthae,MAMMALIA,1.52725555535582e-08,2,17.7781751081347
rank,10,10,46.984731857885,Microcebus griseorufus,Microcebus_griseorufus,MAMMALIA,0.995769019106108,14,501.433658043884
rank,10,10,46.984731857885,Microcebus murinus,Microcebus_murinus,MAMMALIA,1,1038,61588.1573208347
rank,10,10,46.984731857885,Microcebus myoxinus,Microcebus_myoxinus,MAMMALIA,0.999999992654343,102,1124.39007911777
rank,10,10,46.984731857885,Microcebus ravelobensis,Microcebus_ravelobensis,MAMMALIA,0.778620368188765,15,246.875988043973
rank,10,10,46.984731857885,Microcebus rufus,Microcebus_rufus,MAMMALIA,1,1069,62889.1680922955
rank,10,10,46.984731857885,Microcebus tavaratra,Microcebus_tavaratra,MAMMALIA,0.99348955741329,45,767.433245509863
rank,10,10,46.984731857885,Microgale brevicaudata,Microgale_brevicaudata,MAMMALIA,1,657,26416.4463390261
rank,10,10,46.984731857885,Microgale cowani,Microgale_cowani,MAMMALIA,1,486,52852.9857363328
rank,10,10,46.984731857885,Microgale drouhardi,Microgale_drouhardi,MAMMALIA,1,315,25311.8960933899
rank,10,10,46.984731857885,Microgale dryas,Microgale_dryas,MAMMALIA,0.897201399235259,47,1369.92029440585
rank,10,10,46.984731857885,Microgale fotsifotsy,Microgale_fotsifotsy,MAMMALIA,1,384,28830.8026255001
rank,10,10,46.984731857885,Microgale gracilis,Microgale_gracilis,MAMMALIA,0.999999999998128,120,9517.12162483255
rank,10,10,46.984731857885,Microgale gymnorhyncha,Microgale_gymnorhyncha,MAMMALIA,1,131,18790.7476411791
rank,10,10,46.984731857885,Microgale longicaudata,Microgale_longicaudata,MAMMALIA,1,862,57944.7153289244
rank,10,10,46.984731857885,Microgale mergulus,Microgale_mergulus,MAMMALIA,0.99999999999955,69,5418.24125477839
rank,10,10,46.984731857885,Microgale parvula,Microgale_parvula,MAMMALIA,0.999999999999998,1061,60617.4737528437
rank,10,10,46.984731857885,Microgale principula,Microgale_principula,MAMMALIA,1,600,49959.5046940371
rank,10,10,46.984731857885,Microgale pusilla,Microgale_pusilla,MAMMALIA,0.999999998471633,401,16728.6035081819
rank,10,10,46.984731857885,Microgale soricoides,Microgale_soricoides,MAMMALIA,1,136,26477.0680762506
rank,10,10,46.984731857885,Microgale taiva,Microgale_taiva,MAMMALIA,1,306,40281.4725433812
rank,10,10,46.984731857885,Microgale thomasi,Microgale_thomasi,MAMMALIA,1,99,23365.1626096964
rank,10,10,46.984731857885,Mirza coquereli,Mirza_coquereli,MAMMALIA,0.999997458015032,47,2521.27879976958
rank,10,10,46.984731857885,Monias benschi,Monias_benschi,AVES,0,1,82.9420458882274
rank,10,10,46.984731857885,Monticola erythronotus,Monticola_erythronotus,AVES,0.505764981643065,1,97.4973036619822
rank,10,10,46.984731857885,Monticola sharpei,Monticola_sharpei,AVES,1,40,74550.0063424781
rank,10,10,46.984731857885,Monticolomys koopmani,Monticolomys_koopmani,MAMMALIA,0.132627251095215,6,104.060766987503
rank,10,10,46.984731857885,Motacilla flaviventris,Motacilla_flaviventris,AVES,0.999999997951113,23,2832.65281479806
rank,10,10,46.984731857885,Mystacornis crossleyi,Mystacornis_crossleyi,AVES,0.999999999999986,13,46687.771836929
rank,10,10,46.984731857885,Neodrepanis coruscans,Neodrepanis_coruscans,AVES,0.999998935960518,15,29296.7081058398
rank,10,10,46.984731857885,Neodrepanis hypoxantha,Neodrepanis_hypoxantha,AVES,0.0211788111247608,3,88.4296057149768
rank,10,10,46.984731857885,Neomixis striatigula,Neomixis_striatigula,AVES,0.999999999990607,31,55392.7508793101
rank,10,10,46.984731857885,Neomixis tenella,Neomixis_tenella,AVES,1,89,73728.8934893981
rank,10,10,46.984731857885,Neomixis viridis,Neomixis_viridis,AVES,0.99999999999971,29,51704.8567837328
rank,10,10,46.984731857885,Nesillas lantzii,Nesillas_lantzii,AVES,0.999982144674969,3,2690.32281979173
rank,10,10,46.984731857885,Nesogale dobsoni,Nesogale_dobsoni,MAMMALIA,1,288,60640.1576917968
rank,10,10,46.984731857885,Nesogale talazaci,Nesogale_talazaci,MAMMALIA,1,211,61454.5616841816
rank,10,10,46.984731857885,Nesomys audeberti,Nesomys_audeberti,MAMMALIA,1,107,4205.02906796544
rank,10,10,46.984731857885,Nesomys lambertoni,Nesomys_lambertoni,MAMMALIA,0.999983982375401,29,958.575495295227
rank,10,10,46.984731857885,Nesomys rufus,Nesomys_rufus,MAMMALIA,1,237,45350.27964871
rank,10,10,46.984731857885,Newtonia amphichroa,Newtonia_amphichroa,AVES,1,16,41170.4268292599
rank,10,10,46.984731857885,Newtonia archboldi,Newtonia_archboldi,AVES,0.999735488117209,10,2049.17224709207
rank,10,10,46.984731857885,Newtonia brunneicauda,Newtonia_brunneicauda,AVES,1,64,92660.4404959083
rank,10,10,46.984731857885,Newtonia fanovanae,Newtonia_fanovanae,AVES,0.353055283448657,2,98.2207024819943
rank,10,10,46.984731857885,Oriolia bernieri,Oriolia_bernieri,AVES,0.999999946816627,14,13924.7853005901
rank,10,10,46.984731857885,Oryzorictes hova,Oryzorictes_hova,MAMMALIA,1,274,58625.4853702337
rank,10,10,46.984731857885,Oryzorictes tetradactylus,Oryzorictes_tetradactylus,MAMMALIA,0.999999999999014,115,7897.53811768851
rank,10,10,46.984731857885,Otus rutilus,Otus_rutilus,AVES,0.999999895651379,5,85635.5768510476
rank,10,10,46.984731857885,Oxylabes madagascariensis,Oxylabes_madagascariensis,AVES,0.999999999999998,20,50631.8953004703
rank,10,10,46.984731857885,Phaner electromontis,Phaner_electromontis,MAMMALIA,1.1181189119025e-07,1,17.4337788633315
rank,10,10,46.984731857885,Phaner furcifer,Phaner_furcifer,MAMMALIA,0.887905466959644,58,892.662774423171
rank,10,10,46.984731857885,Phaner pallescens,Phaner_pallescens,MAMMALIA,0.999999999656853,52,3092.35183081031
rank,10,10,46.984731857885,Phaner parienti,Phaner_parienti,MAMMALIA,0.00280017666108967,1,24.4501852478648
rank,10,10,46.984731857885,Philepitta castanea,Philepitta_castanea,AVES,0.983490564364859,4,37563.2492674291
rank,10,10,46.984731857885,Philepitta schlegeli,Philepitta_schlegeli,AVES,0.985708120627643,13,3833.60594871652
rank,10,10,46.984731857885,Ploceus nelicourvi,Ploceus_nelicourvi,AVES,0.999999999995105,12,59305.3088286519
rank,10,10,46.984731857885,Ploceus sakalava,Ploceus_sakalava,AVES,0.999999996737718,32,22411.9450458661
rank,10,10,46.984731857885,Polyboroides radiatus,Polyboroides_radiatus,AVES,0.996759808446905,1,67311.0179564884
rank,10,10,46.984731857885,Pseudobias wardi,Pseudobias_wardi,AVES,1,18,41288.5952302367
rank,10,10,46.984731857885,Pterocles personatus,Pterocles_personatus,AVES,0.727386355478536,7,3792.02465200424
rank,10,10,46.984731857885,Rallus madagascariensis,Rallus_madagascariensis,AVES,0.999999074867798,4,14064.8810298839
rank,10,10,46.984731857885,Randia pseudozosterops,Randia_pseudozosterops,AVES,0.99999982007582,14,44441.9201051708
rank,10,10,46.984731857885,Sarothrura insularis,Sarothrura_insularis,AVES,0.999905459807988,7,64900.7030250803
rank,10,10,46.984731857885,Schetba rufa,Schetba_rufa,AVES,1,23,27597.4530519843
rank,10,10,46.984731857885,Setifer setosus,Setifer_setosus,MAMMALIA,1,207,90193.4495406225
rank,10,10,46.984731857885,Tenrec ecaudatus,Tenrec_ecaudatus,MAMMALIA,1,115,90823.3190537617
rank,10,10,46.984731857885,Thamnornis chloropetoides,Thamnornis_chloropetoides,AVES,0.999976360978254,5,3348.9327127859
rank,10,10,46.984731857885,Treron australis,Treron_australis,AVES,0.995030847415322,3,78529.318297714
rank,10,10,46.984731857885,Turnix nigricollis,Turnix_nigricollis,AVES,0.999990512893127,8,83650.9320179448
rank,10,10,46.984731857885,Tylas eduardi,Tylas_eduardi,AVES,0.999999999989743,8,57172.0104613155
rank,10,10,46.984731857885,Vanga curvirostris,Vanga_curvirostris,AVES,0.999999987544891,11,91676.8992146587
rank,10,10,46.984731857885,Varecia rubra,Varecia_rubra,MAMMALIA,1,57,66239.7321613138
rank,10,10,46.984731857885,Varecia variegata,Varecia_variegata,MAMMALIA,0.99999999999995,39,65751.3684848923
rank,10,10,46.984731857885,Xanthomixis apperti,Xanthomixis_apperti,AVES,0.441311210122258,1,68.4073899760842
rank,10,10,46.984731857885,Xanthomixis cinereiceps,Xanthomixis_cinereiceps,AVES,1,20,17018.6356503619
rank,10,10,46.984731857885,Xanthomixis zosterops,Xanthomixis_zosterops,AVES,0.999999999993787,21,59617.6328230202
rank,10,10,46.984731857885,Xenopirostris damii,Xenopirostris_damii,AVES,0.00179910766481406,1,93.5023440420628
rank,10,10,46.984731857885,Xenopirostris polleni,Xenopirostris_polleni,AVES,0.999999968712437,9,17555.527565223
rank,10,10,46.984731857885,Xenopirostris xenopirostris,Xenopirostris_xenopirostris,AVES,0.96505807541122,1,1102.55740338564
rank,11,11,51.6772071464547,Accipiter henstii,Accipiter_henstii,AVES,0.719939990633668,1,64783.818224215
rank,11,11,51.6772071464547,Accipiter madagascariensis,Accipiter_madagascariensis,AVES,0.899523307340337,1,72110.8847930878
rank,11,11,51.6772071464547,Acrocephalus newtoni,Acrocephalus_newtoni,AVES,1,39,79416.5535980905
rank,11,11,51.6772071464547,Alectroenas madagascariensis,Alectroenas_madagascariensis,AVES,0.998393917484323,7,58327.2484652324
rank,11,11,51.6772071464547,Allocebus trichotis,Allocebus_trichotis,MAMMALIA,0.00783473494650444,3,72.1001097112894
rank,11,11,51.6772071464547,Anas bernieri,Anas_bernieri,AVES,0,1,161.555721102021
rank,11,11,51.6772071464547,Apus balstoni,Apus_balstoni,AVES,0.999999998460053,9,76098.4212658766
rank,11,11,51.6772071464547,Artamella viridis,Artamella_viridis,AVES,0.999999999999969,14,79325.3674515437
rank,11,11,51.6772071464547,Asio madagascariensis,Asio_madagascariensis,AVES,0.856792141770127,3,60697.1700428222
rank,11,11,51.6772071464547,Atelornis crossleyi,Atelornis_crossleyi,AVES,0.999998758967357,7,11567.0577436027
rank,11,11,51.6772071464547,Atelornis pittoides,Atelornis_pittoides,AVES,0.999720595192004,3,40442.092620194
rank,11,11,51.6772071464547,Athene superciliaris,Athene_superciliaris,AVES,0.999993466317136,3,47601.2572580427
rank,11,11,51.6772071464547,Avahi laniger,Avahi_laniger,MAMMALIA,1,77,34832.7195841
rank,11,11,51.6772071464547,Avahi occidentalis,Avahi_occidentalis,MAMMALIA,0.996177513156648,4,630.900925964117
rank,11,11,51.6772071464547,Aviceda madagascariensis,Aviceda_madagascariensis,AVES,0.958723126969793,1,66535.0695922896
rank,11,11,51.6772071464547,Bernieria madagascariensis,Bernieria_madagascariensis,AVES,1,30,76657.616086109
rank,11,11,51.6772071464547,Brachypteracias leptosomus,Brachypteracias_leptosomus,AVES,0.99976051575268,1,36106.0747859851
rank,11,11,51.6772071464547,Brachytarsomys albicauda,Brachytarsomys_albicauda,MAMMALIA,0.999999991304563,51,1805.10379705765
rank,11,11,51.6772071464547,Brachyuromys betsileoensis,Brachyuromys_betsileoensis,MAMMALIA,1,98,11966.0434424086
rank,11,11,51.6772071464547,Brachyuromys ramirohitra,Brachyuromys_ramirohitra,MAMMALIA,0.65541484639138,2,90.5857082977891
rank,11,11,51.6772071464547,Bradypterus brunneus,Bradypterus_brunneus,AVES,1,38,12362.9721347213
rank,11,11,51.6772071464547,Bradypterus seebohmi,Bradypterus_seebohmi,AVES,0.452718231585579,1,71.7493425011635
rank,11,11,51.6772071464547,Buteo brachypterus,Buteo_brachypterus,AVES,0.810262352276877,1,74220.0787061304
rank,11,11,51.6772071464547,Calicalicus madagascariensis,Calicalicus_madagascariensis,AVES,1,46,76452.9604296605
rank,11,11,51.6772071464547,Cheirogaleus crossleyi,Cheirogaleus_crossleyi,MAMMALIA,1,87,5530.4813373705
rank,11,11,51.6772071464547,Cheirogaleus major,Cheirogaleus_major,MAMMALIA,1,211,61947.0066219249
rank,11,11,51.6772071464547,Cheirogaleus medius,Cheirogaleus_medius,MAMMALIA,1,671,29613.6974295808
rank,11,11,51.6772071464547,Cinnyris notatus,Cinnyris_notatus,AVES,1,64,79389.9457509545
rank,11,11,51.6772071464547,Copsychus albospecularis,Copsychus_albospecularis,AVES,0.99994234178076,10,52231.7506191617
rank,11,11,51.6772071464547,Coracopsis nigra,Coracopsis_nigra,AVES,0.995295577026125,4,82162.9686801478
rank,11,11,51.6772071464547,Corythornis madagascariensis,Corythornis_madagascariensis,AVES,0.871214932361358,7,74003.86885691
rank,11,11,51.6772071464547,Coua caerulea,Coua_caerulea,AVES,0.99979650868729,5,40691.9583938792
rank,11,11,51.6772071464547,Coua coquereli,Coua_coquereli,AVES,0.999930980037139,5,16281.8872297768
rank,11,11,51.6772071464547,Coua cristata,Coua_cristata,AVES,0.999995073930854,4,64783.4755923376
rank,11,11,51.6772071464547,Coua cursor,Coua_cursor,AVES,0.999350597342983,3,7589.30662770569
rank,11,11,51.6772071464547,Coua gigas,Coua_gigas,AVES,0.999614248689453,1,18423.7086396813
rank,11,11,51.6772071464547,Coua reynaudii,Coua_reynaudii,AVES,0.999858902066667,5,35402.9634989575
rank,11,11,51.6772071464547,Coua ruficeps,Coua_ruficeps,AVES,0.959057187910904,3,1325.49668070112
rank,11,11,51.6772071464547,Coua serriana,Coua_serriana,AVES,0.991099939558844,1,31187.1162089508
rank,11,11,51.6772071464547,Crossleyia xanthophrys,Crossleyia_xanthophrys,AVES,1,45,4103.30525610596
rank,11,11,51.6772071464547,Cryptoprocta ferox,Cryptoprocta_ferox,MAMMALIA,0.0542059848707788,2,26162.2428072095
rank,11,11,51.6772071464547,Cryptosylvicola randrianasoloi,Cryptosylvicola_randrianasoloi,AVES,1,35,5632.40790057182
rank,11,11,51.6772071464547,Cyanolanius madagascarinus,Cyanolanius_madagascarinus,AVES,1,30,77532.3445439752
rank,11,11,51.6772071464547,Daubentonia madagascariensis,Daubentonia_madagascariensis,MAMMALIA,1,62,30042.5798214078
rank,11,11,51.6772071464547,Echinops telfairi,Echinops_telfairi,MAMMALIA,1,291,27468.6343445033
rank,11,11,51.6772071464547,Eliurus antsingy,Eliurus_antsingy,MAMMALIA,0.0133748649300235,5,69.4813072830439
rank,11,11,51.6772071464547,Eliurus grandidieri,Eliurus_grandidieri,MAMMALIA,0.999641415738649,27,917.641006159482
rank,11,11,51.6772071464547,Eliurus majori,Eliurus_majori,MAMMALIA,1,234,40299.0811972246
rank,11,11,51.6772071464547,Eliurus minor,Eliurus_minor,MAMMALIA,1,1146,65730.6057316959
rank,11,11,51.6772071464547,Eliurus myoxinus,Eliurus_myoxinus,MAMMALIA,1,756,58234.9081172351
rank,11,11,51.6772071464547,Eliurus tanala,Eliurus_tanala,MAMMALIA,1,364,44920.7446732334
rank,11,11,51.6772071464547,Eliurus webbi,Eliurus_webbi,MAMMALIA,1,439,57997.5189173073
rank,11,11,51.6772071464547,Eremopterix hova,Eremopterix_hova,AVES,0.999982312055193,16,2451.61562528461
rank,11,11,51.6772071464547,Eulemur albifrons,Eulemur_albifrons,MAMMALIA,1,56,18195.9008720725
rank,11,11,51.6772071464547,Eulemur cinereiceps,Eulemur_cinereiceps,MAMMALIA,1,205,75893.0100012369
rank,11,11,51.6772071464547,Eulemur collaris,Eulemur_collaris,MAMMALIA,1,157,75389.2113464441
rank,11,11,51.6772071464547,Eulemur coronatus,Eulemur_coronatus,MAMMALIA,1,213,21387.301599651
rank,11,11,51.6772071464547,Eulemur flavifrons,Eulemur_flavifrons,MAMMALIA,0.000213248908682684,1,25.074716512655
rank,11,11,51.6772071464547,Eulemur fulvus,Eulemur_fulvus,MAMMALIA,1,189,76045.4804545429
rank,11,11,51.6772071464547,Eulemur macaco,Eulemur_macaco,MAMMALIA,1,65,35306.734494111
rank,11,11,51.6772071464547,Eulemur mongoz,Eulemur_mongoz,MAMMALIA,0.999999946248145,31,2189.7656327039
rank,11,11,51.6772071464547,Eulemur rubriventer,Eulemur_rubriventer,MAMMALIA,1,218,69297.5354155004
rank,11,11,51.6772071464547,Eulemur rufus,Eulemur_rufus,MAMMALIA,1,161,34231.1383097917
rank,11,11,51.6772071464547,Eulemur sanfordi,Eulemur_sanfordi,MAMMALIA,1,240,76232.4275569496
rank,11,11,51.6772071464547,Euryceros prevostii,Euryceros_prevostii,AVES,0.998983759995448,3,2833.8600268662
rank,11,11,51.6772071464547,Falco zoniventris,Falco_zoniventris,AVES,0.902370786996623,1,50330.5670184344
rank,11,11,51.6772071464547,Falculea palliata,Falculea_palliata,AVES,0.999999999991474,13,17222.8954484537
rank,11,11,51.6772071464547,Fossa fossana,Fossa_fossana,MAMMALIA,0.971630433601793,2,45598.3216030821
rank,11,11,51.6772071464547,Foudia madagascariensis,Foudia_madagascariensis,AVES,0.999999999999827,61,89576.3497427032
rank,11,11,51.6772071464547,Foudia omissa,Foudia_omissa,AVES,0.999999999929762,16,47135.9693340957
rank,11,11,51.6772071464547,Gactornis enarratus,Gactornis_enarratus,AVES,0.999998845926861,6,46799.8439134732
rank,11,11,51.6772071464547,Galidia elegans,Galidia_elegans,MAMMALIA,0.966356165704426,5,45801.6928167308
rank,11,11,51.6772071464547,Galidictis fasciata,Galidictis_fasciata,MAMMALIA,0,3,4247.07071315497
rank,11,11,51.6772071464547,Geobiastes squamiger,Geobiastes_squamiger,AVES,0.999636821845846,4,10757.2625729367
rank,11,11,51.6772071464547,Geogale aurita,Geogale_aurita,MAMMALIA,1,505,21290.5461277217
rank,11,11,51.6772071464547,Gymnuromys roberti,Gymnuromys_roberti,MAMMALIA,1,146,25551.7604039644
rank,11,11,51.6772071464547,Haliaeetus vociferoides,Haliaeetus_vociferoides,AVES,1.65489370684835e-06,1,2472.0936748609
rank,11,11,51.6772071464547,Hapalemur alaotrensis,Hapalemur_alaotrensis,MAMMALIA,0.999999980151125,32,1890.44231194248
rank,11,11,51.6772071464547,Hapalemur aureus,Hapalemur_aureus,MAMMALIA,0.99999999014285,25,1780.68738824874
rank,11,11,51.6772071464547,Hapalemur griseus,Hapalemur_griseus,MAMMALIA,1,202,74881.6019232387
rank,11,11,51.6772071464547,Hapalemur occidentalis,Hapalemur_occidentalis,MAMMALIA,0.999995100328248,28,1026.71440970898
rank,11,11,51.6772071464547,Hartertula flavoviridis,Hartertula_flavoviridis,AVES,1,43,8028.30538988859
rank,11,11,51.6772071464547,Hartlaubius auratus,Hartlaubius_auratus,AVES,0.999999977756778,19,76387.5477792034
rank,11,11,51.6772071464547,Hemicentetes nigriceps,Hemicentetes_nigriceps,MAMMALIA,0.999949644443977,30,1933.67463685572
rank,11,11,51.6772071464547,Hemicentetes semispinosus,Hemicentetes_semispinosus,MAMMALIA,1,106,63074.9641647264
rank,11,11,51.6772071464547,Hypogeomys antimena,Hypogeomys_antimena,MAMMALIA,0.133821965840603,5,104.686912983656
rank,11,11,51.6772071464547,Hypositta corallirostris,Hypositta_corallirostris,AVES,0.999950664162598,10,57520.267292805
rank,11,11,51.6772071464547,Indri indri,Indri_indri,MAMMALIA,0.999999907802103,13,58654.6634833962
rank,11,11,51.6772071464547,Lemur catta,Lemur_catta,MAMMALIA,1,171,13995.3655249551
rank,11,11,51.6772071464547,Lepidopygia nana,Lepidopygia_nana,AVES,0.999986221714657,107,87946.4306880534
rank,11,11,51.6772071464547,Lepilemur ankaranensis,Lepilemur_ankaranensis,MAMMALIA,0.942459903341428,13,361.823311685567
rank,11,11,51.6772071464547,Lepilemur edwardsi,Lepilemur_edwardsi,MAMMALIA,1,65,6063.10252664623
rank,11,11,51.6772071464547,Lepilemur leucopus,Lepilemur_leucopus,MAMMALIA,1,64,7796.77316683531
rank,11,11,51.6772071464547,Lepilemur microdon,Lepilemur_microdon,MAMMALIA,0.999999999980479,35,4377.3270506226
rank,11,11,51.6772071464547,Lepilemur mustelinus,Lepilemur_mustelinus,MAMMALIA,1,194,65519.3173905388
rank,11,11,51.6772071464547,Lepilemur ruficaudatus,Lepilemur_ruficaudatus,MAMMALIA,1,151,9049.1760212332
rank,11,11,51.6772071464547,Leptopterus chabert,Leptopterus_chabert,AVES,1,35,85182.8640133217
rank,11,11,51.6772071464547,Lophotibis cristata,Lophotibis_cristata,AVES,0.999780030390469,2,70940.1645154456
rank,11,11,51.6772071464547,Macrotarsomys bastardi,Macrotarsomys_bastardi,MAMMALIA,1,202,6225.26357568055
rank,11,11,51.6772071464547,Margaroperdix madagarensis,Margaroperdix_madagarensis,AVES,0.999998791806077,4,72444.8459347323
rank,11,11,51.6772071464547,Mentocrex kioloides,Mentocrex_kioloides,AVES,0.997530865929243,1,31656.0154781789
rank,11,11,51.6772071464547,Mesitornis unicolor,Mesitornis_unicolor,AVES,0,1,89.8278131379858
rank,11,11,51.6772071464547,Mesitornis variegatus,Mesitornis_variegatus,AVES,0.998719416497544,4,2786.75877823681
rank,11,11,51.6772071464547,Microcebus berthae,Microcebus_berthae,MAMMALIA,1.52725555535582e-08,2,17.7781751081347
rank,11,11,51.6772071464547,Microcebus griseorufus,Microcebus_griseorufus,MAMMALIA,0.995769019106108,14,501.433658043884
rank,11,11,51.6772071464547,Microcebus murinus,Microcebus_murinus,MAMMALIA,1,959,55434.6317110583
rank,11,11,51.6772071464547,Microcebus myoxinus,Microcebus_myoxinus,MAMMALIA,0.999999992279118,102,1120.37628028205
rank,11,11,51.6772071464547,Microcebus ravelobensis,Microcebus_ravelobensis,MAMMALIA,0.778620368188765,15,246.875988043973
rank,11,11,51.6772071464547,Microcebus rufus,Microcebus_rufus,MAMMALIA,1,974,60549.4489682615
rank,11,11,51.6772071464547,Microcebus tavaratra,Microcebus_tavaratra,MAMMALIA,0.99348955741329,45,767.433245509863
rank,11,11,51.6772071464547,Microgale brevicaudata,Microgale_brevicaudata,MAMMALIA,1,606,23863.2520545721
rank,11,11,51.6772071464547,Microgale cowani,Microgale_cowani,MAMMALIA,1,441,50727.5148416683
rank,11,11,51.6772071464547,Microgale drouhardi,Microgale_drouhardi,MAMMALIA,1,306,24977.6537437588
rank,11,11,51.6772071464547,Microgale dryas,Microgale_dryas,MAMMALIA,0.897201399235259,47,1369.92029440585
rank,11,11,51.6772071464547,Microgale fotsifotsy,Microgale_fotsifotsy,MAMMALIA,1,361,28203.330425031
rank,11,11,51.6772071464547,Microgale gracilis,Microgale_gracilis,MAMMALIA,0.999999999996671,123,9457.19106159024
rank,11,11,51.6772071464547,Microgale gymnorhyncha,Microgale_gymnorhyncha,MAMMALIA,1,120,18300.4846200063
rank,11,11,51.6772071464547,Microgale longicaudata,Microgale_longicaudata,MAMMALIA,1,794,55843.0418712646
rank,11,11,51.6772071464547,Microgale mergulus,Microgale_mergulus,MAMMALIA,0.999999999999435,68,5349.08639304285
rank,11,11,51.6772071464547,Microgale parvula,Microgale_parvula,MAMMALIA,0.999999999999995,972,59058.0901781803
rank,11,11,51.6772071464547,Microgale principula,Microgale_principula,MAMMALIA,1,572,49494.5448229909
rank,11,11,51.6772071464547,Microgale pusilla,Microgale_pusilla,MAMMALIA,0.999999998225503,381,16517.4304793179
rank,11,11,51.6772071464547,Microgale soricoides,Microgale_soricoides,MAMMALIA,1,125,25899.9449628849
rank,11,11,51.6772071464547,Microgale taiva,Microgale_taiva,MAMMALIA,1,293,39874.0042266473
rank,11,11,51.6772071464547,Microgale thomasi,Microgale_thomasi,MAMMALIA,1,90,22841.2956425697
rank,11,11,51.6772071464547,Mirza coquereli,Mirza_coquereli,MAMMALIA,0.999997452703774,47,2461.65204546402
rank,11,11,51.6772071464547,Monias benschi,Monias_benschi,AVES,0,1,82.9420458882274
rank,11,11,51.6772071464547,Monticola erythronotus,Monticola_erythronotus,AVES,0.505764981643065,1,97.4973036619822
rank,11,11,51.6772071464547,Monticola sharpei,Monticola_sharpei,AVES,0.999999999999998,40,69168.5341399014
rank,11,11,51.6772071464547,Monticolomys koopmani,Monticolomys_koopmani,MAMMALIA,0.132627251095215,6,104.060766987503
rank,11,11,51.6772071464547,Motacilla flaviventris,Motacilla_flaviventris,AVES,0.999999934845778,20,2419.47488188744
rank,11,11,51.6772071464547,Mystacornis crossleyi,Mystacornis_crossleyi,AVES,0.999999999999964,13,45564.9064920098
rank,11,11,51.6772071464547,Neodrepanis coruscans,Neodrepanis_coruscans,AVES,0.999998638175436,16,28601.4912494272
rank,11,11,51.6772071464547,Neodrepanis hypoxantha,Neodrepanis_hypoxantha,AVES,0.0211788111247608,3,88.4296057149768
rank,11,11,51.6772071464547,Neomixis striatigula,Neomixis_striatigula,AVES,0.999999999877718,26,53220.4189203605
rank,11,11,51.6772071464547,Neomixis tenella,Neomixis_tenella,AVES,1,100,69536.7237672508
rank,11,11,51.6772071464547,Neomixis viridis,Neomixis_viridis,AVES,1,32,50038.2719837576
rank,11,11,51.6772071464547,Nesillas lantzii,Nesillas_lantzii,AVES,0.99996487055435,2,2582.8985677883
rank,11,11,51.6772071464547,Nesogale dobsoni,Nesogale_dobsoni,MAMMALIA,1,276,58203.2074575871
rank,11,11,51.6772071464547,Nesogale talazaci,Nesogale_talazaci,MAMMALIA,1,203,59284.2534980788
rank,11,11,51.6772071464547,Nesomys audeberti,Nesomys_audeberti,MAMMALIA,1,107,4156.61471416546
rank,11,11,51.6772071464547,Nesomys lambertoni,Nesomys_lambertoni,MAMMALIA,0.999983982375401,29,958.575495295227
rank,11,11,51.6772071464547,Nesomys rufus,Nesomys_rufus,MAMMALIA,1,226,44587.0243311351
rank,11,11,51.6772071464547,Newtonia amphichroa,Newtonia_amphichroa,AVES,1,14,39931.3905880451
rank,11,11,51.6772071464547,Newtonia archboldi,Newtonia_archboldi,AVES,0.999718824992397,10,2037.46424032869
rank,11,11,51.6772071464547,Newtonia brunneicauda,Newtonia_brunneicauda,AVES,1,78,85326.1954315826
rank,11,11,51.6772071464547,Newtonia fanovanae,Newtonia_fanovanae,AVES,0.353055283448657,2,98.2207024819943
rank,11,11,51.6772071464547,Oriolia bernieri,Oriolia_bernieri,AVES,0.999999933147633,14,13664.7993259579
rank,11,11,51.6772071464547,Oryzorictes hova,Oryzorictes_hova,MAMMALIA,1,256,56910.0465691909
rank,11,11,51.6772071464547,Oryzorictes tetradactylus,Oryzorictes_tetradactylus,MAMMALIA,0.999999999989016,108,7242.87091242013
rank,11,11,51.6772071464547,Otus rutilus,Otus_rutilus,AVES,0.999999706695038,5,79444.0976278335
rank,11,11,51.6772071464547,Oxylabes madagascariensis,Oxylabes_madagascariensis,AVES,1,20,48652.5484307557
rank,11,11,51.6772071464547,Phaner electromontis,Phaner_electromontis,MAMMALIA,1.1181189119025e-07,1,17.4337788633315
rank,11,11,51.6772071464547,Phaner furcifer,Phaner_furcifer,MAMMALIA,0.887905466959644,58,892.662774423171
rank,11,11,51.6772071464547,Phaner pallescens,Phaner_pallescens,MAMMALIA,0.999999998462378,48,2804.70604575425
rank,11,11,51.6772071464547,Phaner parienti,Phaner_parienti,MAMMALIA,0.00280017666108967,1,24.4501852478648
rank,11,11,51.6772071464547,Philepitta castanea,Philepitta_castanea,AVES,0.983433331253318,3,37396.1478973776
rank,11,11,51.6772071464547,Philepitta schlegeli,Philepitta_schlegeli,AVES,0.995077039585666,14,3704.93905347295
rank,11,11,51.6772071464547,Ploceus nelicourvi,Ploceus_nelicourvi,AVES,0.99999999999686,10,56809.6870304346
rank,11,11,51.6772071464547,Ploceus sakalava,Ploceus_sakalava,AVES,0.999999999986367,40,19767.1640803516
rank,11,11,51.6772071464547,Polyboroides radiatus,Polyboroides_radiatus,AVES,0.996218219805025,1,61352.081612251
rank,11,11,51.6772071464547,Pseudobias wardi,Pseudobias_wardi,AVES,0.999999999999998,19,40340.2682360858
rank,11,11,51.6772071464547,Pterocles personatus,Pterocles_personatus,AVES,0.696206989195389,7,3598.15555307269
rank,11,11,51.6772071464547,Rallus madagascariensis,Rallus_madagascariensis,AVES,0.99999905013877,4,14018.1807426217
rank,11,11,51.6772071464547,Randia pseudozosterops,Randia_pseudozosterops,AVES,0.999999855571947,16,42839.6293098801
rank,11,11,51.6772071464547,Sarothrura insularis,Sarothrura_insularis,AVES,0.999854532370862,7,61764.0686235055
rank,11,11,51.6772071464547,Schetba rufa,Schetba_rufa,AVES,1,26,26531.7140553743
rank,11,11,51.6772071464547,Setifer setosus,Setifer_setosus,MAMMALIA,1,212,83295.5555944368
rank,11,11,51.6772071464547,Tenrec ecaudatus,Tenrec_ecaudatus,MAMMALIA,1,130,83634.3876917586
rank,11,11,51.6772071464547,Thamnornis chloropetoides,Thamnornis_chloropetoides,AVES,0.999974878870213,5,3245.66563048214
rank,11,11,51.6772071464547,Treron australis,Treron_australis,AVES,0.995250420477442,3,72139.7553096265
rank,11,11,51.6772071464547,Turnix nigricollis,Turnix_nigricollis,AVES,0.999976799323133,7,76902.8050595149
rank,11,11,51.6772071464547,Tylas eduardi,Tylas_eduardi,AVES,0.999999999980956,10,55025.3423064053
rank,11,11,51.6772071464547,Vanga curvirostris,Vanga_curvirostris,AVES,0.99999997054532,11,84634.7927932172
rank,11,11,51.6772071464547,Varecia rubra,Varecia_rubra,MAMMALIA,1,60,63260.0506110854
rank,11,11,51.6772071464547,Varecia variegata,Varecia_variegata,MAMMALIA,1,44,62848.0112691041
rank,11,11,51.6772071464547,Xanthomixis apperti,Xanthomixis_apperti,AVES,0.441311210122258,1,68.4073899760842
rank,11,11,51.6772071464547,Xanthomixis cinereiceps,Xanthomixis_cinereiceps,AVES,1,20,16778.5435904274
rank,11,11,51.6772071464547,Xanthomixis zosterops,Xanthomixis_zosterops,AVES,0.999999999993845,21,56934.7699174881
rank,11,11,51.6772071464547,Xenopirostris damii,Xenopirostris_damii,AVES,0.00179910766481406,1,93.5023440420628
rank,11,11,51.6772071464547,Xenopirostris polleni,Xenopirostris_polleni,AVES,0.999999967716044,8,17417.6404561319
rank,11,11,51.6772071464547,Xenopirostris xenopirostris,Xenopirostris_xenopirostris,AVES,0.96505807541122,1,1102.55740338564
rank,12,12,56.3696355398155,Accipiter henstii,Accipiter_henstii,AVES,0.704087819963548,1,60303.5204392929
rank,12,12,56.3696355398155,Accipiter madagascariensis,Accipiter_madagascariensis,AVES,0.891135918781878,1,66488.1089712381
rank,12,12,56.3696355398155,Acrocephalus newtoni,Acrocephalus_newtoni,AVES,1,46,72744.9045829848
rank,12,12,56.3696355398155,Alectroenas madagascariensis,Alectroenas_madagascariensis,AVES,0.997892352304393,8,55423.1052840531
rank,12,12,56.3696355398155,Allocebus trichotis,Allocebus_trichotis,MAMMALIA,0.00783473494650444,3,72.1001097112894
rank,12,12,56.3696355398155,Anas bernieri,Anas_bernieri,AVES,0,1,161.555721102021
rank,12,12,56.3696355398155,Apus balstoni,Apus_balstoni,AVES,0.999999999999837,16,69732.4752817561
rank,12,12,56.3696355398155,Artamella viridis,Artamella_viridis,AVES,0.999999999999988,22,73027.0172574454
rank,12,12,56.3696355398155,Asio madagascariensis,Asio_madagascariensis,AVES,0.850900300465534,3,57402.5867758026
rank,12,12,56.3696355398155,Atelornis crossleyi,Atelornis_crossleyi,AVES,0.99999875854098,7,11560.2377215177
rank,12,12,56.3696355398155,Atelornis pittoides,Atelornis_pittoides,AVES,0.99971380996182,3,39886.8043189868
rank,12,12,56.3696355398155,Athene superciliaris,Athene_superciliaris,AVES,0.999989959006853,4,42802.9984399751
rank,12,12,56.3696355398155,Avahi laniger,Avahi_laniger,MAMMALIA,1,75,33592.1081806955
rank,12,12,56.3696355398155,Avahi occidentalis,Avahi_occidentalis,MAMMALIA,0.996177513156648,4,630.900925964117
rank,12,12,56.3696355398155,Aviceda madagascariensis,Aviceda_madagascariensis,AVES,0.953786609855942,1,60822.0066539049
rank,12,12,56.3696355398155,Bernieria madagascariensis,Bernieria_madagascariensis,AVES,1,38,70233.0054926806
rank,12,12,56.3696355398155,Brachypteracias leptosomus,Brachypteracias_leptosomus,AVES,0.999755121445314,1,35668.4974281266
rank,12,12,56.3696355398155,Brachytarsomys albicauda,Brachytarsomys_albicauda,MAMMALIA,0.99999998949954,50,1778.95212504599
rank,12,12,56.3696355398155,Brachyuromys betsileoensis,Brachyuromys_betsileoensis,MAMMALIA,1,96,11538.2044125022
rank,12,12,56.3696355398155,Brachyuromys ramirohitra,Brachyuromys_ramirohitra,MAMMALIA,0.65541484639138,2,90.5857082977891
rank,12,12,56.3696355398155,Bradypterus brunneus,Bradypterus_brunneus,AVES,1,39,12217.0275368763
rank,12,12,56.3696355398155,Bradypterus seebohmi,Bradypterus_seebohmi,AVES,0.452718231585579,1,71.7493425011635
rank,12,12,56.3696355398155,Buteo brachypterus,Buteo_brachypterus,AVES,0.795509377963886,1,67976.299138628
rank,12,12,56.3696355398155,Calicalicus madagascariensis,Calicalicus_madagascariensis,AVES,1,53,70077.7467490281
rank,12,12,56.3696355398155,Cheirogaleus crossleyi,Cheirogaleus_crossleyi,MAMMALIA,1,85,5448.54833145539
rank,12,12,56.3696355398155,Cheirogaleus major,Cheirogaleus_major,MAMMALIA,1,202,57686.1480868906
rank,12,12,56.3696355398155,Cheirogaleus medius,Cheirogaleus_medius,MAMMALIA,1,585,25362.7514677433
rank,12,12,56.3696355398155,Cinnyris notatus,Cinnyris_notatus,AVES,1,74,72391.2030108979
rank,12,12,56.3696355398155,Copsychus albospecularis,Copsychus_albospecularis,AVES,0.999994570840618,10,50233.640849853
rank,12,12,56.3696355398155,Coracopsis nigra,Coracopsis_nigra,AVES,0.998639376278435,4,75127.0316128695
rank,12,12,56.3696355398155,Corythornis madagascariensis,Corythornis_madagascariensis,AVES,0.890490246731135,11,68011.3254294481
rank,12,12,56.3696355398155,Coua caerulea,Coua_caerulea,AVES,0.999770818760102,4,39196.9260429144
rank,12,12,56.3696355398155,Coua coquereli,Coua_coquereli,AVES,0.999849005099404,5,13910.5929537893
rank,12,12,56.3696355398155,Coua cristata,Coua_cristata,AVES,0.999999976760727,5,59774.643985875
rank,12,12,56.3696355398155,Coua cursor,Coua_cursor,AVES,0.998462117780506,3,6370.73761641234
rank,12,12,56.3696355398155,Coua gigas,Coua_gigas,AVES,0.999443197903431,2,15766.0551125258
rank,12,12,56.3696355398155,Coua reynaudii,Coua_reynaudii,AVES,0.999821517035935,5,34725.8745231554
rank,12,12,56.3696355398155,Coua ruficeps,Coua_ruficeps,AVES,0.958836009672836,3,1323.67625487271
rank,12,12,56.3696355398155,Coua serriana,Coua_serriana,AVES,0.990810603754223,1,30404.4641374194
rank,12,12,56.3696355398155,Crossleyia xanthophrys,Crossleyia_xanthophrys,AVES,1,45,4080.42813953757
rank,12,12,56.3696355398155,Cryptoprocta ferox,Cryptoprocta_ferox,MAMMALIA,0.0408971825221434,2,25515.4513506573
rank,12,12,56.3696355398155,Cryptosylvicola randrianasoloi,Cryptosylvicola_randrianasoloi,AVES,1,34,5507.42360872775
rank,12,12,56.3696355398155,Cyanolanius madagascarinus,Cyanolanius_madagascarinus,AVES,1,40,70993.1040196562
rank,12,12,56.3696355398155,Daubentonia madagascariensis,Daubentonia_madagascariensis,MAMMALIA,1,57,27222.063210234
rank,12,12,56.3696355398155,Echinops telfairi,Echinops_telfairi,MAMMALIA,1,250,22890.3460437357
rank,12,12,56.3696355398155,Eliurus antsingy,Eliurus_antsingy,MAMMALIA,0.0133748649300235,5,69.4813072830439
rank,12,12,56.3696355398155,Eliurus grandidieri,Eliurus_grandidieri,MAMMALIA,0.999641415738649,27,917.641006159482
rank,12,12,56.3696355398155,Eliurus majori,Eliurus_majori,MAMMALIA,1,223,38141.2145768628
rank,12,12,56.3696355398155,Eliurus minor,Eliurus_minor,MAMMALIA,1,1005,61543.2503547629
rank,12,12,56.3696355398155,Eliurus myoxinus,Eliurus_myoxinus,MAMMALIA,1,662,52953.7671927756
rank,12,12,56.3696355398155,Eliurus tanala,Eliurus_tanala,MAMMALIA,1,348,43260.1803855598
rank,12,12,56.3696355398155,Eliurus webbi,Eliurus_webbi,MAMMALIA,1,403,55152.6547499448
rank,12,12,56.3696355398155,Eremopterix hova,Eremopterix_hova,AVES,0.999923065720039,14,2047.21452122182
rank,12,12,56.3696355398155,Eulemur albifrons,Eulemur_albifrons,MAMMALIA,1,53,17095.2840809942
rank,12,12,56.3696355398155,Eulemur cinereiceps,Eulemur_cinereiceps,MAMMALIA,1,205,69101.6371091164
rank,12,12,56.3696355398155,Eulemur collaris,Eulemur_collaris,MAMMALIA,1,156,68594.4510832731
rank,12,12,56.3696355398155,Eulemur coronatus,Eulemur_coronatus,MAMMALIA,1,207,19276.7968568308
rank,12,12,56.3696355398155,Eulemur flavifrons,Eulemur_flavifrons,MAMMALIA,0.000213248908682684,1,25.074716512655
rank,12,12,56.3696355398155,Eulemur fulvus,Eulemur_fulvus,MAMMALIA,1,185,69212.3319885412
rank,12,12,56.3696355398155,Eulemur macaco,Eulemur_macaco,MAMMALIA,1,66,34049.8868661472
rank,12,12,56.3696355398155,Eulemur mongoz,Eulemur_mongoz,MAMMALIA,0.999999917602675,26,2062.21215818822
rank,12,12,56.3696355398155,Eulemur rubriventer,Eulemur_rubriventer,MAMMALIA,1,205,64412.4362142466
rank,12,12,56.3696355398155,Eulemur rufus,Eulemur_rufus,MAMMALIA,1,157,31365.077205658
rank,12,12,56.3696355398155,Eulemur sanfordi,Eulemur_sanfordi,MAMMALIA,1,243,69446.6685441511
rank,12,12,56.3696355398155,Euryceros prevostii,Euryceros_prevostii,AVES,0.998938441385219,3,2819.70525743067
rank,12,12,56.3696355398155,Falco zoniventris,Falco_zoniventris,AVES,0.894490850695207,1,46516.1762998328
rank,12,12,56.3696355398155,Falculea palliata,Falculea_palliata,AVES,0.999999999920185,12,15066.7031078339
rank,12,12,56.3696355398155,Fossa fossana,Fossa_fossana,MAMMALIA,0.967185374382167,2,44073.7180736959
rank,12,12,56.3696355398155,Foudia madagascariensis,Foudia_madagascariensis,AVES,0.999999999999468,65,81007.4378536791
rank,12,12,56.3696355398155,Foudia omissa,Foudia_omissa,AVES,0.999999999694115,18,45149.6686169356
rank,12,12,56.3696355398155,Gactornis enarratus,Gactornis_enarratus,AVES,0.999997811383765,6,45077.0010013282
rank,12,12,56.3696355398155,Galidia elegans,Galidia_elegans,MAMMALIA,0.962953913642175,4,43121.3731366652
rank,12,12,56.3696355398155,Galidictis fasciata,Galidictis_fasciata,MAMMALIA,0,3,4222.95943196863
rank,12,12,56.3696355398155,Geobiastes squamiger,Geobiastes_squamiger,AVES,0.999622847656188,4,10673.1688292623
rank,12,12,56.3696355398155,Geogale aurita,Geogale_aurita,MAMMALIA,1,429,19469.0000726279
rank,12,12,56.3696355398155,Gymnuromys roberti,Gymnuromys_roberti,MAMMALIA,1,137,24873.6200576145
rank,12,12,56.3696355398155,Haliaeetus vociferoides,Haliaeetus_vociferoides,AVES,9.00942998427468e-07,1,2415.20338644087
rank,12,12,56.3696355398155,Hapalemur alaotrensis,Hapalemur_alaotrensis,MAMMALIA,0.999999978840923,28,1815.92633814681
rank,12,12,56.3696355398155,Hapalemur aureus,Hapalemur_aureus,MAMMALIA,0.999999989376802,25,1765.91373347491
rank,12,12,56.3696355398155,Hapalemur griseus,Hapalemur_griseus,MAMMALIA,1,199,68647.3106896693
rank,12,12,56.3696355398155,Hapalemur occidentalis,Hapalemur_occidentalis,MAMMALIA,0.999995100328248,28,1026.71440970898
rank,12,12,56.3696355398155,Hartertula flavoviridis,Hartertula_flavoviridis,AVES,1,42,7951.25558190048
rank,12,12,56.3696355398155,Hartlaubius auratus,Hartlaubius_auratus,AVES,0.999999999999073,29,69971.4060986859
rank,12,12,56.3696355398155,Hemicentetes nigriceps,Hemicentetes_nigriceps,MAMMALIA,0.999945598688776,27,1854.68921186775
rank,12,12,56.3696355398155,Hemicentetes semispinosus,Hemicentetes_semispinosus,MAMMALIA,1,108,59162.4437535107
rank,12,12,56.3696355398155,Hypogeomys antimena,Hypogeomys_antimena,MAMMALIA,0.133821965840603,5,104.686912983656
rank,12,12,56.3696355398155,Hypositta corallirostris,Hypositta_corallirostris,AVES,0.999912095810988,13,54911.2847305387
rank,12,12,56.3696355398155,Indri indri,Indri_indri,MAMMALIA,0.999999999944965,11,55437.0353342295
rank,12,12,56.3696355398155,Lemur catta,Lemur_catta,MAMMALIA,1,147,12283.2500635237
rank,12,12,56.3696355398155,Lepidopygia nana,Lepidopygia_nana,AVES,0.999966947476888,114,79674.6299434304
rank,12,12,56.3696355398155,Lepilemur ankaranensis,Lepilemur_ankaranensis,MAMMALIA,0.942459903341428,13,361.823311685567
rank,12,12,56.3696355398155,Lepilemur edwardsi,Lepilemur_edwardsi,MAMMALIA,0.999999999999994,68,5284.69033567709
rank,12,12,56.3696355398155,Lepilemur leucopus,Lepilemur_leucopus,MAMMALIA,1,52,6577.92189840972
rank,12,12,56.3696355398155,Lepilemur microdon,Lepilemur_microdon,MAMMALIA,0.999999999899344,33,4153.44909363577
rank,12,12,56.3696355398155,Lepilemur mustelinus,Lepilemur_mustelinus,MAMMALIA,1,189,60212.4550442103
rank,12,12,56.3696355398155,Lepilemur ruficaudatus,Lepilemur_ruficaudatus,MAMMALIA,1,134,7683.71762247384
rank,12,12,56.3696355398155,Leptopterus chabert,Leptopterus_chabert,AVES,1,46,77297.0578792393
rank,12,12,56.3696355398155,Lophotibis cristata,Lophotibis_cristata,AVES,0.999745429771468,2,65472.8469751408
rank,12,12,56.3696355398155,Macrotarsomys bastardi,Macrotarsomys_bastardi,MAMMALIA,1,178,5711.07711111009
rank,12,12,56.3696355398155,Margaroperdix madagarensis,Margaroperdix_madagarensis,AVES,0.999999932512886,5,66407.8330267674
rank,12,12,56.3696355398155,Mentocrex kioloides,Mentocrex_kioloides,AVES,0.99750790483127,1,31457.8882576525
rank,12,12,56.3696355398155,Mesitornis unicolor,Mesitornis_unicolor,AVES,0,1,89.8278131379858
rank,12,12,56.3696355398155,Mesitornis variegatus,Mesitornis_variegatus,AVES,0.998821211659799,5,2780.85613901913
rank,12,12,56.3696355398155,Microcebus berthae,Microcebus_berthae,MAMMALIA,1.52725555535582e-08,2,17.7781751081347
rank,12,12,56.3696355398155,Microcebus griseorufus,Microcebus_griseorufus,MAMMALIA,0.995769019106108,14,501.433658043884
rank,12,12,56.3696355398155,Microcebus murinus,Microcebus_murinus,MAMMALIA,1,842,48900.6300968975
rank,12,12,56.3696355398155,Microcebus myoxinus,Microcebus_myoxinus,MAMMALIA,0.999999990955148,98,1103.65228434025
rank,12,12,56.3696355398155,Microcebus ravelobensis,Microcebus_ravelobensis,MAMMALIA,0.778620368188765,15,246.875988043973
rank,12,12,56.3696355398155,Microcebus rufus,Microcebus_rufus,MAMMALIA,1,843,57018.892130591
rank,12,12,56.3696355398155,Microcebus tavaratra,Microcebus_tavaratra,MAMMALIA,0.99348955741329,45,767.433245509863
rank,12,12,56.3696355398155,Microgale brevicaudata,Microgale_brevicaudata,MAMMALIA,1,526,21148.2847082764
rank,12,12,56.3696355398155,Microgale cowani,Microgale_cowani,MAMMALIA,1,412,47843.17718523
rank,12,12,56.3696355398155,Microgale drouhardi,Microgale_drouhardi,MAMMALIA,1,296,24648.6159918532
rank,12,12,56.3696355398155,Microgale dryas,Microgale_dryas,MAMMALIA,0.897095597279471,47,1369.57441081072
rank,12,12,56.3696355398155,Microgale fotsifotsy,Microgale_fotsifotsy,MAMMALIA,1,344,27540.3095737992
rank,12,12,56.3696355398155,Microgale gracilis,Microgale_gracilis,MAMMALIA,0.99999999999576,119,9343.74206931144
rank,12,12,56.3696355398155,Microgale gymnorhyncha,Microgale_gymnorhyncha,MAMMALIA,1,117,17613.9985167726
rank,12,12,56.3696355398155,Microgale longicaudata,Microgale_longicaudata,MAMMALIA,1,704,52619.6729697463
rank,12,12,56.3696355398155,Microgale mergulus,Microgale_mergulus,MAMMALIA,0.999999999998665,68,5247.87828263504
rank,12,12,56.3696355398155,Microgale parvula,Microgale_parvula,MAMMALIA,0.999999999999984,851,56579.1526020672
rank,12,12,56.3696355398155,Microgale principula,Microgale_principula,MAMMALIA,1,530,48611.2931693047
rank,12,12,56.3696355398155,Microgale pusilla,Microgale_pusilla,MAMMALIA,0.999999997753754,347,16192.1847213954
rank,12,12,56.3696355398155,Microgale soricoides,Microgale_soricoides,MAMMALIA,1,117,24721.544009958
rank,12,12,56.3696355398155,Microgale taiva,Microgale_taiva,MAMMALIA,1,280,39295.018252708
rank,12,12,56.3696355398155,Microgale thomasi,Microgale_thomasi,MAMMALIA,1,87,22231.4552528486
rank,12,12,56.3696355398155,Mirza coquereli,Mirza_coquereli,MAMMALIA,0.999997393301327,37,2249.38886570425
rank,12,12,56.3696355398155,Monias benschi,Monias_benschi,AVES,0,1,82.9420458882274
rank,12,12,56.3696355398155,Monticola erythronotus,Monticola_erythronotus,AVES,0.505764981643065,1,97.4973036619822
rank,12,12,56.3696355398155,Monticola sharpei,Monticola_sharpei,AVES,0.9999999999952,39,63264.7688520774
rank,12,12,56.3696355398155,Monticolomys koopmani,Monticolomys_koopmani,MAMMALIA,0.132627251095215,6,104.060766987503
rank,12,12,56.3696355398155,Motacilla flaviventris,Motacilla_flaviventris,AVES,0.999999310499085,17,2135.82087430358
rank,12,12,56.3696355398155,Mystacornis crossleyi,Mystacornis_crossleyi,AVES,0.99999999999965,14,44633.9832929149
rank,12,12,56.3696355398155,Neodrepanis coruscans,Neodrepanis_coruscans,AVES,0.999998543642662,15,28350.4503961056
rank,12,12,56.3696355398155,Neodrepanis hypoxantha,Neodrepanis_hypoxantha,AVES,0.0211788111247608,3,88.4296057149768
rank,12,12,56.3696355398155,Neomixis striatigula,Neomixis_striatigula,AVES,0.999999999588637,31,51052.9183772951
rank,12,12,56.3696355398155,Neomixis tenella,Neomixis_tenella,AVES,1,98,64488.4022545964
rank,12,12,56.3696355398155,Neomixis viridis,Neomixis_viridis,AVES,0.999999999999996,33,48619.1210794076
rank,12,12,56.3696355398155,Nesillas lantzii,Nesillas_lantzii,AVES,0.99994992855959,3,2451.2391364798
rank,12,12,56.3696355398155,Nesogale dobsoni,Nesogale_dobsoni,MAMMALIA,1,256,54773.9927082658
rank,12,12,56.3696355398155,Nesogale talazaci,Nesogale_talazaci,MAMMALIA,1,189,56035.4922568053
rank,12,12,56.3696355398155,Nesomys audeberti,Nesomys_audeberti,MAMMALIA,1,107,4065.90690746683
rank,12,12,56.3696355398155,Nesomys lambertoni,Nesomys_lambertoni,MAMMALIA,0.999977309124606,29,944.69122300297
rank,12,12,56.3696355398155,Nesomys rufus,Nesomys_rufus,MAMMALIA,1,219,43080.7629520744
rank,12,12,56.3696355398155,Newtonia amphichroa,Newtonia_amphichroa,AVES,1,13,38799.3446205035
rank,12,12,56.3696355398155,Newtonia archboldi,Newtonia_archboldi,AVES,0.999483433040919,10,1968.65148214604
rank,12,12,56.3696355398155,Newtonia brunneicauda,Newtonia_brunneicauda,AVES,1,93,77480.0392814428
rank,12,12,56.3696355398155,Newtonia fanovanae,Newtonia_fanovanae,AVES,0.353055283448657,2,98.2207024819943
rank,12,12,56.3696355398155,Oriolia bernieri,Oriolia_bernieri,AVES,0.999999911806701,14,13196.6574833095
rank,12,12,56.3696355398155,Oryzorictes hova,Oryzorictes_hova,MAMMALIA,1,241,54217.4037352353
rank,12,12,56.3696355398155,Oryzorictes tetradactylus,Oryzorictes_tetradactylus,MAMMALIA,0.999999999936201,103,6520.18776848077
rank,12,12,56.3696355398155,Otus rutilus,Otus_rutilus,AVES,0.999998911831367,5,72776.6481612101
rank,12,12,56.3696355398155,Oxylabes madagascariensis,Oxylabes_madagascariensis,AVES,1,19,46551.0459158197
rank,12,12,56.3696355398155,Phaner electromontis,Phaner_electromontis,MAMMALIA,1.1181189119025e-07,1,17.4337788633315
rank,12,12,56.3696355398155,Phaner furcifer,Phaner_furcifer,MAMMALIA,0.887905466959644,57,886.259859436689
rank,12,12,56.3696355398155,Phaner pallescens,Phaner_pallescens,MAMMALIA,0.999999999661889,40,2479.37343432754
rank,12,12,56.3696355398155,Phaner parienti,Phaner_parienti,MAMMALIA,0.00280017666108967,1,24.4501852478648
rank,12,12,56.3696355398155,Philepitta castanea,Philepitta_castanea,AVES,0.983345749030343,3,37153.5778610036
rank,12,12,56.3696355398155,Philepitta schlegeli,Philepitta_schlegeli,AVES,0.993999984960124,14,3536.64388032367
rank,12,12,56.3696355398155,Ploceus nelicourvi,Ploceus_nelicourvi,AVES,0.999999999979894,13,54076.3855855316
rank,12,12,56.3696355398155,Ploceus sakalava,Ploceus_sakalava,AVES,0.999999999947709,36,16945.2449505925
rank,12,12,56.3696355398155,Polyboroides radiatus,Polyboroides_radiatus,AVES,0.995513481824531,1,55378.4397281813
rank,12,12,56.3696355398155,Pseudobias wardi,Pseudobias_wardi,AVES,1,20,39798.8058987409
rank,12,12,56.3696355398155,Pterocles personatus,Pterocles_personatus,AVES,0.635759771782595,6,3231.01211863011
rank,12,12,56.3696355398155,Rallus madagascariensis,Rallus_madagascariensis,AVES,0.999999018529362,4,13928.7857482555
rank,12,12,56.3696355398155,Randia pseudozosterops,Randia_pseudozosterops,AVES,0.999999495644562,14,41247.6227194333
rank,12,12,56.3696355398155,Sarothrura insularis,Sarothrura_insularis,AVES,0.999727364602044,7,58347.2118789703
rank,12,12,56.3696355398155,Schetba rufa,Schetba_rufa,AVES,0.999999999999996,23,25160.7090401724
rank,12,12,56.3696355398155,Setifer setosus,Setifer_setosus,MAMMALIA,1,194,75588.593463704
rank,12,12,56.3696355398155,Tenrec ecaudatus,Tenrec_ecaudatus,MAMMALIA,1,125,75662.4417846054
rank,12,12,56.3696355398155,Thamnornis chloropetoides,Thamnornis_chloropetoides,AVES,0.999970325684576,5,2980.41789320111
rank,12,12,56.3696355398155,Treron australis,Treron_australis,AVES,0.994279470124344,3,65258.4200021476
rank,12,12,56.3696355398155,Turnix nigricollis,Turnix_nigricollis,AVES,0.999938881893908,8,69394.2671601847
rank,12,12,56.3696355398155,Tylas eduardi,Tylas_eduardi,AVES,0.999999999964459,12,52715.294037506
rank,12,12,56.3696355398155,Vanga curvirostris,Vanga_curvirostris,AVES,0.999999998411373,15,77286.7198415124
rank,12,12,56.3696355398155,Varecia rubra,Varecia_rubra,MAMMALIA,1,59,59331.09496268
rank,12,12,56.3696355398155,Varecia variegata,Varecia_variegata,MAMMALIA,1,40,58949.9492869363
rank,12,12,56.3696355398155,Xanthomixis apperti,Xanthomixis_apperti,AVES,0.441311210122258,1,68.4073899760842
rank,12,12,56.3696355398155,Xanthomixis cinereiceps,Xanthomixis_cinereiceps,AVES,1,19,16325.183527117
rank,12,12,56.3696355398155,Xanthomixis zosterops,Xanthomixis_zosterops,AVES,0.999999999999568,21,54133.9386408925
rank,12,12,56.3696355398155,Xenopirostris damii,Xenopirostris_damii,AVES,0.00179910766481406,1,93.5023440420628
rank,12,12,56.3696355398155,Xenopirostris polleni,Xenopirostris_polleni,AVES,0.999999964706951,10,17187.1394618658
rank,12,12,56.3696355398155,Xenopirostris xenopirostris,Xenopirostris_xenopirostris,AVES,0.96505807541122,1,1102.55740338564
rank,13,13,61.0801185886043,Accipiter henstii,Accipiter_henstii,AVES,0.68398854818414,1,55300.8855409706
rank,13,13,61.0801185886043,Accipiter madagascariensis,Accipiter_madagascariensis,AVES,0.879610532743245,1,60016.1416087374
rank,13,13,61.0801185886043,Acrocephalus newtoni,Acrocephalus_newtoni,AVES,1,55,65355.3728262931
rank,13,13,61.0801185886043,Alectroenas madagascariensis,Alectroenas_madagascariensis,AVES,0.996537808115283,7,51577.4801785249
rank,13,13,61.0801185886043,Allocebus trichotis,Allocebus_trichotis,MAMMALIA,0.00783473494650444,3,72.1001097112894
rank,13,13,61.0801185886043,Anas bernieri,Anas_bernieri,AVES,0,1,161.555721102021
rank,13,13,61.0801185886043,Apus balstoni,Apus_balstoni,AVES,0.999999999999158,20,62846.2233189069
rank,13,13,61.0801185886043,Artamella viridis,Artamella_viridis,AVES,0.999999999999966,22,65872.1720638895
rank,13,13,61.0801185886043,Asio madagascariensis,Asio_madagascariensis,AVES,0.841255605746769,2,52514.2670972645
rank,13,13,61.0801185886043,Atelornis crossleyi,Atelornis_crossleyi,AVES,0.999998756800005,6,11479.5224617049
rank,13,13,61.0801185886043,Atelornis pittoides,Atelornis_pittoides,AVES,0.999700087019773,3,38800.1904477328
rank,13,13,61.0801185886043,Athene superciliaris,Athene_superciliaris,AVES,0.999999932748832,7,38107.4533470124
rank,13,13,61.0801185886043,Avahi laniger,Avahi_laniger,MAMMALIA,1,78,31992.2742993265
rank,13,13,61.0801185886043,Avahi occidentalis,Avahi_occidentalis,MAMMALIA,0.996177513156648,4,630.900925964117
rank,13,13,61.0801185886043,Aviceda madagascariensis,Aviceda_madagascariensis,AVES,0.947592984215069,1,55025.2868247926
rank,13,13,61.0801185886043,Bernieria madagascariensis,Bernieria_madagascariensis,AVES,1,46,63122.7835588714
rank,13,13,61.0801185886043,Brachypteracias leptosomus,Brachypteracias_leptosomus,AVES,0.999738292218075,1,34394.1397766402
rank,13,13,61.0801185886043,Brachytarsomys albicauda,Brachytarsomys_albicauda,MAMMALIA,0.999999989471016,47,1750.57123395551
rank,13,13,61.0801185886043,Brachyuromys betsileoensis,Brachyuromys_betsileoensis,MAMMALIA,1,89,11000.1057263557
rank,13,13,61.0801185886043,Brachyuromys ramirohitra,Brachyuromys_ramirohitra,MAMMALIA,0.65541484639138,2,90.5857082977891
rank,13,13,61.0801185886043,Bradypterus brunneus,Bradypterus_brunneus,AVES,1,40,12013.7728664982
rank,13,13,61.0801185886043,Bradypterus seebohmi,Bradypterus_seebohmi,AVES,0.452718231585579,1,71.7493425011635
rank,13,13,61.0801185886043,Buteo brachypterus,Buteo_brachypterus,AVES,0.779011284800457,1,62007.3321709186
rank,13,13,61.0801185886043,Calicalicus madagascariensis,Calicalicus_madagascariensis,AVES,1,59,63209.2079389268
rank,13,13,61.0801185886043,Cheirogaleus crossleyi,Cheirogaleus_crossleyi,MAMMALIA,1,81,5300.80243678531
rank,13,13,61.0801185886043,Cheirogaleus major,Cheirogaleus_major,MAMMALIA,1,194,52412.0318331564
rank,13,13,61.0801185886043,Cheirogaleus medius,Cheirogaleus_medius,MAMMALIA,1,483,22042.5426224699
rank,13,13,61.0801185886043,Cinnyris notatus,Cinnyris_notatus,AVES,1,87,65034.3347545807
rank,13,13,61.0801185886043,Copsychus albospecularis,Copsychus_albospecularis,AVES,0.999990616704329,10,47051.4347275533
rank,13,13,61.0801185886043,Coracopsis nigra,Coracopsis_nigra,AVES,0.998046922916667,5,67591.1788772462
rank,13,13,61.0801185886043,Corythornis madagascariensis,Corythornis_madagascariensis,AVES,0.873284451332929,12,61291.7093015835
rank,13,13,61.0801185886043,Coua caerulea,Coua_caerulea,AVES,0.999744754329083,2,36655.1854357091
rank,13,13,61.0801185886043,Coua coquereli,Coua_coquereli,AVES,0.99976185842788,4,11954.6887971251
rank,13,13,61.0801185886043,Coua cristata,Coua_cristata,AVES,0.999999997719034,7,54596.3547511399
rank,13,13,61.0801185886043,Coua cursor,Coua_cursor,AVES,0.997323062510037,2,5296.45703272522
rank,13,13,61.0801185886043,Coua gigas,Coua_gigas,AVES,0.999257330956131,2,13793.201292254
rank,13,13,61.0801185886043,Coua reynaudii,Coua_reynaudii,AVES,0.999731431849162,4,32413.4328223914
rank,13,13,61.0801185886043,Coua ruficeps,Coua_ruficeps,AVES,0.958723367261331,3,1322.76601221006
rank,13,13,61.0801185886043,Coua serriana,Coua_serriana,AVES,0.990140082872655,1,28749.8267083887
rank,13,13,61.0801185886043,Crossleyia xanthophrys,Crossleyia_xanthophrys,AVES,1,43,4011.2282384634
rank,13,13,61.0801185886043,Cryptoprocta ferox,Cryptoprocta_ferox,MAMMALIA,0.0266549771058956,2,24487.0507352619
rank,13,13,61.0801185886043,Cryptosylvicola randrianasoloi,Cryptosylvicola_randrianasoloi,AVES,1,33,5412.46146307886
rank,13,13,61.0801185886043,Cyanolanius madagascarinus,Cyanolanius_madagascarinus,AVES,1,49,63831.2729478608
rank,13,13,61.0801185886043,Daubentonia madagascariensis,Daubentonia_madagascariensis,MAMMALIA,1,54,24243.6319017093
rank,13,13,61.0801185886043,Echinops telfairi,Echinops_telfairi,MAMMALIA,1,210,19933.082039021
rank,13,13,61.0801185886043,Eliurus antsingy,Eliurus_antsingy,MAMMALIA,0.0133748649300235,5,69.4813072830439
rank,13,13,61.0801185886043,Eliurus grandidieri,Eliurus_grandidieri,MAMMALIA,0.999640337339607,27,917.096095993069
rank,13,13,61.0801185886043,Eliurus majori,Eliurus_majori,MAMMALIA,1,200,35512.115955092
rank,13,13,61.0801185886043,Eliurus minor,Eliurus_minor,MAMMALIA,1,855,56286.9368230013
rank,13,13,61.0801185886043,Eliurus myoxinus,Eliurus_myoxinus,MAMMALIA,1,556,47546.9074350981
rank,13,13,61.0801185886043,Eliurus tanala,Eliurus_tanala,MAMMALIA,1,316,40840.2385718375
rank,13,13,61.0801185886043,Eliurus webbi,Eliurus_webbi,MAMMALIA,1,376,51133.3673094809
rank,13,13,61.0801185886043,Eremopterix hova,Eremopterix_hova,AVES,0.999582086337711,11,1684.63692570478
rank,13,13,61.0801185886043,Eulemur albifrons,Eulemur_albifrons,MAMMALIA,1,51,15639.3560696486
rank,13,13,61.0801185886043,Eulemur cinereiceps,Eulemur_cinereiceps,MAMMALIA,1,190,62249.2848909325
rank,13,13,61.0801185886043,Eulemur collaris,Eulemur_collaris,MAMMALIA,1,148,61825.1984877122
rank,13,13,61.0801185886043,Eulemur coronatus,Eulemur_coronatus,MAMMALIA,1,190,16752.5133974848
rank,13,13,61.0801185886043,Eulemur flavifrons,Eulemur_flavifrons,MAMMALIA,0.000213248908682684,1,25.074716512655
rank,13,13,61.0801185886043,Eulemur fulvus,Eulemur_fulvus,MAMMALIA,1,175,62333.4506041975
rank,13,13,61.0801185886043,Eulemur macaco,Eulemur_macaco,MAMMALIA,1,62,32414.0285682891
rank,13,13,61.0801185886043,Eulemur mongoz,Eulemur_mongoz,MAMMALIA,0.999999871382019,22,1913.43012600392
rank,13,13,61.0801185886043,Eulemur rubriventer,Eulemur_rubriventer,MAMMALIA,1,204,58307.5099168343
rank,13,13,61.0801185886043,Eulemur rufus,Eulemur_rufus,MAMMALIA,1,140,28827.5364244696
rank,13,13,61.0801185886043,Eulemur sanfordi,Eulemur_sanfordi,MAMMALIA,1,218,62517.4600917767
rank,13,13,61.0801185886043,Euryceros prevostii,Euryceros_prevostii,AVES,0.998722131573443,3,2701.87170761079
rank,13,13,61.0801185886043,Falco zoniventris,Falco_zoniventris,AVES,0.884987085453495,1,42599.5997568816
rank,13,13,61.0801185886043,Falculea palliata,Falculea_palliata,AVES,0.999999999337081,12,13333.5717750713
rank,13,13,61.0801185886043,Fossa fossana,Fossa_fossana,MAMMALIA,0.959308731659351,2,41917.8854577988
rank,13,13,61.0801185886043,Foudia madagascariensis,Foudia_madagascariensis,AVES,0.999999999999994,76,72290.7254268304
rank,13,13,61.0801185886043,Foudia omissa,Foudia_omissa,AVES,0.999999998723817,17,42310.1856960356
rank,13,13,61.0801185886043,Gactornis enarratus,Gactornis_enarratus,AVES,0.999993121994584,6,42108.1752556041
rank,13,13,61.0801185886043,Galidia elegans,Galidia_elegans,MAMMALIA,0.955306494042653,3,39339.1462627543
rank,13,13,61.0801185886043,Galidictis fasciata,Galidictis_fasciata,MAMMALIA,0,2,2951.71638137847
rank,13,13,61.0801185886043,Geobiastes squamiger,Geobiastes_squamiger,AVES,0.999576656429653,3,10282.5776033178
rank,13,13,61.0801185886043,Geogale aurita,Geogale_aurita,MAMMALIA,1,362,17750.1017078348
rank,13,13,61.0801185886043,Gymnuromys roberti,Gymnuromys_roberti,MAMMALIA,1,115,23840.7479512013
rank,13,13,61.0801185886043,Haliaeetus vociferoides,Haliaeetus_vociferoides,AVES,3.07131111099146e-07,1,2326.05111505091
rank,13,13,61.0801185886043,Hapalemur alaotrensis,Hapalemur_alaotrensis,MAMMALIA,0.999999934382195,25,1693.34507852315
rank,13,13,61.0801185886043,Hapalemur aureus,Hapalemur_aureus,MAMMALIA,0.999999985185744,25,1728.85963749141
rank,13,13,61.0801185886043,Hapalemur griseus,Hapalemur_griseus,MAMMALIA,1,184,61721.616895471
rank,13,13,61.0801185886043,Hapalemur occidentalis,Hapalemur_occidentalis,MAMMALIA,0.999994290579762,29,1023.30039717257
rank,13,13,61.0801185886043,Hartertula flavoviridis,Hartertula_flavoviridis,AVES,1,40,7800.90429235995
rank,13,13,61.0801185886043,Hartlaubius auratus,Hartlaubius_auratus,AVES,0.999999999999713,36,63086.7623781342
rank,13,13,61.0801185886043,Hemicentetes nigriceps,Hemicentetes_nigriceps,MAMMALIA,0.999897559101377,26,1815.47128546955
rank,13,13,61.0801185886043,Hemicentetes semispinosus,Hemicentetes_semispinosus,MAMMALIA,1,119,53842.7443901897
rank,13,13,61.0801185886043,Hypogeomys antimena,Hypogeomys_antimena,MAMMALIA,0.133821965840603,5,104.686912983656
rank,13,13,61.0801185886043,Hypositta corallirostris,Hypositta_corallirostris,AVES,0.99962400481388,12,51029.4544426501
rank,13,13,61.0801185886043,Indri indri,Indri_indri,MAMMALIA,0.999999999440979,13,50705.6300656665
rank,13,13,61.0801185886043,Lemur catta,Lemur_catta,MAMMALIA,1,118,10598.0986696333
rank,13,13,61.0801185886043,Lepidopygia nana,Lepidopygia_nana,AVES,0.999972167553516,117,71550.0090991557
rank,13,13,61.0801185886043,Lepilemur ankaranensis,Lepilemur_ankaranensis,MAMMALIA,0.942459903341428,13,361.823311685567
rank,13,13,61.0801185886043,Lepilemur edwardsi,Lepilemur_edwardsi,MAMMALIA,0.999999999993909,55,4452.57180541847
rank,13,13,61.0801185886043,Lepilemur leucopus,Lepilemur_leucopus,MAMMALIA,1,36,5614.58382727206
rank,13,13,61.0801185886043,Lepilemur microdon,Lepilemur_microdon,MAMMALIA,0.999999999747839,33,3969.76140890586
rank,13,13,61.0801185886043,Lepilemur mustelinus,Lepilemur_mustelinus,MAMMALIA,1,188,54799.057741071
rank,13,13,61.0801185886043,Lepilemur ruficaudatus,Lepilemur_ruficaudatus,MAMMALIA,1,104,6549.73131368309
rank,13,13,61.0801185886043,Leptopterus chabert,Leptopterus_chabert,AVES,1,50,69262.8728862181
rank,13,13,61.0801185886043,Lophotibis cristata,Lophotibis_cristata,AVES,0.999695488997446,2,59601.5378289376
rank,13,13,61.0801185886043,Macrotarsomys bastardi,Macrotarsomys_bastardi,MAMMALIA,1,139,5151.31137094647
rank,13,13,61.0801185886043,Margaroperdix madagarensis,Margaroperdix_madagarensis,AVES,0.999999198088752,5,60142.7085623103
rank,13,13,61.0801185886043,Mentocrex kioloides,Mentocrex_kioloides,AVES,0.997433566223229,1,30836.9210138583
rank,13,13,61.0801185886043,Mesitornis unicolor,Mesitornis_unicolor,AVES,0,1,89.8278131379858
rank,13,13,61.0801185886043,Mesitornis variegatus,Mesitornis_variegatus,AVES,0.998757451863307,5,2755.96982311457
rank,13,13,61.0801185886043,Microcebus berthae,Microcebus_berthae,MAMMALIA,1.52725555535582e-08,2,17.7781751081347
rank,13,13,61.0801185886043,Microcebus griseorufus,Microcebus_griseorufus,MAMMALIA,0.995769019106108,14,501.433658043884
rank,13,13,61.0801185886043,Microcebus murinus,Microcebus_murinus,MAMMALIA,1,718,42558.4343122989
rank,13,13,61.0801185886043,Microcebus myoxinus,Microcebus_myoxinus,MAMMALIA,0.999999987165396,93,1069.68081258441
rank,13,13,61.0801185886043,Microcebus ravelobensis,Microcebus_ravelobensis,MAMMALIA,0.778620368188765,15,246.875988043973
rank,13,13,61.0801185886043,Microcebus rufus,Microcebus_rufus,MAMMALIA,1,720,52030.0547356382
rank,13,13,61.0801185886043,Microcebus tavaratra,Microcebus_tavaratra,MAMMALIA,0.992990402437649,44,754.844230681658
rank,13,13,61.0801185886043,Microgale brevicaudata,Microgale_brevicaudata,MAMMALIA,1,451,18921.8765495345
rank,13,13,61.0801185886043,Microgale cowani,Microgale_cowani,MAMMALIA,1,378,44296.0462100282
rank,13,13,61.0801185886043,Microgale drouhardi,Microgale_drouhardi,MAMMALIA,1,281,23857.9481729791
rank,13,13,61.0801185886043,Microgale dryas,Microgale_dryas,MAMMALIA,0.897095597279471,47,1369.21272707516
rank,13,13,61.0801185886043,Microgale fotsifotsy,Microgale_fotsifotsy,MAMMALIA,1,322,26467.40537572
rank,13,13,61.0801185886043,Microgale gracilis,Microgale_gracilis,MAMMALIA,0.999999999993648,116,9135.45342869312
rank,13,13,61.0801185886043,Microgale gymnorhyncha,Microgale_gymnorhyncha,MAMMALIA,1,101,16676.2084284326
rank,13,13,61.0801185886043,Microgale longicaudata,Microgale_longicaudata,MAMMALIA,1,612,48616.8541721959
rank,13,13,61.0801185886043,Microgale mergulus,Microgale_mergulus,MAMMALIA,0.999999999998015,71,5154.69054342535
rank,13,13,61.0801185886043,Microgale parvula,Microgale_parvula,MAMMALIA,0.999999999999918,729,52223.4099991637
rank,13,13,61.0801185886043,Microgale principula,Microgale_principula,MAMMALIA,1,480,46348.2937194333
rank,13,13,61.0801185886043,Microgale pusilla,Microgale_pusilla,MAMMALIA,0.999999996695898,310,15591.2969850614
rank,13,13,61.0801185886043,Microgale soricoides,Microgale_soricoides,MAMMALIA,1,102,23188.8824489006
rank,13,13,61.0801185886043,Microgale taiva,Microgale_taiva,MAMMALIA,1,254,38065.1019900963
rank,13,13,61.0801185886043,Microgale thomasi,Microgale_thomasi,MAMMALIA,1,78,21191.7551615313
rank,13,13,61.0801185886043,Mirza coquereli,Mirza_coquereli,MAMMALIA,0.999997100122311,29,2080.61973171287
rank,13,13,61.0801185886043,Monias benschi,Monias_benschi,AVES,0,1,82.9420458882274
rank,13,13,61.0801185886043,Monticola erythronotus,Monticola_erythronotus,AVES,0.505764981643065,1,97.4973036619822
rank,13,13,61.0801185886043,Monticola sharpei,Monticola_sharpei,AVES,0.999999999926923,35,56768.827875413
rank,13,13,61.0801185886043,Monticolomys koopmani,Monticolomys_koopmani,MAMMALIA,0.132627251095215,6,104.060766987503
rank,13,13,61.0801185886043,Motacilla flaviventris,Motacilla_flaviventris,AVES,0.999998207845005,15,1981.31443227083
rank,13,13,61.0801185886043,Mystacornis crossleyi,Mystacornis_crossleyi,AVES,0.999999999999365,9,42817.7108838856
rank,13,13,61.0801185886043,Neodrepanis coruscans,Neodrepanis_coruscans,AVES,0.99999834427135,14,27975.0951620955
rank,13,13,61.0801185886043,Neodrepanis hypoxantha,Neodrepanis_hypoxantha,AVES,0.0211788111247608,3,88.4296057149768
rank,13,13,61.0801185886043,Neomixis striatigula,Neomixis_striatigula,AVES,0.999999999749507,27,48144.0749193058
rank,13,13,61.0801185886043,Neomixis tenella,Neomixis_tenella,AVES,1,98,59098.6445662901
rank,13,13,61.0801185886043,Neomixis viridis,Neomixis_viridis,AVES,1,30,46283.5688726183
rank,13,13,61.0801185886043,Nesillas lantzii,Nesillas_lantzii,AVES,0.999942854325213,4,2374.13995850086
rank,13,13,61.0801185886043,Nesogale dobsoni,Nesogale_dobsoni,MAMMALIA,1,246,50033.5663211718
rank,13,13,61.0801185886043,Nesogale talazaci,Nesogale_talazaci,MAMMALIA,1,177,51334.2208306864
rank,13,13,61.0801185886043,Nesomys audeberti,Nesomys_audeberti,MAMMALIA,1,103,3946.57364169072
rank,13,13,61.0801185886043,Nesomys lambertoni,Nesomys_lambertoni,MAMMALIA,0.999971394037773,27,920.285981096327
rank,13,13,61.0801185886043,Nesomys rufus,Nesomys_rufus,MAMMALIA,1,216,40931.9785524383
rank,13,13,61.0801185886043,Newtonia amphichroa,Newtonia_amphichroa,AVES,1,13,37325.9266539738
rank,13,13,61.0801185886043,Newtonia archboldi,Newtonia_archboldi,AVES,0.999222387115966,7,1829.94354218211
rank,13,13,61.0801185886043,Newtonia brunneicauda,Newtonia_brunneicauda,AVES,1,100,69380.8698806614
rank,13,13,61.0801185886043,Newtonia fanovanae,Newtonia_fanovanae,AVES,0.353055283448657,2,98.2207024819943
rank,13,13,61.0801185886043,Oriolia bernieri,Oriolia_bernieri,AVES,0.999999785933841,12,12264.1480392963
rank,13,13,61.0801185886043,Oryzorictes hova,Oryzorictes_hova,MAMMALIA,1,239,50025.8187250197
rank,13,13,61.0801185886043,Oryzorictes tetradactylus,Oryzorictes_tetradactylus,MAMMALIA,0.999999999792757,89,6032.94985613034
rank,13,13,61.0801185886043,Otus rutilus,Otus_rutilus,AVES,0.999999999317842,7,65546.2903859317
rank,13,13,61.0801185886043,Oxylabes madagascariensis,Oxylabes_madagascariensis,AVES,0.999999999999997,17,43832.8510454521
rank,13,13,61.0801185886043,Phaner electromontis,Phaner_electromontis,MAMMALIA,1.1181189119025e-07,1,17.4337788633315
rank,13,13,61.0801185886043,Phaner furcifer,Phaner_furcifer,MAMMALIA,0.887779447846813,56,877.31812495274
rank,13,13,61.0801185886043,Phaner pallescens,Phaner_pallescens,MAMMALIA,0.999999999141095,38,2370.12366161495
rank,13,13,61.0801185886043,Phaner parienti,Phaner_parienti,MAMMALIA,0.00280017666108967,1,24.4501852478648
rank,13,13,61.0801185886043,Philepitta castanea,Philepitta_castanea,AVES,0.983077614147685,4,36465.7140781805
rank,13,13,61.0801185886043,Philepitta schlegeli,Philepitta_schlegeli,AVES,0.992292920162518,14,3385.40726229132
rank,13,13,61.0801185886043,Ploceus nelicourvi,Ploceus_nelicourvi,AVES,0.999999999614814,11,49918.003367655
rank,13,13,61.0801185886043,Ploceus sakalava,Ploceus_sakalava,AVES,0.999999999946431,43,14900.2545769289
rank,13,13,61.0801185886043,Polyboroides radiatus,Polyboroides_radiatus,AVES,0.994528586505756,1,49169.7943459098
rank,13,13,61.0801185886043,Pseudobias wardi,Pseudobias_wardi,AVES,0.999999999999994,18,38878.9970967248
rank,13,13,61.0801185886043,Pterocles personatus,Pterocles_personatus,AVES,0.56831252169865,6,2929.32615054399
rank,13,13,61.0801185886043,Rallus madagascariensis,Rallus_madagascariensis,AVES,0.999998708768152,4,13656.4851459222
rank,13,13,61.0801185886043,Randia pseudozosterops,Randia_pseudozosterops,AVES,0.999998198930563,13,38859.1379075303
rank,13,13,61.0801185886043,Sarothrura insularis,Sarothrura_insularis,AVES,0.999564128201178,4,53227.9103670418
rank,13,13,61.0801185886043,Schetba rufa,Schetba_rufa,AVES,0.999999999999981,23,23475.7961173745
rank,13,13,61.0801185886043,Setifer setosus,Setifer_setosus,MAMMALIA,1,183,67919.6931206062
rank,13,13,61.0801185886043,Tenrec ecaudatus,Tenrec_ecaudatus,MAMMALIA,1,133,67989.318140015
rank,13,13,61.0801185886043,Thamnornis chloropetoides,Thamnornis_chloropetoides,AVES,0.999971292227192,6,2683.98292706162
rank,13,13,61.0801185886043,Treron australis,Treron_australis,AVES,0.993467985458018,5,58385.3135139048
rank,13,13,61.0801185886043,Turnix nigricollis,Turnix_nigricollis,AVES,0.999999986637328,9,62337.8081771359
rank,13,13,61.0801185886043,Tylas eduardi,Tylas_eduardi,AVES,0.999999999567726,11,48985.2777649537
rank,13,13,61.0801185886043,Vanga curvirostris,Vanga_curvirostris,AVES,0.999999998588429,19,69468.0981749416
rank,13,13,61.0801185886043,Varecia rubra,Varecia_rubra,MAMMALIA,1,61,53870.1260401495
rank,13,13,61.0801185886043,Varecia variegata,Varecia_variegata,MAMMALIA,1,38,53471.4889193284
rank,13,13,61.0801185886043,Xanthomixis apperti,Xanthomixis_apperti,AVES,0.441311210122258,1,68.4073899760842
rank,13,13,61.0801185886043,Xanthomixis cinereiceps,Xanthomixis_cinereiceps,AVES,1,19,15496.2258522768
rank,13,13,61.0801185886043,Xanthomixis zosterops,Xanthomixis_zosterops,AVES,0.999999999942928,18,50026.5340841413
rank,13,13,61.0801185886043,Xenopirostris damii,Xenopirostris_damii,AVES,0.00179910766481406,1,93.5023440420628
rank,13,13,61.0801185886043,Xenopirostris polleni,Xenopirostris_polleni,AVES,0.999999962302543,10,16873.2549095325
rank,13,13,61.0801185886043,Xenopirostris xenopirostris,Xenopirostris_xenopirostris,AVES,0.964991318462722,1,1101.16481424123
rank,14,14,65.7855369548315,Accipiter henstii,Accipiter_henstii,AVES,0.658472807301212,1,49838.4325506693
rank,14,14,65.7855369548315,Accipiter madagascariensis,Accipiter_madagascariensis,AVES,0.867348855785642,1,54342.3779571951
rank,14,14,65.7855369548315,Acrocephalus newtoni,Acrocephalus_newtoni,AVES,1,63,57742.6550480723
rank,14,14,65.7855369548315,Alectroenas madagascariensis,Alectroenas_madagascariensis,AVES,0.995960319783656,6,46511.3188863397
rank,14,14,65.7855369548315,Allocebus trichotis,Allocebus_trichotis,MAMMALIA,0.00783473494650444,3,72.1001097112894
rank,14,14,65.7855369548315,Anas bernieri,Anas_bernieri,AVES,0,1,161.555721102021
rank,14,14,65.7855369548315,Apus balstoni,Apus_balstoni,AVES,0.999999999997769,19,55651.0460377968
rank,14,14,65.7855369548315,Artamella viridis,Artamella_viridis,AVES,0.999999999999969,30,58589.9146471673
rank,14,14,65.7855369548315,Asio madagascariensis,Asio_madagascariensis,AVES,0.827427160414347,2,47022.2466370389
rank,14,14,65.7855369548315,Atelornis crossleyi,Atelornis_crossleyi,AVES,0.999998697736278,6,11427.8172092587
rank,14,14,65.7855369548315,Atelornis pittoides,Atelornis_pittoides,AVES,0.999733403911106,4,36533.3167010248
rank,14,14,65.7855369548315,Athene superciliaris,Athene_superciliaris,AVES,0.999999984542643,8,33829.5603222623
rank,14,14,65.7855369548315,Avahi laniger,Avahi_laniger,MAMMALIA,1,82,30030.5206156469
rank,14,14,65.7855369548315,Avahi occidentalis,Avahi_occidentalis,MAMMALIA,0.996177513156648,4,630.900925964117
rank,14,14,65.7855369548315,Aviceda madagascariensis,Aviceda_madagascariensis,AVES,0.941040992193217,1,50086.6096784696
rank,14,14,65.7855369548315,Bernieria madagascariensis,Bernieria_madagascariensis,AVES,1,54,55875.3719577955
rank,14,14,65.7855369548315,Brachypteracias leptosomus,Brachypteracias_leptosomus,AVES,0.999700160544685,1,31926.7250266724
rank,14,14,65.7855369548315,Brachytarsomys albicauda,Brachytarsomys_albicauda,MAMMALIA,0.999999987101353,46,1707.50012990965
rank,14,14,65.7855369548315,Brachyuromys betsileoensis,Brachyuromys_betsileoensis,MAMMALIA,1,76,10264.2970290706
rank,14,14,65.7855369548315,Brachyuromys ramirohitra,Brachyuromys_ramirohitra,MAMMALIA,0.65541484639138,2,90.5857082977891
rank,14,14,65.7855369548315,Bradypterus brunneus,Bradypterus_brunneus,AVES,1,41,11585.8729907872
rank,14,14,65.7855369548315,Bradypterus seebohmi,Bradypterus_seebohmi,AVES,0.452718231585579,1,71.7493425011635
rank,14,14,65.7855369548315,Buteo brachypterus,Buteo_brachypterus,AVES,0.757984055868404,1,55609.3079562411
rank,14,14,65.7855369548315,Calicalicus madagascariensis,Calicalicus_madagascariensis,AVES,1,65,56036.0602643525
rank,14,14,65.7855369548315,Cheirogaleus crossleyi,Cheirogaleus_crossleyi,MAMMALIA,1,79,5218.17959800541
rank,14,14,65.7855369548315,Cheirogaleus major,Cheirogaleus_major,MAMMALIA,1,174,46759.2934075445
rank,14,14,65.7855369548315,Cheirogaleus medius,Cheirogaleus_medius,MAMMALIA,1,438,19421.5974584307
rank,14,14,65.7855369548315,Cinnyris notatus,Cinnyris_notatus,AVES,1,92,57480.3597747663
rank,14,14,65.7855369548315,Copsychus albospecularis,Copsychus_albospecularis,AVES,0.999996128022157,8,42744.7264216319
rank,14,14,65.7855369548315,Coracopsis nigra,Coracopsis_nigra,AVES,0.999644707977728,6,59839.4275394969
rank,14,14,65.7855369548315,Corythornis madagascariensis,Corythornis_madagascariensis,AVES,0.851893422607765,14,54367.6974303478
rank,14,14,65.7855369548315,Coua caerulea,Coua_caerulea,AVES,0.999712066290428,1,34258.4550434816
rank,14,14,65.7855369548315,Coua coquereli,Coua_coquereli,AVES,0.999998714352255,6,10540.6789480698
rank,14,14,65.7855369548315,Coua cristata,Coua_cristata,AVES,0.999999999361386,8,49570.030633226
rank,14,14,65.7855369548315,Coua cursor,Coua_cursor,AVES,0.996145815756451,2,4603.40912347287
rank,14,14,65.7855369548315,Coua gigas,Coua_gigas,AVES,0.999043527390598,2,12212.863284938
rank,14,14,65.7855369548315,Coua reynaudii,Coua_reynaudii,AVES,0.99959480701918,2,29335.5631779283
rank,14,14,65.7855369548315,Coua ruficeps,Coua_ruficeps,AVES,0.954498957290184,3,1291.44184606719
rank,14,14,65.7855369548315,Coua serriana,Coua_serriana,AVES,0.98864710627605,1,25702.0263316355
rank,14,14,65.7855369548315,Crossleyia xanthophrys,Crossleyia_xanthophrys,AVES,1,42,3913.8789947331
rank,14,14,65.7855369548315,Cryptoprocta ferox,Cryptoprocta_ferox,MAMMALIA,0.0145958163287325,2,23115.018358521
rank,14,14,65.7855369548315,Cryptosylvicola randrianasoloi,Cryptosylvicola_randrianasoloi,AVES,1,32,5365.24140505493
rank,14,14,65.7855369548315,Cyanolanius madagascarinus,Cyanolanius_madagascarinus,AVES,1,56,56437.266827061
rank,14,14,65.7855369548315,Daubentonia madagascariensis,Daubentonia_madagascariensis,MAMMALIA,1,54,21040.3266948596
rank,14,14,65.7855369548315,Echinops telfairi,Echinops_telfairi,MAMMALIA,1,193,17337.3281215578
rank,14,14,65.7855369548315,Eliurus antsingy,Eliurus_antsingy,MAMMALIA,0.0133748649300235,5,69.4813072830439
rank,14,14,65.7855369548315,Eliurus grandidieri,Eliurus_grandidieri,MAMMALIA,0.999638827255036,26,912.857826825838
rank,14,14,65.7855369548315,Eliurus majori,Eliurus_majori,MAMMALIA,1,170,33208.2428086326
rank,14,14,65.7855369548315,Eliurus minor,Eliurus_minor,MAMMALIA,1,692,50199.0089020382
rank,14,14,65.7855369548315,Eliurus myoxinus,Eliurus_myoxinus,MAMMALIA,1,499,42015.5942912969
rank,14,14,65.7855369548315,Eliurus tanala,Eliurus_tanala,MAMMALIA,1,269,38056.9599227682
rank,14,14,65.7855369548315,Eliurus webbi,Eliurus_webbi,MAMMALIA,1,314,45836.3297257945
rank,14,14,65.7855369548315,Eremopterix hova,Eremopterix_hova,AVES,0.999022924320757,13,1438.27289876342
rank,14,14,65.7855369548315,Eulemur albifrons,Eulemur_albifrons,MAMMALIA,1,46,13566.1348143006
rank,14,14,65.7855369548315,Eulemur cinereiceps,Eulemur_cinereiceps,MAMMALIA,1,184,55216.7214528579
rank,14,14,65.7855369548315,Eulemur collaris,Eulemur_collaris,MAMMALIA,1,149,54854.6206117005
rank,14,14,65.7855369548315,Eulemur coronatus,Eulemur_coronatus,MAMMALIA,1,174,14305.5160441416
rank,14,14,65.7855369548315,Eulemur flavifrons,Eulemur_flavifrons,MAMMALIA,0.000213248908682684,1,25.074716512655
rank,14,14,65.7855369548315,Eulemur fulvus,Eulemur_fulvus,MAMMALIA,1,172,55292.4387161689
rank,14,14,65.7855369548315,Eulemur macaco,Eulemur_macaco,MAMMALIA,1,57,30199.3198961541
rank,14,14,65.7855369548315,Eulemur mongoz,Eulemur_mongoz,MAMMALIA,0.999999685802817,21,1799.26737224311
rank,14,14,65.7855369548315,Eulemur rubriventer,Eulemur_rubriventer,MAMMALIA,1,194,51638.2862503788
rank,14,14,65.7855369548315,Eulemur rufus,Eulemur_rufus,MAMMALIA,1,138,26530.8453583918
rank,14,14,65.7855369548315,Eulemur sanfordi,Eulemur_sanfordi,MAMMALIA,1,217,55498.7654003716
rank,14,14,65.7855369548315,Euryceros prevostii,Euryceros_prevostii,AVES,0.998255938152821,3,2473.39293356985
rank,14,14,65.7855369548315,Falco zoniventris,Falco_zoniventris,AVES,0.874449704419686,1,38938.6434324831
rank,14,14,65.7855369548315,Falculea palliata,Falculea_palliata,AVES,0.999999999913982,15,11696.1331326216
rank,14,14,65.7855369548315,Fossa fossana,Fossa_fossana,MAMMALIA,0.93842515904455,2,38025.6018871665
rank,14,14,65.7855369548315,Foudia madagascariensis,Foudia_madagascariensis,AVES,0.999999999999932,76,63695.1655069143
rank,14,14,65.7855369548315,Foudia omissa,Foudia_omissa,AVES,0.999999993546631,19,38895.6887478754
rank,14,14,65.7855369548315,Gactornis enarratus,Gactornis_enarratus,AVES,0.999974906940312,5,38401.7042782009
rank,14,14,65.7855369548315,Galidia elegans,Galidia_elegans,MAMMALIA,0.935426479002033,2,34628.3017101441
rank,14,14,65.7855369548315,Galidictis fasciata,Galidictis_fasciata,MAMMALIA,0,2,2927.94213486463
rank,14,14,65.7855369548315,Geobiastes squamiger,Geobiastes_squamiger,AVES,0.999496585389163,3,9823.21589455753
rank,14,14,65.7855369548315,Geogale aurita,Geogale_aurita,MAMMALIA,1,320,16018.2753767265
rank,14,14,65.7855369548315,Gymnuromys roberti,Gymnuromys_roberti,MAMMALIA,1,98,22980.7685748968
rank,14,14,65.7855369548315,Haliaeetus vociferoides,Haliaeetus_vociferoides,AVES,3.72840210927095e-08,1,2184.5101076737
rank,14,14,65.7855369548315,Hapalemur alaotrensis,Hapalemur_alaotrensis,MAMMALIA,0.999997098171048,23,1371.08963986677
rank,14,14,65.7855369548315,Hapalemur aureus,Hapalemur_aureus,MAMMALIA,0.999999920683865,25,1638.77343611419
rank,14,14,65.7855369548315,Hapalemur griseus,Hapalemur_griseus,MAMMALIA,1,171,54638.526683645
rank,14,14,65.7855369548315,Hapalemur occidentalis,Hapalemur_occidentalis,MAMMALIA,0.999993172783297,29,1011.78253090382
rank,14,14,65.7855369548315,Hartertula flavoviridis,Hartertula_flavoviridis,AVES,1,41,7599.94558537751
rank,14,14,65.7855369548315,Hartlaubius auratus,Hartlaubius_auratus,AVES,0.999999999998353,40,55967.1921675947
rank,14,14,65.7855369548315,Hemicentetes nigriceps,Hemicentetes_nigriceps,MAMMALIA,0.999863556035646,25,1748.58769664801
rank,14,14,65.7855369548315,Hemicentetes semispinosus,Hemicentetes_semispinosus,MAMMALIA,1,104,47803.2044689581
rank,14,14,65.7855369548315,Hypogeomys antimena,Hypogeomys_antimena,MAMMALIA,0.133821965840603,5,104.686912983656
rank,14,14,65.7855369548315,Hypositta corallirostris,Hypositta_corallirostris,AVES,0.999707308771785,20,46031.6245503426
rank,14,14,65.7855369548315,Indri indri,Indri_indri,MAMMALIA,0.999999999984207,16,45141.0394180343
rank,14,14,65.7855369548315,Lemur catta,Lemur_catta,MAMMALIA,1,118,9523.36036553979
rank,14,14,65.7855369548315,Lepidopygia nana,Lepidopygia_nana,AVES,0.999945447585939,118,62961.8566572443
rank,14,14,65.7855369548315,Lepilemur ankaranensis,Lepilemur_ankaranensis,MAMMALIA,0.942459903341428,13,361.823311685567
rank,14,14,65.7855369548315,Lepilemur edwardsi,Lepilemur_edwardsi,MAMMALIA,0.999999999005219,47,3838.83776998451
rank,14,14,65.7855369548315,Lepilemur leucopus,Lepilemur_leucopus,MAMMALIA,1,34,4951.99268960953
rank,14,14,65.7855369548315,Lepilemur microdon,Lepilemur_microdon,MAMMALIA,0.999999999379132,27,3640.0609654342
rank,14,14,65.7855369548315,Lepilemur mustelinus,Lepilemur_mustelinus,MAMMALIA,1,171,49142.0823747948
rank,14,14,65.7855369548315,Lepilemur ruficaudatus,Lepilemur_ruficaudatus,MAMMALIA,1,91,5714.80436185747
rank,14,14,65.7855369548315,Leptopterus chabert,Leptopterus_chabert,AVES,1,59,61211.0387998521
rank,14,14,65.7855369548315,Lophotibis cristata,Lophotibis_cristata,AVES,0.999622768834524,2,53274.2664509403
rank,14,14,65.7855369548315,Macrotarsomys bastardi,Macrotarsomys_bastardi,MAMMALIA,1,123,4436.20510528982
rank,14,14,65.7855369548315,Margaroperdix madagarensis,Margaroperdix_madagarensis,AVES,0.99999999262533,6,53787.5405625184
rank,14,14,65.7855369548315,Mentocrex kioloides,Mentocrex_kioloides,AVES,0.997234472693966,1,29313.1710020923
rank,14,14,65.7855369548315,Mesitornis unicolor,Mesitornis_unicolor,AVES,0,1,89.8278131379858
rank,14,14,65.7855369548315,Mesitornis variegatus,Mesitornis_variegatus,AVES,0.998587403047319,5,2722.36011126637
rank,14,14,65.7855369548315,Microcebus berthae,Microcebus_berthae,MAMMALIA,1.52725555535582e-08,2,17.7781751081347
rank,14,14,65.7855369548315,Microcebus griseorufus,Microcebus_griseorufus,MAMMALIA,0.995769019106108,14,501.433658043884
rank,14,14,65.7855369548315,Microcebus murinus,Microcebus_murinus,MAMMALIA,1,630,36663.1527977884
rank,14,14,65.7855369548315,Microcebus myoxinus,Microcebus_myoxinus,MAMMALIA,0.999999962674781,91,1038.86952394288
rank,14,14,65.7855369548315,Microcebus ravelobensis,Microcebus_ravelobensis,MAMMALIA,0.778620368188765,15,246.875988043973
rank,14,14,65.7855369548315,Microcebus rufus,Microcebus_rufus,MAMMALIA,1,568,46330.656985417
rank,14,14,65.7855369548315,Microcebus tavaratra,Microcebus_tavaratra,MAMMALIA,0.992026501597681,42,707.211092337966
rank,14,14,65.7855369548315,Microgale brevicaudata,Microgale_brevicaudata,MAMMALIA,1,387,17224.1664142013
rank,14,14,65.7855369548315,Microgale cowani,Microgale_cowani,MAMMALIA,1,320,40532.4504502714
rank,14,14,65.7855369548315,Microgale drouhardi,Microgale_drouhardi,MAMMALIA,1,251,23057.0451853424
rank,14,14,65.7855369548315,Microgale dryas,Microgale_dryas,MAMMALIA,0.897076931739827,47,1366.98825116795
rank,14,14,65.7855369548315,Microgale fotsifotsy,Microgale_fotsifotsy,MAMMALIA,1,293,25522.5660809022
rank,14,14,65.7855369548315,Microgale gracilis,Microgale_gracilis,MAMMALIA,0.999999999972562,121,8833.03727761656
rank,14,14,65.7855369548315,Microgale gymnorhyncha,Microgale_gymnorhyncha,MAMMALIA,1,87,15704.043481595
rank,14,14,65.7855369548315,Microgale longicaudata,Microgale_longicaudata,MAMMALIA,1,506,43738.1586672378
rank,14,14,65.7855369548315,Microgale mergulus,Microgale_mergulus,MAMMALIA,0.999999999989864,75,4952.25578334124
rank,14,14,65.7855369548315,Microgale parvula,Microgale_parvula,MAMMALIA,0.999999999999492,583,46869.9376654837
rank,14,14,65.7855369548315,Microgale principula,Microgale_principula,MAMMALIA,1,388,42342.9123006463
rank,14,14,65.7855369548315,Microgale pusilla,Microgale_pusilla,MAMMALIA,0.999999994557462,282,14591.204392371
rank,14,14,65.7855369548315,Microgale soricoides,Microgale_soricoides,MAMMALIA,1,96,21749.3861999801
rank,14,14,65.7855369548315,Microgale taiva,Microgale_taiva,MAMMALIA,1,228,35814.5276646242
rank,14,14,65.7855369548315,Microgale thomasi,Microgale_thomasi,MAMMALIA,1,70,19911.8677745163
rank,14,14,65.7855369548315,Mirza coquereli,Mirza_coquereli,MAMMALIA,0.999994899952001,25,1908.83204636728
rank,14,14,65.7855369548315,Monias benschi,Monias_benschi,AVES,0,1,82.9420458882274
rank,14,14,65.7855369548315,Monticola erythronotus,Monticola_erythronotus,AVES,0.505764981643065,1,97.4973036619822
rank,14,14,65.7855369548315,Monticola sharpei,Monticola_sharpei,AVES,0.999999999973006,37,50126.5825638399
rank,14,14,65.7855369548315,Monticolomys koopmani,Monticolomys_koopmani,MAMMALIA,0.132627251095215,6,104.060766987503
rank,14,14,65.7855369548315,Motacilla flaviventris,Motacilla_flaviventris,AVES,0.999970332938322,14,1629.07247387618
rank,14,14,65.7855369548315,Mystacornis crossleyi,Mystacornis_crossleyi,AVES,0.999999999982143,13,39951.9609017074
rank,14,14,65.7855369548315,Neodrepanis coruscans,Neodrepanis_coruscans,AVES,0.999999128623935,16,26965.2290017925
rank,14,14,65.7855369548315,Neodrepanis hypoxantha,Neodrepanis_hypoxantha,AVES,0.0211788111247608,3,88.4296057149768
rank,14,14,65.7855369548315,Neomixis striatigula,Neomixis_striatigula,AVES,0.999999999997647,29,43998.6082521379
rank,14,14,65.7855369548315,Neomixis tenella,Neomixis_tenella,AVES,1,98,53851.6033528447
rank,14,14,65.7855369548315,Neomixis viridis,Neomixis_viridis,AVES,1,31,42627.4797201306
rank,14,14,65.7855369548315,Nesillas lantzii,Nesillas_lantzii,AVES,0.99992118950984,4,2241.40211001784
rank,14,14,65.7855369548315,Nesogale dobsoni,Nesogale_dobsoni,MAMMALIA,1,222,44763.5156029165
rank,14,14,65.7855369548315,Nesogale talazaci,Nesogale_talazaci,MAMMALIA,1,166,45915.2104848474
rank,14,14,65.7855369548315,Nesomys audeberti,Nesomys_audeberti,MAMMALIA,1,94,3798.10264356938
rank,14,14,65.7855369548315,Nesomys lambertoni,Nesomys_lambertoni,MAMMALIA,0.999947895330017,28,908.308442533016
rank,14,14,65.7855369548315,Nesomys rufus,Nesomys_rufus,MAMMALIA,1,193,37580.5930935815
rank,14,14,65.7855369548315,Newtonia amphichroa,Newtonia_amphichroa,AVES,1,16,34913.6375335455
rank,14,14,65.7855369548315,Newtonia archboldi,Newtonia_archboldi,AVES,0.998965028803159,7,1757.65689796718
rank,14,14,65.7855369548315,Newtonia brunneicauda,Newtonia_brunneicauda,AVES,1,99,61205.5573885441
rank,14,14,65.7855369548315,Newtonia fanovanae,Newtonia_fanovanae,AVES,0.353055283448657,2,98.2207024819943
rank,14,14,65.7855369548315,Oriolia bernieri,Oriolia_bernieri,AVES,0.999999798448621,12,11149.4049517363
rank,14,14,65.7855369548315,Oryzorictes hova,Oryzorictes_hova,MAMMALIA,0.999999999999998,210,44741.1651622132
rank,14,14,65.7855369548315,Oryzorictes tetradactylus,Oryzorictes_tetradactylus,MAMMALIA,0.999999998939291,75,5445.73363192487
rank,14,14,65.7855369548315,Otus rutilus,Otus_rutilus,AVES,0.999999999987826,9,58187.2000505626
rank,14,14,65.7855369548315,Oxylabes madagascariensis,Oxylabes_madagascariensis,AVES,0.999999999999965,18,40292.7325610966
rank,14,14,65.7855369548315,Phaner electromontis,Phaner_electromontis,MAMMALIA,1.1181189119025e-07,1,17.4337788633315
rank,14,14,65.7855369548315,Phaner furcifer,Phaner_furcifer,MAMMALIA,0.887520724054883,51,815.629089264392
rank,14,14,65.7855369548315,Phaner pallescens,Phaner_pallescens,MAMMALIA,0.999999996932615,37,2185.61652033776
rank,14,14,65.7855369548315,Phaner parienti,Phaner_parienti,MAMMALIA,0.00280017666108967,1,24.4501852478648
rank,14,14,65.7855369548315,Philepitta castanea,Philepitta_castanea,AVES,0.986972721685932,8,34727.335535191
rank,14,14,65.7855369548315,Philepitta schlegeli,Philepitta_schlegeli,AVES,0.989959169295992,13,3215.83370388078
rank,14,14,65.7855369548315,Ploceus nelicourvi,Ploceus_nelicourvi,AVES,0.999999996767128,15,44853.9239060581
rank,14,14,65.7855369548315,Ploceus sakalava,Ploceus_sakalava,AVES,0.999999999473489,42,13113.8765146285
rank,14,14,65.7855369548315,Polyboroides radiatus,Polyboroides_radiatus,AVES,0.995653155179019,2,43336.1109236607
rank,14,14,65.7855369548315,Pseudobias wardi,Pseudobias_wardi,AVES,0.999999999999986,20,36948.8406818956
rank,14,14,65.7855369548315,Pterocles personatus,Pterocles_personatus,AVES,0.475554135546988,5,2400.20888972282
rank,14,14,65.7855369548315,Rallus madagascariensis,Rallus_madagascariensis,AVES,0.99999830347431,4,13247.8278275332
rank,14,14,65.7855369548315,Randia pseudozosterops,Randia_pseudozosterops,AVES,0.999999931122875,11,35126.9519079886
rank,14,14,65.7855369548315,Sarothrura insularis,Sarothrura_insularis,AVES,0.999653380986577,6,47404.8811552227
rank,14,14,65.7855369548315,Schetba rufa,Schetba_rufa,AVES,0.999999999999895,24,21276.3449291587
rank,14,14,65.7855369548315,Setifer setosus,Setifer_setosus,MAMMALIA,1,174,60130.6750403941
rank,14,14,65.7855369548315,Tenrec ecaudatus,Tenrec_ecaudatus,MAMMALIA,1,133,60095.8912314996
rank,14,14,65.7855369548315,Thamnornis chloropetoides,Thamnornis_chloropetoides,AVES,0.999955427236074,5,2530.93801587075
rank,14,14,65.7855369548315,Treron australis,Treron_australis,AVES,0.999475678326799,6,52254.3698426858
rank,14,14,65.7855369548315,Turnix nigricollis,Turnix_nigricollis,AVES,0.999999990839726,13,56290.2364272773
rank,14,14,65.7855369548315,Tylas eduardi,Tylas_eduardi,AVES,0.999999970731544,12,44449.0966422632
rank,14,14,65.7855369548315,Vanga curvirostris,Vanga_curvirostris,AVES,0.999999999989372,26,61643.760466797
rank,14,14,65.7855369548315,Varecia rubra,Varecia_rubra,MAMMALIA,1,66,47899.535978891
rank,14,14,65.7855369548315,Varecia variegata,Varecia_variegata,MAMMALIA,1,46,47565.5801175609
rank,14,14,65.7855369548315,Xanthomixis apperti,Xanthomixis_apperti,AVES,0.441311210122258,1,68.4073899760842
rank,14,14,65.7855369548315,Xanthomixis cinereiceps,Xanthomixis_cinereiceps,AVES,1,20,14636.7212407098
rank,14,14,65.7855369548315,Xanthomixis zosterops,Xanthomixis_zosterops,AVES,0.999999999912144,21,44889.6998923868
rank,14,14,65.7855369548315,Xenopirostris damii,Xenopirostris_damii,AVES,0.00179910766481406,1,93.5023440420628
rank,14,14,65.7855369548315,Xenopirostris polleni,Xenopirostris_polleni,AVES,0.9999999554366,8,16128.847108228
rank,14,14,65.7855369548315,Xenopirostris xenopirostris,Xenopirostris_xenopirostris,AVES,0.964764005370087,1,1096.4556941092
rank,15,15,70.4793253092505,Accipiter henstii,Accipiter_henstii,AVES,0.625512177856044,1,43933.1783839166
rank,15,15,70.4793253092505,Accipiter madagascariensis,Accipiter_madagascariensis,AVES,0.850171087514258,1,47926.1593348756
rank,15,15,70.4793253092505,Acrocephalus newtoni,Acrocephalus_newtoni,AVES,1,66,50030.4609295949
rank,15,15,70.4793253092505,Alectroenas madagascariensis,Alectroenas_madagascariensis,AVES,0.995436231675198,10,41072.0704989973
rank,15,15,70.4793253092505,Allocebus trichotis,Allocebus_trichotis,MAMMALIA,0.00783473494650444,3,72.1001097112894
rank,15,15,70.4793253092505,Anas bernieri,Anas_bernieri,AVES,0,1,161.555721102021
rank,15,15,70.4793253092505,Apus balstoni,Apus_balstoni,AVES,0.999999999997321,22,48391.6540524066
rank,15,15,70.4793253092505,Artamella viridis,Artamella_viridis,AVES,0.999999999999996,32,51178.8112726733
rank,15,15,70.4793253092505,Asio madagascariensis,Asio_madagascariensis,AVES,0.809480120795293,2,41211.1200950987
rank,15,15,70.4793253092505,Atelornis crossleyi,Atelornis_crossleyi,AVES,0.999998414314848,6,11242.5381176248
rank,15,15,70.4793253092505,Atelornis pittoides,Atelornis_pittoides,AVES,0.999615564866392,3,33571.111586694
rank,15,15,70.4793253092505,Athene superciliaris,Athene_superciliaris,AVES,0.999999939675967,8,29079.1133903116
rank,15,15,70.4793253092505,Avahi laniger,Avahi_laniger,MAMMALIA,1,77,27387.8258817839
rank,15,15,70.4793253092505,Avahi occidentalis,Avahi_occidentalis,MAMMALIA,0.996066426728789,4,628.161768257618
rank,15,15,70.4793253092505,Aviceda madagascariensis,Aviceda_madagascariensis,AVES,0.930553901213414,1,43931.8974835649
rank,15,15,70.4793253092505,Bernieria madagascariensis,Bernieria_madagascariensis,AVES,1,53,48467.5545211062
rank,15,15,70.4793253092505,Brachypteracias leptosomus,Brachypteracias_leptosomus,AVES,0.999638353528106,1,28814.8892477268
rank,15,15,70.4793253092505,Brachytarsomys albicauda,Brachytarsomys_albicauda,MAMMALIA,0.99999997922842,42,1640.98932712475
rank,15,15,70.4793253092505,Brachyuromys betsileoensis,Brachyuromys_betsileoensis,MAMMALIA,1,68,9482.39154972005
rank,15,15,70.4793253092505,Brachyuromys ramirohitra,Brachyuromys_ramirohitra,MAMMALIA,0.65541484639138,2,90.5857082977891
rank,15,15,70.4793253092505,Bradypterus brunneus,Bradypterus_brunneus,AVES,1,42,11168.5164208066
rank,15,15,70.4793253092505,Bradypterus seebohmi,Bradypterus_seebohmi,AVES,0.452718231585579,1,71.7493425011635
rank,15,15,70.4793253092505,Buteo brachypterus,Buteo_brachypterus,AVES,0.731187701891239,1,48941.4733045474
rank,15,15,70.4793253092505,Calicalicus madagascariensis,Calicalicus_madagascariensis,AVES,0.999999999999963,67,48726.665175699
rank,15,15,70.4793253092505,Cheirogaleus crossleyi,Cheirogaleus_crossleyi,MAMMALIA,1,74,4892.7524829168
rank,15,15,70.4793253092505,Cheirogaleus major,Cheirogaleus_major,MAMMALIA,1,152,41058.0696916984
rank,15,15,70.4793253092505,Cheirogaleus medius,Cheirogaleus_medius,MAMMALIA,1,375,16737.6591165438
rank,15,15,70.4793253092505,Cinnyris notatus,Cinnyris_notatus,AVES,1,92,49893.3002299517
rank,15,15,70.4793253092505,Copsychus albospecularis,Copsychus_albospecularis,AVES,0.999981889243677,11,38115.0928042592
rank,15,15,70.4793253092505,Coracopsis nigra,Coracopsis_nigra,AVES,0.999516724053149,5,51980.0401415825
rank,15,15,70.4793253092505,Corythornis madagascariensis,Corythornis_madagascariensis,AVES,0.827872244408097,14,47000.532427529
rank,15,15,70.4793253092505,Coua caerulea,Coua_caerulea,AVES,0.999651938770942,1,31008.8097258566
rank,15,15,70.4793253092505,Coua coquereli,Coua_coquereli,AVES,0.999994128516789,5,8786.93742726926
rank,15,15,70.4793253092505,Coua cristata,Coua_cristata,AVES,0.999999999594372,6,43799.3771508932
rank,15,15,70.4793253092505,Coua cursor,Coua_cursor,AVES,0.997256371585103,3,4043.41410778463
rank,15,15,70.4793253092505,Coua gigas,Coua_gigas,AVES,0.998712785824397,2,10618.7362757698
rank,15,15,70.4793253092505,Coua reynaudii,Coua_reynaudii,AVES,0.999504586980014,1,26133.6798696292
rank,15,15,70.4793253092505,Coua ruficeps,Coua_ruficeps,AVES,0.95390218990253,3,1287.26057697911
rank,15,15,70.4793253092505,Coua serriana,Coua_serriana,AVES,0.986953302813326,1,23011.4267814253
rank,15,15,70.4793253092505,Crossleyia xanthophrys,Crossleyia_xanthophrys,AVES,0.999999999999999,41,3852.31395372748
rank,15,15,70.4793253092505,Cryptoprocta ferox,Cryptoprocta_ferox,MAMMALIA,0.0075489949585088,2,19085.2966180295
rank,15,15,70.4793253092505,Cryptosylvicola randrianasoloi,Cryptosylvicola_randrianasoloi,AVES,1,30,5305.77991279215
rank,15,15,70.4793253092505,Cyanolanius madagascarinus,Cyanolanius_madagascarinus,AVES,1,58,48950.9101467729
rank,15,15,70.4793253092505,Daubentonia madagascariensis,Daubentonia_madagascariensis,MAMMALIA,1,62,17706.1835453977
rank,15,15,70.4793253092505,Echinops telfairi,Echinops_telfairi,MAMMALIA,1,175,14700.1794337705
rank,15,15,70.4793253092505,Eliurus antsingy,Eliurus_antsingy,MAMMALIA,0.0133748649300235,5,69.4813072830439
rank,15,15,70.4793253092505,Eliurus grandidieri,Eliurus_grandidieri,MAMMALIA,0.999638279083781,26,912.219714065381
rank,15,15,70.4793253092505,Eliurus majori,Eliurus_majori,MAMMALIA,1,155,30587.8888566387
rank,15,15,70.4793253092505,Eliurus minor,Eliurus_minor,MAMMALIA,1,565,44082.4773064289
rank,15,15,70.4793253092505,Eliurus myoxinus,Eliurus_myoxinus,MAMMALIA,1,419,36737.1090094075
rank,15,15,70.4793253092505,Eliurus tanala,Eliurus_tanala,MAMMALIA,1,229,34708.4618291478
rank,15,15,70.4793253092505,Eliurus webbi,Eliurus_webbi,MAMMALIA,1,272,40319.5229444355
rank,15,15,70.4793253092505,Eremopterix hova,Eremopterix_hova,AVES,0.998289543143666,11,1252.53162527084
rank,15,15,70.4793253092505,Eulemur albifrons,Eulemur_albifrons,MAMMALIA,1,46,11432.6258473147
rank,15,15,70.4793253092505,Eulemur cinereiceps,Eulemur_cinereiceps,MAMMALIA,1,165,48367.9951074272
rank,15,15,70.4793253092505,Eulemur collaris,Eulemur_collaris,MAMMALIA,1,130,48022.5072891116
rank,15,15,70.4793253092505,Eulemur coronatus,Eulemur_coronatus,MAMMALIA,1,168,12323.4730396431
rank,15,15,70.4793253092505,Eulemur flavifrons,Eulemur_flavifrons,MAMMALIA,0.000213248908682684,1,25.074716512655
rank,15,15,70.4793253092505,Eulemur fulvus,Eulemur_fulvus,MAMMALIA,1,159,48451.2578800321
rank,15,15,70.4793253092505,Eulemur macaco,Eulemur_macaco,MAMMALIA,1,49,27943.0327001512
rank,15,15,70.4793253092505,Eulemur mongoz,Eulemur_mongoz,MAMMALIA,0.999997985141554,15,1564.50258984135
rank,15,15,70.4793253092505,Eulemur rubriventer,Eulemur_rubriventer,MAMMALIA,1,184,45066.400141003
rank,15,15,70.4793253092505,Eulemur rufus,Eulemur_rufus,MAMMALIA,1,121,23889.386297754
rank,15,15,70.4793253092505,Eulemur sanfordi,Eulemur_sanfordi,MAMMALIA,1,196,48617.8617083356
rank,15,15,70.4793253092505,Euryceros prevostii,Euryceros_prevostii,AVES,0.997262848477375,3,2017.63718864322
rank,15,15,70.4793253092505,Falco zoniventris,Falco_zoniventris,AVES,0.900727823084607,2,34450.2741492912
rank,15,15,70.4793253092505,Falculea palliata,Falculea_palliata,AVES,0.999999999963988,18,10034.2659014389
rank,15,15,70.4793253092505,Fossa fossana,Fossa_fossana,MAMMALIA,0.900925501453859,2,33952.453059989
rank,15,15,70.4793253092505,Foudia madagascariensis,Foudia_madagascariensis,AVES,0.999999999999291,78,55080.4717966169
rank,15,15,70.4793253092505,Foudia omissa,Foudia_omissa,AVES,0.999999956223301,19,35075.535601551
rank,15,15,70.4793253092505,Gactornis enarratus,Gactornis_enarratus,AVES,0.999950147616574,3,34222.9198350683
rank,15,15,70.4793253092505,Galidia elegans,Galidia_elegans,MAMMALIA,0.867369694077257,3,31275.9930969847
rank,15,15,70.4793253092505,Galidictis fasciata,Galidictis_fasciata,MAMMALIA,0,2,2876.83983071893
rank,15,15,70.4793253092505,Geobiastes squamiger,Geobiastes_squamiger,AVES,0.99927976703798,3,8945.99423438408
rank,15,15,70.4793253092505,Geogale aurita,Geogale_aurita,MAMMALIA,1,265,13705.8010358959
rank,15,15,70.4793253092505,Gymnuromys roberti,Gymnuromys_roberti,MAMMALIA,1,80,21403.7473942941
rank,15,15,70.4793253092505,Haliaeetus vociferoides,Haliaeetus_vociferoides,AVES,3.19073656385172e-11,1,1893.22342328727
rank,15,15,70.4793253092505,Hapalemur alaotrensis,Hapalemur_alaotrensis,MAMMALIA,0.999953710094411,23,1085.06063511406
rank,15,15,70.4793253092505,Hapalemur aureus,Hapalemur_aureus,MAMMALIA,0.999999668845254,22,1515.53545167853
rank,15,15,70.4793253092505,Hapalemur griseus,Hapalemur_griseus,MAMMALIA,1,153,47522.5525703903
rank,15,15,70.4793253092505,Hapalemur occidentalis,Hapalemur_occidentalis,MAMMALIA,0.999982895173412,28,967.061329603195
rank,15,15,70.4793253092505,Hartertula flavoviridis,Hartertula_flavoviridis,AVES,1,40,7378.37509199232
rank,15,15,70.4793253092505,Hartlaubius auratus,Hartlaubius_auratus,AVES,0.999999999994985,45,48698.1983182455
rank,15,15,70.4793253092505,Hemicentetes nigriceps,Hemicentetes_nigriceps,MAMMALIA,0.999809242940566,22,1631.46789132661
rank,15,15,70.4793253092505,Hemicentetes semispinosus,Hemicentetes_semispinosus,MAMMALIA,1,95,41562.3280171328
rank,15,15,70.4793253092505,Hypogeomys antimena,Hypogeomys_antimena,MAMMALIA,0.133821965840603,5,104.686912983656
rank,15,15,70.4793253092505,Hypositta corallirostris,Hypositta_corallirostris,AVES,0.999209363351374,20,40576.1170335397
rank,15,15,70.4793253092505,Indri indri,Indri_indri,MAMMALIA,0.999999999979157,9,39051.0704051679
rank,15,15,70.4793253092505,Lemur catta,Lemur_catta,MAMMALIA,1,95,8033.5056168288
rank,15,15,70.4793253092505,Lepidopygia nana,Lepidopygia_nana,AVES,0.999834655029073,120,54331.9606306702
rank,15,15,70.4793253092505,Lepilemur ankaranensis,Lepilemur_ankaranensis,MAMMALIA,0.942459903341428,13,361.823311685567
rank,15,15,70.4793253092505,Lepilemur edwardsi,Lepilemur_edwardsi,MAMMALIA,0.999999999004367,44,3308.76882079336
rank,15,15,70.4793253092505,Lepilemur leucopus,Lepilemur_leucopus,MAMMALIA,1,30,4199.98047308624
rank,15,15,70.4793253092505,Lepilemur microdon,Lepilemur_microdon,MAMMALIA,0.999999991370034,27,3229.95109507657
rank,15,15,70.4793253092505,Lepilemur mustelinus,Lepilemur_mustelinus,MAMMALIA,1,144,43292.9702516496
rank,15,15,70.4793253092505,Lepilemur ruficaudatus,Lepilemur_ruficaudatus,MAMMALIA,1,75,4865.14600872994
rank,15,15,70.4793253092505,Leptopterus chabert,Leptopterus_chabert,AVES,1,62,53114.3809600845
rank,15,15,70.4793253092505,Lophotibis cristata,Lophotibis_cristata,AVES,0.999511665812074,2,46540.5547776371
rank,15,15,70.4793253092505,Macrotarsomys bastardi,Macrotarsomys_bastardi,MAMMALIA,0.999999999998407,106,3483.96964203566
rank,15,15,70.4793253092505,Margaroperdix madagarensis,Margaroperdix_madagarensis,AVES,0.999999959805854,5,46535.8460896965
rank,15,15,70.4793253092505,Mentocrex kioloides,Mentocrex_kioloides,AVES,0.996911082787596,1,27194.9637549068
rank,15,15,70.4793253092505,Mesitornis unicolor,Mesitornis_unicolor,AVES,0,1,89.8278131379858
rank,15,15,70.4793253092505,Mesitornis variegatus,Mesitornis_variegatus,AVES,0.998283676133821,5,2656.29677391052
rank,15,15,70.4793253092505,Microcebus berthae,Microcebus_berthae,MAMMALIA,1.52725555535582e-08,2,17.7781751081347
rank,15,15,70.4793253092505,Microcebus griseorufus,Microcebus_griseorufus,MAMMALIA,0.995726514138264,14,500.914738862488
rank,15,15,70.4793253092505,Microcebus murinus,Microcebus_murinus,MAMMALIA,1,565,30893.4427988976
rank,15,15,70.4793253092505,Microcebus myoxinus,Microcebus_myoxinus,MAMMALIA,0.999999810769057,77,953.543512651117
rank,15,15,70.4793253092505,Microcebus ravelobensis,Microcebus_ravelobensis,MAMMALIA,0.778620368188765,15,246.875988043973
rank,15,15,70.4793253092505,Microcebus rufus,Microcebus_rufus,MAMMALIA,1,459,40624.2530020691
rank,15,15,70.4793253092505,Microcebus tavaratra,Microcebus_tavaratra,MAMMALIA,0.990670724729668,41,679.882922314107
rank,15,15,70.4793253092505,Microgale brevicaudata,Microgale_brevicaudata,MAMMALIA,1,332,15220.4189134017
rank,15,15,70.4793253092505,Microgale cowani,Microgale_cowani,MAMMALIA,1,270,36504.4046394789
rank,15,15,70.4793253092505,Microgale drouhardi,Microgale_drouhardi,MAMMALIA,1,229,21836.0976778509
rank,15,15,70.4793253092505,Microgale dryas,Microgale_dryas,MAMMALIA,0.896899218252307,47,1358.43809723698
rank,15,15,70.4793253092505,Microgale fotsifotsy,Microgale_fotsifotsy,MAMMALIA,1,262,24078.2122798499
rank,15,15,70.4793253092505,Microgale gracilis,Microgale_gracilis,MAMMALIA,0.999999999966825,109,8379.12034910172
rank,15,15,70.4793253092505,Microgale gymnorhyncha,Microgale_gymnorhyncha,MAMMALIA,1,68,14450.7853091018
rank,15,15,70.4793253092505,Microgale longicaudata,Microgale_longicaudata,MAMMALIA,1,410,38817.7405895057
rank,15,15,70.4793253092505,Microgale mergulus,Microgale_mergulus,MAMMALIA,0.999999999969287,73,4699.51892629331
rank,15,15,70.4793253092505,Microgale parvula,Microgale_parvula,MAMMALIA,0.999999999999615,464,41311.9740907523
rank,15,15,70.4793253092505,Microgale principula,Microgale_principula,MAMMALIA,1,317,37795.5304559395
rank,15,15,70.4793253092505,Microgale pusilla,Microgale_pusilla,MAMMALIA,0.999999984153483,238,13370.6649531889
rank,15,15,70.4793253092505,Microgale soricoides,Microgale_soricoides,MAMMALIA,1,79,19883.5979826151
rank,15,15,70.4793253092505,Microgale taiva,Microgale_taiva,MAMMALIA,0.999999999999998,197,33074.5868752018
rank,15,15,70.4793253092505,Microgale thomasi,Microgale_thomasi,MAMMALIA,1,58,18689.5897730555
rank,15,15,70.4793253092505,Mirza coquereli,Mirza_coquereli,MAMMALIA,0.999898909779976,22,1598.58250991255
rank,15,15,70.4793253092505,Monias benschi,Monias_benschi,AVES,0,1,82.9420458882274
rank,15,15,70.4793253092505,Monticola erythronotus,Monticola_erythronotus,AVES,0.505764981643065,1,97.4973036619822
rank,15,15,70.4793253092505,Monticola sharpei,Monticola_sharpei,AVES,0.999999996681172,37,43154.8103119731
rank,15,15,70.4793253092505,Monticolomys koopmani,Monticolomys_koopmani,MAMMALIA,0.132627251095215,6,104.060766987503
rank,15,15,70.4793253092505,Motacilla flaviventris,Motacilla_flaviventris,AVES,0.999796233203567,14,1340.55157364905
rank,15,15,70.4793253092505,Mystacornis crossleyi,Mystacornis_crossleyi,AVES,0.999999999370099,8,36334.816397382
rank,15,15,70.4793253092505,Neodrepanis coruscans,Neodrepanis_coruscans,AVES,0.999999370341801,16,25404.3255210049
rank,15,15,70.4793253092505,Neodrepanis hypoxantha,Neodrepanis_hypoxantha,AVES,0.0211788111247608,3,88.4296057149768
rank,15,15,70.4793253092505,Neomixis striatigula,Neomixis_striatigula,AVES,0.999999998079755,24,39206.7619079202
rank,15,15,70.4793253092505,Neomixis tenella,Neomixis_tenella,AVES,1,92,47616.6068526805
rank,15,15,70.4793253092505,Neomixis viridis,Neomixis_viridis,AVES,0.999999999999902,25,38271.0764901787
rank,15,15,70.4793253092505,Nesillas lantzii,Nesillas_lantzii,AVES,0.999890501130359,4,2088.30199634284
rank,15,15,70.4793253092505,Nesogale dobsoni,Nesogale_dobsoni,MAMMALIA,1,188,39380.5528419151
rank,15,15,70.4793253092505,Nesogale talazaci,Nesogale_talazaci,MAMMALIA,0.999999999999987,145,40382.4542570678
rank,15,15,70.4793253092505,Nesomys audeberti,Nesomys_audeberti,MAMMALIA,1,83,3594.48955702937
rank,15,15,70.4793253092505,Nesomys lambertoni,Nesomys_lambertoni,MAMMALIA,0.999917142652836,24,861.307284481823
rank,15,15,70.4793253092505,Nesomys rufus,Nesomys_rufus,MAMMALIA,1,167,34213.5504678153
rank,15,15,70.4793253092505,Newtonia amphichroa,Newtonia_amphichroa,AVES,1,18,32343.9408083633
rank,15,15,70.4793253092505,Newtonia archboldi,Newtonia_archboldi,AVES,0.999915001641403,8,1715.41801025421
rank,15,15,70.4793253092505,Newtonia brunneicauda,Newtonia_brunneicauda,AVES,1,101,53073.1701191589
rank,15,15,70.4793253092505,Newtonia fanovanae,Newtonia_fanovanae,AVES,0.353055283448657,2,98.2207024819943
rank,15,15,70.4793253092505,Oriolia bernieri,Oriolia_bernieri,AVES,0.999999259789108,13,10091.254534745
rank,15,15,70.4793253092505,Oryzorictes hova,Oryzorictes_hova,MAMMALIA,0.999999999999953,182,39443.9567826763
rank,15,15,70.4793253092505,Oryzorictes tetradactylus,Oryzorictes_tetradactylus,MAMMALIA,0.999999993417564,61,4946.3739394494
rank,15,15,70.4793253092505,Otus rutilus,Otus_rutilus,AVES,0.999999999901299,9,50665.71691145
rank,15,15,70.4793253092505,Oxylabes madagascariensis,Oxylabes_madagascariensis,AVES,0.999999999996501,18,36368.9336987543
rank,15,15,70.4793253092505,Phaner electromontis,Phaner_electromontis,MAMMALIA,1.1181189119025e-07,1,17.4337788633315
rank,15,15,70.4793253092505,Phaner furcifer,Phaner_furcifer,MAMMALIA,0.886105460169413,46,764.531491946086
rank,15,15,70.4793253092505,Phaner pallescens,Phaner_pallescens,MAMMALIA,0.999999980042931,30,2031.78846003115
rank,15,15,70.4793253092505,Phaner parienti,Phaner_parienti,MAMMALIA,0.00280017666108967,1,24.4501852478648
rank,15,15,70.4793253092505,Philepitta castanea,Philepitta_castanea,AVES,0.981755756732517,5,32574.6935373269
rank,15,15,70.4793253092505,Philepitta schlegeli,Philepitta_schlegeli,AVES,0.986664642226775,12,3059.96712606187
rank,15,15,70.4793253092505,Ploceus nelicourvi,Ploceus_nelicourvi,AVES,0.99999971635275,17,39540.5991194718
rank,15,15,70.4793253092505,Ploceus sakalava,Ploceus_sakalava,AVES,0.999999989353791,40,11270.2274098322
rank,15,15,70.4793253092505,Polyboroides radiatus,Polyboroides_radiatus,AVES,0.993898538569184,2,37416.0019766018
rank,15,15,70.4793253092505,Pseudobias wardi,Pseudobias_wardi,AVES,0.999999999999548,15,34173.941463397
rank,15,15,70.4793253092505,Pterocles personatus,Pterocles_personatus,AVES,0.304530054189971,5,1920.07204218954
rank,15,15,70.4793253092505,Rallus madagascariensis,Rallus_madagascariensis,AVES,0.999996575421323,4,12673.5344350078
rank,15,15,70.4793253092505,Randia pseudozosterops,Randia_pseudozosterops,AVES,0.999999999964433,14,31431.054434978
rank,15,15,70.4793253092505,Sarothrura insularis,Sarothrura_insularis,AVES,0.999337852961824,9,41342.076764672
rank,15,15,70.4793253092505,Schetba rufa,Schetba_rufa,AVES,0.999999999999686,21,18993.0441846059
rank,15,15,70.4793253092505,Setifer setosus,Setifer_setosus,MAMMALIA,1,169,52121.2976463661
rank,15,15,70.4793253092505,Tenrec ecaudatus,Tenrec_ecaudatus,MAMMALIA,1,127,52023.9750502929
rank,15,15,70.4793253092505,Thamnornis chloropetoides,Thamnornis_chloropetoides,AVES,0.999681183082203,4,2248.82246004045
rank,15,15,70.4793253092505,Treron australis,Treron_australis,AVES,0.999288864982009,5,45456.1009971127
rank,15,15,70.4793253092505,Turnix nigricollis,Turnix_nigricollis,AVES,0.999999999673803,17,49309.6471812874
rank,15,15,70.4793253092505,Tylas eduardi,Tylas_eduardi,AVES,0.999998128392215,14,39505.6273854556
rank,15,15,70.4793253092505,Vanga curvirostris,Vanga_curvirostris,AVES,0.999999999996785,26,53587.1052247286
rank,15,15,70.4793253092505,Varecia rubra,Varecia_rubra,MAMMALIA,1,66,41702.4095152588
rank,15,15,70.4793253092505,Varecia variegata,Varecia_variegata,MAMMALIA,1,51,41462.0680928135
rank,15,15,70.4793253092505,Xanthomixis apperti,Xanthomixis_apperti,AVES,0.441311210122258,1,68.4073899760842
rank,15,15,70.4793253092505,Xanthomixis cinereiceps,Xanthomixis_cinereiceps,AVES,1,19,13483.3019270137
rank,15,15,70.4793253092505,Xanthomixis zosterops,Xanthomixis_zosterops,AVES,0.999999999694656,25,39565.6035808109
rank,15,15,70.4793253092505,Xenopirostris damii,Xenopirostris_damii,AVES,0.00179910766481406,1,93.5023440420628
rank,15,15,70.4793253092505,Xenopirostris polleni,Xenopirostris_polleni,AVES,0.999999996435095,8,15131.51532942
rank,15,15,70.4793253092505,Xenopirostris xenopirostris,Xenopirostris_xenopirostris,AVES,0.964470311855215,1,1090.44530729949
rank,16,16,75.1702061607174,Accipiter henstii,Accipiter_henstii,AVES,0.582704328034788,1,37712.898906216
rank,16,16,75.1702061607174,Accipiter madagascariensis,Accipiter_madagascariensis,AVES,0.840280440334732,2,40594.3356352704
rank,16,16,75.1702061607174,Acrocephalus newtoni,Acrocephalus_newtoni,AVES,1,61,42189.5332903543
rank,16,16,75.1702061607174,Alectroenas madagascariensis,Alectroenas_madagascariensis,AVES,0.9977455019467,9,35061.2651439995
rank,16,16,75.1702061607174,Allocebus trichotis,Allocebus_trichotis,MAMMALIA,0.00783473494650444,3,72.1001097112894
rank,16,16,75.1702061607174,Anas bernieri,Anas_bernieri,AVES,0,1,161.555721102021
rank,16,16,75.1702061607174,Apus balstoni,Apus_balstoni,AVES,0.999999999999638,18,40982.2350420579
rank,16,16,75.1702061607174,Artamella viridis,Artamella_viridis,AVES,0.999999999999998,30,43447.3105590712
rank,16,16,75.1702061607174,Asio madagascariensis,Asio_madagascariensis,AVES,0.785161536201676,2,35075.1566252066
rank,16,16,75.1702061607174,Atelornis crossleyi,Atelornis_crossleyi,AVES,0.999998172724156,6,10912.5741067678
rank,16,16,75.1702061607174,Atelornis pittoides,Atelornis_pittoides,AVES,0.999772656086878,3,29742.7170791179
rank,16,16,75.1702061607174,Athene superciliaris,Athene_superciliaris,AVES,0.999999947946637,10,24789.0409263262
rank,16,16,75.1702061607174,Avahi laniger,Avahi_laniger,MAMMALIA,1,79,24372.4950802139
rank,16,16,75.1702061607174,Avahi occidentalis,Avahi_occidentalis,MAMMALIA,0.995464113132955,4,609.089173475869
rank,16,16,75.1702061607174,Aviceda madagascariensis,Aviceda_madagascariensis,AVES,0.935552876536054,2,37604.8234083885
rank,16,16,75.1702061607174,Bernieria madagascariensis,Bernieria_madagascariensis,AVES,1,50,41117.6349490583
rank,16,16,75.1702061607174,Brachypteracias leptosomus,Brachypteracias_leptosomus,AVES,0.999998143343053,3,25124.3802638426
rank,16,16,75.1702061607174,Brachytarsomys albicauda,Brachytarsomys_albicauda,MAMMALIA,0.999999969346482,38,1550.02887744942
rank,16,16,75.1702061607174,Brachyuromys betsileoensis,Brachyuromys_betsileoensis,MAMMALIA,1,57,8630.41304474525
rank,16,16,75.1702061607174,Brachyuromys ramirohitra,Brachyuromys_ramirohitra,MAMMALIA,0.65541484639138,2,90.5857082977891
rank,16,16,75.1702061607174,Bradypterus brunneus,Bradypterus_brunneus,AVES,1,39,10499.5303096063
rank,16,16,75.1702061607174,Bradypterus seebohmi,Bradypterus_seebohmi,AVES,0.452718231585579,1,71.7493425011635
rank,16,16,75.1702061607174,Buteo brachypterus,Buteo_brachypterus,AVES,0.694435370236987,1,41740.3837007525
rank,16,16,75.1702061607174,Calicalicus madagascariensis,Calicalicus_madagascariensis,AVES,1,62,41317.4175904128
rank,16,16,75.1702061607174,Cheirogaleus crossleyi,Cheirogaleus_crossleyi,MAMMALIA,1,69,4476.2389717757
rank,16,16,75.1702061607174,Cheirogaleus major,Cheirogaleus_major,MAMMALIA,1,139,34877.5009753108
rank,16,16,75.1702061607174,Cheirogaleus medius,Cheirogaleus_medius,MAMMALIA,1,319,14398.6187823976
rank,16,16,75.1702061607174,Cinnyris notatus,Cinnyris_notatus,AVES,1,86,42138.3734849318
rank,16,16,75.1702061607174,Copsychus albospecularis,Copsychus_albospecularis,AVES,0.999956870400531,8,32949.4151272367
rank,16,16,75.1702061607174,Coracopsis nigra,Coracopsis_nigra,AVES,0.999233195158138,6,44168.1033291162
rank,16,16,75.1702061607174,Corythornis madagascariensis,Corythornis_madagascariensis,AVES,0.80439297844453,13,39925.7112570901
rank,16,16,75.1702061607174,Coua caerulea,Coua_caerulea,AVES,0.999550931331905,1,27124.33348823
rank,16,16,75.1702061607174,Coua coquereli,Coua_coquereli,AVES,0.999984895178262,6,7516.04178841664
rank,16,16,75.1702061607174,Coua cristata,Coua_cristata,AVES,0.999999999998994,11,38013.4080967296
rank,16,16,75.1702061607174,Coua cursor,Coua_cursor,AVES,0.989310548432246,4,3261.48198042065
rank,16,16,75.1702061607174,Coua gigas,Coua_gigas,AVES,0.999884371053758,3,9019.21098680794
rank,16,16,75.1702061607174,Coua reynaudii,Coua_reynaudii,AVES,0.999403937472614,2,22723.0690870333
rank,16,16,75.1702061607174,Coua ruficeps,Coua_ruficeps,AVES,0.951274223022328,3,1271.48227949693
rank,16,16,75.1702061607174,Coua serriana,Coua_serriana,AVES,0.998535885562786,2,19727.2537267256
rank,16,16,75.1702061607174,Crossleyia xanthophrys,Crossleyia_xanthophrys,AVES,0.999999999999998,37,3698.905286856
rank,16,16,75.1702061607174,Cryptoprocta ferox,Cryptoprocta_ferox,MAMMALIA,0.000981075732891523,2,17153.66117616
rank,16,16,75.1702061607174,Cryptosylvicola randrianasoloi,Cryptosylvicola_randrianasoloi,AVES,1,28,5191.69613107294
rank,16,16,75.1702061607174,Cyanolanius madagascarinus,Cyanolanius_madagascarinus,AVES,1,51,41479.1125677302
rank,16,16,75.1702061607174,Daubentonia madagascariensis,Daubentonia_madagascariensis,MAMMALIA,1,56,14291.1424404605
rank,16,16,75.1702061607174,Echinops telfairi,Echinops_telfairi,MAMMALIA,1,156,12457.1325006937
rank,16,16,75.1702061607174,Eliurus antsingy,Eliurus_antsingy,MAMMALIA,0.0133748649300235,5,69.4813072830439
rank,16,16,75.1702061607174,Eliurus grandidieri,Eliurus_grandidieri,MAMMALIA,0.999631012957888,25,902.63288109193
rank,16,16,75.1702061607174,Eliurus majori,Eliurus_majori,MAMMALIA,1,126,26838.0931734568
rank,16,16,75.1702061607174,Eliurus minor,Eliurus_minor,MAMMALIA,1,449,37536.8697652513
rank,16,16,75.1702061607174,Eliurus myoxinus,Eliurus_myoxinus,MAMMALIA,1,365,31376.3934028447
rank,16,16,75.1702061607174,Eliurus tanala,Eliurus_tanala,MAMMALIA,1,192,30328.661535319
rank,16,16,75.1702061607174,Eliurus webbi,Eliurus_webbi,MAMMALIA,1,223,34226.6305255219
rank,16,16,75.1702061607174,Eremopterix hova,Eremopterix_hova,AVES,0.995295303347588,11,1024.63952176739
rank,16,16,75.1702061607174,Eulemur albifrons,Eulemur_albifrons,MAMMALIA,1,41,9630.36405293946
rank,16,16,75.1702061607174,Eulemur cinereiceps,Eulemur_cinereiceps,MAMMALIA,1,155,41134.1372523057
rank,16,16,75.1702061607174,Eulemur collaris,Eulemur_collaris,MAMMALIA,1,122,40796.864960867
rank,16,16,75.1702061607174,Eulemur coronatus,Eulemur_coronatus,MAMMALIA,1,156,10330.9319059311
rank,16,16,75.1702061607174,Eulemur flavifrons,Eulemur_flavifrons,MAMMALIA,0.000213248908682684,1,25.074716512655
rank,16,16,75.1702061607174,Eulemur fulvus,Eulemur_fulvus,MAMMALIA,1,149,41174.2664449914
rank,16,16,75.1702061607174,Eulemur macaco,Eulemur_macaco,MAMMALIA,1,49,24554.7798313052
rank,16,16,75.1702061607174,Eulemur mongoz,Eulemur_mongoz,MAMMALIA,0.999970709585924,17,1388.46373898536
rank,16,16,75.1702061607174,Eulemur rubriventer,Eulemur_rubriventer,MAMMALIA,1,170,38202.6485250122
rank,16,16,75.1702061607174,Eulemur rufus,Eulemur_rufus,MAMMALIA,1,110,21744.2141711861
rank,16,16,75.1702061607174,Eulemur sanfordi,Eulemur_sanfordi,MAMMALIA,1,186,41374.7924193509
rank,16,16,75.1702061607174,Euryceros prevostii,Euryceros_prevostii,AVES,0.99462018097727,3,1615.25996068865
rank,16,16,75.1702061607174,Falco zoniventris,Falco_zoniventris,AVES,0.866401200011282,2,29301.6284695509
rank,16,16,75.1702061607174,Falculea palliata,Falculea_palliata,AVES,0.999999999818935,16,8381.69128796655
rank,16,16,75.1702061607174,Fossa fossana,Fossa_fossana,MAMMALIA,0.41228563510775,4,28955.9889651984
rank,16,16,75.1702061607174,Foudia madagascariensis,Foudia_madagascariensis,AVES,0.999999999999969,76,46409.0672167803
rank,16,16,75.1702061607174,Foudia omissa,Foudia_omissa,AVES,0.999999991008129,20,30616.6399954408
rank,16,16,75.1702061607174,Gactornis enarratus,Gactornis_enarratus,AVES,0.99998029609249,4,29617.9938065633
rank,16,16,75.1702061607174,Galidia elegans,Galidia_elegans,MAMMALIA,0.461255414851421,4,26531.3943877369
rank,16,16,75.1702061607174,Galidictis fasciata,Galidictis_fasciata,MAMMALIA,0,2,2706.51074887067
rank,16,16,75.1702061607174,Geobiastes squamiger,Geobiastes_squamiger,AVES,0.997876191869663,5,7767.48954671866
rank,16,16,75.1702061607174,Geogale aurita,Geogale_aurita,MAMMALIA,0.999999999999915,229,11860.6845825114
rank,16,16,75.1702061607174,Gymnuromys roberti,Gymnuromys_roberti,MAMMALIA,1,62,19002.9158977529
rank,16,16,75.1702061607174,Haliaeetus vociferoides,Haliaeetus_vociferoides,AVES,0,1,1585.83152788132
rank,16,16,75.1702061607174,Hapalemur alaotrensis,Hapalemur_alaotrensis,MAMMALIA,0.999488177993756,19,830.31333761063
rank,16,16,75.1702061607174,Hapalemur aureus,Hapalemur_aureus,MAMMALIA,0.999999548895084,19,1421.57370494534
rank,16,16,75.1702061607174,Hapalemur griseus,Hapalemur_griseus,MAMMALIA,1,148,40227.9282823749
rank,16,16,75.1702061607174,Hapalemur occidentalis,Hapalemur_occidentalis,MAMMALIA,0.999956384194866,25,907.935440845788
rank,16,16,75.1702061607174,Hartertula flavoviridis,Hartertula_flavoviridis,AVES,1,35,7026.67951382697
rank,16,16,75.1702061607174,Hartlaubius auratus,Hartlaubius_auratus,AVES,0.999999999998552,43,41389.196826977
rank,16,16,75.1702061607174,Hemicentetes nigriceps,Hemicentetes_nigriceps,MAMMALIA,0.999744914151576,21,1541.73395156862
rank,16,16,75.1702061607174,Hemicentetes semispinosus,Hemicentetes_semispinosus,MAMMALIA,1,99,35185.9536976448
rank,16,16,75.1702061607174,Hypogeomys antimena,Hypogeomys_antimena,MAMMALIA,0.133821965840603,5,104.686912983656
rank,16,16,75.1702061607174,Hypositta corallirostris,Hypositta_corallirostris,AVES,0.999999253453017,19,34630.4933678251
rank,16,16,75.1702061607174,Indri indri,Indri_indri,MAMMALIA,0.999999999998611,11,33339.4114029248
rank,16,16,75.1702061607174,Lemur catta,Lemur_catta,MAMMALIA,1,78,6803.04153066129
rank,16,16,75.1702061607174,Lepidopygia nana,Lepidopygia_nana,AVES,0.999923814123901,111,45739.5879409176
rank,16,16,75.1702061607174,Lepilemur ankaranensis,Lepilemur_ankaranensis,MAMMALIA,0.942459903341428,13,361.823311685567
rank,16,16,75.1702061607174,Lepilemur edwardsi,Lepilemur_edwardsi,MAMMALIA,0.999999976808128,40,2866.37552345401
rank,16,16,75.1702061607174,Lepilemur leucopus,Lepilemur_leucopus,MAMMALIA,0.999999999999983,29,3509.5371382758
rank,16,16,75.1702061607174,Lepilemur microdon,Lepilemur_microdon,MAMMALIA,0.999999985907911,24,3028.12314945508
rank,16,16,75.1702061607174,Lepilemur mustelinus,Lepilemur_mustelinus,MAMMALIA,1,144,37086.649322018
rank,16,16,75.1702061607174,Lepilemur ruficaudatus,Lepilemur_ruficaudatus,MAMMALIA,1,63,4067.16771952808
rank,16,16,75.1702061607174,Leptopterus chabert,Leptopterus_chabert,AVES,1,59,44766.8395297602
rank,16,16,75.1702061607174,Lophotibis cristata,Lophotibis_cristata,AVES,0.99933752990445,2,39682.9266423399
rank,16,16,75.1702061607174,Macrotarsomys bastardi,Macrotarsomys_bastardi,MAMMALIA,0.999999999982564,89,2862.19081047922
rank,16,16,75.1702061607174,Margaroperdix madagarensis,Margaroperdix_madagarensis,AVES,0.999999958067975,10,39400.5850016206
rank,16,16,75.1702061607174,Mentocrex kioloides,Mentocrex_kioloides,AVES,0.996349064221113,1,24280.2754827216
rank,16,16,75.1702061607174,Mesitornis unicolor,Mesitornis_unicolor,AVES,0,1,89.8278131379858
rank,16,16,75.1702061607174,Mesitornis variegatus,Mesitornis_variegatus,AVES,0.996713817099311,5,2496.56127095223
rank,16,16,75.1702061607174,Microcebus berthae,Microcebus_berthae,MAMMALIA,1.52725555535582e-08,2,17.7781751081347
rank,16,16,75.1702061607174,Microcebus griseorufus,Microcebus_griseorufus,MAMMALIA,0.995636111660106,14,499.703435394507
rank,16,16,75.1702061607174,Microcebus murinus,Microcebus_murinus,MAMMALIA,1,501,25404.7672975646
rank,16,16,75.1702061607174,Microcebus myoxinus,Microcebus_myoxinus,MAMMALIA,0.999999692317002,66,870.523734412944
rank,16,16,75.1702061607174,Microcebus ravelobensis,Microcebus_ravelobensis,MAMMALIA,0.778620368188765,15,246.875988043973
rank,16,16,75.1702061607174,Microcebus rufus,Microcebus_rufus,MAMMALIA,1,362,34541.7073171519
rank,16,16,75.1702061607174,Microcebus tavaratra,Microcebus_tavaratra,MAMMALIA,0.989568197093054,38,639.318880096078
rank,16,16,75.1702061607174,Microgale brevicaudata,Microgale_brevicaudata,MAMMALIA,1,285,13487.736979425
rank,16,16,75.1702061607174,Microgale cowani,Microgale_cowani,MAMMALIA,1,207,31450.1520638473
rank,16,16,75.1702061607174,Microgale drouhardi,Microgale_drouhardi,MAMMALIA,1,203,19761.8923957351
rank,16,16,75.1702061607174,Microgale dryas,Microgale_dryas,MAMMALIA,0.895525851196421,45,1312.59133549714
rank,16,16,75.1702061607174,Microgale fotsifotsy,Microgale_fotsifotsy,MAMMALIA,1,220,22003.0050059442
rank,16,16,75.1702061607174,Microgale gracilis,Microgale_gracilis,MAMMALIA,0.999999999932508,100,7885.39093269408
rank,16,16,75.1702061607174,Microgale gymnorhyncha,Microgale_gymnorhyncha,MAMMALIA,1,45,12873.7570223887
rank,16,16,75.1702061607174,Microgale longicaudata,Microgale_longicaudata,MAMMALIA,1,330,33374.8232029378
rank,16,16,75.1702061607174,Microgale mergulus,Microgale_mergulus,MAMMALIA,0.999999999867587,71,4356.6762856664
rank,16,16,75.1702061607174,Microgale parvula,Microgale_parvula,MAMMALIA,1,366,35135.0072234626
rank,16,16,75.1702061607174,Microgale principula,Microgale_principula,MAMMALIA,1,262,32694.3776193261
rank,16,16,75.1702061607174,Microgale pusilla,Microgale_pusilla,MAMMALIA,0.999999955872091,193,11791.1728188764
rank,16,16,75.1702061607174,Microgale soricoides,Microgale_soricoides,MAMMALIA,1,54,17534.5595196877
rank,16,16,75.1702061607174,Microgale taiva,Microgale_taiva,MAMMALIA,1,172,29218.3572095616
rank,16,16,75.1702061607174,Microgale thomasi,Microgale_thomasi,MAMMALIA,1,47,16980.3736525439
rank,16,16,75.1702061607174,Mirza coquereli,Mirza_coquereli,MAMMALIA,0.999292651417802,22,1396.06258616596
rank,16,16,75.1702061607174,Monias benschi,Monias_benschi,AVES,0,1,82.9420458882274
rank,16,16,75.1702061607174,Monticola erythronotus,Monticola_erythronotus,AVES,0.505764981643065,1,97.4973036619822
rank,16,16,75.1702061607174,Monticola sharpei,Monticola_sharpei,AVES,0.999999989512207,36,36273.6825025189
rank,16,16,75.1702061607174,Monticolomys koopmani,Monticolomys_koopmani,MAMMALIA,0.132627251095215,6,104.060766987503
rank,16,16,75.1702061607174,Motacilla flaviventris,Motacilla_flaviventris,AVES,0.998379690243896,13,1066.98342662305
rank,16,16,75.1702061607174,Mystacornis crossleyi,Mystacornis_crossleyi,AVES,0.999999999990139,9,31655.9068581164
rank,16,16,75.1702061607174,Neodrepanis coruscans,Neodrepanis_coruscans,AVES,0.999998819044087,15,22990.2767835856
rank,16,16,75.1702061607174,Neodrepanis hypoxantha,Neodrepanis_hypoxantha,AVES,0.0211788111247608,3,88.4296057149768
rank,16,16,75.1702061607174,Neomixis striatigula,Neomixis_striatigula,AVES,0.999999999997609,25,33622.4928150475
rank,16,16,75.1702061607174,Neomixis tenella,Neomixis_tenella,AVES,1,86,40622.0601671768
rank,16,16,75.1702061607174,Neomixis viridis,Neomixis_viridis,AVES,0.999999999999892,25,33020.6753634065
rank,16,16,75.1702061607174,Nesillas lantzii,Nesillas_lantzii,AVES,0.999661941343164,3,1824.31322993338
rank,16,16,75.1702061607174,Nesogale dobsoni,Nesogale_dobsoni,MAMMALIA,1,157,33568.9408610632
rank,16,16,75.1702061607174,Nesogale talazaci,Nesogale_talazaci,MAMMALIA,1,122,34381.6039910418
rank,16,16,75.1702061607174,Nesomys audeberti,Nesomys_audeberti,MAMMALIA,1,72,3343.8351932019
rank,16,16,75.1702061607174,Nesomys lambertoni,Nesomys_lambertoni,MAMMALIA,0.999793558783152,22,741.511364907026
rank,16,16,75.1702061607174,Nesomys rufus,Nesomys_rufus,MAMMALIA,1,147,29663.2027954161
rank,16,16,75.1702061607174,Newtonia amphichroa,Newtonia_amphichroa,AVES,1,17,28752.0008044764
rank,16,16,75.1702061607174,Newtonia archboldi,Newtonia_archboldi,AVES,0.99995457499455,7,1525.61685656761
rank,16,16,75.1702061607174,Newtonia brunneicauda,Newtonia_brunneicauda,AVES,1,89,44783.510122025
rank,16,16,75.1702061607174,Newtonia fanovanae,Newtonia_fanovanae,AVES,0.353055283448657,2,98.2207024819943
rank,16,16,75.1702061607174,Oriolia bernieri,Oriolia_bernieri,AVES,0.999999481279921,14,9017.42025817058
rank,16,16,75.1702061607174,Oryzorictes hova,Oryzorictes_hova,MAMMALIA,1,149,33656.9027689621
rank,16,16,75.1702061607174,Oryzorictes tetradactylus,Oryzorictes_tetradactylus,MAMMALIA,0.999999944956602,58,4547.8532979637
rank,16,16,75.1702061607174,Otus rutilus,Otus_rutilus,AVES,0.999999999987558,12,42963.3250716099
rank,16,16,75.1702061607174,Oxylabes madagascariensis,Oxylabes_madagascariensis,AVES,0.999999999999938,19,31668.0551408231
rank,16,16,75.1702061607174,Phaner electromontis,Phaner_electromontis,MAMMALIA,1.1181189119025e-07,1,17.4337788633315
rank,16,16,75.1702061607174,Phaner furcifer,Phaner_furcifer,MAMMALIA,0.843770671855757,40,695.796978903936
rank,16,16,75.1702061607174,Phaner pallescens,Phaner_pallescens,MAMMALIA,0.99999998084768,28,1859.37686976045
rank,16,16,75.1702061607174,Phaner parienti,Phaner_parienti,MAMMALIA,0.00280017666108967,1,24.4501852478648
rank,16,16,75.1702061607174,Philepitta castanea,Philepitta_castanea,AVES,0.992024985034563,4,28790.9875767491
rank,16,16,75.1702061607174,Philepitta schlegeli,Philepitta_schlegeli,AVES,0.98829545342119,13,2841.94760741097
rank,16,16,75.1702061607174,Ploceus nelicourvi,Ploceus_nelicourvi,AVES,0.999999971185112,15,33663.7162145491
rank,16,16,75.1702061607174,Ploceus sakalava,Ploceus_sakalava,AVES,0.999999996644464,39,9512.2110969167
rank,16,16,75.1702061607174,Polyboroides radiatus,Polyboroides_radiatus,AVES,0.994809170460385,3,31464.5991412923
rank,16,16,75.1702061607174,Pseudobias wardi,Pseudobias_wardi,AVES,0.99999999999984,15,30408.3912338713
rank,16,16,75.1702061607174,Pterocles personatus,Pterocles_personatus,AVES,0.175445925108057,5,1523.6554350904
rank,16,16,75.1702061607174,Rallus madagascariensis,Rallus_madagascariensis,AVES,0.999992721855684,4,11883.1946739305
rank,16,16,75.1702061607174,Randia pseudozosterops,Randia_pseudozosterops,AVES,0.999999999993198,11,27031.7368383213
rank,16,16,75.1702061607174,Sarothrura insularis,Sarothrura_insularis,AVES,0.999810840990369,5,34908.4833886632
rank,16,16,75.1702061607174,Schetba rufa,Schetba_rufa,AVES,0.999999999999709,24,16537.4910114776
rank,16,16,75.1702061607174,Setifer setosus,Setifer_setosus,MAMMALIA,1,160,44150.4587845125
rank,16,16,75.1702061607174,Tenrec ecaudatus,Tenrec_ecaudatus,MAMMALIA,1,109,43770.6387808862
rank,16,16,75.1702061607174,Thamnornis chloropetoides,Thamnornis_chloropetoides,AVES,0.999609455559705,4,2036.49926379323
rank,16,16,75.1702061607174,Treron australis,Treron_australis,AVES,0.999610160281165,7,38928.4351395733
rank,16,16,75.1702061607174,Turnix nigricollis,Turnix_nigricollis,AVES,0.999999999386978,17,42143.5885105086
rank,16,16,75.1702061607174,Tylas eduardi,Tylas_eduardi,AVES,0.999999951420533,9,33674.2378398656
rank,16,16,75.1702061607174,Vanga curvirostris,Vanga_curvirostris,AVES,0.999999999999775,27,45235.2135583789
rank,16,16,75.1702061607174,Varecia rubra,Varecia_rubra,MAMMALIA,1,60,35153.2560904617
rank,16,16,75.1702061607174,Varecia variegata,Varecia_variegata,MAMMALIA,1,36,34798.3084948685
rank,16,16,75.1702061607174,Xanthomixis apperti,Xanthomixis_apperti,AVES,0.441311210122258,1,68.4073899760842
rank,16,16,75.1702061607174,Xanthomixis cinereiceps,Xanthomixis_cinereiceps,AVES,1,20,11942.9038485312
rank,16,16,75.1702061607174,Xanthomixis zosterops,Xanthomixis_zosterops,AVES,0.999999999999203,22,33669.07520357
rank,16,16,75.1702061607174,Xenopirostris damii,Xenopirostris_damii,AVES,0.00179910766481406,1,93.5023440420628
rank,16,16,75.1702061607174,Xenopirostris polleni,Xenopirostris_polleni,AVES,0.999999990730077,9,13832.6820334705
rank,16,16,75.1702061607174,Xenopirostris xenopirostris,Xenopirostris_xenopirostris,AVES,0.962879909231568,1,1059.27189345658
rank,17,17,79.8661985899549,Accipiter henstii,Accipiter_henstii,AVES,0.5252241457542,1,31185.2695614624
rank,17,17,79.8661985899549,Accipiter madagascariensis,Accipiter_madagascariensis,AVES,0.765000919841572,3,33593.827471897
rank,17,17,79.8661985899549,Acrocephalus newtoni,Acrocephalus_newtoni,AVES,1,54,34273.0000714172
rank,17,17,79.8661985899549,Alectroenas madagascariensis,Alectroenas_madagascariensis,AVES,0.996354570919893,7,28727.5383899874
rank,17,17,79.8661985899549,Allocebus trichotis,Allocebus_trichotis,MAMMALIA,0.00783473494650444,3,72.1001097112894
rank,17,17,79.8661985899549,Anas bernieri,Anas_bernieri,AVES,0,1,161.555721102021
rank,17,17,79.8661985899549,Apus balstoni,Apus_balstoni,AVES,0.999999999980969,15,33205.7974184975
rank,17,17,79.8661985899549,Artamella viridis,Artamella_viridis,AVES,0.99999999999989,29,35573.4548424929
rank,17,17,79.8661985899549,Asio madagascariensis,Asio_madagascariensis,AVES,0.749913076936305,2,28509.6888289593
rank,17,17,79.8661985899549,Atelornis crossleyi,Atelornis_crossleyi,AVES,0.999997622316249,6,10329.9765932411
rank,17,17,79.8661985899549,Atelornis pittoides,Atelornis_pittoides,AVES,0.999608610356941,3,25174.5625629649
rank,17,17,79.8661985899549,Athene superciliaris,Athene_superciliaris,AVES,0.999999674934743,10,20386.5064457878
rank,17,17,79.8661985899549,Avahi laniger,Avahi_laniger,MAMMALIA,1,66,20600.2403946156
rank,17,17,79.8661985899549,Avahi occidentalis,Avahi_occidentalis,MAMMALIA,0.99491569199072,3,590.104030266404
rank,17,17,79.8661985899549,Aviceda madagascariensis,Aviceda_madagascariensis,AVES,0.906537501979562,2,31268.8590165302
rank,17,17,79.8661985899549,Bernieria madagascariensis,Bernieria_madagascariensis,AVES,1,44,33397.9367852093
rank,17,17,79.8661985899549,Brachypteracias leptosomus,Brachypteracias_leptosomus,AVES,0.999995406326805,3,21167.2010159492
rank,17,17,79.8661985899549,Brachytarsomys albicauda,Brachytarsomys_albicauda,MAMMALIA,0.999999791780949,36,1442.53502810746
rank,17,17,79.8661985899549,Brachyuromys betsileoensis,Brachyuromys_betsileoensis,MAMMALIA,1,50,7665.79451619834
rank,17,17,79.8661985899549,Brachyuromys ramirohitra,Brachyuromys_ramirohitra,MAMMALIA,0.65541484639138,2,90.5857082977891
rank,17,17,79.8661985899549,Bradypterus brunneus,Bradypterus_brunneus,AVES,1,34,9489.6576598664
rank,17,17,79.8661985899549,Bradypterus seebohmi,Bradypterus_seebohmi,AVES,0.452718231585579,1,71.7493425011635
rank,17,17,79.8661985899549,Buteo brachypterus,Buteo_brachypterus,AVES,0.644104363999331,1,34337.848692596
rank,17,17,79.8661985899549,Calicalicus madagascariensis,Calicalicus_madagascariensis,AVES,1,56,33581.7751093728
rank,17,17,79.8661985899549,Cheirogaleus crossleyi,Cheirogaleus_crossleyi,MAMMALIA,1,62,3952.18367512669
rank,17,17,79.8661985899549,Cheirogaleus major,Cheirogaleus_major,MAMMALIA,1,121,28274.4259090877
rank,17,17,79.8661985899549,Cheirogaleus medius,Cheirogaleus_medius,MAMMALIA,1,264,11796.3964157403
rank,17,17,79.8661985899549,Cinnyris notatus,Cinnyris_notatus,AVES,1,81,34312.7018064633
rank,17,17,79.8661985899549,Copsychus albospecularis,Copsychus_albospecularis,AVES,0.999999898632078,11,27297.2238741964
rank,17,17,79.8661985899549,Coracopsis nigra,Coracopsis_nigra,AVES,0.99926889066991,7,36080.2981394455
rank,17,17,79.8661985899549,Corythornis madagascariensis,Corythornis_madagascariensis,AVES,0.766809714913326,13,32568.8865314405
rank,17,17,79.8661985899549,Coua caerulea,Coua_caerulea,AVES,0.999360879985866,1,22537.421055381
rank,17,17,79.8661985899549,Coua coquereli,Coua_coquereli,AVES,0.999991525559324,8,6180.55564048674
rank,17,17,79.8661985899549,Coua cristata,Coua_cristata,AVES,0.999999999999984,13,31740.6333225071
rank,17,17,79.8661985899549,Coua cursor,Coua_cursor,AVES,0.973707097211838,4,2528.54239996523
rank,17,17,79.8661985899549,Coua gigas,Coua_gigas,AVES,0.999970413157529,4,7461.14443058521
rank,17,17,79.8661985899549,Coua reynaudii,Coua_reynaudii,AVES,0.999087387163255,2,19079.6597476523
rank,17,17,79.8661985899549,Coua ruficeps,Coua_ruficeps,AVES,0.950020068365442,3,1262.37679951855
rank,17,17,79.8661985899549,Coua serriana,Coua_serriana,AVES,0.997702023559811,2,16574.0086187869
rank,17,17,79.8661985899549,Crossleyia xanthophrys,Crossleyia_xanthophrys,AVES,0.999999999999993,32,3482.98664013296
rank,17,17,79.8661985899549,Cryptoprocta ferox,Cryptoprocta_ferox,MAMMALIA,0,2,11380.2676415816
rank,17,17,79.8661985899549,Cryptosylvicola randrianasoloi,Cryptosylvicola_randrianasoloi,AVES,1,25,4874.11498929251
rank,17,17,79.8661985899549,Cyanolanius madagascarinus,Cyanolanius_madagascarinus,AVES,1,49,33700.0575776536
rank,17,17,79.8661985899549,Daubentonia madagascariensis,Daubentonia_madagascariensis,MAMMALIA,1,59,11222.2348388657
rank,17,17,79.8661985899549,Echinops telfairi,Echinops_telfairi,MAMMALIA,1,137,10060.7329434678
rank,17,17,79.8661985899549,Eliurus antsingy,Eliurus_antsingy,MAMMALIA,0.0133748649300235,5,69.4813072830439
rank,17,17,79.8661985899549,Eliurus grandidieri,Eliurus_grandidieri,MAMMALIA,0.999631010711993,25,902.449173823482
rank,17,17,79.8661985899549,Eliurus majori,Eliurus_majori,MAMMALIA,1,106,22430.419946
rank,17,17,79.8661985899549,Eliurus minor,Eliurus_minor,MAMMALIA,1,361,30570.891451837
rank,17,17,79.8661985899549,Eliurus myoxinus,Eliurus_myoxinus,MAMMALIA,1,306,25837.6854869872
rank,17,17,79.8661985899549,Eliurus tanala,Eliurus_tanala,MAMMALIA,1,158,24983.4894253016
rank,17,17,79.8661985899549,Eliurus webbi,Eliurus_webbi,MAMMALIA,1,188,27972.242734417
rank,17,17,79.8661985899549,Eremopterix hova,Eremopterix_hova,AVES,0.988242137938106,8,832.430952087045
rank,17,17,79.8661985899549,Eulemur albifrons,Eulemur_albifrons,MAMMALIA,1,40,7939.81077610332
rank,17,17,79.8661985899549,Eulemur cinereiceps,Eulemur_cinereiceps,MAMMALIA,1,145,33480.0486079454
rank,17,17,79.8661985899549,Eulemur collaris,Eulemur_collaris,MAMMALIA,1,117,33184.3294949532
rank,17,17,79.8661985899549,Eulemur coronatus,Eulemur_coronatus,MAMMALIA,1,142,8534.7929360724
rank,17,17,79.8661985899549,Eulemur flavifrons,Eulemur_flavifrons,MAMMALIA,0.000213248908682684,1,25.074716512655
rank,17,17,79.8661985899549,Eulemur fulvus,Eulemur_fulvus,MAMMALIA,1,142,33519.6301128194
rank,17,17,79.8661985899549,Eulemur macaco,Eulemur_macaco,MAMMALIA,1,47,20826.6223789156
rank,17,17,79.8661985899549,Eulemur mongoz,Eulemur_mongoz,MAMMALIA,0.999796475939963,13,1083.63915998489
rank,17,17,79.8661985899549,Eulemur rubriventer,Eulemur_rubriventer,MAMMALIA,1,155,31084.1762268048
rank,17,17,79.8661985899549,Eulemur rufus,Eulemur_rufus,MAMMALIA,1,96,18589.8066171706
rank,17,17,79.8661985899549,Eulemur sanfordi,Eulemur_sanfordi,MAMMALIA,1,175,33708.3984328583
rank,17,17,79.8661985899549,Euryceros prevostii,Euryceros_prevostii,AVES,0.986842745292974,3,1261.57638054341
rank,17,17,79.8661985899549,Falco zoniventris,Falco_zoniventris,AVES,0.794485193615466,3,24543.8677208722
rank,17,17,79.8661985899549,Falculea palliata,Falculea_palliata,AVES,0.999999988468117,17,6821.09025043994
rank,17,17,79.8661985899549,Fossa fossana,Fossa_fossana,MAMMALIA,0.0435667089496147,3,19358.8149262369
rank,17,17,79.8661985899549,Foudia madagascariensis,Foudia_madagascariensis,AVES,0.999999999999833,75,37672.1693116352
rank,17,17,79.8661985899549,Foudia omissa,Foudia_omissa,AVES,0.999999999679509,16,25578.2688724101
rank,17,17,79.8661985899549,Gactornis enarratus,Gactornis_enarratus,AVES,0.999962768366769,3,24399.4996796995
rank,17,17,79.8661985899549,Galidia elegans,Galidia_elegans,MAMMALIA,0.0487725392498878,3,17764.8141017333
rank,17,17,79.8661985899549,Galidictis fasciata,Galidictis_fasciata,MAMMALIA,0,0,0
rank,17,17,79.8661985899549,Geobiastes squamiger,Geobiastes_squamiger,AVES,0.999636839375589,6,6650.91514555753
rank,17,17,79.8661985899549,Geogale aurita,Geogale_aurita,MAMMALIA,0.999999999996215,192,10030.4214761555
rank,17,17,79.8661985899549,Gymnuromys roberti,Gymnuromys_roberti,MAMMALIA,1,55,16319.2105030417
rank,17,17,79.8661985899549,Haliaeetus vociferoides,Haliaeetus_vociferoides,AVES,0,1,1418.6395772174
rank,17,17,79.8661985899549,Hapalemur alaotrensis,Hapalemur_alaotrensis,MAMMALIA,0.998089776310012,15,621.285819493234
rank,17,17,79.8661985899549,Hapalemur aureus,Hapalemur_aureus,MAMMALIA,0.999999053571361,16,1294.40868672594
rank,17,17,79.8661985899549,Hapalemur griseus,Hapalemur_griseus,MAMMALIA,1,134,32595.5150667338
rank,17,17,79.8661985899549,Hapalemur occidentalis,Hapalemur_occidentalis,MAMMALIA,0.999913041240688,23,853.158483223434
rank,17,17,79.8661985899549,Hartertula flavoviridis,Hartertula_flavoviridis,AVES,1,31,6616.22747029364
rank,17,17,79.8661985899549,Hartlaubius auratus,Hartlaubius_auratus,AVES,0.999999999999985,45,33764.8353193223
rank,17,17,79.8661985899549,Hemicentetes nigriceps,Hemicentetes_nigriceps,MAMMALIA,0.999386890039059,17,1352.32075988501
rank,17,17,79.8661985899549,Hemicentetes semispinosus,Hemicentetes_semispinosus,MAMMALIA,1,82,28446.4297525287
rank,17,17,79.8661985899549,Hypogeomys antimena,Hypogeomys_antimena,MAMMALIA,0.133821965840603,5,104.686912983656
rank,17,17,79.8661985899549,Hypositta corallirostris,Hypositta_corallirostris,AVES,0.9999990079963,15,28133.8737839907
rank,17,17,79.8661985899549,Indri indri,Indri_indri,MAMMALIA,1,20,27024.1828319505
rank,17,17,79.8661985899549,Lemur catta,Lemur_catta,MAMMALIA,1,69,5468.70515761524
rank,17,17,79.8661985899549,Lepidopygia nana,Lepidopygia_nana,AVES,0.999886361819825,102,37148.3533653319
rank,17,17,79.8661985899549,Lepilemur ankaranensis,Lepilemur_ankaranensis,MAMMALIA,0.942125720270693,13,361.081848437776
rank,17,17,79.8661985899549,Lepilemur edwardsi,Lepilemur_edwardsi,MAMMALIA,0.999999940962421,38,2464.32208154592
rank,17,17,79.8661985899549,Lepilemur leucopus,Lepilemur_leucopus,MAMMALIA,0.999999999999295,27,2984.99290968478
rank,17,17,79.8661985899549,Lepilemur microdon,Lepilemur_microdon,MAMMALIA,0.999999947833924,21,2682.16142529994
rank,17,17,79.8661985899549,Lepilemur mustelinus,Lepilemur_mustelinus,MAMMALIA,1,123,30510.8044189438
rank,17,17,79.8661985899549,Lepilemur ruficaudatus,Lepilemur_ruficaudatus,MAMMALIA,0.99999999999999,54,3367.95133835822
rank,17,17,79.8661985899549,Leptopterus chabert,Leptopterus_chabert,AVES,1,54,36454.7343953848
rank,17,17,79.8661985899549,Lophotibis cristata,Lophotibis_cristata,AVES,0.999609167175451,2,32216.4091490284
rank,17,17,79.8661985899549,Macrotarsomys bastardi,Macrotarsomys_bastardi,MAMMALIA,0.999999999407513,65,2283.77478957176
rank,17,17,79.8661985899549,Margaroperdix madagarensis,Margaroperdix_madagarensis,AVES,0.999999917105743,12,31966.7220414206
rank,17,17,79.8661985899549,Mentocrex kioloides,Mentocrex_kioloides,AVES,0.999826952363701,3,20597.1192066297
rank,17,17,79.8661985899549,Mesitornis unicolor,Mesitornis_unicolor,AVES,0,1,89.8278131379858
rank,17,17,79.8661985899549,Mesitornis variegatus,Mesitornis_variegatus,AVES,0.994225602830999,5,2249.51915138215
rank,17,17,79.8661985899549,Microcebus berthae,Microcebus_berthae,MAMMALIA,1.52725555535582e-08,2,17.7781751081347
rank,17,17,79.8661985899549,Microcebus griseorufus,Microcebus_griseorufus,MAMMALIA,0.991450326764072,15,483.67587534798
rank,17,17,79.8661985899549,Microcebus murinus,Microcebus_murinus,MAMMALIA,1,429,19951.2305989563
rank,17,17,79.8661985899549,Microcebus myoxinus,Microcebus_myoxinus,MAMMALIA,0.99999924326636,48,778.266829483211
rank,17,17,79.8661985899549,Microcebus ravelobensis,Microcebus_ravelobensis,MAMMALIA,0.778620368188765,15,246.875988043973
rank,17,17,79.8661985899549,Microcebus rufus,Microcebus_rufus,MAMMALIA,1,278,28054.6596628265
rank,17,17,79.8661985899549,Microcebus tavaratra,Microcebus_tavaratra,MAMMALIA,0.976121538683017,34,557.160783953965
rank,17,17,79.8661985899549,Microgale brevicaudata,Microgale_brevicaudata,MAMMALIA,0.999999999999998,225,11457.9686364383
rank,17,17,79.8661985899549,Microgale cowani,Microgale_cowani,MAMMALIA,1,170,25725.7615115071
rank,17,17,79.8661985899549,Microgale drouhardi,Microgale_drouhardi,MAMMALIA,1,160,17180.8977688531
rank,17,17,79.8661985899549,Microgale dryas,Microgale_dryas,MAMMALIA,0.892419614612322,43,1260.7711819221
rank,17,17,79.8661985899549,Microgale fotsifotsy,Microgale_fotsifotsy,MAMMALIA,1,171,19442.6119396538
rank,17,17,79.8661985899549,Microgale gracilis,Microgale_gracilis,MAMMALIA,0.999999999823482,83,7271.7016857645
rank,17,17,79.8661985899549,Microgale gymnorhyncha,Microgale_gymnorhyncha,MAMMALIA,0.999999999999998,41,10941.0248201489
rank,17,17,79.8661985899549,Microgale longicaudata,Microgale_longicaudata,MAMMALIA,1,255,27340.5501632988
rank,17,17,79.8661985899549,Microgale mergulus,Microgale_mergulus,MAMMALIA,0.999999999535893,58,3879.54112885135
rank,17,17,79.8661985899549,Microgale parvula,Microgale_parvula,MAMMALIA,1,296,28629.010274603
rank,17,17,79.8661985899549,Microgale principula,Microgale_principula,MAMMALIA,1,208,26938.641169779
rank,17,17,79.8661985899549,Microgale pusilla,Microgale_pusilla,MAMMALIA,0.999999555622671,160,9809.80140534043
rank,17,17,79.8661985899549,Microgale soricoides,Microgale_soricoides,MAMMALIA,1,49,14900.4029039145
rank,17,17,79.8661985899549,Microgale taiva,Microgale_taiva,MAMMALIA,1,153,24477.7030517533
rank,17,17,79.8661985899549,Microgale thomasi,Microgale_thomasi,MAMMALIA,1,48,14975.3968327437
rank,17,17,79.8661985899549,Mirza coquereli,Mirza_coquereli,MAMMALIA,0.998830018255441,19,1209.03641617298
rank,17,17,79.8661985899549,Monias benschi,Monias_benschi,AVES,0,1,82.9420458882274
rank,17,17,79.8661985899549,Monticola erythronotus,Monticola_erythronotus,AVES,0.505764981643065,1,97.4973036619822
rank,17,17,79.8661985899549,Monticola sharpei,Monticola_sharpei,AVES,0.99999999999091,30,29321.2753846934
rank,17,17,79.8661985899549,Monticolomys koopmani,Monticolomys_koopmani,MAMMALIA,0.132627251095215,6,104.060766987503
rank,17,17,79.8661985899549,Motacilla flaviventris,Motacilla_flaviventris,AVES,0.996919914512669,11,846.804724112153
rank,17,17,79.8661985899549,Mystacornis crossleyi,Mystacornis_crossleyi,AVES,0.999999999960914,8,26317.2803873792
rank,17,17,79.8661985899549,Neodrepanis coruscans,Neodrepanis_coruscans,AVES,0.99999992705538,17,19615.5261313915
rank,17,17,79.8661985899549,Neodrepanis hypoxantha,Neodrepanis_hypoxantha,AVES,0.0211788111247608,3,88.4296057149768
rank,17,17,79.8661985899549,Neomixis striatigula,Neomixis_striatigula,AVES,1,22,27592.3729428061
rank,17,17,79.8661985899549,Neomixis tenella,Neomixis_tenella,AVES,1,90,33391.8710254803
rank,17,17,79.8661985899549,Neomixis viridis,Neomixis_viridis,AVES,0.999999999999984,22,27128.059814848
rank,17,17,79.8661985899549,Nesillas lantzii,Nesillas_lantzii,AVES,0.999586504323751,2,1624.52890022844
rank,17,17,79.8661985899549,Nesogale dobsoni,Nesogale_dobsoni,MAMMALIA,1,136,27339.8858300985
rank,17,17,79.8661985899549,Nesogale talazaci,Nesogale_talazaci,MAMMALIA,1,114,28023.3707335368
rank,17,17,79.8661985899549,Nesomys audeberti,Nesomys_audeberti,MAMMALIA,0.99999999999999,70,3158.65854280442
rank,17,17,79.8661985899549,Nesomys lambertoni,Nesomys_lambertoni,MAMMALIA,0.999700667210028,16,644.812477894127
rank,17,17,79.8661985899549,Nesomys rufus,Nesomys_rufus,MAMMALIA,1,134,24723.5264009535
rank,17,17,79.8661985899549,Newtonia amphichroa,Newtonia_amphichroa,AVES,1,14,24263.2551883981
rank,17,17,79.8661985899549,Newtonia archboldi,Newtonia_archboldi,AVES,0.999928885921141,5,1409.60021863878
rank,17,17,79.8661985899549,Newtonia brunneicauda,Newtonia_brunneicauda,AVES,1,85,36468.6926015019
rank,17,17,79.8661985899549,Newtonia fanovanae,Newtonia_fanovanae,AVES,0.353055283448657,2,98.2207024819943
rank,17,17,79.8661985899549,Oriolia bernieri,Oriolia_bernieri,AVES,0.999995773021039,14,7555.69041331592
rank,17,17,79.8661985899549,Oryzorictes hova,Oryzorictes_hova,MAMMALIA,1,135,27498.6881460771
rank,17,17,79.8661985899549,Oryzorictes tetradactylus,Oryzorictes_tetradactylus,MAMMALIA,0.999998954619997,54,3933.52908836305
rank,17,17,79.8661985899549,Otus rutilus,Otus_rutilus,AVES,0.999999999607805,12,35059.2673387602
rank,17,17,79.8661985899549,Oxylabes madagascariensis,Oxylabes_madagascariensis,AVES,0.999999999999999,15,26439.9310851842
rank,17,17,79.8661985899549,Phaner electromontis,Phaner_electromontis,MAMMALIA,1.1181189119025e-07,1,17.4337788633315
rank,17,17,79.8661985899549,Phaner furcifer,Phaner_furcifer,MAMMALIA,0.837614437342884,35,639.675259486512
rank,17,17,79.8661985899549,Phaner pallescens,Phaner_pallescens,MAMMALIA,0.999999694934273,24,1637.61426913968
rank,17,17,79.8661985899549,Phaner parienti,Phaner_parienti,MAMMALIA,0.00280017666108967,1,24.4501852478648
rank,17,17,79.8661985899549,Philepitta castanea,Philepitta_castanea,AVES,0.999085643815201,7,24180.267700537
rank,17,17,79.8661985899549,Philepitta schlegeli,Philepitta_schlegeli,AVES,0.982812292496084,12,2595.63458848731
rank,17,17,79.8661985899549,Ploceus nelicourvi,Ploceus_nelicourvi,AVES,0.999999999991923,12,27625.5158664575
rank,17,17,79.8661985899549,Ploceus sakalava,Ploceus_sakalava,AVES,0.999999904028593,39,7823.45791245997
rank,17,17,79.8661985899549,Polyboroides radiatus,Polyboroides_radiatus,AVES,0.99231266528096,4,25657.9654302448
rank,17,17,79.8661985899549,Pseudobias wardi,Pseudobias_wardi,AVES,0.999999999999976,11,25621.5006069148
rank,17,17,79.8661985899549,Pterocles personatus,Pterocles_personatus,AVES,0.0957877455814933,5,1185.41368015856
rank,17,17,79.8661985899549,Rallus madagascariensis,Rallus_madagascariensis,AVES,0.999986595394457,5,10994.1212004647
rank,17,17,79.8661985899549,Randia pseudozosterops,Randia_pseudozosterops,AVES,0.99999999999563,14,22426.1959378487
rank,17,17,79.8661985899549,Sarothrura insularis,Sarothrura_insularis,AVES,0.999995998232185,6,28280.1072063446
rank,17,17,79.8661985899549,Schetba rufa,Schetba_rufa,AVES,0.999999999999032,25,13961.7300952878
rank,17,17,79.8661985899549,Setifer setosus,Setifer_setosus,MAMMALIA,1,147,36005.0133321732
rank,17,17,79.8661985899549,Tenrec ecaudatus,Tenrec_ecaudatus,MAMMALIA,1,107,35583.3919954747
rank,17,17,79.8661985899549,Thamnornis chloropetoides,Thamnornis_chloropetoides,AVES,0.999473332178425,3,1732.60284800828
rank,17,17,79.8661985899549,Treron australis,Treron_australis,AVES,0.999583976016406,9,32238.7983656824
rank,17,17,79.8661985899549,Turnix nigricollis,Turnix_nigricollis,AVES,0.999999991028324,17,34550.4889253825
rank,17,17,79.8661985899549,Tylas eduardi,Tylas_eduardi,AVES,0.999999867163194,6,27647.4312261448
rank,17,17,79.8661985899549,Vanga curvirostris,Vanga_curvirostris,AVES,0.99999999999057,30,36743.619034864
rank,17,17,79.8661985899549,Varecia rubra,Varecia_rubra,MAMMALIA,1,55,28451.8531787694
rank,17,17,79.8661985899549,Varecia variegata,Varecia_variegata,MAMMALIA,1,45,28308.3656640723
rank,17,17,79.8661985899549,Xanthomixis apperti,Xanthomixis_apperti,AVES,0.441311210122258,1,68.4073899760842
rank,17,17,79.8661985899549,Xanthomixis cinereiceps,Xanthomixis_cinereiceps,AVES,1,17,10077.3005183041
rank,17,17,79.8661985899549,Xanthomixis zosterops,Xanthomixis_zosterops,AVES,0.999999999999999,19,27618.9676008117
rank,17,17,79.8661985899549,Xenopirostris damii,Xenopirostris_damii,AVES,0.00179910766481406,1,93.5023440420628
rank,17,17,79.8661985899549,Xenopirostris polleni,Xenopirostris_polleni,AVES,0.99999996641563,8,11974.2846990004
rank,17,17,79.8661985899549,Xenopirostris xenopirostris,Xenopirostris_xenopirostris,AVES,0.954232467304625,1,921.927801184356
rank,18,18,84.5572201270485,Accipiter henstii,Accipiter_henstii,AVES,0.441067534084745,1,24102.8446900292
rank,18,18,84.5572201270485,Accipiter madagascariensis,Accipiter_madagascariensis,AVES,0.700557842533933,3,26325.2047179341
rank,18,18,84.5572201270485,Acrocephalus newtoni,Acrocephalus_newtoni,AVES,1,56,26306.0344134769
rank,18,18,84.5572201270485,Alectroenas madagascariensis,Alectroenas_madagascariensis,AVES,0.998272374117126,8,22053.9962258746
rank,18,18,84.5572201270485,Allocebus trichotis,Allocebus_trichotis,MAMMALIA,0.00783473494650444,3,72.1001097112894
rank,18,18,84.5572201270485,Anas bernieri,Anas_bernieri,AVES,0,1,161.555721102021
rank,18,18,84.5572201270485,Apus balstoni,Apus_balstoni,AVES,0.999999999999992,22,25594.4293911085
rank,18,18,84.5572201270485,Artamella viridis,Artamella_viridis,AVES,1,34,27464.4159073346
rank,18,18,84.5572201270485,Asio madagascariensis,Asio_madagascariensis,AVES,0.698106287008515,2,21879.5574083502
rank,18,18,84.5572201270485,Atelornis crossleyi,Atelornis_crossleyi,AVES,0.999991990843302,6,9069.20183635503
rank,18,18,84.5572201270485,Atelornis pittoides,Atelornis_pittoides,AVES,0.999999470872334,7,19739.7750213593
rank,18,18,84.5572201270485,Athene superciliaris,Athene_superciliaris,AVES,0.999992488898716,11,15460.2521691471
rank,18,18,84.5572201270485,Avahi laniger,Avahi_laniger,MAMMALIA,1,69,16342.7578915056
rank,18,18,84.5572201270485,Avahi occidentalis,Avahi_occidentalis,MAMMALIA,0.994235823781992,3,569.935359272592
rank,18,18,84.5572201270485,Aviceda madagascariensis,Aviceda_madagascariensis,AVES,0.826810325212603,3,24437.0178434029
rank,18,18,84.5572201270485,Bernieria madagascariensis,Bernieria_madagascariensis,AVES,1,45,25681.07439036
rank,18,18,84.5572201270485,Brachypteracias leptosomus,Brachypteracias_leptosomus,AVES,0.999996980074892,5,16384.3710319176
rank,18,18,84.5572201270485,Brachytarsomys albicauda,Brachytarsomys_albicauda,MAMMALIA,0.999999765913604,33,1380.51025930047
rank,18,18,84.5572201270485,Brachyuromys betsileoensis,Brachyuromys_betsileoensis,MAMMALIA,1,50,6513.98115179688
rank,18,18,84.5572201270485,Brachyuromys ramirohitra,Brachyuromys_ramirohitra,MAMMALIA,0.65541484639138,2,90.5857082977891
rank,18,18,84.5572201270485,Bradypterus brunneus,Bradypterus_brunneus,AVES,1,34,8101.43003334642
rank,18,18,84.5572201270485,Bradypterus seebohmi,Bradypterus_seebohmi,AVES,0.452718231585579,1,71.7493425011635
rank,18,18,84.5572201270485,Buteo brachypterus,Buteo_brachypterus,AVES,0.567779583460862,1,26445.8478560746
rank,18,18,84.5572201270485,Calicalicus madagascariensis,Calicalicus_madagascariensis,AVES,1,53,25745.6332876117
rank,18,18,84.5572201270485,Cheirogaleus crossleyi,Cheirogaleus_crossleyi,MAMMALIA,0.999999999999998,49,3355.59726196663
rank,18,18,84.5572201270485,Cheirogaleus major,Cheirogaleus_major,MAMMALIA,1,108,21680.6624154182
rank,18,18,84.5572201270485,Cheirogaleus medius,Cheirogaleus_medius,MAMMALIA,1,218,9221.22363745856
rank,18,18,84.5572201270485,Cinnyris notatus,Cinnyris_notatus,AVES,1,80,26393.0815378771
rank,18,18,84.5572201270485,Copsychus albospecularis,Copsychus_albospecularis,AVES,0.999999999935957,15,21012.5940924883
rank,18,18,84.5572201270485,Coracopsis nigra,Coracopsis_nigra,AVES,0.999635976122722,12,27868.9435222354
rank,18,18,84.5572201270485,Corythornis madagascariensis,Corythornis_madagascariensis,AVES,0.792530825541618,20,24955.6045873194
rank,18,18,84.5572201270485,Coua caerulea,Coua_caerulea,AVES,0.999980644591718,3,17507.2447578207
rank,18,18,84.5572201270485,Coua coquereli,Coua_coquereli,AVES,0.999928202061894,9,4894.69017370045
rank,18,18,84.5572201270485,Coua cristata,Coua_cristata,AVES,0.99999999999993,16,24665.542224966
rank,18,18,84.5572201270485,Coua cursor,Coua_cursor,AVES,0.950553658098627,3,1805.65901619941
rank,18,18,84.5572201270485,Coua gigas,Coua_gigas,AVES,0.999866393046698,4,6014.76269989461
rank,18,18,84.5572201270485,Coua reynaudii,Coua_reynaudii,AVES,0.99999132867661,4,14630.0375605908
rank,18,18,84.5572201270485,Coua ruficeps,Coua_ruficeps,AVES,0.919610325764756,2,1036.85889286298
rank,18,18,84.5572201270485,Coua serriana,Coua_serriana,AVES,0.995277136873118,3,12624.5678795129
rank,18,18,84.5572201270485,Crossleyia xanthophrys,Crossleyia_xanthophrys,AVES,0.999999999999895,32,3265.29306295514
rank,18,18,84.5572201270485,Cryptoprocta ferox,Cryptoprocta_ferox,MAMMALIA,0,1,5484.17256164551
rank,18,18,84.5572201270485,Cryptosylvicola randrianasoloi,Cryptosylvicola_randrianasoloi,AVES,1,27,4403.24537181872
rank,18,18,84.5572201270485,Cyanolanius madagascarinus,Cyanolanius_madagascarinus,AVES,1,47,25898.6983239374
rank,18,18,84.5572201270485,Daubentonia madagascariensis,Daubentonia_madagascariensis,MAMMALIA,0.99999999999993,49,8128.88770979643
rank,18,18,84.5572201270485,Echinops telfairi,Echinops_telfairi,MAMMALIA,0.999999999999987,124,7901.38407924771
rank,18,18,84.5572201270485,Eliurus antsingy,Eliurus_antsingy,MAMMALIA,0.0133748649300235,5,69.4813072830439
rank,18,18,84.5572201270485,Eliurus grandidieri,Eliurus_grandidieri,MAMMALIA,0.999628948047741,24,887.489463387156
rank,18,18,84.5572201270485,Eliurus majori,Eliurus_majori,MAMMALIA,1,97,17787.6031718031
rank,18,18,84.5572201270485,Eliurus minor,Eliurus_minor,MAMMALIA,1,272,23447.3115858808
rank,18,18,84.5572201270485,Eliurus myoxinus,Eliurus_myoxinus,MAMMALIA,1,245,19988.7598109799
rank,18,18,84.5572201270485,Eliurus tanala,Eliurus_tanala,MAMMALIA,1,139,19523.8836676702
rank,18,18,84.5572201270485,Eliurus webbi,Eliurus_webbi,MAMMALIA,1,150,21330.7782008746
rank,18,18,84.5572201270485,Eremopterix hova,Eremopterix_hova,AVES,0.967155525605164,7,615.462855242193
rank,18,18,84.5572201270485,Eulemur albifrons,Eulemur_albifrons,MAMMALIA,1,40,5938.87815504521
rank,18,18,84.5572201270485,Eulemur cinereiceps,Eulemur_cinereiceps,MAMMALIA,1,134,25822.1759953201
rank,18,18,84.5572201270485,Eulemur collaris,Eulemur_collaris,MAMMALIA,1,115,25617.7700461919
rank,18,18,84.5572201270485,Eulemur coronatus,Eulemur_coronatus,MAMMALIA,1,115,6572.81842095582
rank,18,18,84.5572201270485,Eulemur flavifrons,Eulemur_flavifrons,MAMMALIA,0.000213248908682684,1,25.074716512655
rank,18,18,84.5572201270485,Eulemur fulvus,Eulemur_fulvus,MAMMALIA,1,129,25850.7529547045
rank,18,18,84.5572201270485,Eulemur macaco,Eulemur_macaco,MAMMALIA,1,53,16743.6696081013
rank,18,18,84.5572201270485,Eulemur mongoz,Eulemur_mongoz,MAMMALIA,0.998943256822739,13,853.93103017658
rank,18,18,84.5572201270485,Eulemur rubriventer,Eulemur_rubriventer,MAMMALIA,1,145,24008.4574248807
rank,18,18,84.5572201270485,Eulemur rufus,Eulemur_rufus,MAMMALIA,1,93,15662.2976168394
rank,18,18,84.5572201270485,Eulemur sanfordi,Eulemur_sanfordi,MAMMALIA,1,163,26030.5605905418
rank,18,18,84.5572201270485,Euryceros prevostii,Euryceros_prevostii,AVES,0.964658804294509,3,891.487696504129
rank,18,18,84.5572201270485,Falco zoniventris,Falco_zoniventris,AVES,0.730926205592744,3,19490.7053494528
rank,18,18,84.5572201270485,Falculea palliata,Falculea_palliata,AVES,0.999999678189515,15,5379.43627604842
rank,18,18,84.5572201270485,Fossa fossana,Fossa_fossana,MAMMALIA,0.00104914211181784,3,14671.3103445768
rank,18,18,84.5572201270485,Foudia madagascariensis,Foudia_madagascariensis,AVES,1,76,28953.73298949
rank,18,18,84.5572201270485,Foudia omissa,Foudia_omissa,AVES,0.999999999984327,17,19859.2720668763
rank,18,18,84.5572201270485,Gactornis enarratus,Gactornis_enarratus,AVES,0.999999997734087,8,18777.9607833028
rank,18,18,84.5572201270485,Galidia elegans,Galidia_elegans,MAMMALIA,0.000226624241800311,3,13053.4976229891
rank,18,18,84.5572201270485,Galidictis fasciata,Galidictis_fasciata,MAMMALIA,0,0,0
rank,18,18,84.5572201270485,Geobiastes squamiger,Geobiastes_squamiger,AVES,0.998660454118256,5,4932.97575506193
rank,18,18,84.5572201270485,Geogale aurita,Geogale_aurita,MAMMALIA,0.999999998879518,170,8133.98860702664
rank,18,18,84.5572201270485,Gymnuromys roberti,Gymnuromys_roberti,MAMMALIA,1,52,13437.2346618623
rank,18,18,84.5572201270485,Haliaeetus vociferoides,Haliaeetus_vociferoides,AVES,0,0,0
rank,18,18,84.5572201270485,Hapalemur alaotrensis,Hapalemur_alaotrensis,MAMMALIA,0.931752836082654,16,431.679663106799
rank,18,18,84.5572201270485,Hapalemur aureus,Hapalemur_aureus,MAMMALIA,0.999998264241466,14,1215.92270226032
rank,18,18,84.5572201270485,Hapalemur griseus,Hapalemur_griseus,MAMMALIA,1,132,25040.5562193838
rank,18,18,84.5572201270485,Hapalemur occidentalis,Hapalemur_occidentalis,MAMMALIA,0.999773991034984,20,745.022819918324
rank,18,18,84.5572201270485,Hartertula flavoviridis,Hartertula_flavoviridis,AVES,1,29,5626.22162434459
rank,18,18,84.5572201270485,Hartlaubius auratus,Hartlaubius_auratus,AVES,0.999999999999995,42,25966.316514723
rank,18,18,84.5572201270485,Hemicentetes nigriceps,Hemicentetes_nigriceps,MAMMALIA,0.998868686128436,18,1238.63157943533
rank,18,18,84.5572201270485,Hemicentetes semispinosus,Hemicentetes_semispinosus,MAMMALIA,1,84,21705.7598070279
rank,18,18,84.5572201270485,Hypogeomys antimena,Hypogeomys_antimena,MAMMALIA,0.133821965840603,5,104.686912983656
rank,18,18,84.5572201270485,Hypositta corallirostris,Hypositta_corallirostris,AVES,0.999999999901925,18,21504.9962066263
rank,18,18,84.5572201270485,Indri indri,Indri_indri,MAMMALIA,0.999999999999968,24,20551.0827059522
rank,18,18,84.5572201270485,Lemur catta,Lemur_catta,MAMMALIA,1,53,4084.46304596216
rank,18,18,84.5572201270485,Lepidopygia nana,Lepidopygia_nana,AVES,0.999931299381259,106,28577.8836581856
rank,18,18,84.5572201270485,Lepilemur ankaranensis,Lepilemur_ankaranensis,MAMMALIA,0.940546688852011,12,348.558006353941
rank,18,18,84.5572201270485,Lepilemur edwardsi,Lepilemur_edwardsi,MAMMALIA,0.999999775261416,35,1975.54272104885
rank,18,18,84.5572201270485,Lepilemur leucopus,Lepilemur_leucopus,MAMMALIA,0.999999999680556,25,2366.7112375471
rank,18,18,84.5572201270485,Lepilemur microdon,Lepilemur_microdon,MAMMALIA,0.999999847886768,20,2358.69949066815
rank,18,18,84.5572201270485,Lepilemur mustelinus,Lepilemur_mustelinus,MAMMALIA,1,123,23871.9449810684
rank,18,18,84.5572201270485,Lepilemur ruficaudatus,Lepilemur_ruficaudatus,MAMMALIA,0.999999999997637,43,2694.92408610135
rank,18,18,84.5572201270485,Leptopterus chabert,Leptopterus_chabert,AVES,1,58,28074.4257909879
rank,18,18,84.5572201270485,Lophotibis cristata,Lophotibis_cristata,AVES,0.9997900345223,3,24869.5164396241
rank,18,18,84.5572201270485,Macrotarsomys bastardi,Macrotarsomys_bastardi,MAMMALIA,0.999999970075447,54,1885.52737516165
rank,18,18,84.5572201270485,Margaroperdix madagarensis,Margaroperdix_madagarensis,AVES,0.999999999953573,16,24866.040264219
rank,18,18,84.5572201270485,Mentocrex kioloides,Mentocrex_kioloides,AVES,0.999576857811808,4,16284.9791851193
rank,18,18,84.5572201270485,Mesitornis unicolor,Mesitornis_unicolor,AVES,0,1,89.8278131379858
rank,18,18,84.5572201270485,Mesitornis variegatus,Mesitornis_variegatus,AVES,0.987769112150432,5,1975.00288282335
rank,18,18,84.5572201270485,Microcebus berthae,Microcebus_berthae,MAMMALIA,1.52725555535582e-08,2,17.7781751081347
rank,18,18,84.5572201270485,Microcebus griseorufus,Microcebus_griseorufus,MAMMALIA,0.976390665424607,15,403.781143623135
rank,18,18,84.5572201270485,Microcebus murinus,Microcebus_murinus,MAMMALIA,1,346,14578.5607983544
rank,18,18,84.5572201270485,Microcebus myoxinus,Microcebus_myoxinus,MAMMALIA,0.999997706801286,33,629.829927794635
rank,18,18,84.5572201270485,Microcebus ravelobensis,Microcebus_ravelobensis,MAMMALIA,0.748124330672144,14,236.48260558954
rank,18,18,84.5572201270485,Microcebus rufus,Microcebus_rufus,MAMMALIA,1,210,21488.3785628931
rank,18,18,84.5572201270485,Microcebus tavaratra,Microcebus_tavaratra,MAMMALIA,0.95857533730718,28,465.233534552157
rank,18,18,84.5572201270485,Microgale brevicaudata,Microgale_brevicaudata,MAMMALIA,0.999999999999206,183,9414.87358807027
rank,18,18,84.5572201270485,Microgale cowani,Microgale_cowani,MAMMALIA,1,139,19839.3095596768
rank,18,18,84.5572201270485,Microgale drouhardi,Microgale_drouhardi,MAMMALIA,0.999999999999997,131,13889.814017595
rank,18,18,84.5572201270485,Microgale dryas,Microgale_dryas,MAMMALIA,0.890046921921476,37,1125.05561130891
rank,18,18,84.5572201270485,Microgale fotsifotsy,Microgale_fotsifotsy,MAMMALIA,0.999999999999969,143,16018.8522010371
rank,18,18,84.5572201270485,Microgale gracilis,Microgale_gracilis,MAMMALIA,0.999999999476268,63,6619.46305193878
rank,18,18,84.5572201270485,Microgale gymnorhyncha,Microgale_gymnorhyncha,MAMMALIA,0.999999999999679,44,9068.51684220135
rank,18,18,84.5572201270485,Microgale longicaudata,Microgale_longicaudata,MAMMALIA,1,203,21201.7287157774
rank,18,18,84.5572201270485,Microgale mergulus,Microgale_mergulus,MAMMALIA,0.999999996053318,46,3341.62664623454
rank,18,18,84.5572201270485,Microgale parvula,Microgale_parvula,MAMMALIA,0.999999999999961,224,21865.9483724147
rank,18,18,84.5572201270485,Microgale principula,Microgale_principula,MAMMALIA,1,166,20795.7521559224
rank,18,18,84.5572201270485,Microgale pusilla,Microgale_pusilla,MAMMALIA,0.999996210000348,116,7683.68721219897
rank,18,18,84.5572201270485,Microgale soricoides,Microgale_soricoides,MAMMALIA,0.999999999999992,52,12226.9347321838
rank,18,18,84.5572201270485,Microgale taiva,Microgale_taiva,MAMMALIA,0.999999999999999,137,19234.4911708012
rank,18,18,84.5572201270485,Microgale thomasi,Microgale_thomasi,MAMMALIA,1,50,12309.7393440156
rank,18,18,84.5572201270485,Mirza coquereli,Mirza_coquereli,MAMMALIA,0.998043678081796,18,1096.86778814346
rank,18,18,84.5572201270485,Monias benschi,Monias_benschi,AVES,0,1,82.9420458882274
rank,18,18,84.5572201270485,Monticola erythronotus,Monticola_erythronotus,AVES,0.505764981643065,1,97.4973036619822
rank,18,18,84.5572201270485,Monticola sharpei,Monticola_sharpei,AVES,0.999999999999998,31,22396.1941159733
rank,18,18,84.5572201270485,Monticolomys koopmani,Monticolomys_koopmani,MAMMALIA,0.132627251095215,6,104.060766987503
rank,18,18,84.5572201270485,Motacilla flaviventris,Motacilla_flaviventris,AVES,0.989031798431462,11,626.557427920401
rank,18,18,84.5572201270485,Mystacornis crossleyi,Mystacornis_crossleyi,AVES,1,11,20369.8455937356
rank,18,18,84.5572201270485,Neodrepanis coruscans,Neodrepanis_coruscans,AVES,0.999999864139804,20,15597.2074003443
rank,18,18,84.5572201270485,Neodrepanis hypoxantha,Neodrepanis_hypoxantha,AVES,0.0211788111247608,3,88.4296057149768
rank,18,18,84.5572201270485,Neomixis striatigula,Neomixis_striatigula,AVES,1,32,21237.5598142397
rank,18,18,84.5572201270485,Neomixis tenella,Neomixis_tenella,AVES,1,87,25833.5422208011
rank,18,18,84.5572201270485,Neomixis viridis,Neomixis_viridis,AVES,1,29,20918.4338573739
rank,18,18,84.5572201270485,Nesillas lantzii,Nesillas_lantzii,AVES,0.999962812114522,4,1387.82637756318
rank,18,18,84.5572201270485,Nesogale dobsoni,Nesogale_dobsoni,MAMMALIA,1,121,20996.0875392098
rank,18,18,84.5572201270485,Nesogale talazaci,Nesogale_talazaci,MAMMALIA,1,110,21427.1852264479
rank,18,18,84.5572201270485,Nesomys audeberti,Nesomys_audeberti,MAMMALIA,0.999999999997548,62,2745.79959294945
rank,18,18,84.5572201270485,Nesomys lambertoni,Nesomys_lambertoni,MAMMALIA,0.999149871346747,9,512.800770483911
rank,18,18,84.5572201270485,Nesomys rufus,Nesomys_rufus,MAMMALIA,1,118,19207.852503024
rank,18,18,84.5572201270485,Newtonia amphichroa,Newtonia_amphichroa,AVES,1,19,19235.6535258889
rank,18,18,84.5572201270485,Newtonia archboldi,Newtonia_archboldi,AVES,0.99968721121409,7,1217.31176338345
rank,18,18,84.5572201270485,Newtonia brunneicauda,Newtonia_brunneicauda,AVES,1,86,27943.4681190774
rank,18,18,84.5572201270485,Newtonia fanovanae,Newtonia_fanovanae,AVES,0.353055283448657,2,98.2207024819943
rank,18,18,84.5572201270485,Oriolia bernieri,Oriolia_bernieri,AVES,0.999981148004434,18,6080.80915194055
rank,18,18,84.5572201270485,Oryzorictes hova,Oryzorictes_hova,MAMMALIA,1,118,21094.9496753067
rank,18,18,84.5572201270485,Oryzorictes tetradactylus,Oryzorictes_tetradactylus,MAMMALIA,0.999995318415572,46,3390.95476488901
rank,18,18,84.5572201270485,Otus rutilus,Otus_rutilus,AVES,0.999999999997585,16,26992.7547257841
rank,18,18,84.5572201270485,Oxylabes madagascariensis,Oxylabes_madagascariensis,AVES,1,17,20527.7391121462
rank,18,18,84.5572201270485,Phaner electromontis,Phaner_electromontis,MAMMALIA,1.1181189119025e-07,1,17.4337788633315
rank,18,18,84.5572201270485,Phaner furcifer,Phaner_furcifer,MAMMALIA,0.738519804228766,29,536.895760251496
rank,18,18,84.5572201270485,Phaner pallescens,Phaner_pallescens,MAMMALIA,0.999997051496166,20,1387.10830240669
rank,18,18,84.5572201270485,Phaner parienti,Phaner_parienti,MAMMALIA,0.00280017666108967,1,24.4501852478648
rank,18,18,84.5572201270485,Philepitta castanea,Philepitta_castanea,AVES,0.999744823884533,9,19043.3918674824
rank,18,18,84.5572201270485,Philepitta schlegeli,Philepitta_schlegeli,AVES,0.973350379780451,12,2270.54429301021
rank,18,18,84.5572201270485,Ploceus nelicourvi,Ploceus_nelicourvi,AVES,1,15,21132.9187245076
rank,18,18,84.5572201270485,Ploceus sakalava,Ploceus_sakalava,AVES,0.999999764027747,40,6147.4485161528
rank,18,18,84.5572201270485,Polyboroides radiatus,Polyboroides_radiatus,AVES,0.988729065384806,5,19584.5344206914
rank,18,18,84.5572201270485,Pseudobias wardi,Pseudobias_wardi,AVES,1,17,19984.6148796823
rank,18,18,84.5572201270485,Pterocles personatus,Pterocles_personatus,AVES,0.0115662548059448,3,700.415607303381
rank,18,18,84.5572201270485,Rallus madagascariensis,Rallus_madagascariensis,AVES,0.999992578775653,5,9531.54244468361
rank,18,18,84.5572201270485,Randia pseudozosterops,Randia_pseudozosterops,AVES,1,17,17277.8197378388
rank,18,18,84.5572201270485,Sarothrura insularis,Sarothrura_insularis,AVES,0.99999984455809,10,21584.6103202775
rank,18,18,84.5572201270485,Schetba rufa,Schetba_rufa,AVES,0.999999999999678,29,10922.6909308782
rank,18,18,84.5572201270485,Setifer setosus,Setifer_setosus,MAMMALIA,1,145,27749.4074660316
rank,18,18,84.5572201270485,Tenrec ecaudatus,Tenrec_ecaudatus,MAMMALIA,1,100,27270.3068977073
rank,18,18,84.5572201270485,Thamnornis chloropetoides,Thamnornis_chloropetoides,AVES,0.999943595043287,5,1380.77530343086
rank,18,18,84.5572201270485,Treron australis,Treron_australis,AVES,0.99995166687301,12,25239.4966401085
rank,18,18,84.5572201270485,Turnix nigricollis,Turnix_nigricollis,AVES,0.999999999988404,25,26855.2747239322
rank,18,18,84.5572201270485,Tylas eduardi,Tylas_eduardi,AVES,0.999999999999997,9,21182.6803583264
rank,18,18,84.5572201270485,Vanga curvirostris,Vanga_curvirostris,AVES,0.999999999999996,32,28238.5111964724
rank,18,18,84.5572201270485,Varecia rubra,Varecia_rubra,MAMMALIA,1,57,21716.6568704322
rank,18,18,84.5572201270485,Varecia variegata,Varecia_variegata,MAMMALIA,1,48,21585.3576915786
rank,18,18,84.5572201270485,Xanthomixis apperti,Xanthomixis_apperti,AVES,0.441311210122258,1,68.4073899760842
rank,18,18,84.5572201270485,Xanthomixis cinereiceps,Xanthomixis_cinereiceps,AVES,1,18,8303.53525072336
rank,18,18,84.5572201270485,Xanthomixis zosterops,Xanthomixis_zosterops,AVES,1,20,21117.788997945
rank,18,18,84.5572201270485,Xenopirostris damii,Xenopirostris_damii,AVES,0.00179910766481406,1,93.5023440420628
rank,18,18,84.5572201270485,Xenopirostris polleni,Xenopirostris_polleni,AVES,0.999999796967374,10,9703.32928103954
rank,18,18,84.5572201270485,Xenopirostris xenopirostris,Xenopirostris_xenopirostris,AVES,0.932350929388438,1,710.769132100046
rank,19,19,89.261981960351,Accipiter henstii,Accipiter_henstii,AVES,0.289884614112352,2,16910.9124538544
rank,19,19,89.261981960351,Accipiter madagascariensis,Accipiter_madagascariensis,AVES,0.568712649640294,4,18434.7861896753
rank,19,19,89.261981960351,Acrocephalus newtoni,Acrocephalus_newtoni,AVES,1,56,18404.0365032476
rank,19,19,89.261981960351,Alectroenas madagascariensis,Alectroenas_madagascariensis,AVES,0.999709456412137,9,15374.1796325587
rank,19,19,89.261981960351,Allocebus trichotis,Allocebus_trichotis,MAMMALIA,0.00783473494650444,3,72.1001097112894
rank,19,19,89.261981960351,Anas bernieri,Anas_bernieri,AVES,0,1,146.738663260731
rank,19,19,89.261981960351,Apus balstoni,Apus_balstoni,AVES,0.999999999999177,19,17723.2186798155
rank,19,19,89.261981960351,Artamella viridis,Artamella_viridis,AVES,0.999999999999998,33,19023.5911228598
rank,19,19,89.261981960351,Asio madagascariensis,Asio_madagascariensis,AVES,0.615658150577267,2,15276.4019873249
rank,19,19,89.261981960351,Atelornis crossleyi,Atelornis_crossleyi,AVES,0.999998550746638,6,7287.13748859614
rank,19,19,89.261981960351,Atelornis pittoides,Atelornis_pittoides,AVES,0.99999183547308,9,14000.4707106724
rank,19,19,89.261981960351,Athene superciliaris,Athene_superciliaris,AVES,0.999788209644357,10,10291.7462353781
rank,19,19,89.261981960351,Avahi laniger,Avahi_laniger,MAMMALIA,1,69,11654.0453722361
rank,19,19,89.261981960351,Avahi occidentalis,Avahi_occidentalis,MAMMALIA,0.985703643362238,4,528.305818953202
rank,19,19,89.261981960351,Aviceda madagascariensis,Aviceda_madagascariensis,AVES,0.73378197461861,3,17194.9645139277
rank,19,19,89.261981960351,Bernieria madagascariensis,Bernieria_madagascariensis,AVES,1,45,17864.4522047185
rank,19,19,89.261981960351,Brachypteracias leptosomus,Brachypteracias_leptosomus,AVES,0.999965792988106,5,11641.5121737197
rank,19,19,89.261981960351,Brachytarsomys albicauda,Brachytarsomys_albicauda,MAMMALIA,0.999997168432311,29,1126.16771806031
rank,19,19,89.261981960351,Brachyuromys betsileoensis,Brachyuromys_betsileoensis,MAMMALIA,1,54,4930.25587949157
rank,19,19,89.261981960351,Brachyuromys ramirohitra,Brachyuromys_ramirohitra,MAMMALIA,0.65541484639138,2,90.5857082977891
rank,19,19,89.261981960351,Bradypterus brunneus,Bradypterus_brunneus,AVES,1,34,6346.48427353754
rank,19,19,89.261981960351,Bradypterus seebohmi,Bradypterus_seebohmi,AVES,0.452718231585579,1,71.7493425011635
rank,19,19,89.261981960351,Buteo brachypterus,Buteo_brachypterus,AVES,0.429264996899401,2,18484.080516614
rank,19,19,89.261981960351,Calicalicus madagascariensis,Calicalicus_madagascariensis,AVES,1,54,17888.8771473555
rank,19,19,89.261981960351,Cheirogaleus crossleyi,Cheirogaleus_crossleyi,MAMMALIA,0.999999999995299,45,2730.62682635269
rank,19,19,89.261981960351,Cheirogaleus major,Cheirogaleus_major,MAMMALIA,1,100,15124.4261497334
rank,19,19,89.261981960351,Cheirogaleus medius,Cheirogaleus_medius,MAMMALIA,1,153,6438.1473939918
rank,19,19,89.261981960351,Cinnyris notatus,Cinnyris_notatus,AVES,1,70,18420.9688630586
rank,19,19,89.261981960351,Copsychus albospecularis,Copsychus_albospecularis,AVES,0.999999999995149,22,14652.0829372779
rank,19,19,89.261981960351,Coracopsis nigra,Coracopsis_nigra,AVES,0.999457972709766,16,19255.4963421907
rank,19,19,89.261981960351,Corythornis madagascariensis,Corythornis_madagascariensis,AVES,0.660221063167765,16,17019.882465122
rank,19,19,89.261981960351,Coua caerulea,Coua_caerulea,AVES,0.999955807687318,5,12252.8491156148
rank,19,19,89.261981960351,Coua coquereli,Coua_coquereli,AVES,0.998622038858143,8,3292.13537125289
rank,19,19,89.261981960351,Coua cristata,Coua_cristata,AVES,0.999999999968326,15,17083.881723702
rank,19,19,89.261981960351,Coua cursor,Coua_cursor,AVES,0.899166092128199,2,1156.41175659746
rank,19,19,89.261981960351,Coua gigas,Coua_gigas,AVES,0.998565315578061,3,4092.74059527367
rank,19,19,89.261981960351,Coua reynaudii,Coua_reynaudii,AVES,0.99992358833103,5,10307.5857643429
rank,19,19,89.261981960351,Coua ruficeps,Coua_ruficeps,AVES,0.901572220780523,2,982.605663872342
rank,19,19,89.261981960351,Coua serriana,Coua_serriana,AVES,0.98876017773054,3,8972.59042431414
rank,19,19,89.261981960351,Crossleyia xanthophrys,Crossleyia_xanthophrys,AVES,0.99999999999882,30,3035.49395813793
rank,19,19,89.261981960351,Cryptoprocta ferox,Cryptoprocta_ferox,MAMMALIA,0,0,0
rank,19,19,89.261981960351,Cryptosylvicola randrianasoloi,Cryptosylvicola_randrianasoloi,AVES,0.999999999999945,26,3521.98218336004
rank,19,19,89.261981960351,Cyanolanius madagascarinus,Cyanolanius_madagascarinus,AVES,1,51,18140.0540996963
rank,19,19,89.261981960351,Daubentonia madagascariensis,Daubentonia_madagascariensis,MAMMALIA,0.999999302967005,45,5141.60487803817
rank,19,19,89.261981960351,Echinops telfairi,Echinops_telfairi,MAMMALIA,0.999999997545991,94,5483.35090855509
rank,19,19,89.261981960351,Eliurus antsingy,Eliurus_antsingy,MAMMALIA,0.0133748649300235,5,69.4813072830439
rank,19,19,89.261981960351,Eliurus grandidieri,Eliurus_grandidieri,MAMMALIA,0.999410624173505,23,852.937278699467
rank,19,19,89.261981960351,Eliurus majori,Eliurus_majori,MAMMALIA,1,90,12852.5313424543
rank,19,19,89.261981960351,Eliurus minor,Eliurus_minor,MAMMALIA,1,194,16320.6864438357
rank,19,19,89.261981960351,Eliurus myoxinus,Eliurus_myoxinus,MAMMALIA,1,190,14094.7636074312
rank,19,19,89.261981960351,Eliurus tanala,Eliurus_tanala,MAMMALIA,1,109,13752.6598117799
rank,19,19,89.261981960351,Eliurus webbi,Eliurus_webbi,MAMMALIA,1,116,14789.1947657709
rank,19,19,89.261981960351,Eremopterix hova,Eremopterix_hova,AVES,0.908600773187971,4,405.854538187385
rank,19,19,89.261981960351,Eulemur albifrons,Eulemur_albifrons,MAMMALIA,1,40,4174.40918493148
rank,19,19,89.261981960351,Eulemur cinereiceps,Eulemur_cinereiceps,MAMMALIA,1,121,18193.1259873828
rank,19,19,89.261981960351,Eulemur collaris,Eulemur_collaris,MAMMALIA,1,109,18065.504036681
rank,19,19,89.261981960351,Eulemur coronatus,Eulemur_coronatus,MAMMALIA,1,91,4685.9471114576
rank,19,19,89.261981960351,Eulemur flavifrons,Eulemur_flavifrons,MAMMALIA,0.000213248908682684,1,25.074716512655
rank,19,19,89.261981960351,Eulemur fulvus,Eulemur_fulvus,MAMMALIA,1,117,18207.3370649877
rank,19,19,89.261981960351,Eulemur macaco,Eulemur_macaco,MAMMALIA,1,54,12121.9617993981
rank,19,19,89.261981960351,Eulemur mongoz,Eulemur_mongoz,MAMMALIA,0.987560052393641,9,594.070703543171
rank,19,19,89.261981960351,Eulemur rubriventer,Eulemur_rubriventer,MAMMALIA,1,119,16741.8777197772
rank,19,19,89.261981960351,Eulemur rufus,Eulemur_rufus,MAMMALIA,1,95,11719.4144445136
rank,19,19,89.261981960351,Eulemur sanfordi,Eulemur_sanfordi,MAMMALIA,1,135,18297.5539791834
rank,19,19,89.261981960351,Euryceros prevostii,Euryceros_prevostii,AVES,0.89541624401494,4,573.501703928303
rank,19,19,89.261981960351,Falco zoniventris,Falco_zoniventris,AVES,0.597096324127107,4,13629.7580141798
rank,19,19,89.261981960351,Falculea palliata,Falculea_palliata,AVES,0.999975339204978,14,3769.1242422387
rank,19,19,89.261981960351,Fossa fossana,Fossa_fossana,MAMMALIA,1.18367204926528e-10,3,10025.2939881831
rank,19,19,89.261981960351,Foudia madagascariensis,Foudia_madagascariensis,AVES,0.999999999999939,74,20129.1067670286
rank,19,19,89.261981960351,Foudia omissa,Foudia_omissa,AVES,0.999999999932593,23,14032.056279853
rank,19,19,89.261981960351,Gactornis enarratus,Gactornis_enarratus,AVES,0.999999989888662,8,13162.2162223533
rank,19,19,89.261981960351,Galidia elegans,Galidia_elegans,MAMMALIA,0,3,8713.97164592147
rank,19,19,89.261981960351,Galidictis fasciata,Galidictis_fasciata,MAMMALIA,0,0,0
rank,19,19,89.261981960351,Geobiastes squamiger,Geobiastes_squamiger,AVES,0.986108062347228,7,3368.62860773504
rank,19,19,89.261981960351,Geogale aurita,Geogale_aurita,MAMMALIA,0.999997821815649,131,5878.71808429807
rank,19,19,89.261981960351,Gymnuromys roberti,Gymnuromys_roberti,MAMMALIA,1,47,9913.85407349467
rank,19,19,89.261981960351,Haliaeetus vociferoides,Haliaeetus_vociferoides,AVES,0,0,0
rank,19,19,89.261981960351,Hapalemur alaotrensis,Hapalemur_alaotrensis,MAMMALIA,0.513688790321009,14,287.570187166333
rank,19,19,89.261981960351,Hapalemur aureus,Hapalemur_aureus,MAMMALIA,0.999980625005678,11,1043.73703016341
rank,19,19,89.261981960351,Hapalemur griseus,Hapalemur_griseus,MAMMALIA,1,122,17470.2731041971
rank,19,19,89.261981960351,Hapalemur occidentalis,Hapalemur_occidentalis,MAMMALIA,0.99784658545334,18,619.105644471943
rank,19,19,89.261981960351,Hartertula flavoviridis,Hartertula_flavoviridis,AVES,0.999999999999984,25,4712.0512432158
rank,19,19,89.261981960351,Hartlaubius auratus,Hartlaubius_auratus,AVES,0.999999999999464,39,18089.2433051467
rank,19,19,89.261981960351,Hemicentetes nigriceps,Hemicentetes_nigriceps,MAMMALIA,0.993777020482045,16,997.790186946869
rank,19,19,89.261981960351,Hemicentetes semispinosus,Hemicentetes_semispinosus,MAMMALIA,1,84,15122.5186006576
rank,19,19,89.261981960351,Hypogeomys antimena,Hypogeomys_antimena,MAMMALIA,0.133821965840603,5,104.686912983656
rank,19,19,89.261981960351,Hypositta corallirostris,Hypositta_corallirostris,AVES,0.999999999819287,22,14890.6241784021
rank,19,19,89.261981960351,Indri indri,Indri_indri,MAMMALIA,0.999999999804391,22,13784.1441834718
rank,19,19,89.261981960351,Lemur catta,Lemur_catta,MAMMALIA,1,49,2764.54825524986
rank,19,19,89.261981960351,Lepidopygia nana,Lepidopygia_nana,AVES,0.999493660517445,95,20007.2213609368
rank,19,19,89.261981960351,Lepilemur ankaranensis,Lepilemur_ankaranensis,MAMMALIA,0.868933961775694,12,291.45305969679
rank,19,19,89.261981960351,Lepilemur edwardsi,Lepilemur_edwardsi,MAMMALIA,0.999955610541404,24,1424.10548056031
rank,19,19,89.261981960351,Lepilemur leucopus,Lepilemur_leucopus,MAMMALIA,0.999999896613753,20,1637.7221655051
rank,19,19,89.261981960351,Lepilemur microdon,Lepilemur_microdon,MAMMALIA,0.999996014744933,19,1965.73878889343
rank,19,19,89.261981960351,Lepilemur mustelinus,Lepilemur_mustelinus,MAMMALIA,1,114,16739.2289859727
rank,19,19,89.261981960351,Lepilemur ruficaudatus,Lepilemur_ruficaudatus,MAMMALIA,0.999999990599921,31,1923.45783580095
rank,19,19,89.261981960351,Leptopterus chabert,Leptopterus_chabert,AVES,1,59,19609.3465126604
rank,19,19,89.261981960351,Lophotibis cristata,Lophotibis_cristata,AVES,0.998659983768199,3,17337.129618897
rank,19,19,89.261981960351,Macrotarsomys bastardi,Macrotarsomys_bastardi,MAMMALIA,0.999996030037323,40,1295.60910050614
rank,19,19,89.261981960351,Margaroperdix madagarensis,Margaroperdix_madagarensis,AVES,0.999999999995815,19,17386.2868563129
rank,19,19,89.261981960351,Mentocrex kioloides,Mentocrex_kioloides,AVES,0.999130934966787,5,11689.4622890502
rank,19,19,89.261981960351,Mesitornis unicolor,Mesitornis_unicolor,AVES,0,1,89.8278131379858
rank,19,19,89.261981960351,Mesitornis variegatus,Mesitornis_variegatus,AVES,0.97473161550034,4,1656.62104079127
rank,19,19,89.261981960351,Microcebus berthae,Microcebus_berthae,MAMMALIA,1.52725555535582e-08,2,17.7781751081347
rank,19,19,89.261981960351,Microcebus griseorufus,Microcebus_griseorufus,MAMMALIA,0.950257159478264,11,315.551631855431
rank,19,19,89.261981960351,Microcebus murinus,Microcebus_murinus,MAMMALIA,1,260,9765.82776858658
rank,19,19,89.261981960351,Microcebus myoxinus,Microcebus_myoxinus,MAMMALIA,0.999958975426783,25,477.969515896771
rank,19,19,89.261981960351,Microcebus ravelobensis,Microcebus_ravelobensis,MAMMALIA,0.746345439979617,11,224.697999488729
rank,19,19,89.261981960351,Microcebus rufus,Microcebus_rufus,MAMMALIA,1,157,14925.7797085564
rank,19,19,89.261981960351,Microcebus tavaratra,Microcebus_tavaratra,MAMMALIA,0.954743451637069,18,351.175869837499
rank,19,19,89.261981960351,Microgale brevicaudata,Microgale_brevicaudata,MAMMALIA,0.99999998980518,131,6860.70170741528
rank,19,19,89.261981960351,Microgale cowani,Microgale_cowani,MAMMALIA,1,118,13986.1512289872
rank,19,19,89.261981960351,Microgale drouhardi,Microgale_drouhardi,MAMMALIA,0.999999999999551,103,10054.9695377573
rank,19,19,89.261981960351,Microgale dryas,Microgale_dryas,MAMMALIA,0.812628069416121,32,964.720656988454
rank,19,19,89.261981960351,Microgale fotsifotsy,Microgale_fotsifotsy,MAMMALIA,0.999999999999018,108,11754.3245583028
rank,19,19,89.261981960351,Microgale gracilis,Microgale_gracilis,MAMMALIA,0.999999994720479,56,5648.34917964987
rank,19,19,89.261981960351,Microgale gymnorhyncha,Microgale_gymnorhyncha,MAMMALIA,0.999999999958959,38,6708.33321636915
rank,19,19,89.261981960351,Microgale longicaudata,Microgale_longicaudata,MAMMALIA,0.999999999999995,156,14873.8128528297
rank,19,19,89.261981960351,Microgale mergulus,Microgale_mergulus,MAMMALIA,0.99999975163103,37,2709.98301687257
rank,19,19,89.261981960351,Microgale parvula,Microgale_parvula,MAMMALIA,0.999999999992992,160,15131.0227367878
rank,19,19,89.261981960351,Microgale principula,Microgale_principula,MAMMALIA,1,134,14577.7696337849
rank,19,19,89.261981960351,Microgale pusilla,Microgale_pusilla,MAMMALIA,0.999796593616302,76,5417.01494082809
rank,19,19,89.261981960351,Microgale soricoides,Microgale_soricoides,MAMMALIA,0.999999999999764,43,8950.4148331359
rank,19,19,89.261981960351,Microgale taiva,Microgale_taiva,MAMMALIA,1,115,13849.3130967766
rank,19,19,89.261981960351,Microgale thomasi,Microgale_thomasi,MAMMALIA,1,52,9162.059271548
rank,19,19,89.261981960351,Mirza coquereli,Mirza_coquereli,MAMMALIA,0.994438190818261,12,850.32134731859
rank,19,19,89.261981960351,Monias benschi,Monias_benschi,AVES,0,1,82.9420458882274
rank,19,19,89.261981960351,Monticola erythronotus,Monticola_erythronotus,AVES,0.505764981643065,1,97.4973036619822
rank,19,19,89.261981960351,Monticola sharpei,Monticola_sharpei,AVES,1,32,15529.3886344651
rank,19,19,89.261981960351,Monticolomys koopmani,Monticolomys_koopmani,MAMMALIA,0.132627251095215,6,104.060766987503
rank,19,19,89.261981960351,Motacilla flaviventris,Motacilla_flaviventris,AVES,0.906995791395656,10,404.855931937695
rank,19,19,89.261981960351,Mystacornis crossleyi,Mystacornis_crossleyi,AVES,1,18,14370.575860478
rank,19,19,89.261981960351,Neodrepanis coruscans,Neodrepanis_coruscans,AVES,0.999994685162709,24,11386.3431729972
rank,19,19,89.261981960351,Neodrepanis hypoxantha,Neodrepanis_hypoxantha,AVES,0.0211788111247608,3,88.4296057149768
rank,19,19,89.261981960351,Neomixis striatigula,Neomixis_striatigula,AVES,1,32,14872.0418305335
rank,19,19,89.261981960351,Neomixis tenella,Neomixis_tenella,AVES,1,80,18112.5618572012
rank,19,19,89.261981960351,Neomixis viridis,Neomixis_viridis,AVES,1,31,14715.4417409152
rank,19,19,89.261981960351,Nesillas lantzii,Nesillas_lantzii,AVES,0.999812409328747,4,960.910964883864
rank,19,19,89.261981960351,Nesogale dobsoni,Nesogale_dobsoni,MAMMALIA,1,103,14755.2425975405
rank,19,19,89.261981960351,Nesogale talazaci,Nesogale_talazaci,MAMMALIA,1,97,14919.0905215219
rank,19,19,89.261981960351,Nesomys audeberti,Nesomys_audeberti,MAMMALIA,0.999999999994858,56,2356.89229097962
rank,19,19,89.261981960351,Nesomys lambertoni,Nesomys_lambertoni,MAMMALIA,0.994178717272332,6,374.058024458587
rank,19,19,89.261981960351,Nesomys rufus,Nesomys_rufus,MAMMALIA,1,94,13525.1033923775
rank,19,19,89.261981960351,Newtonia amphichroa,Newtonia_amphichroa,AVES,1,23,13677.599112995
rank,19,19,89.261981960351,Newtonia archboldi,Newtonia_archboldi,AVES,0.998137779031902,6,869.23067446053
rank,19,19,89.261981960351,Newtonia brunneicauda,Newtonia_brunneicauda,AVES,1,78,19586.6212021261
rank,19,19,89.261981960351,Newtonia fanovanae,Newtonia_fanovanae,AVES,0.353055283448657,2,98.2207024819943
rank,19,19,89.261981960351,Oriolia bernieri,Oriolia_bernieri,AVES,0.999909679629608,16,4645.3065364685
rank,19,19,89.261981960351,Oryzorictes hova,Oryzorictes_hova,MAMMALIA,1,101,14712.3519321308
rank,19,19,89.261981960351,Oryzorictes tetradactylus,Oryzorictes_tetradactylus,MAMMALIA,0.999812202193463,41,2633.80383817957
rank,19,19,89.261981960351,Otus rutilus,Otus_rutilus,AVES,0.999999999927856,16,18692.428847976
rank,19,19,89.261981960351,Oxylabes madagascariensis,Oxylabes_madagascariensis,AVES,1,24,14568.1748592034
rank,19,19,89.261981960351,Phaner electromontis,Phaner_electromontis,MAMMALIA,1.1181189119025e-07,1,17.4337788633315
rank,19,19,89.261981960351,Phaner furcifer,Phaner_furcifer,MAMMALIA,0.72684170553834,20,393.909549753324
rank,19,19,89.261981960351,Phaner pallescens,Phaner_pallescens,MAMMALIA,0.999930114634319,13,1060.78171411521
rank,19,19,89.261981960351,Phaner parienti,Phaner_parienti,MAMMALIA,0.00280017666108967,1,24.4501852478648
rank,19,19,89.261981960351,Philepitta castanea,Philepitta_castanea,AVES,0.999709985060484,11,13626.4475993462
rank,19,19,89.261981960351,Philepitta schlegeli,Philepitta_schlegeli,AVES,0.943801147690299,13,1869.26625165129
rank,19,19,89.261981960351,Ploceus nelicourvi,Ploceus_nelicourvi,AVES,1,19,14763.2340838973
rank,19,19,89.261981960351,Ploceus sakalava,Ploceus_sakalava,AVES,0.999977008794927,31,4267.96512465924
rank,19,19,89.261981960351,Polyboroides radiatus,Polyboroides_radiatus,AVES,0.928936212041438,5,13272.9407039508
rank,19,19,89.261981960351,Pseudobias wardi,Pseudobias_wardi,AVES,1,24,14166.7083416631
rank,19,19,89.261981960351,Pterocles personatus,Pterocles_personatus,AVES,0.00118059156125472,2,354.356257870793
rank,19,19,89.261981960351,Rallus madagascariensis,Rallus_madagascariensis,AVES,0.999958529620751,4,7478.85642918944
rank,19,19,89.261981960351,Randia pseudozosterops,Randia_pseudozosterops,AVES,1,23,12181.6340276398
rank,19,19,89.261981960351,Sarothrura insularis,Sarothrura_insularis,AVES,0.999999857681753,10,14855.2408539206
rank,19,19,89.261981960351,Schetba rufa,Schetba_rufa,AVES,0.999999999967077,30,7745.15318226451
rank,19,19,89.261981960351,Setifer setosus,Setifer_setosus,MAMMALIA,1,135,19399.0730976909
rank,19,19,89.261981960351,Tenrec ecaudatus,Tenrec_ecaudatus,MAMMALIA,1,101,19142.5602279603
rank,19,19,89.261981960351,Thamnornis chloropetoides,Thamnornis_chloropetoides,AVES,0.999862706921622,5,954.979863405228
rank,19,19,89.261981960351,Treron australis,Treron_australis,AVES,0.999589255383679,18,17669.6782714352
rank,19,19,89.261981960351,Turnix nigricollis,Turnix_nigricollis,AVES,0.999999995526987,19,18643.214454025
rank,19,19,89.261981960351,Tylas eduardi,Tylas_eduardi,AVES,0.999999999999999,12,14772.975630774
rank,19,19,89.261981960351,Vanga curvirostris,Vanga_curvirostris,AVES,0.999999999999413,33,19664.2827764876
rank,19,19,89.261981960351,Varecia rubra,Varecia_rubra,MAMMALIA,1,65,15037.6835614815
rank,19,19,89.261981960351,Varecia variegata,Varecia_variegata,MAMMALIA,1,53,14857.8053596392
rank,19,19,89.261981960351,Xanthomixis apperti,Xanthomixis_apperti,AVES,0.441311210122258,1,68.4073899760842
rank,19,19,89.261981960351,Xanthomixis cinereiceps,Xanthomixis_cinereiceps,AVES,0.999999999999992,24,6047.23589512706
rank,19,19,89.261981960351,Xanthomixis zosterops,Xanthomixis_zosterops,AVES,1,28,14777.7915505347
rank,19,19,89.261981960351,Xenopirostris damii,Xenopirostris_damii,AVES,0.00179910766481406,1,93.5023440420628
rank,19,19,89.261981960351,Xenopirostris polleni,Xenopirostris_polleni,AVES,0.999999989670068,12,7080.94600227475
rank,19,19,89.261981960351,Xenopirostris xenopirostris,Xenopirostris_xenopirostris,AVES,0.91869794169663,1,628.489123694599
rank,20,20,93.953331763907,Accipiter henstii,Accipiter_henstii,AVES,0.115263214954033,1,8783.9621151373
rank,20,20,93.953331763907,Accipiter madagascariensis,Accipiter_madagascariensis,AVES,0.167692413051074,4,9324.68724499643
rank,20,20,93.953331763907,Acrocephalus newtoni,Acrocephalus_newtoni,AVES,1,58,10407.1639104569
rank,20,20,93.953331763907,Alectroenas madagascariensis,Alectroenas_madagascariensis,AVES,0.99440732421848,11,8599.48260491341
rank,20,20,93.953331763907,Allocebus trichotis,Allocebus_trichotis,MAMMALIA,0.00783473494650444,3,72.1001097112894
rank,20,20,93.953331763907,Anas bernieri,Anas_bernieri,AVES,0,1,119.576158367097
rank,20,20,93.953331763907,Apus balstoni,Apus_balstoni,AVES,0.999999997213368,21,9804.91510507136
rank,20,20,93.953331763907,Artamella viridis,Artamella_viridis,AVES,0.999999999999019,39,10672.6832374159
rank,20,20,93.953331763907,Asio madagascariensis,Asio_madagascariensis,AVES,0.454299671240931,2,8568.69368463788
rank,20,20,93.953331763907,Atelornis crossleyi,Atelornis_crossleyi,AVES,0.99997281099679,6,4807.57646386325
rank,20,20,93.953331763907,Atelornis pittoides,Atelornis_pittoides,AVES,0.999927578774459,10,7705.30247294903
rank,20,20,93.953331763907,Athene superciliaris,Athene_superciliaris,AVES,0.992765990796816,9,6031.93041424453
rank,20,20,93.953331763907,Avahi laniger,Avahi_laniger,MAMMALIA,1,57,6531.13844245329
rank,20,20,93.953331763907,Avahi occidentalis,Avahi_occidentalis,MAMMALIA,0.979510118096191,4,457.164130591971
rank,20,20,93.953331763907,Aviceda madagascariensis,Aviceda_madagascariensis,AVES,0.174989533666315,4,9056.28427658975
rank,20,20,93.953331763907,Bernieria madagascariensis,Bernieria_madagascariensis,AVES,0.999999999999998,46,10114.8463634047
rank,20,20,93.953331763907,Brachypteracias leptosomus,Brachypteracias_leptosomus,AVES,0.999473708177703,6,6762.70051629096
rank,20,20,93.953331763907,Brachytarsomys albicauda,Brachytarsomys_albicauda,MAMMALIA,0.998997337474973,24,756.204080596566
rank,20,20,93.953331763907,Brachyuromys betsileoensis,Brachyuromys_betsileoensis,MAMMALIA,1,47,2871.2388144508
rank,20,20,93.953331763907,Brachyuromys ramirohitra,Brachyuromys_ramirohitra,MAMMALIA,0.65541484639138,2,90.5857082977891
rank,20,20,93.953331763907,Bradypterus brunneus,Bradypterus_brunneus,AVES,0.999999999999894,25,4009.60386349041
rank,20,20,93.953331763907,Bradypterus seebohmi,Bradypterus_seebohmi,AVES,0.452718231585579,1,71.7493425011635
rank,20,20,93.953331763907,Buteo brachypterus,Buteo_brachypterus,AVES,0.224910078809687,1,9899.39274799079
rank,20,20,93.953331763907,Calicalicus madagascariensis,Calicalicus_madagascariensis,AVES,0.999999999999405,52,10087.2164507742
rank,20,20,93.953331763907,Cheirogaleus crossleyi,Cheirogaleus_crossleyi,MAMMALIA,0.999999864588318,27,1619.6325319239
rank,20,20,93.953331763907,Cheirogaleus major,Cheirogaleus_major,MAMMALIA,1,80,8405.28733130545
rank,20,20,93.953331763907,Cheirogaleus medius,Cheirogaleus_medius,MAMMALIA,1,99,3663.00338049694
rank,20,20,93.953331763907,Cinnyris notatus,Cinnyris_notatus,AVES,1,66,10430.7174019192
rank,20,20,93.953331763907,Copsychus albospecularis,Copsychus_albospecularis,AVES,0.999999994537303,31,8123.66167170555
rank,20,20,93.953331763907,Coracopsis nigra,Coracopsis_nigra,AVES,0.990617253531238,15,10754.6877169489
rank,20,20,93.953331763907,Corythornis madagascariensis,Corythornis_madagascariensis,AVES,0.427901314613768,15,9374.37463434509
rank,20,20,93.953331763907,Coua caerulea,Coua_caerulea,AVES,0.999288968704897,4,6948.72778679921
rank,20,20,93.953331763907,Coua coquereli,Coua_coquereli,AVES,0.988851493678601,6,1849.29280218482
rank,20,20,93.953331763907,Coua cristata,Coua_cristata,AVES,0.999999984830649,16,9388.66216279566
rank,20,20,93.953331763907,Coua cursor,Coua_cursor,AVES,0.230830945704493,2,612.798776715994
rank,20,20,93.953331763907,Coua gigas,Coua_gigas,AVES,0.883545648106076,3,2016.96892095357
rank,20,20,93.953331763907,Coua reynaudii,Coua_reynaudii,AVES,0.999459548538585,6,5800.9482998318
rank,20,20,93.953331763907,Coua ruficeps,Coua_ruficeps,AVES,0.619058119973502,2,664.863903398718
rank,20,20,93.953331763907,Coua serriana,Coua_serriana,AVES,0.958852609895014,3,5156.89055361149
rank,20,20,93.953331763907,Crossleyia xanthophrys,Crossleyia_xanthophrys,AVES,0.99999999543578,28,2266.5685794279
rank,20,20,93.953331763907,Cryptoprocta ferox,Cryptoprocta_ferox,MAMMALIA,0,0,0
rank,20,20,93.953331763907,Cryptosylvicola randrianasoloi,Cryptosylvicola_randrianasoloi,AVES,0.999999997741904,23,2338.49200034259
rank,20,20,93.953331763907,Cyanolanius madagascarinus,Cyanolanius_madagascarinus,AVES,1,49,10250.8786505322
rank,20,20,93.953331763907,Daubentonia madagascariensis,Daubentonia_madagascariensis,MAMMALIA,0.994141308098891,32,2621.56335714459
rank,20,20,93.953331763907,Echinops telfairi,Echinops_telfairi,MAMMALIA,0.999794179609549,60,2812.14020457864
rank,20,20,93.953331763907,Eliurus antsingy,Eliurus_antsingy,MAMMALIA,0.0133748649300235,5,69.4813072830439
rank,20,20,93.953331763907,Eliurus grandidieri,Eliurus_grandidieri,MAMMALIA,0.999107941056938,19,745.355933043606
rank,20,20,93.953331763907,Eliurus majori,Eliurus_majori,MAMMALIA,1,80,7262.92207369208
rank,20,20,93.953331763907,Eliurus minor,Eliurus_minor,MAMMALIA,1,139,9209.41069853731
rank,20,20,93.953331763907,Eliurus myoxinus,Eliurus_myoxinus,MAMMALIA,1,141,8441.45499839111
rank,20,20,93.953331763907,Eliurus tanala,Eliurus_tanala,MAMMALIA,1,83,7680.26307255775
rank,20,20,93.953331763907,Eliurus webbi,Eliurus_webbi,MAMMALIA,1,90,8214.47254152596
rank,20,20,93.953331763907,Eremopterix hova,Eremopterix_hova,AVES,0.597027197875018,5,243.588789604604
rank,20,20,93.953331763907,Eulemur albifrons,Eulemur_albifrons,MAMMALIA,0.999999999991499,30,2413.07005571698
rank,20,20,93.953331763907,Eulemur cinereiceps,Eulemur_cinereiceps,MAMMALIA,1,98,10285.5464189101
rank,20,20,93.953331763907,Eulemur collaris,Eulemur_collaris,MAMMALIA,1,85,10156.5682115445
rank,20,20,93.953331763907,Eulemur coronatus,Eulemur_coronatus,MAMMALIA,1,58,2572.70692144319
rank,20,20,93.953331763907,Eulemur flavifrons,Eulemur_flavifrons,MAMMALIA,0.000213248908682684,1,25.074716512655
rank,20,20,93.953331763907,Eulemur fulvus,Eulemur_fulvus,MAMMALIA,1,99,10314.2012743721
rank,20,20,93.953331763907,Eulemur macaco,Eulemur_macaco,MAMMALIA,1,55,6793.98574560881
rank,20,20,93.953331763907,Eulemur mongoz,Eulemur_mongoz,MAMMALIA,0.978269639191287,4,404.471361242235
rank,20,20,93.953331763907,Eulemur rubriventer,Eulemur_rubriventer,MAMMALIA,1,98,9533.70509947231
rank,20,20,93.953331763907,Eulemur rufus,Eulemur_rufus,MAMMALIA,1,77,6906.9991511628
rank,20,20,93.953331763907,Eulemur sanfordi,Eulemur_sanfordi,MAMMALIA,1,106,10349.843539506
rank,20,20,93.953331763907,Euryceros prevostii,Euryceros_prevostii,AVES,0.378825979214261,5,310.49047247756
rank,20,20,93.953331763907,Falco zoniventris,Falco_zoniventris,AVES,0.20796319971946,3,6647.21207648516
rank,20,20,93.953331763907,Falculea palliata,Falculea_palliata,AVES,0.999267974302207,12,2113.0220008716
rank,20,20,93.953331763907,Fossa fossana,Fossa_fossana,MAMMALIA,0,1,2036.03673002869
rank,20,20,93.953331763907,Foudia madagascariensis,Foudia_madagascariensis,AVES,0.999999998819876,68,11301.3429715112
rank,20,20,93.953331763907,Foudia omissa,Foudia_omissa,AVES,0.999999973830475,32,7872.23872763664
rank,20,20,93.953331763907,Gactornis enarratus,Gactornis_enarratus,AVES,0.999999183088572,11,7282.15866862983
rank,20,20,93.953331763907,Galidia elegans,Galidia_elegans,MAMMALIA,0,1,2040.28588683716
rank,20,20,93.953331763907,Galidictis fasciata,Galidictis_fasciata,MAMMALIA,0,0,0
rank,20,20,93.953331763907,Geobiastes squamiger,Geobiastes_squamiger,AVES,0.874646953211743,4,1623.3613391324
rank,20,20,93.953331763907,Geogale aurita,Geogale_aurita,MAMMALIA,0.998262829128428,93,3691.99143808335
rank,20,20,93.953331763907,Gymnuromys roberti,Gymnuromys_roberti,MAMMALIA,1,51,5876.48325052112
rank,20,20,93.953331763907,Haliaeetus vociferoides,Haliaeetus_vociferoides,AVES,0,0,0
rank,20,20,93.953331763907,Hapalemur alaotrensis,Hapalemur_alaotrensis,MAMMALIA,0.310999329459765,6,156.180779263377
rank,20,20,93.953331763907,Hapalemur aureus,Hapalemur_aureus,MAMMALIA,0.999390117707406,8,634.353174619377
rank,20,20,93.953331763907,Hapalemur griseus,Hapalemur_griseus,MAMMALIA,1,99,9857.31688171342
rank,20,20,93.953331763907,Hapalemur occidentalis,Hapalemur_occidentalis,MAMMALIA,0.990529493021434,12,454.639761462952
rank,20,20,93.953331763907,Hartertula flavoviridis,Hartertula_flavoviridis,AVES,0.999999999910976,22,3160.70735205081
rank,20,20,93.953331763907,Hartlaubius auratus,Hartlaubius_auratus,AVES,0.999999999899304,48,10271.4807405695
rank,20,20,93.953331763907,Hemicentetes nigriceps,Hemicentetes_nigriceps,MAMMALIA,0.967145353482369,11,708.041738800705
rank,20,20,93.953331763907,Hemicentetes semispinosus,Hemicentetes_semispinosus,MAMMALIA,1,75,8457.28491038084
rank,20,20,93.953331763907,Hypogeomys antimena,Hypogeomys_antimena,MAMMALIA,0.133821965840603,5,103.257959075272
rank,20,20,93.953331763907,Hypositta corallirostris,Hypositta_corallirostris,AVES,0.999999875770924,31,8292.59663174302
rank,20,20,93.953331763907,Indri indri,Indri_indri,MAMMALIA,0.999999572637245,22,7470.87538340688
rank,20,20,93.953331763907,Lemur catta,Lemur_catta,MAMMALIA,1,36,1514.43119431287
rank,20,20,93.953331763907,Lepidopygia nana,Lepidopygia_nana,AVES,0.992110131340262,79,11205.0242535025
rank,20,20,93.953331763907,Lepilemur ankaranensis,Lepilemur_ankaranensis,MAMMALIA,0.772857271576511,6,158.307020411866
rank,20,20,93.953331763907,Lepilemur edwardsi,Lepilemur_edwardsi,MAMMALIA,0.998691496373424,13,895.96275399558
rank,20,20,93.953331763907,Lepilemur leucopus,Lepilemur_leucopus,MAMMALIA,0.999941775573321,13,940.722397868692
rank,20,20,93.953331763907,Lepilemur microdon,Lepilemur_microdon,MAMMALIA,0.99956719162955,20,1459.59775976038
rank,20,20,93.953331763907,Lepilemur mustelinus,Lepilemur_mustelinus,MAMMALIA,1,95,9708.82973550791
rank,20,20,93.953331763907,Lepilemur ruficaudatus,Lepilemur_ruficaudatus,MAMMALIA,0.999994556362682,24,1117.18303645402
rank,20,20,93.953331763907,Leptopterus chabert,Leptopterus_chabert,AVES,0.99999999999985,58,11006.8914553225
rank,20,20,93.953331763907,Lophotibis cristata,Lophotibis_cristata,AVES,0.996587833129086,4,8986.54811747444
rank,20,20,93.953331763907,Macrotarsomys bastardi,Macrotarsomys_bastardi,MAMMALIA,0.998875008814454,27,783.670106120408
rank,20,20,93.953331763907,Margaroperdix madagarensis,Margaroperdix_madagarensis,AVES,0.999999968865762,17,9746.00768090039
rank,20,20,93.953331763907,Mentocrex kioloides,Mentocrex_kioloides,AVES,0.993792660640768,6,6916.53926544637
rank,20,20,93.953331763907,Mesitornis unicolor,Mesitornis_unicolor,AVES,0,1,89.8278131379858
rank,20,20,93.953331763907,Mesitornis variegatus,Mesitornis_variegatus,AVES,0.877098285146913,4,1079.92159463468
rank,20,20,93.953331763907,Microcebus berthae,Microcebus_berthae,MAMMALIA,1.52725555535582e-08,2,17.7781751081347
rank,20,20,93.953331763907,Microcebus griseorufus,Microcebus_griseorufus,MAMMALIA,0.875034082656382,8,208.342637510202
rank,20,20,93.953331763907,Microcebus murinus,Microcebus_murinus,MAMMALIA,1,161,5241.95020763576
rank,20,20,93.953331763907,Microcebus myoxinus,Microcebus_myoxinus,MAMMALIA,0.995603447790015,15,284.410642648196
rank,20,20,93.953331763907,Microcebus ravelobensis,Microcebus_ravelobensis,MAMMALIA,0.688272118927246,9,203.869292668814
rank,20,20,93.953331763907,Microcebus rufus,Microcebus_rufus,MAMMALIA,1,114,8341.83880537741
rank,20,20,93.953331763907,Microcebus tavaratra,Microcebus_tavaratra,MAMMALIA,0.935923780373471,8,225.990879156335
rank,20,20,93.953331763907,Microgale brevicaudata,Microgale_brevicaudata,MAMMALIA,0.999957410300139,90,4190.08027938753
rank,20,20,93.953331763907,Microgale cowani,Microgale_cowani,MAMMALIA,0.999999999989607,89,7892.45185844337
rank,20,20,93.953331763907,Microgale drouhardi,Microgale_drouhardi,MAMMALIA,0.999999984086524,72,5868.1690916612
rank,20,20,93.953331763907,Microgale dryas,Microgale_dryas,MAMMALIA,0.797589798811325,23,793.982931579086
rank,20,20,93.953331763907,Microgale fotsifotsy,Microgale_fotsifotsy,MAMMALIA,0.999999991425788,85,6832.95557460934
rank,20,20,93.953331763907,Microgale gracilis,Microgale_gracilis,MAMMALIA,0.999999662755005,44,3866.10859935861
rank,20,20,93.953331763907,Microgale gymnorhyncha,Microgale_gymnorhyncha,MAMMALIA,0.999999888121566,32,3994.54699587077
rank,20,20,93.953331763907,Microgale longicaudata,Microgale_longicaudata,MAMMALIA,0.999999999016727,114,8456.48649126305
rank,20,20,93.953331763907,Microgale mergulus,Microgale_mergulus,MAMMALIA,0.999979035414994,30,1995.51864702596
rank,20,20,93.953331763907,Microgale parvula,Microgale_parvula,MAMMALIA,0.999999796527824,117,8463.33458333463
rank,20,20,93.953331763907,Microgale principula,Microgale_principula,MAMMALIA,0.999999999856241,96,8053.34374043346
rank,20,20,93.953331763907,Microgale pusilla,Microgale_pusilla,MAMMALIA,0.99290331393807,48,3435.17994942516
rank,20,20,93.953331763907,Microgale soricoides,Microgale_soricoides,MAMMALIA,0.999999999616064,45,5297.060393475
rank,20,20,93.953331763907,Microgale taiva,Microgale_taiva,MAMMALIA,0.999999999949701,92,7901.14094540477
rank,20,20,93.953331763907,Microgale thomasi,Microgale_thomasi,MAMMALIA,0.999999999984507,44,5482.73927482778
rank,20,20,93.953331763907,Mirza coquereli,Mirza_coquereli,MAMMALIA,0.920112096098469,7,446.468008413911
rank,20,20,93.953331763907,Monias benschi,Monias_benschi,AVES,0,1,82.6798045453206
rank,20,20,93.953331763907,Monticola erythronotus,Monticola_erythronotus,AVES,0.504682065887913,1,97.3117682636871
rank,20,20,93.953331763907,Monticola sharpei,Monticola_sharpei,AVES,0.999999999997804,34,8621.97708036006
rank,20,20,93.953331763907,Monticolomys koopmani,Monticolomys_koopmani,MAMMALIA,0.132376805222473,6,103.972851313651
rank,20,20,93.953331763907,Motacilla flaviventris,Motacilla_flaviventris,AVES,0.513902093568111,6,213.99627764523
rank,20,20,93.953331763907,Mystacornis crossleyi,Mystacornis_crossleyi,AVES,0.999999999999962,23,7947.86833783984
rank,20,20,93.953331763907,Neodrepanis coruscans,Neodrepanis_coruscans,AVES,0.999905448893439,33,6722.36009728909
rank,20,20,93.953331763907,Neodrepanis hypoxantha,Neodrepanis_hypoxantha,AVES,0.0211788111247608,3,88.4296057149768
rank,20,20,93.953331763907,Neomixis striatigula,Neomixis_striatigula,AVES,1,35,8272.04058423638
rank,20,20,93.953331763907,Neomixis tenella,Neomixis_tenella,AVES,1,68,10309.5794808492
rank,20,20,93.953331763907,Neomixis viridis,Neomixis_viridis,AVES,1,37,8199.02315651626
rank,20,20,93.953331763907,Nesillas lantzii,Nesillas_lantzii,AVES,0.997199920670833,3,592.836050838232
rank,20,20,93.953331763907,Nesogale dobsoni,Nesogale_dobsoni,MAMMALIA,0.999999999999998,84,8289.11732800305
rank,20,20,93.953331763907,Nesogale talazaci,Nesogale_talazaci,MAMMALIA,1,80,8325.01080943644
rank,20,20,93.953331763907,Nesomys audeberti,Nesomys_audeberti,MAMMALIA,0.999999943113791,40,1758.50314030051
rank,20,20,93.953331763907,Nesomys lambertoni,Nesomys_lambertoni,MAMMALIA,0.931279925841079,5,208.376932949777
rank,20,20,93.953331763907,Nesomys rufus,Nesomys_rufus,MAMMALIA,1,70,7605.0440826416
rank,20,20,93.953331763907,Newtonia amphichroa,Newtonia_amphichroa,AVES,0.999999999999982,26,7724.36514306814
rank,20,20,93.953331763907,Newtonia archboldi,Newtonia_archboldi,AVES,0.981679189296391,5,493.237280271947
rank,20,20,93.953331763907,Newtonia brunneicauda,Newtonia_brunneicauda,AVES,1,73,11010.3210699633
rank,20,20,93.953331763907,Newtonia fanovanae,Newtonia_fanovanae,AVES,0.353055283448657,2,98.2207024819943
rank,20,20,93.953331763907,Oriolia bernieri,Oriolia_bernieri,AVES,0.999633998288549,14,2910.92594310641
rank,20,20,93.953331763907,Oryzorictes hova,Oryzorictes_hova,MAMMALIA,0.999999999999993,81,8197.09651653469
rank,20,20,93.953331763907,Oryzorictes tetradactylus,Oryzorictes_tetradactylus,MAMMALIA,0.951202491841931,37,1361.86924049258
rank,20,20,93.953331763907,Otus rutilus,Otus_rutilus,AVES,0.999999870126767,15,10150.0963874161
rank,20,20,93.953331763907,Oxylabes madagascariensis,Oxylabes_madagascariensis,AVES,1,27,8101.23812955618
rank,20,20,93.953331763907,Phaner electromontis,Phaner_electromontis,MAMMALIA,1.1181189119025e-07,1,17.4337788633315
rank,20,20,93.953331763907,Phaner furcifer,Phaner_furcifer,MAMMALIA,0.596493349335615,13,279.816478095949
rank,20,20,93.953331763907,Phaner pallescens,Phaner_pallescens,MAMMALIA,0.999943129032987,8,615.701074861766
rank,20,20,93.953331763907,Phaner parienti,Phaner_parienti,MAMMALIA,0.00280017666108967,1,24.4501852478648
rank,20,20,93.953331763907,Philepitta castanea,Philepitta_castanea,AVES,0.999079109888382,18,7906.75382538885
rank,20,20,93.953331763907,Philepitta schlegeli,Philepitta_schlegeli,AVES,0.884637947433361,10,1235.13674972951
rank,20,20,93.953331763907,Ploceus nelicourvi,Ploceus_nelicourvi,AVES,0.999999999999998,26,8192.22127965838
rank,20,20,93.953331763907,Ploceus sakalava,Ploceus_sakalava,AVES,0.998587502178699,27,2544.83214190602
rank,20,20,93.953331763907,Polyboroides radiatus,Polyboroides_radiatus,AVES,0.564976262472439,5,7098.32128168643
rank,20,20,93.953331763907,Pseudobias wardi,Pseudobias_wardi,AVES,0.999999999999995,29,8015.97127217054
rank,20,20,93.953331763907,Pterocles personatus,Pterocles_personatus,AVES,2.18304030408234e-09,1,143.150594115257
rank,20,20,93.953331763907,Rallus madagascariensis,Rallus_madagascariensis,AVES,0.999953648928845,5,4578.63417780399
rank,20,20,93.953331763907,Randia pseudozosterops,Randia_pseudozosterops,AVES,0.999999999999986,31,7108.118084526
rank,20,20,93.953331763907,Sarothrura insularis,Sarothrura_insularis,AVES,0.999912807769663,12,8059.50849811733
rank,20,20,93.953331763907,Schetba rufa,Schetba_rufa,AVES,0.999999989110038,27,5040.07824667543
rank,20,20,93.953331763907,Setifer setosus,Setifer_setosus,MAMMALIA,1,105,10929.9423814192
rank,20,20,93.953331763907,Tenrec ecaudatus,Tenrec_ecaudatus,MAMMALIA,1,82,10654.0370911732
rank,20,20,93.953331763907,Thamnornis chloropetoides,Thamnornis_chloropetoides,AVES,0.996319939366937,5,588.013870097697
rank,20,20,93.953331763907,Treron australis,Treron_australis,AVES,0.992492605412953,17,10075.9807901084
rank,20,20,93.953331763907,Turnix nigricollis,Turnix_nigricollis,AVES,0.999998020886635,20,10456.65329092
rank,20,20,93.953331763907,Tylas eduardi,Tylas_eduardi,AVES,0.999999999999995,21,8161.03647637367
rank,20,20,93.953331763907,Vanga curvirostris,Vanga_curvirostris,AVES,0.999999999387217,35,11019.5084207798
rank,20,20,93.953331763907,Varecia rubra,Varecia_rubra,MAMMALIA,1,62,8402.41709068418
rank,20,20,93.953331763907,Varecia variegata,Varecia_variegata,MAMMALIA,1,52,8268.83326866478
rank,20,20,93.953331763907,Xanthomixis apperti,Xanthomixis_apperti,AVES,0.441311210122258,1,68.4073899760842
rank,20,20,93.953331763907,Xanthomixis cinereiceps,Xanthomixis_cinereiceps,AVES,0.999999999996584,16,3715.1183796823
rank,20,20,93.953331763907,Xanthomixis zosterops,Xanthomixis_zosterops,AVES,1,36,8235.51269657165
rank,20,20,93.953331763907,Xenopirostris damii,Xenopirostris_damii,AVES,0.00179910766481406,1,93.5023440420628
rank,20,20,93.953331763907,Xenopirostris polleni,Xenopirostris_polleni,AVES,0.999993169916514,14,3993.0185084641
rank,20,20,93.953331763907,Xenopirostris xenopirostris,Xenopirostris_xenopirostris,AVES,0.817735536135752,2,387.426985137165
rank,21,21,98.6595004534767,Accipiter henstii,Accipiter_henstii,AVES,0,1,954.348325115574
rank,21,21,98.6595004534767,Accipiter madagascariensis,Accipiter_madagascariensis,AVES,7.10431713457638e-13,1,799.4569382146
rank,21,21,98.6595004534767,Acrocephalus newtoni,Acrocephalus_newtoni,AVES,0.999999613242504,36,2283.96564537389
rank,21,21,98.6595004534767,Alectroenas madagascariensis,Alectroenas_madagascariensis,AVES,0.778666222733542,11,1794.85246168822
rank,21,21,98.6595004534767,Allocebus trichotis,Allocebus_trichotis,MAMMALIA,0.00778449824083438,2,50.1575095088499
rank,21,21,98.6595004534767,Anas bernieri,Anas_bernieri,AVES,0,0,0
rank,21,21,98.6595004534767,Apus balstoni,Apus_balstoni,AVES,0.960299126826653,10,1733.28918636904
rank,21,21,98.6595004534767,Artamella viridis,Artamella_viridis,AVES,0.996088697633852,29,2263.77435102554
rank,21,21,98.6595004534767,Asio madagascariensis,Asio_madagascariensis,AVES,0.00236112419923584,3,1608.61001092213
rank,21,21,98.6595004534767,Atelornis crossleyi,Atelornis_crossleyi,AVES,0.765207469980152,6,1124.58489835262
rank,21,21,98.6595004534767,Atelornis pittoides,Atelornis_pittoides,AVES,0.67960996135802,7,1414.3812038675
rank,21,21,98.6595004534767,Athene superciliaris,Athene_superciliaris,AVES,0.314842942714798,4,1168.73349837214
rank,21,21,98.6595004534767,Avahi laniger,Avahi_laniger,MAMMALIA,0.999627944347789,28,1301.74121066928
rank,21,21,98.6595004534767,Avahi occidentalis,Avahi_occidentalis,MAMMALIA,0.00500760626694763,6,135.814433686435
rank,21,21,98.6595004534767,Aviceda madagascariensis,Aviceda_madagascariensis,AVES,1.66422431391311e-13,1,941.063318505883
rank,21,21,98.6595004534767,Bernieria madagascariensis,Bernieria_madagascariensis,AVES,0.999944412824206,29,2101.05842686872
rank,21,21,98.6595004534767,Brachypteracias leptosomus,Brachypteracias_leptosomus,AVES,0.710407143126782,5,1486.95939397812
rank,21,21,98.6595004534767,Brachytarsomys albicauda,Brachytarsomys_albicauda,MAMMALIA,0.795293544769274,7,189.938882476701
rank,21,21,98.6595004534767,Brachyuromys betsileoensis,Brachyuromys_betsileoensis,MAMMALIA,0.988149841296828,22,628.638183191419
rank,21,21,98.6595004534767,Brachyuromys ramirohitra,Brachyuromys_ramirohitra,MAMMALIA,0.229467975205289,3,68.7363402459932
rank,21,21,98.6595004534767,Bradypterus brunneus,Bradypterus_brunneus,AVES,0.999486885351595,16,1069.22518440336
rank,21,21,98.6595004534767,Bradypterus seebohmi,Bradypterus_seebohmi,AVES,0.432016013694413,1,69.6213789358735
rank,21,21,98.6595004534767,Buteo brachypterus,Buteo_brachypterus,AVES,3.33066907387547e-16,1,986.716029904783
rank,21,21,98.6595004534767,Calicalicus madagascariensis,Calicalicus_madagascariensis,AVES,0.997902373061206,32,2128.15355487411
rank,21,21,98.6595004534767,Cheirogaleus crossleyi,Cheirogaleus_crossleyi,MAMMALIA,0.790153089825623,11,392.051531001925
rank,21,21,98.6595004534767,Cheirogaleus major,Cheirogaleus_major,MAMMALIA,0.999999997855744,40,1745.70728303492
rank,21,21,98.6595004534767,Cheirogaleus medius,Cheirogaleus_medius,MAMMALIA,0.999999999974445,35,791.459170450769
rank,21,21,98.6595004534767,Cinnyris notatus,Cinnyris_notatus,AVES,0.999999425964396,38,2222.37935717718
rank,21,21,98.6595004534767,Copsychus albospecularis,Copsychus_albospecularis,AVES,0.994124164476828,22,1698.83708548915
rank,21,21,98.6595004534767,Coracopsis nigra,Coracopsis_nigra,AVES,0.394968058098196,11,2137.70326647284
rank,21,21,98.6595004534767,Corythornis madagascariensis,Corythornis_madagascariensis,AVES,0.0108714920331346,9,1711.49218598782
rank,21,21,98.6595004534767,Coua caerulea,Coua_caerulea,AVES,0.412877259089497,3,1204.50270587951
rank,21,21,98.6595004534767,Coua coquereli,Coua_coquereli,AVES,0.0225150431320343,2,331.485975399613
rank,21,21,98.6595004534767,Coua cristata,Coua_cristata,AVES,0.898305431531926,8,1561.17270202935
rank,21,21,98.6595004534767,Coua cursor,Coua_cursor,AVES,0,0,0
rank,21,21,98.6595004534767,Coua gigas,Coua_gigas,AVES,0,1,222.743095003068
rank,21,21,98.6595004534767,Coua reynaudii,Coua_reynaudii,AVES,0.401692224600962,3,1047.79882354289
rank,21,21,98.6595004534767,Coua ruficeps,Coua_ruficeps,AVES,4.15809608966811e-11,1,123.306632374866
rank,21,21,98.6595004534767,Coua serriana,Coua_serriana,AVES,0.14434654760477,3,1060.46561764926
rank,21,21,98.6595004534767,Crossleyia xanthophrys,Crossleyia_xanthophrys,AVES,0.921014453073567,15,600.667823128402
rank,21,21,98.6595004534767,Cryptoprocta ferox,Cryptoprocta_ferox,MAMMALIA,0,0,0
rank,21,21,98.6595004534767,Cryptosylvicola randrianasoloi,Cryptosylvicola_randrianasoloi,AVES,0.969141624188795,13,605.082777753472
rank,21,21,98.6595004534767,Cyanolanius madagascarinus,Cyanolanius_madagascarinus,AVES,0.999993849064153,31,2213.22222495924
rank,21,21,98.6595004534767,Daubentonia madagascariensis,Daubentonia_madagascariensis,MAMMALIA,0.0095630001598418,7,317.938738517463
rank,21,21,98.6595004534767,Echinops telfairi,Echinops_telfairi,MAMMALIA,0.232545305670434,20,530.116584822536
rank,21,21,98.6595004534767,Eliurus antsingy,Eliurus_antsingy,MAMMALIA,0.00211096001733468,2,26.9847375825048
rank,21,21,98.6595004534767,Eliurus grandidieri,Eliurus_grandidieri,MAMMALIA,0.808248467202303,10,306.425745494664
rank,21,21,98.6595004534767,Eliurus majori,Eliurus_majori,MAMMALIA,0.999999950869347,41,1643.48098556697
rank,21,21,98.6595004534767,Eliurus minor,Eliurus_minor,MAMMALIA,0.999999560037562,60,1922.07642831653
rank,21,21,98.6595004534767,Eliurus myoxinus,Eliurus_myoxinus,MAMMALIA,0.999999656636262,67,1997.64909050825
rank,21,21,98.6595004534767,Eliurus tanala,Eliurus_tanala,MAMMALIA,0.999999971785522,41,1698.07410408556
rank,21,21,98.6595004534767,Eliurus webbi,Eliurus_webbi,MAMMALIA,0.999999968399944,42,1738.41568870097
rank,21,21,98.6595004534767,Eremopterix hova,Eremopterix_hova,AVES,3.94998342589936e-07,2,34.2538853734732
rank,21,21,98.6595004534767,Eulemur albifrons,Eulemur_albifrons,MAMMALIA,0.996730039849701,10,598.543732538819
rank,21,21,98.6595004534767,Eulemur cinereiceps,Eulemur_cinereiceps,MAMMALIA,0.999999993239793,49,2154.91098637004
rank,21,21,98.6595004534767,Eulemur collaris,Eulemur_collaris,MAMMALIA,0.999993398876657,43,2090.99101196261
rank,21,21,98.6595004534767,Eulemur coronatus,Eulemur_coronatus,MAMMALIA,0.955932460676161,22,478.316406620786
rank,21,21,98.6595004534767,Eulemur flavifrons,Eulemur_flavifrons,MAMMALIA,4.27897643429098e-07,1,21.3869145876021
rank,21,21,98.6595004534767,Eulemur fulvus,Eulemur_fulvus,MAMMALIA,0.999999999337939,49,2155.26553661724
rank,21,21,98.6595004534767,Eulemur macaco,Eulemur_macaco,MAMMALIA,0.999999999979369,27,1378.09214119058
rank,21,21,98.6595004534767,Eulemur mongoz,Eulemur_mongoz,MAMMALIA,0.00510663996982763,5,117.820161320269
rank,21,21,98.6595004534767,Eulemur rubriventer,Eulemur_rubriventer,MAMMALIA,0.99999999999972,48,2010.43983362769
rank,21,21,98.6595004534767,Eulemur rufus,Eulemur_rufus,MAMMALIA,0.999935930766437,42,1465.09773128821
rank,21,21,98.6595004534767,Eulemur sanfordi,Eulemur_sanfordi,MAMMALIA,0.999999999999995,52,2176.95108728011
rank,21,21,98.6595004534767,Euryceros prevostii,Euryceros_prevostii,AVES,0,3,84.311891168356
rank,21,21,98.6595004534767,Falco zoniventris,Falco_zoniventris,AVES,2.6018541019468e-06,1,775.603098765016
rank,21,21,98.6595004534767,Falculea palliata,Falculea_palliata,AVES,0.583939654115399,8,521.114094011486
rank,21,21,98.6595004534767,Fossa fossana,Fossa_fossana,MAMMALIA,0,0,0
rank,21,21,98.6595004534767,Foudia madagascariensis,Foudia_madagascariensis,AVES,0.989812361021901,40,2473.90144301206
rank,21,21,98.6595004534767,Foudia omissa,Foudia_omissa,AVES,0.988188636012345,21,1717.37234427035
rank,21,21,98.6595004534767,Gactornis enarratus,Gactornis_enarratus,AVES,0.934196277198748,8,1391.26768301427
rank,21,21,98.6595004534767,Galidia elegans,Galidia_elegans,MAMMALIA,0,0,0
rank,21,21,98.6595004534767,Galidictis fasciata,Galidictis_fasciata,MAMMALIA,0,0,0
rank,21,21,98.6595004534767,Geobiastes squamiger,Geobiastes_squamiger,AVES,3.33428994525598e-07,1,166.222748786211
rank,21,21,98.6595004534767,Geogale aurita,Geogale_aurita,MAMMALIA,0.443853759356181,35,970.802291616377
rank,21,21,98.6595004534767,Gymnuromys roberti,Gymnuromys_roberti,MAMMALIA,0.999999950467766,32,1387.23272620887
rank,21,21,98.6595004534767,Haliaeetus vociferoides,Haliaeetus_vociferoides,AVES,0,0,0
rank,21,21,98.6595004534767,Hapalemur alaotrensis,Hapalemur_alaotrensis,MAMMALIA,0.171863945704461,1,41.4606640860438
rank,21,21,98.6595004534767,Hapalemur aureus,Hapalemur_aureus,MAMMALIA,0.886741932198951,6,235.74985177815
rank,21,21,98.6595004534767,Hapalemur griseus,Hapalemur_griseus,MAMMALIA,0.999999004387913,49,2085.26353398711
rank,21,21,98.6595004534767,Hapalemur occidentalis,Hapalemur_occidentalis,MAMMALIA,0.678529878500453,6,183.066946880485
rank,21,21,98.6595004534767,Hartertula flavoviridis,Hartertula_flavoviridis,AVES,0.980361195838782,18,744.485795341432
rank,21,21,98.6595004534767,Hartlaubius auratus,Hartlaubius_auratus,AVES,0.998702569993467,29,2242.04871212691
rank,21,21,98.6595004534767,Hemicentetes nigriceps,Hemicentetes_nigriceps,MAMMALIA,0.00209954646488053,6,171.320359083489
rank,21,21,98.6595004534767,Hemicentetes semispinosus,Hemicentetes_semispinosus,MAMMALIA,0.999223813165194,38,1836.5027398169
rank,21,21,98.6595004534767,Hypogeomys antimena,Hypogeomys_antimena,MAMMALIA,0.00580807408362927,3,57.3572207838297
rank,21,21,98.6595004534767,Hypositta corallirostris,Hypositta_corallirostris,AVES,0.973960730126058,23,1749.92949600518
rank,21,21,98.6595004534767,Indri indri,Indri_indri,MAMMALIA,0.579078227340996,8,1078.81882333755
rank,21,21,98.6595004534767,Lemur catta,Lemur_catta,MAMMALIA,0.99884809207609,10,263.709948839003
rank,21,21,98.6595004534767,Lepidopygia nana,Lepidopygia_nana,AVES,0.582472956510617,44,2479.65936145186
rank,21,21,98.6595004534767,Lepilemur ankaranensis,Lepilemur_ankaranensis,MAMMALIA,0.0134831861011928,2,54.2975321362114
rank,21,21,98.6595004534767,Lepilemur edwardsi,Lepilemur_edwardsi,MAMMALIA,0.0494471089529206,8,192.301513805985
rank,21,21,98.6595004534767,Lepilemur leucopus,Lepilemur_leucopus,MAMMALIA,0.75867508150853,8,283.578915178776
rank,21,21,98.6595004534767,Lepilemur microdon,Lepilemur_microdon,MAMMALIA,0.186111028695946,10,353.106508888304
rank,21,21,98.6595004534767,Lepilemur mustelinus,Lepilemur_mustelinus,MAMMALIA,0.999996773696776,52,2134.77107525252
rank,21,21,98.6595004534767,Lepilemur ruficaudatus,Lepilemur_ruficaudatus,MAMMALIA,0.795580922265707,9,213.153262943029
rank,21,21,98.6595004534767,Leptopterus chabert,Leptopterus_chabert,AVES,0.997405242146011,36,2378.64527782053
rank,21,21,98.6595004534767,Lophotibis cristata,Lophotibis_cristata,AVES,0.0554674719684198,3,1404.74294026191
rank,21,21,98.6595004534767,Macrotarsomys bastardi,Macrotarsomys_bastardi,MAMMALIA,0.725246016242086,7,146.776263058186
rank,21,21,98.6595004534767,Margaroperdix madagarensis,Margaroperdix_madagarensis,AVES,0.992696331903681,11,1888.31873480231
rank,21,21,98.6595004534767,Mentocrex kioloides,Mentocrex_kioloides,AVES,0.437360815488994,5,1459.62192142755
rank,21,21,98.6595004534767,Mesitornis unicolor,Mesitornis_unicolor,AVES,0,0,0
rank,21,21,98.6595004534767,Mesitornis variegatus,Mesitornis_variegatus,AVES,3.43727912175407e-05,2,225.798649027944
rank,21,21,98.6595004534767,Microcebus berthae,Microcebus_berthae,MAMMALIA,1.52725555535582e-08,2,17.688821837306
rank,21,21,98.6595004534767,Microcebus griseorufus,Microcebus_griseorufus,MAMMALIA,0.455526720193439,3,80.6298131346703
rank,21,21,98.6595004534767,Microcebus murinus,Microcebus_murinus,MAMMALIA,0.997955855781148,52,1132.24472298473
rank,21,21,98.6595004534767,Microcebus myoxinus,Microcebus_myoxinus,MAMMALIA,0.147109774298173,6,65.3306078836322
rank,21,21,98.6595004534767,Microcebus ravelobensis,Microcebus_ravelobensis,MAMMALIA,0.148906529928292,4,76.7428424290445
rank,21,21,98.6595004534767,Microcebus rufus,Microcebus_rufus,MAMMALIA,0.9999986695388,50,1800.38394065946
rank,21,21,98.6595004534767,Microcebus tavaratra,Microcebus_tavaratra,MAMMALIA,0.0293216649883407,4,41.9191952874413
rank,21,21,98.6595004534767,Microgale brevicaudata,Microgale_brevicaudata,MAMMALIA,0.5009006501104,42,1001.87051203102
rank,21,21,98.6595004534767,Microgale cowani,Microgale_cowani,MAMMALIA,0.968734968525271,45,1739.91667213291
rank,21,21,98.6595004534767,Microgale drouhardi,Microgale_drouhardi,MAMMALIA,0.956612680824871,32,1319.17691084236
rank,21,21,98.6595004534767,Microgale dryas,Microgale_dryas,MAMMALIA,3.29851913913881e-05,11,253.274361163378
rank,21,21,98.6595004534767,Microgale fotsifotsy,Microgale_fotsifotsy,MAMMALIA,0.907265276959743,41,1469.93887124977
rank,21,21,98.6595004534767,Microgale gracilis,Microgale_gracilis,MAMMALIA,0.978535011370228,21,1052.84542974085
rank,21,21,98.6595004534767,Microgale gymnorhyncha,Microgale_gymnorhyncha,MAMMALIA,0.809388448890822,25,946.061969220638
rank,21,21,98.6595004534767,Microgale longicaudata,Microgale_longicaudata,MAMMALIA,0.924245597673736,54,1806.82132541388
rank,21,21,98.6595004534767,Microgale mergulus,Microgale_mergulus,MAMMALIA,0.305041857102743,18,468.763677313924
rank,21,21,98.6595004534767,Microgale parvula,Microgale_parvula,MAMMALIA,0.882488845910302,52,1813.92882714421
rank,21,21,98.6595004534767,Microgale principula,Microgale_principula,MAMMALIA,0.968520894310006,46,1671.30407791585
rank,21,21,98.6595004534767,Microgale pusilla,Microgale_pusilla,MAMMALIA,0.766579106663072,19,842.678271397948
rank,21,21,98.6595004534767,Microgale soricoides,Microgale_soricoides,MAMMALIA,0.926260963645926,30,1231.6788225323
rank,21,21,98.6595004534767,Microgale taiva,Microgale_taiva,MAMMALIA,0.975757387559615,43,1628.00030957187
rank,21,21,98.6595004534767,Microgale thomasi,Microgale_thomasi,MAMMALIA,0.961680509911703,26,1269.22724151054
rank,21,21,98.6595004534767,Mirza coquereli,Mirza_coquereli,MAMMALIA,0.380272408645881,4,162.269548930228
rank,21,21,98.6595004534767,Monias benschi,Monias_benschi,AVES,0,0,0
rank,21,21,98.6595004534767,Monticola erythronotus,Monticola_erythronotus,AVES,0.168537759235794,1,55.5670425031267
rank,21,21,98.6595004534767,Monticola sharpei,Monticola_sharpei,AVES,0.999907405549073,22,1847.4656906724
rank,21,21,98.6595004534767,Monticolomys koopmani,Monticolomys_koopmani,MAMMALIA,0.126350530034425,2,56.683910407126
rank,21,21,98.6595004534767,Motacilla flaviventris,Motacilla_flaviventris,AVES,0.104711614188695,2,60.0401765704155
rank,21,21,98.6595004534767,Mystacornis crossleyi,Mystacornis_crossleyi,AVES,0.999979305752866,18,1666.44970502704
rank,21,21,98.6595004534767,Neodrepanis coruscans,Neodrepanis_coruscans,AVES,0.9525588702357,19,1538.4413209036
rank,21,21,98.6595004534767,Neodrepanis hypoxantha,Neodrepanis_hypoxantha,AVES,0.0211788111247608,3,88.4296057149768
rank,21,21,98.6595004534767,Neomixis striatigula,Neomixis_striatigula,AVES,0.999999995595368,26,1764.94806522131
rank,21,21,98.6595004534767,Neomixis tenella,Neomixis_tenella,AVES,0.999999999999897,44,2253.16446983814
rank,21,21,98.6595004534767,Neomixis viridis,Neomixis_viridis,AVES,0.999999991957715,24,1713.77590421587
rank,21,21,98.6595004534767,Nesillas lantzii,Nesillas_lantzii,AVES,0.614085757897274,4,163.171300992232
rank,21,21,98.6595004534767,Nesogale dobsoni,Nesogale_dobsoni,MAMMALIA,0.993215640624486,43,1764.04011293501
rank,21,21,98.6595004534767,Nesogale talazaci,Nesogale_talazaci,MAMMALIA,0.99714240730873,43,1806.94728638977
rank,21,21,98.6595004534767,Nesomys audeberti,Nesomys_audeberti,MAMMALIA,0.996010347780149,16,532.781761750579
rank,21,21,98.6595004534767,Nesomys lambertoni,Nesomys_lambertoni,MAMMALIA,0.150870844338186,2,38.0231819823384
rank,21,21,98.6595004534767,Nesomys rufus,Nesomys_rufus,MAMMALIA,0.999999973461499,39,1631.98556631058
rank,21,21,98.6595004534767,Newtonia amphichroa,Newtonia_amphichroa,AVES,0.999904529660009,21,1651.99104969203
rank,21,21,98.6595004534767,Newtonia archboldi,Newtonia_archboldi,AVES,0.501836899088263,3,141.484074750096
rank,21,21,98.6595004534767,Newtonia brunneicauda,Newtonia_brunneicauda,AVES,0.999999999238968,41,2310.67998183519
rank,21,21,98.6595004534767,Newtonia fanovanae,Newtonia_fanovanae,AVES,0.115680294400142,2,60.6092842922391
rank,21,21,98.6595004534767,Oriolia bernieri,Oriolia_bernieri,AVES,0.881669549192148,8,665.17116364871
rank,21,21,98.6595004534767,Oryzorictes hova,Oryzorictes_hova,MAMMALIA,0.992828221689467,43,1747.53500407189
rank,21,21,98.6595004534767,Oryzorictes tetradactylus,Oryzorictes_tetradactylus,MAMMALIA,6.55894890947417e-05,18,366.57086301595
rank,21,21,98.6595004534767,Otus rutilus,Otus_rutilus,AVES,0.902538654884964,8,1791.1512593478
rank,21,21,98.6595004534767,Oxylabes madagascariensis,Oxylabes_madagascariensis,AVES,0.999997699216752,20,1742.51778868586
rank,21,21,98.6595004534767,Phaner electromontis,Phaner_electromontis,MAMMALIA,1.1181189119025e-07,1,17.4337788633315
rank,21,21,98.6595004534767,Phaner furcifer,Phaner_furcifer,MAMMALIA,0.255457108955704,5,115.186520628774
rank,21,21,98.6595004534767,Phaner pallescens,Phaner_pallescens,MAMMALIA,0.8633485397956,4,145.422798000276
rank,21,21,98.6595004534767,Phaner parienti,Phaner_parienti,MAMMALIA,0.00280017666108967,1,24.4501852478648
rank,21,21,98.6595004534767,Philepitta castanea,Philepitta_castanea,AVES,0.830160371606034,18,1641.82989483327
rank,21,21,98.6595004534767,Philepitta schlegeli,Philepitta_schlegeli,AVES,0.350930216628659,7,344.004409112036
rank,21,21,98.6595004534767,Ploceus nelicourvi,Ploceus_nelicourvi,AVES,0.999994360102937,20,1774.27675452828
rank,21,21,98.6595004534767,Ploceus sakalava,Ploceus_sakalava,AVES,0.653878256459845,14,590.672418534756
rank,21,21,98.6595004534767,Polyboroides radiatus,Polyboroides_radiatus,AVES,0,1,614.258580185473
rank,21,21,98.6595004534767,Pseudobias wardi,Pseudobias_wardi,AVES,0.9999198025251,22,1685.60146612674
rank,21,21,98.6595004534767,Pterocles personatus,Pterocles_personatus,AVES,0,0,0
rank,21,21,98.6595004534767,Rallus madagascariensis,Rallus_madagascariensis,AVES,0.772367920044147,3,995.810652658343
rank,21,21,98.6595004534767,Randia pseudozosterops,Randia_pseudozosterops,AVES,0.999965853626866,18,1523.52201662278
rank,21,21,98.6595004534767,Sarothrura insularis,Sarothrura_insularis,AVES,0.783502145536757,9,1534.62854343653
rank,21,21,98.6595004534767,Schetba rufa,Schetba_rufa,AVES,0.991666974130118,19,1436.31572100556
rank,21,21,98.6595004534767,Setifer setosus,Setifer_setosus,MAMMALIA,0.99944161959462,56,2395.79626056552
rank,21,21,98.6595004534767,Tenrec ecaudatus,Tenrec_ecaudatus,MAMMALIA,0.997754458305294,46,2267.01042822003
rank,21,21,98.6595004534767,Thamnornis chloropetoides,Thamnornis_chloropetoides,AVES,0.642456403637067,5,188.076707019861
rank,21,21,98.6595004534767,Treron australis,Treron_australis,AVES,0.415244706927802,12,2157.7524703145
rank,21,21,98.6595004534767,Turnix nigricollis,Turnix_nigricollis,AVES,0.767704029970371,11,1941.47977657616
rank,21,21,98.6595004534767,Tylas eduardi,Tylas_eduardi,AVES,0.999979074556757,19,1719.98909263313
rank,21,21,98.6595004534767,Vanga curvirostris,Vanga_curvirostris,AVES,0.992613359297026,28,2415.79882453001
rank,21,21,98.6595004534767,Varecia rubra,Varecia_rubra,MAMMALIA,0.999999064749823,34,1815.22302305698
rank,21,21,98.6595004534767,Varecia variegata,Varecia_variegata,MAMMALIA,0.999715720661998,31,1771.60334017873
rank,21,21,98.6595004534767,Xanthomixis apperti,Xanthomixis_apperti,AVES,0.000561354703765504,1,25.5161994546652
rank,21,21,98.6595004534767,Xanthomixis cinereiceps,Xanthomixis_cinereiceps,AVES,0.99950835499921,13,930.654781103134
rank,21,21,98.6595004534767,Xanthomixis zosterops,Xanthomixis_zosterops,AVES,0.999994348431371,23,1775.36891001463
rank,21,21,98.6595004534767,Xenopirostris damii,Xenopirostris_damii,AVES,0,1,50.1254016086459
rank,21,21,98.6595004534767,Xenopirostris polleni,Xenopirostris_polleni,AVES,0.843764362018369,11,856.318642519415
rank,21,21,98.6595004534767,Xenopirostris xenopirostris,Xenopirostris_xenopirostris,AVES,0.00790145690910704,3,127.774781562388
rank,22,22,99.7962403173118,Accipiter henstii,Accipiter_henstii,AVES,0,0,0
rank,22,22,99.7962403173118,Accipiter madagascariensis,Accipiter_madagascariensis,AVES,0,0,0
rank,22,22,99.7962403173118,Acrocephalus newtoni,Acrocephalus_newtoni,AVES,0.593130593875474,12,306.669981904328
rank,22,22,99.7962403173118,Alectroenas madagascariensis,Alectroenas_madagascariensis,AVES,0.0468184387061676,2,196.203471250832
rank,22,22,99.7962403173118,Allocebus trichotis,Allocebus_trichotis,MAMMALIA,7.56262225443116e-06,1,20.419601044513
rank,22,22,99.7962403173118,Anas bernieri,Anas_bernieri,AVES,0,0,0
rank,22,22,99.7962403173118,Apus balstoni,Apus_balstoni,AVES,7.83151321570585e-13,2,148.214502413677
rank,22,22,99.7962403173118,Artamella viridis,Artamella_viridis,AVES,0.160221468856465,6,252.280089050531
rank,22,22,99.7962403173118,Asio madagascariensis,Asio_madagascariensis,AVES,0,0,0
rank,22,22,99.7962403173118,Atelornis crossleyi,Atelornis_crossleyi,AVES,0,1,71.6171234622598
rank,22,22,99.7962403173118,Atelornis pittoides,Atelornis_pittoides,AVES,0,2,148.214502058923
rank,22,22,99.7962403173118,Athene superciliaris,Athene_superciliaris,AVES,0,1,149.228866428025
rank,22,22,99.7962403173118,Avahi laniger,Avahi_laniger,MAMMALIA,0.0612250178347452,7,153.427760884166
rank,22,22,99.7962403173118,Avahi occidentalis,Avahi_occidentalis,MAMMALIA,0,1,19.9833294898272
rank,22,22,99.7962403173118,Aviceda madagascariensis,Aviceda_madagascariensis,AVES,0,0,0
rank,22,22,99.7962403173118,Bernieria madagascariensis,Bernieria_madagascariensis,AVES,0.511219725212911,10,291.717288123209
rank,22,22,99.7962403173118,Brachypteracias leptosomus,Brachypteracias_leptosomus,AVES,2.15805151526638e-12,1,151.161639899015
rank,22,22,99.7962403173118,Brachytarsomys albicauda,Brachytarsomys_albicauda,MAMMALIA,2.51993381716886e-09,2,18.2616750965834
rank,22,22,99.7962403173118,Brachyuromys betsileoensis,Brachyuromys_betsileoensis,MAMMALIA,0.0371486405319742,4,80.6147704944015
rank,22,22,99.7962403173118,Brachyuromys ramirohitra,Brachyuromys_ramirohitra,MAMMALIA,0.00498092212197099,2,25.4211335256696
rank,22,22,99.7962403173118,Bradypterus brunneus,Bradypterus_brunneus,AVES,0.411318708212993,5,171.000854238868
rank,22,22,99.7962403173118,Bradypterus seebohmi,Bradypterus_seebohmi,AVES,3.97948365130629e-05,1,22.347988396883
rank,22,22,99.7962403173118,Buteo brachypterus,Buteo_brachypterus,AVES,0,0,0
rank,22,22,99.7962403173118,Calicalicus madagascariensis,Calicalicus_madagascariensis,AVES,0.158500680521035,9,265.911357544402
rank,22,22,99.7962403173118,Cheirogaleus crossleyi,Cheirogaleus_crossleyi,MAMMALIA,0.00395897122674316,3,58.2337611019611
rank,22,22,99.7962403173118,Cheirogaleus major,Cheirogaleus_major,MAMMALIA,0.780950373032861,13,242.899995625019
rank,22,22,99.7962403173118,Cheirogaleus medius,Cheirogaleus_medius,MAMMALIA,0.470274229918337,13,114.39169986546
rank,22,22,99.7962403173118,Cinnyris notatus,Cinnyris_notatus,AVES,0.772467604434947,18,324.642660311665
rank,22,22,99.7962403173118,Copsychus albospecularis,Copsychus_albospecularis,AVES,0.323749623365538,6,231.89098917467
rank,22,22,99.7962403173118,Coracopsis nigra,Coracopsis_nigra,AVES,0.000401318464416045,1,162.375549994409
rank,22,22,99.7962403173118,Corythornis madagascariensis,Corythornis_madagascariensis,AVES,0,2,159.428412575353
rank,22,22,99.7962403173118,Coua caerulea,Coua_caerulea,AVES,0,1,149.228866100311
rank,22,22,99.7962403173118,Coua coquereli,Coua_coquereli,AVES,0,0,0
rank,22,22,99.7962403173118,Coua cristata,Coua_cristata,AVES,0.029604082879944,1,162.375550426928
rank,22,22,99.7962403173118,Coua cursor,Coua_cursor,AVES,0,0,0
rank,22,22,99.7962403173118,Coua gigas,Coua_gigas,AVES,0,0,0
rank,22,22,99.7962403173118,Coua reynaudii,Coua_reynaudii,AVES,0,1,129.006597474217
rank,22,22,99.7962403173118,Coua ruficeps,Coua_ruficeps,AVES,0,0,0
rank,22,22,99.7962403173118,Coua serriana,Coua_serriana,AVES,0,1,106.656096875668
rank,22,22,99.7962403173118,Crossleyia xanthophrys,Crossleyia_xanthophrys,AVES,0.0248439258715604,3,76.9468796476722
rank,22,22,99.7962403173118,Cryptoprocta ferox,Cryptoprocta_ferox,MAMMALIA,0,0,0
rank,22,22,99.7962403173118,Cryptosylvicola randrianasoloi,Cryptosylvicola_randrianasoloi,AVES,0.0156595633780997,4,94.1624443158507
rank,22,22,99.7962403173118,Cyanolanius madagascarinus,Cyanolanius_madagascarinus,AVES,0.555539971471632,6,243.357197350657
rank,22,22,99.7962403173118,Daubentonia madagascariensis,Daubentonia_madagascariensis,MAMMALIA,0,0,0
rank,22,22,99.7962403173118,Echinops telfairi,Echinops_telfairi,MAMMALIA,0,2,24.0357986690861
rank,22,22,99.7962403173118,Eliurus antsingy,Eliurus_antsingy,MAMMALIA,0,1,8.176688618958
rank,22,22,99.7962403173118,Eliurus grandidieri,Eliurus_grandidieri,MAMMALIA,0.119646624088572,3,54.5487203001976
rank,22,22,99.7962403173118,Eliurus majori,Eliurus_majori,MAMMALIA,0.759732839175748,16,263.0376618132
rank,22,22,99.7962403173118,Eliurus minor,Eliurus_minor,MAMMALIA,0.697431005207625,20,280.710251644254
rank,22,22,99.7962403173118,Eliurus myoxinus,Eliurus_myoxinus,MAMMALIA,0.748619678864582,21,308.224061384797
rank,22,22,99.7962403173118,Eliurus tanala,Eliurus_tanala,MAMMALIA,0.757289744099285,15,252.743094332516
rank,22,22,99.7962403173118,Eliurus webbi,Eliurus_webbi,MAMMALIA,0.750704687174117,15,256.040040902793
rank,22,22,99.7962403173118,Eremopterix hova,Eremopterix_hova,AVES,0,0,0
rank,22,22,99.7962403173118,Eulemur albifrons,Eulemur_albifrons,MAMMALIA,0.322360583604825,4,96.1299932624384
rank,22,22,99.7962403173118,Eulemur cinereiceps,Eulemur_cinereiceps,MAMMALIA,0.567905136164196,13,269.104308014578
rank,22,22,99.7962403173118,Eulemur collaris,Eulemur_collaris,MAMMALIA,0.120433652943119,8,214.812714301912
rank,22,22,99.7962403173118,Eulemur coronatus,Eulemur_coronatus,MAMMALIA,0.0226179639290339,5,58.9485400901264
rank,22,22,99.7962403173118,Eulemur flavifrons,Eulemur_flavifrons,MAMMALIA,0,0,0
rank,22,22,99.7962403173118,Eulemur fulvus,Eulemur_fulvus,MAMMALIA,0.67039323724583,13,269.104308014578
rank,22,22,99.7962403173118,Eulemur macaco,Eulemur_macaco,MAMMALIA,0.773883850384958,7,152.176651008427
rank,22,22,99.7962403173118,Eulemur mongoz,Eulemur_mongoz,MAMMALIA,0,1,19.9833294898272
rank,22,22,99.7962403173118,Eulemur rubriventer,Eulemur_rubriventer,MAMMALIA,0.912129557380848,16,288.415309432015
rank,22,22,99.7962403173118,Eulemur rufus,Eulemur_rufus,MAMMALIA,0.00402682428338985,9,160.925191290677
rank,22,22,99.7962403173118,Eulemur sanfordi,Eulemur_sanfordi,MAMMALIA,0.914592133485621,17,298.777696663726
rank,22,22,99.7962403173118,Euryceros prevostii,Euryceros_prevostii,AVES,0,0,0
rank,22,22,99.7962403173118,Falco zoniventris,Falco_zoniventris,AVES,0,0,0
rank,22,22,99.7962403173118,Falculea palliata,Falculea_palliata,AVES,0,3,69.4778839095091
rank,22,22,99.7962403173118,Fossa fossana,Fossa_fossana,MAMMALIA,0,0,0
rank,22,22,99.7962403173118,Foudia madagascariensis,Foudia_madagascariensis,AVES,0.139384472091407,16,348.564424595677
rank,22,22,99.7962403173118,Foudia omissa,Foudia_omissa,AVES,0.185550479082234,8,236.016935966909
rank,22,22,99.7962403173118,Gactornis enarratus,Gactornis_enarratus,AVES,0,2,148.214502058923
rank,22,22,99.7962403173118,Galidia elegans,Galidia_elegans,MAMMALIA,0,0,0
rank,22,22,99.7962403173118,Galidictis fasciata,Galidictis_fasciata,MAMMALIA,0,0,0
rank,22,22,99.7962403173118,Geobiastes squamiger,Geobiastes_squamiger,AVES,0,0,0
rank,22,22,99.7962403173118,Geogale aurita,Geogale_aurita,MAMMALIA,7.0653108918961e-09,13,181.653651587665
rank,22,22,99.7962403173118,Gymnuromys roberti,Gymnuromys_roberti,MAMMALIA,0.755990358919309,12,212.392150297761
rank,22,22,99.7962403173118,Haliaeetus vociferoides,Haliaeetus_vociferoides,AVES,0,0,0
rank,22,22,99.7962403173118,Hapalemur alaotrensis,Hapalemur_alaotrensis,MAMMALIA,0,0,0
rank,22,22,99.7962403173118,Hapalemur aureus,Hapalemur_aureus,MAMMALIA,0,2,28.1280551364326
rank,22,22,99.7962403173118,Hapalemur griseus,Hapalemur_griseus,MAMMALIA,0.387670785578633,13,268.993398794016
rank,22,22,99.7962403173118,Hapalemur occidentalis,Hapalemur_occidentalis,MAMMALIA,0.0593979405802532,1,30.1057062332573
rank,22,22,99.7962403173118,Hartertula flavoviridis,Hartertula_flavoviridis,AVES,0.0615036398434096,3,93.9923454299569
rank,22,22,99.7962403173118,Hartlaubius auratus,Hartlaubius_auratus,AVES,0.312807314267411,11,302.079674780369
rank,22,22,99.7962403173118,Hemicentetes nigriceps,Hemicentetes_nigriceps,MAMMALIA,0,1,11.2139101616767
rank,22,22,99.7962403173118,Hemicentetes semispinosus,Hemicentetes_semispinosus,MAMMALIA,0.0337163011779843,11,237.669818900526
rank,22,22,99.7962403173118,Hypogeomys antimena,Hypogeomys_antimena,MAMMALIA,0,1,12.6955486908555
rank,22,22,99.7962403173118,Hypositta corallirostris,Hypositta_corallirostris,AVES,0.0804359515450119,7,226.684800505638
rank,22,22,99.7962403173118,Indri indri,Indri_indri,MAMMALIA,0,0,0
rank,22,22,99.7962403173118,Lemur catta,Lemur_catta,MAMMALIA,4.92378874175081e-05,3,28.4512724797176
rank,22,22,99.7962403173118,Lepidopygia nana,Lepidopygia_nana,AVES,0.0128604202560468,19,355.569188091815
rank,22,22,99.7962403173118,Lepilemur ankaranensis,Lepilemur_ankaranensis,MAMMALIA,0,1,10.2945675608677
rank,22,22,99.7962403173118,Lepilemur edwardsi,Lepilemur_edwardsi,MAMMALIA,1.67800062733647e-09,1,19.9833295445158
rank,22,22,99.7962403173118,Lepilemur leucopus,Lepilemur_leucopus,MAMMALIA,0,3,33.2097237184644
rank,22,22,99.7962403173118,Lepilemur microdon,Lepilemur_microdon,MAMMALIA,0,3,65.8950354008921
rank,22,22,99.7962403173118,Lepilemur mustelinus,Lepilemur_mustelinus,MAMMALIA,0.300223922052675,14,281.799856193364
rank,22,22,99.7962403173118,Lepilemur ruficaudatus,Lepilemur_ruficaudatus,MAMMALIA,0,3,34.3981858789921
rank,22,22,99.7962403173118,Leptopterus chabert,Leptopterus_chabert,AVES,0.115154608560804,9,278.015390642624
rank,22,22,99.7962403173118,Lophotibis cristata,Lophotibis_cristata,AVES,0,0,0
rank,22,22,99.7962403173118,Macrotarsomys bastardi,Macrotarsomys_bastardi,MAMMALIA,1.49988256814559e-06,3,25.2843011841178
rank,22,22,99.7962403173118,Margaroperdix madagarensis,Margaroperdix_madagarensis,AVES,0.316083917974859,2,196.203471250832
rank,22,22,99.7962403173118,Mentocrex kioloides,Mentocrex_kioloides,AVES,0,0,0
rank,22,22,99.7962403173118,Mesitornis unicolor,Mesitornis_unicolor,AVES,0,0,0
rank,22,22,99.7962403173118,Mesitornis variegatus,Mesitornis_variegatus,AVES,0,0,0
rank,22,22,99.7962403173118,Microcebus berthae,Microcebus_berthae,MAMMALIA,2.46261078196142e-09,1,10.3623872175813
rank,22,22,99.7962403173118,Microcebus griseorufus,Microcebus_griseorufus,MAMMALIA,1.37342359707304e-11,1,10.1517878649732
rank,22,22,99.7962403173118,Microcebus murinus,Microcebus_murinus,MAMMALIA,0.0226404618684131,16,157.849028323582
rank,22,22,99.7962403173118,Microcebus myoxinus,Microcebus_myoxinus,MAMMALIA,0.00825261198827498,1,11.3402499705553
rank,22,22,99.7962403173118,Microcebus ravelobensis,Microcebus_ravelobensis,MAMMALIA,0.0082084260802594,1,19.9833294898272
rank,22,22,99.7962403173118,Microcebus rufus,Microcebus_rufus,MAMMALIA,0.648912611523949,19,270.044103428721
rank,22,22,99.7962403173118,Microcebus tavaratra,Microcebus_tavaratra,MAMMALIA,8.91541429570708e-09,1,11.3402499705553
rank,22,22,99.7962403173118,Microgale brevicaudata,Microgale_brevicaudata,MAMMALIA,3.72737507525756e-09,11,145.246201738783
rank,22,22,99.7962403173118,Microgale cowani,Microgale_cowani,MAMMALIA,0.0262676236339724,17,264.218107618392
rank,22,22,99.7962403173118,Microgale drouhardi,Microgale_drouhardi,MAMMALIA,0.0216122206459063,10,208.848045781255
rank,22,22,99.7962403173118,Microgale dryas,Microgale_dryas,MAMMALIA,5.7992086653913e-06,2,50.4783193618059
rank,22,22,99.7962403173118,Microgale fotsifotsy,Microgale_fotsifotsy,MAMMALIA,0.0168793066680342,13,230.156448543072
rank,22,22,99.7962403173118,Microgale gracilis,Microgale_gracilis,MAMMALIA,0.0207850995206236,8,172.398919634521
rank,22,22,99.7962403173118,Microgale gymnorhyncha,Microgale_gymnorhyncha,MAMMALIA,0.0131565769326056,8,160.769762434065
rank,22,22,99.7962403173118,Microgale longicaudata,Microgale_longicaudata,MAMMALIA,0.0161422418584709,17,264.218107618392
rank,22,22,99.7962403173118,Microgale mergulus,Microgale_mergulus,MAMMALIA,1.3819163894313e-06,4,95.9537537395954
rank,22,22,99.7962403173118,Microgale parvula,Microgale_parvula,MAMMALIA,0.00841350776531025,19,276.236277729273
rank,22,22,99.7962403173118,Microgale principula,Microgale_principula,MAMMALIA,0.0211410251726569,13,231.695794761181
rank,22,22,99.7962403173118,Microgale pusilla,Microgale_pusilla,MAMMALIA,0.00841350776395133,9,177.316096358001
rank,22,22,99.7962403173118,Microgale soricoides,Microgale_soricoides,MAMMALIA,0.0316509434043827,10,203.468394204974
rank,22,22,99.7962403173118,Microgale taiva,Microgale_taiva,MAMMALIA,0.0244064984235758,13,231.82922637434
rank,22,22,99.7962403173118,Microgale thomasi,Microgale_thomasi,MAMMALIA,0.035135049341254,9,190.327355533838
rank,22,22,99.7962403173118,Mirza coquereli,Mirza_coquereli,MAMMALIA,0,3,34.2718460038304
rank,22,22,99.7962403173118,Monias benschi,Monias_benschi,AVES,0,0,0
rank,22,22,99.7962403173118,Monticola erythronotus,Monticola_erythronotus,AVES,0,1,10.2945675608677
rank,22,22,99.7962403173118,Monticola sharpei,Monticola_sharpei,AVES,0.569051915778606,8,254.185377568007
rank,22,22,99.7962403173118,Monticolomys koopmani,Monticolomys_koopmani,MAMMALIA,1.63446701728631e-08,1,11.0804786980152
rank,22,22,99.7962403173118,Motacilla flaviventris,Motacilla_flaviventris,AVES,0,0,0
rank,22,22,99.7962403173118,Mystacornis crossleyi,Mystacornis_crossleyi,AVES,0.589148542851127,4,204.390411712229
rank,22,22,99.7962403173118,Neodrepanis coruscans,Neodrepanis_coruscans,AVES,0.113251514088888,12,224.576402172446
rank,22,22,99.7962403173118,Neodrepanis hypoxantha,Neodrepanis_hypoxantha,AVES,0.000633434922250653,2,31.3027473241091
rank,22,22,99.7962403173118,Neomixis striatigula,Neomixis_striatigula,AVES,0.821831679641735,11,249.049058608711
rank,22,22,99.7962403173118,Neomixis tenella,Neomixis_tenella,AVES,0.877714923316699,20,329.42540139532
rank,22,22,99.7962403173118,Neomixis viridis,Neomixis_viridis,AVES,0.772111816637532,13,253.902413763106
rank,22,22,99.7962403173118,Nesillas lantzii,Nesillas_lantzii,AVES,2.01114751074982e-07,1,21.9626446549494
rank,22,22,99.7962403173118,Nesogale dobsoni,Nesogale_dobsoni,MAMMALIA,0.042250230914312,13,248.915040820837
rank,22,22,99.7962403173118,Nesogale talazaci,Nesogale_talazaci,MAMMALIA,0.0442111740332756,13,248.915040820837
rank,22,22,99.7962403173118,Nesomys audeberti,Nesomys_audeberti,MAMMALIA,0.491714806504524,6,134.17041619122
rank,22,22,99.7962403173118,Nesomys lambertoni,Nesomys_lambertoni,MAMMALIA,0,1,8.176688618958
rank,22,22,99.7962403173118,Nesomys rufus,Nesomys_rufus,MAMMALIA,0.759769289279769,14,245.788562826812
rank,22,22,99.7962403173118,Newtonia amphichroa,Newtonia_amphichroa,AVES,0.465075723103672,8,236.979367986321
rank,22,22,99.7962403173118,Newtonia archboldi,Newtonia_archboldi,AVES,6.11775551329075e-08,1,19.7733385215223
rank,22,22,99.7962403173118,Newtonia brunneicauda,Newtonia_brunneicauda,AVES,0.765227365461489,16,334.278374587919
rank,22,22,99.7962403173118,Newtonia fanovanae,Newtonia_fanovanae,AVES,0,0,0
rank,22,22,99.7962403173118,Oriolia bernieri,Oriolia_bernieri,AVES,8.46218206618232e-10,2,62.0971979722381
rank,22,22,99.7962403173118,Oryzorictes hova,Oryzorictes_hova,MAMMALIA,0.0418112927367615,11,231.66594183445
rank,22,22,99.7962403173118,Oryzorictes tetradactylus,Oryzorictes_tetradactylus,MAMMALIA,1.13033360449322e-10,3,65.8950354605913
rank,22,22,99.7962403173118,Otus rutilus,Otus_rutilus,AVES,0,2,159.428412575353
rank,22,22,99.7962403173118,Oxylabes madagascariensis,Oxylabes_madagascariensis,AVES,0.742911423648037,5,215.470890410244
rank,22,22,99.7962403173118,Phaner electromontis,Phaner_electromontis,MAMMALIA,0,1,6.95453150570393
rank,22,22,99.7962403173118,Phaner furcifer,Phaner_furcifer,MAMMALIA,0,2,18.1684416010976
rank,22,22,99.7962403173118,Phaner pallescens,Phaner_pallescens,MAMMALIA,1.45229384074241e-11,2,23.0579359084368
rank,22,22,99.7962403173118,Phaner parienti,Phaner_parienti,MAMMALIA,0,0,0
rank,22,22,99.7962403173118,Philepitta castanea,Philepitta_castanea,AVES,0.0748280095362697,6,223.59473169595
rank,22,22,99.7962403173118,Philepitta schlegeli,Philepitta_schlegeli,AVES,0.000320180206983545,5,68.7665345221758
rank,22,22,99.7962403173118,Ploceus nelicourvi,Ploceus_nelicourvi,AVES,0.661413750248928,5,221.639510698617
rank,22,22,99.7962403173118,Ploceus sakalava,Ploceus_sakalava,AVES,8.12209386291674e-06,6,84.5208486589552
rank,22,22,99.7962403173118,Polyboroides radiatus,Polyboroides_radiatus,AVES,0,0,0
rank,22,22,99.7962403173118,Pseudobias wardi,Pseudobias_wardi,AVES,0.464001305037877,8,236.936278581619
rank,22,22,99.7962403173118,Pterocles personatus,Pterocles_personatus,AVES,0,0,0
rank,22,22,99.7962403173118,Rallus madagascariensis,Rallus_madagascariensis,AVES,0,0,0
rank,22,22,99.7962403173118,Randia pseudozosterops,Randia_pseudozosterops,AVES,0.458024505971902,7,214.641890057473
rank,22,22,99.7962403173118,Sarothrura insularis,Sarothrura_insularis,AVES,5.16044207365951e-10,2,148.214502058923
rank,22,22,99.7962403173118,Schetba rufa,Schetba_rufa,AVES,0.297178360150211,6,210.720457834565
rank,22,22,99.7962403173118,Setifer setosus,Setifer_setosus,MAMMALIA,0.0140366221356544,12,261.142901859017
rank,22,22,99.7962403173118,Tenrec ecaudatus,Tenrec_ecaudatus,MAMMALIA,0.000702843428169619,8,226.281746804528
rank,22,22,99.7962403173118,Thamnornis chloropetoides,Thamnornis_chloropetoides,AVES,1.3119132694972e-05,1,21.9626445025206
rank,22,22,99.7962403173118,Treron australis,Treron_australis,AVES,0.000454271507328685,1,162.375550426928
rank,22,22,99.7962403173118,Turnix nigricollis,Turnix_nigricollis,AVES,0,2,159.428412575353
rank,22,22,99.7962403173118,Tylas eduardi,Tylas_eduardi,AVES,0.505608106333563,4,204.390411712229
rank,22,22,99.7962403173118,Vanga curvirostris,Vanga_curvirostris,AVES,0.122300308947724,8,297.055711068213
rank,22,22,99.7962403173118,Varecia rubra,Varecia_rubra,MAMMALIA,0.349149524952053,10,234.372872330248
rank,22,22,99.7962403173118,Varecia variegata,Varecia_variegata,MAMMALIA,0.00511307033637343,6,183.950428329408
rank,22,22,99.7962403173118,Xanthomixis apperti,Xanthomixis_apperti,AVES,0,0,0
rank,22,22,99.7962403173118,Xanthomixis cinereiceps,Xanthomixis_cinereiceps,AVES,0.477744285935622,4,137.084070250392
rank,22,22,99.7962403173118,Xanthomixis zosterops,Xanthomixis_zosterops,AVES,0.45855330386191,9,242.971467472613
rank,22,22,99.7962403173118,Xenopirostris damii,Xenopirostris_damii,AVES,0,0,0
rank,22,22,99.7962403173118,Xenopirostris polleni,Xenopirostris_polleni,AVES,0.000804567866016792,3,106.485304631293
rank,22,22,99.7962403173118,Xenopirostris xenopirostris,Xenopirostris_xenopirostris,AVES,0,1,19.7733384519815
