species,patch_id,pu_id,patch_area_km2
Bradypterus seebohmi,1,1,29.6296191803089
Bradypterus seebohmi,2,1,30.9497681570664
Bradypterus seebohmi,3,1,9.0422939274702
Bradypterus seebohmi,4,1,0.620648212959528
Bradypterus seebohmi,5,1,0.265972006813884
Bradypterus seebohmi,6,1,0.709200345668078
Bradypterus seebohmi,7,1,0.177290677110195
Bradypterus seebohmi,8,1,0.177275942426443
Bradypterus seebohmi,9,1,0.177274304782152
Hypogeomys antimena,1,1,16.5405274979709
Hypogeomys antimena,10,3,28.8514752628855
Hypogeomys antimena,12,3,7.14406051427328
Hypogeomys antimena,15,3,0.714404974961042
Hypogeomys antimena,17,3,0.535747839347363
Hypogeomys antimena,18,3,0.178579506715536
Hypogeomys antimena,19,3,1.87495118889821
Hypogeomys antimena,20,3,0.446428569326997
Hypogeomys antimena,21,3,0.446413028153896
Microcebus berthae,5,2,10.8090685387869
Microcebus ravelobensis,44,7,34.9561422077831
Microcebus ravelobensis,45,9,24.7276188530559
Microcebus ravelobensis,46,10,47.9051317506742
Microcebus ravelobensis,60,10,0.364942030489326
Microcebus ravelobensis,61,10,0.456175956650376
Accipiter henstii,7,1,39.9750370469875
Accipiter henstii,18,1,43.0377824654047
Accipiter henstii,193,1,195.785593592067
Accipiter henstii,626,1,50.5514532191371
Accipiter henstii,1051,1,104.429400195702
Accipiter henstii,1060,1,125.274567141177
Accipiter henstii,1134,1,154.383117306561
Accipiter henstii,1143,1,102.681062214265
Accipiter henstii,1146,1,190.94944072833
Accipiter henstii,1147,1,102.725346812851
Accipiter henstii,1152,1,59.9336014325963
Accipiter henstii,1154,1,23.8284303085826
Accipiter henstii,1155,1,21.60300644752
Accipiter henstii,1156,1,25.4417283819299
Accipiter madagascariensis,94,1,50.5514532191371
Accipiter madagascariensis,300,1,195.785593592067
Accipiter madagascariensis,1669,1,104.429400195702
Accipiter madagascariensis,1678,1,125.274567141177
Accipiter madagascariensis,1754,1,154.383117306561
Accipiter madagascariensis,1763,1,102.681062214265
Accipiter madagascariensis,1795,1,16.2246258515832
Accipiter madagascariensis,1796,1,190.94944072833
Accipiter madagascariensis,1797,1,102.633381326643
Accipiter madagascariensis,1798,1,13.978461476303
Accipiter madagascariensis,1802,1,59.9336014325963
Accipiter madagascariensis,1817,1,23.8284303085826
Accipiter madagascariensis,1818,1,21.60300644752
Accipiter madagascariensis,1819,1,25.4417283819299
Accipiter madagascariensis,396,3,19.9646457705052
Accipiter madagascariensis,400,3,47.1909870244825
Accipiter madagascariensis,446,3,25.797282117154
Accipiter madagascariensis,472,3,73.5898853657199
Accipiter madagascariensis,483,3,98.371248031032
Accipiter madagascariensis,1152,3,16.3121433096249
Accipiter madagascariensis,1534,3,43.0398890354031
Accipiter madagascariensis,1807,3,61.9399931070426
Accipiter madagascariensis,1810,3,71.7263411226956
Accipiter madagascariensis,1813,3,10.8090685387814
Accipiter madagascariensis,1814,3,15.5020643662589
Acrocephalus newtoni,363,91,0.370271373195112
Acrocephalus newtoni,364,91,0.46283412528491
Acrocephalus newtoni,368,91,43.0377824654047
Acrocephalus newtoni,389,91,1.48074673073447
Acrocephalus newtoni,391,91,1.66577102635723
Acrocephalus newtoni,395,91,0.277623898765862
Acrocephalus newtoni,401,91,0.277610584835649
Acrocephalus newtoni,14041,149,24.3559507447872
Acrocephalus newtoni,174,40,39.9750370469875
Acrocephalus newtoni,24095,40,6.77328179594052
Acrocephalus newtoni,24617,40,3.80180155321062
Acrocephalus newtoni,24476,108,104.429400195702
Acrocephalus newtoni,24613,108,3.04359843366915
Acrocephalus newtoni,24665,108,0.276701035475612
Acrocephalus newtoni,24667,108,0.737800251060188
Acrocephalus newtoni,24668,108,0.276669520625651
Acrocephalus newtoni,13871,115,1.07920972973263
Acrocephalus newtoni,24381,115,19.9646457705052
Acrocephalus newtoni,24220,138,0.259112805699706
Acrocephalus newtoni,24318,138,6.66637044837762
Acrocephalus newtoni,24320,138,29.4123165165247
Acrocephalus newtoni,24321,138,13.3977201621131
Acrocephalus newtoni,24322,138,3.88989244451857
Acrocephalus newtoni,23259,139,45.4750937568808
Acrocephalus newtoni,24608,139,17.6220528737401
Acrocephalus newtoni,24644,139,0.273925922303796
Acrocephalus newtoni,24646,139,0.456521060485482
Acrocephalus newtoni,24647,139,0.456489704353094
Acrocephalus newtoni,5185,144,54.9234868075213
Acrocephalus newtoni,24554,144,1.0050096164819
Acrocephalus newtoni,24628,144,0.365563104278565
Acrocephalus newtoni,24650,144,0.730973599358201
Acrocephalus newtoni,24652,144,0.274105624976993
Acrocephalus newtoni,24653,144,0.274100652973294
Acrocephalus newtoni,24654,144,0.365462564238071
Acrocephalus newtoni,24351,146,30.9335068643161
Acrocephalus newtoni,24352,146,18.1482495478409
Acrocephalus newtoni,15933,151,25.797282117154
Acrocephalus newtoni,16171,151,54.8702466674372
Acrocephalus newtoni,23455,151,59.270798992339
Acrocephalus newtoni,23923,151,16.3121433096249
Acrocephalus newtoni,24356,151,43.0398890354031
Acrocephalus newtoni,24641,151,0.268460667104721
Acrocephalus newtoni,24642,151,42.3071810174446
Acrocephalus newtoni,24648,151,15.5020643662589
Acrocephalus newtoni,24649,151,1.07537598973155
Acrocephalus newtoni,19365,153,0.62064821295929
Acrocephalus newtoni,19380,153,0.265972006813645
Acrocephalus newtoni,19400,153,0.709200345668078
Acrocephalus newtoni,24166,153,57.2471492280874
Acrocephalus newtoni,24361,153,30.9497681570725
Acrocephalus newtoni,24362,153,9.04229392747104
Acrocephalus newtoni,24527,153,29.6296191803109
Acrocephalus newtoni,18468,163,17.0539151583064
Acrocephalus newtoni,2391,169,0.275725132784665
Acrocephalus newtoni,2451,169,50.5514532191371
Acrocephalus newtoni,2456,169,1.10270865664881
Acrocephalus newtoni,2457,169,0.551364106284559
Acrocephalus newtoni,2513,169,0.459394665796399
Acrocephalus newtoni,2801,169,1.19502663136083
Acrocephalus newtoni,8564,169,195.785593592067
Acrocephalus newtoni,24622,169,0.735322067886293
Acrocephalus newtoni,24624,169,0.459547624912083
Acrocephalus newtoni,24632,169,190.94944072833
Acrocephalus newtoni,24633,169,102.633381326643
Acrocephalus newtoni,24634,169,13.978461476303
Acrocephalus newtoni,24635,169,0.367843747830331
Acrocephalus newtoni,24636,169,6.25186649493616
Acrocephalus newtoni,24638,169,59.9336014325963
Acrocephalus newtoni,24579,180,154.383117306561
Acrocephalus newtoni,24485,175,125.274567141177
Acrocephalus newtoni,24588,177,102.681062214265
Acrocephalus newtoni,24657,177,23.8284303085826
Acrocephalus newtoni,24658,177,21.60300644752
Acrocephalus newtoni,24659,177,25.4417283819299
Acrocephalus newtoni,24660,177,1.28132291198808
Acrocephalus newtoni,24661,177,2.83687293919438
Acrocephalus newtoni,5999,178,76.1933954013773
Acrocephalus newtoni,6013,178,0.364942030490041
Acrocephalus newtoni,6021,178,0.456175956650972
Acrocephalus newtoni,24629,178,34.9561422077829
Acrocephalus newtoni,24631,178,25.1838845377987
Acrocephalus newtoni,24616,179,16.2246258515832
Alectroenas madagascariensis,3,1,39.9750370469875
Alectroenas madagascariensis,6322,1,6.77328179594052
Alectroenas madagascariensis,6595,1,3.80180155321062
Alectroenas madagascariensis,831,9,1.10270865664881
Alectroenas madagascariensis,832,9,0.551364106284559
Alectroenas madagascariensis,938,9,1.19502663136083
Alectroenas madagascariensis,1524,9,195.785593592067
Alectroenas madagascariensis,6256,9,50.5514532191371
Alectroenas madagascariensis,6566,9,154.383117306561
Alectroenas madagascariensis,6567,9,1.56092040797824
Alectroenas madagascariensis,6600,9,0.735322067886293
Alectroenas madagascariensis,6604,9,190.94944072833
Alectroenas madagascariensis,6605,9,102.725346812851
Alectroenas madagascariensis,6606,9,13.978461476303
Alectroenas madagascariensis,6608,9,6.25186649493616
Alectroenas madagascariensis,6610,9,59.9336014325963
Alectroenas madagascariensis,6508,17,104.429400195702
Alectroenas madagascariensis,6591,17,3.04359843366915
Alectroenas madagascariensis,6619,17,0.737800251060188
Alectroenas madagascariensis,6517,18,125.274567141177
Alectroenas madagascariensis,6575,19,102.681062214265
Alectroenas madagascariensis,6612,19,23.8284303085826
Alectroenas madagascariensis,6613,19,21.60300644752
Alectroenas madagascariensis,6614,19,25.4417283819299
Alectroenas madagascariensis,6615,19,1.28132291198808
Alectroenas madagascariensis,6616,19,2.83687293919438
Alectroenas madagascariensis,6321,11,29.4123165165247
Alectroenas madagascariensis,6415,11,6.66637044837762
Alectroenas madagascariensis,6417,11,13.3977201621131
Alectroenas madagascariensis,6418,11,3.88989244451857
Alectroenas madagascariensis,6429,15,30.9335068643161
Alectroenas madagascariensis,6430,15,18.1482495478409
Alectroenas madagascariensis,4876,16,0.62064821295929
Alectroenas madagascariensis,4889,16,0.709200345668078
Alectroenas madagascariensis,6331,16,57.2471492280874
Alectroenas madagascariensis,6434,16,30.9497681570725
Alectroenas madagascariensis,6435,16,9.04229392747104
Alectroenas madagascariensis,6545,16,29.2747668395581
Apus balstoni,162,32,43.0377824654047
Apus balstoni,168,32,1.48074673073447
Apus balstoni,169,32,1.66577102635723
Apus balstoni,76,17,39.9750370469875
Apus balstoni,7496,17,6.77328179594052
Apus balstoni,7945,17,3.80180155321062
Apus balstoni,4228,31,47.1909870244825
Apus balstoni,7832,33,104.429400195702
Apus balstoni,7944,33,3.04359843366915
Apus balstoni,7696,40,6.66637044837762
Apus balstoni,7698,40,29.4123165165247
Apus balstoni,7699,40,13.3977201621131
Apus balstoni,7700,40,3.88989244451857
Apus balstoni,1919,45,76.1933954013773
Apus balstoni,7954,45,20.0786811326303
Apus balstoni,7956,45,24.727618853068
Apus balstoni,7721,47,30.9335068643161
Apus balstoni,7722,47,18.1482495478409
Apus balstoni,4719,49,16.3121433096249
Apus balstoni,4739,49,25.797282117154
Apus balstoni,4865,49,68.3098187123837
Apus balstoni,4953,49,61.9399931070426
Apus balstoni,5187,49,58.6946870363033
Apus balstoni,7712,49,26.5383701395922
Apus balstoni,7964,49,15.5020643662589
Apus balstoni,7965,49,1.07537598973155
Apus balstoni,7968,49,42.3071810174446
Apus balstoni,7587,51,57.2471492280874
Apus balstoni,7727,51,30.9497681570725
Apus balstoni,7728,51,9.04229392747104
Apus balstoni,7884,51,29.2747668395581
Apus balstoni,833,57,50.5514532191371
Apus balstoni,835,57,1.10270865664881
Apus balstoni,936,57,1.19502663136083
Apus balstoni,2656,57,195.785593592067
Apus balstoni,7916,57,154.383117306561
Apus balstoni,7957,57,190.94944072833
Apus balstoni,7958,57,102.633381326643
Apus balstoni,7959,57,13.978461476303
Apus balstoni,7961,57,6.25186649493616
Apus balstoni,7963,57,59.9336014325963
Apus balstoni,7841,60,125.274567141177
Apus balstoni,7925,61,102.681062214265
Apus balstoni,7970,61,23.8284303085826
Apus balstoni,7971,61,21.60300644752
Apus balstoni,7972,61,25.4417283819299
Apus balstoni,7973,61,1.28132291198808
Apus balstoni,7974,61,2.83687293919438
Artamella viridis,395,44,0.370271373195112
Artamella viridis,396,44,0.46283412528491
Artamella viridis,399,44,43.0377824654047
Artamella viridis,426,44,1.48074673073447
Artamella viridis,428,44,1.66577102635723
Artamella viridis,182,47,39.9750370469875
Artamella viridis,17210,47,6.77328179594052
Artamella viridis,17711,47,3.80180155321062
Artamella viridis,17571,49,104.429400195702
Artamella viridis,17707,49,3.04359843366915
Artamella viridis,17755,49,0.737800251060188
Artamella viridis,17411,55,6.66637044837762
Artamella viridis,17413,55,29.4123165165247
Artamella viridis,17414,55,13.3977201621131
Artamella viridis,17415,55,3.88989244451857
Artamella viridis,17447,67,30.9335068643161
Artamella viridis,17448,67,18.1482495478409
Artamella viridis,8548,69,19.9646457705052
Artamella viridis,17483,69,1.07920972973263
Artamella viridis,8633,70,47.1909870244825
Artamella viridis,9721,72,16.3121433096249
Artamella viridis,9774,72,25.797282117154
Artamella viridis,9940,72,55.8667823369744
Artamella viridis,10942,72,98.371248031032
Artamella viridis,17426,72,26.5383701395922
Artamella viridis,17727,72,15.5020643662589
Artamella viridis,17728,72,1.07537598973155
Artamella viridis,17729,72,61.9399931070426
Artamella viridis,17732,72,71.7263411226956
Artamella viridis,17733,72,2.59390059166038
Artamella viridis,12520,74,0.62064821295929
Artamella viridis,12547,74,0.709200345668078
Artamella viridis,17300,74,57.2471492280874
Artamella viridis,17464,74,30.9497681570725
Artamella viridis,17465,74,9.04229392747104
Artamella viridis,17642,74,29.2747668395581
Artamella viridis,11983,79,17.0539151583064
Artamella viridis,14756,82,24.7360896784456
Artamella viridis,14789,82,0.348321061424971
Artamella viridis,14837,82,0.522154991519928
Artamella viridis,14953,82,0.347746593876839
Artamella viridis,16018,82,60.1396754999989
Artamella viridis,16726,82,1.12990891148841
Artamella viridis,17168,82,1.65290511830437
Artamella viridis,17169,82,4.26181091131223
Artamella viridis,17170,82,25.3907382258146
Artamella viridis,17450,82,4.86376414093649
Artamella viridis,17631,82,0.347687768672109
Artamella viridis,17735,82,0.52279803142643
Artamella viridis,17739,82,0.608441640821576
Artamella viridis,17740,82,6.68998903768658
Artamella viridis,17742,82,5.29766820695078
Artamella viridis,17744,82,1.12918469713926
Artamella viridis,2367,84,1.10270865664881
Artamella viridis,2368,84,0.551364106284559
Artamella viridis,2416,84,0.459394665796399
Artamella viridis,2692,84,1.19502663136083
Artamella viridis,5969,84,195.785593592067
Artamella viridis,17018,84,50.5514532191371
Artamella viridis,17679,84,154.383117306561
Artamella viridis,17716,84,0.735322067886293
Artamella viridis,17718,84,0.459547624912083
Artamella viridis,17720,84,190.94944072833
Artamella viridis,17721,84,102.725346812851
Artamella viridis,17722,84,13.978461476303
Artamella viridis,17723,84,0.367843747830331
Artamella viridis,17724,84,6.25186649493616
Artamella viridis,17726,84,59.9336014325963
Artamella viridis,17580,87,125.274567141177
Artamella viridis,17688,88,102.681062214265
Artamella viridis,17748,88,23.8284303085826
Artamella viridis,17749,88,21.60300644752
Artamella viridis,17750,88,25.4417283819299
Artamella viridis,17751,88,1.28132291198808
Artamella viridis,17752,88,2.83687293919438
Artamella viridis,17710,89,16.2246258515832
Asio madagascariensis,235,1,195.785593592067
Asio madagascariensis,1337,1,50.5514532191371
Asio madagascariensis,1612,1,104.429400195702
Asio madagascariensis,1621,1,125.274567141177
Asio madagascariensis,1681,1,154.383117306561
Asio madagascariensis,1690,1,102.681062214265
Asio madagascariensis,1711,1,16.2246258515832
Asio madagascariensis,1712,1,190.94944072833
Asio madagascariensis,1713,1,102.725346812851
Asio madagascariensis,1714,1,13.978461476303
Asio madagascariensis,1716,1,6.25186649493616
Asio madagascariensis,1718,1,59.9336014325963
Asio madagascariensis,1720,1,23.8284303085826
Asio madagascariensis,1721,1,21.60300644752
Asio madagascariensis,1722,1,25.4417283819299
Atelornis crossleyi,4,1,149.114888890668
Atelornis crossleyi,6,1,13.978461476303
Atelornis crossleyi,7,1,149.902379656526
Atelornis crossleyi,233,1,102.633381326643
Atelornis crossleyi,234,1,6.25186649493616
Atelornis crossleyi,236,1,59.9336014325963
Atelornis crossleyi,8,2,91.5054043474961
Atelornis crossleyi,199,10,57.2471492280874
Atelornis crossleyi,211,10,30.9497681570725
Atelornis crossleyi,231,10,29.2747668395581
Atelornis pittoides,57,2,2.11438066261506
Atelornis pittoides,110,2,190.94944072833
Atelornis pittoides,1161,2,154.383117306561
Atelornis pittoides,1170,2,176.452361379003
Atelornis pittoides,1171,2,102.725346812851
Atelornis pittoides,1172,2,13.978461476303
Atelornis pittoides,1174,2,6.25186649493616
Atelornis pittoides,1176,2,59.9336014325963
Atelornis pittoides,1122,12,91.0514909416732
Atelornis pittoides,1166,12,3.04359843366915
Atelornis pittoides,1025,8,57.2471492280874
Atelornis pittoides,1089,8,30.9497681570725
Atelornis pittoides,1090,8,9.04229392747104
Atelornis pittoides,1153,8,29.2747668395581
Atelornis pittoides,1018,10,112.193659011785
Atelornis pittoides,1164,11,102.681062214265
Atelornis pittoides,1177,11,23.8284303085826
Athene superciliaris,1570,9,25.797282117154
Athene superciliaris,1676,9,73.5898853657199
Athene superciliaris,1731,9,98.371248031032
Athene superciliaris,3196,9,16.3121433096249
Athene superciliaris,3301,9,7.14406051427555
Athene superciliaris,3528,9,43.0398890354031
Athene superciliaris,3715,9,61.9399931070426
Athene superciliaris,3718,9,71.7263411226956
Athene superciliaris,3719,9,2.59390059166038
Athene superciliaris,3721,9,10.8090685387814
Athene superciliaris,3727,9,15.5020643662589
Athene superciliaris,558,16,160.955580738905
Athene superciliaris,3678,16,59.9336014325963
Athene superciliaris,3682,16,154.383117306561
Athene superciliaris,3709,16,30.1057062332573
Athene superciliaris,3710,16,106.678284714852
Athene superciliaris,3738,16,47.086892150841
Athene superciliaris,3739,16,13.978461476303
Athene superciliaris,3741,16,6.25186649493616
Athene superciliaris,3448,24,104.429400195702
Athene superciliaris,3706,24,3.04359843366915
Athene superciliaris,2710,22,34.3158273423469
Athene superciliaris,3312,22,4.26181091131223
Athene superciliaris,3520,22,4.86376414093649
Athene superciliaris,3651,22,60.1396754999989
Athene superciliaris,3730,22,25.3907382258146
Athene superciliaris,3734,22,6.68998903768658
Athene superciliaris,3736,22,5.29766820695078
Athene superciliaris,3614,23,125.274567141177
Athene superciliaris,3708,23,16.2246258515832
Avahi laniger,50,7,13.1011248301817
Avahi laniger,5553,219,29.4123165165247
Avahi laniger,497,25,53.5318238750097
Avahi laniger,155,8,0.367843747830331
Avahi laniger,5726,8,102.633381326643
Avahi laniger,5737,8,79.0433488766304
Avahi laniger,5738,8,6.25186649493616
Avahi laniger,5740,8,59.9336014325963
Avahi laniger,94,214,136.685351797776
Avahi laniger,5617,220,13.3977201621131
Avahi laniger,4206,222,0.265972006813645
Avahi laniger,5569,222,57.2471492280874
Avahi laniger,5623,222,30.9497681570725
Avahi laniger,5624,222,9.04229392747104
Avahi laniger,5713,222,29.2747668395581
Avahi laniger,5627,226,30.9335068643161
Avahi laniger,5628,226,18.1482495478409
Avahi laniger,5708,251,17.0539151583064
Avahi laniger,1275,257,102.681062214265
Avahi laniger,5732,276,23.8284303085826
Avahi laniger,5733,277,21.60300644752
Avahi laniger,5734,278,25.4417283819299
Avahi laniger,5730,275,154.383117306561
Avahi occidentalis,40,4,50.096724083175
Avahi occidentalis,51,4,0.364940765320778
Avahi occidentalis,52,5,34.9561422077829
Avahi occidentalis,54,5,24.727618853068
Aviceda madagascariensis,8,1,39.9750370469875
Aviceda madagascariensis,23,1,43.0377824654047
Aviceda madagascariensis,268,1,195.785593592067
Aviceda madagascariensis,1547,1,50.5514532191371
Aviceda madagascariensis,2136,1,104.429400195702
Aviceda madagascariensis,2145,1,125.274567141177
Aviceda madagascariensis,2204,1,154.383117306561
Aviceda madagascariensis,2213,1,23.8284303085826
Aviceda madagascariensis,2217,1,102.681062214265
Aviceda madagascariensis,2248,1,16.2246258515832
Aviceda madagascariensis,2251,1,190.94944072833
Aviceda madagascariensis,2252,1,102.725346812851
Aviceda madagascariensis,2253,1,13.978461476303
Aviceda madagascariensis,2257,1,59.9336014325963
Aviceda madagascariensis,2258,1,21.60300644752
Aviceda madagascariensis,2259,1,25.4417283819299
Bernieria madagascariensis,379,70,0.370271373195112
Bernieria madagascariensis,380,70,0.46283412528491
Bernieria madagascariensis,384,70,43.0377824654047
Bernieria madagascariensis,400,70,1.48074673073447
Bernieria madagascariensis,401,70,1.66577102635723
Bernieria madagascariensis,405,70,0.277623898765862
Bernieria madagascariensis,408,70,0.277610584835649
Bernieria madagascariensis,12348,108,46.0228045271878
Bernieria madagascariensis,189,74,39.9750370469875
Bernieria madagascariensis,21756,74,6.77328179594052
Bernieria madagascariensis,22210,74,3.80180155321062
Bernieria madagascariensis,22095,82,104.429400195702
Bernieria madagascariensis,22206,82,3.04359843366915
Bernieria madagascariensis,22241,82,0.276701035475612
Bernieria madagascariensis,22243,82,0.737800251060188
Bernieria madagascariensis,22244,82,0.276669520625651
Bernieria madagascariensis,21868,91,0.259112805699706
Bernieria madagascariensis,21960,91,6.66637044837762
Bernieria madagascariensis,21962,91,29.4123165165247
Bernieria madagascariensis,21963,91,13.3977201621131
Bernieria madagascariensis,21964,91,3.88989244451857
Bernieria madagascariensis,11606,105,1.07920972973263
Bernieria madagascariensis,22014,105,19.9646457705052
Bernieria madagascariensis,21987,106,30.9335068643161
Bernieria madagascariensis,21988,106,18.1482495478409
Bernieria madagascariensis,13800,110,16.3121433096249
Bernieria madagascariensis,13861,110,25.797282117154
Bernieria madagascariensis,13946,110,40.9179544183476
Bernieria madagascariensis,14484,110,54.8702466674372
Bernieria madagascariensis,21978,110,26.5383701395922
Bernieria madagascariensis,22230,110,15.5020643662589
Bernieria madagascariensis,22231,110,1.07537598973155
Bernieria madagascariensis,22233,110,0.268460667104721
Bernieria madagascariensis,22234,110,42.3071810174446
Bernieria madagascariensis,17988,111,0.62064821295929
Bernieria madagascariensis,18002,111,0.265972006813645
Bernieria madagascariensis,18021,111,0.709200345668078
Bernieria madagascariensis,21848,111,57.2471492280874
Bernieria madagascariensis,21993,111,30.9497681570725
Bernieria madagascariensis,21994,111,9.04229392747104
Bernieria madagascariensis,22146,111,29.2747668395581
Bernieria madagascariensis,17026,121,17.0539151583064
Bernieria madagascariensis,2175,126,0.275725132784665
Bernieria madagascariensis,2244,126,50.5514532191371
Bernieria madagascariensis,2248,126,1.10270865664881
Bernieria madagascariensis,2249,126,0.551364106284559
Bernieria madagascariensis,2311,126,0.459394665796399
Bernieria madagascariensis,2597,126,1.19502663136083
Bernieria madagascariensis,7283,126,195.785593592067
Bernieria madagascariensis,22178,126,154.383117306561
Bernieria madagascariensis,22215,126,0.735322067886293
Bernieria madagascariensis,22217,126,0.459547624912083
Bernieria madagascariensis,22222,126,190.94944072833
Bernieria madagascariensis,22223,126,102.633381326643
Bernieria madagascariensis,22224,126,13.978461476303
Bernieria madagascariensis,22225,126,0.367843747830331
Bernieria madagascariensis,22226,126,6.25186649493616
Bernieria madagascariensis,22228,126,59.9336014325963
Bernieria madagascariensis,22104,131,125.274567141177
Bernieria madagascariensis,22187,134,102.681062214265
Bernieria madagascariensis,22236,134,23.8284303085826
Bernieria madagascariensis,22237,134,21.60300644752
Bernieria madagascariensis,22238,134,25.4417283819299
Bernieria madagascariensis,22239,134,1.28132291198808
Bernieria madagascariensis,22240,134,2.83687293919438
Bernieria madagascariensis,5434,135,76.1933954013773
Bernieria madagascariensis,5473,135,0.364942030490041
Bernieria madagascariensis,5481,135,0.456175956650972
Bernieria madagascariensis,22219,135,20.0786811326303
Bernieria madagascariensis,22221,135,24.727618853068
Bernieria madagascariensis,22209,136,16.2246258515832
Brachypteracias leptosomus,91,1,190.94944072833
Brachypteracias leptosomus,919,1,154.383117306561
Brachypteracias leptosomus,943,1,176.452361379003
Brachypteracias leptosomus,944,1,102.633381326643
Brachypteracias leptosomus,945,1,13.978461476303
Brachypteracias leptosomus,947,1,6.25186649493616
Brachypteracias leptosomus,949,1,59.9336014325963
Brachypteracias leptosomus,928,8,102.681062214265
Brachypteracias leptosomus,933,8,24.0690321273916
Brachypteracias leptosomus,951,8,23.8284303085826
Brachypteracias leptosomus,789,6,57.2471492280874
Brachypteracias leptosomus,840,6,30.9497681570725
Brachypteracias leptosomus,841,6,9.04229392747104
Brachypteracias leptosomus,909,6,29.2747668395581
Brachypteracias leptosomus,889,7,125.274567141177
Brachytarsomys albicauda,61,23,72.8179366710795
Brachytarsomys albicauda,282,24,23.8284303085826
Brachyuromys betsileoensis,471,25,27.3374724883355
Brachyuromys betsileoensis,484,25,29.9084594166111
Brachyuromys betsileoensis,3097,184,30.9497681570725
Brachyuromys betsileoensis,3099,201,29.8631255431847
Brachyuromys betsileoensis,3128,122,104.429400195702
Brachyuromys betsileoensis,3151,213,3.04359843366915
Brachyuromys betsileoensis,3156,213,0.276669520625651
Brachyuromys betsileoensis,539,195,13.978461476303
Brachyuromys betsileoensis,3152,195,0.367843747830331
Brachyuromys betsileoensis,3108,214,35.8694190765962
Brachyuromys betsileoensis,483,212,29.8164373523052
Brachyuromys betsileoensis,3147,212,17.7649079492952
Brachyuromys ramirohitra,1,1,29.8748831680237
Brachyuromys ramirohitra,2,2,30.9335068643161
Brachyuromys ramirohitra,3,3,18.1482495478409
Bradypterus brunneus,1245,55,0.62064821295929
Bradypterus brunneus,1246,55,0.265972006813645
Bradypterus brunneus,1249,55,0.709200345668078
Bradypterus brunneus,1443,55,29.2747668395581
Bradypterus brunneus,1444,55,9.04229392747104
Bradypterus brunneus,119,70,59.9336014325963
Bradypterus brunneus,1,1,6.77328179594052
Bradypterus brunneus,2,1,28.8450665179896
Bradypterus brunneus,176,9,102.681062214265
Bradypterus brunneus,288,19,17.0539151583064
Bradypterus brunneus,1463,60,30.9335068643161
Bradypterus brunneus,121,72,104.066495140888
Bradypterus brunneus,114,73,176.452361379003
Bradypterus brunneus,115,73,130.761326550663
Bradypterus brunneus,1464,73,14.5332825320594
Buteo brachypterus,7,1,39.9750370469875
Buteo brachypterus,21,1,43.0377824654047
Buteo brachypterus,262,1,195.785593592067
Buteo brachypterus,1519,1,50.5514532191371
Buteo brachypterus,2146,1,104.429400195702
Buteo brachypterus,2155,1,125.274567141177
Buteo brachypterus,2226,1,154.383117306561
Buteo brachypterus,2235,1,102.681062214265
Buteo brachypterus,2267,1,16.2246258515832
Buteo brachypterus,2270,1,190.94944072833
Buteo brachypterus,2271,1,102.725346812851
Buteo brachypterus,2272,1,13.978461476303
Buteo brachypterus,2276,1,59.9336014325963
Buteo brachypterus,2278,1,23.8284303085826
Buteo brachypterus,2279,1,21.60300644752
Buteo brachypterus,2280,1,25.4417283819299
Calicalicus madagascariensis,407,99,0.370271373195112
Calicalicus madagascariensis,408,99,0.46283412528491
Calicalicus madagascariensis,412,99,43.0377824654047
Calicalicus madagascariensis,428,99,1.48074673073447
Calicalicus madagascariensis,430,99,1.66577102635723
Calicalicus madagascariensis,436,99,0.277623898765862
Calicalicus madagascariensis,439,99,0.277610584835649
Calicalicus madagascariensis,15189,147,29.8432117734344
Calicalicus madagascariensis,202,46,39.9750370469875
Calicalicus madagascariensis,22222,46,6.77328179594052
Calicalicus madagascariensis,22688,46,3.80180155321062
Calicalicus madagascariensis,22571,105,104.429400195702
Calicalicus madagascariensis,22684,105,3.04359843366915
Calicalicus madagascariensis,22718,105,0.276701035475612
Calicalicus madagascariensis,22720,105,0.737800251060188
Calicalicus madagascariensis,22721,105,0.276669520625651
Calicalicus madagascariensis,22327,127,0.259112805699706
Calicalicus madagascariensis,22427,127,6.66637044837762
Calicalicus madagascariensis,22429,127,29.4123165165247
Calicalicus madagascariensis,22430,127,13.3977201621131
Calicalicus madagascariensis,22431,127,3.88989244451857
Calicalicus madagascariensis,22453,129,30.9335068643161
Calicalicus madagascariensis,22454,129,18.1482495478409
Calicalicus madagascariensis,11522,130,1.07920972973263
Calicalicus madagascariensis,22485,130,19.9646457705052
Calicalicus madagascariensis,12424,131,47.1909870244825
Calicalicus madagascariensis,13875,135,16.3121433096249
Calicalicus madagascariensis,13937,135,25.797282117154
Calicalicus madagascariensis,14303,135,59.1812618295404
Calicalicus madagascariensis,14707,135,54.8702466674372
Calicalicus madagascariensis,22443,135,26.5383701395922
Calicalicus madagascariensis,22707,135,15.5020643662589
Calicalicus madagascariensis,22708,135,1.07537598973155
Calicalicus madagascariensis,22710,135,0.268460667104721
Calicalicus madagascariensis,22711,135,42.3071810174446
Calicalicus madagascariensis,18238,138,0.62064821295929
Calicalicus madagascariensis,18254,138,0.265972006813645
Calicalicus madagascariensis,18278,138,0.709200345668078
Calicalicus madagascariensis,22306,138,57.2471492280874
Calicalicus madagascariensis,22460,138,30.9497681570725
Calicalicus madagascariensis,22461,138,9.04229392747104
Calicalicus madagascariensis,22624,138,29.2747668395581
Calicalicus madagascariensis,17243,148,17.0539151583064
Calicalicus madagascariensis,2236,155,0.275725132784665
Calicalicus madagascariensis,2300,155,50.5514532191371
Calicalicus madagascariensis,2304,155,1.10270865664881
Calicalicus madagascariensis,2305,155,0.551364106284559
Calicalicus madagascariensis,2365,155,0.459394665796399
Calicalicus madagascariensis,2637,155,1.19502663136083
Calicalicus madagascariensis,6959,155,195.785593592067
Calicalicus madagascariensis,22693,155,0.735322067886293
Calicalicus madagascariensis,22695,155,0.459547624912083
Calicalicus madagascariensis,22699,155,190.94944072833
Calicalicus madagascariensis,22700,155,102.633381326643
Calicalicus madagascariensis,22701,155,13.978461476303
Calicalicus madagascariensis,22702,155,0.367843747830331
Calicalicus madagascariensis,22703,155,6.25186649493616
Calicalicus madagascariensis,22705,155,59.9336014325963
Calicalicus madagascariensis,22656,166,154.383117306561
Calicalicus madagascariensis,22580,162,125.274567141177
Calicalicus madagascariensis,5220,163,76.1933954013773
Calicalicus madagascariensis,5242,163,0.364942030490041
Calicalicus madagascariensis,5246,163,0.456175956650972
Calicalicus madagascariensis,22698,163,24.727618853068
Calicalicus madagascariensis,22665,164,102.681062214265
Calicalicus madagascariensis,22713,164,23.8284303085826
Calicalicus madagascariensis,22714,164,21.60300644752
Calicalicus madagascariensis,22715,164,25.4417283819299
Calicalicus madagascariensis,22716,164,1.28132291198808
Calicalicus madagascariensis,22717,164,2.83687293919438
Calicalicus madagascariensis,22687,165,16.2246258515832
Cheirogaleus crossleyi,61,12,89.1073088772187
Cheirogaleus crossleyi,530,75,30.9497681570604
Cheirogaleus crossleyi,62,13,79.0433488766304
Cheirogaleus crossleyi,63,14,55.2934602975934
Cheirogaleus crossleyi,531,76,39.3934293594906
Cheirogaleus crossleyi,94,21,23.8284303085826
Cheirogaleus crossleyi,219,43,17.0539151583064
Cheirogaleus major,14945,675,29.4123165165247
Cheirogaleus major,15036,10,104.429400195702
Cheirogaleus major,28,459,39.9750370469875
Cheirogaleus major,14809,738,6.77328179594052
Cheirogaleus major,1755,648,53.5318238750097
Cheirogaleus major,14836,739,13.0809081293918
Cheirogaleus major,11325,659,0.265972006813645
Cheirogaleus major,14844,659,57.2471492280874
Cheirogaleus major,14964,659,30.9497681570725
Cheirogaleus major,14965,659,9.04229392747104
Cheirogaleus major,15085,659,29.2747668395581
Cheirogaleus major,14943,673,6.66637044837762
Cheirogaleus major,14946,676,13.3977201621131
Cheirogaleus major,14961,682,30.9335068643161
Cheirogaleus major,14962,682,18.1482495478409
Cheirogaleus major,10560,691,17.0539151583064
Cheirogaleus major,3518,717,195.785593592067
Cheirogaleus major,15133,717,190.94944072833
Cheirogaleus major,15134,740,102.633381326643
Cheirogaleus major,15137,740,6.25186649493616
Cheirogaleus major,15138,740,0.183868284008086
Cheirogaleus major,15139,740,59.9336014325963
Cheirogaleus major,15135,741,13.978461476303
Cheirogaleus major,15136,741,0.367843747830331
Cheirogaleus major,15045,721,16.2246258515832
Cheirogaleus major,15106,734,154.383117306561
Cheirogaleus major,15113,737,102.681062214265
Cheirogaleus major,15141,742,23.8284303085826
Cheirogaleus major,15142,743,21.60300644752
Cheirogaleus major,15143,744,25.4417283819299
Cheirogaleus medius,15177,2128,0.535747839347363
Cheirogaleus medius,15263,2128,1.87495118889773
Cheirogaleus medius,501,52,0.370271373195112
Cheirogaleus medius,503,52,0.46283412528491
Cheirogaleus medius,508,52,43.0377824654047
Cheirogaleus medius,509,52,0.185130594589651
Cheirogaleus medius,519,52,1.48074673073447
Cheirogaleus medius,520,52,1.66577102635723
Cheirogaleus medius,522,52,0.277623898765862
Cheirogaleus medius,527,52,0.277610584835649
Cheirogaleus medius,23443,2489,29.4123165165247
Cheirogaleus medius,24510,2509,43.0398890354031
Cheirogaleus medius,1484,138,3.04359843366915
Cheirogaleus medius,24546,138,0.276669520625651
Cheirogaleus medius,13666,949,19.9646457705052
Cheirogaleus medius,20100,1437,52.9723472372855
Cheirogaleus medius,24561,1437,0.0876808440185785
Cheirogaleus medius,204,2215,39.9750370469875
Cheirogaleus medius,24541,2510,3.80180155321062
Cheirogaleus medius,15165,2411,0.714404974963069
Cheirogaleus medius,15188,2411,0.178579506715536
Cheirogaleus medius,15310,2411,98.371248031032
Cheirogaleus medius,24353,2411,7.14406051427555
Cheirogaleus medius,24560,2411,10.8090685387814
Cheirogaleus medius,24554,2511,61.9399931070426
Cheirogaleus medius,24557,2512,71.7263411226956
Cheirogaleus medius,24558,2513,2.59390059166038
Cheirogaleus medius,24273,2458,61.6910012333192
Cheirogaleus medius,24513,2514,2.97625148162985
Cheirogaleus medius,14658,2460,25.797282117154
Cheirogaleus medius,24265,2515,16.3121433096249
Cheirogaleus medius,24570,2515,15.5020643662589
Cheirogaleus medius,24571,2515,1.07537598973155
Cheirogaleus medius,22941,2487,60.1396754999989
Cheirogaleus medius,24358,2487,4.26181091131223
Cheirogaleus medius,24562,2487,25.3907382258146
Cheirogaleus medius,24563,2487,0.086968773129344
Cheirogaleus medius,24564,2487,0.347746593876839
Cheirogaleus medius,24566,2487,6.68998903768658
Cheirogaleus medius,24502,2516,4.86376414093649
Cheirogaleus medius,24572,2516,0.0868565272495747
Cheirogaleus medius,24568,2517,5.29766820695078
Cheirogaleus medius,24569,2517,0.0868583734178543
Cheirogaleus medius,24379,2490,6.77328179594052
Cheirogaleus medius,5608,2491,76.1933954013773
Cheirogaleus medius,5631,2491,0.364942030490041
Cheirogaleus medius,5682,2491,0.456175956650972
Cheirogaleus medius,24547,2518,34.9561422077829
Cheirogaleus medius,24549,2519,24.727618853068
Cheirogaleus medius,24475,2500,13.3977201621131
Cheirogaleus medius,24476,2501,3.88989244451857
Cheirogaleus medius,13787,2503,47.1909870244825
Cheirogaleus medius,15044,2507,73.5898853657199
Cheirogaleus medius,24550,2507,0.089502147397399
Cheirogaleus medius,24551,2507,0.0894929949085712
Cheirogaleus medius,24552,2507,0.0894914687683582
Cheirogaleus medius,24553,2507,1.07378921723688
Cinnyris notatus,1205,61,0.370271373195112
Cinnyris notatus,1207,61,0.46283412528491
Cinnyris notatus,1214,61,43.0377824654047
Cinnyris notatus,1215,61,0.185130594589651
Cinnyris notatus,1259,61,1.48074673073447
Cinnyris notatus,1264,61,1.66577102635723
Cinnyris notatus,1269,61,0.277623898765862
Cinnyris notatus,1273,61,0.277610584835649
Cinnyris notatus,602,79,39.9750370469875
Cinnyris notatus,60173,79,6.77328179594052
Cinnyris notatus,60647,79,3.80180155321062
Cinnyris notatus,60648,79,0.0927161959207654
Cinnyris notatus,60527,169,104.429400195702
Cinnyris notatus,60643,169,3.04359843366915
Cinnyris notatus,60680,169,0.276701035475612
Cinnyris notatus,60681,169,0.0922322307362557
Cinnyris notatus,60682,169,0.737800251060188
Cinnyris notatus,60683,169,0.276669520625651
Cinnyris notatus,60289,203,0.259112805699706
Cinnyris notatus,60382,203,6.66637044837762
Cinnyris notatus,60384,203,29.4123165165247
Cinnyris notatus,60385,203,13.3977201621131
Cinnyris notatus,60386,203,3.88989244451857
Cinnyris notatus,35735,205,1.07920972973263
Cinnyris notatus,60441,205,19.9646457705052
Cinnyris notatus,60666,205,0.0899268180351257
Cinnyris notatus,36097,206,47.1909870244825
Cinnyris notatus,60029,206,0.0898503147517443
Cinnyris notatus,60414,209,30.9335068643161
Cinnyris notatus,60415,209,18.1482495478409
Cinnyris notatus,39873,210,16.3121433096249
Cinnyris notatus,40044,210,25.797282117154
Cinnyris notatus,40974,210,68.3098187123837
Cinnyris notatus,41593,210,61.9399931070426
Cinnyris notatus,42636,210,15.730504981099
Cinnyris notatus,43036,210,58.6946870363033
Cinnyris notatus,60397,210,26.5383701395922
Cinnyris notatus,60667,210,15.5020643662589
Cinnyris notatus,60668,210,1.07537598973155
Cinnyris notatus,60669,210,0.178990567408919
Cinnyris notatus,60670,210,0.268460667104721
Cinnyris notatus,60671,210,55.1858136247363
Cinnyris notatus,60672,210,2.59390059166038
Cinnyris notatus,60673,210,0.178794425736427
Cinnyris notatus,50113,213,0.62064821295929
Cinnyris notatus,50154,213,0.265972006813645
Cinnyris notatus,50196,213,0.709200345668078
Cinnyris notatus,50236,213,0.177290677110195
Cinnyris notatus,60264,213,57.2471492280874
Cinnyris notatus,60266,213,0.177275942426443
Cinnyris notatus,60267,213,0.177274304782152
Cinnyris notatus,60421,213,30.9497681570725
Cinnyris notatus,60422,213,9.04229392747104
Cinnyris notatus,60579,213,29.2747668395581
Cinnyris notatus,47815,222,17.0539151583064
Cinnyris notatus,5871,230,0.275725132784665
Cinnyris notatus,6048,230,1.10270865664881
Cinnyris notatus,6049,230,0.551364106284559
Cinnyris notatus,6250,230,0.459394665796399
Cinnyris notatus,7147,230,1.19502663136083
Cinnyris notatus,21168,230,195.785593592067
Cinnyris notatus,60011,230,50.5514532191371
Cinnyris notatus,60649,230,0.091887688995719
Cinnyris notatus,60650,230,0.0919312846174836
Cinnyris notatus,60651,230,0.0919289977338314
Cinnyris notatus,60652,230,0.735322067886293
Cinnyris notatus,60653,230,0.091911819108069
Cinnyris notatus,60654,230,0.459547624912083
Cinnyris notatus,60655,230,0.0919106721719503
Cinnyris notatus,60659,230,190.94944072833
Cinnyris notatus,60660,230,102.725346812851
Cinnyris notatus,60661,230,13.978461476303
Cinnyris notatus,60662,230,0.367843747830331
Cinnyris notatus,60663,230,6.25186649493616
Cinnyris notatus,60664,230,0.183868284008086
Cinnyris notatus,60665,230,59.9336014325963
Cinnyris notatus,60615,241,154.383117306561
Cinnyris notatus,60536,236,125.274567141177
Cinnyris notatus,60624,238,102.681062214265
Cinnyris notatus,60676,238,21.60300644752
Cinnyris notatus,60677,238,25.4417283819299
Cinnyris notatus,60678,238,1.28132291198808
Cinnyris notatus,60679,238,2.83687293919438
Cinnyris notatus,60674,242,0.0916675103770494
Cinnyris notatus,60675,242,23.8284303085826
Cinnyris notatus,15179,239,0.364942030490041
Cinnyris notatus,15198,239,0.456175956650972
Cinnyris notatus,15498,239,76.4671489871728
Cinnyris notatus,60656,239,35.3212407156859
Cinnyris notatus,60657,239,0.182548627367735
Cinnyris notatus,60658,239,24.727618853068
Cinnyris notatus,60646,240,16.2246258515832
Copsychus albospecularis,5,1,28.9378063311858
Copsychus albospecularis,9803,1,6.77328179594052
Copsychus albospecularis,10052,1,3.80180155321062
Copsychus albospecularis,9960,3,104.429400195702
Copsychus albospecularis,10051,3,3.04359843366915
Copsychus albospecularis,10067,3,0.276701035475612
Copsychus albospecularis,10069,3,0.737800251060188
Copsychus albospecularis,10070,3,0.276669520625651
Copsychus albospecularis,9896,26,13.3977201621131
Copsychus albospecularis,9897,26,3.88989244451857
Copsychus albospecularis,9905,29,30.9335068643161
Copsychus albospecularis,9906,29,18.1482495478409
Copsychus albospecularis,7310,33,0.62064821295929
Copsychus albospecularis,7317,33,0.265972006813645
Copsychus albospecularis,7333,33,0.709200345668078
Copsychus albospecularis,9833,33,57.2471492280874
Copsychus albospecularis,9908,33,30.9497681570725
Copsychus albospecularis,9909,33,9.04229392747104
Copsychus albospecularis,10005,33,29.2747668395581
Copsychus albospecularis,4736,34,17.0539151583064
Copsychus albospecularis,9825,44,125.274567141177
Copsychus albospecularis,2029,45,195.785593592067
Copsychus albospecularis,10054,45,190.94944072833
Copsychus albospecularis,10055,45,102.725346812851
Copsychus albospecularis,10056,45,13.978461476303
Copsychus albospecularis,10057,45,0.367843747830331
Copsychus albospecularis,10058,45,6.25186649493616
Copsychus albospecularis,10060,45,59.9336014325963
Copsychus albospecularis,10024,48,154.383117306561
Copsychus albospecularis,10033,46,102.681062214265
Copsychus albospecularis,10062,46,23.8284303085826
Copsychus albospecularis,10063,46,21.60300644752
Copsychus albospecularis,10064,46,25.4417283819299
Copsychus albospecularis,10065,46,1.28132291198808
Copsychus albospecularis,10066,46,2.83687293919438
Copsychus albospecularis,9970,47,16.2246258515832
Coracopsis nigra,65,1,39.9750370469875
Coracopsis nigra,7605,1,6.77328179594052
Coracopsis nigra,8123,1,3.80180155321062
Coracopsis nigra,8073,13,58.5827889701188
Coracopsis nigra,8158,13,24.727618853068
Coracopsis nigra,811,14,50.5514532191371
Coracopsis nigra,813,14,1.10270865664881
Coracopsis nigra,915,14,1.19502663136083
Coracopsis nigra,2388,14,195.785593592067
Coracopsis nigra,8091,14,154.383117306561
Coracopsis nigra,8092,14,1.56092040797824
Coracopsis nigra,8132,14,190.94944072833
Coracopsis nigra,8133,14,102.633381326643
Coracopsis nigra,8134,14,13.978461476303
Coracopsis nigra,8136,14,6.25186649493616
Coracopsis nigra,8138,14,59.9336014325963
Coracopsis nigra,7984,33,104.429400195702
Coracopsis nigra,8119,33,3.04359843366915
Coracopsis nigra,7993,34,125.274567141177
Coracopsis nigra,8100,35,102.681062214265
Coracopsis nigra,8160,35,23.8284303085826
Coracopsis nigra,8161,35,21.60300644752
Coracopsis nigra,8162,35,25.4417283819299
Coracopsis nigra,8163,35,1.28132291198808
Coracopsis nigra,8164,35,2.83687293919438
Coracopsis nigra,3674,16,19.9646457705052
Coracopsis nigra,3717,16,47.1909870244825
Coracopsis nigra,7899,16,1.07920972973263
Coracopsis nigra,7826,17,6.66637044837762
Coracopsis nigra,7828,17,29.4123165165247
Coracopsis nigra,7829,17,13.3977201621131
Coracopsis nigra,7830,17,3.88989244451857
Coracopsis nigra,7860,22,30.9335068643161
Coracopsis nigra,7861,22,18.1482495478409
Coracopsis nigra,7701,24,57.2471492280874
Coracopsis nigra,7880,24,30.9497681570725
Coracopsis nigra,7881,24,9.04229392747104
Coracopsis nigra,8060,24,29.2747668395581
Coracopsis nigra,6420,27,24.5619109370911
Coracopsis nigra,6823,27,60.1396754999989
Coracopsis nigra,7202,27,1.12990891148841
Coracopsis nigra,7570,27,1.65290511830437
Coracopsis nigra,7571,27,4.26181091131223
Coracopsis nigra,7572,27,25.3907382258146
Coracopsis nigra,7863,27,4.86376414093649
Coracopsis nigra,8150,27,6.68998903768658
Coracopsis nigra,8152,27,5.29766820695078
Coracopsis nigra,8154,27,1.12918469713926
Coracopsis nigra,4171,32,16.3121433096249
Coracopsis nigra,4190,32,25.797282117154
Coracopsis nigra,4302,32,68.3098187123837
Coracopsis nigra,4771,32,98.371248031032
Coracopsis nigra,7841,32,26.5383701395922
Coracopsis nigra,8139,32,15.5020643662589
Coracopsis nigra,8140,32,1.07537598973155
Coracopsis nigra,8141,32,61.9399931070426
Coracopsis nigra,8144,32,71.7263411226956
Coracopsis nigra,8145,32,2.59390059166038
Coracopsis nigra,8147,32,10.8090685387814
Corythornis madagascariensis,5101,18,104.429400195702
Corythornis madagascariensis,5203,18,3.04359843366915
Corythornis madagascariensis,1393,21,76.1933954013773
Corythornis madagascariensis,5211,21,24.727618853068
Corythornis madagascariensis,2862,27,15.5020643662589
Corythornis madagascariensis,2877,27,25.797282117154
Corythornis madagascariensis,2892,27,40.9179544183476
Corythornis madagascariensis,3041,27,42.3071810174446
Corythornis madagascariensis,5220,27,28.4639053215554
Corythornis madagascariensis,5221,27,13.8746797413236
Corythornis madagascariensis,4864,31,57.2471492280874
Corythornis madagascariensis,5011,31,30.9497681570725
Corythornis madagascariensis,5012,31,9.04229392747104
Corythornis madagascariensis,5152,31,29.2747668395581
Corythornis madagascariensis,601,32,50.5514532191371
Corythornis madagascariensis,1733,32,195.785593592067
Corythornis madagascariensis,5176,32,154.383117306561
Corythornis madagascariensis,5212,32,190.94944072833
Corythornis madagascariensis,5213,32,102.633381326643
Corythornis madagascariensis,5214,32,13.978461476303
Corythornis madagascariensis,5216,32,6.25186649493616
Corythornis madagascariensis,5218,32,59.9336014325963
Corythornis madagascariensis,5110,34,125.274567141177
Corythornis madagascariensis,5185,36,102.681062214265
Corythornis madagascariensis,5225,36,23.8284303085826
Corythornis madagascariensis,5226,36,21.60300644752
Corythornis madagascariensis,5227,36,25.4417283819299
Corythornis madagascariensis,5229,36,2.83687293919438
Coua caerulea,124,2,195.785593592067
Coua caerulea,1063,2,154.383117306561
Coua caerulea,1093,2,190.94944072833
Coua caerulea,1094,2,102.725346812851
Coua caerulea,1095,2,13.978461476303
Coua caerulea,1097,2,6.25186649493616
Coua caerulea,1099,2,59.9336014325963
Coua caerulea,1072,10,102.681062214265
Coua caerulea,1101,10,23.8284303085826
Coua caerulea,1102,10,21.60300644752
Coua caerulea,1103,10,25.4417283819299
Coua caerulea,1105,10,2.83687293919438
Coua caerulea,926,8,57.2471492280874
Coua caerulea,982,8,30.9497681570725
Coua caerulea,983,8,9.04229392747104
Coua caerulea,1051,8,29.2747668395581
Coua caerulea,1019,9,125.274567141177
Coua caerulea,1092,9,16.2246258515832
Coua coquereli,1489,5,19.9646457705052
Coua coquereli,1510,5,47.1909870244825
Coua coquereli,625,14,76.1933954013773
Coua coquereli,2649,14,34.9561422077829
Coua coquereli,2651,14,24.727618853068
Coua coquereli,1595,15,25.797282117154
Coua coquereli,1640,15,73.5898853657199
Coua coquereli,1672,15,1.87495118889773
Coua coquereli,1674,15,98.371248031032
Coua coquereli,2503,15,16.3121433096249
Coua coquereli,2563,15,7.14406051427555
Coua coquereli,2648,15,43.0398890354031
Coua coquereli,2656,15,61.9399931070426
Coua coquereli,2659,15,71.7263411226956
Coua coquereli,2660,15,2.59390059166038
Coua coquereli,2662,15,10.8090685387814
Coua coquereli,2663,15,15.5020643662589
Coua cristata,2442,9,19.9646457705052
Coua cristata,2472,9,47.1909870244825
Coua cristata,4812,9,1.07920972973263
Coua cristata,688,12,50.5514532191371
Coua cristata,689,12,1.10270865664881
Coua cristata,769,12,1.19502663136083
Coua cristata,1692,12,195.785593592067
Coua cristata,4988,12,154.383117306561
Coua cristata,5026,12,190.94944072833
Coua cristata,5027,12,102.633381326643
Coua cristata,5028,12,13.978461476303
Coua cristata,5030,12,6.25186649493616
Coua cristata,5032,12,59.9336014325963
Coua cristata,4890,34,104.429400195702
Coua cristata,5018,34,3.04359843366915
Coua cristata,4997,35,102.681062214265
Coua cristata,5005,35,24.0690321273916
Coua cristata,5054,35,23.8284303085826
Coua cristata,2712,28,16.3121433096249
Coua cristata,2723,28,25.797282117154
Coua cristata,2777,28,68.3098187123837
Coua cristata,2926,28,98.371248031032
Coua cristata,4770,28,26.5383701395922
Coua cristata,5033,28,15.5020643662589
Coua cristata,5035,28,61.9399931070426
Coua cristata,5038,28,71.7263411226956
Coua cristata,5039,28,2.59390059166038
Coua cristata,5041,28,10.8090685387814
Coua cristata,3944,32,4.86376414093649
Coua cristata,4028,32,34.3158273423469
Coua cristata,4949,32,9.64850369343591
Coua cristata,5045,32,1.4775838057574
Coua cristata,5047,32,1.12918469713926
Coua cristata,5050,32,6.68998903768658
Coua cristata,5051,32,7.73337159750998
Coua cristata,5052,32,5.29766820695078
Coua cristata,4899,33,125.274567141177
Coua cursor,599,4,4.26181091131223
Coua cursor,616,4,4.86376414093649
Coua cursor,637,4,60.1396754999989
Coua cursor,644,4,25.3907382258146
Coua cursor,648,4,6.68998903768658
Coua cursor,650,4,5.29766820695078
Coua gigas,540,2,19.9646457705052
Coua gigas,547,2,47.1909870244825
Coua gigas,578,2,25.797282117154
Coua gigas,591,2,73.5898853657199
Coua gigas,606,2,98.371248031032
Coua gigas,1155,2,16.3121433096249
Coua gigas,1221,2,7.14406051427555
Coua gigas,1279,2,43.0398890354031
Coua gigas,1336,2,61.9399931070426
Coua gigas,1339,2,71.7263411226956
Coua gigas,1342,2,10.8090685387814
Coua gigas,1348,2,15.5020643662589
Coua reynaudii,54,2,176.452361379003
Coua reynaudii,59,2,6.25186649493616
Coua reynaudii,64,2,174.28967293025
Coua reynaudii,872,2,154.383117306561
Coua reynaudii,913,2,47.086892150841
Coua reynaudii,914,2,25.8418336022728
Coua reynaudii,915,2,30.0587182645794
Coua reynaudii,90,6,102.681062214265
Coua reynaudii,917,6,23.8284303085826
Coua reynaudii,875,7,125.274567141177
Coua ruficeps,22,1,76.4671489871728
Coua ruficeps,42,1,24.727618853068
Coua ruficeps,23,3,16.3121433096249
Coua ruficeps,31,3,25.797282117154
Coua ruficeps,36,3,73.5898853657199
Coua ruficeps,38,3,61.9399931070426
Coua ruficeps,40,3,69.519772768163
Coua ruficeps,49,3,3.39967339116132
Coua ruficeps,50,3,2.59390059166038
Coua ruficeps,51,3,28.9720579655239
Coua serriana,5,1,104.429400195702
Coua serriana,134,6,195.785593592067
Coua serriana,1171,6,154.383117306561
Coua serriana,1172,6,1.56092040797824
Coua serriana,1180,6,190.94944072833
Coua serriana,1181,6,14.5332825320594
Coua serriana,1182,6,55.5464891758025
Coua serriana,1183,6,30.0587182645794
Coua serriana,1027,7,125.274567141177
Coua serriana,1132,7,16.2246258515832
Coua serriana,1074,8,29.8631255431847
Coua serriana,1179,8,31.595939075628
Coua serriana,1185,8,23.8284303085826
Coua serriana,1186,8,11.1756578667679
Coua serriana,1187,8,25.4417283819299
Coua serriana,1189,8,2.83687293919438
Coua serriana,796,5,57.2471492280874
Coua serriana,1114,5,30.9497681570725
Coua serriana,1160,5,29.2747668395581
Crossleyia xanthophrys,26,8,59.1002417942756
Crossleyia xanthophrys,412,47,29.2747668395581
Crossleyia xanthophrys,27,9,47.6733437306398
Crossleyia xanthophrys,28,9,29.9938599894238
Crossleyia xanthophrys,29,10,42.8038279584708
Crossleyia xanthophrys,424,10,28.7459032692854
Crossleyia xanthophrys,74,15,30.0463397286835
Crossleyia xanthophrys,107,21,17.0539151583064
Crossleyia xanthophrys,423,38,30.9335068643161
Cryptosylvicola randrianasoloi,35,7,29.9084357813374
Cryptosylvicola randrianasoloi,42,9,21.3361365445369
Cryptosylvicola randrianasoloi,43,9,25.8418336022728
Cryptosylvicola randrianasoloi,45,9,0.367843747830331
Cryptosylvicola randrianasoloi,527,9,30.0587182645794
Cryptosylvicola randrianasoloi,15,4,30.0991205968397
Cryptosylvicola randrianasoloi,22,4,28.994535561033
Cryptosylvicola randrianasoloi,508,43,57.2471492280874
Cryptosylvicola randrianasoloi,509,43,29.2747668395581
Cryptosylvicola randrianasoloi,521,43,30.9497681570725
Cryptosylvicola randrianasoloi,52,49,69.3513849867786
Cyanolanius madagascarinus,530,87,0.370271373195112
Cyanolanius madagascarinus,531,87,0.46283412528491
Cyanolanius madagascarinus,535,87,43.0377824654047
Cyanolanius madagascarinus,562,87,1.48074673073447
Cyanolanius madagascarinus,564,87,1.66577102635723
Cyanolanius madagascarinus,570,87,0.277623898765862
Cyanolanius madagascarinus,576,87,0.277610584835649
Cyanolanius madagascarinus,254,91,39.9750370469875
Cyanolanius madagascarinus,25284,91,6.77328179594052
Cyanolanius madagascarinus,25748,91,3.80180155321062
Cyanolanius madagascarinus,25629,101,104.429400195702
Cyanolanius madagascarinus,25744,101,3.04359843366915
Cyanolanius madagascarinus,25780,101,0.276701035475612
Cyanolanius madagascarinus,25782,101,0.737800251060188
Cyanolanius madagascarinus,25783,101,0.276669520625651
Cyanolanius madagascarinus,25401,121,0.259112805699706
Cyanolanius madagascarinus,25494,121,6.66637044837762
Cyanolanius madagascarinus,25496,121,29.4123165165247
Cyanolanius madagascarinus,25497,121,13.3977201621131
Cyanolanius madagascarinus,25498,121,3.88989244451857
Cyanolanius madagascarinus,14621,123,1.07920972973263
Cyanolanius madagascarinus,25547,123,19.9646457705052
Cyanolanius madagascarinus,25520,124,30.9335068643161
Cyanolanius madagascarinus,25521,124,18.1482495478409
Cyanolanius madagascarinus,14777,126,47.1909870244825
Cyanolanius madagascarinus,16416,129,16.3121433096249
Cyanolanius madagascarinus,16487,129,25.797282117154
Cyanolanius madagascarinus,16892,129,59.1812618295404
Cyanolanius madagascarinus,17195,129,54.8702466674372
Cyanolanius madagascarinus,25511,129,26.5383701395922
Cyanolanius madagascarinus,25768,129,15.5020643662589
Cyanolanius madagascarinus,25769,129,1.07537598973155
Cyanolanius madagascarinus,25771,129,0.268460667104721
Cyanolanius madagascarinus,25772,129,42.3071810174446
Cyanolanius madagascarinus,21056,130,0.62064821295929
Cyanolanius madagascarinus,21071,130,0.265972006813645
Cyanolanius madagascarinus,21096,130,0.709200345668078
Cyanolanius madagascarinus,25380,130,57.2471492280874
Cyanolanius madagascarinus,25527,130,30.9497681570725
Cyanolanius madagascarinus,25528,130,9.04229392747104
Cyanolanius madagascarinus,25680,130,29.2747668395581
Cyanolanius madagascarinus,18365,136,81.6573790960747
Cyanolanius madagascarinus,25773,136,10.8090685387814
Cyanolanius madagascarinus,20010,140,17.0539151583064
Cyanolanius madagascarinus,2871,146,0.275725132784665
Cyanolanius madagascarinus,2947,146,1.10270865664881
Cyanolanius madagascarinus,2948,146,0.551364106284559
Cyanolanius madagascarinus,3016,146,0.459394665796399
Cyanolanius madagascarinus,3373,146,1.19502663136083
Cyanolanius madagascarinus,9004,146,195.785593592067
Cyanolanius madagascarinus,25144,146,50.5514532191371
Cyanolanius madagascarinus,25753,146,0.735322067886293
Cyanolanius madagascarinus,25755,146,0.459547624912083
Cyanolanius madagascarinus,25760,146,190.94944072833
Cyanolanius madagascarinus,25761,146,102.725346812851
Cyanolanius madagascarinus,25762,146,13.978461476303
Cyanolanius madagascarinus,25763,146,0.367843747830331
Cyanolanius madagascarinus,25764,146,6.25186649493616
Cyanolanius madagascarinus,25766,146,59.9336014325963
Cyanolanius madagascarinus,25716,158,154.383117306561
Cyanolanius madagascarinus,25638,153,125.274567141177
Cyanolanius madagascarinus,25725,155,102.681062214265
Cyanolanius madagascarinus,25775,155,23.8284303085826
Cyanolanius madagascarinus,25776,155,21.60300644752
Cyanolanius madagascarinus,25777,155,25.4417283819299
Cyanolanius madagascarinus,25778,155,1.28132291198808
Cyanolanius madagascarinus,25779,155,2.83687293919438
Cyanolanius madagascarinus,6726,156,0.364942030490041
Cyanolanius madagascarinus,6733,156,0.456175956650972
Cyanolanius madagascarinus,6827,156,76.4671489871728
Cyanolanius madagascarinus,25757,156,35.3212407156859
Cyanolanius madagascarinus,25759,156,24.727618853068
Cyanolanius madagascarinus,25747,157,16.2246258515832
Daubentonia madagascariensis,3185,50,26.5383701396007
Daubentonia madagascariensis,2921,37,46.0228045271878
Daubentonia madagascariensis,28,1,39.9750370469875
Daubentonia madagascariensis,314,13,104.429400195702
Daubentonia madagascariensis,5362,167,125.274567141177
Daubentonia madagascariensis,717,173,50.5514532191371
Daubentonia madagascariensis,720,173,1.10270865664881
Daubentonia madagascariensis,721,173,0.551364106284559
Daubentonia madagascariensis,5440,184,102.681062214265
Daubentonia madagascariensis,5487,193,21.60300644752
Daubentonia madagascariensis,5488,193,25.4417283819299
Daubentonia madagascariensis,5489,193,1.28132291198808
Daubentonia madagascariensis,5490,193,2.83687293919438
Daubentonia madagascariensis,605,186,34.4246757473745
Daubentonia madagascariensis,5400,186,19.3332322130632
Daubentonia madagascariensis,5478,186,27.3374724883343
Daubentonia madagascariensis,5479,186,24.3872932737229
Daubentonia madagascariensis,5475,192,31.5867721344194
Echinops telfairi,88,15,9.25542923517931
Echinops telfairi,89,15,1.48074673073447
Echinops telfairi,90,15,1.4806853566674
Echinops telfairi,91,15,0.277623898765862
Echinops telfairi,7705,709,43.0398890354031
Echinops telfairi,1309,127,17.6106064312585
Echinops telfairi,3530,263,19.9646457705052
Echinops telfairi,5677,395,52.9723472372855
Echinops telfairi,1347,620,34.9561422077829
Echinops telfairi,7764,726,24.727618853068
Echinops telfairi,3915,634,0.714404974963069
Echinops telfairi,3955,634,98.371248031032
Echinops telfairi,7556,634,7.14406051427555
Echinops telfairi,7775,634,10.8090685387814
Echinops telfairi,7769,727,61.9399931070426
Echinops telfairi,7772,728,71.7263411226956
Echinops telfairi,7262,639,47.1909870244825
Echinops telfairi,7565,666,4.26181091131223
Echinops telfairi,7763,666,60.1396754999989
Echinops telfairi,7789,666,25.3907382258146
Echinops telfairi,7791,666,0.347746593876839
Echinops telfairi,7793,666,6.68998903768658
Echinops telfairi,3689,672,25.797282117154
Echinops telfairi,7462,729,16.3121433096249
Echinops telfairi,7782,729,15.5020643662589
Echinops telfairi,7783,729,1.07537598973155
Echinops telfairi,7479,673,61.6910012333192
Echinops telfairi,3825,707,73.5898853657199
Echinops telfairi,7768,707,1.07378921723688
Echinops telfairi,6604,725,34.3158273423469
Echinops telfairi,7777,725,0.52279803142643
Eliurus grandidieri,6,2,30.0991205968286
Eliurus grandidieri,7,3,28.9945355610228
Eliurus grandidieri,8,4,30.0587182645782
Eliurus grandidieri,13,6,28.1094555150568
Eliurus grandidieri,48,20,57.2471492280874
Eliurus majori,9335,551,29.4123165165247
Eliurus majori,9371,565,29.2747668395581
Eliurus majori,9479,565,30.9497681570725
Eliurus majori,778,615,50.5514532191371
Eliurus majori,782,615,0.551364106284559
Eliurus majori,3,1,6.77328179594052
Eliurus majori,9368,617,28.8450665179896
Eliurus majori,9513,3,104.429400195702
Eliurus majori,9465,552,6.66637044837762
Eliurus majori,9467,554,13.3977201621131
Eliurus majori,9468,555,3.88989244451857
Eliurus majori,9474,566,30.9335068643161
Eliurus majori,9475,618,18.1482495478409
Eliurus majori,7215,577,17.0539151583064
Eliurus majori,9522,605,102.681062214265
Eliurus majori,9559,619,21.60300644752
Eliurus majori,1296,616,195.785593592067
Eliurus majori,9552,616,190.94944072833
Eliurus majori,9553,620,102.633381326643
Eliurus majori,9557,620,0.183868284008086
Eliurus majori,9558,620,59.9336014325963
Eliurus majori,9554,621,13.978461476303
Eliurus majori,9555,621,0.367843747830331
Eliurus majori,9556,622,6.25186649493616
Eliurus minor,202,49,43.0377824654047
Eliurus minor,213,49,1.48074673073447
Eliurus minor,214,49,1.66577102635723
Eliurus minor,215,49,0.277623898765862
Eliurus minor,9953,1833,29.4123165165247
Eliurus minor,1269,1669,50.5514532191371
Eliurus minor,1271,1669,0.551364106284559
Eliurus minor,83,6,39.9750370469875
Eliurus minor,9807,1939,6.77328179594052
Eliurus minor,10166,1940,3.80180155321062
Eliurus minor,2036,335,125.274567141177
Eliurus minor,4838,759,19.9646457705052
Eliurus minor,6036,981,10.7397817321527
Eliurus minor,10181,1941,10.7353356653999
Eliurus minor,8041,1701,0.265972006813645
Eliurus minor,9846,1701,57.2471492280874
Eliurus minor,9973,1701,30.9497681570725
Eliurus minor,9974,1701,9.04229392747104
Eliurus minor,10106,1701,29.2747668395581
Eliurus minor,9951,1831,6.66637044837762
Eliurus minor,9954,1834,13.3977201621131
Eliurus minor,9955,1835,3.88989244451857
Eliurus minor,9968,1848,30.9335068643161
Eliurus minor,9969,1942,18.1482495478409
Eliurus minor,7684,1856,17.0539151583064
Eliurus minor,10058,1889,104.429400195702
Eliurus minor,10068,1893,4.2167900233351
Eliurus minor,10121,1915,10.6776572194347
Eliurus minor,3138,1917,195.785593592067
Eliurus minor,10174,1917,190.94944072833
Eliurus minor,10175,1943,102.633381326643
Eliurus minor,10179,1943,0.183868284008086
Eliurus minor,10180,1943,59.9336014325963
Eliurus minor,10176,1944,13.978461476303
Eliurus minor,10178,1945,6.25186649493616
Eliurus minor,10139,1922,154.383117306561
Eliurus minor,10148,1927,102.681062214265
Eliurus minor,10184,1946,23.8284303085826
Eliurus minor,10185,1947,21.60300644752
Eliurus minor,10186,1948,25.4417283819299
Eliurus minor,10188,1949,2.83687293919438
Eliurus minor,10165,1938,3.04359843366915
Eliurus myoxinus,318,29,0.370271373195112
Eliurus myoxinus,320,29,0.46283412528491
Eliurus myoxinus,325,29,43.0377824654047
Eliurus myoxinus,326,29,0.185130594589651
Eliurus myoxinus,340,29,1.48074673073447
Eliurus myoxinus,341,29,1.66577102635723
Eliurus myoxinus,343,29,0.277623898765862
Eliurus myoxinus,345,29,0.277610584835649
Eliurus myoxinus,16970,887,0.265972006813645
Eliurus myoxinus,17026,887,9.04229392747104
Eliurus myoxinus,24618,1919,29.4123165165247
Eliurus myoxinus,24655,1939,43.0398890354031
Eliurus myoxinus,2399,1813,50.5514532191371
Eliurus myoxinus,2403,1813,0.551364106284559
Eliurus myoxinus,69,2,39.9750370469875
Eliurus myoxinus,24520,1986,6.77328179594052
Eliurus myoxinus,24824,1987,3.80180155321062
Eliurus myoxinus,12395,600,19.9646457705052
Eliurus myoxinus,20279,1067,52.9723472372855
Eliurus myoxinus,24852,1067,0.0876808440185785
Eliurus myoxinus,14533,1800,0.714404974963069
Eliurus myoxinus,14565,1800,0.178579506715536
Eliurus myoxinus,14713,1800,98.371248031032
Eliurus myoxinus,24491,1800,7.14406051427555
Eliurus myoxinus,24851,1800,10.8090685387814
Eliurus myoxinus,24845,1988,61.9399931070426
Eliurus myoxinus,24848,1989,71.7263411226956
Eliurus myoxinus,13902,1850,25.797282117154
Eliurus myoxinus,24415,1990,16.3121433096249
Eliurus myoxinus,24861,1990,15.5020643662589
Eliurus myoxinus,24862,1990,1.07537598973155
Eliurus myoxinus,24423,1853,61.6910012333192
Eliurus myoxinus,22891,1886,60.1396754999989
Eliurus myoxinus,24496,1886,4.26181091131223
Eliurus myoxinus,24853,1886,25.3907382258146
Eliurus myoxinus,24854,1886,0.086968773129344
Eliurus myoxinus,24855,1886,0.347746593876839
Eliurus myoxinus,24857,1886,6.68998903768658
Eliurus myoxinus,24647,1991,4.86376414093649
Eliurus myoxinus,24863,1991,0.0868565272495747
Eliurus myoxinus,24859,1992,5.29766820695078
Eliurus myoxinus,24860,1992,0.0868583734178543
Eliurus myoxinus,5192,1907,76.1933954013773
Eliurus myoxinus,5208,1907,0.364942030490041
Eliurus myoxinus,5247,1907,0.456175956650972
Eliurus myoxinus,24832,1993,34.9561422077829
Eliurus myoxinus,24834,1994,24.727618853068
Eliurus myoxinus,24616,1917,6.66637044837762
Eliurus myoxinus,24619,1920,13.3977201621131
Eliurus myoxinus,24620,1921,3.88989244451857
Eliurus myoxinus,24646,1932,30.9335068643161
Eliurus myoxinus,12552,1933,47.1909870244825
Eliurus myoxinus,14315,1937,73.5898853657199
Eliurus myoxinus,24841,1937,0.089502147397399
Eliurus myoxinus,24842,1937,0.0894929949085712
Eliurus myoxinus,24843,1937,0.0894914687683582
Eliurus myoxinus,24844,1937,1.07378921723688
Eliurus myoxinus,24730,1969,104.429400195702
Eliurus myoxinus,24823,1995,3.04359843366915
Eliurus myoxinus,24879,1995,0.276669520625651
Eliurus myoxinus,24760,1975,8.57111013211166
Eliurus myoxinus,7422,1981,102.681062214265
Eliurus myoxinus,24836,1996,23.8284303085826
Eliurus myoxinus,24837,1997,21.60300644752
Eliurus myoxinus,24838,1998,25.4417283819299
Eliurus myoxinus,24734,1982,190.94944072833
Eliurus myoxinus,24869,1982,106.678284714852
Eliurus myoxinus,24868,1999,59.1002417942903
Eliurus myoxinus,24870,2000,102.633381326643
Eliurus myoxinus,24874,2000,0.183868284008086
Eliurus myoxinus,24875,2000,59.9336014325963
Eliurus myoxinus,24871,2001,13.978461476303
Eliurus myoxinus,24872,2001,0.367843747830331
Eliurus myoxinus,24873,2002,6.25186649493616
Eliurus myoxinus,24805,1985,55.2934602975934
Eliurus tanala,11357,717,29.4123165165247
Eliurus tanala,969,701,50.5514532191371
Eliurus tanala,974,701,0.551364106284559
Eliurus tanala,7,1,6.77328179594052
Eliurus tanala,218,9,104.429400195702
Eliurus tanala,11551,790,3.04359843366915
Eliurus tanala,11566,790,0.276669520625651
Eliurus tanala,11467,718,6.66637044837762
Eliurus tanala,11469,720,13.3977201621131
Eliurus tanala,11470,721,3.88989244451857
Eliurus tanala,9157,724,0.265972006813645
Eliurus tanala,11387,724,57.2471492280874
Eliurus tanala,11482,724,30.9497681570725
Eliurus tanala,11483,724,9.04229392747104
Eliurus tanala,11544,724,29.2747668395581
Eliurus tanala,11477,740,30.9335068643161
Eliurus tanala,11478,791,18.1482495478409
Eliurus tanala,8459,747,17.0539151583064
Eliurus tanala,11527,779,102.681062214265
Eliurus tanala,11559,792,21.60300644752
Eliurus tanala,11560,793,25.4417283819299
Eliurus tanala,1592,789,195.785593592067
Eliurus tanala,11552,789,190.94944072833
Eliurus tanala,11553,794,102.633381326643
Eliurus tanala,11557,794,0.183868284008086
Eliurus tanala,11558,794,59.9336014325963
Eliurus tanala,11554,795,13.978461476303
Eliurus tanala,11555,795,0.367843747830331
Eliurus tanala,11556,796,6.25186649493616
Eliurus webbi,14940,887,29.4123165165247
Eliurus webbi,1416,714,50.5514532191371
Eliurus webbi,1419,714,0.551364106284559
Eliurus webbi,14938,885,6.66637044837762
Eliurus webbi,14941,888,13.3977201621131
Eliurus webbi,14942,889,3.88989244451857
Eliurus webbi,10998,891,0.265972006813645
Eliurus webbi,14849,891,57.2471492280874
Eliurus webbi,14954,891,30.9497681570725
Eliurus webbi,14955,891,9.04229392747104
Eliurus webbi,15075,891,29.2747668395581
Eliurus webbi,14949,895,30.9335068643161
Eliurus webbi,14950,967,18.1482495478409
Eliurus webbi,10084,900,17.0539151583064
Eliurus webbi,15027,929,104.429400195702
Eliurus webbi,15125,968,3.04359843366915
Eliurus webbi,15145,968,0.276669520625651
Eliurus webbi,3597,944,195.785593592067
Eliurus webbi,15129,944,190.94944072833
Eliurus webbi,15130,969,102.633381326643
Eliurus webbi,15134,969,0.183868284008086
Eliurus webbi,15135,969,59.9336014325963
Eliurus webbi,15131,970,13.978461476303
Eliurus webbi,15132,970,0.367843747830331
Eliurus webbi,15133,971,6.25186649493616
Eliurus webbi,15036,945,125.274567141177
Eliurus webbi,15098,949,154.383117306561
Eliurus webbi,15107,954,102.681062214265
Eliurus webbi,15137,972,23.8284303085826
Eliurus webbi,15138,973,21.60300644752
Eliurus webbi,15139,974,25.4417283819299
Eliurus webbi,15128,966,16.2246258515832
Eremopterix hova,1588,35,0.522154991519928
Eremopterix hova,1602,35,34.3158273423469
Eremopterix hova,1606,35,0.52279803142643
Eulemur albifrons,150,5,7.65654382250804
Eulemur albifrons,156,5,38.0976185701198
Eulemur albifrons,1682,94,195.785593592067
Eulemur albifrons,4561,94,24.3872932737229
Eulemur albifrons,830,130,0.275725132784665
Eulemur albifrons,861,130,45.2219258370845
Eulemur albifrons,863,130,0.551364106284559
Eulemur albifrons,4521,130,1.19502663136083
Eulemur albifrons,4564,130,0.735322067886293
Eulemur albifrons,4566,130,0.459547624912083
Eulemur albifrons,4517,136,125.274567141177
Eulemur albifrons,4548,142,102.681062214265
Eulemur albifrons,4568,153,21.60300644752
Eulemur albifrons,4569,153,25.4417283819299
Eulemur albifrons,4570,153,1.28132291198808
Eulemur albifrons,4571,153,2.83687293919438
Eulemur albifrons,4560,149,16.2246258515832
Eulemur albifrons,4534,152,154.383117306561
Eulemur cinereiceps,452,166,0.370271373195112
Eulemur cinereiceps,454,166,0.46283412528491
Eulemur cinereiceps,457,166,43.0377824654047
Eulemur cinereiceps,458,166,0.185130594589651
Eulemur cinereiceps,475,166,1.48074673073447
Eulemur cinereiceps,476,166,1.66577102635723
Eulemur cinereiceps,478,166,0.277623898765862
Eulemur cinereiceps,480,166,0.277610584835649
Eulemur cinereiceps,31430,622,29.4123165165247
Eulemur cinereiceps,31463,631,43.0398890354031
Eulemur cinereiceps,5182,37,23.6059681205679
Eulemur cinereiceps,5311,37,13.0809081293918
Eulemur cinereiceps,215,222,39.9750370469875
Eulemur cinereiceps,31572,385,104.429400195702
Eulemur cinereiceps,20718,502,68.3098187123837
Eulemur cinereiceps,31700,502,61.9399931070426
Eulemur cinereiceps,31701,502,0.178990567408919
Eulemur cinereiceps,31702,502,0.268460667104721
Eulemur cinereiceps,22476,697,97.3878840771733
Eulemur cinereiceps,31706,697,10.8090685387814
Eulemur cinereiceps,31703,698,55.1858136247363
Eulemur cinereiceps,31704,698,2.59390059166038
Eulemur cinereiceps,20246,543,25.797282117154
Eulemur cinereiceps,30949,699,16.3121433096249
Eulemur cinereiceps,31707,699,15.5020643662589
Eulemur cinereiceps,31708,699,1.07537598973155
Eulemur cinereiceps,25546,610,0.62064821295929
Eulemur cinereiceps,25566,610,0.265972006813645
Eulemur cinereiceps,25588,610,0.709200345668078
Eulemur cinereiceps,25609,610,0.177290677110195
Eulemur cinereiceps,31309,610,57.2471492280874
Eulemur cinereiceps,31311,610,0.177275942426443
Eulemur cinereiceps,31312,610,0.177274304782152
Eulemur cinereiceps,31468,610,30.9497681570725
Eulemur cinereiceps,31469,610,9.04229392747104
Eulemur cinereiceps,31622,610,29.2747668395581
Eulemur cinereiceps,31431,623,13.3977201621131
Eulemur cinereiceps,7203,625,76.1933954013773
Eulemur cinereiceps,7223,625,0.364942030490041
Eulemur cinereiceps,7237,625,0.456175956650972
Eulemur cinereiceps,31691,625,0.182548627367735
Eulemur cinereiceps,31690,700,34.9561422077829
Eulemur cinereiceps,31692,700,24.727618853068
Eulemur cinereiceps,17877,626,19.9646457705052
Eulemur cinereiceps,31488,626,1.07920972973263
Eulemur cinereiceps,18144,628,47.1909870244825
Eulemur cinereiceps,31460,634,30.9335068643161
Eulemur cinereiceps,31461,634,18.1482495478409
Eulemur cinereiceps,2614,661,0.275725132784665
Eulemur cinereiceps,2694,661,50.5514532191371
Eulemur cinereiceps,2698,661,0.551364106284559
Eulemur cinereiceps,3106,661,1.19502663136083
Eulemur cinereiceps,31686,661,0.735322067886293
Eulemur cinereiceps,31688,661,0.459547624912083
Eulemur cinereiceps,24276,666,17.0539151583064
Eulemur cinereiceps,10783,681,195.785593592067
Eulemur cinereiceps,31693,681,190.94944072833
Eulemur cinereiceps,31694,681,102.633381326643
Eulemur cinereiceps,31695,681,13.978461476303
Eulemur cinereiceps,31696,681,0.367843747830331
Eulemur cinereiceps,31697,681,6.25186649493616
Eulemur cinereiceps,31698,681,0.183868284008086
Eulemur cinereiceps,31699,681,59.9336014325963
Eulemur cinereiceps,31662,685,102.681062214265
Eulemur cinereiceps,31711,701,23.8284303085826
Eulemur cinereiceps,31712,702,21.60300644752
Eulemur cinereiceps,31713,702,25.4417283819299
Eulemur cinereiceps,31714,702,1.28132291198808
Eulemur cinereiceps,31715,702,2.83687293919438
Eulemur cinereiceps,31656,696,154.383117306561
Eulemur collaris,323,10,0.370271373195112
Eulemur collaris,324,10,0.46283412528491
Eulemur collaris,327,10,43.0377824654047
Eulemur collaris,343,10,1.48074673073447
Eulemur collaris,344,10,1.66577102635723
Eulemur collaris,348,10,0.277623898765862
Eulemur collaris,349,10,0.277610584835649
Eulemur collaris,21726,475,29.4123165165247
Eulemur collaris,21759,484,43.0398890354031
Eulemur collaris,157,2,39.9750370469875
Eulemur collaris,3623,35,23.6059681205679
Eulemur collaris,3705,35,13.0809081293918
Eulemur collaris,21868,268,104.429400195702
Eulemur collaris,14025,367,68.3098187123837
Eulemur collaris,21996,367,61.9399931070426
Eulemur collaris,15286,542,97.3878840771733
Eulemur collaris,22002,542,10.8090685387814
Eulemur collaris,21999,543,55.1858136247363
Eulemur collaris,22000,543,2.59390059166038
Eulemur collaris,13692,406,25.797282117154
Eulemur collaris,21247,544,16.3121433096249
Eulemur collaris,22003,544,15.5020643662589
Eulemur collaris,22004,544,1.07537598973155
Eulemur collaris,17536,464,0.62064821295929
Eulemur collaris,17550,464,0.265972006813645
Eulemur collaris,17567,464,0.709200345668078
Eulemur collaris,21605,464,57.2471492280874
Eulemur collaris,21764,464,30.9497681570725
Eulemur collaris,21765,464,9.04229392747104
Eulemur collaris,21918,464,29.2747668395581
Eulemur collaris,21727,476,13.3977201621131
Eulemur collaris,5014,478,76.1933954013773
Eulemur collaris,5028,478,0.364942030490041
Eulemur collaris,5039,478,0.456175956650972
Eulemur collaris,21986,545,34.9561422077829
Eulemur collaris,21988,545,24.727618853068
Eulemur collaris,12014,479,19.9646457705052
Eulemur collaris,21784,479,1.07920972973263
Eulemur collaris,12173,481,47.1909870244825
Eulemur collaris,21756,487,30.9335068643161
Eulemur collaris,21757,487,18.1482495478409
Eulemur collaris,1832,511,0.275725132784665
Eulemur collaris,1878,511,50.5514532191371
Eulemur collaris,1882,511,0.551364106284559
Eulemur collaris,2158,511,1.19502663136083
Eulemur collaris,21982,511,0.735322067886293
Eulemur collaris,21984,511,0.459547624912083
Eulemur collaris,16621,517,17.0539151583064
Eulemur collaris,7397,528,195.785593592067
Eulemur collaris,21989,528,190.94944072833
Eulemur collaris,21990,528,102.633381326643
Eulemur collaris,21991,528,13.978461476303
Eulemur collaris,21992,528,0.367843747830331
Eulemur collaris,21993,528,6.25186649493616
Eulemur collaris,21995,528,59.9336014325963
Eulemur collaris,21958,532,102.681062214265
Eulemur collaris,22007,546,23.8284303085826
Eulemur collaris,22008,547,21.60300644752
Eulemur collaris,22009,547,25.4417283819299
Eulemur collaris,22010,547,1.28132291198808
Eulemur collaris,22011,547,2.83687293919438
Eulemur collaris,21952,541,154.383117306561
Eulemur coronatus,463,184,0.370271373195112
Eulemur coronatus,465,184,0.46283412528491
Eulemur coronatus,468,184,43.0377824654047
Eulemur coronatus,469,184,0.185130594589651
Eulemur coronatus,483,184,1.48074673073447
Eulemur coronatus,484,184,1.66577102635723
Eulemur coronatus,486,184,0.277623898765862
Eulemur coronatus,488,184,0.277610584835649
Eulemur coronatus,210,5,39.9750370469875
Eulemur coronatus,11232,460,6.77328179594052
Eulemur coronatus,7262,121,16.3121433096249
Eulemur coronatus,11297,121,15.5020643662589
Eulemur coronatus,11298,121,1.07537598973155
Eulemur coronatus,7445,461,25.797282117154
Eulemur coronatus,2553,357,31.5867721344194
Eulemur coronatus,6561,382,25.5241332420819
Eulemur coronatus,7546,386,29.7292833731317
Eulemur coronatus,7573,386,17.455601902805
Eulemur coronatus,7649,462,42.3071810174446
Eulemur coronatus,1793,413,104.429400195702
Eulemur coronatus,6480,442,19.9646457705052
Eulemur coronatus,2284,459,34.4246757473745
Eulemur coronatus,11236,459,19.3332322130632
Eulemur coronatus,11295,459,27.3374724883343
Eulemur coronatus,11296,459,24.3872932737229
Eulemur fulvus,468,192,0.370271373195112
Eulemur fulvus,470,192,0.46283412528491
Eulemur fulvus,473,192,43.0377824654047
Eulemur fulvus,474,192,0.185130594589651
Eulemur fulvus,494,192,1.48074673073447
Eulemur fulvus,497,192,1.66577102635723
Eulemur fulvus,501,192,0.277623898765862
Eulemur fulvus,504,192,0.277610584835649
Eulemur fulvus,32680,575,29.4123165165247
Eulemur fulvus,32713,585,43.0398890354031
Eulemur fulvus,5356,23,23.6059681205679
Eulemur fulvus,5489,23,13.0809081293918
Eulemur fulvus,221,184,39.9750370469875
Eulemur fulvus,32931,184,3.80180155321062
Eulemur fulvus,32822,336,104.429400195702
Eulemur fulvus,32930,336,3.04359843366915
Eulemur fulvus,32966,336,0.276701035475612
Eulemur fulvus,32968,336,0.737800251060188
Eulemur fulvus,32969,336,0.276669520625651
Eulemur fulvus,21595,456,68.3098187123837
Eulemur fulvus,32950,456,61.9399931070426
Eulemur fulvus,32951,456,0.178990567408919
Eulemur fulvus,32952,456,0.268460667104721
Eulemur fulvus,32953,456,55.1858136247363
Eulemur fulvus,32954,456,2.59390059166038
Eulemur fulvus,23410,649,97.3878840771733
Eulemur fulvus,32956,649,10.8090685387814
Eulemur fulvus,21117,494,25.797282117154
Eulemur fulvus,32193,650,16.3121433096249
Eulemur fulvus,32957,650,15.5020643662589
Eulemur fulvus,32958,650,1.07537598973155
Eulemur fulvus,26632,564,0.62064821295929
Eulemur fulvus,26652,564,0.265972006813645
Eulemur fulvus,26674,564,0.709200345668078
Eulemur fulvus,26695,564,0.177290677110195
Eulemur fulvus,32559,564,57.2471492280874
Eulemur fulvus,32561,564,0.177275942426443
Eulemur fulvus,32562,564,0.177274304782152
Eulemur fulvus,32718,564,30.9497681570725
Eulemur fulvus,32719,564,9.04229392747104
Eulemur fulvus,32872,564,29.2747668395581
Eulemur fulvus,32681,576,13.3977201621131
Eulemur fulvus,7428,578,76.1933954013773
Eulemur fulvus,7448,578,0.364942030490041
Eulemur fulvus,7462,578,0.456175956650972
Eulemur fulvus,32941,578,0.182548627367735
Eulemur fulvus,32940,651,34.9561422077829
Eulemur fulvus,32942,651,24.727618853068
Eulemur fulvus,18670,579,19.9646457705052
Eulemur fulvus,32738,579,1.07920972973263
Eulemur fulvus,18949,582,47.1909870244825
Eulemur fulvus,32710,588,30.9335068643161
Eulemur fulvus,32711,588,18.1482495478409
Eulemur fulvus,2696,615,0.275725132784665
Eulemur fulvus,2782,615,50.5514532191371
Eulemur fulvus,2786,615,1.10270865664881
Eulemur fulvus,2787,615,0.551364106284559
Eulemur fulvus,3207,615,1.19502663136083
Eulemur fulvus,32936,615,0.735322067886293
Eulemur fulvus,32938,615,0.459547624912083
Eulemur fulvus,25293,620,17.0539151583064
Eulemur fulvus,11143,633,195.785593592067
Eulemur fulvus,32943,633,190.94944072833
Eulemur fulvus,32944,633,102.633381326643
Eulemur fulvus,32945,633,13.978461476303
Eulemur fulvus,32946,633,0.367843747830331
Eulemur fulvus,32947,633,6.25186649493616
Eulemur fulvus,32948,633,0.183868284008086
Eulemur fulvus,32949,633,59.9336014325963
Eulemur fulvus,32912,638,102.681062214265
Eulemur fulvus,32961,652,23.8284303085826
Eulemur fulvus,32962,653,21.60300644752
Eulemur fulvus,32963,653,25.4417283819299
Eulemur fulvus,32964,653,1.28132291198808
Eulemur fulvus,32965,653,2.83687293919438
Eulemur fulvus,32906,648,154.383117306561
Eulemur macaco,8131,188,21.60300644752
Eulemur macaco,1034,13,59.9094652718683
Eulemur macaco,8187,185,104.429400195702
Eulemur macaco,6681,192,0.62064821295929
Eulemur macaco,6690,192,0.265972006813645
Eulemur macaco,6704,192,0.709200345668078
Eulemur macaco,6715,192,0.177290677110195
Eulemur macaco,8120,192,57.2471492280874
Eulemur macaco,8122,192,0.177275942426443
Eulemur macaco,8123,192,0.177274304782152
Eulemur macaco,8184,192,30.9497681570725
Eulemur macaco,8185,192,9.04229392747104
Eulemur macaco,8232,192,29.2747668395581
Eulemur macaco,8181,196,30.9335068643161
Eulemur macaco,8182,196,18.1482495478409
Eulemur macaco,776,218,195.785593592067
Eulemur macaco,8251,218,190.94944072833
Eulemur macaco,8252,218,102.633381326643
Eulemur macaco,8253,218,13.978461476303
Eulemur macaco,8254,218,0.367843747830331
Eulemur macaco,8255,218,6.25186649493616
Eulemur macaco,8256,218,0.183868284008086
Eulemur macaco,6093,221,17.0539151583064
Eulemur mongoz,248,33,14.8774610751528
Eulemur mongoz,252,34,76.1933954013773
Eulemur mongoz,265,34,0.364942030490041
Eulemur mongoz,266,34,0.456175956650972
Eulemur mongoz,268,35,24.727618853068
Eulemur rubriventer,359,15,0.370271373195112
Eulemur rubriventer,361,15,0.46283412528491
Eulemur rubriventer,364,15,43.0377824654047
Eulemur rubriventer,365,15,0.185130594589651
Eulemur rubriventer,378,15,1.48074673073447
Eulemur rubriventer,379,15,1.66577102635723
Eulemur rubriventer,381,15,0.277623898765862
Eulemur rubriventer,383,15,0.277610584835649
Eulemur rubriventer,23358,722,29.4123165165247
Eulemur rubriventer,11697,152,25.5241332420819
Eulemur rubriventer,23477,530,104.429400195702
Eulemur rubriventer,131,599,39.9750370469875
Eulemur rubriventer,23219,797,6.77328179594052
Eulemur rubriventer,13801,650,28.4639053215554
Eulemur rubriventer,13915,650,59.1812618295404
Eulemur rubriventer,23602,798,13.8746797413236
Eulemur rubriventer,23605,799,10.7353356653999
Eulemur rubriventer,23400,687,19.9646457705052
Eulemur rubriventer,4903,717,0.364942030490041
Eulemur rubriventer,4908,717,0.456175956650972
Eulemur rubriventer,23543,717,76.1933954013773
Eulemur rubriventer,23606,717,0.182548627367735
Eulemur rubriventer,23356,720,6.66637044837762
Eulemur rubriventer,23359,723,13.3977201621131
Eulemur rubriventer,18498,726,0.265972006813645
Eulemur rubriventer,18522,726,0.709200345668078
Eulemur rubriventer,18545,726,0.177290677110195
Eulemur rubriventer,23253,726,57.2471492280874
Eulemur rubriventer,23255,726,0.177275942426443
Eulemur rubriventer,23256,726,0.177274304782152
Eulemur rubriventer,23381,726,30.9497681570725
Eulemur rubriventer,23382,726,9.04229392747104
Eulemur rubriventer,23526,726,29.2747668395581
Eulemur rubriventer,23376,735,30.9335068643161
Eulemur rubriventer,23377,735,18.1482495478409
Eulemur rubriventer,2308,766,50.5514532191371
Eulemur rubriventer,2311,766,0.551364106284559
Eulemur rubriventer,17266,769,17.0539151583064
Eulemur rubriventer,6059,780,195.785593592067
Eulemur rubriventer,23594,780,190.94944072833
Eulemur rubriventer,23595,780,102.633381326643
Eulemur rubriventer,23596,780,13.978461476303
Eulemur rubriventer,23597,780,0.367843747830331
Eulemur rubriventer,23598,780,6.25186649493616
Eulemur rubriventer,23599,780,0.183868284008086
Eulemur rubriventer,23600,780,59.9336014325963
Eulemur rubriventer,23568,785,102.681062214265
Eulemur rubriventer,23608,800,23.8284303085826
Eulemur rubriventer,23609,801,21.60300644752
Eulemur rubriventer,23610,802,25.4417283819299
Eulemur rubriventer,23561,796,154.383117306561
Eulemur rufus,380,21,30.105706233253
Eulemur rufus,13520,474,29.4123165165247
Eulemur rufus,13608,490,46.0228045271878
Eulemur rufus,13839,492,43.0398890354031
Eulemur rufus,257,220,38.0118100940961
Eulemur rufus,12161,156,52.9723472372855
Eulemur rufus,458,355,166.562147454607
Eulemur rufus,13896,355,76.7915477243708
Eulemur rufus,13897,355,13.978461476303
Eulemur rufus,13898,355,0.367843747830331
Eulemur rufus,13899,355,6.25186649493616
Eulemur rufus,13900,355,0.183868284008086
Eulemur rufus,13901,355,29.8748831680172
Eulemur rufus,7726,426,73.5898853657199
Eulemur rufus,8024,426,61.9399931070426
Eulemur rufus,13908,426,1.07378921723688
Eulemur rufus,7926,512,0.714404974963069
Eulemur rufus,7945,512,0.535747839347363
Eulemur rufus,7960,512,0.446428569326878
Eulemur rufus,7970,512,0.446413028153181
Eulemur rufus,8008,512,1.87495118889773
Eulemur rufus,13731,512,28.8514752628688
Eulemur rufus,13732,512,7.14406051427555
Eulemur rufus,13875,512,39.6765609947288
Eulemur rufus,13909,512,3.39967339116132
Eulemur rufus,13910,512,2.59390059166038
Eulemur rufus,13911,512,57.1442299264072
Eulemur rufus,13913,512,10.8090685387814
Eulemur rufus,7076,445,1.07537598973155
Eulemur rufus,7128,445,16.3121433096249
Eulemur rufus,13874,445,15.5020643662589
Eulemur rufus,2547,478,76.1933954013773
Eulemur rufus,2563,478,0.364942030490041
Eulemur rufus,2570,478,0.456175956650972
Eulemur rufus,13903,478,0.182548627367735
Eulemur rufus,13902,513,34.9561422077829
Eulemur rufus,13904,513,24.727618853068
Eulemur rufus,9799,479,0.62064821295929
Eulemur rufus,9810,479,0.265972006813645
Eulemur rufus,9823,479,0.709200345668078
Eulemur rufus,13782,479,57.2471492280874
Eulemur rufus,13850,479,30.9497681570725
Eulemur rufus,13851,479,9.04229392747104
Eulemur rufus,13895,479,29.2747668395581
Eulemur rufus,12007,480,30.9335068643161
Eulemur rufus,13853,480,18.1482495478409
Eulemur rufus,13836,488,13.3977201621131
Eulemur rufus,7167,496,25.797282117154
Eulemur rufus,13892,509,17.0539151583064
Eulemur rufus,384,511,49.4323528099028
Eulemur sanfordi,457,217,0.370271373195112
Eulemur sanfordi,459,217,0.46283412528491
Eulemur sanfordi,462,217,43.0377824654047
Eulemur sanfordi,463,217,0.185130594589651
Eulemur sanfordi,483,217,1.48074673073447
Eulemur sanfordi,485,217,1.66577102635723
Eulemur sanfordi,489,217,0.277623898765862
Eulemur sanfordi,491,217,0.277610584835649
Eulemur sanfordi,32185,773,29.4123165165247
Eulemur sanfordi,32218,782,43.0398890354031
Eulemur sanfordi,5280,40,23.6059681205679
Eulemur sanfordi,5409,40,13.0809081293918
Eulemur sanfordi,219,295,39.9750370469875
Eulemur sanfordi,31972,850,6.77328179594052
Eulemur sanfordi,32327,504,104.429400195702
Eulemur sanfordi,21247,644,68.3098187123837
Eulemur sanfordi,32455,644,61.9399931070426
Eulemur sanfordi,32456,644,0.178990567408919
Eulemur sanfordi,32457,644,0.268460667104721
Eulemur sanfordi,23037,851,97.3878840771733
Eulemur sanfordi,32461,851,10.8090685387814
Eulemur sanfordi,32458,852,55.1858136247363
Eulemur sanfordi,32459,852,2.59390059166038
Eulemur sanfordi,20750,692,25.797282117154
Eulemur sanfordi,31703,853,16.3121433096249
Eulemur sanfordi,32462,853,15.5020643662589
Eulemur sanfordi,32463,853,1.07537598973155
Eulemur sanfordi,26180,761,0.62064821295929
Eulemur sanfordi,26200,761,0.265972006813645
Eulemur sanfordi,26222,761,0.709200345668078
Eulemur sanfordi,26243,761,0.177290677110195
Eulemur sanfordi,32064,761,57.2471492280874
Eulemur sanfordi,32066,761,0.177275942426443
Eulemur sanfordi,32067,761,0.177274304782152
Eulemur sanfordi,32223,761,30.9497681570725
Eulemur sanfordi,32224,761,9.04229392747104
Eulemur sanfordi,32377,761,29.2747668395581
Eulemur sanfordi,32183,771,6.66637044837762
Eulemur sanfordi,32186,774,13.3977201621131
Eulemur sanfordi,7337,776,76.1933954013773
Eulemur sanfordi,7357,776,0.364942030490041
Eulemur sanfordi,7371,776,0.456175956650972
Eulemur sanfordi,32446,776,0.182548627367735
Eulemur sanfordi,32445,854,34.9561422077829
Eulemur sanfordi,32447,854,24.727618853068
Eulemur sanfordi,18336,777,19.9646457705052
Eulemur sanfordi,32243,777,1.07920972973263
Eulemur sanfordi,18611,779,47.1909870244825
Eulemur sanfordi,32215,785,30.9335068643161
Eulemur sanfordi,32216,785,18.1482495478409
Eulemur sanfordi,2674,814,0.275725132784665
Eulemur sanfordi,2754,814,50.5514532191371
Eulemur sanfordi,2759,814,0.551364106284559
Eulemur sanfordi,3172,814,1.19502663136083
Eulemur sanfordi,32441,814,0.735322067886293
Eulemur sanfordi,32443,814,0.459547624912083
Eulemur sanfordi,24881,819,17.0539151583064
Eulemur sanfordi,10975,834,195.785593592067
Eulemur sanfordi,32448,834,190.94944072833
Eulemur sanfordi,32449,834,102.633381326643
Eulemur sanfordi,32450,834,13.978461476303
Eulemur sanfordi,32451,834,0.367843747830331
Eulemur sanfordi,32452,834,6.25186649493616
Eulemur sanfordi,32453,834,0.183868284008086
Eulemur sanfordi,32454,834,59.9336014325963
Eulemur sanfordi,32417,838,102.681062214265
Eulemur sanfordi,32466,855,23.8284303085826
Eulemur sanfordi,32467,856,21.60300644752
Eulemur sanfordi,32468,856,25.4417283819299
Eulemur sanfordi,32469,856,1.28132291198808
Eulemur sanfordi,32470,856,2.83687293919438
Eulemur sanfordi,32411,849,154.383117306561
Euryceros prevostii,1,1,24.6990569160834
Euryceros prevostii,8,4,125.274567141177
Falco zoniventris,62,1,104.429400195702
Falco zoniventris,180,1,190.94944072833
Falco zoniventris,1235,1,50.5514532191371
Falco zoniventris,1387,1,125.274567141177
Falco zoniventris,1623,1,154.383117306561
Falco zoniventris,1632,1,23.8284303085826
Falco zoniventris,1637,1,102.681062214265
Falco zoniventris,1659,1,16.2246258515832
Falco zoniventris,1660,1,165.679887358809
Falco zoniventris,1661,1,102.725346812851
Falco zoniventris,1662,1,13.978461476303
Falco zoniventris,1664,1,6.25186649493616
Falco zoniventris,1666,1,59.9336014325963
Falco zoniventris,1681,1,21.60300644752
Falco zoniventris,1682,1,25.4417283819299
Falco zoniventris,367,2,19.9646457705052
Falco zoniventris,418,2,47.1909870244825
Falco zoniventris,437,2,25.797282117154
Falco zoniventris,464,2,73.5898853657199
Falco zoniventris,478,2,98.371248031032
Falco zoniventris,1264,2,16.3121433096249
Falco zoniventris,1346,2,7.14406051427555
Falco zoniventris,1503,2,43.0398890354031
Falco zoniventris,1671,2,61.9399931070426
Falco zoniventris,1674,2,71.7263411226956
Falco zoniventris,1677,2,10.8090685387814
Falco zoniventris,1678,2,15.5020643662589
Falculea palliata,113,22,0.46283412528491
Falculea palliata,116,22,43.0377824654047
Falculea palliata,129,22,1.48074673073447
Falculea palliata,131,22,1.66577102635723
Falculea palliata,1828,7,47.1909870244825
Falculea palliata,611,11,0.456175956650972
Falculea palliata,4451,11,65.5157381819425
Falculea palliata,4477,11,24.727618853068
Falculea palliata,2006,28,16.3121433096249
Falculea palliata,2017,28,25.797282117154
Falculea palliata,2141,28,73.5898853657199
Falculea palliata,2176,28,0.714404974963069
Falculea palliata,2178,28,0.535747839347363
Falculea palliata,2182,28,0.446428569326878
Falculea palliata,2185,28,0.446413028153181
Falculea palliata,2198,28,1.87495118889773
Falculea palliata,2205,28,98.371248031032
Falculea palliata,4334,28,7.14406051427555
Falculea palliata,4375,28,26.5383701395922
Falculea palliata,4452,28,15.5020643662589
Falculea palliata,4453,28,1.07537598973155
Falculea palliata,4457,28,1.07378921723688
Falculea palliata,4458,28,61.9399931070426
Falculea palliata,4461,28,71.7263411226956
Falculea palliata,4462,28,2.59390059166038
Falculea palliata,4464,28,10.8090685387814
Falculea palliata,4286,30,61.6910012333192
Falculea palliata,4400,30,2.97625148162985
Falculea palliata,4474,30,0.437816361407518
Falculea palliata,4475,30,0.437819895208001
Falculea palliata,4476,30,0.700432654099226
Falculea palliata,3854,31,60.1396754999989
Falculea palliata,4342,31,1.65290511830437
Falculea palliata,4343,31,4.26181091131223
Falculea palliata,4390,31,4.86376414093649
Falculea palliata,4465,31,25.3907382258146
Falculea palliata,4468,31,0.608441640821576
Falculea palliata,4469,31,6.68998903768658
Falculea palliata,4471,31,5.29766820695078
Foudia madagascariensis,783,130,0.370271373195112
Foudia madagascariensis,785,130,0.46283412528491
Foudia madagascariensis,789,130,43.0377824654047
Foudia madagascariensis,790,130,0.185130594589651
Foudia madagascariensis,825,130,1.48074673073447
Foudia madagascariensis,831,130,1.66577102635723
Foudia madagascariensis,838,130,0.277623898765862
Foudia madagascariensis,845,130,0.277610584835649
Foudia madagascariensis,349,60,39.9750370469875
Foudia madagascariensis,41759,60,6.77328179594052
Foudia madagascariensis,42350,60,3.80180155321062
Foudia madagascariensis,42193,146,104.429400195702
Foudia madagascariensis,42346,146,3.04359843366915
Foudia madagascariensis,42409,146,0.276701035475612
Foudia madagascariensis,42411,146,0.737800251060188
Foudia madagascariensis,42412,146,0.276669520625651
Foudia madagascariensis,41892,182,0.259112805699706
Foudia madagascariensis,42004,182,6.66637044837762
Foudia madagascariensis,42006,182,29.4123165165247
Foudia madagascariensis,42007,182,13.3977201621131
Foudia madagascariensis,42008,182,3.88989244451857
Foudia madagascariensis,42037,184,30.9335068643161
Foudia madagascariensis,42038,184,18.1482495478409
Foudia madagascariensis,21175,185,19.9646457705052
Foudia madagascariensis,42096,185,1.07920972973263
Foudia madagascariensis,23416,186,47.1909870244825
Foudia madagascariensis,41558,189,61.6910012333192
Foudia madagascariensis,42053,189,2.97625148162985
Foudia madagascariensis,42391,189,0.437816361407518
Foudia madagascariensis,42392,189,0.437819895208001
Foudia madagascariensis,42393,189,0.700432654099226
Foudia madagascariensis,24168,191,25.797282117154
Foudia madagascariensis,25847,191,73.5898853657199
Foudia madagascariensis,26448,191,0.714404974963069
Foudia madagascariensis,26517,191,0.535747839347363
Foudia madagascariensis,26549,191,0.178579506715536
Foudia madagascariensis,26570,191,0.446428569326878
Foudia madagascariensis,26594,191,0.446413028153181
Foudia madagascariensis,26698,191,1.87495118889773
Foudia madagascariensis,26786,191,98.371248031032
Foudia madagascariensis,41510,191,16.3121433096249
Foudia madagascariensis,41698,191,7.14406051427555
Foudia madagascariensis,42050,191,43.0398890354031
Foudia madagascariensis,42372,191,1.07378921723688
Foudia madagascariensis,42373,191,61.9399931070426
Foudia madagascariensis,42374,191,0.178990567408919
Foudia madagascariensis,42375,191,0.268460667104721
Foudia madagascariensis,42376,191,71.7263411226956
Foudia madagascariensis,42377,191,2.59390059166038
Foudia madagascariensis,42378,191,0.178794425736427
Foudia madagascariensis,42379,191,10.8090685387814
Foudia madagascariensis,42388,191,15.5020643662589
Foudia madagascariensis,42389,191,1.07537598973155
Foudia madagascariensis,30660,196,0.62064821295929
Foudia madagascariensis,30692,196,0.265972006813645
Foudia madagascariensis,30734,196,0.709200345668078
Foudia madagascariensis,30772,196,0.177290677110195
Foudia madagascariensis,41849,196,57.2471492280874
Foudia madagascariensis,41851,196,0.177275942426443
Foudia madagascariensis,41852,196,0.177274304782152
Foudia madagascariensis,42073,196,30.9497681570725
Foudia madagascariensis,42074,196,9.04229392747104
Foudia madagascariensis,42270,196,29.2747668395581
Foudia madagascariensis,29012,205,17.0539151583064
Foudia madagascariensis,37117,211,0.522154991519928
Foudia madagascariensis,40589,211,34.4900060837014
Foudia madagascariensis,42382,211,0.174041915203691
Foudia madagascariensis,42383,211,0.52279803142643
Foudia madagascariensis,41730,227,1.65290511830437
Foudia madagascariensis,41731,227,4.26181091131223
Foudia madagascariensis,42040,227,4.86376414093649
Foudia madagascariensis,42240,227,60.1396754999989
Foudia madagascariensis,42384,227,0.347687768672109
Foudia madagascariensis,42385,227,1.4775838057574
Foudia madagascariensis,42387,227,1.12918469713926
Foudia madagascariensis,42395,227,25.3907382258146
Foudia madagascariensis,42397,227,0.347746593876839
Foudia madagascariensis,42398,227,0.608441640821576
Foudia madagascariensis,42399,227,6.68998903768658
Foudia madagascariensis,42401,227,5.29766820695078
Foudia madagascariensis,4347,213,0.275725132784665
Foudia madagascariensis,4462,213,1.10270865664881
Foudia madagascariensis,4463,213,0.551364106284559
Foudia madagascariensis,4571,213,0.459394665796399
Foudia madagascariensis,5100,213,1.19502663136083
Foudia madagascariensis,13853,213,195.785593592067
Foudia madagascariensis,41485,213,50.5514532191371
Foudia madagascariensis,42355,213,0.735322067886293
Foudia madagascariensis,42357,213,0.459547624912083
Foudia madagascariensis,42362,213,190.94944072833
Foudia madagascariensis,42363,213,102.725346812851
Foudia madagascariensis,42364,213,13.978461476303
Foudia madagascariensis,42365,213,0.367843747830331
Foudia madagascariensis,42366,213,6.25186649493616
Foudia madagascariensis,42367,213,0.183868284008086
Foudia madagascariensis,42368,213,59.9336014325963
Foudia madagascariensis,42308,228,154.383117306561
Foudia madagascariensis,42202,222,125.274567141177
Foudia madagascariensis,42317,224,102.681062214265
Foudia madagascariensis,42404,224,23.8284303085826
Foudia madagascariensis,42405,224,21.60300644752
Foudia madagascariensis,42406,224,25.4417283819299
Foudia madagascariensis,42407,224,1.28132291198808
Foudia madagascariensis,42408,224,2.83687293919438
Foudia madagascariensis,10397,225,0.364942030490041
Foudia madagascariensis,10413,225,0.456175956650972
Foudia madagascariensis,10747,225,76.4671489871728
Foudia madagascariensis,42359,225,35.3212407156859
Foudia madagascariensis,42360,225,0.182548627367735
Foudia madagascariensis,42361,225,24.727618853068
Foudia madagascariensis,42349,226,16.2246258515832
Foudia omissa,1,1,6.77328179594052
Foudia omissa,8159,1,28.9378063311858
Foudia omissa,8340,1,3.80180155321062
Foudia omissa,8277,3,91.0514909416732
Foudia omissa,8319,3,3.04359843366915
Foudia omissa,8341,3,0.276701035475612
Foudia omissa,8343,3,0.737800251060188
Foudia omissa,8344,3,0.276669520625651
Foudia omissa,8109,25,29.4123165165247
Foudia omissa,8232,25,6.66637044837762
Foudia omissa,8233,25,13.3977201621131
Foudia omissa,8234,25,3.88989244451857
Foudia omissa,8240,30,30.9335068643161
Foudia omissa,8241,30,18.1482495478409
Foudia omissa,6348,32,0.62064821295929
Foudia omissa,6351,32,0.265972006813645
Foudia omissa,6356,32,0.709200345668078
Foudia omissa,6363,32,0.177290677110195
Foudia omissa,8169,32,57.2471492280874
Foudia omissa,8171,32,0.177275942426443
Foudia omissa,8172,32,0.177274304782152
Foudia omissa,8243,32,30.9497681570725
Foudia omissa,8244,32,9.04229392747104
Foudia omissa,8308,32,29.2747668395581
Foudia omissa,5950,40,17.0539151583064
Foudia omissa,879,46,190.94944072833
Foudia omissa,8333,46,176.452361379003
Foudia omissa,8334,46,102.633381326643
Foudia omissa,8335,46,13.978461476303
Foudia omissa,8336,46,0.367843747830331
Foudia omissa,8337,46,6.25186649493616
Foudia omissa,8338,46,0.183868284008086
Foudia omissa,8339,46,59.9336014325963
Foudia omissa,8315,53,154.383117306561
Foudia omissa,691,49,102.681062214265
Foudia omissa,8332,49,23.8284303085826
Foudia omissa,8288,51,125.274567141177
Foudia omissa,8330,52,16.2246258515832
Gactornis enarratus,10,2,7.65654382250763
Gactornis enarratus,1982,2,58.7610462790984
Gactornis enarratus,2046,2,3.04359843366915
Gactornis enarratus,1851,11,57.2471492280874
Gactornis enarratus,1911,11,30.9497681570725
Gactornis enarratus,1912,11,9.04229392747104
Gactornis enarratus,2018,11,29.2747668395581
Gactornis enarratus,197,17,190.94944072833
Gactornis enarratus,2025,17,154.383117306561
Gactornis enarratus,2047,17,176.452361379003
Gactornis enarratus,2048,17,102.633381326643
Gactornis enarratus,2049,17,13.978461476303
Gactornis enarratus,2051,17,6.25186649493616
Gactornis enarratus,2053,17,59.9336014325963
Gactornis enarratus,1992,19,125.274567141177
Gactornis enarratus,2035,20,102.681062214265
Gactornis enarratus,2041,20,24.0690321273916
Gactornis enarratus,2055,20,23.8284303085826
Geobiastes squamiger,8,1,119.206429474054
Geobiastes squamiger,9,1,23.2776854782949
Geobiastes squamiger,10,1,14.5332825320594
Geobiastes squamiger,11,1,55.5464891758025
Geobiastes squamiger,12,1,65.0109946090861
Geobiastes squamiger,434,1,19.141053105862
Geobiastes squamiger,435,1,28.7459032692854
Geogale aurita,71,20,18.9744048029374
Geogale aurita,79,20,1.48074673073453
Geogale aurita,4006,843,29.4123165165247
Geogale aurita,1855,342,51.2002113748899
Geogale aurita,185,56,38.0118100940961
Geogale aurita,1785,330,16.3121433096249
Geogale aurita,591,910,50.5514532191371
Geogale aurita,593,910,0.551364106284559
Geogale aurita,1712,309,19.9646457705052
Geogale aurita,1810,337,25.797282117154
Geogale aurita,1864,339,73.5898853657199
Geogale aurita,4455,339,0.089502147397399
Geogale aurita,4458,339,1.07378921723688
Geogale aurita,2020,361,98.371248031032
Geogale aurita,4461,361,10.8090685387814
Geogale aurita,4459,940,57.5913320661345
Geogale aurita,3032,574,52.9723472372855
Geogale aurita,4462,574,0.0876808440185785
Geogale aurita,3303,875,61.6910012333192
Geogale aurita,3726,901,0.0869155042577982
Geogale aurita,3794,901,42.670884704795
Geogale aurita,4317,901,4.26181091131223
Geogale aurita,4318,901,25.3907382258146
Geogale aurita,608,911,70.8634984241071
Geogale aurita,4350,911,19.3332322130632
Geogale aurita,4447,911,23.2776854782949
Geogale aurita,4453,911,27.3374724883343
Geogale aurita,4454,911,29.9084594166144
Geogale aurita,4365,915,6.66637044837762
Geogale aurita,4367,917,13.3977201621131
Geogale aurita,4368,918,3.88989244451857
Geogale aurita,1142,919,0.456175956650972
Geogale aurita,4369,919,76.1933954013773
Geogale aurita,601,939,47.086892150841
Geogale aurita,4451,939,0.183868284008086
Geogale aurita,4452,939,29.8748831680172
Geogale aurita,4448,941,13.978461476303
Geogale aurita,4450,942,6.25186649493616
Gymnuromys roberti,3549,169,29.4123165165247
Gymnuromys roberti,56,12,149.114888890668
Gymnuromys roberti,3616,240,57.2471492280874
Gymnuromys roberti,3642,240,30.9497681570725
Gymnuromys roberti,3676,240,29.2747668395581
Gymnuromys roberti,3633,242,6.66637044837762
Gymnuromys roberti,3634,243,13.3977201621131
Gymnuromys roberti,3639,245,30.9335068643161
Gymnuromys roberti,3640,266,18.1482495478409
Gymnuromys roberti,1417,252,17.0539151583064
Gymnuromys roberti,519,257,102.681062214265
Gymnuromys roberti,407,265,132.13747170723
Gymnuromys roberti,3677,267,102.633381326643
Gymnuromys roberti,3681,267,0.183868284008086
Gymnuromys roberti,3682,267,59.9336014325963
Gymnuromys roberti,3678,268,13.978461476303
Gymnuromys roberti,3679,268,0.367843747830331
Gymnuromys roberti,3680,269,6.25186649493616
Hapalemur alaotrensis,424,68,54.9234868075213
Hapalemur alaotrensis,505,68,1.0050096164819
Hapalemur alaotrensis,513,68,0.365563104278565
Hapalemur alaotrensis,519,68,0.730973599358201
Hapalemur alaotrensis,520,68,0.182743710550547
Hapalemur alaotrensis,521,68,0.274105624976993
Hapalemur alaotrensis,522,68,0.274100652973294
Hapalemur alaotrensis,523,68,0.365462564238071
Hapalemur alaotrensis,488,164,45.3837980749123
Hapalemur alaotrensis,510,164,17.6220528737401
Hapalemur alaotrensis,515,164,0.273925922303796
Hapalemur alaotrensis,517,164,0.456521060485482
Hapalemur alaotrensis,518,164,0.456489704353094
Hapalemur alaotrensis,527,164,0.182564982141137
Hapalemur aureus,333,20,9.04229392747104
Hapalemur aureus,334,20,0.62064821295929
Hapalemur aureus,337,20,0.265972006813645
Hapalemur aureus,341,20,0.709200345668078
Hapalemur aureus,345,20,0.177290677110195
Hapalemur aureus,347,20,0.177274304782152
Hapalemur aureus,409,20,0.177275942426443
Hapalemur aureus,410,20,29.6296191803109
Hapalemur aureus,412,20,30.9497681570725
Hapalemur aureus,105,9,17.0539151583064
Hapalemur griseus,429,13,0.370271373195112
Hapalemur griseus,431,13,0.46283412528491
Hapalemur griseus,434,13,43.0377824654047
Hapalemur griseus,435,13,0.185130594589651
Hapalemur griseus,449,13,1.48074673073447
Hapalemur griseus,450,13,1.66577102635723
Hapalemur griseus,452,13,0.277623898765862
Hapalemur griseus,454,13,0.277610584835649
Hapalemur griseus,19408,570,29.4123165165247
Hapalemur griseus,19422,575,26.5383701395922
Hapalemur griseus,11118,576,46.0228045271878
Hapalemur griseus,12349,137,15.5020643662589
Hapalemur griseus,19659,137,1.07537598973155
Hapalemur griseus,12400,643,25.797282117154
Hapalemur griseus,12467,138,40.9179544183476
Hapalemur griseus,19660,138,28.4639053215554
Hapalemur griseus,12936,644,42.3071810174446
Hapalemur griseus,19661,645,13.8746797413236
Hapalemur griseus,19529,368,104.429400195702
Hapalemur griseus,189,436,39.9750370469875
Hapalemur griseus,19450,525,19.9646457705052
Hapalemur griseus,15940,557,0.265972006813645
Hapalemur griseus,15960,557,0.709200345668078
Hapalemur griseus,19302,557,57.2471492280874
Hapalemur griseus,19436,557,30.9497681570725
Hapalemur griseus,19437,557,9.04229392747104
Hapalemur griseus,19580,557,29.2747668395581
Hapalemur griseus,19409,571,13.3977201621131
Hapalemur griseus,5724,573,76.1933954013773
Hapalemur griseus,5758,573,0.364942030490041
Hapalemur griseus,5764,573,0.456175956650972
Hapalemur griseus,19650,646,24.727618853068
Hapalemur griseus,19430,581,30.9335068643161
Hapalemur griseus,19431,581,18.1482495478409
Hapalemur griseus,3036,605,50.5514532191371
Hapalemur griseus,3039,605,0.551364106284559
Hapalemur griseus,15091,609,17.0539151583064
Hapalemur griseus,7236,623,195.785593592067
Hapalemur griseus,19651,623,190.94944072833
Hapalemur griseus,19652,623,102.633381326643
Hapalemur griseus,19653,623,13.978461476303
Hapalemur griseus,19654,623,0.367843747830331
Hapalemur griseus,19655,623,6.25186649493616
Hapalemur griseus,19656,623,0.183868284008086
Hapalemur griseus,19657,623,59.9336014325963
Hapalemur griseus,19538,624,125.274567141177
Hapalemur griseus,19619,630,102.681062214265
Hapalemur griseus,19665,647,23.8284303085826
Hapalemur griseus,19666,648,21.60300644752
Hapalemur griseus,19667,649,25.4417283819299
Hapalemur griseus,19639,640,16.2246258515832
Hapalemur griseus,19610,642,154.383117306561
Hapalemur occidentalis,4,3,30.1057062332529
Hapalemur occidentalis,5,4,29.9084594166067
Hapalemur occidentalis,44,15,29.9258557544438
Hapalemur occidentalis,34,13,29.8631255431847
Hapalemur occidentalis,40,13,31.595939075628
Hapalemur occidentalis,43,16,21.60300644752
Hapalemur occidentalis,45,17,25.4417283819299
Hartertula flavoviridis,51,8,30.1057062332649
Hartertula flavoviridis,54,9,30.0587182645793
Hartertula flavoviridis,55,10,98.0972882560637
Hartertula flavoviridis,110,16,30.0463397286835
Hartertula flavoviridis,147,25,17.0539151583064
Hartertula flavoviridis,806,41,30.9335068643161
Hartertula flavoviridis,772,48,28.9294639124614
Hartertula flavoviridis,912,48,29.2747668395581
Hartertula flavoviridis,53,65,96.8082568259253
Hartertula flavoviridis,913,65,14.5332825320594
Hartlaubius auratus,582,57,0.370271373195112
Hartlaubius auratus,584,57,0.46283412528491
Hartlaubius auratus,588,57,43.0377824654047
Hartlaubius auratus,589,57,0.185130594589651
Hartlaubius auratus,614,57,1.48074673073447
Hartlaubius auratus,620,57,1.66577102635723
Hartlaubius auratus,627,57,0.277623898765862
Hartlaubius auratus,636,57,0.277610584835649
Hartlaubius auratus,18525,86,24.3559507447872
Hartlaubius auratus,31901,60,104.429400195702
Hartlaubius auratus,32010,60,3.04359843366915
Hartlaubius auratus,32046,60,0.276701035475612
Hartlaubius auratus,32048,60,0.737800251060188
Hartlaubius auratus,32049,60,0.276669520625651
Hartlaubius auratus,269,61,39.9750370469875
Hartlaubius auratus,31556,61,6.77328179594052
Hartlaubius auratus,32014,61,3.80180155321062
Hartlaubius auratus,31669,72,0.259112805699706
Hartlaubius auratus,31768,72,6.66637044837762
Hartlaubius auratus,31770,72,29.4123165165247
Hartlaubius auratus,31771,72,13.3977201621131
Hartlaubius auratus,31772,72,3.88989244451857
Hartlaubius auratus,17799,84,1.07920972973263
Hartlaubius auratus,31821,84,19.9646457705052
Hartlaubius auratus,31796,87,30.9335068643161
Hartlaubius auratus,31797,87,18.1482495478409
Hartlaubius auratus,20526,89,16.3121433096249
Hartlaubius auratus,20613,89,25.797282117154
Hartlaubius auratus,20908,89,46.7382254541311
Hartlaubius auratus,21663,89,54.8702466674372
Hartlaubius auratus,32034,89,15.5020643662589
Hartlaubius auratus,32035,89,1.07537598973155
Hartlaubius auratus,32036,89,0.178990567408919
Hartlaubius auratus,32037,89,0.268460667104721
Hartlaubius auratus,32038,89,14.1350090565612
Hartlaubius auratus,26481,91,0.62064821295929
Hartlaubius auratus,26499,91,0.265972006813645
Hartlaubius auratus,26524,91,0.709200345668078
Hartlaubius auratus,26543,91,0.177290677110195
Hartlaubius auratus,31649,91,57.2471492280874
Hartlaubius auratus,31651,91,0.177275942426443
Hartlaubius auratus,31652,91,0.177274304782152
Hartlaubius auratus,31803,91,30.9497681570725
Hartlaubius auratus,31804,91,9.04229392747104
Hartlaubius auratus,31952,91,29.2747668395581
Hartlaubius auratus,23045,96,81.6573790960747
Hartlaubius auratus,32039,96,10.8090685387814
Hartlaubius auratus,25151,98,17.0539151583064
Hartlaubius auratus,3523,102,0.275725132784665
Hartlaubius auratus,3617,102,50.5514532191371
Hartlaubius auratus,3622,102,1.10270865664881
Hartlaubius auratus,3623,102,0.551364106284559
Hartlaubius auratus,3716,102,0.459394665796399
Hartlaubius auratus,4125,102,1.19502663136083
Hartlaubius auratus,10819,102,195.785593592067
Hartlaubius auratus,31982,102,154.383117306561
Hartlaubius auratus,32019,102,0.735322067886293
Hartlaubius auratus,32021,102,0.459547624912083
Hartlaubius auratus,32026,102,190.94944072833
Hartlaubius auratus,32027,102,102.633381326643
Hartlaubius auratus,32028,102,13.978461476303
Hartlaubius auratus,32029,102,0.367843747830331
Hartlaubius auratus,32030,102,6.25186649493616
Hartlaubius auratus,32031,102,0.183868284008086
Hartlaubius auratus,32032,102,59.9336014325963
Hartlaubius auratus,31910,107,125.274567141177
Hartlaubius auratus,31991,110,102.681062214265
Hartlaubius auratus,32041,110,23.8284303085826
Hartlaubius auratus,32042,110,21.60300644752
Hartlaubius auratus,32043,110,25.4417283819299
Hartlaubius auratus,32044,110,1.28132291198808
Hartlaubius auratus,32045,110,2.83687293919438
Hartlaubius auratus,7946,111,76.1933954013773
Hartlaubius auratus,7999,111,0.364942030490041
Hartlaubius auratus,8005,111,0.456175956650972
Hartlaubius auratus,32023,111,34.9561422077829
Hartlaubius auratus,32024,111,0.182548627367735
Hartlaubius auratus,32025,111,24.727618853068
Hartlaubius auratus,32013,112,16.2246258515832
Hemicentetes nigriceps,88,40,42.2803606370474
Hemicentetes nigriceps,89,40,0.551364106284559
Hemicentetes nigriceps,22,2,104.429400195702
Hemicentetes semispinosus,14252,361,29.4123165165247
Hemicentetes semispinosus,1517,433,50.5514532191371
Hemicentetes semispinosus,1519,433,0.551364106284559
Hemicentetes semispinosus,8,2,39.9750370469875
Hemicentetes semispinosus,14340,247,104.429400195702
Hemicentetes semispinosus,10596,345,0.265972006813645
Hemicentetes semispinosus,14147,345,57.2471492280874
Hemicentetes semispinosus,14266,345,30.9497681570725
Hemicentetes semispinosus,14267,345,9.04229392747104
Hemicentetes semispinosus,14388,345,29.2747668395581
Hemicentetes semispinosus,14253,362,13.3977201621131
Hemicentetes semispinosus,14261,366,30.9335068643161
Hemicentetes semispinosus,14262,366,18.1482495478409
Hemicentetes semispinosus,9754,374,17.0539151583064
Hemicentetes semispinosus,3070,409,195.785593592067
Hemicentetes semispinosus,14444,409,190.94944072833
Hemicentetes semispinosus,14445,409,102.633381326643
Hemicentetes semispinosus,14446,409,13.978461476303
Hemicentetes semispinosus,14447,409,0.367843747830331
Hemicentetes semispinosus,14448,409,6.25186649493616
Hemicentetes semispinosus,14449,409,0.183868284008086
Hemicentetes semispinosus,14450,409,59.9336014325963
Hemicentetes semispinosus,14349,410,125.274567141177
Hemicentetes semispinosus,14420,417,102.681062214265
Hemicentetes semispinosus,14452,434,23.8284303085826
Hemicentetes semispinosus,14453,435,21.60300644752
Hemicentetes semispinosus,14454,436,25.4417283819299
Hemicentetes semispinosus,14441,429,16.2246258515832
Hemicentetes semispinosus,14411,432,154.383117306561
Hypositta corallirostris,8832,2,104.429400195702
Hypositta corallirostris,8922,2,3.04359843366915
Hypositta corallirostris,8943,2,0.276701035475612
Hypositta corallirostris,8945,2,0.737800251060188
Hypositta corallirostris,8946,2,0.276669520625651
Hypositta corallirostris,8645,37,29.4123165165247
Hypositta corallirostris,8742,37,6.66637044837762
Hypositta corallirostris,8745,37,13.3977201621131
Hypositta corallirostris,8746,37,3.88989244451857
Hypositta corallirostris,8753,38,30.9335068643161
Hypositta corallirostris,8754,38,18.1482495478409
Hypositta corallirostris,6532,39,0.62064821295929
Hypositta corallirostris,6537,39,0.265972006813645
Hypositta corallirostris,6548,39,0.709200345668078
Hypositta corallirostris,8654,39,57.2471492280874
Hypositta corallirostris,8758,39,30.9497681570725
Hypositta corallirostris,8759,39,9.04229392747104
Hypositta corallirostris,8874,39,29.2747668395581
Hypositta corallirostris,6042,47,17.0539151583064
Hypositta corallirostris,452,54,0.275725132784665
Hypositta corallirostris,470,54,50.5514532191371
Hypositta corallirostris,471,54,1.10270865664881
Hypositta corallirostris,472,54,0.551364106284559
Hypositta corallirostris,495,54,0.459394665796399
Hypositta corallirostris,603,54,1.19502663136083
Hypositta corallirostris,1284,54,195.785593592067
Hypositta corallirostris,8926,54,0.735322067886293
Hypositta corallirostris,8928,54,0.459547624912083
Hypositta corallirostris,8930,54,190.94944072833
Hypositta corallirostris,8931,54,102.633381326643
Hypositta corallirostris,8932,54,13.978461476303
Hypositta corallirostris,8933,54,0.367843747830331
Hypositta corallirostris,8934,54,6.25186649493616
Hypositta corallirostris,8936,54,59.9336014325963
Hypositta corallirostris,8897,63,154.383117306561
Hypositta corallirostris,8646,60,125.274567141177
Hypositta corallirostris,8906,61,102.681062214265
Hypositta corallirostris,8939,61,21.60300644752
Hypositta corallirostris,8940,61,25.4417283819299
Hypositta corallirostris,8941,61,1.28132291198808
Hypositta corallirostris,8942,61,2.83687293919438
Hypositta corallirostris,8938,64,23.8284303085826
Hypositta corallirostris,8841,62,16.2246258515832
Indri indri,2677,4,104.429400195702
Indri indri,2772,4,3.04359843366915
Indri indri,2584,46,57.2471492280874
Indri indri,2645,46,30.9497681570725
Indri indri,2725,46,29.2747668395581
Indri indri,471,55,195.785593592067
Indri indri,2773,55,190.94944072833
Indri indri,2774,55,102.633381326643
Indri indri,2775,55,13.978461476303
Indri indri,2777,55,6.25186649493616
Indri indri,2779,55,59.9336014325963
Indri indri,2745,68,154.383117306561
Indri indri,2686,61,125.274567141177
Indri indri,2754,67,102.681062214265
Lemur catta,166,441,0.184524029507637
Lemur catta,167,441,13.1011248301843
Lemur catta,168,441,0.0922603943370581
Lemur catta,2025,466,21.60300644752
Lemur catta,11523,149,52.9723472372855
Lemur catta,16048,149,0.0876808440185785
Lemur catta,331,320,19.3332322130632
Lemur catta,755,434,1.19502663136083
Lemur catta,802,434,0.275725132784665
Lemur catta,868,434,50.5514532191371
Lemur catta,872,434,1.10270865664881
Lemur catta,873,434,0.551364106284559
Lemur catta,935,434,0.459394665796399
Lemur catta,16041,434,0.0919312846174836
Lemur catta,16042,434,0.0919289977338314
Lemur catta,16043,434,0.735322067886293
Lemur catta,16044,434,0.091911819108069
Lemur catta,16045,434,0.459547624912083
Lemur catta,16046,434,0.0919106721719503
Lemur catta,16047,434,0.091887688995719
Lemur catta,14580,446,60.1396754999989
Lemur catta,15978,446,1.65290511830437
Lemur catta,15979,446,4.26181091131223
Lemur catta,16036,446,4.86376414093649
Lemur catta,16049,446,25.3907382258146
Lemur catta,16050,446,0.086968773129344
Lemur catta,16051,446,0.347746593876839
Lemur catta,16052,446,0.608441640821576
Lemur catta,16053,446,6.68998903768658
Lemur catta,16054,446,0.0869007794343233
Lemur catta,16055,446,5.29766820695078
Lemur catta,16056,446,0.0868583734178543
Lemur catta,16057,446,0.0868565272495747
Lemur catta,15971,457,61.6910012333192
Lemur catta,16040,457,2.97625148162985
Lemur catta,16058,457,0.437816361407518
Lemur catta,16059,457,0.437819895208001
Lemur catta,16060,457,0.700432654099226
Lepidopygia nana,656,252,0.370271373195112
Lepidopygia nana,658,252,0.46283412528491
Lepidopygia nana,662,252,43.0377824654047
Lepidopygia nana,663,252,0.185130594589651
Lepidopygia nana,695,252,1.48074673073447
Lepidopygia nana,701,252,1.66577102635723
Lepidopygia nana,708,252,0.277623898765862
Lepidopygia nana,715,252,0.277610584835649
Lepidopygia nana,45245,232,104.429400195702
Lepidopygia nana,45434,232,3.04359843366915
Lepidopygia nana,45501,232,0.276701035475612
Lepidopygia nana,45503,232,0.737800251060188
Lepidopygia nana,45504,232,0.276669520625651
Lepidopygia nana,315,245,39.9750370469875
Lepidopygia nana,45438,245,3.80180155321062
Lepidopygia nana,44779,394,6.77328179594052
Lepidopygia nana,44588,281,61.6910012333192
Lepidopygia nana,45107,281,2.97625148162985
Lepidopygia nana,45482,281,0.437816361407518
Lepidopygia nana,45483,281,0.437819895208001
Lepidopygia nana,45484,281,0.700432654099226
Lepidopygia nana,45041,327,6.66637044837762
Lepidopygia nana,45043,395,29.4123165165247
Lepidopygia nana,45044,396,13.3977201621131
Lepidopygia nana,45067,328,30.9335068643161
Lepidopygia nana,45068,328,18.1482495478409
Lepidopygia nana,43834,336,45.4750937568808
Lepidopygia nana,45422,336,17.6220528737401
Lepidopygia nana,45469,336,0.273925922303796
Lepidopygia nana,45471,336,0.456521060485482
Lepidopygia nana,45472,336,0.456489704353094
Lepidopygia nana,45494,336,0.182564982141137
Lepidopygia nana,27174,337,47.1909870244825
Lepidopygia nana,30321,342,0.714404974963069
Lepidopygia nana,30399,342,0.535747839347363
Lepidopygia nana,30434,342,0.178579506715536
Lepidopygia nana,30461,342,0.178571738508701
Lepidopygia nana,30487,342,0.446413028153181
Lepidopygia nana,30628,342,1.87495118889773
Lepidopygia nana,31282,342,98.371248031032
Lepidopygia nana,43353,342,25.797282117154
Lepidopygia nana,44270,342,73.6794225285185
Lepidopygia nana,44594,342,16.3121433096249
Lepidopygia nana,44711,342,7.14406051427555
Lepidopygia nana,45457,342,61.9399931070426
Lepidopygia nana,45458,342,0.178990567408919
Lepidopygia nana,45459,342,0.268460667104721
Lepidopygia nana,45460,342,71.7263411226956
Lepidopygia nana,45461,342,2.59390059166038
Lepidopygia nana,45462,342,0.178794425736427
Lepidopygia nana,45463,342,10.8090685387814
Lepidopygia nana,45479,342,1.07378921723688
Lepidopygia nana,45480,342,15.5020643662589
Lepidopygia nana,45481,342,1.07537598973155
Lepidopygia nana,45122,397,43.0398890354031
Lepidopygia nana,34862,352,0.62064821295929
Lepidopygia nana,34889,352,0.265972006813645
Lepidopygia nana,34921,352,0.709200345668078
Lepidopygia nana,34952,352,0.177290677110195
Lepidopygia nana,44832,352,57.2471492280874
Lepidopygia nana,44834,352,0.177275942426443
Lepidopygia nana,44835,352,0.177274304782152
Lepidopygia nana,45135,352,30.9497681570725
Lepidopygia nana,45136,352,9.04229392747104
Lepidopygia nana,45341,352,29.6296191803109
Lepidopygia nana,24732,365,19.9646457705052
Lepidopygia nana,45158,365,1.07920972973263
Lepidopygia nana,40403,368,34.4900060837014
Lepidopygia nana,45464,368,0.52279803142643
Lepidopygia nana,33197,369,17.0539151583064
Lepidopygia nana,44074,375,54.9234868075213
Lepidopygia nana,45429,375,1.0050096164819
Lepidopygia nana,45475,375,0.365563104278565
Lepidopygia nana,45495,375,0.730973599358201
Lepidopygia nana,45496,375,0.182743710550547
Lepidopygia nana,45497,375,0.274105624976993
Lepidopygia nana,45498,375,0.274100652973294
Lepidopygia nana,45499,375,0.365462564238071
Lepidopygia nana,3905,379,0.275725132784665
Lepidopygia nana,4007,379,1.10270865664881
Lepidopygia nana,4008,379,0.551364106284559
Lepidopygia nana,4115,379,0.459394665796399
Lepidopygia nana,4625,379,1.19502663136083
Lepidopygia nana,44539,379,50.5514532191371
Lepidopygia nana,45443,379,0.735322067886293
Lepidopygia nana,45445,379,0.459547624912083
Lepidopygia nana,14804,398,195.785593592067
Lepidopygia nana,45450,398,190.94944072833
Lepidopygia nana,45451,398,102.725346812851
Lepidopygia nana,45452,398,13.978461476303
Lepidopygia nana,45453,398,0.367843747830331
Lepidopygia nana,45454,398,6.25186649493616
Lepidopygia nana,45455,398,0.183868284008086
Lepidopygia nana,45456,398,59.9336014325963
Lepidopygia nana,45379,399,154.383117306561
Lepidopygia nana,45437,389,16.2246258515832
Lepidopygia nana,45254,390,125.274567141177
Lepidopygia nana,45388,392,102.681062214265
Lepidopygia nana,45488,392,21.60300644752
Lepidopygia nana,45489,392,25.4417283819299
Lepidopygia nana,45490,392,1.28132291198808
Lepidopygia nana,45491,392,2.83687293919438
Lepidopygia nana,45487,400,23.8284303085826
Lepidopygia nana,9875,393,0.364942030490041
Lepidopygia nana,9973,393,0.456175956650972
Lepidopygia nana,13675,393,76.4671489871728
Lepidopygia nana,45447,393,35.3212407156859
Lepidopygia nana,45448,393,0.182548627367735
Lepidopygia nana,45449,393,25.1838845377987
Lepilemur ankaranensis,33,7,0.370271373195112
Lepilemur ankaranensis,34,7,0.46283412528497
Lepilemur ankaranensis,35,7,43.0377824654042
Lepilemur ankaranensis,36,7,0.185130594589829
Lepilemur ankaranensis,37,7,1.48074673073441
Lepilemur ankaranensis,39,7,1.66577102635694
Lepilemur ankaranensis,41,7,0.277623898765862
Lepilemur ankaranensis,42,7,0.277610584835768
Lepilemur ankaranensis,11,2,39.9750370469875
Lepilemur edwardsi,3284,151,46.0228045271878
Lepilemur edwardsi,1771,150,76.1933954013773
Lepilemur edwardsi,1785,150,0.364942030490041
Lepilemur edwardsi,1820,150,0.456175956650972
Lepilemur edwardsi,3285,152,34.9561422077829
Lepilemur edwardsi,3287,152,24.727618853068
Lepilemur leucopus,1339,37,52.9723472372855
Lepilemur leucopus,3,146,2.59390059166038
Lepilemur leucopus,3454,146,29.4191601052511
Lepilemur leucopus,42,166,0.714404974963069
Lepilemur leucopus,45,166,0.535747839347363
Lepilemur leucopus,48,166,0.178579506715536
Lepilemur leucopus,52,166,0.446428569326878
Lepilemur leucopus,54,166,0.446413028153181
Lepilemur leucopus,69,166,1.87495118889773
Lepilemur leucopus,73,166,98.371248031032
Lepilemur leucopus,3419,166,7.14406051427555
Lepilemur leucopus,3456,166,10.8090685387814
Lepilemur leucopus,2604,161,60.1396754999989
Lepilemur leucopus,3425,161,4.26181091131223
Lepilemur leucopus,3444,161,4.86376414093649
Lepilemur leucopus,3458,161,25.3907382258146
Lepilemur leucopus,3460,161,0.347746593876839
Lepilemur leucopus,3461,161,0.608441640821576
Lepilemur leucopus,3462,161,6.68998903768658
Lepilemur leucopus,3464,161,5.29766820695078
Lepilemur leucopus,3400,165,61.6910012333192
Lepilemur leucopus,3453,165,2.97625148162985
Lepilemur microdon,856,48,29.8631255431847
Lepilemur microdon,123,11,21.60300644752
Lepilemur microdon,105,50,50.5514532191371
Lepilemur microdon,107,50,0.551364106284559
Lepilemur microdon,80,47,62.2582651923113
Lepilemur microdon,96,47,13.978461476303
Lepilemur microdon,858,47,0.367843747830331
Lepilemur microdon,859,47,6.25186649493616
Lepilemur microdon,74,49,70.8634984241071
Lepilemur microdon,76,49,23.2776854782949
Lepilemur microdon,853,49,19.3332322130632
Lepilemur microdon,857,49,27.3374724883343
Lepilemur mustelinus,133,7,0.370271373195112
Lepilemur mustelinus,135,7,0.46283412528491
Lepilemur mustelinus,138,7,18.9744048029361
Lepilemur mustelinus,139,7,0.185130594589651
Lepilemur mustelinus,147,7,1.48074673073447
Lepilemur mustelinus,148,7,1.4806853566674
Lepilemur mustelinus,150,7,0.277623898765862
Lepilemur mustelinus,18261,640,29.4123165165247
Lepilemur mustelinus,8702,119,43.0398890354031
Lepilemur mustelinus,18315,657,16.5405274979592
Lepilemur mustelinus,8736,557,16.3121433096249
Lepilemur mustelinus,1293,713,50.5514532191371
Lepilemur mustelinus,1295,713,0.551364106284559
Lepilemur mustelinus,32,1,39.9750370469875
Lepilemur mustelinus,2436,46,32.4861176519169
Lepilemur mustelinus,2493,46,0.364940765320778
Lepilemur mustelinus,7245,102,19.9646457705052
Lepilemur mustelinus,7421,107,47.1909870244825
Lepilemur mustelinus,9523,123,73.5898853657199
Lepilemur mustelinus,9751,123,51.2002113748899
Lepilemur mustelinus,18500,123,1.07378921723688
Lepilemur mustelinus,9264,124,25.797282117154
Lepilemur mustelinus,15066,190,52.9723472372855
Lepilemur mustelinus,18384,310,104.429400195702
Lepilemur mustelinus,10644,542,69.519772768163
Lepilemur mustelinus,18503,542,10.8090685387814
Lepilemur mustelinus,17159,578,52.4063039024889
Lepilemur mustelinus,18109,578,4.26181091131223
Lepilemur mustelinus,18505,578,25.3907382258146
Lepilemur mustelinus,18507,578,0.347746593876839
Lepilemur mustelinus,18508,578,0.608441640821576
Lepilemur mustelinus,18147,626,57.2471492280874
Lepilemur mustelinus,18293,626,30.9497681570725
Lepilemur mustelinus,18435,626,29.2747668395581
Lepilemur mustelinus,18262,641,13.3977201621131
Lepilemur mustelinus,18282,648,30.9335068643161
Lepilemur mustelinus,18283,648,18.1482495478409
Lepilemur mustelinus,12237,660,17.0539151583064
Lepilemur mustelinus,3268,698,195.785593592067
Lepilemur mustelinus,18490,698,190.94944072833
Lepilemur mustelinus,18491,698,102.633381326643
Lepilemur mustelinus,18492,698,13.978461476303
Lepilemur mustelinus,18493,698,0.367843747830331
Lepilemur mustelinus,18494,698,6.25186649493616
Lepilemur mustelinus,18495,698,0.183868284008086
Lepilemur mustelinus,18496,698,59.9336014325963
Lepilemur mustelinus,18470,701,102.681062214265
Lepilemur mustelinus,18512,714,23.8284303085826
Lepilemur mustelinus,18513,715,21.60300644752
Lepilemur mustelinus,18514,716,25.4417283819299
Lepilemur mustelinus,18468,712,154.383117306561
Lepilemur ruficaudatus,3361,97,19.9646457705052
Lepilemur ruficaudatus,3731,261,16.3121433096249
Lepilemur ruficaudatus,6155,261,15.5020643662589
Lepilemur ruficaudatus,6156,261,1.07537598973155
Lepilemur ruficaudatus,3749,325,25.797282117154
Lepilemur ruficaudatus,3977,324,73.5898853657199
Lepilemur ruficaudatus,6160,324,1.07378921723688
Lepilemur ruficaudatus,6161,324,61.9399931070426
Lepilemur ruficaudatus,4075,326,0.714404974963069
Lepilemur ruficaudatus,4083,326,0.535747839347363
Lepilemur ruficaudatus,4090,326,0.178579506715536
Lepilemur ruficaudatus,4096,326,0.446428569326878
Lepilemur ruficaudatus,4101,326,0.446413028153181
Lepilemur ruficaudatus,4119,326,1.87495118889773
Lepilemur ruficaudatus,4125,326,98.371248031032
Lepilemur ruficaudatus,6138,326,7.14406051427555
Lepilemur ruficaudatus,6167,326,10.8090685387814
Lepilemur ruficaudatus,6164,327,71.7263411226956
Lepilemur ruficaudatus,6165,327,2.59390059166038
Leptopterus chabert,539,89,0.370271373195112
Leptopterus chabert,540,89,0.46283412528491
Leptopterus chabert,544,89,43.0377824654047
Leptopterus chabert,570,89,1.48074673073447
Leptopterus chabert,573,89,1.66577102635723
Leptopterus chabert,580,89,0.277623898765862
Leptopterus chabert,586,89,0.277610584835649
Leptopterus chabert,254,90,39.9750370469875
Leptopterus chabert,26788,90,6.77328179594052
Leptopterus chabert,27351,90,3.80180155321062
Leptopterus chabert,27202,109,104.429400195702
Leptopterus chabert,27347,109,3.04359843366915
Leptopterus chabert,27405,109,0.276701035475612
Leptopterus chabert,27407,109,0.737800251060188
Leptopterus chabert,27408,109,0.276669520625651
Leptopterus chabert,26604,125,40.2486144096009
Leptopterus chabert,27079,125,2.97625148162985
Leptopterus chabert,27387,125,0.437816361407518
Leptopterus chabert,27388,125,0.437819895208001
Leptopterus chabert,27389,125,0.700432654099226
Leptopterus chabert,6959,134,0.364942030490041
Leptopterus chabert,6970,134,0.456175956650972
Leptopterus chabert,7199,134,76.4671489871728
Leptopterus chabert,27360,134,35.3212407156859
Leptopterus chabert,27362,134,24.727618853068
Leptopterus chabert,26917,137,0.259112805699706
Leptopterus chabert,27029,137,6.66637044837762
Leptopterus chabert,27031,137,29.4123165165247
Leptopterus chabert,27032,137,13.3977201621131
Leptopterus chabert,27033,137,3.88989244451857
Leptopterus chabert,14371,139,19.9646457705052
Leptopterus chabert,27120,139,1.07920972973263
Leptopterus chabert,27063,140,30.9335068643161
Leptopterus chabert,27064,140,18.1482495478409
Leptopterus chabert,15017,142,47.1909870244825
Leptopterus chabert,16291,146,25.797282117154
Leptopterus chabert,16728,146,68.3098187123837
Leptopterus chabert,17779,146,98.371248031032
Leptopterus chabert,26566,146,16.3121433096249
Leptopterus chabert,27076,146,43.0398890354031
Leptopterus chabert,27370,146,61.9399931070426
Leptopterus chabert,27372,146,0.268460667104721
Leptopterus chabert,27373,146,71.7263411226956
Leptopterus chabert,27374,146,2.59390059166038
Leptopterus chabert,27384,146,15.5020643662589
Leptopterus chabert,27385,146,1.07537598973155
Leptopterus chabert,20172,149,0.62064821295929
Leptopterus chabert,20190,149,0.265972006813645
Leptopterus chabert,20217,149,0.709200345668078
Leptopterus chabert,26877,149,57.2471492280874
Leptopterus chabert,27097,149,30.9497681570725
Leptopterus chabert,27098,149,9.04229392747104
Leptopterus chabert,27264,149,29.2747668395581
Leptopterus chabert,19190,157,17.0539151583064
Leptopterus chabert,23876,163,0.522154991519928
Leptopterus chabert,25281,163,34.4900060837014
Leptopterus chabert,27379,163,0.52279803142643
Leptopterus chabert,26740,175,1.65290511830437
Leptopterus chabert,26741,175,4.26181091131223
Leptopterus chabert,27070,175,4.86376414093649
Leptopterus chabert,27249,175,60.1396754999989
Leptopterus chabert,27380,175,0.347687768672109
Leptopterus chabert,27381,175,1.4775838057574
Leptopterus chabert,27383,175,1.12918469713926
Leptopterus chabert,27391,175,25.3907382258146
Leptopterus chabert,27393,175,0.347746593876839
Leptopterus chabert,27394,175,0.608441640821576
Leptopterus chabert,27395,175,6.68998903768658
Leptopterus chabert,27397,175,5.29766820695078
Leptopterus chabert,2907,164,0.275725132784665
Leptopterus chabert,2983,164,1.10270865664881
Leptopterus chabert,2984,164,0.551364106284559
Leptopterus chabert,3052,164,0.459394665796399
Leptopterus chabert,3410,164,1.19502663136083
Leptopterus chabert,9347,164,195.785593592067
Leptopterus chabert,26542,164,50.5514532191371
Leptopterus chabert,27356,164,0.735322067886293
Leptopterus chabert,27358,164,0.459547624912083
Leptopterus chabert,27363,164,190.94944072833
Leptopterus chabert,27364,164,102.725346812851
Leptopterus chabert,27365,164,13.978461476303
Leptopterus chabert,27366,164,0.367843747830331
Leptopterus chabert,27367,164,6.25186649493616
Leptopterus chabert,27369,164,59.9336014325963
Leptopterus chabert,27307,176,154.383117306561
Leptopterus chabert,27211,172,125.274567141177
Leptopterus chabert,27316,173,102.681062214265
Leptopterus chabert,27400,173,23.8284303085826
Leptopterus chabert,27401,173,21.60300644752
Leptopterus chabert,27402,173,25.4417283819299
Leptopterus chabert,27403,173,1.28132291198808
Leptopterus chabert,27404,173,2.83687293919438
Leptopterus chabert,27350,174,16.2246258515832
Lophotibis cristata,777,3,46.0228045271878
Lophotibis cristata,869,3,16.3121433096249
Lophotibis cristata,875,3,25.797282117154
Lophotibis cristata,879,3,40.9179544183476
Lophotibis cristata,910,3,54.8702466674372
Lophotibis cristata,1647,3,26.5383701395922
Lophotibis cristata,1681,3,19.9646457705052
Lophotibis cristata,1870,3,15.5020643662589
Lophotibis cristata,1874,3,42.3071810174446
Lophotibis cristata,145,7,50.5514532191371
Lophotibis cristata,520,7,195.785593592067
Lophotibis cristata,1760,7,104.429400195702
Lophotibis cristata,1831,7,154.383117306561
Lophotibis cristata,1840,7,102.681062214265
Lophotibis cristata,1863,7,190.94944072833
Lophotibis cristata,1864,7,102.633381326643
Lophotibis cristata,1865,7,13.978461476303
Lophotibis cristata,1867,7,6.25186649493616
Lophotibis cristata,1869,7,59.9336014325963
Lophotibis cristata,1876,7,23.8284303085826
Lophotibis cristata,1877,7,21.60300644752
Lophotibis cristata,1878,7,25.4417283819299
Macrotarsomys bastardi,450,107,2.59390059165895
Macrotarsomys bastardi,857,201,21.442386823718
Macrotarsomys bastardi,864,201,28.0839022370576
Macrotarsomys bastardi,1128,310,28.9720579655239
Macrotarsomys bastardi,437,95,73.5898853657199
Macrotarsomys bastardi,1129,95,0.089502147397399
Macrotarsomys bastardi,1132,95,1.07378921723688
Macrotarsomys bastardi,446,99,51.2002113748899
Macrotarsomys bastardi,825,186,13.7719839000033
Macrotarsomys bastardi,494,290,98.371248031032
Macrotarsomys bastardi,1117,290,7.14406051427555
Macrotarsomys bastardi,1133,290,10.8090685387814
Margaroperdix madagarensis,10371,5,52.9723472372855
Margaroperdix madagarensis,11259,6,61.6910012333192
Margaroperdix madagarensis,13163,6,2.97625148162985
Margaroperdix madagarensis,13416,6,0.700432654099226
Margaroperdix madagarensis,353,14,104.429400195702
Margaroperdix madagarensis,372,14,3.04359843366915
Margaroperdix madagarensis,13381,14,0.737800251060188
Margaroperdix madagarensis,742,30,1.10270865664881
Margaroperdix madagarensis,743,30,0.551364106284559
Margaroperdix madagarensis,921,30,1.19502663136083
Margaroperdix madagarensis,3305,30,195.785593592067
Margaroperdix madagarensis,12783,30,50.5514532191371
Margaroperdix madagarensis,13345,30,154.383117306561
Margaroperdix madagarensis,13346,30,1.56092040797824
Margaroperdix madagarensis,13386,30,0.735322067886293
Margaroperdix madagarensis,13393,30,190.94944072833
Margaroperdix madagarensis,13394,30,102.725346812851
Margaroperdix madagarensis,13395,30,13.978461476303
Margaroperdix madagarensis,13397,30,6.25186649493616
Margaroperdix madagarensis,13399,30,59.9336014325963
Margaroperdix madagarensis,13260,31,125.274567141177
Margaroperdix madagarensis,13378,31,16.2246258515832
Margaroperdix madagarensis,13353,32,102.681062214265
Margaroperdix madagarensis,13418,32,23.8284303085826
Margaroperdix madagarensis,13419,32,21.60300644752
Margaroperdix madagarensis,13420,32,25.4417283819299
Margaroperdix madagarensis,13421,32,1.28132291198808
Margaroperdix madagarensis,13422,32,2.83687293919438
Margaroperdix madagarensis,13116,18,6.66637044837762
Margaroperdix madagarensis,13118,18,29.4123165165247
Margaroperdix madagarensis,13119,18,13.3977201621131
Margaroperdix madagarensis,13120,18,3.88989244451857
Margaroperdix madagarensis,2627,21,76.4671489871728
Margaroperdix madagarensis,13390,21,35.3212407156859
Margaroperdix madagarensis,13392,21,24.727618853068
Margaroperdix madagarensis,13160,24,30.9335068643161
Margaroperdix madagarensis,13161,24,18.1482495478409
Margaroperdix madagarensis,8785,27,57.2471492280874
Margaroperdix madagarensis,5660,29,16.996810229036
Margaroperdix madagarensis,6360,29,47.1909870244825
Margaroperdix madagarensis,6591,29,25.797282117154
Margaroperdix madagarensis,7125,29,73.5898853657199
Margaroperdix madagarensis,7350,29,0.714404974963069
Margaroperdix madagarensis,7445,29,1.87495118889773
Margaroperdix madagarensis,7477,29,98.371248031032
Margaroperdix madagarensis,12807,29,16.3121433096249
Margaroperdix madagarensis,12946,29,7.14406051427555
Margaroperdix madagarensis,13180,29,43.0398890354031
Margaroperdix madagarensis,13403,29,1.07378921723688
Margaroperdix madagarensis,13404,29,61.9399931070426
Margaroperdix madagarensis,13407,29,71.7263411226956
Margaroperdix madagarensis,13408,29,2.59390059166038
Margaroperdix madagarensis,13410,29,10.8090685387814
Margaroperdix madagarensis,13412,29,15.5020643662589
Margaroperdix madagarensis,13413,29,1.07537598973155
Mentocrex kioloides,62,1,190.94944072833
Mentocrex kioloides,731,1,154.383117306561
Mentocrex kioloides,751,1,149.114888890668
Mentocrex kioloides,752,1,102.633381326643
Mentocrex kioloides,753,1,13.978461476303
Mentocrex kioloides,755,1,6.25186649493616
Mentocrex kioloides,757,1,59.9336014325963
Mentocrex kioloides,741,8,102.681062214265
Mentocrex kioloides,759,8,23.8284303085826
Mentocrex kioloides,642,6,57.2471492280874
Mentocrex kioloides,687,6,30.9497681570725
Mentocrex kioloides,688,6,9.04229392747104
Mentocrex kioloides,725,6,29.6296191803109
Mentocrex kioloides,712,7,125.274567141177
Mentocrex kioloides,750,7,16.2246258515832
Mesitornis variegatus,22,2,76.1933954013773
Mesitornis variegatus,82,2,34.9561422077829
Mesitornis variegatus,84,2,24.727618853068
Mesitornis variegatus,59,6,15.5020643662589
Mesitornis variegatus,63,6,25.797282117154
Mesitornis variegatus,68,6,73.5898853657199
Mesitornis variegatus,81,6,71.7263411226956
Mesitornis variegatus,90,6,61.9399931070426
Mesitornis variegatus,93,6,2.59390059166038
Mesitornis variegatus,94,6,69.519772768163
Mesitornis variegatus,96,6,10.8090685387814
Microcebus griseorufus,3,3,25.3907382258146
Microcebus griseorufus,4,3,0.086968773129344
Microcebus griseorufus,6,3,0.347746593876839
Microcebus griseorufus,9,3,0.0869155042577982
Microcebus griseorufus,10,3,50.404256302305
Microcebus griseorufus,18,3,6.68998903768658
Microcebus griseorufus,15,4,4.86376414093649
Microcebus griseorufus,20,4,0.0868565272495747
Microcebus griseorufus,21,5,5.29766820695078
Microcebus griseorufus,22,5,0.0868583734178543
Microcebus murinus,465,41,0.370271373195112
Microcebus murinus,467,41,0.46283412528491
Microcebus murinus,472,41,43.0377824654047
Microcebus murinus,473,41,0.185130594589651
Microcebus murinus,487,41,1.48074673073447
Microcebus murinus,489,41,1.66577102635723
Microcebus murinus,492,41,0.277623898765862
Microcebus murinus,494,41,0.277610584835649
Microcebus murinus,24385,1243,0.265972006813645
Microcebus murinus,24461,1243,9.04229392747104
Microcebus murinus,33716,2629,43.0398890354031
Microcebus murinus,2885,2541,50.5514532191371
Microcebus murinus,2888,2541,0.551364106284559
Microcebus murinus,18256,903,19.9646457705052
Microcebus murinus,28115,1446,52.9723472372855
Microcebus murinus,33952,1446,0.0876808440185785
Microcebus murinus,1538,2198,104.429400195702
Microcebus murinus,33866,2690,3.04359843366915
Microcebus murinus,33976,2690,0.276669520625651
Microcebus murinus,203,2258,39.9750370469875
Microcebus murinus,33518,2691,6.77328179594052
Microcebus murinus,33928,2692,3.80180155321062
Microcebus murinus,21547,2463,0.714404974963069
Microcebus murinus,21599,2463,0.178579506715536
Microcebus murinus,21755,2463,98.371248031032
Microcebus murinus,33482,2463,7.14406051427555
Microcebus murinus,33951,2463,10.8090685387814
Microcebus murinus,33945,2693,61.9399931070426
Microcebus murinus,33948,2694,71.7263411226956
Microcebus murinus,33495,2510,4.26181091131223
Microcebus murinus,33831,2510,60.1396754999989
Microcebus murinus,33965,2510,25.3907382258146
Microcebus murinus,33966,2510,0.086968773129344
Microcebus murinus,33967,2510,0.347746593876839
Microcebus murinus,33969,2510,6.68998903768658
Microcebus murinus,33708,2695,4.86376414093649
Microcebus murinus,33960,2695,0.0868565272495747
Microcebus murinus,33971,2696,5.29766820695078
Microcebus murinus,33972,2696,0.0868583734178543
Microcebus murinus,20200,2523,25.797282117154
Microcebus murinus,33343,2697,16.3121433096249
Microcebus murinus,33958,2697,15.5020643662589
Microcebus murinus,33959,2697,1.07537598973155
Microcebus murinus,33358,2525,61.6910012333192
Microcebus murinus,33719,2698,2.97625148162985
Microcebus murinus,33621,2590,3.88989244451857
Microcebus murinus,2428,2608,34.4246757473745
Microcebus murinus,33628,2608,19.3332322130632
Microcebus murinus,33930,2608,27.3374724883343
Microcebus murinus,33931,2608,24.3872932737229
Microcebus murinus,8472,2616,76.1933954013773
Microcebus murinus,8509,2616,0.364942030490041
Microcebus murinus,8595,2616,0.456175956650972
Microcebus murinus,33938,2699,34.9561422077829
Microcebus murinus,33940,2700,24.727618853068
Microcebus murinus,18508,2620,47.1909870244825
Microcebus murinus,21218,2626,73.5898853657199
Microcebus murinus,33941,2626,0.089502147397399
Microcebus murinus,33942,2626,0.0894929949085712
Microcebus murinus,33943,2626,0.0894914687683582
Microcebus murinus,33944,2626,1.07378921723688
Microcebus murinus,31811,2662,34.3158273423469
Microcebus murinus,33953,2662,0.52279803142643
Microcebus murinus,33798,2670,125.274567141177
Microcebus murinus,33884,2674,31.595939075628
Microcebus murinus,33977,2701,21.60300644752
Microcebus murinus,33978,2702,25.4417283819299
Microcebus murinus,33912,2684,25.617565249595
Microcebus murinus,33927,2689,16.2246258515832
Microcebus myoxinus,370,101,25.79728211715
Microcebus myoxinus,371,102,38.9075076262834
Microcebus myoxinus,367,105,1.07537598973155
Microcebus myoxinus,368,105,15.5020643662589
Microcebus myoxinus,378,105,16.3121433096249
Microcebus rufus,10343,1622,29.4123165165247
Microcebus rufus,1183,25,0.551364106284559
Microcebus rufus,10145,25,50.5514532191371
Microcebus rufus,9,1,28.9378063311858
Microcebus rufus,10206,1713,6.77328179594052
Microcebus rufus,10526,1714,3.80180155321062
Microcebus rufus,7906,1461,0.265972006813645
Microcebus rufus,10241,1461,57.2471492280874
Microcebus rufus,10357,1461,30.9497681570725
Microcebus rufus,10358,1461,9.04229392747104
Microcebus rufus,10478,1461,29.2747668395581
Microcebus rufus,10341,1620,6.66637044837762
Microcebus rufus,10344,1623,13.3977201621131
Microcebus rufus,10345,1624,3.88989244451857
Microcebus rufus,10352,1629,30.9335068643161
Microcebus rufus,10353,1715,18.1482495478409
Microcebus rufus,7397,1636,17.0539151583064
Microcebus rufus,10431,1669,104.429400195702
Microcebus rufus,10440,1672,16.2246258515832
Microcebus rufus,2564,1692,195.785593592067
Microcebus rufus,10534,1692,190.94944072833
Microcebus rufus,10535,1716,102.725346812851
Microcebus rufus,10539,1716,0.183868284008086
Microcebus rufus,10540,1716,59.9336014325963
Microcebus rufus,10536,1717,13.978461476303
Microcebus rufus,10538,1718,6.25186649493616
Microcebus rufus,10501,1696,154.383117306561
Microcebus rufus,10508,1700,102.681062214265
Microcebus rufus,10542,1719,23.8284303085826
Microcebus rufus,10543,1720,21.60300644752
Microcebus rufus,10544,1721,25.4417283819299
Microcebus rufus,10546,1722,2.83687293919438
Microcebus rufus,10525,1712,3.04359843366915
Microcebus tavaratra,55,11,0.370271373195112
Microcebus tavaratra,57,11,0.46283412528491
Microcebus tavaratra,62,11,43.0377824654036
Microcebus tavaratra,63,11,0.185130594589651
Microcebus tavaratra,69,11,1.48074673073447
Microcebus tavaratra,71,11,1.66577102635723
Microcebus tavaratra,72,11,0.277623898765862
Microcebus tavaratra,73,11,0.277610584835649
Microcebus tavaratra,274,40,19.9646457705052
Microgale brevicaudata,118,29,43.0377824654047
Microgale brevicaudata,122,29,1.48074673073447
Microgale brevicaudata,123,29,1.66577102635723
Microgale brevicaudata,124,29,0.277623898765862
Microgale brevicaudata,5206,832,21.442386823718
Microgale brevicaudata,5487,977,29.4123165165247
Microgale brevicaudata,5755,1013,43.0398890354031
Microgale brevicaudata,508,103,50.5514532191371
Microgale brevicaudata,510,103,0.551364106284559
Microgale brevicaudata,43,3,39.8822972337914
Microgale brevicaudata,5678,1037,6.77328179594052
Microgale brevicaudata,287,47,104.429400195702
Microgale brevicaudata,4013,524,47.1909870244825
Microgale brevicaudata,3964,611,19.9646457705052
Microgale brevicaudata,4454,671,73.5898853657199
Microgale brevicaudata,5823,671,0.089502147397399
Microgale brevicaudata,5826,671,1.07378921723688
Microgale brevicaudata,4440,675,61.9399931070426
Microgale brevicaudata,5822,1038,42.3071810174446
Microgale brevicaudata,4295,987,25.797282117154
Microgale brevicaudata,1880,1003,76.1933954013773
Microgale brevicaudata,1886,1003,0.456175956650972
Microgale brevicaudata,5817,1039,34.9561422077829
Microgale brevicaudata,5819,1040,24.727618853068
Microgale brevicaudata,5741,1005,13.3977201621131
Microgale brevicaudata,5742,1006,3.88989244451857
Microgale brevicaudata,5637,1025,16.3121433096249
Microgale brevicaudata,5827,1025,15.5020643662589
Microgale brevicaudata,5828,1025,1.07537598973155
Microgale brevicaudata,443,1033,29.9084594166144
Microgale brevicaudata,5730,1033,19.3332322130632
Microgale brevicaudata,5812,1033,141.814527633043
Microgale brevicaudata,5833,1033,27.3374724883343
Microgale brevicaudata,511,1036,47.086892150841
Microgale brevicaudata,5816,1036,0.183868284008086
Microgale brevicaudata,5813,1041,13.978461476303
Microgale brevicaudata,5815,1042,6.25186649493616
Microgale cowani,13068,903,29.4123165165247
Microgale cowani,1323,661,0.551364106284559
Microgale cowani,12927,661,50.5514532191371
Microgale cowani,13,1,28.9378063311858
Microgale cowani,12966,980,6.77328179594052
Microgale cowani,13066,901,6.66637044837762
Microgale cowani,13069,904,13.3977201621131
Microgale cowani,12970,916,57.2471492280874
Microgale cowani,13082,916,30.9497681570725
Microgale cowani,13183,916,29.2747668395581
Microgale cowani,13077,917,30.9335068643161
Microgale cowani,13078,981,18.1482495478409
Microgale cowani,9599,929,17.0539151583064
Microgale cowani,13155,959,104.429400195702
Microgale cowani,2930,971,195.785593592067
Microgale cowani,13218,971,190.94944072833
Microgale cowani,13219,982,102.725346812851
Microgale cowani,13223,982,0.183868284008086
Microgale cowani,13224,982,59.9336014325963
Microgale cowani,13220,983,13.978461476303
Microgale cowani,13221,983,0.367843747830331
Microgale cowani,13222,984,6.25186649493616
Microgale cowani,13206,975,83.4029158126508
Microgale cowani,13210,979,102.681062214265
Microgale cowani,13225,985,23.8284303085826
Microgale cowani,13226,986,21.60300644752
Microgale cowani,13227,987,25.4417283819299
Microgale drouhardi,205,31,21.60300644752
Microgale drouhardi,3,1,6.77328179594052
Microgale drouhardi,172,22,195.785593592067
Microgale drouhardi,2571,22,190.94944072833
Microgale drouhardi,2572,388,102.633381326643
Microgale drouhardi,2574,388,0.183868284008086
Microgale drouhardi,2575,388,59.9336014325963
Microgale drouhardi,2573,389,6.25186649493616
Microgale drouhardi,194,29,59.9094652718683
Microgale drouhardi,828,53,17.0539151583064
Microgale drouhardi,1910,361,0.265972006813645
Microgale drouhardi,2467,361,57.2471492280874
Microgale drouhardi,2525,361,30.9497681570725
Microgale drouhardi,2526,361,9.04229392747104
Microgale drouhardi,2570,361,29.2747668395581
Microgale drouhardi,2522,367,30.9335068643161
Microgale drouhardi,2523,390,18.1482495478409
Microgale drouhardi,2560,387,122.796345172141
Microgale dryas,9,4,30.0587182645868
Microgale dryas,158,39,57.2471492281104
Microgale dryas,11,6,83.4029158126508
Microgale dryas,14,40,56.2858290504973
Microgale fotsifotsy,13,1,6.77328179594052
Microgale fotsifotsy,3103,525,28.8450665179896
Microgale fotsifotsy,315,43,59.9094652718683
Microgale fotsifotsy,1509,75,17.0539151583064
Microgale fotsifotsy,2501,422,0.265972006813645
Microgale fotsifotsy,3108,422,57.2471492280874
Microgale fotsifotsy,3178,422,30.9497681570725
Microgale fotsifotsy,3179,422,9.04229392747104
Microgale fotsifotsy,3216,422,29.2747668395581
Microgale fotsifotsy,3197,465,104.429400195702
Microgale fotsifotsy,3175,478,30.9335068643161
Microgale fotsifotsy,3176,526,18.1482495478409
Microgale fotsifotsy,3206,517,55.2934602975934
Microgale fotsifotsy,3239,527,14.6943724434132
Microgale fotsifotsy,296,524,195.785593592067
Microgale fotsifotsy,3232,528,166.562147454607
Microgale fotsifotsy,3233,529,102.633381326643
Microgale fotsifotsy,3237,529,0.183868284008086
Microgale fotsifotsy,3238,529,59.9336014325963
Microgale fotsifotsy,3234,530,13.978461476303
Microgale fotsifotsy,3236,531,6.25186649493616
Microgale gracilis,31,7,29.8631255431847
Microgale gracilis,1342,164,21.60300644752
Microgale gracilis,26,5,195.785593592067
Microgale gracilis,1356,5,171.808387622467
Microgale gracilis,1357,179,76.7915477243708
Microgale gracilis,1359,179,0.183868284008086
Microgale gracilis,1360,179,29.8748831680172
Microgale gracilis,1358,180,6.25186649493616
Microgale gracilis,1110,165,0.265972006813645
Microgale gracilis,1338,165,57.2471492280874
Microgale gracilis,1346,165,30.9497681570725
Microgale gracilis,1347,165,9.04229392747104
Microgale gracilis,1355,165,29.2747668395581
Microgale gracilis,1354,178,17.0539151583064
Microgale gymnorhyncha,3284,176,29.4123165165247
Microgale gymnorhyncha,92,6,102.633381326643
Microgale gymnorhyncha,3328,6,0.183868284008086
Microgale gymnorhyncha,3329,6,59.9336014325963
Microgale gymnorhyncha,3324,185,79.0433488766304
Microgale gymnorhyncha,3325,186,13.978461476303
Microgale gymnorhyncha,3326,186,0.367843747830331
Microgale gymnorhyncha,3327,187,6.25186649493616
Microgale gymnorhyncha,37,7,119.206429474054
Microgale gymnorhyncha,204,20,17.0539151583064
Microgale gymnorhyncha,3287,180,57.2471492280874
Microgale gymnorhyncha,3304,180,30.9497681570725
Microgale gymnorhyncha,3323,180,29.2747668395581
Microgale gymnorhyncha,3295,183,6.66637044837762
Microgale gymnorhyncha,3299,184,30.9335068643161
Microgale gymnorhyncha,3300,188,18.1482495478409
Microgale longicaudata,113,23,9.25542923517871
Microgale longicaudata,114,23,1.48074673073441
Microgale longicaudata,7819,1261,29.4123165165247
Microgale longicaudata,1074,1224,50.5514532191371
Microgale longicaudata,1077,1224,0.551364106284559
Microgale longicaudata,37,1,39.9750370469875
Microgale longicaudata,7716,1353,6.77328179594052
Microgale longicaudata,8000,1354,3.80180155321062
Microgale longicaudata,7817,1259,6.66637044837762
Microgale longicaudata,7820,1262,13.3977201621131
Microgale longicaudata,7821,1263,3.88989244451857
Microgale longicaudata,7722,1274,57.2471492280874
Microgale longicaudata,7839,1274,30.9497681570725
Microgale longicaudata,7952,1274,29.2747668395581
Microgale longicaudata,7834,1275,30.9335068643161
Microgale longicaudata,7835,1355,18.1482495478409
Microgale longicaudata,5926,1279,17.0539151583064
Microgale longicaudata,7912,1318,104.429400195702
Microgale longicaudata,2218,1336,195.785593592067
Microgale longicaudata,8002,1336,190.94944072833
Microgale longicaudata,8003,1356,102.633381326643
Microgale longicaudata,8007,1356,0.183868284008086
Microgale longicaudata,8008,1356,59.9336014325963
Microgale longicaudata,8004,1357,13.978461476303
Microgale longicaudata,8006,1358,6.25186649493616
Microgale longicaudata,7982,1340,154.383117306561
Microgale longicaudata,7984,1341,102.681062214265
Microgale longicaudata,8010,1359,23.8284303085826
Microgale longicaudata,8011,1360,21.60300644752
Microgale longicaudata,8012,1361,25.4417283819299
Microgale mergulus,948,72,0.265972006813645
Microgale mergulus,1410,72,9.04229392747104
Microgale mergulus,9,2,19.3332322130632
Microgale mergulus,10,2,27.3374724883343
Microgale mergulus,12,2,54.2037306260277
Microgale mergulus,17,2,23.2776854782949
Microgale mergulus,19,4,88.1000987945846
Microgale mergulus,23,4,6.25186649493616
Microgale mergulus,1411,4,0.183868284008086
Microgale mergulus,1412,73,30.0587182645794
Microgale mergulus,26,5,61.6422788043113
Microgale mergulus,1413,74,21.60300644752
Microgale mergulus,1274,59,30.9335068643161
Microgale parvula,7675,1452,29.4123165165247
Microgale parvula,952,51,50.5514532191371
Microgale parvula,954,51,0.551364106284559
Microgale parvula,31,6,39.9750370469875
Microgale parvula,7712,1551,6.77328179594052
Microgale parvula,8011,1552,3.80180155321062
Microgale parvula,6242,1359,0.265972006813645
Microgale parvula,7719,1359,57.2471492280874
Microgale parvula,7837,1359,30.9497681570725
Microgale parvula,7838,1359,9.04229392747104
Microgale parvula,7959,1359,29.2747668395581
Microgale parvula,7818,1453,6.66637044837762
Microgale parvula,7821,1455,13.3977201621131
Microgale parvula,7822,1456,3.88989244451857
Microgale parvula,7832,1461,30.9335068643161
Microgale parvula,7833,1553,18.1482495478409
Microgale parvula,5969,1468,17.0539151583064
Microgale parvula,7911,1502,104.429400195702
Microgale parvula,7920,1505,125.274567141177
Microgale parvula,2119,1526,195.785593592067
Microgale parvula,8019,1526,190.94944072833
Microgale parvula,8020,1554,102.633381326643
Microgale parvula,8024,1554,0.183868284008086
Microgale parvula,8025,1554,59.9336014325963
Microgale parvula,8021,1555,13.978461476303
Microgale parvula,8023,1556,6.25186649493616
Microgale parvula,7982,1530,154.383117306561
Microgale parvula,7991,1535,102.681062214265
Microgale parvula,8027,1557,23.8284303085826
Microgale parvula,8028,1558,21.60300644752
Microgale parvula,8029,1559,25.4417283819299
Microgale parvula,8031,1560,2.83687293919438
Microgale parvula,8007,1547,3.04359843366915
Microgale parvula,8010,1550,16.2246258515832
Microgale principula,4910,607,29.4123165165247
Microgale principula,1,1,6.77328179594052
Microgale principula,53,2,104.429400195702
Microgale principula,394,46,53.5318238750097
Microgale principula,406,763,13.0809081293918
Microgale principula,3791,636,0.265972006813645
Microgale principula,4938,636,57.2471492280874
Microgale principula,5012,636,30.9497681570725
Microgale principula,5013,636,9.04229392747104
Microgale principula,5126,636,29.2747668395581
Microgale principula,3471,677,17.0539151583064
Microgale principula,4996,687,6.66637044837762
Microgale principula,4998,689,13.3977201621131
Microgale principula,4999,690,3.88989244451857
Microgale principula,5007,696,30.9335068643161
Microgale principula,5008,764,18.1482495478409
Microgale principula,5092,745,16.2246258515832
Microgale principula,794,755,195.785593592067
Microgale principula,5152,755,190.94944072833
Microgale principula,5153,765,102.633381326643
Microgale principula,5157,765,0.183868284008086
Microgale principula,5158,765,59.9336014325963
Microgale principula,5154,766,13.978461476303
Microgale principula,5156,767,6.25186649493616
Microgale principula,5144,758,154.383117306561
Microgale principula,5151,762,102.681062214265
Microgale principula,5164,768,23.8284303085826
Microgale principula,5165,769,21.60300644752
Microgale principula,5166,770,25.4417283819299
Microgale pusilla,2269,490,29.4123165165247
Microgale pusilla,2394,3,104.429400195702
Microgale pusilla,303,29,91.5054043474961
Microgale pusilla,2451,526,21.60300644752
Microgale pusilla,2452,527,25.4417283819299
Microgale pusilla,2454,528,2.83687293919438
Microgale pusilla,1997,337,30.9335068643161
Microgale pusilla,2377,498,6.66637044837762
Microgale pusilla,2443,518,3.04359843366915
Microgale pusilla,263,521,195.785593592067
Microgale pusilla,2444,521,190.94944072833
Microgale pusilla,2445,529,102.725346812851
Microgale pusilla,2449,529,0.183868284008086
Microgale pusilla,2450,529,59.9336014325963
Microgale pusilla,2446,530,13.978461476303
Microgale pusilla,2448,531,6.25186649493616
Microgale pusilla,2432,525,28.1094555150577
Microgale pusilla,2433,532,5.96920688482445
Microgale soricoides,3879,142,29.4123165165247
Microgale soricoides,260,4,102.633381326643
Microgale soricoides,4037,4,0.183868284008086
Microgale soricoides,4038,4,59.9336014325963
Microgale soricoides,4033,219,102.321034354925
Microgale soricoides,4034,220,13.978461476303
Microgale soricoides,4035,220,0.367843747830331
Microgale soricoides,4036,221,6.25186649493616
Microgale soricoides,58,6,149.114888890668
Microgale soricoides,379,16,30.0463397286835
Microgale soricoides,1197,24,17.0539151583064
Microgale soricoides,3937,214,57.2471492280874
Microgale soricoides,3992,214,30.9497681570725
Microgale soricoides,4032,214,29.2747668395581
Microgale soricoides,3981,216,6.66637044837762
Microgale soricoides,3982,217,13.3977201621131
Microgale soricoides,3987,218,30.9335068643161
Microgale soricoides,3988,222,18.1482495478409
Microgale taiva,21,6,66.5158365371153
Microgale taiva,3526,307,29.4123165165247
Microgale taiva,263,440,50.5514532191371
Microgale taiva,265,440,0.551364106284559
Microgale taiva,2528,372,0.265972006813645
Microgale taiva,3545,372,57.2471492280874
Microgale taiva,3603,372,30.9497681570725
Microgale taiva,3604,372,9.04229392747104
Microgale taiva,3689,372,29.2747668395581
Microgale taiva,3594,386,13.3977201621131
Microgale taiva,3598,389,30.9335068643161
Microgale taiva,3599,445,18.1482495478409
Microgale taiva,2331,393,17.0539151583064
Microgale taiva,663,439,195.785593592067
Microgale taiva,3710,439,190.94944072833
Microgale taiva,3711,446,102.633381326643
Microgale taiva,3715,446,0.183868284008086
Microgale taiva,3716,446,59.9336014325963
Microgale taiva,3712,447,13.978461476303
Microgale taiva,3714,448,6.25186649493616
Microgale taiva,3707,443,154.383117306561
Microgale taiva,3709,444,102.681062214265
Microgale taiva,3718,449,23.8284303085826
Microgale taiva,3719,450,21.60300644752
Microgale taiva,3720,451,25.4417283819299
Microgale thomasi,97,145,6.25186649493504
Microgale thomasi,1240,149,29.4123165165247
Microgale thomasi,66,17,149.114888890668
Microgale thomasi,86,21,13.978461476303
Microgale thomasi,1363,21,0.367843747830331
Microgale thomasi,98,189,0.183868284008086
Microgale thomasi,1364,189,102.633381326643
Microgale thomasi,1365,189,59.9336014325963
Microgale thomasi,140,190,112.996418601368
Microgale thomasi,1255,159,57.2471492280874
Microgale thomasi,1306,159,30.9497681570725
Microgale thomasi,1348,159,29.2747668395581
Microgale thomasi,1304,163,30.9335068643161
Microgale thomasi,866,171,17.0539151583064
Microgale thomasi,144,187,102.681062214265
Microgale thomasi,1367,191,23.8284303085826
Microgale thomasi,1362,188,128.765552056965
Mirza coquereli,64,9,47.6098880191011
Mirza coquereli,65,9,0.551364106284201
Mirza coquereli,410,50,61.6910012333192
Mirza coquereli,177,54,2.59390059166038
Mirza coquereli,420,54,29.4191601052511
Mirza coquereli,209,55,98.371248031032
Mirza coquereli,422,55,10.8090685387814
Monticola erythronotus,1,1,6.77328179594052
Monticola erythronotus,9,1,28.8450665179896
Monticola sharpei,183,2,9.25542923517931
Monticola sharpei,190,2,1.48074673073447
Monticola sharpei,192,2,1.4806853566674
Monticola sharpei,193,2,0.277623898765862
Monticola sharpei,64,1,39.9750370469875
Monticola sharpei,33432,1,6.77328179594052
Monticola sharpei,33778,1,3.80180155321062
Monticola sharpei,28568,50,61.6910012333192
Monticola sharpei,33580,50,2.97625148162985
Monticola sharpei,33795,50,0.437816361407518
Monticola sharpei,33796,50,0.437819895208001
Monticola sharpei,33797,50,0.700432654099226
Monticola sharpei,26507,58,52.9723472372855
Monticola sharpei,33677,97,104.429400195702
Monticola sharpei,33774,97,3.04359843366915
Monticola sharpei,33804,97,0.276701035475612
Monticola sharpei,33806,97,0.737800251060188
Monticola sharpei,33807,97,0.276669520625651
Monticola sharpei,33482,102,0.259112805699706
Monticola sharpei,33566,102,6.66637044837762
Monticola sharpei,33568,102,29.4123165165247
Monticola sharpei,33569,102,13.3977201621131
Monticola sharpei,33570,102,3.88989244451857
Monticola sharpei,33596,105,30.9335068643161
Monticola sharpei,33597,105,18.1482495478409
Monticola sharpei,22457,108,0.62064821295929
Monticola sharpei,22484,108,0.265972006813645
Monticola sharpei,22522,108,0.709200345668078
Monticola sharpei,22552,108,0.177290677110195
Monticola sharpei,33462,108,57.2471492280874
Monticola sharpei,33464,108,0.177275942426443
Monticola sharpei,33465,108,0.177274304782152
Monticola sharpei,33603,108,30.9497681570725
Monticola sharpei,33604,108,9.04229392747104
Monticola sharpei,33723,108,29.2747668395581
Monticola sharpei,20843,116,17.0539151583064
Monticola sharpei,1990,122,0.275725132784665
Monticola sharpei,2052,122,1.10270865664881
Monticola sharpei,2053,122,0.551364106284559
Monticola sharpei,2125,122,0.459394665796399
Monticola sharpei,2411,122,1.19502663136083
Monticola sharpei,6455,122,195.785593592067
Monticola sharpei,33351,122,50.5514532191371
Monticola sharpei,33783,122,0.735322067886293
Monticola sharpei,33785,122,0.459547624912083
Monticola sharpei,33787,122,190.94944072833
Monticola sharpei,33788,122,102.725346812851
Monticola sharpei,33789,122,13.978461476303
Monticola sharpei,33790,122,0.367843747830331
Monticola sharpei,33791,122,6.25186649493616
Monticola sharpei,33792,122,0.183868284008086
Monticola sharpei,33793,122,59.9336014325963
Monticola sharpei,33746,129,154.383117306561
Monticola sharpei,33686,126,125.274567141177
Monticola sharpei,33755,127,102.681062214265
Monticola sharpei,33799,127,23.8284303085826
Monticola sharpei,33800,127,21.60300644752
Monticola sharpei,33801,127,25.4417283819299
Monticola sharpei,33802,127,1.28132291198808
Monticola sharpei,33803,127,2.83687293919438
Monticola sharpei,33777,128,16.2246258515832
Monticolomys koopmani,7,6,29.4123165165295
Monticolomys koopmani,6,5,6.66637044837762
Motacilla flaviventris,966,61,45.3837980749123
Motacilla flaviventris,6401,61,17.6220528737401
Motacilla flaviventris,6410,61,0.273925922303796
Motacilla flaviventris,6412,61,0.456521060485482
Motacilla flaviventris,6413,61,0.456489704353094
Motacilla flaviventris,1171,80,54.9234868075213
Motacilla flaviventris,6408,80,1.0050096164819
Motacilla flaviventris,6416,80,0.365563104278565
Motacilla flaviventris,6420,80,0.730973599358201
Motacilla flaviventris,6422,80,0.274105624976993
Motacilla flaviventris,6423,80,0.274100652973294
Motacilla flaviventris,6424,80,0.365462564238071
Mystacornis crossleyi,5366,1,104.429400195702
Mystacornis crossleyi,5422,1,3.04359843366915
Mystacornis crossleyi,5438,1,0.276701035475612
Mystacornis crossleyi,5440,1,0.737800251060188
Mystacornis crossleyi,5441,1,0.276669520625651
Mystacornis crossleyi,5245,8,29.4123165165247
Mystacornis crossleyi,5321,8,6.66637044837762
Mystacornis crossleyi,5322,8,13.3977201621131
Mystacornis crossleyi,5323,8,3.88989244451857
Mystacornis crossleyi,5328,10,30.9335068643161
Mystacornis crossleyi,5329,10,18.1482495478409
Mystacornis crossleyi,3887,11,0.62064821295929
Mystacornis crossleyi,3892,11,0.265972006813645
Mystacornis crossleyi,3902,11,0.709200345668078
Mystacornis crossleyi,5274,11,57.2471492280874
Mystacornis crossleyi,5333,11,30.9497681570725
Mystacornis crossleyi,5334,11,9.04229392747104
Mystacornis crossleyi,5395,11,29.2747668395581
Mystacornis crossleyi,3551,14,17.0539151583064
Mystacornis crossleyi,398,19,190.94944072833
Mystacornis crossleyi,5429,19,176.452361379003
Mystacornis crossleyi,5430,19,102.633381326643
Mystacornis crossleyi,5431,19,13.978461476303
Mystacornis crossleyi,5432,19,0.367843747830331
Mystacornis crossleyi,5433,19,6.25186649493616
Mystacornis crossleyi,5435,19,59.9336014325963
Mystacornis crossleyi,5405,26,154.383117306561
Mystacornis crossleyi,5265,23,125.274567141177
Mystacornis crossleyi,5414,24,102.681062214265
Mystacornis crossleyi,5437,24,23.8284303085826
Mystacornis crossleyi,5374,25,16.2246258515832
Neodrepanis coruscans,279,1,190.94944072833
Neodrepanis coruscans,4747,1,149.114888890668
Neodrepanis coruscans,4748,1,102.633381326643
Neodrepanis coruscans,4749,1,13.978461476303
Neodrepanis coruscans,4750,1,0.367843747830331
Neodrepanis coruscans,4751,1,6.25186649493616
Neodrepanis coruscans,4752,1,0.183868284008086
Neodrepanis coruscans,4753,1,59.9336014325963
Neodrepanis coruscans,4745,50,154.383117306561
Neodrepanis coruscans,4639,28,29.4123165165247
Neodrepanis coruscans,4695,51,6.66637044837762
Neodrepanis coruscans,4696,52,13.3977201621131
Neodrepanis coruscans,4700,30,30.9335068643161
Neodrepanis coruscans,4701,30,18.1482495478409
Neodrepanis coruscans,3462,39,0.62064821295929
Neodrepanis coruscans,3463,39,0.265972006813645
Neodrepanis coruscans,3464,39,0.709200345668078
Neodrepanis coruscans,3466,39,0.177290677110195
Neodrepanis coruscans,4657,39,57.2471492280874
Neodrepanis coruscans,4659,39,0.177275942426443
Neodrepanis coruscans,4660,39,0.177274304782152
Neodrepanis coruscans,4703,39,30.9497681570725
Neodrepanis coruscans,4704,39,9.04229392747104
Neodrepanis coruscans,4738,39,29.2747668395581
Neodrepanis coruscans,4733,42,17.0539151583064
Neodrepanis coruscans,221,46,102.681062214265
Neodrepanis coruscans,4739,53,23.8284303085826
Neodrepanis coruscans,4728,48,16.2246258515832
Neodrepanis coruscans,4650,49,125.274567141177
Neodrepanis hypoxantha,1,1,29.874883168016
Neodrepanis hypoxantha,3,3,6.66637044837762
Neomixis striatigula,1,1,6.77328179594052
Neomixis striatigula,11129,3,104.429400195702
Neomixis striatigula,11205,3,3.04359843366915
Neomixis striatigula,11226,3,0.276701035475612
Neomixis striatigula,11228,3,0.737800251060188
Neomixis striatigula,11229,3,0.276669520625651
Neomixis striatigula,10949,80,29.4123165165247
Neomixis striatigula,11039,113,6.66637044837762
Neomixis striatigula,11041,114,13.3977201621131
Neomixis striatigula,11049,86,30.9335068643161
Neomixis striatigula,11050,86,18.1482495478409
Neomixis striatigula,8079,89,0.62064821295929
Neomixis striatigula,8092,89,0.265972006813645
Neomixis striatigula,8109,89,0.709200345668078
Neomixis striatigula,8124,89,0.177290677110195
Neomixis striatigula,10958,89,57.2471492280874
Neomixis striatigula,10960,89,0.177275942426443
Neomixis striatigula,10961,89,0.177274304782152
Neomixis striatigula,11054,89,30.9497681570725
Neomixis striatigula,11055,89,9.04229392747104
Neomixis striatigula,11161,89,29.2747668395581
Neomixis striatigula,7393,97,17.0539151583064
Neomixis striatigula,664,104,0.275725132784665
Neomixis striatigula,681,104,45.2219258370845
Neomixis striatigula,682,104,1.10270865664881
Neomixis striatigula,683,104,0.551364106284559
Neomixis striatigula,711,104,0.459394665796399
Neomixis striatigula,796,104,1.19502663136083
Neomixis striatigula,11209,104,0.735322067886293
Neomixis striatigula,11211,104,0.459547624912083
Neomixis striatigula,1593,115,195.785593592067
Neomixis striatigula,11213,115,190.94944072833
Neomixis striatigula,11214,115,102.633381326643
Neomixis striatigula,11215,115,13.978461476303
Neomixis striatigula,11216,115,0.367843747830331
Neomixis striatigula,11217,115,6.25186649493616
Neomixis striatigula,11218,115,0.183868284008086
Neomixis striatigula,11219,115,59.9336014325963
Neomixis striatigula,11181,116,154.383117306561
Neomixis striatigula,10951,110,125.274567141177
Neomixis striatigula,11190,111,102.681062214265
Neomixis striatigula,11222,111,21.60300644752
Neomixis striatigula,11223,111,25.4417283819299
Neomixis striatigula,11224,111,1.28132291198808
Neomixis striatigula,11225,111,2.83687293919438
Neomixis striatigula,11221,117,23.8284303085826
Neomixis striatigula,11137,112,16.2246258515832
Neomixis tenella,637,244,0.370271373195112
Neomixis tenella,639,244,0.46283412528491
Neomixis tenella,645,244,43.0377824654047
Neomixis tenella,646,244,0.185130594589651
Neomixis tenella,668,244,1.48074673073447
Neomixis tenella,671,244,1.66577102635723
Neomixis tenella,676,244,0.277623898765862
Neomixis tenella,679,244,0.277610584835649
Neomixis tenella,42578,319,43.0398890354031
Neomixis tenella,8951,16,0.364942030490041
Neomixis tenella,8960,16,0.456175956650972
Neomixis tenella,9191,16,76.4671489871728
Neomixis tenella,42847,16,35.3212407156859
Neomixis tenella,42848,16,0.182548627367735
Neomixis tenella,42849,16,24.727618853068
Neomixis tenella,40487,75,9.64850369343591
Neomixis tenella,42869,75,0.608441640821576
Neomixis tenella,259,92,39.9750370469875
Neomixis tenella,42838,92,3.80180155321062
Neomixis tenella,42839,92,0.0927161959207654
Neomixis tenella,42424,343,6.77328179594052
Neomixis tenella,42706,135,104.429400195702
Neomixis tenella,42837,135,3.04359843366915
Neomixis tenella,42882,135,0.276701035475612
Neomixis tenella,42883,135,0.0922322307362557
Neomixis tenella,42884,135,0.737800251060188
Neomixis tenella,42885,135,0.276669520625651
Neomixis tenella,39927,266,6.62081308984351
Neomixis tenella,42868,266,0.52279803142643
Neomixis tenella,42306,267,61.6910012333192
Neomixis tenella,42581,267,2.97625148162985
Neomixis tenella,42872,267,0.437816361407518
Neomixis tenella,42873,267,0.437819895208001
Neomixis tenella,42874,267,0.700432654099226
Neomixis tenella,31846,287,0.62064821295929
Neomixis tenella,31895,287,0.265972006813645
Neomixis tenella,31939,287,0.709200345668078
Neomixis tenella,31991,287,0.177290677110195
Neomixis tenella,42455,287,57.2471492280874
Neomixis tenella,42456,287,29.2747668395581
Neomixis tenella,42458,287,9.04229392747104
Neomixis tenella,42459,287,0.177275942426443
Neomixis tenella,42460,287,0.177274304782152
Neomixis tenella,42537,295,6.66637044837762
Neomixis tenella,42539,344,29.4123165165247
Neomixis tenella,42540,345,13.3977201621131
Neomixis tenella,23939,303,47.1909870244825
Neomixis tenella,42259,303,0.0898503147517443
Neomixis tenella,42569,307,30.9335068643161
Neomixis tenella,42570,307,18.1482495478409
Neomixis tenella,24739,308,25.797282117154
Neomixis tenella,26520,308,73.5898853657199
Neomixis tenella,26966,308,0.714404974963069
Neomixis tenella,27014,308,0.535747839347363
Neomixis tenella,27036,308,0.178579506715536
Neomixis tenella,27054,308,0.178571738508701
Neomixis tenella,27072,308,0.446413028153181
Neomixis tenella,27152,308,1.87495118889773
Neomixis tenella,27231,308,98.371248031032
Neomixis tenella,42263,308,16.3121433096249
Neomixis tenella,42385,308,7.14406051427555
Neomixis tenella,42857,308,0.089502147397399
Neomixis tenella,42858,308,0.0894929949085712
Neomixis tenella,42859,308,0.0894914687683582
Neomixis tenella,42860,308,1.07378921723688
Neomixis tenella,42861,308,61.9399931070426
Neomixis tenella,42862,308,0.178990567408919
Neomixis tenella,42863,308,0.268460667104721
Neomixis tenella,42864,308,71.7263411226956
Neomixis tenella,42865,308,2.59390059166038
Neomixis tenella,42866,308,0.178794425736427
Neomixis tenella,42867,308,10.8090685387814
Neomixis tenella,42870,308,15.5020643662589
Neomixis tenella,42871,308,1.07537598973155
Neomixis tenella,21631,323,19.9646457705052
Neomixis tenella,42613,323,1.07920972973263
Neomixis tenella,42875,323,0.0899268180351257
Neomixis tenella,42743,326,17.0539151583064
Neomixis tenella,3304,331,0.275725132784665
Neomixis tenella,3414,331,1.10270865664881
Neomixis tenella,3415,331,0.551364106284559
Neomixis tenella,3544,331,0.459394665796399
Neomixis tenella,4218,331,1.19502663136083
Neomixis tenella,42241,331,50.5514532191371
Neomixis tenella,42840,331,0.091887688995719
Neomixis tenella,42841,331,0.0919312846174836
Neomixis tenella,42842,331,0.0919289977338314
Neomixis tenella,42843,331,0.735322067886293
Neomixis tenella,42844,331,0.091911819108069
Neomixis tenella,42845,331,0.459547624912083
Neomixis tenella,42846,331,0.0919106721719503
Neomixis tenella,12780,346,195.785593592067
Neomixis tenella,42850,346,190.94944072833
Neomixis tenella,42851,346,102.725346812851
Neomixis tenella,42852,346,13.978461476303
Neomixis tenella,42853,346,0.367843747830331
Neomixis tenella,42854,346,6.25186649493616
Neomixis tenella,42855,346,0.183868284008086
Neomixis tenella,42856,346,59.9336014325963
Neomixis tenella,42799,347,154.383117306561
Neomixis tenella,42715,337,16.2246258515832
Neomixis tenella,42446,341,112.193659011785
Neomixis tenella,42808,342,102.681062214265
Neomixis tenella,42878,342,21.60300644752
Neomixis tenella,42879,342,25.4417283819299
Neomixis tenella,42880,342,1.28132291198808
Neomixis tenella,42881,342,2.83687293919438
Neomixis tenella,42876,348,0.0916675103770494
Neomixis tenella,42877,348,23.8284303085826
Neomixis viridis,8422,1,104.429400195702
Neomixis viridis,8491,1,3.04359843366915
Neomixis viridis,8509,1,0.276701035475612
Neomixis viridis,8511,1,0.737800251060188
Neomixis viridis,8512,1,0.276669520625651
Neomixis viridis,8258,70,29.4123165165247
Neomixis viridis,8336,98,6.66637044837762
Neomixis viridis,8338,99,13.3977201621131
Neomixis viridis,8343,78,30.9335068643161
Neomixis viridis,8344,78,18.1482495478409
Neomixis viridis,6358,83,0.62064821295929
Neomixis viridis,6364,83,0.265972006813645
Neomixis viridis,6377,83,0.709200345668078
Neomixis viridis,6387,83,0.177290677110195
Neomixis viridis,8268,83,57.2471492280874
Neomixis viridis,8270,83,0.177275942426443
Neomixis viridis,8271,83,0.177274304782152
Neomixis viridis,8348,83,30.9497681570725
Neomixis viridis,8349,83,9.04229392747104
Neomixis viridis,8450,83,29.2747668395581
Neomixis viridis,5928,84,17.0539151583064
Neomixis viridis,351,90,0.275725132784665
Neomixis viridis,370,90,50.5514532191371
Neomixis viridis,371,90,1.10270865664881
Neomixis viridis,372,90,0.551364106284559
Neomixis viridis,406,90,0.459394665796399
Neomixis viridis,523,90,1.19502663136083
Neomixis viridis,8495,90,0.735322067886293
Neomixis viridis,8497,90,0.459547624912083
Neomixis viridis,1251,100,190.94944072833
Neomixis viridis,8499,100,176.452361379003
Neomixis viridis,8500,100,102.633381326643
Neomixis viridis,8501,100,13.978461476303
Neomixis viridis,8502,100,0.367843747830331
Neomixis viridis,8503,100,6.25186649493616
Neomixis viridis,8504,100,0.183868284008086
Neomixis viridis,8505,100,59.9336014325963
Neomixis viridis,8469,101,154.383117306561
Neomixis viridis,8430,93,16.2246258515832
Neomixis viridis,8259,96,125.274567141177
Neomixis viridis,8479,97,102.681062214265
Neomixis viridis,8485,97,24.0690321273916
Neomixis viridis,8508,97,21.60300644752
Neomixis viridis,8507,102,23.8284303085826
Nesillas lantzii,119,7,0.52279803142643
Nesillas lantzii,176,7,34.3158273423469
Nesillas lantzii,181,8,0.347746593876839
Nesillas lantzii,190,8,60.1396754999989
Nesillas lantzii,268,8,1.65290511830437
Nesillas lantzii,269,8,4.26181091131223
Nesillas lantzii,270,8,25.3907382258146
Nesillas lantzii,280,8,4.86376414093649
Nesillas lantzii,295,8,0.347687768672109
Nesillas lantzii,296,8,0.608441640821576
Nesillas lantzii,297,8,6.68998903768658
Nesillas lantzii,299,8,5.29766820695078
Nesogale dobsoni,10538,699,29.4123165165247
Nesogale dobsoni,862,643,0.551364106284559
Nesogale dobsoni,10389,643,50.5514532191371
Nesogale dobsoni,5,1,28.9378063311858
Nesogale dobsoni,10436,760,6.77328179594052
Nesogale dobsoni,10442,679,57.2471492280874
Nesogale dobsoni,10552,679,30.9497681570725
Nesogale dobsoni,10667,679,29.2747668395581
Nesogale dobsoni,10536,697,6.66637044837762
Nesogale dobsoni,10539,700,13.3977201621131
Nesogale dobsoni,10547,702,30.9335068643161
Nesogale dobsoni,10548,761,18.1482495478409
Nesogale dobsoni,7582,708,17.0539151583064
Nesogale dobsoni,10625,740,104.429400195702
Nesogale dobsoni,2516,753,195.785593592067
Nesogale dobsoni,10716,753,190.94944072833
Nesogale dobsoni,10717,762,102.725346812851
Nesogale dobsoni,10721,762,0.183868284008086
Nesogale dobsoni,10722,762,59.9336014325963
Nesogale dobsoni,10718,763,13.978461476303
Nesogale dobsoni,10719,763,0.367843747830331
Nesogale dobsoni,10720,764,6.25186649493616
Nesogale dobsoni,10691,756,154.383117306561
Nesogale dobsoni,10698,759,102.681062214265
Nesogale dobsoni,10724,765,23.8284303085826
Nesogale dobsoni,10725,766,21.60300644752
Nesogale dobsoni,10726,767,25.4417283819299
Nesogale talazaci,9843,474,29.4123165165247
Nesogale talazaci,1369,42,53.5318238750097
Nesogale talazaci,834,547,50.5514532191371
Nesogale talazaci,836,547,0.551364106284559
Nesogale talazaci,6,1,39.9750370469875
Nesogale talazaci,9730,548,6.77328179594052
Nesogale talazaci,7684,461,0.265972006813645
Nesogale talazaci,9759,461,57.2471492280874
Nesogale talazaci,9859,461,30.9497681570725
Nesogale talazaci,9860,461,9.04229392747104
Nesogale talazaci,9982,461,29.2747668395581
Nesogale talazaci,9841,472,6.66637044837762
Nesogale talazaci,9844,475,13.3977201621131
Nesogale talazaci,9854,479,30.9335068643161
Nesogale talazaci,9855,549,18.1482495478409
Nesogale talazaci,7156,482,17.0539151583064
Nesogale talazaci,9933,515,104.429400195702
Nesogale talazaci,9942,518,16.2246258515832
Nesogale talazaci,2028,529,195.785593592067
Nesogale talazaci,10031,529,190.94944072833
Nesogale talazaci,10032,550,102.633381326643
Nesogale talazaci,10036,550,0.183868284008086
Nesogale talazaci,10037,550,59.9336014325963
Nesogale talazaci,10033,551,13.978461476303
Nesogale talazaci,10034,551,0.367843747830331
Nesogale talazaci,10035,552,6.25186649493616
Nesogale talazaci,10005,532,154.383117306561
Nesogale talazaci,10012,535,102.681062214265
Nesogale talazaci,10039,553,23.8284303085826
Nesogale talazaci,10040,554,21.60300644752
Nesogale talazaci,10041,555,25.4417283819299
Nesomys audeberti,34,6,26.8482161109039
Nesomys audeberti,1553,110,29.4123165165247
Nesomys audeberti,1563,135,28.1094555150577
Nesomys audeberti,104,13,106.678284714852
Nesomys audeberti,1564,13,16.6597677980793
Nesomys audeberti,1565,13,24.3872932737229
Nesomys audeberti,105,15,59.9336014325963
Nesomys audeberti,1566,15,47.086892150841
Nesomys audeberti,1570,15,0.183868284008086
Nesomys audeberti,122,136,25.8418336022728
Nesomys audeberti,1567,137,13.978461476303
Nesomys audeberti,1568,137,0.367843747830331
Nesomys audeberti,1569,138,6.25186649493616
Nesomys audeberti,1401,94,18.1482495478409
Nesomys audeberti,137,125,25.617565249595
Nesomys audeberti,1557,131,13.3977201621131
Nesomys audeberti,1558,132,6.66637044837762
Nesomys lambertoni,345,29,43.0398890354103
Nesomys lambertoni,328,25,47.1909870244825
Nesomys rufus,10799,457,29.4123165165247
Nesomys rufus,632,508,26.2899854313229
Nesomys rufus,663,508,0.183823638216138
Nesomys rufus,667,508,0.183819050049782
Nesomys rufus,10874,9,91.0514909416732
Nesomys rufus,10797,455,6.66637044837762
Nesomys rufus,10800,458,13.3977201621131
Nesomys rufus,7996,461,0.265972006813645
Nesomys rufus,10733,461,57.2471492280874
Nesomys rufus,10810,461,30.9497681570725
Nesomys rufus,10811,461,9.04229392747104
Nesomys rufus,10906,461,29.2747668395581
Nesomys rufus,10807,465,30.9335068643161
Nesomys rufus,10808,514,18.1482495478409
Nesomys rufus,3925,466,17.0539151583064
Nesomys rufus,1707,510,190.94944072833
Nesomys rufus,10935,510,176.452361379003
Nesomys rufus,10936,515,102.633381326643
Nesomys rufus,10940,515,0.183868284008086
Nesomys rufus,10941,515,59.9336014325963
Nesomys rufus,10937,516,13.978461476303
Nesomys rufus,10938,516,0.367843747830331
Nesomys rufus,10939,517,6.25186649493616
Nesomys rufus,10921,512,154.383117306561
Nesomys rufus,10924,513,102.681062214265
Nesomys rufus,10943,518,23.8284303085826
Nesomys rufus,10944,519,21.60300644752
Nesomys rufus,10945,520,25.4417283819299
Newtonia amphichroa,1,1,6.77328179594052
Newtonia amphichroa,3922,1,28.8450665179896
Newtonia amphichroa,31,2,7.65654382250763
Newtonia amphichroa,4043,2,69.9246402622838
Newtonia amphichroa,4084,2,3.04359843366915
Newtonia amphichroa,4100,2,0.276701035475612
Newtonia amphichroa,4102,2,0.737800251060188
Newtonia amphichroa,4103,2,0.276669520625651
Newtonia amphichroa,3921,30,29.4123165165247
Newtonia amphichroa,3998,30,6.66637044837762
Newtonia amphichroa,3999,30,13.3977201621131
Newtonia amphichroa,4003,38,30.9335068643161
Newtonia amphichroa,4004,38,18.1482495478409
Newtonia amphichroa,3325,40,0.62064821295929
Newtonia amphichroa,3328,40,0.265972006813645
Newtonia amphichroa,3333,40,0.709200345668078
Newtonia amphichroa,3930,40,57.2471492280874
Newtonia amphichroa,4008,40,30.9497681570725
Newtonia amphichroa,4009,40,9.04229392747104
Newtonia amphichroa,4072,40,29.2747668395581
Newtonia amphichroa,3119,48,17.0539151583064
Newtonia amphichroa,161,55,0.275725132784665
Newtonia amphichroa,167,55,0.275701020456016
Newtonia amphichroa,172,55,0.643255248789787
Newtonia amphichroa,209,55,1.19502663136083
Newtonia amphichroa,3890,55,26.2899854313229
Newtonia amphichroa,4087,55,0.735322067886293
Newtonia amphichroa,4089,55,0.459547624912083
Newtonia amphichroa,318,58,154.383117306561
Newtonia amphichroa,4046,59,190.94944072833
Newtonia amphichroa,4091,59,176.452361379003
Newtonia amphichroa,4092,59,102.725346812851
Newtonia amphichroa,4093,59,13.978461476303
Newtonia amphichroa,4094,59,0.367843747830331
Newtonia amphichroa,4095,59,6.25186649493616
Newtonia amphichroa,4097,59,59.9336014325963
Newtonia amphichroa,4079,57,102.681062214265
Newtonia amphichroa,4099,60,23.8284303085826
Newtonia archboldi,160,16,60.1396754999989
Newtonia archboldi,273,16,1.65290511830437
Newtonia archboldi,274,16,4.26181091131223
Newtonia archboldi,284,16,4.86376414093649
Newtonia archboldi,285,16,25.3907382258146
Newtonia archboldi,287,16,0.347746593876839
Newtonia archboldi,288,16,0.608441640821576
Newtonia archboldi,289,16,6.68998903768658
Newtonia archboldi,291,16,5.29766820695078
Newtonia brunneicauda,582,65,0.370271373195112
Newtonia brunneicauda,584,65,0.46283412528491
Newtonia brunneicauda,588,65,43.0377824654047
Newtonia brunneicauda,589,65,0.185130594589651
Newtonia brunneicauda,611,65,1.48074673073447
Newtonia brunneicauda,615,65,1.66577102635723
Newtonia brunneicauda,621,65,0.277623898765862
Newtonia brunneicauda,625,65,0.277610584835649
Newtonia brunneicauda,41357,68,104.429400195702
Newtonia brunneicauda,41494,68,3.04359843366915
Newtonia brunneicauda,41552,68,0.276701035475612
Newtonia brunneicauda,41554,68,0.737800251060188
Newtonia brunneicauda,41555,68,0.276669520625651
Newtonia brunneicauda,269,83,39.9750370469875
Newtonia brunneicauda,40935,83,6.77328179594052
Newtonia brunneicauda,41498,83,3.80180155321062
Newtonia brunneicauda,38965,208,4.86376414093649
Newtonia brunneicauda,41410,208,9.64850369343591
Newtonia brunneicauda,41531,208,0.347687768672109
Newtonia brunneicauda,41532,208,1.4775838057574
Newtonia brunneicauda,41541,208,0.608441640821576
Newtonia brunneicauda,41542,208,6.68998903768658
Newtonia brunneicauda,41543,208,7.73337159750998
Newtonia brunneicauda,41544,208,5.29766820695078
Newtonia brunneicauda,39368,298,34.3158273423469
Newtonia brunneicauda,41530,298,0.52279803142643
Newtonia brunneicauda,40790,235,61.6910012333192
Newtonia brunneicauda,41224,235,2.97625148162985
Newtonia brunneicauda,41537,235,0.437816361407518
Newtonia brunneicauda,41538,235,0.437819895208001
Newtonia brunneicauda,41539,235,0.700432654099226
Newtonia brunneicauda,41178,250,6.66637044837762
Newtonia brunneicauda,41180,250,29.4123165165247
Newtonia brunneicauda,41181,250,13.3977201621131
Newtonia brunneicauda,41213,252,30.9335068643161
Newtonia brunneicauda,41214,252,18.1482495478409
Newtonia brunneicauda,23121,255,47.1909870244825
Newtonia brunneicauda,25656,259,25.797282117154
Newtonia brunneicauda,27273,259,16.7138689349576
Newtonia brunneicauda,27382,259,73.5898853657199
Newtonia brunneicauda,27552,259,71.7263411226956
Newtonia brunneicauda,40763,259,16.3121433096249
Newtonia brunneicauda,41520,259,1.07378921723688
Newtonia brunneicauda,41521,259,61.9399931070426
Newtonia brunneicauda,41522,259,0.178990567408919
Newtonia brunneicauda,41523,259,0.268460667104721
Newtonia brunneicauda,41524,259,2.59390059166038
Newtonia brunneicauda,41525,259,0.178794425736427
Newtonia brunneicauda,41535,259,15.5020643662589
Newtonia brunneicauda,41536,259,1.07537598973155
Newtonia brunneicauda,41221,299,43.0398890354031
Newtonia brunneicauda,32684,265,0.62064821295929
Newtonia brunneicauda,32714,265,0.265972006813645
Newtonia brunneicauda,32754,265,0.709200345668078
Newtonia brunneicauda,32791,265,0.177290677110195
Newtonia brunneicauda,41033,265,57.2471492280874
Newtonia brunneicauda,41035,265,0.177275942426443
Newtonia brunneicauda,41036,265,0.177274304782152
Newtonia brunneicauda,41243,265,30.9497681570725
Newtonia brunneicauda,41244,265,9.04229392747104
Newtonia brunneicauda,41422,265,29.2747668395581
Newtonia brunneicauda,22634,272,19.9646457705052
Newtonia brunneicauda,41267,272,1.07920972973263
Newtonia brunneicauda,30757,276,17.0539151583064
Newtonia brunneicauda,3206,285,0.275725132784665
Newtonia brunneicauda,3311,285,50.5514532191371
Newtonia brunneicauda,3316,285,1.10270865664881
Newtonia brunneicauda,3317,285,0.551364106284559
Newtonia brunneicauda,3416,285,0.459394665796399
Newtonia brunneicauda,3838,285,1.19502663136083
Newtonia brunneicauda,41503,285,0.735322067886293
Newtonia brunneicauda,41505,285,0.459547624912083
Newtonia brunneicauda,13658,300,195.785593592067
Newtonia brunneicauda,41510,300,190.94944072833
Newtonia brunneicauda,41511,300,102.633381326643
Newtonia brunneicauda,41512,300,13.978461476303
Newtonia brunneicauda,41513,300,0.367843747830331
Newtonia brunneicauda,41514,300,6.25186649493616
Newtonia brunneicauda,41515,300,0.183868284008086
Newtonia brunneicauda,41516,300,59.9336014325963
Newtonia brunneicauda,41456,301,154.383117306561
Newtonia brunneicauda,41366,293,125.274567141177
Newtonia brunneicauda,41465,295,102.681062214265
Newtonia brunneicauda,41548,295,21.60300644752
Newtonia brunneicauda,41549,295,25.4417283819299
Newtonia brunneicauda,41550,295,1.28132291198808
Newtonia brunneicauda,41551,295,2.83687293919438
Newtonia brunneicauda,41547,302,23.8284303085826
Newtonia brunneicauda,8944,296,76.1933954013773
Newtonia brunneicauda,8970,296,0.364942030490041
Newtonia brunneicauda,9046,296,0.456175956650972
Newtonia brunneicauda,41507,296,34.9561422077829
Newtonia brunneicauda,41508,296,0.182548627367735
Newtonia brunneicauda,41509,296,24.727618853068
Newtonia brunneicauda,41497,297,16.2246258515832
Newtonia fanovanae,2,2,13.3977201621131
Newtonia fanovanae,3,2,3.88989244451857
Oriolia bernieri,21,3,149.114888890668
Oriolia bernieri,23,3,79.0433488766304
Oriolia bernieri,37,3,100.938157121198
Oriolia bernieri,2194,3,14.5332825320594
Oriolia bernieri,2195,3,55.5464891758025
Oriolia bernieri,2196,3,30.0587182645794
Oriolia bernieri,2191,20,30.9335068643161
Oriolia bernieri,2192,20,18.1482495478409
Oriolia bernieri,1603,21,0.62064821295929
Oriolia bernieri,1604,21,0.709200345668078
Oriolia bernieri,1605,21,57.2471492280874
Oriolia bernieri,2137,21,30.9497681570725
Oriolia bernieri,2193,21,9.04229392747104
Oriolia bernieri,52,25,125.274567141177
Oryzorictes hova,8984,563,29.4123165165247
Oryzorictes hova,1230,49,53.5318238750097
Oryzorictes hova,824,511,0.551364106284559
Oryzorictes hova,8811,511,50.5514532191371
Oryzorictes hova,1,1,6.77328179594052
Oryzorictes hova,5778,494,17.0539151583064
Oryzorictes hova,8894,545,57.2471492280874
Oryzorictes hova,8996,545,30.9497681570725
Oryzorictes hova,9115,545,29.6296191803109
Oryzorictes hova,8982,561,6.66637044837762
Oryzorictes hova,8985,564,13.3977201621131
Oryzorictes hova,8991,566,30.9335068643161
Oryzorictes hova,8992,624,18.1482495478409
Oryzorictes hova,9069,613,104.429400195702
Oryzorictes hova,9078,616,16.2246258515832
Oryzorictes hova,1894,617,195.785593592067
Oryzorictes hova,9160,617,190.94944072833
Oryzorictes hova,9161,625,102.725346812851
Oryzorictes hova,9165,625,0.183868284008086
Oryzorictes hova,9166,625,59.9336014325963
Oryzorictes hova,9162,626,13.978461476303
Oryzorictes hova,9163,626,0.367843747830331
Oryzorictes hova,9164,627,6.25186649493616
Oryzorictes hova,9136,620,154.383117306561
Oryzorictes hova,9143,623,102.681062214265
Oryzorictes hova,9168,628,23.8284303085826
Oryzorictes hova,9169,629,21.60300644752
Oryzorictes hova,9170,630,25.4417283819299
Oryzorictes tetradactylus,197,29,27.3374724883271
Oryzorictes tetradactylus,200,31,29.8164373523018
Oryzorictes tetradactylus,244,212,32.5536096187731
Oryzorictes tetradactylus,278,212,0.183868284008145
Oryzorictes tetradactylus,121,14,38.0118100940961
Oryzorictes tetradactylus,277,34,13.978461476303
Oryzorictes tetradactylus,2131,34,0.367843747830331
Oryzorictes tetradactylus,2132,213,6.25186649493616
Oryzorictes tetradactylus,1980,144,61.6910012333192
Otus rutilus,2069,14,195.785593592067
Otus rutilus,5913,14,50.5514532191371
Otus rutilus,6555,14,154.383117306561
Otus rutilus,6594,14,190.94944072833
Otus rutilus,6595,14,102.725346812851
Otus rutilus,6596,14,13.978461476303
Otus rutilus,6598,14,6.25186649493616
Otus rutilus,6600,14,59.9336014325963
Otus rutilus,6472,32,104.429400195702
Otus rutilus,6584,32,3.04359843366915
Otus rutilus,6564,33,102.681062214265
Otus rutilus,6615,33,23.8284303085826
Otus rutilus,6616,33,21.60300644752
Otus rutilus,6617,33,25.4417283819299
Otus rutilus,6619,33,2.83687293919438
Otus rutilus,1546,20,76.4671489871728
Otus rutilus,6591,20,35.3212407156859
Otus rutilus,6593,20,24.727618853068
Otus rutilus,6190,24,57.2471492280874
Otus rutilus,6365,24,30.9497681570725
Otus rutilus,6366,24,9.04229392747104
Otus rutilus,6531,24,29.2747668395581
Otus rutilus,3514,29,25.797282117154
Otus rutilus,3627,29,73.5898853657199
Otus rutilus,3951,29,98.371248031032
Otus rutilus,5681,29,16.3121433096249
Otus rutilus,6359,29,43.0398890354031
Otus rutilus,6605,29,61.9399931070426
Otus rutilus,6608,29,71.7263411226956
Otus rutilus,6609,29,2.59390059166038
Otus rutilus,6611,29,10.8090685387814
Otus rutilus,6612,29,15.5020643662589
Otus rutilus,6481,31,125.274567141177
Oxylabes madagascariensis,3,2,39.9750370469875
Oxylabes madagascariensis,6500,2,6.77328179594052
Oxylabes madagascariensis,6684,2,3.80180155321062
Oxylabes madagascariensis,6624,28,91.0514909416732
Oxylabes madagascariensis,6680,28,3.04359843366915
Oxylabes madagascariensis,6701,28,0.276701035475612
Oxylabes madagascariensis,6703,28,0.737800251060188
Oxylabes madagascariensis,6704,28,0.276669520625651
Oxylabes madagascariensis,6443,30,29.4123165165247
Oxylabes madagascariensis,6576,30,6.66637044837762
Oxylabes madagascariensis,6577,30,13.3977201621131
Oxylabes madagascariensis,6578,30,3.88989244451857
Oxylabes madagascariensis,6583,33,30.9335068643161
Oxylabes madagascariensis,6584,33,18.1482495478409
Oxylabes madagascariensis,5125,34,0.62064821295929
Oxylabes madagascariensis,5128,34,0.265972006813645
Oxylabes madagascariensis,5136,34,0.709200345668078
Oxylabes madagascariensis,6509,34,57.2471492280874
Oxylabes madagascariensis,6588,34,30.9497681570725
Oxylabes madagascariensis,6589,34,9.04229392747104
Oxylabes madagascariensis,6653,34,29.2747668395581
Oxylabes madagascariensis,4825,42,17.0539151583064
Oxylabes madagascariensis,950,47,190.94944072833
Oxylabes madagascariensis,6692,47,176.452361379003
Oxylabes madagascariensis,6693,47,102.633381326643
Oxylabes madagascariensis,6694,47,13.978461476303
Oxylabes madagascariensis,6695,47,0.367843747830331
Oxylabes madagascariensis,6696,47,6.25186649493616
Oxylabes madagascariensis,6698,47,59.9336014325963
Oxylabes madagascariensis,6663,56,154.383117306561
Oxylabes madagascariensis,6634,53,125.274567141177
Oxylabes madagascariensis,6673,54,102.681062214265
Oxylabes madagascariensis,6700,54,23.8284303085826
Oxylabes madagascariensis,6683,55,16.2246258515832
Phaner furcifer,16,7,9.25542923517829
Phaner furcifer,17,7,1.48074673073435
Phaner furcifer,20,7,1.48068535666788
Phaner furcifer,22,7,0.27762389876622
Phaner furcifer,73,17,50.5514532191378
Phaner furcifer,75,17,0.551364106284201
Phaner furcifer,1,1,6.77328179594052
Phaner pallescens,250,33,16.3121433096249
Phaner pallescens,355,53,73.5898853657199
Phaner pallescens,690,53,1.07378921723688
Phaner pallescens,691,53,61.9399931070426
Phaner pallescens,422,54,0.714404974963069
Phaner pallescens,427,54,0.535747839347363
Phaner pallescens,431,54,0.178579506715536
Phaner pallescens,437,54,0.446428569326878
Phaner pallescens,451,54,1.87495118889773
Phaner pallescens,456,54,98.371248031032
Phaner pallescens,686,54,7.14406051427555
Phaner pallescens,697,54,10.8090685387814
Phaner pallescens,694,55,71.7263411226956
Phaner pallescens,695,55,2.59390059166038
Philepitta castanea,44,1,104.429400195702
Philepitta castanea,4519,10,29.4123165165247
Philepitta castanea,4599,10,6.66637044837762
Philepitta castanea,4601,10,13.3977201621131
Philepitta castanea,4602,10,3.88989244451857
Philepitta castanea,4606,12,30.9335068643161
Philepitta castanea,4607,12,18.1482495478409
Philepitta castanea,3646,13,0.62064821295929
Philepitta castanea,3647,13,0.265972006813645
Philepitta castanea,3648,13,0.709200345668078
Philepitta castanea,3650,13,0.177290677110195
Philepitta castanea,4555,13,57.2471492280874
Philepitta castanea,4557,13,0.177275942426443
Philepitta castanea,4558,13,0.177274304782152
Philepitta castanea,4609,13,30.9497681570725
Philepitta castanea,4610,13,9.04229392747104
Philepitta castanea,4654,13,29.2747668395581
Philepitta castanea,3487,16,17.0539151583064
Philepitta castanea,264,21,2.11438066261506
Philepitta castanea,284,21,0.183840828700066
Philepitta castanea,379,21,1.19502663136083
Philepitta castanea,651,21,195.785593592067
Philepitta castanea,4669,21,154.383117306561
Philepitta castanea,4675,21,0.735322067886293
Philepitta castanea,4676,21,190.94944072833
Philepitta castanea,4677,21,102.725346812851
Philepitta castanea,4678,21,13.978461476303
Philepitta castanea,4679,21,0.367843747830331
Philepitta castanea,4680,21,6.25186649493616
Philepitta castanea,4681,21,0.183868284008086
Philepitta castanea,4682,21,59.9336014325963
Philepitta castanea,4672,23,102.681062214265
Philepitta castanea,4684,23,23.8284303085826
Philepitta castanea,4685,23,21.60300644752
Philepitta castanea,4686,23,25.4417283819299
Philepitta castanea,4687,23,1.28132291198808
Philepitta castanea,4688,23,2.83687293919438
Philepitta schlegeli,1214,17,47.1909870244825
Philepitta schlegeli,1445,21,43.0398890354031
Philepitta schlegeli,1485,21,16.3121433096249
Philepitta schlegeli,1516,21,25.797282117154
Philepitta schlegeli,1584,21,73.5898853657199
Philepitta schlegeli,1589,21,61.9399931070426
Philepitta schlegeli,1596,21,10.8090685387814
Philepitta schlegeli,1639,21,68.5364088143043
Philepitta schlegeli,1642,21,15.5020643662589
Philepitta schlegeli,1643,21,1.07537598973155
Philepitta schlegeli,1647,21,1.07378921723688
Philepitta schlegeli,1648,21,0.178990567408919
Philepitta schlegeli,1649,21,0.268460667104721
Philepitta schlegeli,1650,21,3.39967339116132
Philepitta schlegeli,1651,21,2.59390059166038
Philepitta schlegeli,1652,21,57.5913320661345
Philepitta schlegeli,1653,21,0.178794425736427
Philepitta schlegeli,257,25,14.8774610751528
Philepitta schlegeli,263,25,76.1933954013773
Philepitta schlegeli,265,25,0.364942030490041
Philepitta schlegeli,267,25,0.456175956650972
Philepitta schlegeli,1640,25,0.182548627367735
Philepitta schlegeli,1641,25,24.727618853068
Ploceus nelicourvi,3,1,6.77328179594052
Ploceus nelicourvi,8826,1,28.9378063311858
Ploceus nelicourvi,9115,1,3.80180155321062
Ploceus nelicourvi,9020,3,104.429400195702
Ploceus nelicourvi,9104,3,3.04359843366915
Ploceus nelicourvi,9122,3,0.276701035475612
Ploceus nelicourvi,9124,3,0.737800251060188
Ploceus nelicourvi,9125,3,0.276669520625651
Ploceus nelicourvi,8934,28,6.66637044837762
Ploceus nelicourvi,8936,28,29.4123165165247
Ploceus nelicourvi,8937,28,13.3977201621131
Ploceus nelicourvi,8938,28,3.88989244451857
Ploceus nelicourvi,8945,30,30.9335068643161
Ploceus nelicourvi,8946,30,18.1482495478409
Ploceus nelicourvi,6588,31,0.62064821295929
Ploceus nelicourvi,6594,31,0.265972006813645
Ploceus nelicourvi,6610,31,0.709200345668078
Ploceus nelicourvi,8861,31,57.2471492280874
Ploceus nelicourvi,8950,31,30.9497681570725
Ploceus nelicourvi,8951,31,9.04229392747104
Ploceus nelicourvi,9064,31,29.2747668395581
Ploceus nelicourvi,6075,39,17.0539151583064
Ploceus nelicourvi,1257,44,190.94944072833
Ploceus nelicourvi,9108,44,176.452361379003
Ploceus nelicourvi,9109,44,102.633381326643
Ploceus nelicourvi,9110,44,13.978461476303
Ploceus nelicourvi,9111,44,0.367843747830331
Ploceus nelicourvi,9112,44,6.25186649493616
Ploceus nelicourvi,9114,44,59.9336014325963
Ploceus nelicourvi,9077,52,154.383117306561
Ploceus nelicourvi,9028,49,125.274567141177
Ploceus nelicourvi,9086,50,102.681062214265
Ploceus nelicourvi,9117,50,23.8284303085826
Ploceus nelicourvi,9118,50,21.60300644752
Ploceus nelicourvi,9119,50,25.4417283819299
Ploceus nelicourvi,9120,50,1.28132291198808
Ploceus nelicourvi,9121,50,2.83687293919438
Ploceus nelicourvi,9107,51,16.2246258515832
Ploceus sakalava,656,91,0.370271373195112
Ploceus sakalava,659,91,0.46283412528491
Ploceus sakalava,664,91,43.0377824654047
Ploceus sakalava,665,91,0.185130594589651
Ploceus sakalava,700,91,1.48074673073447
Ploceus sakalava,707,91,1.66577102635723
Ploceus sakalava,715,91,0.277623898765862
Ploceus sakalava,722,91,0.277610584835649
Ploceus sakalava,12533,41,18.3258972673812
Ploceus sakalava,14925,41,0.876992418378472
Ploceus sakalava,8529,101,47.1909870244825
Ploceus sakalava,14637,103,61.6910012333192
Ploceus sakalava,14855,103,1.66313303961945
Ploceus sakalava,7996,107,19.9646457705052
Ploceus sakalava,14871,107,1.07920972973263
Ploceus sakalava,8757,112,25.797282117154
Ploceus sakalava,9153,112,73.5898853657199
Ploceus sakalava,9307,112,0.714404974963069
Ploceus sakalava,9320,112,0.535747839347363
Ploceus sakalava,9332,112,0.178579506715536
Ploceus sakalava,9339,112,0.446428569326878
Ploceus sakalava,9348,112,0.446413028153181
Ploceus sakalava,9383,112,1.87495118889773
Ploceus sakalava,9413,112,98.371248031032
Ploceus sakalava,14688,112,16.3121433096249
Ploceus sakalava,14781,112,7.14406051427555
Ploceus sakalava,14856,112,43.0398890354031
Ploceus sakalava,14917,112,1.07378921723688
Ploceus sakalava,14918,112,61.9399931070426
Ploceus sakalava,14919,112,0.178990567408919
Ploceus sakalava,14920,112,0.268460667104721
Ploceus sakalava,14921,112,71.7263411226956
Ploceus sakalava,14922,112,2.59390059166038
Ploceus sakalava,14923,112,0.178794425736427
Ploceus sakalava,14924,112,10.8090685387814
Ploceus sakalava,14932,112,15.5020643662589
Ploceus sakalava,14933,112,1.07537598973155
Ploceus sakalava,13468,113,0.347746593876839
Ploceus sakalava,14284,113,60.1396754999989
Ploceus sakalava,14795,113,1.65290511830437
Ploceus sakalava,14796,113,4.26181091131223
Ploceus sakalava,14797,113,25.3907382258146
Ploceus sakalava,14845,113,4.86376414093649
Ploceus sakalava,14911,113,0.347687768672109
Ploceus sakalava,14927,113,0.608441640821576
Ploceus sakalava,14928,113,6.68998903768658
Ploceus sakalava,14930,113,5.29766820695078
Ploceus sakalava,3409,117,14.9687278325589
Ploceus sakalava,3576,117,76.4671489871728
Ploceus sakalava,3577,117,0.364942030490041
Ploceus sakalava,3586,117,0.456175956650972
Ploceus sakalava,14912,117,0.182548627367735
Ploceus sakalava,14913,117,24.727618853068
Polyboroides radiatus,347,1,195.785593592067
Polyboroides radiatus,3009,1,32.5536096187817
Polyboroides radiatus,3014,1,50.5514532191371
Polyboroides radiatus,3655,1,104.429400195702
Polyboroides radiatus,3665,1,13.978461476303
Polyboroides radiatus,3757,1,30.0587182645794
Polyboroides radiatus,3761,1,99.0896570089676
Polyboroides radiatus,3770,1,23.8284303085826
Polyboroides radiatus,3774,1,102.681062214265
Polyboroides radiatus,3820,1,171.808387622467
Polyboroides radiatus,3821,1,25.933799088481
Polyboroides radiatus,3839,1,21.60300644752
Polyboroides radiatus,3840,1,25.4417283819299
Polyboroides radiatus,498,3,19.9646457705052
Polyboroides radiatus,549,3,47.1909870244825
Polyboroides radiatus,610,3,98.371248031032
Polyboroides radiatus,1636,3,25.797282117154
Polyboroides radiatus,2769,3,73.6794225285185
Polyboroides radiatus,3061,3,16.3121433096249
Polyboroides radiatus,3577,3,43.0398890354031
Polyboroides radiatus,3822,3,61.9399931070426
Polyboroides radiatus,3825,3,71.7263411226956
Polyboroides radiatus,3828,3,10.8090685387814
Polyboroides radiatus,3833,3,15.5020643662589
Pseudobias wardi,28,1,83.765972486723
Pseudobias wardi,173,23,0.275725132784665
Pseudobias wardi,184,23,50.5514532191371
Pseudobias wardi,185,23,1.10270865664881
Pseudobias wardi,186,23,0.551364106284559
Pseudobias wardi,203,23,0.459394665796399
Pseudobias wardi,252,23,1.19502663136083
Pseudobias wardi,4473,23,0.735322067886293
Pseudobias wardi,4475,23,0.459547624912083
Pseudobias wardi,365,60,190.94944072833
Pseudobias wardi,4477,60,176.452361379003
Pseudobias wardi,4478,60,102.633381326643
Pseudobias wardi,4479,60,13.978461476303
Pseudobias wardi,4480,60,0.367843747830331
Pseudobias wardi,4481,60,6.25186649493616
Pseudobias wardi,4483,60,59.9336014325963
Pseudobias wardi,4460,61,154.383117306561
Pseudobias wardi,4316,38,29.4123165165247
Pseudobias wardi,4390,38,6.66637044837762
Pseudobias wardi,4391,38,13.3977201621131
Pseudobias wardi,4392,38,3.88989244451857
Pseudobias wardi,4396,43,30.9335068643161
Pseudobias wardi,4397,43,18.1482495478409
Pseudobias wardi,3222,45,0.62064821295929
Pseudobias wardi,3225,45,0.265972006813645
Pseudobias wardi,3231,45,0.709200345668078
Pseudobias wardi,4345,45,57.2471492280874
Pseudobias wardi,4399,45,30.9497681570725
Pseudobias wardi,4400,45,9.04229392747104
Pseudobias wardi,4443,45,29.2747668395581
Pseudobias wardi,4434,50,17.0539151583064
Pseudobias wardi,4338,57,125.274567141177
Pseudobias wardi,4469,58,102.681062214265
Pseudobias wardi,4484,62,23.8284303085826
Pseudobias wardi,4428,59,16.2246258515832
Rallus madagascariensis,17,2,104.429400195702
Rallus madagascariensis,466,2,3.04359843366915
Rallus madagascariensis,29,10,176.452361379003
Rallus madagascariensis,31,10,24.3872932737229
Rallus madagascariensis,32,10,136.7457101023
Rallus madagascariensis,33,10,13.978461476303
Rallus madagascariensis,34,10,6.25186649493616
Rallus madagascariensis,467,10,76.7915477243708
Rallus madagascariensis,436,9,57.2471492280874
Rallus madagascariensis,442,9,30.9497681570725
Rallus madagascariensis,443,9,9.04229392747104
Rallus madagascariensis,465,9,29.6296191803109
Randia pseudozosterops,103,3,104.429400195702
Randia pseudozosterops,9961,3,3.04359843366915
Randia pseudozosterops,9991,3,0.276701035475612
Randia pseudozosterops,9993,3,0.737800251060188
Randia pseudozosterops,9994,3,0.276669520625651
Randia pseudozosterops,1607,21,195.785593592067
Randia pseudozosterops,9984,21,190.94944072833
Randia pseudozosterops,9985,21,102.633381326643
Randia pseudozosterops,9986,21,13.978461476303
Randia pseudozosterops,9987,21,0.367843747830331
Randia pseudozosterops,9988,21,6.25186649493616
Randia pseudozosterops,9989,21,0.183868284008086
Randia pseudozosterops,9990,21,59.9336014325963
Randia pseudozosterops,9974,64,154.383117306561
Randia pseudozosterops,9802,43,13.3977201621131
Randia pseudozosterops,9905,46,30.9335068643161
Randia pseudozosterops,9906,46,18.1482495478409
Randia pseudozosterops,9855,52,57.2471492280874
Randia pseudozosterops,9908,52,30.9497681570725
Randia pseudozosterops,9960,52,29.2747668395581
Randia pseudozosterops,9954,53,17.0539151583064
Randia pseudozosterops,9820,61,125.274567141177
Randia pseudozosterops,9983,62,102.681062214265
Randia pseudozosterops,9997,62,21.60300644752
Randia pseudozosterops,9998,62,25.4417283819299
Randia pseudozosterops,9999,62,1.28132291198808
Randia pseudozosterops,10000,62,2.83687293919438
Randia pseudozosterops,9996,65,23.8284303085826
Randia pseudozosterops,9927,63,16.2246258515832
Sarothrura insularis,1,1,28.9378063311858
Sarothrura insularis,5101,1,6.77328179594052
Sarothrura insularis,5407,1,3.80180155321062
Sarothrura insularis,5314,2,104.429400195702
Sarothrura insularis,5406,2,3.04359843366915
Sarothrura insularis,5224,24,6.66637044837762
Sarothrura insularis,5226,24,29.4123165165247
Sarothrura insularis,5227,24,13.3977201621131
Sarothrura insularis,5228,24,3.88989244451857
Sarothrura insularis,5235,26,30.9335068643161
Sarothrura insularis,5236,26,18.1482495478409
Sarothrura insularis,5136,28,57.2471492280874
Sarothrura insularis,5240,28,30.9497681570725
Sarothrura insularis,5241,28,9.04229392747104
Sarothrura insularis,5357,28,29.6296191803109
Sarothrura insularis,260,34,1.10270865664881
Sarothrura insularis,331,34,1.19502663136083
Sarothrura insularis,824,34,195.785593592067
Sarothrura insularis,5037,34,50.5514532191371
Sarothrura insularis,5379,34,154.383117306561
Sarothrura insularis,5416,34,190.94944072833
Sarothrura insularis,5417,34,102.725346812851
Sarothrura insularis,5418,34,13.978461476303
Sarothrura insularis,5420,34,6.25186649493616
Sarothrura insularis,5422,34,59.9336014325963
Sarothrura insularis,5322,38,125.274567141177
Sarothrura insularis,5388,39,102.681062214265
Sarothrura insularis,5424,39,23.8284303085826
Sarothrura insularis,5425,39,21.60300644752
Sarothrura insularis,5426,39,25.4417283819299
Sarothrura insularis,5427,39,1.28132291198808
Sarothrura insularis,5428,39,2.83687293919438
Schetba rufa,2768,50,43.0398890354031
Schetba rufa,1012,5,69.9875496108215
Schetba rufa,1020,5,24.727618853068
Schetba rufa,1024,5,0.364942030490041
Schetba rufa,1027,5,0.456175956650972
Schetba rufa,5562,18,21.2192493693282
Schetba rufa,6519,18,0.876992418378472
Schetba rufa,6389,20,0.259112805699706
Schetba rufa,6420,20,29.4123165165247
Schetba rufa,6421,20,13.3977201621131
Schetba rufa,6422,20,3.88989244451857
Schetba rufa,253,25,66.5158365371195
Schetba rufa,2236,42,47.1909870244825
Schetba rufa,4373,49,57.2471492280874
Schetba rufa,4407,49,0.62064821295929
Schetba rufa,4412,49,0.265972006813645
Schetba rufa,4421,49,0.709200345668078
Schetba rufa,4522,49,9.04229392747104
Schetba rufa,967,53,160.955580738905
Schetba rufa,6493,53,59.9336014325963
Schetba rufa,6497,53,154.383117306561
Schetba rufa,6511,53,30.1057062332573
Schetba rufa,6512,53,106.678284714852
Schetba rufa,6521,53,47.086892150841
Schetba rufa,6522,53,13.978461476303
Schetba rufa,6523,53,0.367843747830331
Schetba rufa,6524,53,6.25186649493616
Schetba rufa,6510,55,25.4417283819299
Schetba rufa,6526,55,1.28132291198808
Schetba rufa,6527,55,2.83687293919438
Schetba rufa,648,56,125.274567141177
Schetba rufa,2911,57,25.797282117154
Schetba rufa,3137,57,73.5898853657199
Schetba rufa,3146,57,61.9399931070426
Schetba rufa,3181,57,2.59390059166038
Schetba rufa,3278,57,0.983363953858614
Schetba rufa,3344,57,28.8514752628688
Schetba rufa,3420,57,0.714404974963069
Schetba rufa,3435,57,0.535747839347363
Schetba rufa,3449,57,0.446428569326878
Schetba rufa,3455,57,0.446413028153181
Schetba rufa,3473,57,1.87495118889773
Schetba rufa,6351,57,22.9626920597712
Schetba rufa,6352,57,7.14406051427555
Schetba rufa,6517,57,1.07378921723688
Schetba rufa,6518,57,57.1442299264072
Setifer setosus,341,13,0.370271373195112
Setifer setosus,342,13,0.46283412528491
Setifer setosus,345,13,43.0377824654047
Setifer setosus,356,13,1.48074673073447
Setifer setosus,357,13,1.66577102635723
Setifer setosus,360,13,0.277623898765862
Setifer setosus,361,13,0.277610584835649
Setifer setosus,21931,604,29.4123165165247
Setifer setosus,21970,614,43.0398890354031
Setifer setosus,159,4,39.9750370469875
Setifer setosus,17702,164,50.0789951353386
Setifer setosus,22084,385,104.429400195702
Setifer setosus,21688,446,1.65290511830437
Setifer setosus,21689,446,4.26181091131223
Setifer setosus,21964,446,4.86376414093649
Setifer setosus,22135,446,60.1396754999989
Setifer setosus,22265,446,25.3907382258146
Setifer setosus,22267,446,0.347746593876839
Setifer setosus,22268,446,0.608441640821576
Setifer setosus,22269,446,6.68998903768658
Setifer setosus,22271,446,5.29766820695078
Setifer setosus,11639,533,25.797282117154
Setifer setosus,21348,685,16.3121433096249
Setifer setosus,22261,685,15.5020643662589
Setifer setosus,22262,685,1.07537598973155
Setifer setosus,4775,589,76.1933954013773
Setifer setosus,4795,589,0.364942030490041
Setifer setosus,4799,589,0.456175956650972
Setifer setosus,22234,686,20.0786811326303
Setifer setosus,22236,686,24.727618853068
Setifer setosus,15554,593,0.62064821295929
Setifer setosus,15568,593,0.265972006813645
Setifer setosus,15586,593,0.709200345668078
Setifer setosus,21790,593,57.2471492280874
Setifer setosus,21975,593,30.9497681570725
Setifer setosus,21976,593,9.04229392747104
Setifer setosus,22152,593,29.2747668395581
Setifer setosus,21932,605,13.3977201621131
Setifer setosus,10005,608,19.9646457705052
Setifer setosus,21994,608,1.07920972973263
Setifer setosus,10175,610,47.1909870244825
Setifer setosus,21962,617,30.9335068643161
Setifer setosus,21963,617,18.1482495478409
Setifer setosus,12113,645,73.5898853657199
Setifer setosus,22247,645,1.07378921723688
Setifer setosus,22248,645,61.9399931070426
Setifer setosus,13269,687,98.371248031032
Setifer setosus,22251,687,71.7263411226956
Setifer setosus,22252,687,2.59390059166038
Setifer setosus,22254,687,10.8090685387814
Setifer setosus,2252,646,50.5514532191371
Setifer setosus,2255,646,0.551364106284559
Setifer setosus,20396,649,34.3158273423469
Setifer setosus,22256,649,0.52279803142643
Setifer setosus,14688,650,17.0539151583064
Setifer setosus,6073,663,195.785593592067
Setifer setosus,22237,663,190.94944072833
Setifer setosus,22238,663,102.633381326643
Setifer setosus,22239,663,13.978461476303
Setifer setosus,22240,663,0.367843747830331
Setifer setosus,22241,663,6.25186649493616
Setifer setosus,22243,663,59.9336014325963
Setifer setosus,22093,664,125.274567141177
Setifer setosus,22195,671,102.681062214265
Setifer setosus,22274,688,23.8284303085826
Setifer setosus,22275,689,21.60300644752
Setifer setosus,22276,689,25.4417283819299
Setifer setosus,22277,689,1.28132291198808
Setifer setosus,22278,689,2.83687293919438
Setifer setosus,22224,682,16.2246258515832
Setifer setosus,22186,684,154.383117306561
Tenrec ecaudatus,389,193,0.370271373195112
Tenrec ecaudatus,390,193,0.46283412528491
Tenrec ecaudatus,393,193,43.0377824654047
Tenrec ecaudatus,418,193,1.48074673073447
Tenrec ecaudatus,421,193,1.66577102635723
Tenrec ecaudatus,23501,431,29.4123165165247
Tenrec ecaudatus,23541,454,43.0398890354031
Tenrec ecaudatus,187,124,39.9750370469875
Tenrec ecaudatus,23809,124,3.80180155321062
Tenrec ecaudatus,23669,289,104.429400195702
Tenrec ecaudatus,21042,295,34.4900060837014
Tenrec ecaudatus,23839,295,0.52279803142643
Tenrec ecaudatus,23111,382,61.6910012333192
Tenrec ecaudatus,23544,382,2.97625148162985
Tenrec ecaudatus,23845,382,0.437816361407518
Tenrec ecaudatus,23846,382,0.437819895208001
Tenrec ecaudatus,23847,382,0.700432654099226
Tenrec ecaudatus,14410,396,25.797282117154
Tenrec ecaudatus,23080,396,16.3121433096249
Tenrec ecaudatus,23843,396,15.5020643662589
Tenrec ecaudatus,23844,396,1.07537598973155
Tenrec ecaudatus,23352,423,57.2471492280874
Tenrec ecaudatus,23563,423,30.9497681570725
Tenrec ecaudatus,23735,423,29.2747668395581
Tenrec ecaudatus,5664,434,0.364942030490041
Tenrec ecaudatus,5716,434,0.456175956650972
Tenrec ecaudatus,7103,434,76.4671489871728
Tenrec ecaudatus,23818,503,35.3212407156859
Tenrec ecaudatus,23820,503,24.727618853068
Tenrec ecaudatus,12683,438,19.9646457705052
Tenrec ecaudatus,23585,438,1.07920972973263
Tenrec ecaudatus,13996,442,47.1909870244825
Tenrec ecaudatus,23534,446,30.9335068643161
Tenrec ecaudatus,23535,446,18.1482495478409
Tenrec ecaudatus,15271,471,73.5898853657199
Tenrec ecaudatus,23831,471,1.07378921723688
Tenrec ecaudatus,23832,471,61.9399931070426
Tenrec ecaudatus,15849,504,0.714404974963069
Tenrec ecaudatus,15888,504,0.535747839347363
Tenrec ecaudatus,15939,504,0.446413028153181
Tenrec ecaudatus,15996,504,1.87495118889773
Tenrec ecaudatus,16027,504,98.371248031032
Tenrec ecaudatus,23237,504,7.14406051427555
Tenrec ecaudatus,23835,504,71.7263411226956
Tenrec ecaudatus,23836,504,2.59390059166038
Tenrec ecaudatus,23838,504,10.8090685387814
Tenrec ecaudatus,2248,472,1.10270865664881
Tenrec ecaudatus,2249,472,0.551364106284559
Tenrec ecaudatus,2300,472,0.459394665796399
Tenrec ecaudatus,2566,472,1.19502663136083
Tenrec ecaudatus,23058,472,50.5514532191371
Tenrec ecaudatus,23814,472,0.735322067886293
Tenrec ecaudatus,23816,472,0.459547624912083
Tenrec ecaudatus,17380,474,17.0539151583064
Tenrec ecaudatus,8194,484,195.785593592067
Tenrec ecaudatus,23821,484,190.94944072833
Tenrec ecaudatus,23822,484,102.725346812851
Tenrec ecaudatus,23823,484,13.978461476303
Tenrec ecaudatus,23824,484,0.367843747830331
Tenrec ecaudatus,23825,484,6.25186649493616
Tenrec ecaudatus,23827,484,59.9336014325963
Tenrec ecaudatus,23773,505,154.383117306561
Tenrec ecaudatus,23678,487,125.274567141177
Tenrec ecaudatus,23782,494,102.681062214265
Tenrec ecaudatus,23850,506,23.8284303085826
Tenrec ecaudatus,23851,507,21.60300644752
Tenrec ecaudatus,23852,507,25.4417283819299
Tenrec ecaudatus,23853,507,1.28132291198808
Tenrec ecaudatus,23854,507,2.83687293919438
Tenrec ecaudatus,23808,502,16.2246258515832
Thamnornis chloropetoides,22,7,28.0839022370576
Thamnornis chloropetoides,249,7,21.442386823718
Thamnornis chloropetoides,9,3,18.3258972673812
Thamnornis chloropetoides,304,3,0.876992418378472
Thamnornis chloropetoides,152,6,0.522154991519928
Thamnornis chloropetoides,187,6,34.3158273423469
Thamnornis chloropetoides,309,6,0.52279803142643
Thamnornis chloropetoides,244,8,60.1396754999989
Thamnornis chloropetoides,268,8,1.65290511830437
Thamnornis chloropetoides,269,8,4.26181091131223
Thamnornis chloropetoides,276,8,4.86376414093649
Thamnornis chloropetoides,303,8,0.347687768672109
Thamnornis chloropetoides,310,8,25.3907382258146
Thamnornis chloropetoides,312,8,0.347746593876839
Thamnornis chloropetoides,313,8,0.608441640821576
Thamnornis chloropetoides,314,8,6.68998903768658
Thamnornis chloropetoides,316,8,5.29766820695078
Treron australis,85,1,39.9750370469875
Treron australis,8355,1,6.77328179594052
Treron australis,8852,1,3.80180155321062
Treron australis,5885,8,52.9723472372855
Treron australis,3670,9,19.9646457705052
Treron australis,3950,9,47.1909870244825
Treron australis,8651,9,1.07920972973263
Treron australis,8564,10,6.66637044837762
Treron australis,8566,10,29.4123165165247
Treron australis,8567,10,13.3977201621131
Treron australis,8568,10,3.88989244451857
Treron australis,926,13,1.10270865664881
Treron australis,1041,13,1.19502663136083
Treron australis,2498,13,195.785593592067
Treron australis,8111,13,50.5514532191371
Treron australis,8807,13,154.383117306561
Treron australis,8808,13,1.56092040797824
Treron australis,8863,13,190.94944072833
Treron australis,8864,13,102.725346812851
Treron australis,8865,13,13.978461476303
Treron australis,8867,13,6.25186649493616
Treron australis,8869,13,59.9336014325963
Treron australis,8715,27,104.429400195702
Treron australis,8848,27,3.04359843366915
Treron australis,8724,28,125.274567141177
Treron australis,8851,28,16.2246258515832
Treron australis,8816,29,23.8284303085826
Treron australis,8820,29,91.5054043474961
Treron australis,8902,29,21.60300644752
Treron australis,8903,29,25.4417283819299
Treron australis,8904,29,1.28132291198808
Treron australis,8905,29,2.83687293919438
Treron australis,7362,16,34.4900060837014
Treron australis,8329,16,1.65290511830437
Treron australis,8330,16,4.26181091131223
Treron australis,8594,16,4.86376414093649
Treron australis,8760,16,60.1396754999989
Treron australis,8884,16,1.4775838057574
Treron australis,8886,16,1.12918469713926
Treron australis,8894,16,25.3907382258146
Treron australis,8898,16,6.68998903768658
Treron australis,8900,16,5.29766820695078
Treron australis,8442,18,57.2471492280874
Treron australis,8443,18,29.2747668395581
Treron australis,8625,18,30.9497681570725
Treron australis,8626,18,9.04229392747104
Treron australis,2119,22,65.6069759034011
Treron australis,8861,22,35.3212407156859
Treron australis,8862,22,24.727618853068
Treron australis,8175,25,61.6910012333192
Treron australis,8607,25,2.97625148162985
Treron australis,4057,26,25.797282117154
Treron australis,4292,26,73.5898853657199
Treron australis,4391,26,1.87495118889773
Treron australis,4400,26,98.371248031032
Treron australis,8146,26,16.3121433096249
Treron australis,8311,26,7.14406051427555
Treron australis,8604,26,43.0398890354031
Treron australis,8873,26,1.07378921723688
Treron australis,8874,26,61.9399931070426
Treron australis,8877,26,71.7263411226956
Treron australis,8878,26,2.59390059166038
Treron australis,8880,26,10.8090685387814
Treron australis,8887,26,15.5020643662589
Treron australis,8888,26,1.07537598973155
Turnix nigricollis,10188,22,104.429400195702
Turnix nigricollis,10301,22,3.04359843366915
Turnix nigricollis,2217,33,76.4671489871728
Turnix nigricollis,10316,33,35.3212407156859
Turnix nigricollis,10318,33,24.727618853068
Turnix nigricollis,9637,40,61.6910012333192
Turnix nigricollis,10060,40,2.97625148162985
Turnix nigricollis,9888,42,57.2471492280874
Turnix nigricollis,10080,42,30.9497681570725
Turnix nigricollis,10081,42,9.04229392747104
Turnix nigricollis,10254,42,29.2747668395581
Turnix nigricollis,4615,43,25.797282117154
Turnix nigricollis,4997,43,73.5898853657199
Turnix nigricollis,5206,43,1.87495118889773
Turnix nigricollis,5223,43,98.371248031032
Turnix nigricollis,9590,43,16.3121433096249
Turnix nigricollis,9774,43,7.14406051427555
Turnix nigricollis,10057,43,43.0398890354031
Turnix nigricollis,10323,43,61.9399931070426
Turnix nigricollis,10326,43,71.7263411226956
Turnix nigricollis,10327,43,2.59390059166038
Turnix nigricollis,10329,43,10.8090685387814
Turnix nigricollis,10335,43,15.5020643662589
Turnix nigricollis,9800,45,1.65290511830437
Turnix nigricollis,9801,45,4.26181091131223
Turnix nigricollis,10046,45,4.86376414093649
Turnix nigricollis,10223,45,60.1396754999989
Turnix nigricollis,10332,45,1.4775838057574
Turnix nigricollis,10334,45,1.12918469713926
Turnix nigricollis,10345,45,25.3907382258146
Turnix nigricollis,10349,45,6.68998903768658
Turnix nigricollis,10351,45,5.29766820695078
Turnix nigricollis,840,46,1.10270865664881
Turnix nigricollis,953,46,1.19502663136083
Turnix nigricollis,1475,46,195.785593592067
Turnix nigricollis,9561,46,50.5514532191371
Turnix nigricollis,10285,46,98.0972882560637
Turnix nigricollis,10309,46,190.94944072833
Turnix nigricollis,10310,46,102.725346812851
Turnix nigricollis,10311,46,13.978461476303
Turnix nigricollis,10313,46,6.25186649493616
Turnix nigricollis,10315,46,59.9336014325963
Turnix nigricollis,10199,49,102.681062214265
Turnix nigricollis,10341,49,21.60300644752
Turnix nigricollis,10342,49,25.4417283819299
Turnix nigricollis,10343,49,1.28132291198808
Turnix nigricollis,10344,49,2.83687293919438
Tylas eduardi,7003,2,104.429400195702
Tylas eduardi,7090,2,3.04359843366915
Tylas eduardi,7115,2,0.737800251060188
Tylas eduardi,6845,16,29.4123165165247
Tylas eduardi,6920,16,6.66637044837762
Tylas eduardi,6923,16,13.3977201621131
Tylas eduardi,6924,16,3.88989244451857
Tylas eduardi,6931,18,30.9335068643161
Tylas eduardi,6932,18,18.1482495478409
Tylas eduardi,4951,19,0.62064821295929
Tylas eduardi,4969,19,0.709200345668078
Tylas eduardi,6867,19,57.2471492280874
Tylas eduardi,6934,19,30.9497681570725
Tylas eduardi,6935,19,9.04229392747104
Tylas eduardi,7049,19,29.2747668395581
Tylas eduardi,4529,22,17.0539151583064
Tylas eduardi,222,25,2.11438066261506
Tylas eduardi,246,25,0.643255248789787
Tylas eduardi,299,25,1.19502663136083
Tylas eduardi,1006,25,195.785593592067
Tylas eduardi,7063,25,154.383117306561
Tylas eduardi,7096,25,0.735322067886293
Tylas eduardi,7098,25,0.459547624912083
Tylas eduardi,7100,25,190.94944072833
Tylas eduardi,7101,25,102.725346812851
Tylas eduardi,7102,25,13.978461476303
Tylas eduardi,7103,25,0.367843747830331
Tylas eduardi,7104,25,6.25186649493616
Tylas eduardi,7106,25,59.9336014325963
Tylas eduardi,7011,28,125.274567141177
Tylas eduardi,7072,29,102.681062214265
Tylas eduardi,7108,29,23.8284303085826
Tylas eduardi,7109,29,21.60300644752
Tylas eduardi,7110,29,25.4417283819299
Tylas eduardi,7111,29,1.28132291198808
Tylas eduardi,7112,29,2.83687293919438
Tylas eduardi,7093,30,16.2246258515832
Vanga curvirostris,434,35,0.370271373195112
Vanga curvirostris,435,35,0.46283412528491
Vanga curvirostris,438,35,43.0377824654047
Vanga curvirostris,464,35,1.48074673073447
Vanga curvirostris,466,35,1.66577102635723
Vanga curvirostris,217,1,39.9750370469875
Vanga curvirostris,20411,1,6.77328179594052
Vanga curvirostris,20973,1,3.80180155321062
Vanga curvirostris,20247,32,61.6910012333192
Vanga curvirostris,20690,32,2.97625148162985
Vanga curvirostris,21019,32,0.437816361407518
Vanga curvirostris,21020,32,0.437819895208001
Vanga curvirostris,21021,32,0.700432654099226
Vanga curvirostris,20824,42,104.429400195702
Vanga curvirostris,20969,42,3.04359843366915
Vanga curvirostris,21031,42,0.737800251060188
Vanga curvirostris,20644,48,6.66637044837762
Vanga curvirostris,20646,48,29.4123165165247
Vanga curvirostris,20647,48,13.3977201621131
Vanga curvirostris,20648,48,3.88989244451857
Vanga curvirostris,5304,50,0.364942030490041
Vanga curvirostris,5314,50,0.456175956650972
Vanga curvirostris,5481,50,70.0787873322801
Vanga curvirostris,20982,50,35.3212407156859
Vanga curvirostris,20984,50,24.727618853068
Vanga curvirostris,10451,64,19.9646457705052
Vanga curvirostris,20728,64,1.07920972973263
Vanga curvirostris,20668,66,30.9335068643161
Vanga curvirostris,20669,66,18.1482495478409
Vanga curvirostris,14606,68,0.62064821295929
Vanga curvirostris,14649,68,0.709200345668078
Vanga curvirostris,20503,68,57.2471492280874
Vanga curvirostris,20709,68,30.9497681570725
Vanga curvirostris,20710,68,9.04229392747104
Vanga curvirostris,20903,68,29.2747668395581
Vanga curvirostris,11306,72,47.1909870244825
Vanga curvirostris,11627,73,25.797282117154
Vanga curvirostris,12343,73,73.5898853657199
Vanga curvirostris,12538,73,0.714404974963069
Vanga curvirostris,12563,73,0.535747839347363
Vanga curvirostris,12580,73,0.446428569326878
Vanga curvirostris,12590,73,0.446413028153181
Vanga curvirostris,12629,73,1.87495118889773
Vanga curvirostris,12656,73,98.371248031032
Vanga curvirostris,20209,73,16.3121433096249
Vanga curvirostris,20366,73,7.14406051427555
Vanga curvirostris,20687,73,43.0398890354031
Vanga curvirostris,20995,73,1.07378921723688
Vanga curvirostris,20996,73,61.9399931070426
Vanga curvirostris,20999,73,71.7263411226956
Vanga curvirostris,21000,73,2.59390059166038
Vanga curvirostris,21002,73,10.8090685387814
Vanga curvirostris,21016,73,15.5020643662589
Vanga curvirostris,21017,73,1.07537598973155
Vanga curvirostris,17706,75,24.7360896784456
Vanga curvirostris,17740,75,0.348321061424971
Vanga curvirostris,17796,75,0.522154991519928
Vanga curvirostris,19409,75,60.1396754999989
Vanga curvirostris,19886,75,1.12990891148841
Vanga curvirostris,20389,75,1.65290511830437
Vanga curvirostris,20390,75,4.26181091131223
Vanga curvirostris,20671,75,4.86376414093649
Vanga curvirostris,20871,75,0.347687768672109
Vanga curvirostris,21003,75,0.52279803142643
Vanga curvirostris,21007,75,25.3907382258146
Vanga curvirostris,21009,75,0.347746593876839
Vanga curvirostris,21010,75,0.608441640821576
Vanga curvirostris,21011,75,6.68998903768658
Vanga curvirostris,21013,75,5.29766820695078
Vanga curvirostris,21015,75,1.12918469713926
Vanga curvirostris,2308,76,1.10270865664881
Vanga curvirostris,2309,76,0.551364106284559
Vanga curvirostris,2362,76,0.459394665796399
Vanga curvirostris,2644,76,1.19502663136083
Vanga curvirostris,7116,76,195.785593592067
Vanga curvirostris,20188,76,50.5514532191371
Vanga curvirostris,20937,76,154.383117306561
Vanga curvirostris,20978,76,0.735322067886293
Vanga curvirostris,20980,76,0.459547624912083
Vanga curvirostris,20985,76,190.94944072833
Vanga curvirostris,20986,76,102.725346812851
Vanga curvirostris,20987,76,13.978461476303
Vanga curvirostris,20988,76,0.367843747830331
Vanga curvirostris,20989,76,6.25186649493616
Vanga curvirostris,20991,76,59.9336014325963
Vanga curvirostris,20833,80,125.274567141177
Vanga curvirostris,13737,81,17.0539151583064
Vanga curvirostris,20946,83,102.681062214265
Vanga curvirostris,21024,83,23.8284303085826
Vanga curvirostris,21025,83,21.60300644752
Vanga curvirostris,21026,83,25.4417283819299
Vanga curvirostris,21027,83,1.28132291198808
Vanga curvirostris,21028,83,2.83687293919438
Vanga curvirostris,20972,84,16.2246258515832
Varecia rubra,13125,218,29.4123165165247
Varecia rubra,20,1,39.9750370469875
Varecia rubra,13315,1,3.80180155321062
Varecia rubra,13213,12,104.429400195702
Varecia rubra,13311,12,3.04359843366915
Varecia rubra,13337,12,0.276701035475612
Varecia rubra,13339,12,0.737800251060188
Varecia rubra,13340,12,0.276669520625651
Varecia rubra,9719,208,0.62064821295929
Varecia rubra,9731,208,0.265972006813645
Varecia rubra,9751,208,0.709200345668078
Varecia rubra,13024,208,57.2471492280874
Varecia rubra,13139,208,30.9497681570725
Varecia rubra,13140,208,9.04229392747104
Varecia rubra,13261,208,29.2747668395581
Varecia rubra,13126,219,13.3977201621131
Varecia rubra,13134,223,30.9335068643161
Varecia rubra,13135,223,18.1482495478409
Varecia rubra,1476,231,0.275725132784665
Varecia rubra,1507,231,50.5514532191371
Varecia rubra,1508,231,1.10270865664881
Varecia rubra,1509,231,0.551364106284559
Varecia rubra,1540,231,0.459394665796399
Varecia rubra,1681,231,1.19502663136083
Varecia rubra,13320,231,0.735322067886293
Varecia rubra,13322,231,0.459547624912083
Varecia rubra,8876,233,17.0539151583064
Varecia rubra,2731,241,195.785593592067
Varecia rubra,13324,241,190.94944072833
Varecia rubra,13325,241,102.633381326643
Varecia rubra,13326,241,13.978461476303
Varecia rubra,13327,241,0.367843747830331
Varecia rubra,13328,241,6.25186649493616
Varecia rubra,13330,241,59.9336014325963
Varecia rubra,13222,243,125.274567141177
Varecia rubra,13293,250,102.681062214265
Varecia rubra,13332,263,23.8284303085826
Varecia rubra,13333,264,21.60300644752
Varecia rubra,13334,264,25.4417283819299
Varecia rubra,13335,264,1.28132291198808
Varecia rubra,13336,264,2.83687293919438
Varecia rubra,13314,260,16.2246258515832
Varecia rubra,13284,262,154.383117306561
Varecia variegata,10052,167,29.4123165165247
Varecia variegata,16,1,39.9750370469875
Varecia variegata,10239,1,3.80180155321062
Varecia variegata,10140,11,104.429400195702
Varecia variegata,7404,157,0.62064821295929
Varecia variegata,7431,157,0.709200345668078
Varecia variegata,9951,157,57.2471492280874
Varecia variegata,10066,157,30.9497681570725
Varecia variegata,10067,157,9.04229392747104
Varecia variegata,10188,157,29.2747668395581
Varecia variegata,10061,172,30.9335068643161
Varecia variegata,10062,172,18.1482495478409
Varecia variegata,1154,180,50.5514532191371
Varecia variegata,1155,180,1.10270865664881
Varecia variegata,1156,180,0.551364106284559
Varecia variegata,1182,180,0.459394665796399
Varecia variegata,6738,182,17.0539151583064
Varecia variegata,2067,190,195.785593592067
Varecia variegata,10248,190,190.94944072833
Varecia variegata,10249,190,102.633381326643
Varecia variegata,10250,190,13.978461476303
Varecia variegata,10251,190,0.367843747830331
Varecia variegata,10252,190,6.25186649493616
Varecia variegata,10254,190,59.9336014325963
Varecia variegata,10149,192,125.274567141177
Varecia variegata,10220,199,102.681062214265
Varecia variegata,10256,211,23.8284303085826
Varecia variegata,10257,212,21.60300644752
Varecia variegata,10258,212,25.4417283819299
Varecia variegata,10259,212,1.28132291198808
Varecia variegata,10260,212,2.83687293919438
Varecia variegata,10211,210,154.383117306561
Xanthomixis apperti,1,1,52.9723472372855
Xanthomixis cinereiceps,21,3,119.206429474054
Xanthomixis cinereiceps,108,9,17.0539151583064
Xanthomixis cinereiceps,1837,26,29.4123165165247
Xanthomixis cinereiceps,1874,26,6.66637044837762
Xanthomixis cinereiceps,1878,27,30.9335068643161
Xanthomixis cinereiceps,1879,27,18.1482495478409
Xanthomixis cinereiceps,1851,32,57.2471492280874
Xanthomixis cinereiceps,1881,32,30.9497681570725
Xanthomixis cinereiceps,1908,32,29.2747668395581
Xanthomixis cinereiceps,46,36,102.633381326643
Xanthomixis cinereiceps,1909,36,79.0433488766304
Xanthomixis cinereiceps,1910,36,13.978461476303
Xanthomixis cinereiceps,1911,36,0.367843747830331
Xanthomixis cinereiceps,1912,36,6.25186649493616
Xanthomixis cinereiceps,1914,36,59.9336014325963
Xanthomixis zosterops,3,1,6.77328179594052
Xanthomixis zosterops,12751,1,28.9378063311858
Xanthomixis zosterops,13029,1,3.80180155321062
Xanthomixis zosterops,12934,5,104.429400195702
Xanthomixis zosterops,13018,5,3.04359843366915
Xanthomixis zosterops,13036,5,0.276701035475612
Xanthomixis zosterops,13038,5,0.737800251060188
Xanthomixis zosterops,13039,5,0.276669520625651
Xanthomixis zosterops,12848,66,6.66637044837762
Xanthomixis zosterops,12850,66,29.4123165165247
Xanthomixis zosterops,12851,66,13.3977201621131
Xanthomixis zosterops,12859,68,30.9335068643161
Xanthomixis zosterops,12860,68,18.1482495478409
Xanthomixis zosterops,9472,71,0.62064821295929
Xanthomixis zosterops,9483,71,0.265972006813645
Xanthomixis zosterops,9501,71,0.709200345668078
Xanthomixis zosterops,9515,71,0.177290677110195
Xanthomixis zosterops,12776,71,57.2471492280874
Xanthomixis zosterops,12778,71,0.177275942426443
Xanthomixis zosterops,12779,71,0.177274304782152
Xanthomixis zosterops,12864,71,30.9497681570725
Xanthomixis zosterops,12865,71,9.04229392747104
Xanthomixis zosterops,12978,71,29.2747668395581
Xanthomixis zosterops,8736,79,17.0539151583064
Xanthomixis zosterops,1987,86,195.785593592067
Xanthomixis zosterops,13022,86,190.94944072833
Xanthomixis zosterops,13023,86,102.633381326643
Xanthomixis zosterops,13024,86,13.978461476303
Xanthomixis zosterops,13025,86,0.367843747830331
Xanthomixis zosterops,13026,86,6.25186649493616
Xanthomixis zosterops,13027,86,0.183868284008086
Xanthomixis zosterops,13028,86,59.9336014325963
Xanthomixis zosterops,12991,96,154.383117306561
Xanthomixis zosterops,12942,93,125.274567141177
Xanthomixis zosterops,13000,94,102.681062214265
Xanthomixis zosterops,13032,94,21.60300644752
Xanthomixis zosterops,13033,94,25.4417283819299
Xanthomixis zosterops,13034,94,1.28132291198808
Xanthomixis zosterops,13035,94,2.83687293919438
Xanthomixis zosterops,13031,97,23.8284303085826
Xanthomixis zosterops,13021,95,16.2246258515832
Xenopirostris polleni,14,1,93.2658062125168
Xenopirostris polleni,49,23,29.8164373523052
Xenopirostris polleni,50,23,29.9084594166144
Xenopirostris polleni,1625,19,57.2471492280874
Xenopirostris polleni,2134,19,29.2747668395581
Xenopirostris polleni,57,24,83.4029158126508
Xenopirostris polleni,2189,24,59.9336014325963
Xenopirostris polleni,2193,24,5.96920688482445
Xenopirostris polleni,75,25,102.681062214265
Xenopirostris polleni,2197,25,24.0690321273916
Xenopirostris polleni,2199,25,23.8284303085826
Xenopirostris xenopirostris,36,2,0.52279803142643
Xenopirostris xenopirostris,37,2,34.3158273423469
Xenopirostris xenopirostris,48,2,0.522154991519928
Xenopirostris xenopirostris,55,2,1.65290511830437
Xenopirostris xenopirostris,60,2,4.26181091131223
Xenopirostris xenopirostris,69,2,33.8991960437807
Xenopirostris xenopirostris,71,2,1.12918469713926
Xenopirostris xenopirostris,95,2,1.4775838057574
Xenopirostris xenopirostris,99,2,25.3907382258146
Xenopirostris xenopirostris,101,2,0.347746593876839
Xenopirostris xenopirostris,102,2,0.608441640821576
Xenopirostris xenopirostris,103,2,6.16877974064457
Xenopirostris xenopirostris,104,2,7.73337159750998
Xenopirostris xenopirostris,105,2,0.347687768672109
