species,patch_id,pu_id,patch_area_km2
Allocebus trichotis,1,1,29.7379084643255
Allocebus trichotis,2,2,2.87885793996918
Allocebus trichotis,3,2,17.5407431045395
Brachyuromys ramirohitra,1,1,29.8748831680237
Brachyuromys ramirohitra,2,2,31.1097970257629
Brachyuromys ramirohitra,3,2,29.6010280215082
Bradypterus seebohmi,1,1,29.6296191803089
Bradypterus seebohmi,2,1,30.9497681570664
Bradypterus seebohmi,3,1,9.0422939274702
Bradypterus seebohmi,4,1,0.620648212959528
Bradypterus seebohmi,5,1,0.265972006813884
Bradypterus seebohmi,6,1,0.709200345668078
Bradypterus seebohmi,7,1,0.177290677110195
Bradypterus seebohmi,8,1,0.177275942426443
Bradypterus seebohmi,9,1,0.177274304782152
Eliurus antsingy,3,2,21.2443070814934
Eliurus antsingy,4,2,0.0911691125102043
Eliurus antsingy,5,3,18.8080490493467
Eliurus antsingy,6,3,0.632951986920834
Eliurus antsingy,7,3,0.090418725769639
Eliurus antsingy,14,5,3.59435797385478
Eliurus antsingy,15,5,4.5823305848434
Eulemur flavifrons,1,1,25.074716512655
Hypogeomys antimena,1,1,16.5405274979709
Hypogeomys antimena,10,3,28.8514752628855
Hypogeomys antimena,12,3,7.14406051427328
Hypogeomys antimena,15,3,0.714404974961042
Hypogeomys antimena,17,3,0.535747839347363
Hypogeomys antimena,18,3,0.178579506715536
Hypogeomys antimena,19,3,1.87495118889821
Hypogeomys antimena,20,3,0.446428569326997
Hypogeomys antimena,21,3,0.446413028153896
Microcebus berthae,5,2,10.8090685387869
Microcebus ravelobensis,2,2,0.0914152072403431
Microcebus ravelobensis,3,2,5.85033975470483
Microcebus ravelobensis,4,2,24.6792146248934
Microcebus ravelobensis,5,2,0.0914115014762879
Microcebus ravelobensis,6,3,1.00543750432074
Microcebus ravelobensis,7,2,2.83342021115089
Microcebus ravelobensis,8,2,0.0914028473145962
Microcebus ravelobensis,9,2,0.182805694629192
Microcebus ravelobensis,10,2,1.00536820483089
Microcebus ravelobensis,11,2,1.55373825480247
Microcebus ravelobensis,12,3,2.37624750380158
Microcebus ravelobensis,13,2,0.274192454327822
Microcebus ravelobensis,14,2,0.0913954212397337
Microcebus ravelobensis,15,2,0.0913941828227043
Microcebus ravelobensis,16,3,0.182784649551392
Microcebus ravelobensis,17,3,0.0913904663074017
Microcebus ravelobensis,18,3,0.0913892270473242
Microcebus ravelobensis,19,3,0.182778454094648
Microcebus ravelobensis,20,3,7.67678403816259
Microcebus ravelobensis,21,3,8.49783825707972
Microcebus ravelobensis,23,3,0.274089461484194
Microcebus ravelobensis,24,3,0.0913643975844383
Microcebus ravelobensis,25,3,0.0913631538983583
Microcebus ravelobensis,27,3,9.5018882179122
Microcebus ravelobensis,28,3,4.56775692645252
Microcebus ravelobensis,29,3,0.456749789226413
Microcebus ravelobensis,30,3,0.0913494594436884
Microcebus ravelobensis,33,6,19.4460137230955
Microcebus ravelobensis,34,6,0.0912818623811007
Microcebus ravelobensis,35,6,0.0912818623811007
Microcebus ravelobensis,36,7,0.0912806047910452
Microcebus ravelobensis,37,8,0.18256120958209
Microcebus ravelobensis,38,8,2.64711363947368
Microcebus ravelobensis,44,7,34.9561422077831
Microcebus ravelobensis,45,9,24.7276188530559
Microcebus ravelobensis,46,10,47.9051317506742
Microcebus ravelobensis,47,11,8.48632753355729
Microcebus ravelobensis,58,9,0.091242779188633
Microcebus ravelobensis,59,10,0.0912402507441044
Microcebus ravelobensis,60,10,0.364942030489326
Microcebus ravelobensis,61,10,0.456175956650376
Monticola erythronotus,1,1,56.8711675529908
Monticola erythronotus,2,1,0.55664420881176
Monticola erythronotus,3,1,0.371099061261296
Monticola erythronotus,4,1,0.556625695955575
Monticola erythronotus,5,1,9.36908318528539
Monticola erythronotus,6,1,0.185535398295164
Monticola erythronotus,7,1,0.4638067721048
Monticola erythronotus,8,1,0.27827526928854
Monticola erythronotus,9,1,28.8450665179987
Monticolomys koopmani,2,2,20.7455502793179
Monticolomys koopmani,3,2,0.0879156733250618
Monticolomys koopmani,6,5,27.2715936270403
Monticolomys koopmani,7,6,29.4123165165295
Neodrepanis hypoxantha,1,1,29.874883168016
Neodrepanis hypoxantha,2,2,31.2831288292138
Neodrepanis hypoxantha,3,3,27.2715936270417
Phaner parienti,1,1,24.4501852478606
Xanthomixis apperti,1,1,68.4073900828693
Xenopirostris damii,1,1,22.2000500960147
Xenopirostris damii,2,1,27.8509599131693
Xenopirostris damii,3,1,25.2881548057299
Xenopirostris damii,4,1,18.1631788481475
Phaner furcifer,1,1,26.7219759851338
Phaner furcifer,16,7,9.25542923517829
Phaner furcifer,17,7,1.48074673073435
Phaner furcifer,18,7,1.38815019469875
Phaner furcifer,20,7,1.48068535666788
Phaner furcifer,21,7,0.185083622752428
Phaner furcifer,22,7,0.27762389876622
Phaner furcifer,31,13,29.671471531806
Phaner furcifer,57,16,0.643524707941413
Phaner furcifer,58,16,0.459616383672178
Phaner furcifer,59,16,9.4676801526829
Phaner furcifer,60,16,0.183841973942041
Phaner furcifer,61,16,0.643432019172549
Phaner furcifer,62,16,0.275752651619673
Phaner furcifer,63,16,0.367655302864552
Phaner furcifer,64,16,1.56243208603394
Phaner furcifer,65,16,0.275729722221673
Phaner furcifer,66,16,0.275717098941267
Phaner furcifer,67,16,0.275709061498702
Phaner furcifer,68,16,0.459508593737841
Phaner furcifer,69,16,0.643297785346627
Phaner furcifer,70,16,0.459497104689479
Phaner furcifer,71,16,1.19467109273422
Phaner furcifer,72,16,0.183794934333205
Phaner furcifer,73,16,50.5514532191378
Phaner furcifer,74,16,3.21620605602259
Phaner furcifer,75,16,0.551364106284201
Phaner furcifer,76,17,1.1026637771045
Phaner furcifer,77,17,0.183781132994473
Phaner furcifer,78,17,1.10266607838708
Phaner furcifer,79,16,0.367564567481518
Phaner furcifer,80,16,0.183777680330396
Phaner furcifer,81,16,0.55131922525847
Phaner furcifer,82,16,0.183773075227737
Phaner furcifer,83,17,9.73881683760118
Phaner furcifer,84,16,1.10259928914058
Phaner furcifer,85,17,2.02137478975713
Phaner furcifer,86,17,0.826945434479117
Phaner furcifer,87,16,0.643170052254975
Phaner furcifer,88,16,0.183763859939218
Phaner furcifer,89,16,0.183761555058837
Phaner furcifer,90,16,1.65382056523472
Phaner furcifer,91,16,1.01060090259159
Phaner furcifer,92,16,0.275615805294812
Phaner furcifer,93,17,0.826825480995059
Phaner furcifer,94,17,0.459349671094775
Phaner furcifer,95,17,0.367459639963925
Phaner furcifer,96,17,0.183724619396329
Phaner furcifer,97,17,0.275586929094493
Phaner furcifer,98,17,1.46972063059211
Phaner furcifer,99,17,0.275577679304421
Phaner furcifer,100,17,0.18370726844734
Phaner furcifer,101,18,18.1847541860152
Phaner furcifer,102,17,30.0296278397158
Phaner furcifer,103,17,0.367363554798245
Phaner furcifer,107,19,18.0890314559548
Phaner furcifer,115,17,0.275443051051259
Phaner furcifer,161,28,25.2943045511917
Phaner furcifer,183,33,29.3041924637758
Phaner furcifer,325,57,44.4928427752311
Microgale dryas,9,4,30.0587182645868
Microgale dryas,11,6,86.8019054917105
Microgale dryas,14,6,84.5717502941472
Microgale dryas,15,6,0.275470983039558
Microgale dryas,16,7,31.4720297234879
Microgale dryas,17,7,29.8132933344434
Microgale dryas,18,8,19.4390238963838
Microgale dryas,19,8,0.733449546445847
Microgale dryas,20,8,58.8448757091978
Microgale dryas,21,9,25.7528153259636
Microgale dryas,22,8,28.7773817194721
Microgale dryas,23,10,27.3898332410499
Microgale dryas,26,11,22.1470734064052
Microgale dryas,28,12,0.548483832757235
Microgale dryas,29,12,0.274244386677384
Microgale dryas,30,12,5.3013217581067
Microgale dryas,38,15,7.67238536787892
Microgale dryas,39,14,0.182695180032372
Microgale dryas,45,14,14.0655761934706
Microgale dryas,47,16,2.73830994216502
Microgale dryas,50,16,10.4953631187678
Microgale dryas,58,19,0.181274117311954
Microgale dryas,59,19,30.8125924480569
Microgale dryas,60,19,29.8980611397191
Microgale dryas,68,23,45.3586244343976
Microgale dryas,69,23,0.179958904524803
Microgale dryas,70,24,2.87885793996966
Microgale dryas,71,23,2.87876883525872
Microgale dryas,72,23,0.899620833965063
Microgale dryas,73,23,0.269868277515054
Microgale dryas,74,24,17.5407431045378
Microgale dryas,75,23,33.0953660841929
Microgale dryas,158,39,57.2471492281104
Microgale dryas,160,41,58.7538227882851
Microgale dryas,168,45,2.33597082442963
Microgale dryas,169,45,0.173038084079027
Microgale dryas,170,45,57.1920356452288
Lepilemur ankaranensis,10,2,0.463781360735655
Lepilemur ankaranensis,11,2,120.652777342245
Lepilemur ankaranensis,12,2,0.278243954663098
Lepilemur ankaranensis,13,2,0.185478644791543
Lepilemur ankaranensis,14,2,0.185474717534363
Lepilemur ankaranensis,15,2,0.64914825101459
Lepilemur ankaranensis,16,2,0.27820176096195
Lepilemur ankaranensis,17,2,0.185465875022769
Lepilemur ankaranensis,18,2,0.185455055661619
Lepilemur ankaranensis,19,2,6.49089737985945
Lepilemur ankaranensis,20,2,8.4370977335708
Lepilemur ankaranensis,21,2,0.185438309592843
Lepilemur ankaranensis,22,2,0.185425482894003
Lepilemur ankaranensis,23,3,27.4271766507431
Lepilemur ankaranensis,26,5,0.555893682720006
Lepilemur ankaranensis,27,5,0.185282198357999
Lepilemur ankaranensis,28,5,27.8845320749007
Lepilemur ankaranensis,29,5,0.277912765102148
Lepilemur ankaranensis,33,7,0.370271373195112
Lepilemur ankaranensis,34,7,0.46283412528497
Lepilemur ankaranensis,35,7,43.0377824654042
Lepilemur ankaranensis,36,7,0.185130594589829
Lepilemur ankaranensis,37,7,1.48074673073441
Lepilemur ankaranensis,38,7,1.38815019469857
Lepilemur ankaranensis,39,7,1.66577102635694
Lepilemur ankaranensis,40,7,0.185083622752249
Lepilemur ankaranensis,41,7,0.277623898765862
Lepilemur ankaranensis,42,7,0.277610584835768
Lepilemur ankaranensis,68,12,27.0084407932137
Lepilemur ankaranensis,69,12,0.366216056347668
Lepilemur ankaranensis,70,12,0.1831019721452
Lepilemur ankaranensis,71,12,1.19005614059979
Lepilemur ankaranensis,72,12,1.28151005270314
Lepilemur ankaranensis,73,12,0.183069222521842
Newtonia fanovanae,2,2,29.3885406549479
Newtonia fanovanae,3,2,20.6592519148882
Newtonia fanovanae,4,2,19.951562148547
Newtonia fanovanae,5,2,0.60454970320046
Newtonia fanovanae,6,2,0.777178853789091
Brachytarsomys albicauda,16,4,22.2456499345811
Brachytarsomys albicauda,18,5,21.0323881548539
Brachytarsomys albicauda,23,7,40.2587459644518
Brachytarsomys albicauda,24,8,30.1057095869844
Brachytarsomys albicauda,34,10,26.1977896327165
Brachytarsomys albicauda,57,14,31.6555057569255
Brachytarsomys albicauda,58,15,90.040291105329
Brachytarsomys albicauda,60,16,25.7528153259628
Brachytarsomys albicauda,61,15,181.84888680022
Brachytarsomys albicauda,62,16,0.0916520090401173
Brachytarsomys albicauda,63,17,12.0800389464592
Brachytarsomys albicauda,99,22,28.6147550266796
Brachytarsomys albicauda,70,19,28.7352753755797
Brachytarsomys albicauda,280,19,28.18098531546
Hemicentetes nigriceps,11,2,19.9337849990107
Hemicentetes nigriceps,22,2,115.589426177144
Hemicentetes nigriceps,25,2,0.645659265649438
Hemicentetes nigriceps,28,2,23.1488844918935
Hemicentetes nigriceps,63,42,20.2762758478846
Hemicentetes nigriceps,66,5,97.9202387652285
Hemicentetes nigriceps,90,7,0.367564567482233
Hemicentetes nigriceps,91,7,1.74590292306322
Hemicentetes nigriceps,92,7,0.183777680330873
Hemicentetes nigriceps,93,7,0.183773075227261
Hemicentetes nigriceps,94,7,1.10259928914046
Hemicentetes nigriceps,95,7,0.183761555058718
Hemicentetes nigriceps,96,7,1.65382056523508
Hemicentetes nigriceps,98,7,7.53280963492001
Hemicentetes nigriceps,100,7,18.184754186016
Hemicentetes nigriceps,87,40,0.183794934333086
Hemicentetes nigriceps,88,40,42.2803606370474
Hemicentetes nigriceps,89,40,0.551364106284559
Hemicentetes nigriceps,7,1,27.8797654553594
Hemicentetes nigriceps,67,6,119.762365430619
Hemicentetes nigriceps,85,6,1.3790241258738
Hemicentetes nigriceps,308,19,82.1709647371291
Hemicentetes nigriceps,453,19,96.0048449014599
Accipiter henstii,7,1,130.021860527523
Accipiter henstii,10,1,43.3892599286922
Accipiter henstii,11,1,70.6947613926224
Accipiter henstii,13,1,27.8845320748951
Accipiter henstii,18,1,43.0377824654047
Accipiter henstii,43,1,162.374759556721
Accipiter henstii,67,1,33.8991079803615
Accipiter henstii,69,1,58.6780858784085
Accipiter henstii,72,1,431.421548407617
Accipiter henstii,98,1,27.0084407932128
Accipiter henstii,109,1,91.902892975114
Accipiter henstii,118,1,20.1184639854197
Accipiter henstii,123,1,24.6792146248905
Accipiter henstii,134,1,72.0906228077071
Accipiter henstii,147,1,802.318279276272
Accipiter henstii,150,1,21.2443070814916
Accipiter henstii,193,1,9167.49023685536
Accipiter henstii,323,1,104.68823217409
Accipiter henstii,403,1,24.8813630898282
Accipiter henstii,425,1,37.6497033879611
Accipiter henstii,616,1,25.074716512655
Accipiter henstii,626,1,53.6769175645663
Accipiter henstii,692,1,24.4501852478648
Accipiter henstii,719,1,56.8711675529918
Accipiter henstii,847,1,29.6714715318073
Accipiter henstii,859,1,674.702984277473
Accipiter henstii,949,1,22.3806283842225
Accipiter henstii,990,1,30.8125924480652
Accipiter henstii,1002,1,42.668198616212
Accipiter henstii,1003,1,45.3586244344001
Accipiter henstii,1005,1,33.0953660841964
Accipiter henstii,1041,1,31.5815648439663
Accipiter henstii,1050,1,21.3177359530708
Accipiter henstii,1051,1,301.748748168552
Accipiter henstii,1052,1,176.981841014409
Accipiter henstii,1054,1,29.7890733494434
Accipiter henstii,1060,1,1385.48179139944
Accipiter henstii,1073,1,118.700718526081
Accipiter henstii,1075,1,18.7867803754507
Accipiter henstii,1076,1,83.0485691054942
Accipiter henstii,1084,1,176.345637707092
Accipiter henstii,1085,1,63.0206184295745
Accipiter henstii,1089,1,82.1709647371291
Accipiter henstii,1090,1,61.2124982058765
Accipiter henstii,1091,1,96.0048449014599
Accipiter henstii,1092,1,29.7723925005818
Accipiter henstii,1093,1,29.3041924637888
Accipiter henstii,1094,1,52.093110773009
Accipiter henstii,1095,1,90.898942940664
Accipiter henstii,1096,1,29.7379084643369
Accipiter henstii,1098,1,17.9006258988328
Accipiter henstii,1103,1,29.8980611396976
Accipiter henstii,218,2,38.0240908843971
Accipiter henstii,250,2,49.6171625010395
Accipiter henstii,260,2,39.0716951757742
Accipiter henstii,277,2,57.985276672695
Accipiter henstii,280,2,57.9536162531203
Accipiter henstii,288,2,69.5634544487201
Accipiter henstii,305,2,437.493369314719
Accipiter henstii,320,2,86.1207453329667
Accipiter henstii,928,2,18.8080490493349
Accipiter henstii,929,2,69.4793727685246
Accipiter henstii,938,2,26.5383701395922
Accipiter henstii,939,2,17.1081231937796
Accipiter henstii,973,2,36.3318798597312
Accipiter henstii,976,2,34.6422357639037
Accipiter henstii,1087,2,44.3707966394124
Accipiter madagascariensis,7,1,130.021860527523
Accipiter madagascariensis,9,1,43.2038186617155
Accipiter madagascariensis,13,1,27.8845320748951
Accipiter madagascariensis,17,1,70.9727122086791
Accipiter madagascariensis,21,1,43.0377824654047
Accipiter madagascariensis,51,1,162.374759556721
Accipiter madagascariensis,94,1,53.6769175645663
Accipiter madagascariensis,105,1,58.6780858784085
Accipiter madagascariensis,107,1,431.329695352153
Accipiter madagascariensis,300,1,9163.642217011
Accipiter madagascariensis,1146,1,25.074716512655
Accipiter madagascariensis,1238,1,24.4501852478648
Accipiter madagascariensis,1304,1,56.8711675529918
Accipiter madagascariensis,1443,1,29.6714715318073
Accipiter madagascariensis,1455,1,674.611930876287
Accipiter madagascariensis,1658,1,31.5815648439663
Accipiter madagascariensis,1668,1,21.3177359530708
Accipiter madagascariensis,1669,1,301.748748168552
Accipiter madagascariensis,1670,1,176.981841014409
Accipiter madagascariensis,1672,1,29.7890733494434
Accipiter madagascariensis,1678,1,1385.48179139944
Accipiter madagascariensis,1693,1,118.609435406321
Accipiter madagascariensis,1695,1,18.7867803754507
Accipiter madagascariensis,1696,1,83.0485691054942
Accipiter madagascariensis,1704,1,175.981325838436
Accipiter madagascariensis,1705,1,63.0206184295745
Accipiter madagascariensis,150,2,27.0084407932128
Accipiter madagascariensis,164,2,22.6013246737857
Accipiter madagascariensis,174,2,16.3740665150728
Accipiter madagascariensis,186,2,19.2038282114049
Accipiter madagascariensis,213,2,13.7034546392342
Accipiter madagascariensis,225,2,196.841807430192
Accipiter madagascariensis,231,2,65.5157381819425
Accipiter madagascariensis,233,2,133.064425177633
Accipiter madagascariensis,1436,2,14.9865047176636
Accipiter madagascariensis,324,3,38.2051651932326
Accipiter madagascariensis,396,3,36.3318798597312
Accipiter madagascariensis,400,3,49.6171625010395
Accipiter madagascariensis,443,3,39.0716951757742
Accipiter madagascariensis,446,3,57.9536162531203
Accipiter madagascariensis,472,3,89.7882265229816
Accipiter madagascariensis,483,3,489.364914626243
Accipiter madagascariensis,1152,3,57.985276672695
Accipiter madagascariensis,1495,3,18.8080490493349
Accipiter madagascariensis,1496,3,69.4793727685246
Accipiter madagascariensis,1534,3,43.0398890354031
Accipiter madagascariensis,1535,3,17.1081231937796
Accipiter madagascariensis,1567,3,16.7397400424525
Accipiter madagascariensis,1576,3,34.6422357639037
Accipiter madagascariensis,1716,3,14.6364940401641
Accipiter madagascariensis,402,4,96.0048449014599
Accipiter madagascariensis,1583,4,30.8125924480652
Accipiter madagascariensis,1595,4,42.668198616212
Accipiter madagascariensis,1607,4,45.3586244344001
Accipiter madagascariensis,1608,4,33.0953660841964
Accipiter madagascariensis,1706,4,61.2124982058765
Accipiter madagascariensis,1707,4,86.6345357060499
Accipiter madagascariensis,1708,4,29.7723925005818
Accipiter madagascariensis,1709,4,29.3041924637888
Accipiter madagascariensis,1710,4,52.093110773009
Accipiter madagascariensis,1711,4,90.898942940664
Accipiter madagascariensis,1712,4,29.7379084643369
Accipiter madagascariensis,1713,4,9.5401058957789
Accipiter madagascariensis,1714,4,17.9006258988328
Accipiter madagascariensis,1734,4,29.8980611396976
Accipiter madagascariensis,598,5,13.167280451611
Accipiter madagascariensis,656,5,483.161051971392
Accipiter madagascariensis,661,5,16.1215402504426
Accipiter madagascariensis,699,5,107.450014480365
Accipiter madagascariensis,723,5,12.7407955704241
Accipiter madagascariensis,727,5,12.0483039035152
Accipiter madagascariensis,737,5,11.3310980595299
Accipiter madagascariensis,749,5,466.866095203747
Accipiter madagascariensis,752,5,24.5074496821614
Accipiter madagascariensis,753,5,152.434539488629
Accipiter madagascariensis,769,5,32.8976853230713
Accipiter madagascariensis,773,5,47.5161649497437
Accipiter madagascariensis,776,5,24.0897988637511
Accipiter madagascariensis,920,5,27.0386563705167
Accipiter madagascariensis,961,5,17.8876522784669
Accipiter madagascariensis,964,5,29.6856059502555
Accipiter madagascariensis,1008,5,43.5541700668664
Accipiter madagascariensis,1032,5,49.5177099776991
Accipiter madagascariensis,1072,5,13.0307413413506
Accipiter madagascariensis,1077,5,99.4190072851316
Accipiter madagascariensis,1168,5,67.1171045351946
Accipiter madagascariensis,1270,5,14.8764755082333
Accipiter madagascariensis,1491,5,17.5870851484922
Accipiter madagascariensis,1526,5,9.98819568179679
Accipiter madagascariensis,1537,5,21.5378946383917
Accipiter madagascariensis,1650,5,9.49007950158822
Accipiter madagascariensis,1651,5,29.6282884787538
Accipiter madagascariensis,1717,5,150.889593339295
Accipiter madagascariensis,1729,5,26.865191159266
Acrocephalus newtoni,363,91,0.370271373195112
Acrocephalus newtoni,364,91,0.46283412528491
Acrocephalus newtoni,368,91,43.0377824654047
Acrocephalus newtoni,389,91,1.48074673073447
Acrocephalus newtoni,391,91,1.66577102635723
Acrocephalus newtoni,395,91,0.277623898765862
Acrocephalus newtoni,401,91,0.277610584835649
Acrocephalus newtoni,23890,91,1.38815019469839
Acrocephalus newtoni,5074,121,91.8113589710392
Acrocephalus newtoni,23913,122,25.074716512655
Acrocephalus newtoni,24038,123,24.4501852478648
Acrocephalus newtoni,169,114,0.463597745713949
Acrocephalus newtoni,213,114,43.2038186617155
Acrocephalus newtoni,104,40,0.556644208811998
Acrocephalus newtoni,106,40,0.371099061261237
Acrocephalus newtoni,108,40,0.556625695955515
Acrocephalus newtoni,118,40,0.463806772104442
Acrocephalus newtoni,124,40,0.278275269288719
Acrocephalus newtoni,126,40,0.463781360735476
Acrocephalus newtoni,141,40,0.278243954663038
Acrocephalus newtoni,153,40,0.27820176096195
Acrocephalus newtoni,156,40,0.64914825101471
Acrocephalus newtoni,164,40,6.49089737985898
Acrocephalus newtoni,168,40,8.43709773357266
Acrocephalus newtoni,174,40,130.021860527523
Acrocephalus newtoni,24095,40,56.8711675529918
Acrocephalus newtoni,245,117,0.555893682719886
Acrocephalus newtoni,264,117,27.8845320748951
Acrocephalus newtoni,265,117,0.277912765102387
Acrocephalus newtoni,307,117,74.1227458493161
Acrocephalus newtoni,2476,72,0.275667671454728
Acrocephalus newtoni,2590,72,0.275591552190781
Acrocephalus newtoni,2608,72,0.367434207116187
Acrocephalus newtoni,23945,72,34.4503061052005
Acrocephalus newtoni,23946,72,1.92954817861217
Acrocephalus newtoni,24314,72,0.367500048400045
Acrocephalus newtoni,22670,119,2.33597082442725
Acrocephalus newtoni,24078,119,57.1920356452231
Acrocephalus newtoni,4344,135,572.856687252152
Acrocephalus newtoni,24221,135,0.366216056347668
Acrocephalus newtoni,24351,146,31.1097970257471
Acrocephalus newtoni,24352,146,29.6010280215162
Acrocephalus newtoni,24170,147,20.745550279323
Acrocephalus newtoni,11005,99,0.632951986920595
Acrocephalus newtoni,24326,99,18.8080490493349
Acrocephalus newtoni,6612,131,21.2443070814916
Acrocephalus newtoni,22723,138,0.777178853789449
Acrocephalus newtoni,24014,138,0.604549703201652
Acrocephalus newtoni,24220,138,19.9515621485544
Acrocephalus newtoni,24318,138,27.2715936270408
Acrocephalus newtoni,24320,138,29.4123165165247
Acrocephalus newtoni,24321,138,29.3885406549345
Acrocephalus newtoni,24322,138,20.6592519148787
Acrocephalus newtoni,5509,139,9.59557619184256
Acrocephalus newtoni,23259,139,141.448836690396
Acrocephalus newtoni,23715,139,34.5373376371237
Acrocephalus newtoni,24232,161,29.6714715318073
Acrocephalus newtoni,12582,125,38.0240908843971
Acrocephalus newtoni,23972,125,3.3484632115922
Acrocephalus newtoni,23974,125,0.723997986285687
Acrocephalus newtoni,23976,125,0.361958205401778
Acrocephalus newtoni,24055,125,0.452763459862113
Acrocephalus newtoni,14041,149,24.3559507447872
Acrocephalus newtoni,24333,162,34.6422357639037
Acrocephalus newtoni,15683,151,3.31343096531284
Acrocephalus newtoni,15800,151,2.32767118464887
Acrocephalus newtoni,15933,151,55.6258324433836
Acrocephalus newtoni,16171,151,247.770101481942
Acrocephalus newtoni,23455,151,60.7930477369925
Acrocephalus newtoni,23923,151,44.0024376667381
Acrocephalus newtoni,24340,151,0.447673652347326
Acrocephalus newtoni,24356,151,43.0398890354031
Acrocephalus newtoni,24357,151,17.1081231937796
Acrocephalus newtoni,13578,75,2.87876883525908
Acrocephalus newtoni,13584,75,0.899620833965421
Acrocephalus newtoni,13630,75,0.269868277515411
Acrocephalus newtoni,24403,75,45.3586244344001
Acrocephalus newtoni,24405,75,33.0953660841964
Acrocephalus newtoni,18468,163,104.68823217409
Acrocephalus newtoni,24517,163,61.2124982058765
Acrocephalus newtoni,24402,164,42.668198616212
Acrocephalus newtoni,24522,164,90.898942940664
Acrocephalus newtoni,24524,164,9.5401058957789
Acrocephalus newtoni,24525,164,17.9006258988328
Acrocephalus newtoni,24526,164,2.8788579399693
Acrocephalus newtoni,24516,165,82.1709647371291
Acrocephalus newtoni,24518,165,96.0048449014599
Acrocephalus newtoni,24519,165,29.7723925005818
Acrocephalus newtoni,24520,165,29.3041924637888
Acrocephalus newtoni,24521,166,52.093110773009
Acrocephalus newtoni,24523,167,29.7379084643369
Acrocephalus newtoni,21197,100,96.2582227303873
Acrocephalus newtoni,21282,100,11.2152296825519
Acrocephalus newtoni,21641,100,86.5471977120337
Acrocephalus newtoni,24440,100,29.6282884787538
Acrocephalus newtoni,1047,108,162.374759556721
Acrocephalus newtoni,2269,108,0.643524707942307
Acrocephalus newtoni,2321,108,0.459616383671761
Acrocephalus newtoni,2343,108,0.643432019171834
Acrocephalus newtoni,2350,108,0.275752651619434
Acrocephalus newtoni,2371,108,0.367655302864552
Acrocephalus newtoni,2391,108,1.56243208603394
Acrocephalus newtoni,2392,108,0.275729722221732
Acrocephalus newtoni,2412,108,0.275717098941743
Acrocephalus newtoni,2425,108,0.275709061498702
Acrocephalus newtoni,2430,108,0.45950859373796
Acrocephalus newtoni,2436,108,0.459497104688943
Acrocephalus newtoni,2437,108,1.1946710927338
Acrocephalus newtoni,2451,108,53.6769175645663
Acrocephalus newtoni,2456,108,3.21620605602366
Acrocephalus newtoni,2457,108,0.551364106284559
Acrocephalus newtoni,2465,108,1.10266377710587
Acrocephalus newtoni,2474,108,0.367564567481756
Acrocephalus newtoni,2482,108,0.551319225259066
Acrocephalus newtoni,2491,108,1.10259928914046
Acrocephalus newtoni,2498,108,2.02137478975725
Acrocephalus newtoni,2499,108,0.82694543447876
Acrocephalus newtoni,2504,108,0.643170052254975
Acrocephalus newtoni,2513,108,1.65382056523669
Acrocephalus newtoni,2537,108,0.82682548099494
Acrocephalus newtoni,2564,108,0.459349671094835
Acrocephalus newtoni,2588,108,0.367459639964402
Acrocephalus newtoni,2601,108,0.275586929093957
Acrocephalus newtoni,2606,108,1.46972063059127
Acrocephalus newtoni,2607,108,0.275577679304183
Acrocephalus newtoni,2696,108,0.367363554798722
Acrocephalus newtoni,2719,108,58.6780858784085
Acrocephalus newtoni,2801,108,431.329695352153
Acrocephalus newtoni,2841,108,0.27544305105114
Acrocephalus newtoni,8564,108,9163.642217011
Acrocephalus newtoni,24244,108,674.611930876287
Acrocephalus newtoni,24447,108,31.5815648439663
Acrocephalus newtoni,24475,108,21.3177359530708
Acrocephalus newtoni,24476,108,301.748748168552
Acrocephalus newtoni,24477,108,176.981841014409
Acrocephalus newtoni,24478,108,0.645659265649796
Acrocephalus newtoni,24479,108,29.7890733494434
Acrocephalus newtoni,24485,108,1385.48179139944
Acrocephalus newtoni,24486,108,8.71055469847293
Acrocephalus newtoni,24487,108,1.55853332586139
Acrocephalus newtoni,24488,108,4.12545809786379
Acrocephalus newtoni,24489,108,5.22484076185095
Acrocephalus newtoni,24496,108,0.366016744080782
Acrocephalus newtoni,24499,108,2.55931186735392
Acrocephalus newtoni,24500,108,118.609435406321
Acrocephalus newtoni,24501,108,1.09562847792852
Acrocephalus newtoni,24502,108,18.7867803754507
Acrocephalus newtoni,24503,108,83.0485691054942
Acrocephalus newtoni,24507,108,1.09378015375698
Acrocephalus newtoni,24508,108,0.820222737159133
Acrocephalus newtoni,24509,108,2.55151549227834
Acrocephalus newtoni,24510,108,5.10222163080132
Acrocephalus newtoni,24511,108,175.981325838436
Acrocephalus newtoni,24512,108,63.0206184295745
Acrocephalus newtoni,24528,108,0.820644420907617
Acrocephalus newtoni,24529,108,1.91443390526378
Acrocephalus newtoni,13871,115,6.47518067735767
Acrocephalus newtoni,23401,115,0.449603298738718
Acrocephalus newtoni,23402,115,0.359686745625973
Acrocephalus newtoni,24375,115,16.7397400424525
Acrocephalus newtoni,24381,115,36.3318798597312
Acrocephalus newtoni,24514,115,0.449634089967012
Acrocephalus newtoni,24531,115,6.02879668256032
Acrocephalus newtoni,5928,129,64.7813755391199
Acrocephalus newtoni,23957,129,0.274079509045959
Acrocephalus newtoni,24224,129,0.456764738324285
Acrocephalus newtoni,5185,144,133.970948761307
Acrocephalus newtoni,5479,144,12.0527394100416
Acrocephalus newtoni,24454,144,21.3848874257425
Acrocephalus newtoni,24455,144,0.548379956253052
Acrocephalus newtoni,24456,144,5.84865503920686
Acrocephalus newtoni,24460,144,5.93885101003361
Acrocephalus newtoni,24465,144,1.0961299353025
Acrocephalus newtoni,24466,144,0.730663438779593
Acrocephalus newtoni,4564,145,24.8813630898282
Acrocephalus newtoni,4736,145,20.1184639854197
Acrocephalus newtoni,4860,145,1.91988596975839
Acrocephalus newtoni,4861,145,4.20534270261967
Acrocephalus newtoni,4940,145,37.8324682026068
Acrocephalus newtoni,4944,145,5.85033975470399
Acrocephalus newtoni,4955,145,24.6792146248905
Acrocephalus newtoni,4985,145,1.00543750432062
Acrocephalus newtoni,4993,145,2.83342021114922
Acrocephalus newtoni,5016,145,2.37624750380051
Acrocephalus newtoni,5024,145,1.00536820483041
Acrocephalus newtoni,5030,145,0.274192454327822
Acrocephalus newtoni,5081,145,7.676784038162
Acrocephalus newtoni,5168,145,8.49783825708031
Acrocephalus newtoni,5220,145,0.274089461484313
Acrocephalus newtoni,5266,145,10.9639024804186
Acrocephalus newtoni,5267,145,4.56775692645061
Acrocephalus newtoni,5999,145,782.694449439568
Acrocephalus newtoni,6004,145,2.00722734047949
Acrocephalus newtoni,6013,145,0.364942030490041
Acrocephalus newtoni,6021,145,0.456175956650972
Acrocephalus newtoni,24226,145,16.5402429724656
Acrocephalus newtoni,24323,145,22.2892814174192
Acrocephalus newtoni,24360,145,0.456749789225697
Acrocephalus newtoni,24448,145,3.56491505919516
Acrocephalus newtoni,24468,145,0.365072069038987
Acrocephalus newtoni,24469,145,0.821376871704459
Acrocephalus newtoni,13683,148,69.4793727685246
Acrocephalus newtoni,15518,152,39.0716951757742
Acrocephalus newtoni,24515,152,14.6364940401641
Acrocephalus newtoni,19365,153,0.62064821295929
Acrocephalus newtoni,19380,153,0.265972006813645
Acrocephalus newtoni,19400,153,0.709200345668078
Acrocephalus newtoni,24166,153,68.5173564614324
Acrocephalus newtoni,24293,153,31.2831288292344
Acrocephalus newtoni,24361,153,30.9497681570725
Acrocephalus newtoni,24362,153,9.04229392747104
Acrocephalus newtoni,24527,153,29.6296191803109
Acrocephalus newtoni,24363,168,58.7538227882982
Acrocephalus newtoni,24390,155,30.8125924480652
Acrocephalus newtoni,24532,155,29.8980611396976
Alectroenas madagascariensis,1216,10,74.689706315157
Alectroenas madagascariensis,3,1,111.100829909226
Alectroenas madagascariensis,8,1,17.9860099079622
Alectroenas madagascariensis,21,1,48.4606364876698
Alectroenas madagascariensis,24,1,19.9177176424922
Alectroenas madagascariensis,6229,1,0.64914825101471
Alectroenas madagascariensis,6322,1,56.8711675529918
Alectroenas madagascariensis,6249,12,25.074716512655
Alectroenas madagascariensis,6300,12,24.4501852478648
Alectroenas madagascariensis,6321,11,29.4123165165247
Alectroenas madagascariensis,6415,11,27.2715936270408
Alectroenas madagascariensis,6417,11,29.3885406549345
Alectroenas madagascariensis,6418,11,20.6592519148787
Alectroenas madagascariensis,6429,15,31.1097970257471
Alectroenas madagascariensis,6430,15,29.6010280215162
Alectroenas madagascariensis,1304,2,134.219472591946
Alectroenas madagascariensis,1327,2,1.73396250702751
Alectroenas madagascariensis,6419,2,21.9966760410693
Alectroenas madagascariensis,247,9,162.374759556721
Alectroenas madagascariensis,573,9,0.644736027105212
Alectroenas madagascariensis,607,9,149.498138390691
Alectroenas madagascariensis,811,9,0.643432019171834
Alectroenas madagascariensis,821,9,1.56243208603394
Alectroenas madagascariensis,828,9,1.1946710927338
Alectroenas madagascariensis,831,9,3.21620605602366
Alectroenas madagascariensis,832,9,0.551364106284559
Alectroenas madagascariensis,836,9,1.10266377710587
Alectroenas madagascariensis,841,9,0.551319225259066
Alectroenas madagascariensis,843,9,1.10259928914046
Alectroenas madagascariensis,845,9,2.02137478975725
Alectroenas madagascariensis,846,9,0.82694543447876
Alectroenas madagascariensis,848,9,0.643170052254975
Alectroenas madagascariensis,850,9,1.65382056523669
Alectroenas madagascariensis,864,9,0.82682548099494
Alectroenas madagascariensis,879,9,1.46972063059127
Alectroenas madagascariensis,917,9,58.6780858784085
Alectroenas madagascariensis,938,9,431.421548407617
Alectroenas madagascariensis,1253,9,1.37162994920248
Alectroenas madagascariensis,1265,9,5.30132175810588
Alectroenas madagascariensis,1344,9,18.7867803754507
Alectroenas madagascariensis,1370,9,3.8290988880409
Alectroenas madagascariensis,1374,9,21.7001741978275
Alectroenas madagascariensis,1397,9,4.64662316187942
Alectroenas madagascariensis,1415,9,25.134150992449
Alectroenas madagascariensis,1416,9,19.036608018656
Alectroenas madagascariensis,1425,9,5.73678236568844
Alectroenas madagascariensis,1524,9,8900.49550166035
Alectroenas madagascariensis,6256,9,53.6769175645663
Alectroenas madagascariensis,6257,9,0.643524707942307
Alectroenas madagascariensis,6323,9,63.0206184295745
Alectroenas madagascariensis,6341,9,29.6714715318073
Alectroenas madagascariensis,6353,9,674.702984277473
Alectroenas madagascariensis,6506,9,31.5815648439663
Alectroenas madagascariensis,6507,9,21.3177359530708
Alectroenas madagascariensis,6508,9,301.748748168552
Alectroenas madagascariensis,6509,9,176.981841014409
Alectroenas madagascariensis,6510,9,0.645659265649796
Alectroenas madagascariensis,6511,9,29.7890733494434
Alectroenas madagascariensis,6517,9,1385.48179139944
Alectroenas madagascariensis,6518,9,8.71055469847293
Alectroenas madagascariensis,6519,9,1.55853332586139
Alectroenas madagascariensis,6520,9,4.12545809786379
Alectroenas madagascariensis,6521,9,5.22484076185095
Alectroenas madagascariensis,6527,9,2.55931186735392
Alectroenas madagascariensis,6528,9,118.700718526081
Alectroenas madagascariensis,6529,9,1.09562847792852
Alectroenas madagascariensis,6533,9,1.09378015375698
Alectroenas madagascariensis,6546,9,0.820644420907617
Alectroenas madagascariensis,6547,9,1.91443390526378
Alectroenas madagascariensis,2291,13,0.899620833965421
Alectroenas madagascariensis,4586,13,104.68823217409
Alectroenas madagascariensis,6278,13,2.87876883525908
Alectroenas madagascariensis,6462,13,42.668198616212
Alectroenas madagascariensis,6463,13,45.3586244344001
Alectroenas madagascariensis,6465,13,33.0953660841964
Alectroenas madagascariensis,6534,13,82.1709647371291
Alectroenas madagascariensis,6535,13,61.2124982058765
Alectroenas madagascariensis,6536,13,96.0048449014599
Alectroenas madagascariensis,6537,13,29.7723925005818
Alectroenas madagascariensis,6538,13,29.3041924637888
Alectroenas madagascariensis,6539,13,52.093110773009
Alectroenas madagascariensis,6540,13,90.898942940664
Alectroenas madagascariensis,6541,13,29.7379084643369
Alectroenas madagascariensis,6542,13,9.5401058957789
Alectroenas madagascariensis,6543,13,17.9006258988328
Alectroenas madagascariensis,6544,13,2.8788579399693
Alectroenas madagascariensis,4876,16,0.62064821295929
Alectroenas madagascariensis,4889,16,0.709200345668078
Alectroenas madagascariensis,6331,16,68.5173564614324
Alectroenas madagascariensis,6396,16,31.2831288292344
Alectroenas madagascariensis,6434,16,30.9497681570725
Alectroenas madagascariensis,6435,16,9.04229392747104
Alectroenas madagascariensis,6436,16,58.7538227882982
Alectroenas madagascariensis,6545,16,29.2747668395581
Alectroenas madagascariensis,6450,18,30.8125924480652
Alectroenas madagascariensis,6548,18,29.8980611396976
Apus balstoni,162,32,43.0377824654047
Apus balstoni,168,32,1.48074673073447
Apus balstoni,169,32,1.66577102635723
Apus balstoni,7373,32,1.38815019469839
Apus balstoni,1477,35,91.8113589710392
Apus balstoni,76,17,130.021860527523
Apus balstoni,77,17,6.49089737985898
Apus balstoni,79,17,8.43709773357266
Apus balstoni,103,17,70.6947613926224
Apus balstoni,120,17,27.8845320748951
Apus balstoni,7496,17,56.8711675529918
Apus balstoni,1771,36,64.7813755391199
Apus balstoni,7721,47,31.1097970257471
Apus balstoni,7722,47,29.6010280215162
Apus balstoni,7166,40,2.33597082442725
Apus balstoni,7495,40,57.1920356452231
Apus balstoni,7607,40,19.9515621485544
Apus balstoni,7696,40,27.2715936270408
Apus balstoni,7698,40,29.4123165165247
Apus balstoni,7699,40,29.3885406549345
Apus balstoni,7700,40,20.6592519148787
Apus balstoni,4228,31,49.6171625010395
Apus balstoni,4257,31,4.58233058484114
Apus balstoni,7750,31,34.6422357639037
Apus balstoni,5747,5,86.1207453329667
Apus balstoni,5835,5,17.8729277360838
Apus balstoni,7872,5,1.42253739552879
Apus balstoni,4091,30,2.87876883525908
Apus balstoni,4093,30,0.899620833965421
Apus balstoni,7778,30,45.3586244344001
Apus balstoni,7780,30,33.0953660841964
Apus balstoni,5840,53,104.68823217409
Apus balstoni,7874,53,61.2124982058765
Apus balstoni,7777,54,42.668198616212
Apus balstoni,7873,54,82.1709647371291
Apus balstoni,7875,54,96.0048449014599
Apus balstoni,7876,54,29.7723925005818
Apus balstoni,7877,54,29.3041924637888
Apus balstoni,7878,54,52.093110773009
Apus balstoni,7879,54,90.898942940664
Apus balstoni,7881,54,9.5401058957789
Apus balstoni,7882,54,17.9006258988328
Apus balstoni,7883,54,2.8788579399693
Apus balstoni,359,33,162.374759556721
Apus balstoni,810,33,1.56243208603394
Apus balstoni,827,33,1.1946710927338
Apus balstoni,833,33,53.6769175645663
Apus balstoni,835,33,3.21620605602366
Apus balstoni,838,33,1.10266377710587
Apus balstoni,848,33,1.10259928914046
Apus balstoni,850,33,2.02137478975725
Apus balstoni,853,33,1.65382056523669
Apus balstoni,884,33,1.46972063059127
Apus balstoni,912,33,58.6780858784085
Apus balstoni,936,33,431.329695352153
Apus balstoni,2656,33,9163.642217011
Apus balstoni,7629,33,674.611930876287
Apus balstoni,7821,33,31.5815648439663
Apus balstoni,7831,33,21.3177359530708
Apus balstoni,7832,33,301.748748168552
Apus balstoni,7833,33,176.981841014409
Apus balstoni,7835,33,29.7890733494434
Apus balstoni,7841,33,1385.48179139944
Apus balstoni,7842,33,8.71055469847293
Apus balstoni,7843,33,1.55853332586139
Apus balstoni,7844,33,4.12545809786379
Apus balstoni,7845,33,5.22484076185095
Apus balstoni,7855,33,2.55931186735392
Apus balstoni,7856,33,118.609435406321
Apus balstoni,7857,33,1.09562847792852
Apus balstoni,7858,33,18.7867803754507
Apus balstoni,7859,33,83.0485691054942
Apus balstoni,7863,33,1.09378015375698
Apus balstoni,7865,33,2.55151549227834
Apus balstoni,7866,33,5.10222163080132
Apus balstoni,7867,33,175.981325838436
Apus balstoni,7868,33,63.0206184295745
Apus balstoni,7886,33,1.91443390526378
Apus balstoni,4012,41,6.47518067735767
Apus balstoni,7740,41,11.3402500320686
Apus balstoni,7741,41,6.02879668256032
Apus balstoni,7747,41,36.3318798597312
Apus balstoni,7887,41,0.899921316411257
Apus balstoni,4476,55,39.0716951757742
Apus balstoni,7871,55,14.6364940401641
Apus balstoni,1495,45,24.8813630898282
Apus balstoni,1555,45,20.1184639854197
Apus balstoni,1582,45,1.91988596975839
Apus balstoni,1583,45,4.20534270261967
Apus balstoni,1604,45,37.6497033879611
Apus balstoni,1606,45,5.85033975470399
Apus balstoni,1608,45,24.6792146248905
Apus balstoni,1615,45,1.00543750432062
Apus balstoni,1618,45,2.65062070312464
Apus balstoni,1625,45,2.37624750380051
Apus balstoni,1634,45,7.676784038162
Apus balstoni,1667,45,8.49783825708031
Apus balstoni,1696,45,10.9639024804186
Apus balstoni,1697,45,4.56775692645061
Apus balstoni,1919,45,767.086849444938
Apus balstoni,1922,45,2.00722734047949
Apus balstoni,7611,45,16.5402429724656
Apus balstoni,7701,45,22.2892814174192
Apus balstoni,7822,45,3.56491505919516
Apus balstoni,7703,48,69.4793727685246
Apus balstoni,4719,49,57.985276672695
Apus balstoni,4739,49,55.5362709867394
Apus balstoni,4781,49,3.31343096531284
Apus balstoni,4829,49,2.32767118464887
Apus balstoni,4865,49,69.5634544487201
Apus balstoni,4953,49,254.839847921548
Apus balstoni,5187,49,58.6946870363033
Apus balstoni,7712,49,26.5383701395922
Apus balstoni,7713,49,17.1081231937796
Apus balstoni,7756,49,3.48424258587157
Apus balstoni,7587,51,68.5173564614324
Apus balstoni,7677,51,31.2831288292344
Apus balstoni,7727,51,30.9497681570725
Apus balstoni,7728,51,9.04229392747104
Apus balstoni,7884,51,29.2747668395581
Apus balstoni,7729,56,58.7538227882982
Apus balstoni,7765,52,30.8125924480652
Apus balstoni,7889,52,29.8980611396976
Artamella viridis,395,44,0.370271373195112
Artamella viridis,396,44,0.46283412528491
Artamella viridis,399,44,43.0377824654047
Artamella viridis,426,44,1.48074673073447
Artamella viridis,428,44,1.66577102635723
Artamella viridis,16985,44,1.38815019469839
Artamella viridis,196,53,0.463597745713949
Artamella viridis,246,53,43.3892599286922
Artamella viridis,3998,48,91.902892975114
Artamella viridis,17137,54,24.4501852478648
Artamella viridis,130,47,0.556644208811998
Artamella viridis,135,47,0.371099061261237
Artamella viridis,138,47,0.556625695955515
Artamella viridis,147,47,0.463806772104442
Artamella viridis,156,47,0.463781360735476
Artamella viridis,182,47,130.021860527523
Artamella viridis,188,47,6.49089737985898
Artamella viridis,204,47,8.43709773357266
Artamella viridis,257,47,70.6947613926224
Artamella viridis,286,47,0.555893682719886
Artamella viridis,303,47,27.8845320748951
Artamella viridis,16951,47,0.64914825101471
Artamella viridis,17210,47,56.8711675529918
Artamella viridis,17008,60,25.074716512655
Artamella viridis,2392,29,1.92954817861217
Artamella viridis,2500,29,0.367434207116187
Artamella viridis,2519,29,33.8991079803615
Artamella viridis,17331,29,0.367500048400045
Artamella viridis,5222,62,21.2443070814916
Artamella viridis,3476,63,0.733158739641845
Artamella viridis,3543,63,2.01572332178837
Artamella viridis,3544,63,0.458135662899971
Artamella viridis,3557,63,0.366490791638374
Artamella viridis,3562,63,0.366482397446334
Artamella viridis,3628,63,0.824397110989213
Artamella viridis,3664,63,1.00747888364965
Artamella viridis,3685,63,1.37373982893509
Artamella viridis,3711,63,27.0084407932128
Artamella viridis,3712,63,0.641021390268981
Artamella viridis,3713,63,1.64832053344005
Artamella viridis,3731,63,1.09880786665845
Artamella viridis,3810,63,1.55623826883286
Artamella viridis,3813,63,0.45771856548512
Artamella viridis,3827,63,1.28151005270296
Artamella viridis,3882,63,0.457617758493304
Artamella viridis,3927,63,1.00660883126068
Artamella viridis,17332,63,0.366216056347668
Artamella viridis,17447,67,31.1097970257471
Artamella viridis,17448,67,29.6010280215162
Artamella viridis,17304,68,20.745550279323
Artamella viridis,15561,55,2.33597082442725
Artamella viridis,15911,55,0.777178853789449
Artamella viridis,16837,55,44.4928427752329
Artamella viridis,17110,55,0.604549703201652
Artamella viridis,17186,55,57.1920356452231
Artamella viridis,17330,55,19.9515621485544
Artamella viridis,17411,55,27.2715936270408
Artamella viridis,17413,55,29.4123165165247
Artamella viridis,17414,55,29.3885406549345
Artamella viridis,17415,55,20.6592519148787
Artamella viridis,6975,56,0.632951986920595
Artamella viridis,17416,56,18.8080490493349
Artamella viridis,4032,58,16.3740665150728
Artamella viridis,4161,58,2.19464777098519
Artamella viridis,4179,58,12.8945503097155
Artamella viridis,16643,41,0.431933750124097
Artamella viridis,16738,41,29.6357740792488
Artamella viridis,16741,41,0.431926162170768
Artamella viridis,17316,41,20.9968046764002
Artamella viridis,6808,18,38.0240908843971
Artamella viridis,6826,18,3.07696966736531
Artamella viridis,6830,18,0.723997986285687
Artamella viridis,6845,18,0.361958205401778
Artamella viridis,17147,18,0.452763459862113
Artamella viridis,17343,78,29.6714715318073
Artamella viridis,8633,70,49.6171625010395
Artamella viridis,17032,70,4.58233058484114
Artamella viridis,17486,70,34.6422357639037
Artamella viridis,4366,22,1.46201426250446
Artamella viridis,4394,22,2.64969806134295
Artamella viridis,4502,22,9.13393565077972
Artamella viridis,4831,22,60.6027600442287
Artamella viridis,4874,22,0.365034251434088
Artamella viridis,4875,22,299.306132876773
Artamella viridis,16820,22,4.56775692645061
Artamella viridis,17337,22,14.9865047176636
Artamella viridis,17463,22,7.58289645383679
Artamella viridis,17562,22,0.365072069038987
Artamella viridis,17563,22,0.821376871704459
Artamella viridis,17565,22,1.73396250702751
Artamella viridis,12669,38,108.01588872667
Artamella viridis,17618,38,44.3707966394124
Artamella viridis,17619,38,1.42253739552879
Artamella viridis,14067,39,96.6972328857344
Artamella viridis,14104,39,16.1215402504426
Artamella viridis,14165,39,14.6217221322076
Artamella viridis,14311,39,107.450014480365
Artamella viridis,14516,39,5.41451004895472
Artamella viridis,14539,39,30.2553476293843
Artamella viridis,14552,39,0.523638666578293
Artamella viridis,14574,39,0.523563038837075
Artamella viridis,14583,39,0.698019186101317
Artamella viridis,14601,39,0.436189867798686
Artamella viridis,14650,39,2.6158241501925
Artamella viridis,14745,39,1.56809616759515
Artamella viridis,14756,39,130.192298565991
Artamella viridis,14762,39,3.57106093895221
Artamella viridis,14789,39,0.348321061424971
Artamella viridis,14799,39,9.49007950158822
Artamella viridis,14837,39,3.04583861633468
Artamella viridis,14856,39,0.348034451767564
Artamella viridis,14953,39,0.347746593876839
Artamella viridis,15010,39,1.39015823458207
Artamella viridis,15420,39,3.20387641063011
Artamella viridis,16018,39,101.586314517319
Artamella viridis,16099,39,0.431315118658066
Artamella viridis,16118,39,0.60379913826561
Artamella viridis,16277,39,3.18616224499846
Artamella viridis,16289,39,1.29118874206936
Artamella viridis,16294,39,0.946817847226024
Artamella viridis,16295,39,3.01240642037296
Artamella viridis,16419,39,0.349150016640782
Artamella viridis,16423,39,1.99652411223841
Artamella viridis,16425,39,2.34164013403249
Artamella viridis,16427,39,3.72834730157495
Artamella viridis,16430,39,0.346756311790586
Artamella viridis,16431,39,0.953501062022448
Artamella viridis,16435,39,4.07194558339631
Artamella viridis,16438,39,2.50801370502269
Artamella viridis,16448,39,3.36903770225561
Artamella viridis,16450,39,3.97208141431272
Artamella viridis,16452,39,14.3252430556935
Artamella viridis,16453,39,1.98541677119625
Artamella viridis,16454,39,0.517847121880293
Artamella viridis,16455,39,1.20814413348556
Artamella viridis,16461,39,1.98623648264658
Artamella viridis,16462,39,3.19514019178605
Artamella viridis,16467,39,5.95456626512015
Artamella viridis,16469,39,0.517742279209972
Artamella viridis,16472,39,55.9341469448159
Artamella viridis,16476,39,6.11881096036088
Artamella viridis,16490,39,0.86121516448307
Artamella viridis,16495,39,0.775032425915599
Artamella viridis,16496,39,0.516692135149479
Artamella viridis,16498,39,3.18593688175952
Artamella viridis,16529,39,6.2814981163677
Artamella viridis,16532,39,2.40852721046042
Artamella viridis,16558,39,1.47393099119127
Artamella viridis,16559,39,11.09483269007
Artamella viridis,16563,39,2.33601032523417
Artamella viridis,16569,39,0.344503772500038
Artamella viridis,16573,39,1.38655685541463
Artamella viridis,16574,39,1.29977947566688
Artamella viridis,16575,39,2.8589248295182
Artamella viridis,16576,39,0.951098461953521
Artamella viridis,16580,39,2.92668084810412
Artamella viridis,16582,39,1.20530864535606
Artamella viridis,16585,39,1.89390576896715
Artamella viridis,16586,39,1.80772674300456
Artamella viridis,16659,39,38.9891320173841
Artamella viridis,16666,39,3.6162689740144
Artamella viridis,16667,39,3.96024281801712
Artamella viridis,16725,39,1.13414415884233
Artamella viridis,16726,39,262.032381463473
Artamella viridis,16729,39,29.6856059502555
Artamella viridis,16770,39,24.8640921597175
Artamella viridis,17168,39,14.8764755082333
Artamella viridis,17169,39,4.26181091131223
Artamella viridis,17170,39,25.3907382258146
Artamella viridis,17450,39,9.98819568179679
Artamella viridis,17452,39,0.347374393435955
Artamella viridis,17551,39,29.6282884787538
Artamella viridis,17620,39,1.31051529534316
Artamella viridis,17621,39,1.57236309118533
Artamella viridis,17626,39,0.349265005815983
Artamella viridis,17631,39,1.04307801828969
Artamella viridis,8326,40,0.899620833965421
Artamella viridis,17050,40,2.87876883525908
Artamella viridis,17512,40,45.3586244344001
Artamella viridis,17514,40,33.0953660841964
Artamella viridis,11983,79,104.68823217409
Artamella viridis,17608,79,61.2124982058765
Artamella viridis,17511,80,42.668198616212
Artamella viridis,17607,80,82.1709647371291
Artamella viridis,17609,80,96.0048449014599
Artamella viridis,17610,80,29.7723925005818
Artamella viridis,17611,80,29.3041924637888
Artamella viridis,17612,80,52.093110773009
Artamella viridis,17613,80,90.898942940664
Artamella viridis,17614,80,29.7379084643369
Artamella viridis,17615,80,9.5401058957789
Artamella viridis,17616,80,17.9006258988328
Artamella viridis,17617,80,2.8788579399693
Artamella viridis,1055,49,162.374759556721
Artamella viridis,2250,49,0.459616383671761
Artamella viridis,2272,49,0.643432019171834
Artamella viridis,2295,49,0.367655302864552
Artamella viridis,2315,49,1.56243208603394
Artamella viridis,2347,49,0.45950859373796
Artamella viridis,2353,49,0.459497104688943
Artamella viridis,2354,49,1.1946710927338
Artamella viridis,2367,49,3.21620605602366
Artamella viridis,2368,49,0.551364106284559
Artamella viridis,2375,49,1.10266377710587
Artamella viridis,2382,49,0.367564567481756
Artamella viridis,2387,49,0.551319225259066
Artamella viridis,2396,49,1.10259928914046
Artamella viridis,2401,49,2.02137478975725
Artamella viridis,2402,49,0.82694543447876
Artamella viridis,2408,49,0.643170052254975
Artamella viridis,2416,49,1.65382056523669
Artamella viridis,2436,49,0.82682548099494
Artamella viridis,2455,49,0.459349671094835
Artamella viridis,2479,49,0.367459639964402
Artamella viridis,2499,49,1.46972063059127
Artamella viridis,2599,49,0.367363554798722
Artamella viridis,2619,49,58.6780858784085
Artamella viridis,2692,49,431.421548407617
Artamella viridis,5969,49,9167.49023685536
Artamella viridis,17018,49,53.6769175645663
Artamella viridis,17019,49,0.643524707942307
Artamella viridis,17355,49,674.702984277473
Artamella viridis,17559,49,31.5815648439663
Artamella viridis,17570,49,21.3177359530708
Artamella viridis,17571,49,301.748748168552
Artamella viridis,17572,49,176.981841014409
Artamella viridis,17573,49,0.645659265649796
Artamella viridis,17574,49,29.7890733494434
Artamella viridis,17580,49,1385.48179139944
Artamella viridis,17581,49,8.71055469847293
Artamella viridis,17582,49,1.55853332586139
Artamella viridis,17583,49,4.12545809786379
Artamella viridis,17584,49,5.22484076185095
Artamella viridis,17587,49,0.366478799301446
Artamella viridis,17589,49,0.366016744080782
Artamella viridis,17592,49,2.55931186735392
Artamella viridis,17593,49,118.700718526081
Artamella viridis,17594,49,1.09562847792852
Artamella viridis,17595,49,18.7867803754507
Artamella viridis,17596,49,83.0485691054942
Artamella viridis,17600,49,1.09378015375698
Artamella viridis,17601,49,0.820222737159133
Artamella viridis,17602,49,2.55151549227834
Artamella viridis,17603,49,5.10222163080132
Artamella viridis,17604,49,176.345637707092
Artamella viridis,17605,49,63.0206184295745
Artamella viridis,17643,49,0.820644420907617
Artamella viridis,17644,49,1.91443390526378
Artamella viridis,4594,61,72.0906228077071
Artamella viridis,17335,61,0.456764738324285
Artamella viridis,8479,69,0.449603298738718
Artamella viridis,8480,69,0.359686745625973
Artamella viridis,8548,69,36.3318798597312
Artamella viridis,9149,69,39.0716951757742
Artamella viridis,17477,69,16.7397400424525
Artamella viridis,17483,69,6.47518067735767
Artamella viridis,17606,69,14.6364940401641
Artamella viridis,17646,69,6.02879668256032
Artamella viridis,17648,69,0.449634089967012
Artamella viridis,17417,71,69.4793727685246
Artamella viridis,9721,72,57.985276672695
Artamella viridis,9774,72,55.5362709867394
Artamella viridis,9875,72,3.31343096531284
Artamella viridis,9940,72,57.1204180733108
Artamella viridis,9969,72,2.32767118464887
Artamella viridis,10942,72,459.233623286982
Artamella viridis,17426,72,26.5383701395922
Artamella viridis,17427,72,17.1081231937796
Artamella viridis,17428,72,0.447673652347326
Artamella viridis,16777,73,11.1631336764222
Artamella viridis,16847,73,20.9473376567002
Artamella viridis,17635,73,0.952374834452987
Artamella viridis,17640,73,4.2402384895742
Artamella viridis,17641,73,6.05717425780273
Artamella viridis,12520,74,0.62064821295929
Artamella viridis,12547,74,0.709200345668078
Artamella viridis,17300,74,68.5173564614324
Artamella viridis,17390,74,31.2831288292344
Artamella viridis,17464,74,30.9497681570725
Artamella viridis,17465,74,9.04229392747104
Artamella viridis,17642,74,29.2747668395581
Artamella viridis,17466,81,58.7538227882982
Artamella viridis,17499,76,30.8125924480652
Artamella viridis,17649,76,29.8980611396976
Asio madagascariensis,1379,3,57.1920356452231
Asio madagascariensis,1434,3,19.9515621485544
Asio madagascariensis,1518,3,27.2715936270408
Asio madagascariensis,1520,3,29.4123165165247
Asio madagascariensis,1521,3,29.3885406549345
Asio madagascariensis,1522,3,20.6592519148787
Asio madagascariensis,1,1,72.6104762396646
Asio madagascariensis,10,1,7.9668144324028
Asio madagascariensis,33,1,162.374759556721
Asio madagascariensis,132,1,58.6780858784085
Asio madagascariensis,137,1,431.421548407617
Asio madagascariensis,235,1,9167.49023685536
Asio madagascariensis,876,1,104.68823217409
Asio madagascariensis,1337,1,53.6769175645663
Asio madagascariensis,1380,1,56.8711675529918
Asio madagascariensis,1446,1,674.702984277473
Asio madagascariensis,1554,1,30.8125924480652
Asio madagascariensis,1566,1,42.668198616212
Asio madagascariensis,1567,1,45.3586244344001
Asio madagascariensis,1569,1,33.0953660841964
Asio madagascariensis,1610,1,31.5815648439663
Asio madagascariensis,1611,1,21.3177359530708
Asio madagascariensis,1612,1,301.748748168552
Asio madagascariensis,1613,1,176.981841014409
Asio madagascariensis,1615,1,29.7890733494434
Asio madagascariensis,1621,1,1385.48179139944
Asio madagascariensis,1622,1,8.71055469847293
Asio madagascariensis,1624,1,4.12545809786379
Asio madagascariensis,1625,1,5.22484076185095
Asio madagascariensis,1634,1,118.700718526081
Asio madagascariensis,1636,1,18.7867803754507
Asio madagascariensis,1637,1,83.0485691054942
Asio madagascariensis,1644,1,5.10222163080132
Asio madagascariensis,1645,1,176.345637707092
Asio madagascariensis,1646,1,63.0206184295745
Asio madagascariensis,1647,1,82.1709647371291
Asio madagascariensis,1648,1,61.2124982058765
Asio madagascariensis,1649,1,96.0048449014599
Asio madagascariensis,1650,1,29.7723925005818
Asio madagascariensis,1651,1,29.3041924637888
Asio madagascariensis,1652,1,52.093110773009
Asio madagascariensis,1653,1,90.898942940664
Asio madagascariensis,1654,1,29.7379084643369
Asio madagascariensis,1655,1,9.5401058957789
Asio madagascariensis,1656,1,17.9006258988328
Asio madagascariensis,1661,1,29.8980611396976
Asio madagascariensis,1414,4,68.5173564614324
Asio madagascariensis,1418,4,20.745550279323
Asio madagascariensis,1494,4,31.2831288292344
Asio madagascariensis,1529,4,31.1097970257471
Asio madagascariensis,1530,4,29.6010280215162
Asio madagascariensis,1534,4,30.9497681570725
Asio madagascariensis,1535,4,9.04229392747104
Asio madagascariensis,1536,4,58.7538227882982
Asio madagascariensis,1658,4,29.2747668395581
Atelornis crossleyi,8,2,238.959455824627
Atelornis crossleyi,11,3,3.19109242600882
Atelornis crossleyi,13,3,8.02199676955545
Atelornis crossleyi,16,3,206.545851392179
Atelornis crossleyi,3,1,134.084978781104
Atelornis crossleyi,4,1,235.928108959398
Atelornis crossleyi,6,1,18.852509266389
Atelornis crossleyi,7,1,875.274304339101
Atelornis crossleyi,227,1,125.136020190425
Atelornis crossleyi,49,4,90.898942940664
Atelornis crossleyi,225,4,17.9006258988328
Atelornis crossleyi,226,4,42.668198616212
Atelornis crossleyi,228,4,61.2124982058765
Atelornis crossleyi,229,4,86.6345357060499
Atelornis crossleyi,230,4,29.7379084643369
Atelornis crossleyi,232,4,9.5401058957789
Atelornis crossleyi,233,4,2.8788579399693
Atelornis crossleyi,181,10,31.2831288292344
Atelornis crossleyi,199,10,68.5173564614324
Atelornis crossleyi,211,10,30.9497681570725
Atelornis crossleyi,212,10,58.7538227882982
Atelornis crossleyi,231,10,29.2747668395581
Atelornis pittoides,1,1,72.6104762396646
Atelornis pittoides,1017,1,56.8711675529918
Atelornis pittoides,966,6,29.4123165165247
Atelornis pittoides,1080,6,27.2715936270408
Atelornis pittoides,1081,6,29.3885406549345
Atelornis pittoides,1082,6,20.6592519148787
Atelornis pittoides,5,2,80.6801142748134
Atelornis pittoides,29,2,11.423145542635
Atelornis pittoides,57,2,2.11438066261506
Atelornis pittoides,67,2,1.83736519481778
Atelornis pittoides,70,2,1.46972063059127
Atelornis pittoides,71,2,2.11261448298252
Atelornis pittoides,73,2,2.7556101711055
Atelornis pittoides,76,2,26.2648020061249
Atelornis pittoides,78,2,335.318131682048
Atelornis pittoides,110,2,4283.26908272724
Atelornis pittoides,114,2,123.178229161852
Atelornis pittoides,124,2,1.64430895920241
Atelornis pittoides,125,2,7.67238536787998
Atelornis pittoides,127,2,4.84054188698507
Atelornis pittoides,129,2,505.957269894966
Atelornis pittoides,130,2,2.37459808751667
Atelornis pittoides,131,2,1.73528662736821
Atelornis pittoides,134,2,51.5046193559437
Atelornis pittoides,148,2,269.36603923703
Atelornis pittoides,155,2,608.352454206413
Atelornis pittoides,1018,2,125.006086459096
Atelornis pittoides,1019,2,27.8755226799484
Atelornis pittoides,1094,2,21.3177359530708
Atelornis pittoides,1122,2,279.789072021364
Atelornis pittoides,1123,2,176.981841014409
Atelornis pittoides,1124,2,29.7890733494434
Atelornis pittoides,1132,2,1053.70393261443
Atelornis pittoides,1133,2,79.1778308188095
Atelornis pittoides,1134,2,810.124418414568
Atelornis pittoides,1135,2,8.71055469847293
Atelornis pittoides,1136,2,4.12545809786379
Atelornis pittoides,1139,2,22.6231532096871
Atelornis pittoides,1140,2,59.3564680753817
Atelornis pittoides,1142,2,1.91443390526378
Atelornis pittoides,760,5,104.68823217409
Atelornis pittoides,1000,5,2.87876883525908
Atelornis pittoides,1118,5,42.668198616212
Atelornis pittoides,1119,5,45.3586244344001
Atelornis pittoides,1121,5,33.0953660841964
Atelornis pittoides,1143,5,61.2124982058765
Atelornis pittoides,1144,5,96.0048449014599
Atelornis pittoides,1145,5,29.7723925005818
Atelornis pittoides,1146,5,29.3041924637888
Atelornis pittoides,1147,5,52.093110773009
Atelornis pittoides,1148,5,90.898942940664
Atelornis pittoides,1149,5,29.7379084643369
Atelornis pittoides,1150,5,9.5401058957789
Atelornis pittoides,1151,5,17.9006258988328
Atelornis pittoides,1152,5,2.8788579399693
Atelornis pittoides,1025,8,68.5173564614324
Atelornis pittoides,1067,8,31.2831288292344
Atelornis pittoides,1089,8,30.9497681570725
Atelornis pittoides,1090,8,9.04229392747104
Atelornis pittoides,1091,8,58.7538227882982
Atelornis pittoides,1153,8,29.2747668395581
Athene superciliaris,24,1,57.4113842878594
Athene superciliaris,34,1,6.49089737985898
Athene superciliaris,36,1,8.43709773357266
Athene superciliaris,47,1,43.2038186617155
Athene superciliaris,56,1,19.9177176424922
Athene superciliaris,67,1,70.9727122086791
Athene superciliaris,78,1,43.0377824654047
Athene superciliaris,1401,9,36.3318798597312
Athene superciliaris,1424,9,49.6171625010395
Athene superciliaris,1559,9,39.0716951757742
Athene superciliaris,1570,9,57.9536162531203
Athene superciliaris,1583,9,3.31343096531284
Athene superciliaris,1597,9,2.32767118464887
Athene superciliaris,1676,9,89.7882265229816
Athene superciliaris,1731,9,489.364914626243
Athene superciliaris,3030,9,4.58233058484114
Athene superciliaris,3148,9,3.75955498126948
Athene superciliaris,3196,9,57.985276672695
Athene superciliaris,3301,9,7.14406051427555
Athene superciliaris,3528,9,43.0398890354031
Athene superciliaris,3529,9,17.1081231937796
Athene superciliaris,3552,9,16.7397400424525
Athene superciliaris,3558,9,6.47518067735767
Athene superciliaris,3568,9,34.6422357639037
Athene superciliaris,3648,9,14.6364940401641
Athene superciliaris,3679,9,6.02879668256032
Athene superciliaris,2678,11,2.33597082442725
Athene superciliaris,2755,11,57.1920356452231
Athene superciliaris,2979,11,29.6357740792488
Athene superciliaris,3017,11,11.1631336764222
Athene superciliaris,3019,11,6.66920689187086
Athene superciliaris,3084,11,44.4928427752329
Athene superciliaris,3094,11,20.9473376567002
Athene superciliaris,3437,11,19.9515621485544
Athene superciliaris,3440,11,20.9968046764002
Athene superciliaris,3494,11,29.4123165165247
Athene superciliaris,3495,11,29.3885406549345
Athene superciliaris,3496,11,20.6592519148787
Athene superciliaris,3674,11,4.2402384895742
Athene superciliaris,3675,11,6.05717425780273
Athene superciliaris,1255,14,52.093110773009
Athene superciliaris,1277,14,29.6477985946727
Athene superciliaris,1364,14,45.3586244344001
Athene superciliaris,1380,14,2.87876883525908
Athene superciliaris,1381,14,33.0953660841964
Athene superciliaris,1415,14,17.9006258988328
Athene superciliaris,3646,14,9.5401058957789
Athene superciliaris,3647,14,2.8788579399693
Athene superciliaris,505,15,2.38014501393825
Athene superciliaris,534,15,16.3740665150728
Athene superciliaris,561,15,19.2038282114049
Athene superciliaris,580,15,4.20534270261967
Athene superciliaris,586,15,2.1938327736845
Athene superciliaris,609,15,14.9865047176636
Athene superciliaris,617,15,2.64969806134295
Athene superciliaris,631,15,7.03479595916342
Athene superciliaris,632,15,4.56775692645061
Athene superciliaris,641,15,9.04258868397641
Athene superciliaris,711,15,14.8774610751528
Athene superciliaris,717,15,196.841807430192
Athene superciliaris,721,15,47.9051317506845
Athene superciliaris,738,15,50.5501472632052
Athene superciliaris,148,16,134.310371149206
Athene superciliaris,300,16,6.61398661989015
Athene superciliaris,309,16,14.511167197374
Athene superciliaris,488,16,87.785123448059
Athene superciliaris,548,16,90.1621041033373
Athene superciliaris,558,16,4598.31729766766
Athene superciliaris,570,16,7.40589368397206
Athene superciliaris,587,16,28.9752174896939
Athene superciliaris,598,16,27.8717233524557
Athene superciliaris,599,16,2.01061132027853
Athene superciliaris,604,16,264.272739879461
Athene superciliaris,623,16,2.55808245035088
Athene superciliaris,639,16,30.1415171733489
Athene superciliaris,659,16,18.0802938475479
Athene superciliaris,667,16,60.7293562326606
Athene superciliaris,701,16,2.73830994216621
Athene superciliaris,728,16,66.612285053262
Athene superciliaris,799,16,83.0485691054942
Athene superciliaris,802,16,13.2143774025916
Athene superciliaris,812,16,7.74432683949924
Athene superciliaris,820,16,15.0325883204135
Athene superciliaris,888,16,175.981325838436
Athene superciliaris,3379,16,31.6535320183886
Athene superciliaris,3448,16,301.748748168552
Athene superciliaris,3606,16,21.3177359530708
Athene superciliaris,3613,16,25.220926926344
Athene superciliaris,3614,16,1385.48179139944
Athene superciliaris,3615,16,119.399623829386
Athene superciliaris,3616,16,8.71055469847293
Athene superciliaris,3618,16,4.12545809786379
Athene superciliaris,3619,16,5.22484076185095
Athene superciliaris,3624,16,213.445178992742
Athene superciliaris,3629,16,2.55931186735392
Athene superciliaris,3639,16,18.7867803754507
Athene superciliaris,3640,16,15.2265016948108
Athene superciliaris,3641,16,32.5465398815555
Athene superciliaris,3643,16,2.55151549227834
Athene superciliaris,3644,16,5.10222163080132
Athene superciliaris,3645,16,63.0206184295745
Athene superciliaris,3677,16,29.7890733494434
Athene superciliaris,2080,18,2.38971397089434
Athene superciliaris,2088,18,5.22058462251126
Athene superciliaris,2102,18,8.75504333933174
Athene superciliaris,2114,18,2.21089209568846
Athene superciliaris,2140,18,6.98321707832301
Athene superciliaris,2153,18,13.167280451611
Athene superciliaris,2161,18,3.09217907194698
Athene superciliaris,2181,18,2.47266626964414
Athene superciliaris,2188,18,6.18067912423862
Athene superciliaris,2195,18,2.03042139631903
Athene superciliaris,2212,18,4.32352721770191
Athene superciliaris,2218,18,3.61718966663003
Athene superciliaris,2366,18,483.161051971392
Athene superciliaris,2390,18,16.1215402504426
Athene superciliaris,2431,18,5.24620992285609
Athene superciliaris,2486,18,4.62691263784421
Athene superciliaris,2497,18,4.97515838277996
Athene superciliaris,2506,18,107.450014480365
Athene superciliaris,2547,18,3.04583861633468
Athene superciliaris,2550,18,2.17529626793385
Athene superciliaris,2571,18,1.99652411223841
Athene superciliaris,2588,18,2.34164013403249
Athene superciliaris,2601,18,3.72834730157495
Athene superciliaris,2611,18,12.7407955704241
Athene superciliaris,2619,18,12.0483039035152
Athene superciliaris,2634,18,2.68566153213084
Athene superciliaris,2635,18,4.07194558339631
Athene superciliaris,2651,18,3.11728596669591
Athene superciliaris,2665,18,11.3310980595299
Athene superciliaris,2709,18,3.97366904659271
Athene superciliaris,2710,18,466.866095203747
Athene superciliaris,2717,18,1.98623648264658
Athene superciliaris,2721,18,4.31753920239925
Athene superciliaris,2727,18,3.10878571876741
Athene superciliaris,2740,18,5.95456626512015
Athene superciliaris,2741,18,24.5074496821614
Athene superciliaris,2744,18,152.434539488629
Athene superciliaris,2776,18,4.74048544932437
Athene superciliaris,2780,18,6.11881096036088
Athene superciliaris,2791,18,2.32518582735467
Athene superciliaris,2793,18,32.8976853230713
Athene superciliaris,2803,18,47.5161649497437
Athene superciliaris,2808,18,24.0897988637511
Athene superciliaris,2810,18,3.01169372167146
Athene superciliaris,2811,18,2.75352315110588
Athene superciliaris,2817,18,2.40852721046042
Athene superciliaris,2837,18,2.32784321939826
Athene superciliaris,2845,18,2.38467114169073
Athene superciliaris,2858,18,4.93923973793232
Athene superciliaris,2862,18,2.96757189296901
Athene superciliaris,2901,18,3.79813210761917
Athene superciliaris,2916,18,5.41451004895472
Athene superciliaris,2921,18,2.35741760163295
Athene superciliaris,2975,18,4.91579007415057
Athene superciliaris,2977,18,3.96024281801712
Athene superciliaris,2985,18,27.0386563705167
Athene superciliaris,2986,18,2.66991477625501
Athene superciliaris,3008,18,17.8876522784669
Athene superciliaris,3011,18,29.6856059502555
Athene superciliaris,3058,18,43.5541700668664
Athene superciliaris,3059,18,2.02803748513615
Athene superciliaris,3060,18,2.11576712074006
Athene superciliaris,3082,18,49.5177099776991
Athene superciliaris,3126,18,13.0307413413506
Athene superciliaris,3127,18,3.87195306908179
Athene superciliaris,3131,18,99.4190072851316
Athene superciliaris,3204,18,9.25706128804016
Athene superciliaris,3207,18,4.31856011909783
Athene superciliaris,3209,18,3.50522293895912
Athene superciliaris,3211,18,67.1171045351946
Athene superciliaris,3224,18,6.06907414019704
Athene superciliaris,3225,18,2.02272765648758
Athene superciliaris,3241,18,3.48046890408206
Athene superciliaris,3307,18,7.18396295269907
Athene superciliaris,3310,18,8.87579014953661
Athene superciliaris,3311,18,14.8764755082333
Athene superciliaris,3312,18,4.26181091131223
Athene superciliaris,3487,18,17.5870851484922
Athene superciliaris,3488,18,2.0322578738991
Athene superciliaris,3520,18,9.98819568179679
Athene superciliaris,3531,18,21.5378946383917
Athene superciliaris,3598,18,7.49109958654905
Athene superciliaris,3600,18,9.49007950158822
Athene superciliaris,3601,18,29.6282884787538
Athene superciliaris,3651,18,150.889593339295
Athene superciliaris,3666,18,26.865191159266
Athene superciliaris,1997,19,68.5173564614324
Athene superciliaris,2084,19,29.2933770460075
Athene superciliaris,3428,19,31.2831288292344
Athene superciliaris,3548,19,9.04229392747104
Athene superciliaris,1942,20,108.01588872667
Athene superciliaris,3649,20,44.3707966394124
Avahi laniger,50,7,13.1011248301817
Avahi laniger,344,17,59.9439697240655
Avahi laniger,391,19,56.4159576669845
Avahi laniger,497,25,65.6118628214711
Avahi laniger,1058,35,16.2094478191795
Avahi laniger,514,24,23.70300689938
Avahi laniger,265,124,69.6471751838418
Avahi laniger,275,124,1.65325307838094
Avahi laniger,276,124,0.459243274490058
Avahi laniger,285,124,47.8460816977157
Avahi laniger,287,124,0.367363554798722
Avahi laniger,300,124,58.6780858784085
Avahi laniger,340,124,0.27544305105114
Avahi laniger,24,5,28.8049090227646
Avahi laniger,5524,111,2.33597082442725
Avahi laniger,5587,111,57.1920356452231
Avahi laniger,5553,219,29.4123165165247
Avahi laniger,5617,220,29.3885406549345
Avahi laniger,177,113,83.3906717971112
Avahi laniger,5585,209,27.2715936270408
Avahi laniger,94,214,374.347149138282
Avahi laniger,5627,226,31.1097970257471
Avahi laniger,5628,226,29.6010280215162
Avahi laniger,5625,228,58.7538227882982
Avahi laniger,5683,246,31.5815648439663
Avahi laniger,62,8,2.02608504913676
Avahi laniger,63,8,0.460479690076411
Avahi laniger,64,8,0.276287814045846
Avahi laniger,155,8,0.367843747830331
Avahi laniger,241,8,0.551358355514944
Avahi laniger,244,8,0.275676877216637
Avahi laniger,379,8,0.275287525101304
Avahi laniger,561,8,0.731667634529829
Avahi laniger,597,8,0.548483832757473
Avahi laniger,618,8,62.2549358162039
Avahi laniger,1275,8,5786.9297281417
Avahi laniger,5564,8,21.3305931885877
Avahi laniger,5588,8,56.9979385031921
Avahi laniger,5589,8,22.7922233838218
Avahi laniger,5689,8,0.366016744080782
Avahi laniger,5693,8,118.609435406321
Avahi laniger,5694,8,1.09562847792852
Avahi laniger,5695,8,0.273619373037457
Avahi laniger,5699,8,1.09378015375698
Avahi laniger,5700,8,0.820222737159133
Avahi laniger,5701,8,2.55151549227834
Avahi laniger,5702,8,5.10222163080132
Avahi laniger,1051,247,27.9623496702767
Avahi laniger,1052,247,0.273246820754766
Avahi laniger,5703,248,27.3321398622133
Avahi laniger,2476,197,90.898942940664
Avahi laniger,5652,249,42.668198616212
Avahi laniger,5707,250,61.2124982058765
Avahi laniger,5708,251,86.6345357060499
Avahi laniger,5709,252,29.7379084643369
Avahi laniger,5711,253,17.9006258988328
Avahi laniger,5712,253,2.8788579399693
Avahi laniger,2451,212,96.0048449014599
Avahi laniger,5704,212,82.1709647371291
Avahi laniger,5705,254,29.7723925005818
Avahi laniger,5706,255,52.093110773009
Avahi laniger,5590,217,674.611930876287
Avahi laniger,5714,217,0.820644420907617
Avahi laniger,4206,222,0.265972006813645
Avahi laniger,5569,222,68.5173564614324
Avahi laniger,5623,222,30.9497681570725
Avahi laniger,5624,222,9.04229392747104
Avahi laniger,5713,222,29.2747668395581
Avahi laniger,4313,227,31.2831288292344
Avahi laniger,5642,237,30.8125924480652
Avahi laniger,5716,237,29.8980611396976
Avahi laniger,2303,241,2.87876883525908
Avahi laniger,2305,241,0.899620833965421
Avahi laniger,2313,241,0.269868277515411
Avahi laniger,5637,241,45.3586244344001
Avahi laniger,5638,241,33.0953660841964
Avahi occidentalis,24,2,27.8509599131774
Avahi occidentalis,26,3,1.36983741289198
Avahi occidentalis,32,3,56.0558868815959
Avahi occidentalis,5,1,5.85033975470399
Avahi occidentalis,6,1,24.6792146248905
Avahi occidentalis,7,1,1.00543750432062
Avahi occidentalis,8,1,2.83342021114922
Avahi occidentalis,9,1,1.00536820483041
Avahi occidentalis,10,1,2.37624750380051
Avahi occidentalis,11,1,0.274192454327822
Avahi occidentalis,15,1,7.676784038162
Avahi occidentalis,18,1,16.5402429724656
Avahi occidentalis,19,1,8.49783825708031
Avahi occidentalis,20,1,0.274089461484313
Avahi occidentalis,21,1,10.9639024804186
Avahi occidentalis,22,1,4.56775692645061
Avahi occidentalis,23,1,0.456749789225697
Avahi occidentalis,40,4,275.891983759727
Avahi occidentalis,46,4,2.00722734047949
Avahi occidentalis,51,4,0.364940765320778
Avahi occidentalis,52,4,33.4061212156401
Aviceda madagascariensis,8,1,130.021860527523
Aviceda madagascariensis,11,1,43.3892599286922
Aviceda madagascariensis,14,1,27.8845320748951
Aviceda madagascariensis,17,1,70.9727122086791
Aviceda madagascariensis,23,1,43.0377824654047
Aviceda madagascariensis,55,1,162.374759556721
Aviceda madagascariensis,95,1,33.8991079803615
Aviceda madagascariensis,98,1,58.6780858784085
Aviceda madagascariensis,101,1,431.421548407617
Aviceda madagascariensis,121,1,25.7528153259641
Aviceda madagascariensis,137,1,27.0084407932128
Aviceda madagascariensis,146,1,22.6013246737857
Aviceda madagascariensis,152,1,91.902892975114
Aviceda madagascariensis,163,1,20.1184639854197
Aviceda madagascariensis,167,1,16.0871950112848
Aviceda madagascariensis,199,1,13.7034546392342
Aviceda madagascariensis,220,1,319.959997663062
Aviceda madagascariensis,239,1,159.220541766183
Aviceda madagascariensis,268,1,8848.99506005053
Aviceda madagascariensis,307,1,30.8125924480652
Aviceda madagascariensis,382,1,96.0048449014599
Aviceda madagascariensis,1280,1,24.8813630898282
Aviceda madagascariensis,1537,1,25.074716512655
Aviceda madagascariensis,1547,1,53.6769175645663
Aviceda madagascariensis,1569,1,45.3586244344001
Aviceda madagascariensis,1691,1,24.4501852478648
Aviceda madagascariensis,1771,1,56.8711675529918
Aviceda madagascariensis,1903,1,16.5402429724656
Aviceda madagascariensis,1909,1,29.6714715318073
Aviceda madagascariensis,1921,1,457.528243039064
Aviceda madagascariensis,2039,1,11.5120029750919
Aviceda madagascariensis,2044,1,31.5815648439663
Aviceda madagascariensis,2124,1,33.0953660841964
Aviceda madagascariensis,2126,1,299.48864621793
Aviceda madagascariensis,2135,1,21.3177359530708
Aviceda madagascariensis,2136,1,301.748748168552
Aviceda madagascariensis,2137,1,176.981841014409
Aviceda madagascariensis,2139,1,29.7890733494434
Aviceda madagascariensis,2145,1,1385.48179139944
Aviceda madagascariensis,2157,1,118.700718526081
Aviceda madagascariensis,2159,1,18.7867803754507
Aviceda madagascariensis,2160,1,83.0485691054942
Aviceda madagascariensis,2168,1,176.345637707092
Aviceda madagascariensis,2169,1,63.0206184295745
Aviceda madagascariensis,2170,1,29.8980611396976
Aviceda madagascariensis,2171,1,29.7723925005818
Aviceda madagascariensis,2172,1,29.8625855308016
Aviceda madagascariensis,2173,1,29.3041924637888
Aviceda madagascariensis,2174,1,52.093110773009
Aviceda madagascariensis,2175,1,59.4672331036056
Aviceda madagascariensis,2176,1,29.7379084643369
Aviceda madagascariensis,2178,1,17.9006258988328
Aviceda madagascariensis,317,2,38.2051651932326
Aviceda madagascariensis,379,2,36.3318798597312
Aviceda madagascariensis,405,2,49.6171625010395
Aviceda madagascariensis,418,2,39.0716951757742
Aviceda madagascariensis,423,2,57.9536162531203
Aviceda madagascariensis,446,2,89.7882265229816
Aviceda madagascariensis,462,2,489.364914626243
Aviceda madagascariensis,1160,2,108.01588872667
Aviceda madagascariensis,1582,2,57.985276672695
Aviceda madagascariensis,1984,2,18.8080490493349
Aviceda madagascariensis,1985,2,69.4793727685246
Aviceda madagascariensis,2020,2,43.0398890354031
Aviceda madagascariensis,2021,2,17.1081231937796
Aviceda madagascariensis,2061,2,16.7397400424525
Aviceda madagascariensis,2081,2,34.6422357639037
Aviceda madagascariensis,2180,2,14.6364940401641
Aviceda madagascariensis,2182,2,44.3707966394124
Aviceda madagascariensis,605,3,68.4073900828867
Aviceda madagascariensis,613,3,16.1215402504426
Aviceda madagascariensis,689,3,485.899592763263
Aviceda madagascariensis,698,3,155.106792179145
Aviceda madagascariensis,878,3,470.340423367467
Aviceda madagascariensis,896,3,12.7407955704241
Aviceda madagascariensis,912,3,24.5074496821614
Aviceda madagascariensis,927,3,47.5161649497437
Aviceda madagascariensis,998,3,12.0483039035152
Aviceda madagascariensis,1000,3,11.3310980595299
Aviceda madagascariensis,1008,3,33.1560082799963
Aviceda madagascariensis,1030,3,13.167280451611
Aviceda madagascariensis,1109,3,29.9669518573183
Aviceda madagascariensis,1180,3,107.450014480365
Aviceda madagascariensis,1241,3,24.8640921597175
Aviceda madagascariensis,1257,3,17.8876522784669
Aviceda madagascariensis,1261,3,29.6856059502555
Aviceda madagascariensis,1363,3,43.5541700668664
Aviceda madagascariensis,1381,3,49.5177099776991
Aviceda madagascariensis,1447,3,13.3829553466897
Aviceda madagascariensis,1452,3,99.9457961466128
Aviceda madagascariensis,1608,3,67.1171045351946
Aviceda madagascariensis,1746,3,14.8764755082333
Aviceda madagascariensis,1958,3,17.5870851484922
Aviceda madagascariensis,2023,3,21.5378946383917
Aviceda madagascariensis,2123,3,29.6282884787538
Aviceda madagascariensis,2181,3,150.889593339295
Aviceda madagascariensis,2184,3,26.865191159266
Bernieria madagascariensis,379,70,0.370271373195112
Bernieria madagascariensis,380,70,0.46283412528491
Bernieria madagascariensis,384,70,43.0377824654047
Bernieria madagascariensis,400,70,1.48074673073447
Bernieria madagascariensis,401,70,1.66577102635723
Bernieria madagascariensis,405,70,0.277623898765862
Bernieria madagascariensis,408,70,0.277610584835649
Bernieria madagascariensis,21643,70,1.38815019469839
Bernieria madagascariensis,4278,78,91.8113589710392
Bernieria madagascariensis,21723,93,24.4501852478648
Bernieria madagascariensis,199,88,0.463597745713949
Bernieria madagascariensis,238,88,43.2038186617155
Bernieria madagascariensis,127,74,0.556644208811998
Bernieria madagascariensis,131,74,0.371099061261237
Bernieria madagascariensis,134,74,0.556625695955515
Bernieria madagascariensis,145,74,0.463806772104442
Bernieria madagascariensis,151,74,0.278275269288719
Bernieria madagascariensis,153,74,0.463781360735476
Bernieria madagascariensis,165,74,0.278243954663038
Bernieria madagascariensis,179,74,0.27820176096195
Bernieria madagascariensis,182,74,0.64914825101471
Bernieria madagascariensis,189,74,130.021860527523
Bernieria madagascariensis,193,74,6.49089737985898
Bernieria madagascariensis,198,74,8.43709773357266
Bernieria madagascariensis,249,74,70.6947613926224
Bernieria madagascariensis,267,74,0.555893682719886
Bernieria madagascariensis,287,74,27.8845320748951
Bernieria madagascariensis,288,74,0.277912765102387
Bernieria madagascariensis,21756,74,56.8711675529918
Bernieria madagascariensis,2266,56,0.275667671454728
Bernieria madagascariensis,2282,56,1.92954817861217
Bernieria madagascariensis,2385,56,0.275591552190781
Bernieria madagascariensis,2404,56,0.367434207116187
Bernieria madagascariensis,2423,56,33.8991079803615
Bernieria madagascariensis,21869,56,0.367500048400045
Bernieria madagascariensis,3508,100,0.733158739641845
Bernieria madagascariensis,3604,100,2.01572332178837
Bernieria madagascariensis,3605,100,0.458135662899971
Bernieria madagascariensis,3634,100,0.274868693208218
Bernieria madagascariensis,3635,100,0.366490791638374
Bernieria madagascariensis,3640,100,0.366482397446334
Bernieria madagascariensis,3650,100,0.274855500644743
Bernieria madagascariensis,3745,100,0.824397110989213
Bernieria madagascariensis,3808,100,1.00747888364965
Bernieria madagascariensis,3844,100,1.37373982893509
Bernieria madagascariensis,3891,100,27.0084407932128
Bernieria madagascariensis,3892,100,0.641021390268981
Bernieria madagascariensis,3893,100,1.64832053344005
Bernieria madagascariensis,3919,100,1.09880786665845
Bernieria madagascariensis,4033,100,1.55623826883286
Bernieria madagascariensis,4041,100,0.45771856548512
Bernieria madagascariensis,4069,100,1.28151005270296
Bernieria madagascariensis,4131,100,0.457617758493304
Bernieria madagascariensis,4188,100,1.00660883126068
Bernieria madagascariensis,21870,100,0.366216056347668
Bernieria madagascariensis,5785,101,21.2443070814916
Bernieria madagascariensis,21987,106,31.1097970257471
Bernieria madagascariensis,21988,106,29.6010280215162
Bernieria madagascariensis,21852,107,20.745550279323
Bernieria madagascariensis,9439,71,0.632951986920595
Bernieria madagascariensis,21966,71,18.8080490493349
Bernieria madagascariensis,21341,91,2.33597082442725
Bernieria madagascariensis,21410,91,0.777178853789449
Bernieria madagascariensis,21681,91,0.604549703201652
Bernieria madagascariensis,21755,91,57.1920356452231
Bernieria madagascariensis,21868,91,19.9515621485544
Bernieria madagascariensis,21960,91,27.2715936270408
Bernieria madagascariensis,21962,91,29.4123165165247
Bernieria madagascariensis,21963,91,29.3885406549345
Bernieria madagascariensis,21964,91,20.6592519148787
Bernieria madagascariensis,21881,119,29.6714715318073
Bernieria madagascariensis,8883,90,38.0240908843971
Bernieria madagascariensis,8957,90,3.07696966736531
Bernieria madagascariensis,8966,90,0.723997986285687
Bernieria madagascariensis,9016,90,0.361958205401778
Bernieria madagascariensis,21733,90,0.452763459862113
Bernieria madagascariensis,12348,108,46.0228045271878
Bernieria madagascariensis,22017,108,34.6422357639037
Bernieria madagascariensis,13800,110,44.0024376667381
Bernieria madagascariensis,13861,110,41.0293049223378
Bernieria madagascariensis,13946,110,42.171590154684
Bernieria madagascariensis,13975,110,3.31343096531284
Bernieria madagascariensis,14087,110,2.32767118464887
Bernieria madagascariensis,14484,110,247.770101481942
Bernieria madagascariensis,21978,110,26.5383701395922
Bernieria madagascariensis,21979,110,17.1081231937796
Bernieria madagascariensis,16584,7,57.1142349294776
Bernieria madagascariensis,11865,62,2.87876883525908
Bernieria madagascariensis,11870,62,0.899620833965421
Bernieria madagascariensis,11912,62,0.269868277515411
Bernieria madagascariensis,22040,62,45.3586244344001
Bernieria madagascariensis,22042,62,33.0953660841964
Bernieria madagascariensis,17026,121,104.68823217409
Bernieria madagascariensis,22136,121,61.2124982058765
Bernieria madagascariensis,22039,122,42.668198616212
Bernieria madagascariensis,22141,122,90.898942940664
Bernieria madagascariensis,22143,122,9.5401058957789
Bernieria madagascariensis,22144,122,17.9006258988328
Bernieria madagascariensis,22145,122,2.8788579399693
Bernieria madagascariensis,22135,123,82.1709647371291
Bernieria madagascariensis,22137,123,96.0048449014599
Bernieria madagascariensis,22138,123,29.7723925005818
Bernieria madagascariensis,22139,123,29.3041924637888
Bernieria madagascariensis,22140,123,52.093110773009
Bernieria madagascariensis,22142,124,29.7379084643369
Bernieria madagascariensis,4921,80,0.274079509045959
Bernieria madagascariensis,5090,80,64.7813755391199
Bernieria madagascariensis,21873,80,0.456764738324285
Bernieria madagascariensis,877,82,162.374759556721
Bernieria madagascariensis,2049,82,0.643524707942307
Bernieria madagascariensis,2102,82,0.459616383671761
Bernieria madagascariensis,2124,82,0.643432019171834
Bernieria madagascariensis,2132,82,0.275752651619434
Bernieria madagascariensis,2154,82,0.367655302864552
Bernieria madagascariensis,2175,82,1.56243208603394
Bernieria madagascariensis,2176,82,0.275729722221732
Bernieria madagascariensis,2199,82,0.275717098941743
Bernieria madagascariensis,2215,82,0.275709061498702
Bernieria madagascariensis,2219,82,0.45950859373796
Bernieria madagascariensis,2226,82,0.459497104688943
Bernieria madagascariensis,2227,82,1.1946710927338
Bernieria madagascariensis,2244,82,53.6769175645663
Bernieria madagascariensis,2248,82,3.21620605602366
Bernieria madagascariensis,2249,82,0.551364106284559
Bernieria madagascariensis,2256,82,1.10266377710587
Bernieria madagascariensis,2265,82,0.367564567481756
Bernieria madagascariensis,2275,82,0.551319225259066
Bernieria madagascariensis,2287,82,1.10259928914046
Bernieria madagascariensis,2293,82,2.02137478975725
Bernieria madagascariensis,2294,82,0.82694543447876
Bernieria madagascariensis,2302,82,0.643170052254975
Bernieria madagascariensis,2311,82,1.65382056523669
Bernieria madagascariensis,2332,82,0.82682548099494
Bernieria madagascariensis,2359,82,0.459349671094835
Bernieria madagascariensis,2383,82,0.367459639964402
Bernieria madagascariensis,2398,82,0.275586929093957
Bernieria madagascariensis,2402,82,1.46972063059127
Bernieria madagascariensis,2403,82,0.275577679304183
Bernieria madagascariensis,2492,82,0.367363554798722
Bernieria madagascariensis,2517,82,58.6780858784085
Bernieria madagascariensis,2597,82,431.329695352153
Bernieria madagascariensis,2638,82,0.27544305105114
Bernieria madagascariensis,7283,82,9163.642217011
Bernieria madagascariensis,21893,82,674.611930876287
Bernieria madagascariensis,22083,82,31.5815648439663
Bernieria madagascariensis,22094,82,21.3177359530708
Bernieria madagascariensis,22095,82,301.748748168552
Bernieria madagascariensis,22096,82,176.981841014409
Bernieria madagascariensis,22097,82,0.645659265649796
Bernieria madagascariensis,22098,82,29.7890733494434
Bernieria madagascariensis,22104,82,1385.48179139944
Bernieria madagascariensis,22105,82,8.71055469847293
Bernieria madagascariensis,22106,82,1.55853332586139
Bernieria madagascariensis,22107,82,4.12545809786379
Bernieria madagascariensis,22108,82,5.22484076185095
Bernieria madagascariensis,22115,82,0.366016744080782
Bernieria madagascariensis,22118,82,2.55931186735392
Bernieria madagascariensis,22119,82,118.609435406321
Bernieria madagascariensis,22120,82,1.09562847792852
Bernieria madagascariensis,22121,82,18.7867803754507
Bernieria madagascariensis,22122,82,83.0485691054942
Bernieria madagascariensis,22126,82,1.09378015375698
Bernieria madagascariensis,22127,82,0.820222737159133
Bernieria madagascariensis,22128,82,2.55151549227834
Bernieria madagascariensis,22129,82,5.10222163080132
Bernieria madagascariensis,22130,82,175.981325838436
Bernieria madagascariensis,22131,82,63.0206184295745
Bernieria madagascariensis,22147,82,0.820644420907617
Bernieria madagascariensis,22148,82,1.91443390526378
Bernieria madagascariensis,4316,97,24.8813630898282
Bernieria madagascariensis,4471,97,20.1184639854197
Bernieria madagascariensis,4567,97,1.91988596975839
Bernieria madagascariensis,4568,97,4.20534270261967
Bernieria madagascariensis,4625,97,37.6497033879611
Bernieria madagascariensis,4629,97,5.85033975470399
Bernieria madagascariensis,4634,97,24.6792146248905
Bernieria madagascariensis,4661,97,2.65062070312464
Bernieria madagascariensis,4682,97,0.274192454327822
Bernieria madagascariensis,4694,97,1.18809712456608
Bernieria madagascariensis,4719,97,4.38649564416373
Bernieria madagascariensis,4790,97,8.49783825708031
Bernieria madagascariensis,4839,97,0.274089461484313
Bernieria madagascariensis,4883,97,10.9639024804186
Bernieria madagascariensis,4884,97,4.56775692645061
Bernieria madagascariensis,5393,97,0.365034251434088
Bernieria madagascariensis,5434,97,756.319011811764
Bernieria madagascariensis,5467,97,0.547426328328371
Bernieria madagascariensis,5473,97,0.364942030490041
Bernieria madagascariensis,5481,97,0.456175956650972
Bernieria madagascariensis,21875,97,16.5402429724656
Bernieria madagascariensis,21965,97,22.2892814174192
Bernieria madagascariensis,21992,97,0.456749789225697
Bernieria madagascariensis,22084,97,3.56491505919516
Bernieria madagascariensis,22086,97,0.365072069038987
Bernieria madagascariensis,22087,97,0.821376871704459
Bernieria madagascariensis,22089,97,1.73396250702751
Bernieria madagascariensis,11606,105,6.47518067735767
Bernieria madagascariensis,12100,105,0.449603298738718
Bernieria madagascariensis,12101,105,0.359686745625973
Bernieria madagascariensis,22007,105,11.3402500320686
Bernieria madagascariensis,22008,105,6.02879668256032
Bernieria madagascariensis,22014,105,36.3318798597312
Bernieria madagascariensis,22133,105,0.449634089967012
Bernieria madagascariensis,22149,105,0.899921316411257
Bernieria madagascariensis,21967,109,69.4793727685246
Bernieria madagascariensis,17988,111,0.62064821295929
Bernieria madagascariensis,18002,111,0.265972006813645
Bernieria madagascariensis,18021,111,0.709200345668078
Bernieria madagascariensis,21848,111,68.5173564614324
Bernieria madagascariensis,21941,111,31.2831288292344
Bernieria madagascariensis,21993,111,30.9497681570725
Bernieria madagascariensis,21994,111,9.04229392747104
Bernieria madagascariensis,22146,111,29.2747668395581
Bernieria madagascariensis,21995,125,58.7538227882982
Bernieria madagascariensis,22027,113,30.8125924480652
Bernieria madagascariensis,22151,113,29.8980611396976
Bernieria madagascariensis,12738,120,39.0716951757742
Bernieria madagascariensis,22134,120,14.6364940401641
Brachypteracias leptosomus,760,2,29.4123165165247
Brachypteracias leptosomus,830,2,27.2715936270408
Brachypteracias leptosomus,831,2,29.3885406549345
Brachypteracias leptosomus,832,2,20.6592519148787
Brachypteracias leptosomus,11,1,29.9668030097463
Brachypteracias leptosomus,31,1,2.84166779078156
Brachypteracias leptosomus,33,1,5.22484076185095
Brachypteracias leptosomus,46,1,5.30132175810588
Brachypteracias leptosomus,55,1,10.4953631187688
Brachypteracias leptosomus,57,1,18.7867803754507
Brachypteracias leptosomus,63,1,3.19109242600882
Brachypteracias leptosomus,64,1,3.8290988880409
Brachypteracias leptosomus,65,1,21.7001741978275
Brachypteracias leptosomus,68,1,8.02199676955545
Brachypteracias leptosomus,70,1,3.09900984286356
Brachypteracias leptosomus,73,1,4.64662316187942
Brachypteracias leptosomus,77,1,18.3080449645871
Brachypteracias leptosomus,78,1,25.0430807721761
Brachypteracias leptosomus,91,1,8057.72563421834
Brachypteracias leptosomus,780,1,107.900141935078
Brachypteracias leptosomus,781,1,56.0090225401666
Brachypteracias leptosomus,885,1,26.6029137582988
Brachypteracias leptosomus,886,1,29.966575903603
Brachypteracias leptosomus,888,1,7.28544954972791
Brachypteracias leptosomus,889,1,1277.36592315935
Brachypteracias leptosomus,890,1,8.71055469847293
Brachypteracias leptosomus,892,1,4.12545809786379
Brachypteracias leptosomus,896,1,2.55931186735392
Brachypteracias leptosomus,897,1,118.609435406321
Brachypteracias leptosomus,265,3,90.898942940664
Brachypteracias leptosomus,858,3,42.668198616212
Brachypteracias leptosomus,903,3,61.2124982058765
Brachypteracias leptosomus,904,3,86.6345357060499
Brachypteracias leptosomus,905,3,29.7379084643369
Brachypteracias leptosomus,906,3,9.5401058957789
Brachypteracias leptosomus,907,3,17.9006258988328
Brachypteracias leptosomus,908,3,2.8788579399693
Brachypteracias leptosomus,789,6,68.5173564614324
Brachypteracias leptosomus,817,6,31.2831288292344
Brachypteracias leptosomus,840,6,30.9497681570725
Brachypteracias leptosomus,841,6,9.04229392747104
Brachypteracias leptosomus,842,6,58.7538227882982
Brachypteracias leptosomus,909,6,29.2747668395581
Brachyuromys betsileoensis,471,25,27.3374724883355
Brachyuromys betsileoensis,472,25,0.0920546381841302
Brachyuromys betsileoensis,474,25,0.0920535179437995
Brachyuromys betsileoensis,484,25,29.9084594166111
Brachyuromys betsileoensis,614,29,11.8466546652541
Brachyuromys betsileoensis,452,154,4.05232580194008
Brachyuromys betsileoensis,3097,184,30.9497681570725
Brachyuromys betsileoensis,3127,200,16.6994855698699
Brachyuromys betsileoensis,207,9,162.374759556721
Brachyuromys betsileoensis,586,28,1.10266377710587
Brachyuromys betsileoensis,587,28,0.183781132994294
Brachyuromys betsileoensis,588,28,2.02137478975725
Brachyuromys betsileoensis,589,28,0.82694543447876
Brachyuromys betsileoensis,597,28,0.367459639964402
Brachyuromys betsileoensis,600,28,0.183724619395971
Brachyuromys betsileoensis,601,28,0.275586929093957
Brachyuromys betsileoensis,603,28,1.46972063059127
Brachyuromys betsileoensis,604,28,0.275577679304183
Brachyuromys betsileoensis,623,28,386.951779508182
Brachyuromys betsileoensis,640,32,80.0146359276305
Brachyuromys betsileoensis,3137,32,0.0916520090398192
Brachyuromys betsileoensis,3099,201,29.8631255431847
Brachyuromys betsileoensis,829,40,1.73194615611339
Brachyuromys betsileoensis,837,40,3.09900984286356
Brachyuromys betsileoensis,841,40,0.729165010962367
Brachyuromys betsileoensis,842,40,0.6380137844311
Brachyuromys betsileoensis,847,40,0.911252140481949
Brachyuromys betsileoensis,856,40,13.8476284396475
Brachyuromys betsileoensis,864,40,0.546583886730194
Brachyuromys betsileoensis,876,40,322.540843057186
Brachyuromys betsileoensis,3101,40,48.1042026374495
Brachyuromys betsileoensis,3138,40,0.820644420907617
Brachyuromys betsileoensis,308,122,0.645659265649796
Brachyuromys betsileoensis,3128,122,301.748748168552
Brachyuromys betsileoensis,426,202,6.63162645038087
Brachyuromys betsileoensis,448,202,1.74986507844645
Brachyuromys betsileoensis,449,202,127.769046369486
Brachyuromys betsileoensis,458,202,29.7439079649659
Brachyuromys betsileoensis,468,202,29.6453323973306
Brachyuromys betsileoensis,483,202,29.8164373523052
Brachyuromys betsileoensis,526,202,569.829374955484
Brachyuromys betsileoensis,3132,202,0.184350945953012
Brachyuromys betsileoensis,3133,202,0.0921754729765058
Brachyuromys betsileoensis,3134,202,0.0921743758563399
Brachyuromys betsileoensis,3135,202,0.0921743758563399
Brachyuromys betsileoensis,3136,202,0.0921732785239816
Brachyuromys betsileoensis,3106,203,21.3177359530708
Brachyuromys betsileoensis,3129,204,21.489267393872
Brachyuromys betsileoensis,3131,204,57.6223956232286
Brachyuromys betsileoensis,3130,205,29.7890733494434
Brachyuromys betsileoensis,3098,185,31.2831288292344
Brachyuromys betsileoensis,1807,190,0.179958904524803
Brachyuromys betsileoensis,1824,190,2.87876883525908
Brachyuromys betsileoensis,1826,190,0.899620833965421
Brachyuromys betsileoensis,1846,190,0.269868277515411
Brachyuromys betsileoensis,3111,190,45.3586244344001
Brachyuromys betsileoensis,3113,190,33.0953660841964
Brachyuromys betsileoensis,539,195,18.852509266389
Brachyuromys betsileoensis,3108,195,220.327227699546
Brachyuromys betsileoensis,3144,206,30.7480844441381
Brachyuromys betsileoensis,1957,198,96.0048449014599
Brachyuromys betsileoensis,3140,198,82.1709647371291
Brachyuromys betsileoensis,3141,207,29.3041924637888
Brachyuromys betsileoensis,3142,208,52.093110773009
Brachyuromys betsileoensis,3143,209,59.4672331036056
Bradypterus brunneus,1,1,26.7219759851353
Bradypterus brunneus,2,1,28.8450665179978
Bradypterus brunneus,148,9,63.0357521910564
Bradypterus brunneus,168,9,59.8810049722123
Bradypterus brunneus,176,9,477.26236389254
Bradypterus brunneus,179,11,30.0604823682026
Bradypterus brunneus,205,13,25.8267574798967
Bradypterus brunneus,222,54,12.080038946463
Bradypterus brunneus,142,8,212.338169010756
Bradypterus brunneus,162,8,1.37619193792635
Bradypterus brunneus,164,8,3.30296723872179
Bradypterus brunneus,166,8,25.6851745991771
Bradypterus brunneus,169,8,29.7146705407247
Bradypterus brunneus,1270,62,58.7538227882982
Bradypterus brunneus,1463,60,31.1097970257471
Bradypterus brunneus,329,23,59.4672331036056
Bradypterus brunneus,1469,23,14.8551856853535
Bradypterus brunneus,263,57,74.2701533404539
Bradypterus brunneus,267,57,0.364467727712512
Bradypterus brunneus,268,57,160.222563618125
Bradypterus brunneus,244,14,53.8574427822567
Bradypterus brunneus,252,14,0.639903980594516
Bradypterus brunneus,253,14,19.8342738737476
Bradypterus brunneus,256,14,27.864994811381
Bradypterus brunneus,57,6,75.7400478697532
Bradypterus brunneus,62,6,29.5185984493196
Bradypterus brunneus,64,6,21.489267393872
Bradypterus brunneus,1470,6,29.7890733494434
Bradypterus brunneus,165,10,28.1621968134096
Bradypterus brunneus,173,10,8.71055469847293
Bradypterus brunneus,258,15,117.341436415922
Bradypterus brunneus,1477,15,29.6326150629072
Bradypterus brunneus,259,16,28.7352753755797
Bradypterus brunneus,1460,16,28.18098531546
Bradypterus brunneus,274,17,30.8125924480652
Bradypterus brunneus,1478,17,29.8980611396976
Bradypterus brunneus,288,19,104.68823217409
Bradypterus brunneus,345,20,52.093110773009
Bradypterus brunneus,1479,67,29.7723925005818
Bradypterus brunneus,294,21,29.7379084643369
Bradypterus brunneus,1240,55,11.270207233345
Bradypterus brunneus,1245,55,0.62064821295929
Bradypterus brunneus,1246,55,0.265972006813645
Bradypterus brunneus,1249,55,0.709200345668078
Bradypterus brunneus,1443,55,29.2747668395581
Bradypterus brunneus,1444,55,9.04229392747104
Bradypterus brunneus,86,58,3.31826545062315
Bradypterus brunneus,100,58,97.1177360994854
Bradypterus brunneus,105,58,193.930643830355
Bradypterus brunneus,106,58,0.460479690076411
Bradypterus brunneus,107,58,0.276287814045846
Bradypterus brunneus,109,58,19.1535753317591
Bradypterus brunneus,114,58,341.580182642422
Bradypterus brunneus,115,58,221.295974344577
Bradypterus brunneus,117,58,27.2149957774914
Bradypterus brunneus,118,58,27.1236302449288
Bradypterus brunneus,119,58,89.98556662215
Bradypterus brunneus,121,58,304.903076568283
Bradypterus brunneus,1471,58,3.3177556751284
Bradypterus brunneus,1472,58,0.276474781070888
Bradypterus brunneus,171,68,26.9675361573968
Bradypterus brunneus,1473,68,1.55956194535011
Bradypterus brunneus,416,66,17.9006258988328
Bradypterus brunneus,1480,66,2.87974325372648
Bradypterus brunneus,1481,66,2.8788579399693
Buteo brachypterus,7,1,130.021860527523
Buteo brachypterus,10,1,43.3892599286922
Buteo brachypterus,12,1,27.8845320748951
Buteo brachypterus,15,1,70.9727122086791
Buteo brachypterus,21,1,43.0377824654047
Buteo brachypterus,48,1,162.374759556721
Buteo brachypterus,83,1,33.8991079803615
Buteo brachypterus,85,1,58.6780858784085
Buteo brachypterus,88,1,431.421548407617
Buteo brachypterus,119,1,27.0084407932128
Buteo brachypterus,125,1,22.6013246737857
Buteo brachypterus,133,1,91.902892975114
Buteo brachypterus,146,1,20.1184639854197
Buteo brachypterus,151,1,24.6792146248905
Buteo brachypterus,171,1,72.0906228077071
Buteo brachypterus,203,1,21.2443070814916
Buteo brachypterus,239,1,802.318279276272
Buteo brachypterus,262,1,9167.49023685536
Buteo brachypterus,452,1,104.68823217409
Buteo brachypterus,733,1,13.7034546392342
Buteo brachypterus,1199,1,24.8813630898282
Buteo brachypterus,1509,1,25.074716512655
Buteo brachypterus,1519,1,53.6769175645663
Buteo brachypterus,1659,1,24.4501852478648
Buteo brachypterus,1738,1,56.8711675529918
Buteo brachypterus,1868,1,16.5402429724656
Buteo brachypterus,1874,1,29.6714715318073
Buteo brachypterus,1886,1,674.702984277473
Buteo brachypterus,2072,1,30.8125924480652
Buteo brachypterus,2084,1,42.668198616212
Buteo brachypterus,2085,1,45.3586244344001
Buteo brachypterus,2087,1,33.0953660841964
Buteo brachypterus,2136,1,31.5815648439663
Buteo brachypterus,2145,1,21.3177359530708
Buteo brachypterus,2146,1,301.748748168552
Buteo brachypterus,2147,1,176.981841014409
Buteo brachypterus,2149,1,29.7890733494434
Buteo brachypterus,2155,1,1385.48179139944
Buteo brachypterus,2168,1,118.700718526081
Buteo brachypterus,2170,1,18.7867803754507
Buteo brachypterus,2171,1,83.0485691054942
Buteo brachypterus,2179,1,176.345637707092
Buteo brachypterus,2180,1,63.0206184295745
Buteo brachypterus,2182,1,82.1709647371291
Buteo brachypterus,2183,1,61.2124982058765
Buteo brachypterus,2184,1,96.0048449014599
Buteo brachypterus,2185,1,29.7723925005818
Buteo brachypterus,2186,1,29.3041924637888
Buteo brachypterus,2187,1,52.093110773009
Buteo brachypterus,2188,1,90.898942940664
Buteo brachypterus,2189,1,29.7379084643369
Buteo brachypterus,2191,1,17.9006258988328
Buteo brachypterus,2202,1,29.8980611396976
Buteo brachypterus,300,2,38.2051651932326
Buteo brachypterus,345,2,36.3318798597312
Buteo brachypterus,365,2,49.6171625010395
Buteo brachypterus,374,2,39.0716951757742
Buteo brachypterus,379,2,57.9536162531203
Buteo brachypterus,404,2,89.7882265229816
Buteo brachypterus,413,2,489.364914626243
Buteo brachypterus,519,2,16.1215402504426
Buteo brachypterus,571,2,485.72336891291
Buteo brachypterus,811,2,470.340423367467
Buteo brachypterus,840,2,24.5074496821614
Buteo brachypterus,854,2,155.106792179145
Buteo brachypterus,861,2,47.5161649497437
Buteo brachypterus,954,2,33.5865311296827
Buteo brachypterus,1015,2,30.6558804598319
Buteo brachypterus,1086,2,108.01588872667
Buteo brachypterus,1108,2,107.450014480365
Buteo brachypterus,1162,2,24.8640921597175
Buteo brachypterus,1179,2,17.8876522784669
Buteo brachypterus,1182,2,29.6856059502555
Buteo brachypterus,1291,2,35.7097522353583
Buteo brachypterus,1326,2,49.5177099776991
Buteo brachypterus,1419,2,13.3829553466897
Buteo brachypterus,1424,2,99.9457961466128
Buteo brachypterus,1539,2,57.985276672695
Buteo brachypterus,1584,2,67.1171045351946
Buteo brachypterus,1713,2,14.8764755082333
Buteo brachypterus,1949,2,17.5870851484922
Buteo brachypterus,1974,2,18.8080490493349
Buteo brachypterus,1975,2,69.4793727685246
Buteo brachypterus,2015,2,43.0398890354031
Buteo brachypterus,2016,2,17.1081231937796
Buteo brachypterus,2018,2,21.5378946383917
Buteo brachypterus,2050,2,16.7397400424525
Buteo brachypterus,2059,2,34.6422357639037
Buteo brachypterus,2129,2,29.6282884787538
Buteo brachypterus,2181,2,14.6364940401641
Buteo brachypterus,2193,2,150.889593339295
Buteo brachypterus,2195,2,44.3707966394124
Buteo brachypterus,2197,2,26.865191159266
Calicalicus madagascariensis,407,99,0.370271373195112
Calicalicus madagascariensis,408,99,0.46283412528491
Calicalicus madagascariensis,412,99,43.0377824654047
Calicalicus madagascariensis,428,99,1.48074673073447
Calicalicus madagascariensis,430,99,1.66577102635723
Calicalicus madagascariensis,436,99,0.277623898765862
Calicalicus madagascariensis,439,99,0.277610584835649
Calicalicus madagascariensis,22102,99,1.38815019469839
Calicalicus madagascariensis,22180,118,24.4501852478648
Calicalicus madagascariensis,4180,107,91.8113589710392
Calicalicus madagascariensis,212,114,0.463597745713949
Calicalicus madagascariensis,255,114,43.2038186617155
Calicalicus madagascariensis,135,46,0.556644208811998
Calicalicus madagascariensis,139,46,0.371099061261237
Calicalicus madagascariensis,142,46,0.556625695955515
Calicalicus madagascariensis,155,46,0.463806772104442
Calicalicus madagascariensis,162,46,0.278275269288719
Calicalicus madagascariensis,164,46,0.463781360735476
Calicalicus madagascariensis,178,46,0.278243954663038
Calicalicus madagascariensis,192,46,0.27820176096195
Calicalicus madagascariensis,195,46,0.64914825101471
Calicalicus madagascariensis,202,46,130.021860527523
Calicalicus madagascariensis,206,46,6.49089737985898
Calicalicus madagascariensis,211,46,8.43709773357266
Calicalicus madagascariensis,22222,46,56.8711675529918
Calicalicus madagascariensis,287,116,0.555893682719886
Calicalicus madagascariensis,308,116,27.8845320748951
Calicalicus madagascariensis,309,116,0.277912765102387
Calicalicus madagascariensis,359,116,70.9727122086791
Calicalicus madagascariensis,18911,13,18.4464234338502
Calicalicus madagascariensis,19263,13,0.970314285975218
Calicalicus madagascariensis,2321,38,0.275667671454728
Calicalicus madagascariensis,2337,38,1.92954817861217
Calicalicus madagascariensis,2431,38,0.275591552190781
Calicalicus madagascariensis,2450,38,0.367434207116187
Calicalicus madagascariensis,2468,38,33.8991079803615
Calicalicus madagascariensis,22328,38,0.367500048400045
Calicalicus madagascariensis,21836,117,2.33597082442725
Calicalicus madagascariensis,22221,117,57.1920356452231
Calicalicus madagascariensis,3486,125,0.733158739641845
Calicalicus madagascariensis,3574,125,2.01572332178837
Calicalicus madagascariensis,3575,125,0.458135662899971
Calicalicus madagascariensis,3603,125,0.274868693208218
Calicalicus madagascariensis,3604,125,0.366490791638374
Calicalicus madagascariensis,3606,125,0.366482397446334
Calicalicus madagascariensis,3615,125,0.274855500644743
Calicalicus madagascariensis,3702,125,0.824397110989213
Calicalicus madagascariensis,3758,125,1.00747888364965
Calicalicus madagascariensis,3788,125,1.37373982893509
Calicalicus madagascariensis,3821,125,27.0084407932128
Calicalicus madagascariensis,3822,125,0.641021390268981
Calicalicus madagascariensis,3823,125,1.64832053344005
Calicalicus madagascariensis,3844,125,1.09880786665845
Calicalicus madagascariensis,3886,125,0.27467717452234
Calicalicus madagascariensis,3903,125,0.640887180962563
Calicalicus madagascariensis,3947,125,1.55623826883286
Calicalicus madagascariensis,3955,125,0.45771856548512
Calicalicus madagascariensis,3980,125,1.28151005270296
Calicalicus madagascariensis,4049,125,0.457617758493304
Calicalicus madagascariensis,4102,125,1.00660883126068
Calicalicus madagascariensis,22333,125,0.366216056347668
Calicalicus madagascariensis,9268,9,0.632951986920595
Calicalicus madagascariensis,22433,9,18.8080490493349
Calicalicus madagascariensis,21905,127,0.777178853789449
Calicalicus madagascariensis,22141,127,0.604549703201652
Calicalicus madagascariensis,22327,127,19.9515621485544
Calicalicus madagascariensis,22427,127,27.2715936270408
Calicalicus madagascariensis,22429,127,29.4123165165247
Calicalicus madagascariensis,22430,127,29.3885406549345
Calicalicus madagascariensis,22431,127,20.6592519148787
Calicalicus madagascariensis,22453,129,31.1097970257471
Calicalicus madagascariensis,22454,129,29.6010280215162
Calicalicus madagascariensis,22310,134,20.745550279323
Calicalicus madagascariensis,8678,8,38.2051651932326
Calicalicus madagascariensis,8759,8,3.07696966736531
Calicalicus madagascariensis,8769,8,0.723997986285687
Calicalicus madagascariensis,8823,8,0.361958205401778
Calicalicus madagascariensis,22190,8,0.452763459862113
Calicalicus madagascariensis,22344,145,29.6714715318073
Calicalicus madagascariensis,12423,131,4.58233058484114
Calicalicus madagascariensis,12424,131,49.6171625010395
Calicalicus madagascariensis,22488,131,34.6422357639037
Calicalicus madagascariensis,4065,136,22.6013246737857
Calicalicus madagascariensis,4760,72,0.274079509045959
Calicalicus madagascariensis,4924,72,64.7813755391199
Calicalicus madagascariensis,22336,72,0.456764738324285
Calicalicus madagascariensis,11790,80,2.87876883525908
Calicalicus madagascariensis,11796,80,0.899620833965421
Calicalicus madagascariensis,11841,80,0.269868277515411
Calicalicus madagascariensis,22516,80,45.3586244344001
Calicalicus madagascariensis,22518,80,33.0953660841964
Calicalicus madagascariensis,17243,148,104.68823217409
Calicalicus madagascariensis,22614,148,61.2124982058765
Calicalicus madagascariensis,22515,149,42.668198616212
Calicalicus madagascariensis,22619,149,90.898942940664
Calicalicus madagascariensis,22621,149,9.5401058957789
Calicalicus madagascariensis,22622,149,17.9006258988328
Calicalicus madagascariensis,22623,149,2.8788579399693
Calicalicus madagascariensis,22613,150,82.1709647371291
Calicalicus madagascariensis,22615,150,96.0048449014599
Calicalicus madagascariensis,22616,150,29.7723925005818
Calicalicus madagascariensis,22617,150,29.3041924637888
Calicalicus madagascariensis,22618,151,52.093110773009
Calicalicus madagascariensis,22620,152,29.7379084643369
Calicalicus madagascariensis,16767,103,57.1142349294776
Calicalicus madagascariensis,22611,103,44.3707966394124
Calicalicus madagascariensis,22612,103,1.42253739552879
Calicalicus madagascariensis,928,105,162.374759556721
Calicalicus madagascariensis,2120,105,0.643524707942307
Calicalicus madagascariensis,2171,105,0.459616383671761
Calicalicus madagascariensis,2192,105,0.643432019171834
Calicalicus madagascariensis,2199,105,0.275752651619434
Calicalicus madagascariensis,2218,105,0.367655302864552
Calicalicus madagascariensis,2236,105,1.56243208603394
Calicalicus madagascariensis,2237,105,0.275729722221732
Calicalicus madagascariensis,2259,105,0.275717098941743
Calicalicus madagascariensis,2273,105,0.275709061498702
Calicalicus madagascariensis,2277,105,0.45950859373796
Calicalicus madagascariensis,2284,105,0.459497104688943
Calicalicus madagascariensis,2285,105,1.1946710927338
Calicalicus madagascariensis,2300,105,53.6769175645663
Calicalicus madagascariensis,2304,105,3.21620605602366
Calicalicus madagascariensis,2305,105,0.551364106284559
Calicalicus madagascariensis,2312,105,1.10266377710587
Calicalicus madagascariensis,2320,105,0.367564567481756
Calicalicus madagascariensis,2330,105,0.551319225259066
Calicalicus madagascariensis,2341,105,1.10259928914046
Calicalicus madagascariensis,2347,105,2.02137478975725
Calicalicus madagascariensis,2348,105,0.82694543447876
Calicalicus madagascariensis,2356,105,0.643170052254975
Calicalicus madagascariensis,2365,105,1.65382056523669
Calicalicus madagascariensis,2384,105,0.82682548099494
Calicalicus madagascariensis,2406,105,0.459349671094835
Calicalicus madagascariensis,2429,105,0.367459639964402
Calicalicus madagascariensis,2444,105,0.275586929093957
Calicalicus madagascariensis,2448,105,1.46972063059127
Calicalicus madagascariensis,2449,105,0.275577679304183
Calicalicus madagascariensis,2538,105,0.367363554798722
Calicalicus madagascariensis,2561,105,58.6780858784085
Calicalicus madagascariensis,2637,105,431.329695352153
Calicalicus madagascariensis,2678,105,0.27544305105114
Calicalicus madagascariensis,6959,105,9163.642217011
Calicalicus madagascariensis,22356,105,674.611930876287
Calicalicus madagascariensis,22559,105,31.5815648439663
Calicalicus madagascariensis,22570,105,21.3177359530708
Calicalicus madagascariensis,22571,105,301.748748168552
Calicalicus madagascariensis,22572,105,176.981841014409
Calicalicus madagascariensis,22573,105,0.645659265649796
Calicalicus madagascariensis,22574,105,29.7890733494434
Calicalicus madagascariensis,22580,105,1385.48179139944
Calicalicus madagascariensis,22581,105,8.71055469847293
Calicalicus madagascariensis,22582,105,1.55853332586139
Calicalicus madagascariensis,22583,105,4.12545809786379
Calicalicus madagascariensis,22584,105,5.22484076185095
Calicalicus madagascariensis,22591,105,0.366016744080782
Calicalicus madagascariensis,22594,105,2.55931186735392
Calicalicus madagascariensis,22595,105,118.609435406321
Calicalicus madagascariensis,22596,105,1.09562847792852
Calicalicus madagascariensis,22597,105,18.7867803754507
Calicalicus madagascariensis,22598,105,83.0485691054942
Calicalicus madagascariensis,22602,105,1.09378015375698
Calicalicus madagascariensis,22603,105,0.820222737159133
Calicalicus madagascariensis,22604,105,2.55151549227834
Calicalicus madagascariensis,22605,105,5.10222163080132
Calicalicus madagascariensis,22606,105,175.981325838436
Calicalicus madagascariensis,22607,105,63.0206184295745
Calicalicus madagascariensis,22625,105,0.820644420907617
Calicalicus madagascariensis,22626,105,1.91443390526378
Calicalicus madagascariensis,4216,121,24.8813630898282
Calicalicus madagascariensis,4360,121,20.1184639854197
Calicalicus madagascariensis,4453,121,1.91988596975839
Calicalicus madagascariensis,4454,121,4.20534270261967
Calicalicus madagascariensis,4494,121,30.6135540736706
Calicalicus madagascariensis,4605,121,1.46201426250446
Calicalicus madagascariensis,4650,121,2.64969806134295
Calicalicus madagascariensis,4686,121,0.274089461484313
Calicalicus madagascariensis,4732,121,7.03479595916342
Calicalicus madagascariensis,4733,121,4.56775692645061
Calicalicus madagascariensis,5187,121,0.365034251434088
Calicalicus madagascariensis,5220,121,730.035973466651
Calicalicus madagascariensis,5238,121,0.547426328328371
Calicalicus madagascariensis,5242,121,0.364942030490041
Calicalicus madagascariensis,5246,121,0.456175956650972
Calicalicus madagascariensis,22338,121,14.9865047176636
Calicalicus madagascariensis,22432,121,22.2892814174192
Calicalicus madagascariensis,22459,121,0.456749789225697
Calicalicus madagascariensis,22560,121,3.56491505919516
Calicalicus madagascariensis,22562,121,0.365072069038987
Calicalicus madagascariensis,22563,121,0.821376871704459
Calicalicus madagascariensis,22565,121,1.73396250702751
Calicalicus madagascariensis,11522,130,6.47518067735767
Calicalicus madagascariensis,12033,130,0.449603298738718
Calicalicus madagascariensis,12034,130,0.359686745625973
Calicalicus madagascariensis,22478,130,11.3402500320686
Calicalicus madagascariensis,22479,130,6.02879668256032
Calicalicus madagascariensis,22485,130,36.3318798597312
Calicalicus madagascariensis,22609,130,0.449634089967012
Calicalicus madagascariensis,22627,130,0.899921316411257
Calicalicus madagascariensis,22434,132,69.4793727685246
Calicalicus madagascariensis,13875,135,44.0024376667381
Calicalicus madagascariensis,13937,135,41.0293049223378
Calicalicus madagascariensis,14054,135,3.31343096531284
Calicalicus madagascariensis,14177,135,2.32767118464887
Calicalicus madagascariensis,14303,135,60.4348975658768
Calicalicus madagascariensis,14707,135,247.770101481942
Calicalicus madagascariensis,22443,135,26.5383701395922
Calicalicus madagascariensis,22444,135,17.1081231937796
Calicalicus madagascariensis,13178,137,39.0716951757742
Calicalicus madagascariensis,22610,137,14.6364940401641
Calicalicus madagascariensis,18238,138,0.62064821295929
Calicalicus madagascariensis,18254,138,0.265972006813645
Calicalicus madagascariensis,18278,138,0.709200345668078
Calicalicus madagascariensis,22306,138,68.5173564614324
Calicalicus madagascariensis,22408,138,31.2831288292344
Calicalicus madagascariensis,22460,138,30.9497681570725
Calicalicus madagascariensis,22461,138,9.04229392747104
Calicalicus madagascariensis,22624,138,29.2747668395581
Calicalicus madagascariensis,22462,153,58.7538227882982
Calicalicus madagascariensis,22503,140,30.8125924480652
Calicalicus madagascariensis,22629,140,29.8980611396976
Calicalicus madagascariensis,15189,147,29.8432117734344
Calicalicus madagascariensis,22494,147,3.48424258587157
Cheirogaleus crossleyi,60,11,31.7906699104862
Cheirogaleus crossleyi,61,12,89.1073088772187
Cheirogaleus crossleyi,62,13,176.13123666473
Cheirogaleus crossleyi,64,15,0.367143398643017
Cheirogaleus crossleyi,65,15,4.95616607062346
Cheirogaleus crossleyi,66,15,19.8205211282903
Cheirogaleus crossleyi,77,17,15.3223271836735
Cheirogaleus crossleyi,78,15,1.37619193792635
Cheirogaleus crossleyi,79,17,0.183486607864976
Cheirogaleus crossleyi,83,18,28.2538127147598
Cheirogaleus crossleyi,94,21,363.356307114161
Cheirogaleus crossleyi,97,101,0.823962508270383
Cheirogaleus crossleyi,98,101,29.7498920158141
Cheirogaleus crossleyi,99,22,12.080038946462
Cheirogaleus crossleyi,104,24,0.457519100419283
Cheirogaleus crossleyi,105,24,0.36601674408102
Cheirogaleus crossleyi,106,24,220.008417190466
Cheirogaleus crossleyi,107,24,31.2682529843555
Cheirogaleus crossleyi,122,26,3.10483766981292
Cheirogaleus crossleyi,124,26,36.0637816435413
Cheirogaleus crossleyi,125,27,31.6704292118325
Cheirogaleus crossleyi,127,28,0.820222737159491
Cheirogaleus crossleyi,128,28,34.544781689673
Cheirogaleus crossleyi,131,30,27.7876291266791
Cheirogaleus crossleyi,219,43,59.011619687716
Cheirogaleus crossleyi,530,75,30.9497681570604
Cheirogaleus crossleyi,92,19,108.758498794646
Cheirogaleus crossleyi,552,78,58.7538227882982
Cheirogaleus crossleyi,39,8,27.75419096336
Cheirogaleus crossleyi,217,41,29.7892689283711
Cheirogaleus crossleyi,296,49,45.3586244344001
Cheirogaleus crossleyi,308,49,0.179958904524803
Cheirogaleus crossleyi,315,49,2.87876883525908
Cheirogaleus crossleyi,318,49,0.899620833965421
Cheirogaleus crossleyi,323,49,0.269868277515411
Cheirogaleus crossleyi,365,49,33.0953660841964
Cheirogaleus crossleyi,63,14,139.039608911344
Cheirogaleus crossleyi,67,16,0.275296915365994
Cheirogaleus crossleyi,69,16,0.734100457008958
Cheirogaleus crossleyi,73,16,0.275287525101304
Cheirogaleus crossleyi,74,16,21.9288787984168
Cheirogaleus crossleyi,88,16,107.689767920081
Cheirogaleus crossleyi,297,50,9.5401058957789
Cheirogaleus crossleyi,553,102,42.668198616212
Cheirogaleus major,1774,39,48.9674523691342
Cheirogaleus major,1755,648,65.6118628214728
Cheirogaleus major,14836,648,78.1021795351055
Cheirogaleus major,7,459,0.556644208811998
Cheirogaleus major,10,459,0.371099061261237
Cheirogaleus major,12,459,0.556625695955515
Cheirogaleus major,14,459,0.185535398295045
Cheirogaleus major,17,459,0.463806772104442
Cheirogaleus major,18,459,0.278275269288719
Cheirogaleus major,19,459,0.463781360735476
Cheirogaleus major,24,459,0.64914825101471
Cheirogaleus major,28,459,103.775520140194
Cheirogaleus major,14809,459,56.8711675529918
Cheirogaleus major,14736,655,0.604549703201652
Cheirogaleus major,14747,655,0.777178853789449
Cheirogaleus major,14862,655,19.9515621485544
Cheirogaleus major,14687,642,2.33597082442725
Cheirogaleus major,14689,642,0.17303808407855
Cheirogaleus major,14754,642,57.1920356452231
Cheirogaleus major,14943,673,27.2715936270408
Cheirogaleus major,14945,675,29.4123165165247
Cheirogaleus major,14946,676,29.3885406549345
Cheirogaleus major,14947,677,20.6592519148787
Cheirogaleus major,14966,681,58.7538227882982
Cheirogaleus major,14961,682,31.1097970257471
Cheirogaleus major,14962,682,29.6010280215162
Cheirogaleus major,14872,683,29.6714715318073
Cheirogaleus major,15034,716,31.5815648439663
Cheirogaleus major,14954,679,34.6422357639037
Cheirogaleus major,177,10,162.374759556721
Cheirogaleus major,15036,10,301.748748168552
Cheirogaleus major,15038,10,0.645659265649796
Cheirogaleus major,958,717,1.37887890252584
Cheirogaleus major,1001,717,0.275749213988125
Cheirogaleus major,3518,717,8801.90858036977
Cheirogaleus major,15047,717,8.71055469847293
Cheirogaleus major,15050,717,5.22484076185095
Cheirogaleus major,15057,717,0.366016744080782
Cheirogaleus major,15061,717,118.609435406321
Cheirogaleus major,15062,717,1.09562847792852
Cheirogaleus major,15063,717,18.7867803754507
Cheirogaleus major,15064,717,83.0485691054942
Cheirogaleus major,15068,717,1.09378015375698
Cheirogaleus major,15069,717,0.820222737159133
Cheirogaleus major,15035,718,21.3177359530708
Cheirogaleus major,15037,719,176.981841014409
Cheirogaleus major,15039,720,29.7890733494434
Cheirogaleus major,15045,721,1062.2897688527
Cheirogaleus major,15046,721,85.6458207477333
Cheirogaleus major,15070,722,2.55151549227834
Cheirogaleus major,15071,722,5.10222163080132
Cheirogaleus major,15072,723,175.981325838436
Cheirogaleus major,15073,723,63.0206184295745
Cheirogaleus major,6864,109,69.4793727685246
Cheirogaleus major,925,525,3.2176075033589
Cheirogaleus major,928,525,0.643524707942307
Cheirogaleus major,972,525,0.459616383671761
Cheirogaleus major,982,525,0.183841973941922
Cheirogaleus major,983,525,0.183840828700066
Cheirogaleus major,991,525,0.643432019171834
Cheirogaleus major,996,525,0.275752651619434
Cheirogaleus major,1014,525,0.367655302864552
Cheirogaleus major,1115,525,0.643082380221009
Cheirogaleus major,1116,525,0.459349671094835
Cheirogaleus major,1117,525,1.83736519481778
Cheirogaleus major,1126,525,0.367459639964402
Cheirogaleus major,1136,525,0.183724619395971
Cheirogaleus major,1137,525,0.275586929093957
Cheirogaleus major,1143,525,1.46972063059127
Cheirogaleus major,1144,525,0.275577679304183
Cheirogaleus major,1193,525,0.367363554798722
Cheirogaleus major,1216,525,44.3538334620763
Cheirogaleus major,1275,525,410.289897837724
Cheirogaleus major,1306,525,0.27544305105114
Cheirogaleus major,3901,615,0.181274117312074
Cheirogaleus major,14979,615,30.8125924480652
Cheirogaleus major,15088,615,29.8980611396976
Cheirogaleus major,14884,656,674.611930876287
Cheirogaleus major,15086,656,0.820644420907617
Cheirogaleus major,11325,659,0.265972006813645
Cheirogaleus major,14844,659,68.5173564614324
Cheirogaleus major,14964,659,30.9497681570725
Cheirogaleus major,14965,659,9.04229392747104
Cheirogaleus major,15085,659,29.2747668395581
Cheirogaleus major,14931,680,31.2831288292344
Cheirogaleus major,6504,689,0.179958904524803
Cheirogaleus major,6540,689,2.87876883525908
Cheirogaleus major,6544,689,0.899620833965421
Cheirogaleus major,6571,689,0.269868277515411
Cheirogaleus major,14992,689,45.3586244344001
Cheirogaleus major,14994,689,33.0953660841964
Cheirogaleus major,10560,691,104.68823217409
Cheirogaleus major,14991,724,42.668198616212
Cheirogaleus major,15074,725,82.1709647371291
Cheirogaleus major,15076,725,96.0048449014599
Cheirogaleus major,15075,726,61.2124982058765
Cheirogaleus major,15077,727,29.7723925005818
Cheirogaleus major,15078,728,29.3041924637888
Cheirogaleus major,15079,729,52.093110773009
Cheirogaleus major,15080,730,90.898942940664
Cheirogaleus major,15081,731,29.7379084643369
Cheirogaleus major,15082,732,9.5401058957789
Cheirogaleus major,15083,733,17.9006258988328
Cheirogaleus major,15084,733,2.8788579399693
Cheirogaleus medius,201,1751,0.185465875022769
Cheirogaleus medius,208,1751,6.49089737985945
Cheirogaleus medius,1468,137,3.13609989150399
Cheirogaleus medius,1714,159,3.31494256118947
Cheirogaleus medius,1731,159,0.1841539969275
Cheirogaleus medius,2018,187,6.24659292703294
Cheirogaleus medius,2043,189,7.44038904008877
Cheirogaleus medius,2981,263,2.01572332178861
Cheirogaleus medius,2982,263,0.458135662900209
Cheirogaleus medius,3019,263,0.274868693208277
Cheirogaleus medius,3023,263,0.366482397446036
Cheirogaleus medius,3267,279,1.00747888364899
Cheirogaleus medius,3304,279,1.37373982893473
Cheirogaleus medius,3335,280,0.091576381495297
Cheirogaleus medius,3341,280,0.641021390268862
Cheirogaleus medius,3342,280,1.6483205334397
Cheirogaleus medius,3359,280,1.09880786665851
Cheirogaleus medius,6929,2149,13.8476284396459
Cheirogaleus medius,7106,2149,0.455487860305309
Cheirogaleus medius,22075,1868,2.17529626793385
Cheirogaleus medius,15177,2128,0.535747839347363
Cheirogaleus medius,15263,2128,1.87495118889773
Cheirogaleus medius,20100,1437,68.4073900828867
Cheirogaleus medius,216,25,8.43709773357266
Cheirogaleus medius,223,25,0.185438309592962
Cheirogaleus medius,231,25,0.185425482894003
Cheirogaleus medius,24147,2410,44.4928427752329
Cheirogaleus medius,24197,2453,3.75955498126948
Cheirogaleus medius,501,52,0.370271373195112
Cheirogaleus medius,503,52,0.46283412528491
Cheirogaleus medius,506,52,0.092566825099647
Cheirogaleus medius,508,52,43.0377824654047
Cheirogaleus medius,509,52,0.185130594589651
Cheirogaleus medius,519,52,1.48074673073447
Cheirogaleus medius,520,52,1.66577102635723
Cheirogaleus medius,522,52,0.277623898765862
Cheirogaleus medius,527,52,0.277610584835649
Cheirogaleus medius,529,52,0.0925361785190105
Cheirogaleus medius,24233,52,1.38815019469839
Cheirogaleus medius,24234,52,0.185083622752368
Cheirogaleus medius,20390,1482,16.1215402504426
Cheirogaleus medius,222,26,0.463597745713949
Cheirogaleus medius,241,26,0.092707307780385
Cheirogaleus medius,291,26,43.2038186617155
Cheirogaleus medius,24271,1425,3.50522293895912
Cheirogaleus medius,24355,1425,7.18396295269907
Cheirogaleus medius,3813,2452,91.8113589710392
Cheirogaleus medius,342,2472,0.555893682719886
Cheirogaleus medius,366,2472,0.18528219835794
Cheirogaleus medius,370,2472,27.8845320748951
Cheirogaleus medius,24297,2475,3.48046890408206
Cheirogaleus medius,312,33,21.0334598369216
Cheirogaleus medius,319,33,0.0926675960290432
Cheirogaleus medius,340,33,0.0926606114119291
Cheirogaleus medius,19540,1360,0.0879156733248234
Cheirogaleus medius,24438,1360,20.745550279323
Cheirogaleus medius,23134,1571,0.777178853789449
Cheirogaleus medius,24304,1571,0.604549703201652
Cheirogaleus medius,24441,1571,19.9515621485544
Cheirogaleus medius,145,2215,0.463806772104442
Cheirogaleus medius,152,2215,0.278275269288719
Cheirogaleus medius,155,2215,0.463781360735476
Cheirogaleus medius,171,2215,0.278243954663038
Cheirogaleus medius,184,2215,0.185478644791484
Cheirogaleus medius,189,2215,0.27820176096195
Cheirogaleus medius,193,2215,0.64914825101471
Cheirogaleus medius,204,2215,130.021860527523
Cheirogaleus medius,23929,2215,0.185474717534542
Cheirogaleus medius,24379,2490,26.7219759851371
Cheirogaleus medius,3340,281,27.0084407932128
Cheirogaleus medius,3391,281,0.0915643000477552
Cheirogaleus medius,3491,281,1.55623826883286
Cheirogaleus medius,3541,281,1.28151005270296
Cheirogaleus medius,3573,281,0.183069222521663
Cheirogaleus medius,3594,281,0.0915315746985674
Cheirogaleus medius,24454,281,0.366216056347668
Cheirogaleus medius,24455,281,0.1831019721452
Cheirogaleus medius,1977,1760,0.275667671454728
Cheirogaleus medius,1986,1760,1.92954817861217
Cheirogaleus medius,2009,1760,0.0918715503869653
Cheirogaleus medius,2011,1760,0.0918703960418105
Cheirogaleus medius,2031,1760,0.275591552190781
Cheirogaleus medius,2037,1760,0.0918623096979857
Cheirogaleus medius,2038,1760,0.0918623096979857
Cheirogaleus medius,2046,1760,0.367434207116187
Cheirogaleus medius,2047,1760,0.183716525221169
Cheirogaleus medius,2057,1760,33.8991079803615
Cheirogaleus medius,24306,1760,0.0918911418704391
Cheirogaleus medius,24307,1760,0.0918911418704391
Cheirogaleus medius,24308,1760,0.183782283740878
Cheirogaleus medius,24309,1760,0.0918911418704391
Cheirogaleus medius,24453,1760,0.367500048400045
Cheirogaleus medius,6304,2202,0.0911691125100851
Cheirogaleus medius,6609,2202,21.2443070814916
Cheirogaleus medius,23443,2489,29.4123165165247
Cheirogaleus medius,24475,2500,29.3885406549345
Cheirogaleus medius,24476,2501,20.6592519148787
Cheirogaleus medius,11616,2251,0.632951986920595
Cheirogaleus medius,11641,2251,0.0904187257698774
Cheirogaleus medius,24481,2251,18.8080490493349
Cheirogaleus medius,24477,2506,22.2892814174192
Cheirogaleus medius,15044,2507,89.7882265229816
Cheirogaleus medius,24356,2446,8.87579014953661
Cheirogaleus medius,24357,2446,14.8764755082333
Cheirogaleus medius,24273,2458,67.1171045351946
Cheirogaleus medius,24513,2458,21.5378946383917
Cheirogaleus medius,21539,2483,107.450014480365
Cheirogaleus medius,4255,338,0.0914152072402239
Cheirogaleus medius,4271,338,5.85033975470399
Cheirogaleus medius,4282,338,24.6792146248905
Cheirogaleus medius,4283,338,0.0914115014761686
Cheirogaleus medius,4347,338,2.65062070312464
Cheirogaleus medius,4355,338,0.0914028473143578
Cheirogaleus medius,4356,338,0.182805694628716
Cheirogaleus medius,4384,338,0.274192454327822
Cheirogaleus medius,4397,338,0.0913954212397337
Cheirogaleus medius,4405,338,0.0913941828227043
Cheirogaleus medius,24459,338,16.5402429724656
Cheirogaleus medius,11000,775,0.0905584602526426
Cheirogaleus medius,11064,775,0.0905447203234434
Cheirogaleus medius,11222,775,38.0240908843971
Cheirogaleus medius,11251,775,0.0905061372196674
Cheirogaleus medius,11270,775,3.07696966736531
Cheirogaleus medius,11275,775,0.723997986285687
Cheirogaleus medius,11319,775,0.361958205401778
Cheirogaleus medius,24339,775,0.452763459862113
Cheirogaleus medius,24561,2513,7.49109958654905
Cheirogaleus medius,24563,2514,9.49007950158822
Cheirogaleus medius,14658,2460,57.9536162531203
Cheirogaleus medius,24265,2460,57.985276672695
Cheirogaleus medius,14697,2517,3.31343096531284
Cheirogaleus medius,24511,2517,17.1081231937796
Cheirogaleus medius,24064,2518,29.6856059502555
Cheirogaleus medius,24443,2496,29.6714715318073
Cheirogaleus medius,13787,2503,49.6171625010395
Cheirogaleus medius,24109,2503,4.58233058484114
Cheirogaleus medius,24543,2519,34.6422357639037
Cheirogaleus medius,24510,2509,43.0398890354031
Cheirogaleus medius,24530,129,16.2380797407156
Cheirogaleus medius,1479,138,11.0677904937387
Cheirogaleus medius,1484,138,43.8080324089083
Cheirogaleus medius,1658,156,1.19747486800242
Cheirogaleus medius,1662,156,0.368458156106234
Cheirogaleus medius,1663,156,4.97389831733686
Cheirogaleus medius,1664,156,4.23704192003972
Cheirogaleus medius,1666,156,32.5124332313133
Cheirogaleus medius,1682,156,1.93420808195192
Cheirogaleus medius,1695,156,2.39454998459476
Cheirogaleus medius,1712,156,31.4019956498303
Cheirogaleus medius,4961,355,64.7813755391199
Cheirogaleus medius,24457,355,0.456764738324285
Cheirogaleus medius,6428,426,1.73194615611339
Cheirogaleus medius,6522,426,3.09900984286356
Cheirogaleus medius,6578,426,0.729165010962367
Cheirogaleus medius,6594,426,0.6380137844311
Cheirogaleus medius,6667,426,350.721828372644
Cheirogaleus medius,6788,426,0.911252140481949
Cheirogaleus medius,24573,426,0.820644420907617
Cheirogaleus medius,24574,2520,1.91443390526378
Cheirogaleus medius,13061,771,82.1709647371291
Cheirogaleus medius,24575,771,81.6634944284607
Cheirogaleus medius,24576,2521,29.3041924637888
Cheirogaleus medius,13577,949,0.0899370735926628
Cheirogaleus medius,13608,949,0.0899238860032559
Cheirogaleus medius,13611,949,0.449603298738718
Cheirogaleus medius,13612,949,0.359686745625973
Cheirogaleus medius,13622,949,0.0899194863938093
Cheirogaleus medius,13666,949,36.3318798597312
Cheirogaleus medius,24540,949,6.47518067735767
Cheirogaleus medius,24603,949,0.0899312145226002
Cheirogaleus medius,24604,949,0.449634089967012
Cheirogaleus medius,16160,1115,108.01588872667
Cheirogaleus medius,24578,1115,44.3707966394124
Cheirogaleus medius,22625,1607,6.66920689187086
Cheirogaleus medius,24580,1607,0.0866204207210541
Cheirogaleus medius,24581,1607,0.0866166764483452
Cheirogaleus medius,24582,1607,0.0865998172305823
Cheirogaleus medius,14628,1739,39.0716951757742
Cheirogaleus medius,24577,1739,14.6364940401641
Cheirogaleus medius,21861,2298,0.348577397500515
Cheirogaleus medius,24144,2298,49.5177099776991
Cheirogaleus medius,24282,2298,1.1328760877285
Cheirogaleus medius,24600,2522,26.865191159266
Cheirogaleus medius,24012,2345,5.41451004895472
Cheirogaleus medius,24591,2345,0.0873207385299206
Cheirogaleus medius,24593,2345,0.261955036714673
Cheirogaleus medius,24595,2345,0.349265005815983
Cheirogaleus medius,24596,2345,0.0873153539170027
Cheirogaleus medius,24597,2345,0.0873153539170027
Cheirogaleus medius,24598,2345,0.174623526317835
Cheirogaleus medius,24599,2345,0.261931698109269
Cheirogaleus medius,22853,2348,13.0692003217439
Cheirogaleus medius,24586,2348,0.0865491415002346
Cheirogaleus medius,24587,2348,4.2402384895742
Cheirogaleus medius,24588,2348,6.05717425780273
Cheirogaleus medius,24068,2523,11.1631336764222
Cheirogaleus medius,4201,2377,1.91988596975839
Cheirogaleus medius,4202,2377,4.20534270261967
Cheirogaleus medius,4265,2387,37.6497033879611
Cheirogaleus medius,24564,2524,3.56491505919516
Cheirogaleus medius,14766,2411,2.32767118464887
Cheirogaleus medius,15165,2411,0.714404974963069
Cheirogaleus medius,15188,2411,0.178579506715536
Cheirogaleus medius,15310,2411,489.364914626243
Cheirogaleus medius,24353,2411,7.14406051427555
Cheirogaleus medius,20088,2436,96.1704440242532
Cheirogaleus medius,24553,2436,29.6282884787538
Cheirogaleus medius,3866,2479,24.8813630898282
Cheirogaleus medius,4064,2479,20.1184639854197
Cheirogaleus medius,22215,2487,1.39015823458207
Cheirogaleus medius,22941,2487,150.889593339295
Cheirogaleus medius,24358,2487,4.26181091131223
Cheirogaleus medius,24502,2487,9.98819568179679
Cheirogaleus medius,24504,2487,0.347374393435955
Cheirogaleus medius,5251,2491,0.0912818623811007
Cheirogaleus medius,5252,2491,0.0912818623811007
Cheirogaleus medius,5270,2491,0.0912806047912836
Cheirogaleus medius,5597,2491,0.0912427791887522
Cheirogaleus medius,5608,2491,800.12748936824
Cheirogaleus medius,5609,2491,0.0912402507442236
Cheirogaleus medius,5616,2491,2.00722734047949
Cheirogaleus medius,5631,2491,0.364942030490041
Cheirogaleus medius,5682,2491,0.456175956650972
Cheirogaleus medius,24569,2491,0.091264236962676
Cheirogaleus medius,24570,2491,0.0912629764248133
Cheirogaleus medius,24571,2491,0.0912617156766653
Cheirogaleus medius,24572,2491,0.0912617156766653
Cheirogaleus medius,24482,2504,69.4793727685246
Cheirogaleus medius,4339,2511,1.00543750432062
Cheirogaleus medius,4379,2511,2.37624750380051
Cheirogaleus medius,4412,2511,0.182784649551272
Cheirogaleus medius,4428,2511,0.0913904663074017
Cheirogaleus medius,4434,2511,0.0913892270473242
Cheirogaleus medius,4435,2511,0.182778454094648
Cheirogaleus medius,4447,2511,7.676784038162
Cheirogaleus medius,4545,2511,8.49783825708031
Cheirogaleus medius,4631,2511,0.274089461484313
Cheirogaleus medius,4643,2511,0.0913631538983583
Cheirogaleus medius,4695,2511,10.9639024804186
Cheirogaleus medius,4696,2511,4.56775692645061
Cheirogaleus medius,4753,2511,0.09134945944345
Cheirogaleus medius,23939,2511,0.0913643975844383
Cheirogaleus medius,24529,2511,0.456749789225697
Cheirogaleus medius,24534,2512,16.7397400424525
Cheirogaleus medius,24601,2512,0.0899925686674118
Cheirogaleus medius,24602,2512,6.02879668256032
Cinnyris notatus,1205,61,0.370271373195112
Cinnyris notatus,1207,61,0.46283412528491
Cinnyris notatus,1211,61,0.092566825099647
Cinnyris notatus,1214,61,43.0377824654047
Cinnyris notatus,1215,61,0.185130594589651
Cinnyris notatus,1259,61,1.48074673073447
Cinnyris notatus,1264,61,1.66577102635723
Cinnyris notatus,1269,61,0.277623898765862
Cinnyris notatus,1273,61,0.277610584835649
Cinnyris notatus,1276,61,0.0925361785190105
Cinnyris notatus,59963,61,1.38815019469839
Cinnyris notatus,59964,61,0.185083622752368
Cinnyris notatus,59804,171,44.4928427752329
Cinnyris notatus,60134,189,24.4501852478648
Cinnyris notatus,11638,173,91.902892975114
Cinnyris notatus,642,183,0.0927211263144016
Cinnyris notatus,646,183,0.463597745713949
Cinnyris notatus,682,183,0.092707307780385
Cinnyris notatus,801,183,43.3892599286922
Cinnyris notatus,427,79,0.556644208811998
Cinnyris notatus,447,79,0.371099061261237
Cinnyris notatus,453,79,0.556625695955515
Cinnyris notatus,476,79,0.185535398295045
Cinnyris notatus,489,79,0.463806772104442
Cinnyris notatus,504,79,0.278275269288719
Cinnyris notatus,510,79,0.463781360735476
Cinnyris notatus,540,79,0.278243954663038
Cinnyris notatus,563,79,0.185478644791484
Cinnyris notatus,570,79,0.27820176096195
Cinnyris notatus,591,79,0.18546587502265
Cinnyris notatus,602,79,130.021860527523
Cinnyris notatus,612,79,0.185455055661559
Cinnyris notatus,613,79,6.49089737985898
Cinnyris notatus,647,79,0.185438309592962
Cinnyris notatus,663,79,0.185425482894003
Cinnyris notatus,677,79,8.43709773357266
Cinnyris notatus,59504,79,0.185474717534542
Cinnyris notatus,59929,79,0.64914825101471
Cinnyris notatus,60173,79,56.8711675529918
Cinnyris notatus,833,185,70.6947613926224
Cinnyris notatus,844,185,0.0926675960290432
Cinnyris notatus,891,185,0.0926606114119291
Cinnyris notatus,934,185,0.092647612277329
Cinnyris notatus,947,185,0.0926436052985191
Cinnyris notatus,907,197,0.555893682719886
Cinnyris notatus,960,197,0.18528219835794
Cinnyris notatus,966,197,27.8845320748951
Cinnyris notatus,967,197,0.277912765102387
Cinnyris notatus,6113,133,0.275667671454728
Cinnyris notatus,6174,133,1.92954817861217
Cinnyris notatus,6380,133,0.0918715503869653
Cinnyris notatus,6392,133,0.0918703960418105
Cinnyris notatus,6475,133,0.275591552190781
Cinnyris notatus,6505,133,0.0918623096979857
Cinnyris notatus,6506,133,0.0918623096979857
Cinnyris notatus,6547,133,0.367434207116187
Cinnyris notatus,6548,133,0.183716525221169
Cinnyris notatus,6589,133,33.8991079803615
Cinnyris notatus,60106,133,0.0918911418704391
Cinnyris notatus,60107,133,0.0918911418704391
Cinnyris notatus,60108,133,0.183782283740878
Cinnyris notatus,60109,133,0.0918911418704391
Cinnyris notatus,60290,133,0.367500048400045
Cinnyris notatus,16150,159,0.0911691125100851
Cinnyris notatus,16586,159,21.2443070814916
Cinnyris notatus,59005,188,2.33597082442725
Cinnyris notatus,59007,188,0.17303808407855
Cinnyris notatus,60172,188,57.1920356452231
Cinnyris notatus,9512,200,0.0916472322146893
Cinnyris notatus,9531,200,0.733158739641845
Cinnyris notatus,9761,200,2.01572332178837
Cinnyris notatus,9762,200,0.458135662899971
Cinnyris notatus,9826,200,0.274868693208218
Cinnyris notatus,9827,200,0.366490791638374
Cinnyris notatus,9836,200,0.366482397446334
Cinnyris notatus,9859,200,0.274855500644743
Cinnyris notatus,9940,200,0.183227399604559
Cinnyris notatus,9977,200,0.1832213955158
Cinnyris notatus,10105,200,0.824397110989213
Cinnyris notatus,10184,200,0.0915968715015054
Cinnyris notatus,10277,200,1.00747888364965
Cinnyris notatus,10363,200,1.37373982893509
Cinnyris notatus,10434,200,0.0915800018125772
Cinnyris notatus,10478,200,0.0915763814951181
Cinnyris notatus,10488,200,27.0084407932128
Cinnyris notatus,10489,200,0.641021390268981
Cinnyris notatus,10490,200,1.64832053344005
Cinnyris notatus,10554,200,1.09880786665845
Cinnyris notatus,10640,200,0.0915643000477552
Cinnyris notatus,10769,200,0.0915558304731846
Cinnyris notatus,10898,200,1.55623826883286
Cinnyris notatus,10899,200,0.183092276589036
Cinnyris notatus,10913,200,0.45771856548512
Cinnyris notatus,10968,200,0.0915412871391177
Cinnyris notatus,10989,200,1.28151005270296
Cinnyris notatus,11064,200,0.183069222521663
Cinnyris notatus,11111,200,0.0915315746985674
Cinnyris notatus,11202,200,0.457617758493304
Cinnyris notatus,11214,200,0.183044913982987
Cinnyris notatus,11314,200,0.183027872893095
Cinnyris notatus,11355,200,1.00660883126068
Cinnyris notatus,11383,200,0.0915084535198212
Cinnyris notatus,60291,200,0.366216056347668
Cinnyris notatus,60292,200,0.1831019721452
Cinnyris notatus,27424,166,0.632951986920595
Cinnyris notatus,27535,166,0.0904187257698774
Cinnyris notatus,60387,166,18.8080490493349
Cinnyris notatus,59212,203,0.777178853789449
Cinnyris notatus,60104,203,0.604549703201652
Cinnyris notatus,60289,203,19.9515621485544
Cinnyris notatus,60382,203,27.2715936270408
Cinnyris notatus,60384,203,29.4123165165247
Cinnyris notatus,60385,203,29.3885406549345
Cinnyris notatus,60386,203,20.6592519148787
Cinnyris notatus,54203,204,0.0879156733248234
Cinnyris notatus,60268,204,20.745550279323
Cinnyris notatus,60414,209,31.1097970257471
Cinnyris notatus,60415,209,29.6010280215162
Cinnyris notatus,54126,162,73.5475239224377
Cinnyris notatus,55169,162,0.0876773371148109
Cinnyris notatus,60302,221,29.6714715318073
Cinnyris notatus,25173,190,0.0905584602526426
Cinnyris notatus,25398,190,0.0905447203234434
Cinnyris notatus,25976,190,38.0240908843971
Cinnyris notatus,26029,190,0.0905061372196674
Cinnyris notatus,26096,190,3.07696966736531
Cinnyris notatus,26114,190,0.723997986285687
Cinnyris notatus,26271,190,0.361958205401778
Cinnyris notatus,60144,190,0.452763459862113
Cinnyris notatus,36097,206,49.6171625010395
Cinnyris notatus,60029,206,4.58233058484114
Cinnyris notatus,60445,206,34.6422357639037
Cinnyris notatus,13523,135,0.274079509045959
Cinnyris notatus,14023,135,72.0906228077071
Cinnyris notatus,60294,135,0.456764738324285
Cinnyris notatus,24025,136,0.181274117312074
Cinnyris notatus,60460,136,30.8125924480652
Cinnyris notatus,60584,136,29.8980611396976
Cinnyris notatus,47108,167,86.1207453329667
Cinnyris notatus,60565,167,44.3707966394124
Cinnyris notatus,60566,167,1.42253739552879
Cinnyris notatus,2370,169,162.374759556721
Cinnyris notatus,5688,169,0.459616383671761
Cinnyris notatus,5733,169,0.183841973941922
Cinnyris notatus,5754,169,0.643432019171834
Cinnyris notatus,5771,169,0.275752651619434
Cinnyris notatus,5827,169,0.367655302864552
Cinnyris notatus,5871,169,1.56243208603394
Cinnyris notatus,5872,169,0.275729722221732
Cinnyris notatus,5924,169,0.275717098941743
Cinnyris notatus,5954,169,0.275709061498702
Cinnyris notatus,5966,169,0.45950859373796
Cinnyris notatus,5994,169,0.459497104688943
Cinnyris notatus,5995,169,1.1946710927338
Cinnyris notatus,6025,169,0.183794934333086
Cinnyris notatus,6048,169,3.21620605602366
Cinnyris notatus,6049,169,0.551364106284559
Cinnyris notatus,6075,169,1.10266377710587
Cinnyris notatus,6104,169,0.183781132994294
Cinnyris notatus,6105,169,0.367564567481756
Cinnyris notatus,6141,169,0.183777680330873
Cinnyris notatus,6155,169,0.551319225259066
Cinnyris notatus,6170,169,0.183773075227022
Cinnyris notatus,6183,169,1.10259928914046
Cinnyris notatus,6194,169,2.02137478975725
Cinnyris notatus,6195,169,0.82694543447876
Cinnyris notatus,6211,169,0.643170052254975
Cinnyris notatus,6229,169,0.183763859939098
Cinnyris notatus,6249,169,0.183761555058956
Cinnyris notatus,6250,169,1.65382056523669
Cinnyris notatus,6327,169,0.82682548099494
Cinnyris notatus,6407,169,0.459349671094835
Cinnyris notatus,6467,169,0.367459639964402
Cinnyris notatus,6515,169,0.183724619395971
Cinnyris notatus,6516,169,0.275586929093957
Cinnyris notatus,6543,169,1.46972063059127
Cinnyris notatus,6544,169,0.275577679304183
Cinnyris notatus,6825,169,0.367363554798722
Cinnyris notatus,6899,169,58.6780858784085
Cinnyris notatus,7147,169,431.421548407617
Cinnyris notatus,7230,169,0.27544305105114
Cinnyris notatus,21168,169,9167.49023685536
Cinnyris notatus,60011,169,53.6769175645663
Cinnyris notatus,60012,169,0.643524707942307
Cinnyris notatus,60314,169,674.702984277473
Cinnyris notatus,60517,169,31.5815648439663
Cinnyris notatus,60526,169,21.3177359530708
Cinnyris notatus,60527,169,301.748748168552
Cinnyris notatus,60528,169,176.981841014409
Cinnyris notatus,60529,169,0.645659265649796
Cinnyris notatus,60530,169,29.7890733494434
Cinnyris notatus,60531,169,0.184350945953012
Cinnyris notatus,60532,169,0.0921754729765058
Cinnyris notatus,60533,169,0.0921743758563399
Cinnyris notatus,60534,169,0.0921743758563399
Cinnyris notatus,60535,169,0.0921732785239816
Cinnyris notatus,60536,169,1385.48179139944
Cinnyris notatus,60537,169,8.71055469847293
Cinnyris notatus,60538,169,1.55853332586139
Cinnyris notatus,60539,169,4.12545809786379
Cinnyris notatus,60540,169,5.22484076185095
Cinnyris notatus,60541,169,0.0916520090398192
Cinnyris notatus,60542,169,0.0916232973890305
Cinnyris notatus,60543,169,0.366478799301446
Cinnyris notatus,60544,169,0.0915133274670839
Cinnyris notatus,60545,169,0.366016744080782
Cinnyris notatus,60546,169,0.0914189111073017
Cinnyris notatus,60547,169,0.0914176766955852
Cinnyris notatus,60548,169,2.55931186735392
Cinnyris notatus,60549,169,118.700718526081
Cinnyris notatus,60550,169,1.09562847792852
Cinnyris notatus,60551,169,18.7867803754507
Cinnyris notatus,60552,169,83.0485691054942
Cinnyris notatus,60553,169,0.0911576180326939
Cinnyris notatus,60554,169,0.0911525039067268
Cinnyris notatus,60555,169,0.0911512248494625
Cinnyris notatus,60556,169,1.09378015375698
Cinnyris notatus,60557,169,0.820222737159133
Cinnyris notatus,60558,169,2.55151549227834
Cinnyris notatus,60559,169,5.10222163080132
Cinnyris notatus,60560,169,176.345637707092
Cinnyris notatus,60561,169,63.0206184295745
Cinnyris notatus,60580,169,0.820644420907617
Cinnyris notatus,60581,169,1.91443390526378
Cinnyris notatus,12212,187,20.1184639854197
Cinnyris notatus,12486,187,1.91988596975839
Cinnyris notatus,12487,187,4.20534270261967
Cinnyris notatus,12597,187,0.0914152072402239
Cinnyris notatus,12622,187,5.85033975470399
Cinnyris notatus,12636,187,24.6792146248905
Cinnyris notatus,12637,187,0.0914115014761686
Cinnyris notatus,12718,187,1.00543750432062
Cinnyris notatus,12732,187,2.65062070312464
Cinnyris notatus,12749,187,0.0914028473143578
Cinnyris notatus,12750,187,0.182805694628716
Cinnyris notatus,12802,187,2.37624750380051
Cinnyris notatus,12816,187,0.274192454327822
Cinnyris notatus,12846,187,0.0913954212397337
Cinnyris notatus,12860,187,0.0913941828227043
Cinnyris notatus,12875,187,0.182784649551272
Cinnyris notatus,12910,187,0.0913904663074017
Cinnyris notatus,12924,187,0.0913892270473242
Cinnyris notatus,12925,187,0.182778454094648
Cinnyris notatus,12944,187,7.676784038162
Cinnyris notatus,13141,187,8.49783825708031
Cinnyris notatus,13287,187,0.274089461484313
Cinnyris notatus,13315,187,0.0913631538983583
Cinnyris notatus,14603,187,0.0912818623811007
Cinnyris notatus,14604,187,0.0912818623811007
Cinnyris notatus,14626,187,0.0912806047912836
Cinnyris notatus,15117,187,0.0912427791887522
Cinnyris notatus,15130,187,2.00722734047949
Cinnyris notatus,15144,187,0.0912402507442236
Cinnyris notatus,15179,187,0.364942030490041
Cinnyris notatus,15198,187,0.456175956650972
Cinnyris notatus,15498,187,784.155100428129
Cinnyris notatus,59537,187,0.0913643975844383
Cinnyris notatus,59727,187,24.8813630898282
Cinnyris notatus,59750,187,37.6497033879611
Cinnyris notatus,59752,187,4.56775692645061
Cinnyris notatus,59753,187,0.09134945944345
Cinnyris notatus,60296,187,16.5402429724656
Cinnyris notatus,60417,187,22.3806283842225
Cinnyris notatus,60420,187,11.5120029750919
Cinnyris notatus,60518,187,0.0912705364927053
Cinnyris notatus,60519,187,0.365072069038987
Cinnyris notatus,60520,187,0.821376871704459
Cinnyris notatus,60521,187,0.0912654972896576
Cinnyris notatus,60522,187,0.091264236962676
Cinnyris notatus,60523,187,0.0912629764248133
Cinnyris notatus,60524,187,0.0912617156766653
Cinnyris notatus,60525,187,0.0912617156766653
Cinnyris notatus,60578,187,3.56491505919516
Cinnyris notatus,35214,205,0.0899370735926628
Cinnyris notatus,35388,205,0.0899238860032559
Cinnyris notatus,35412,205,0.449603298738718
Cinnyris notatus,35413,205,0.359686745625973
Cinnyris notatus,35457,205,0.0899194863938093
Cinnyris notatus,35735,205,6.47518067735767
Cinnyris notatus,60434,205,11.3402500320686
Cinnyris notatus,60435,205,6.02879668256032
Cinnyris notatus,60441,205,36.3318798597312
Cinnyris notatus,60562,205,0.0899312145226002
Cinnyris notatus,60563,205,0.449634089967012
Cinnyris notatus,60582,205,0.899921316411257
Cinnyris notatus,60583,205,0.0899925686674118
Cinnyris notatus,60388,207,69.4793727685246
Cinnyris notatus,39873,210,57.985276672695
Cinnyris notatus,40044,210,55.5362709867394
Cinnyris notatus,40387,210,3.31343096531284
Cinnyris notatus,40705,210,2.32767118464887
Cinnyris notatus,40974,210,69.5634544487201
Cinnyris notatus,41593,210,298.475804222942
Cinnyris notatus,42636,210,15.730504981099
Cinnyris notatus,43036,210,73.1701679714679
Cinnyris notatus,60397,210,26.5383701395922
Cinnyris notatus,60398,210,17.1081231937796
Cinnyris notatus,60399,210,0.447673652347326
Cinnyris notatus,60451,210,3.48424258587157
Cinnyris notatus,38125,211,39.0716951757742
Cinnyris notatus,60564,211,14.6364940401641
Cinnyris notatus,34818,212,0.899620833965421
Cinnyris notatus,34920,212,0.269868277515411
Cinnyris notatus,60050,212,0.179958904524803
Cinnyris notatus,60051,212,2.87876883525908
Cinnyris notatus,60473,212,45.3586244344001
Cinnyris notatus,60475,212,33.0953660841964
Cinnyris notatus,47815,222,104.68823217409
Cinnyris notatus,60568,222,61.2124982058765
Cinnyris notatus,60472,223,42.668198616212
Cinnyris notatus,60573,223,90.898942940664
Cinnyris notatus,60575,223,9.5401058957789
Cinnyris notatus,60576,223,17.9006258988328
Cinnyris notatus,60577,223,2.8788579399693
Cinnyris notatus,60567,224,82.1709647371291
Cinnyris notatus,60569,224,96.0048449014599
Cinnyris notatus,60570,224,29.7723925005818
Cinnyris notatus,60571,224,29.3041924637888
Cinnyris notatus,60572,225,52.093110773009
Cinnyris notatus,60574,226,29.7379084643369
Cinnyris notatus,50113,213,0.62064821295929
Cinnyris notatus,50154,213,0.265972006813645
Cinnyris notatus,50196,213,0.709200345668078
Cinnyris notatus,50236,213,0.177290677110195
Cinnyris notatus,60264,213,68.5173564614324
Cinnyris notatus,60266,213,0.177275942426443
Cinnyris notatus,60267,213,0.177274304782152
Cinnyris notatus,60363,213,31.2831288292344
Cinnyris notatus,60421,213,30.9497681570725
Cinnyris notatus,60422,213,9.04229392747104
Cinnyris notatus,60579,213,29.2747668395581
Cinnyris notatus,60423,227,58.7538227882982
Copsychus albospecularis,5,1,72.6104762396646
Copsychus albospecularis,9760,1,0.64914825101471
Copsychus albospecularis,9803,1,26.7219759851371
Copsychus albospecularis,9696,26,2.33597082442725
Copsychus albospecularis,9737,26,57.1920356452231
Copsychus albospecularis,9896,26,29.3885406549345
Copsychus albospecularis,9897,26,20.6592519148787
Copsychus albospecularis,9905,29,31.1097970257471
Copsychus albospecularis,9906,29,29.6010280215162
Copsychus albospecularis,107,3,162.374759556721
Copsychus albospecularis,310,3,1.74986507844645
Copsychus albospecularis,525,3,1.65325307838094
Copsychus albospecularis,536,3,0.367363554798722
Copsychus albospecularis,549,3,29.9356861212035
Copsychus albospecularis,580,3,364.440307955501
Copsychus albospecularis,591,3,0.27544305105114
Copsychus albospecularis,2029,3,9109.46236096908
Copsychus albospecularis,9763,3,1.55853332586139
Copsychus albospecularis,9825,3,214.937875598827
Copsychus albospecularis,9838,3,674.702984277473
Copsychus albospecularis,9958,3,31.5815648439663
Copsychus albospecularis,9959,3,21.3177359530708
Copsychus albospecularis,9960,3,301.748748168552
Copsychus albospecularis,9961,3,0.645659265649796
Copsychus albospecularis,9962,3,21.489267393872
Copsychus albospecularis,9963,3,29.7890733494434
Copsychus albospecularis,9964,3,57.6223956232286
Copsychus albospecularis,9970,3,1011.3189587924
Copsychus albospecularis,9971,3,8.71055469847293
Copsychus albospecularis,9972,3,4.12545809786379
Copsychus albospecularis,9973,3,5.22484076185095
Copsychus albospecularis,9976,3,0.366478799301446
Copsychus albospecularis,9977,3,0.366016744080782
Copsychus albospecularis,9980,3,2.55931186735392
Copsychus albospecularis,9981,3,118.700718526081
Copsychus albospecularis,9982,3,1.09562847792852
Copsychus albospecularis,9983,3,18.7867803754507
Copsychus albospecularis,9984,3,83.0485691054942
Copsychus albospecularis,9988,3,1.09378015375698
Copsychus albospecularis,9989,3,0.820222737159133
Copsychus albospecularis,9990,3,2.55151549227834
Copsychus albospecularis,9991,3,5.10222163080132
Copsychus albospecularis,9992,3,176.345637707092
Copsychus albospecularis,9993,3,63.0206184295745
Copsychus albospecularis,10006,3,0.820644420907617
Copsychus albospecularis,10007,3,1.91443390526378
Copsychus albospecularis,4179,19,0.899620833965421
Copsychus albospecularis,4200,19,0.269868277515411
Copsychus albospecularis,9780,19,2.87876883525908
Copsychus albospecularis,9929,19,45.3586244344001
Copsychus albospecularis,9931,19,33.0953660841964
Copsychus albospecularis,4736,34,104.68823217409
Copsychus albospecularis,9995,34,61.2124982058765
Copsychus albospecularis,9928,35,42.668198616212
Copsychus albospecularis,10000,35,90.898942940664
Copsychus albospecularis,10002,35,9.5401058957789
Copsychus albospecularis,10003,35,17.9006258988328
Copsychus albospecularis,10004,35,2.8788579399693
Copsychus albospecularis,9994,36,82.1709647371291
Copsychus albospecularis,9996,36,96.0048449014599
Copsychus albospecularis,9997,36,29.7723925005818
Copsychus albospecularis,9998,36,29.3041924637888
Copsychus albospecularis,9999,36,52.093110773009
Copsychus albospecularis,10001,37,29.7379084643369
Copsychus albospecularis,9916,30,30.8125924480652
Copsychus albospecularis,10008,30,29.8980611396976
Copsychus albospecularis,7310,33,0.62064821295929
Copsychus albospecularis,7317,33,0.265972006813645
Copsychus albospecularis,7333,33,0.709200345668078
Copsychus albospecularis,9833,33,68.5173564614324
Copsychus albospecularis,9884,33,31.2831288292344
Copsychus albospecularis,9908,33,30.9497681570725
Copsychus albospecularis,9909,33,9.04229392747104
Copsychus albospecularis,10005,33,29.2747668395581
Copsychus albospecularis,9910,38,58.7538227882982
Coracopsis nigra,1433,15,91.8113589710392
Coracopsis nigra,65,1,130.021860527523
Coracopsis nigra,66,1,6.49089737985898
Coracopsis nigra,68,1,8.43709773357266
Coracopsis nigra,86,1,43.2038186617155
Coracopsis nigra,91,1,70.6947613926224
Coracopsis nigra,105,1,27.8845320748951
Coracopsis nigra,143,1,43.0377824654047
Coracopsis nigra,149,1,1.48074673073447
Coracopsis nigra,150,1,1.66577102635723
Coracopsis nigra,7415,1,1.38815019469839
Coracopsis nigra,7605,1,56.8711675529918
Coracopsis nigra,7444,18,25.074716512655
Coracopsis nigra,7540,18,24.4501852478648
Coracopsis nigra,1693,20,64.7813755391199
Coracopsis nigra,7705,22,20.745550279323
Coracopsis nigra,7860,22,31.1097970257471
Coracopsis nigra,7861,22,29.6010280215162
Coracopsis nigra,5136,9,108.01588872667
Coracopsis nigra,8022,9,44.3707966394124
Coracopsis nigra,8023,9,1.42253739552879
Coracopsis nigra,5972,10,96.1704440242532
Coracopsis nigra,6102,10,16.1215402504426
Coracopsis nigra,6232,10,107.450014480365
Coracopsis nigra,6311,10,5.41451004895472
Coracopsis nigra,6343,10,30.2553476293843
Coracopsis nigra,6374,10,2.6158241501925
Coracopsis nigra,6415,10,1.39385740344167
Coracopsis nigra,6420,10,129.582523862202
Coracopsis nigra,6446,10,3.04583861633468
Coracopsis nigra,6506,10,1.39015823458207
Coracopsis nigra,6541,10,1.99652411223841
Coracopsis nigra,6591,10,2.34164013403249
Coracopsis nigra,6616,10,3.72834730157495
Coracopsis nigra,6627,10,1.47393099119127
Coracopsis nigra,6654,10,11.09483269007
Coracopsis nigra,6663,10,1.38655685541463
Coracopsis nigra,6671,10,1.29977947566688
Coracopsis nigra,6680,10,2.68566153213084
Coracopsis nigra,6682,10,4.07194558339631
Coracopsis nigra,6708,10,3.11728596669591
Coracopsis nigra,6744,10,2.33601032523417
Coracopsis nigra,6776,10,2.50801370502269
Coracopsis nigra,6822,10,3.36903770225561
Coracopsis nigra,6823,10,101.586314517319
Coracopsis nigra,6834,10,1.98623648264658
Coracopsis nigra,6842,10,3.79937246827543
Coracopsis nigra,6853,10,3.10878571876741
Coracopsis nigra,6874,10,1.98541677119625
Coracopsis nigra,6887,10,5.95456626512015
Coracopsis nigra,6888,10,14.3252430556935
Coracopsis nigra,6889,10,1.20814413348556
Coracopsis nigra,6959,10,6.11881096036088
Coracopsis nigra,6963,10,53.6071667803779
Coracopsis nigra,6980,10,3.18616224499846
Coracopsis nigra,6983,10,3.96024281801712
Coracopsis nigra,6987,10,3.18593688175952
Coracopsis nigra,6991,10,1.20530864535606
Coracopsis nigra,6993,10,1.89390576896715
Coracopsis nigra,7003,10,1.80772674300456
Coracopsis nigra,7004,10,1.29118874206936
Coracopsis nigra,7005,10,2.92668084810412
Coracopsis nigra,7008,10,3.01240642037296
Coracopsis nigra,7016,10,24.0897988637511
Coracopsis nigra,7018,10,3.01169372167146
Coracopsis nigra,7019,10,2.75352315110588
Coracopsis nigra,7031,10,2.40852721046042
Coracopsis nigra,7139,10,38.2991099852298
Coracopsis nigra,7151,10,2.84128662000406
Coracopsis nigra,7201,10,1.13414415884233
Coracopsis nigra,7202,10,259.602511981813
Coracopsis nigra,7205,10,29.6856059502555
Coracopsis nigra,7252,10,17.8604217163317
Coracopsis nigra,7465,10,22.0549396073721
Coracopsis nigra,7570,10,14.8764755082333
Coracopsis nigra,7571,10,4.26181091131223
Coracopsis nigra,7572,10,25.3907382258146
Coracopsis nigra,7863,10,9.98819568179679
Coracopsis nigra,7876,10,16.9782626907646
Coracopsis nigra,7966,10,29.6282884787538
Coracopsis nigra,8035,10,1.31051529534316
Coracopsis nigra,8036,10,1.57236309118533
Coracopsis nigra,1222,13,2.01572332178837
Coracopsis nigra,1284,13,1.00747888364965
Coracopsis nigra,1300,13,1.37373982893509
Coracopsis nigra,1311,13,27.0084407932128
Coracopsis nigra,1312,13,1.64832053344005
Coracopsis nigra,1323,13,1.09880786665845
Coracopsis nigra,1358,13,1.55623826883286
Coracopsis nigra,1369,13,1.28151005270296
Coracopsis nigra,1406,13,1.00660883126068
Coracopsis nigra,1451,13,24.8813630898282
Coracopsis nigra,1501,13,20.1184639854197
Coracopsis nigra,1528,13,1.91988596975839
Coracopsis nigra,1529,13,4.20534270261967
Coracopsis nigra,1545,13,2.46812535342705
Coracopsis nigra,1548,13,2.1938327736845
Coracopsis nigra,1551,13,16.0871950112848
Coracopsis nigra,1569,13,1.18809712456608
Coracopsis nigra,1570,13,9.23022386336518
Coracopsis nigra,1577,13,4.38649564416373
Coracopsis nigra,1605,13,8.86332816260337
Coracopsis nigra,1606,13,22.2892814174192
Coracopsis nigra,1625,13,10.9639024804186
Coracopsis nigra,1626,13,4.56775692645061
Coracopsis nigra,1840,13,691.255790486072
Coracopsis nigra,7734,13,14.9865047176636
Coracopsis nigra,7978,13,1.73396250702751
Coracopsis nigra,361,14,162.374759556721
Coracopsis nigra,786,14,1.56243208603394
Coracopsis nigra,803,14,1.1946710927338
Coracopsis nigra,811,14,53.6769175645663
Coracopsis nigra,813,14,3.21620605602366
Coracopsis nigra,816,14,1.10266377710587
Coracopsis nigra,827,14,1.10259928914046
Coracopsis nigra,829,14,2.02137478975725
Coracopsis nigra,832,14,1.65382056523669
Coracopsis nigra,863,14,1.46972063059127
Coracopsis nigra,889,14,58.6780858784085
Coracopsis nigra,915,14,431.329695352153
Coracopsis nigra,2388,14,9163.642217011
Coracopsis nigra,7740,14,29.6714715318073
Coracopsis nigra,7752,14,674.611930876287
Coracopsis nigra,7973,14,31.5815648439663
Coracopsis nigra,7983,14,21.3177359530708
Coracopsis nigra,7984,14,301.748748168552
Coracopsis nigra,7985,14,176.981841014409
Coracopsis nigra,7987,14,29.7890733494434
Coracopsis nigra,7993,14,1385.48179139944
Coracopsis nigra,7994,14,8.71055469847293
Coracopsis nigra,7995,14,1.55853332586139
Coracopsis nigra,7996,14,4.12545809786379
Coracopsis nigra,7997,14,5.22484076185095
Coracopsis nigra,8007,14,2.55931186735392
Coracopsis nigra,8008,14,118.609435406321
Coracopsis nigra,8009,14,1.09562847792852
Coracopsis nigra,8010,14,18.7867803754507
Coracopsis nigra,8011,14,83.0485691054942
Coracopsis nigra,8015,14,1.09378015375698
Coracopsis nigra,8017,14,2.55151549227834
Coracopsis nigra,8018,14,5.10222163080132
Coracopsis nigra,8019,14,175.981325838436
Coracopsis nigra,8020,14,63.0206184295745
Coracopsis nigra,8062,14,1.91443390526378
Coracopsis nigra,3674,16,36.3318798597312
Coracopsis nigra,3717,16,49.6171625010395
Coracopsis nigra,3746,16,4.58233058484114
Coracopsis nigra,3946,16,39.0716951757742
Coracopsis nigra,4171,16,57.985276672695
Coracopsis nigra,4190,16,55.5362709867394
Coracopsis nigra,4226,16,3.31343096531284
Coracopsis nigra,4268,16,2.32767118464887
Coracopsis nigra,4302,16,69.5634544487201
Coracopsis nigra,4771,16,470.042691825763
Coracopsis nigra,7841,16,26.5383701395922
Coracopsis nigra,7842,16,17.1081231937796
Coracopsis nigra,7893,16,16.7397400424525
Coracopsis nigra,7899,16,6.47518067735767
Coracopsis nigra,7902,16,34.6422357639037
Coracopsis nigra,8021,16,14.6364940401641
Coracopsis nigra,8064,16,6.02879668256032
Coracopsis nigra,6754,17,2.33597082442725
Coracopsis nigra,7154,17,29.6357740792488
Coracopsis nigra,7211,17,11.1631336764222
Coracopsis nigra,7213,17,6.66920689187086
Coracopsis nigra,7255,17,44.4928427752329
Coracopsis nigra,7264,17,20.9473376567002
Coracopsis nigra,7588,17,57.1920356452231
Coracopsis nigra,7717,17,20.9968046764002
Coracopsis nigra,7728,17,19.9515621485544
Coracopsis nigra,7826,17,27.2715936270408
Coracopsis nigra,7828,17,29.4123165165247
Coracopsis nigra,7829,17,29.3885406549345
Coracopsis nigra,7830,17,20.6592519148787
Coracopsis nigra,8058,17,4.2402384895742
Coracopsis nigra,8059,17,6.05717425780273
Coracopsis nigra,3597,21,2.87876883525908
Coracopsis nigra,5211,21,104.68823217409
Coracopsis nigra,7928,21,42.668198616212
Coracopsis nigra,7929,21,45.3586244344001
Coracopsis nigra,7931,21,33.0953660841964
Coracopsis nigra,8024,21,82.1709647371291
Coracopsis nigra,8025,21,61.2124982058765
Coracopsis nigra,8026,21,96.0048449014599
Coracopsis nigra,8027,21,29.7723925005818
Coracopsis nigra,8028,21,29.3041924637888
Coracopsis nigra,8029,21,52.093110773009
Coracopsis nigra,8030,21,90.898942940664
Coracopsis nigra,8031,21,29.7379084643369
Coracopsis nigra,8032,21,9.5401058957789
Coracopsis nigra,8033,21,17.9006258988328
Coracopsis nigra,8034,21,2.8788579399693
Coracopsis nigra,7831,23,18.8080490493349
Coracopsis nigra,7832,23,69.4793727685246
Coracopsis nigra,7701,24,68.5173564614324
Coracopsis nigra,7806,24,31.2831288292344
Coracopsis nigra,7880,24,30.9497681570725
Coracopsis nigra,7881,24,9.04229392747104
Coracopsis nigra,7882,24,58.7538227882982
Coracopsis nigra,8060,24,29.2747668395581
Coracopsis nigra,7916,26,30.8125924480652
Coracopsis nigra,8067,26,29.8980611396976
Corythornis madagascariensis,1082,19,91.8113589710392
Corythornis madagascariensis,36,1,130.021860527523
Corythornis madagascariensis,37,1,6.49089737985898
Corythornis madagascariensis,39,1,8.43709773357266
Corythornis madagascariensis,68,1,27.8845320748951
Corythornis madagascariensis,84,1,70.9727122086791
Corythornis madagascariensis,4774,1,56.8711675529918
Corythornis madagascariensis,4457,20,2.33597082442725
Corythornis madagascariensis,4773,20,57.1920356452231
Corythornis madagascariensis,4884,20,19.9515621485544
Corythornis madagascariensis,4978,20,27.2715936270408
Corythornis madagascariensis,4980,20,29.4123165165247
Corythornis madagascariensis,4981,20,29.3885406549345
Corythornis madagascariensis,4982,20,20.6592519148787
Corythornis madagascariensis,2430,3,11.3402500320686
Corythornis madagascariensis,2477,3,6.47518067735767
Corythornis madagascariensis,2597,3,27.844640417639
Corythornis madagascariensis,5024,3,36.3318798597312
Corythornis madagascariensis,5140,3,14.6364940401641
Corythornis madagascariensis,2500,9,69.4793727685246
Corythornis madagascariensis,277,18,162.374759556721
Corythornis madagascariensis,585,18,1.56243208603394
Corythornis madagascariensis,601,18,53.6769175645663
Corythornis madagascariensis,602,18,3.21620605602366
Corythornis madagascariensis,615,18,2.02137478975725
Corythornis madagascariensis,617,18,1.65382056523669
Corythornis madagascariensis,641,18,1.46972063059127
Corythornis madagascariensis,663,18,58.6780858784085
Corythornis madagascariensis,683,18,431.329695352153
Corythornis madagascariensis,1733,18,9163.642217011
Corythornis madagascariensis,4912,18,674.611930876287
Corythornis madagascariensis,5089,18,31.5815648439663
Corythornis madagascariensis,5100,18,21.3177359530708
Corythornis madagascariensis,5101,18,301.748748168552
Corythornis madagascariensis,5102,18,176.981841014409
Corythornis madagascariensis,5104,18,29.7890733494434
Corythornis madagascariensis,5110,18,1385.48179139944
Corythornis madagascariensis,5111,18,8.71055469847293
Corythornis madagascariensis,5112,18,1.55853332586139
Corythornis madagascariensis,5113,18,4.12545809786379
Corythornis madagascariensis,5114,18,5.22484076185095
Corythornis madagascariensis,5124,18,2.55931186735392
Corythornis madagascariensis,5125,18,118.609435406321
Corythornis madagascariensis,5127,18,18.7867803754507
Corythornis madagascariensis,5128,18,83.0485691054942
Corythornis madagascariensis,5134,18,2.55151549227834
Corythornis madagascariensis,5135,18,5.10222163080132
Corythornis madagascariensis,5136,18,175.981325838436
Corythornis madagascariensis,5137,18,63.0206184295745
Corythornis madagascariensis,5154,18,1.91443390526378
Corythornis madagascariensis,1074,21,2.38014501393825
Corythornis madagascariensis,1094,21,24.8813630898282
Corythornis madagascariensis,1141,21,20.1184639854197
Corythornis madagascariensis,1166,21,1.91988596975839
Corythornis madagascariensis,1167,21,4.20534270261967
Corythornis madagascariensis,1182,21,30.6135540736706
Corythornis madagascariensis,1183,21,24.6792146248905
Corythornis madagascariensis,1193,21,2.83342021114922
Corythornis madagascariensis,1206,21,4.38649564416373
Corythornis madagascariensis,1211,21,8.86332816260337
Corythornis madagascariensis,1253,21,10.9639024804186
Corythornis madagascariensis,1254,21,4.56775692645061
Corythornis madagascariensis,1393,21,730.035973466651
Corythornis madagascariensis,4732,21,2.46812535342705
Corythornis madagascariensis,4894,21,14.9865047176636
Corythornis madagascariensis,4983,21,22.2892814174192
Corythornis madagascariensis,5090,21,3.56491505919516
Corythornis madagascariensis,5095,21,1.73396250702751
Corythornis madagascariensis,2479,26,2.87876883525908
Corythornis madagascariensis,3617,26,104.68823217409
Corythornis madagascariensis,5045,26,42.668198616212
Corythornis madagascariensis,5046,26,45.3586244344001
Corythornis madagascariensis,5048,26,33.0953660841964
Corythornis madagascariensis,5141,26,82.1709647371291
Corythornis madagascariensis,5142,26,61.2124982058765
Corythornis madagascariensis,5143,26,96.0048449014599
Corythornis madagascariensis,5144,26,29.7723925005818
Corythornis madagascariensis,5145,26,29.3041924637888
Corythornis madagascariensis,5146,26,52.093110773009
Corythornis madagascariensis,5147,26,90.898942940664
Corythornis madagascariensis,5148,26,29.7379084643369
Corythornis madagascariensis,5149,26,9.5401058957789
Corythornis madagascariensis,5150,26,17.9006258988328
Corythornis madagascariensis,5151,26,2.8788579399693
Corythornis madagascariensis,2862,27,27.6902943571132
Corythornis madagascariensis,2877,27,41.0293049223378
Corythornis madagascariensis,2892,27,40.9179544183476
Corythornis madagascariensis,2900,27,3.31343096531284
Corythornis madagascariensis,3041,27,235.238439877382
Corythornis madagascariensis,4995,27,13.8841261984148
Corythornis madagascariensis,4864,31,68.5173564614324
Corythornis madagascariensis,4959,31,31.2831288292344
Corythornis madagascariensis,5011,31,30.9497681570725
Corythornis madagascariensis,5012,31,9.04229392747104
Corythornis madagascariensis,5013,31,58.7538227882982
Corythornis madagascariensis,5152,31,29.2747668395581
Coua caerulea,848,6,29.4123165165247
Coua caerulea,941,6,57.1920356452231
Coua caerulea,976,6,27.2715936270408
Coua caerulea,978,6,29.3885406549345
Coua caerulea,6,2,138.287913192046
Coua caerulea,10,2,255.445068184042
Coua caerulea,15,2,4.05232580194008
Coua caerulea,26,2,87.8910586471495
Coua caerulea,50,2,3.30296723872179
Coua caerulea,123,2,312.404631355854
Coua caerulea,124,2,8527.51357673411
Coua caerulea,943,2,74.7007113906123
Coua caerulea,991,2,31.5815648439663
Coua caerulea,1015,2,21.3177359530708
Coua caerulea,1016,2,72.4154606826265
Coua caerulea,1017,2,29.7890733494434
Coua caerulea,1018,2,3.31826545062315
Coua caerulea,1019,2,1371.35436499049
Coua caerulea,1020,2,8.71055469847293
Coua caerulea,1021,2,5.22484076185095
Coua caerulea,1029,2,2.55931186735392
Coua caerulea,1030,2,118.700718526081
Coua caerulea,1032,2,18.7867803754507
Coua caerulea,1033,2,83.0485691054942
Coua caerulea,1039,2,2.55151549227834
Coua caerulea,1040,2,5.10222163080132
Coua caerulea,1041,2,176.345637707092
Coua caerulea,1042,2,63.0206184295745
Coua caerulea,272,7,55.9437887277658
Coua caerulea,332,7,90.898942940664
Coua caerulea,870,7,2.87876883525908
Coua caerulea,1013,7,45.3586244344001
Coua caerulea,1014,7,33.0953660841964
Coua caerulea,1043,7,29.7723925005818
Coua caerulea,1044,7,52.093110773009
Coua caerulea,1045,7,61.2124982058765
Coua caerulea,1046,7,86.6345357060499
Coua caerulea,1047,7,29.7379084643369
Coua caerulea,1048,7,9.5401058957789
Coua caerulea,1049,7,17.9006258988328
Coua caerulea,1050,7,2.8788579399693
Coua caerulea,926,8,68.5173564614324
Coua caerulea,965,8,31.2831288292344
Coua caerulea,982,8,30.9497681570725
Coua caerulea,983,8,9.04229392747104
Coua caerulea,984,8,58.7538227882982
Coua caerulea,1051,8,29.2747668395581
Coua coquereli,2201,8,68.4073900828867
Coua coquereli,337,7,91.8113589710392
Coua coquereli,534,10,64.7813755391199
Coua coquereli,1936,12,2.38971397089434
Coua coquereli,2018,12,2.73910567240787
Coua coquereli,2019,12,2.82713519886005
Coua coquereli,2023,12,1.9433949856267
Coua coquereli,2034,12,2.47266626964414
Coua coquereli,2039,12,2.82556420854855
Coua coquereli,2044,12,1.41247619978464
Coua coquereli,2061,12,4.14706605168235
Coua coquereli,2066,12,382.903589781484
Coua coquereli,2339,12,2.38467114169073
Coua coquereli,2353,12,4.23356230638194
Coua coquereli,2622,12,17.5870851484922
Coua coquereli,2623,12,2.0322578738991
Coua coquereli,1489,5,36.3318798597312
Coua coquereli,1510,5,49.6171625010395
Coua coquereli,1592,5,39.0716951757742
Coua coquereli,1595,5,57.9536162531203
Coua coquereli,1600,5,3.31343096531284
Coua coquereli,1608,5,2.32767118464887
Coua coquereli,1625,5,1.78860352420843
Coua coquereli,1640,5,89.7882265229816
Coua coquereli,1672,5,1.87495118889773
Coua coquereli,1674,5,489.364914626243
Coua coquereli,2450,5,4.58233058484114
Coua coquereli,2490,5,3.75955498126948
Coua coquereli,2503,5,57.985276672695
Coua coquereli,2563,5,7.14406051427555
Coua coquereli,2648,5,43.0398890354031
Coua coquereli,2649,5,17.1081231937796
Coua coquereli,2655,5,16.7397400424525
Coua coquereli,2661,5,6.47518067735767
Coua coquereli,2664,5,34.6422357639037
Coua coquereli,2674,5,14.6364940401641
Coua coquereli,2678,5,6.02879668256032
Coua coquereli,2626,13,69.4793727685246
Coua coquereli,328,14,2.38014501393825
Coua coquereli,345,14,24.8813630898282
Coua coquereli,388,14,20.1184639854197
Coua coquereli,418,14,1.91988596975839
Coua coquereli,419,14,4.20534270261967
Coua coquereli,435,14,37.6497033879611
Coua coquereli,436,14,5.85033975470399
Coua coquereli,438,14,24.6792146248905
Coua coquereli,446,14,2.83342021114922
Coua coquereli,452,14,2.37624750380051
Coua coquereli,461,14,7.676784038162
Coua coquereli,465,14,8.86332816260337
Coua coquereli,498,14,10.9639024804186
Coua coquereli,499,14,4.56775692645061
Coua coquereli,625,14,800.12748936824
Coua coquereli,626,14,2.00722734047949
Coua coquereli,2611,14,16.5402429724656
Coua coquereli,2624,14,22.2892814174192
Coua coquereli,2665,14,3.56491505919516
Coua coquereli,1820,15,108.01588872667
Coua coquereli,2675,15,44.3707966394124
Coua coquereli,2676,15,1.42253739552879
Coua cristata,1167,13,91.8113589710392
Coua cristata,51,1,130.021860527523
Coua cristata,52,1,6.49089737985898
Coua cristata,54,1,8.43709773357266
Coua cristata,71,1,43.2038186617155
Coua cristata,86,1,27.8845320748951
Coua cristata,105,1,70.9727122086791
Coua cristata,122,1,43.0377824654047
Coua cristata,128,1,1.48074673073447
Coua cristata,129,1,1.66577102635723
Coua cristata,4433,1,1.38815019469839
Coua cristata,4563,1,56.8711675529918
Coua cristata,1361,20,64.7813755391199
Coua cristata,4019,16,2.33597082442725
Coua cristata,4346,16,44.4928427752329
Coua cristata,4498,16,57.1920356452231
Coua cristata,4683,16,19.9515621485544
Coua cristata,4755,16,27.2715936270408
Coua cristata,4757,16,29.4123165165247
Coua cristata,4758,16,29.3885406549345
Coua cristata,4759,16,20.6592519148787
Coua cristata,1018,11,2.01572332178837
Coua cristata,1068,11,1.37373982893509
Coua cristata,1074,11,27.0084407932128
Coua cristata,1075,11,1.64832053344005
Coua cristata,1086,11,1.09880786665845
Coua cristata,1107,11,1.55623826883286
Coua cristata,1117,11,1.28151005270296
Coua cristata,1134,11,22.6013246737857
Coua cristata,2442,9,36.3318798597312
Coua cristata,2472,9,49.6171625010395
Coua cristata,2489,9,4.58233058484114
Coua cristata,2580,9,39.0716951757742
Coua cristata,2712,9,57.985276672695
Coua cristata,2723,9,55.5362709867394
Coua cristata,2739,9,3.31343096531284
Coua cristata,2761,9,2.32767118464887
Coua cristata,2777,9,69.5634544487201
Coua cristata,2926,9,470.042691825763
Coua cristata,4770,9,26.5383701395922
Coua cristata,4771,9,17.1081231937796
Coua cristata,4806,9,16.7397400424525
Coua cristata,4812,9,6.47518067735767
Coua cristata,4815,9,34.6422357639037
Coua cristata,4925,9,14.6364940401641
Coua cristata,4962,9,6.02879668256032
Coua cristata,328,12,162.374759556721
Coua cristata,674,12,1.56243208603394
Coua cristata,683,12,1.1946710927338
Coua cristata,688,12,53.6769175645663
Coua cristata,689,12,3.21620605602366
Coua cristata,692,12,1.10266377710587
Coua cristata,701,12,1.10259928914046
Coua cristata,703,12,2.02137478975725
Coua cristata,706,12,1.65382056523669
Coua cristata,733,12,1.46972063059127
Coua cristata,756,12,58.6780858784085
Coua cristata,769,12,431.329695352153
Coua cristata,1389,12,1.09562847792852
Coua cristata,1692,12,8897.36993240751
Coua cristata,4686,12,29.6714715318073
Coua cristata,4710,12,31.4878831114429
Coua cristata,4711,12,611.544881528597
Coua cristata,4889,12,21.3177359530708
Coua cristata,4890,12,301.748748168552
Coua cristata,4891,12,176.981841014409
Coua cristata,4893,12,29.7890733494434
Coua cristata,4899,12,1385.48179139944
Coua cristata,4900,12,8.71055469847293
Coua cristata,4901,12,1.55853332586139
Coua cristata,4902,12,4.12545809786379
Coua cristata,4903,12,5.22484076185095
Coua cristata,4912,12,2.55931186735392
Coua cristata,4913,12,118.609435406321
Coua cristata,4914,12,18.7867803754507
Coua cristata,4915,12,83.0485691054942
Coua cristata,4919,12,1.09378015375698
Coua cristata,4921,12,2.55151549227834
Coua cristata,4922,12,5.10222163080132
Coua cristata,4923,12,175.981325838436
Coua cristata,4924,12,63.0206184295745
Coua cristata,4960,12,1.91443390526378
Coua cristata,3418,15,19.2725371855298
Coua cristata,3633,15,99.4190072851316
Coua cristata,3704,15,11.2152296825519
Coua cristata,3762,15,5.24620992285609
Coua cristata,3768,15,107.450014480365
Coua cristata,3769,15,1.39864190466654
Coua cristata,3807,15,5.41451004895472
Coua cristata,3820,15,4.62691263784421
Coua cristata,3833,15,30.2553476293843
Coua cristata,3840,15,1.91961763637984
Coua cristata,3936,15,1.39015823458207
Coua cristata,3944,15,9.98819568179679
Coua cristata,3947,15,1.99652411223841
Coua cristata,3956,15,2.34164013403249
Coua cristata,3964,15,3.72834730157495
Coua cristata,3971,15,12.7407955704241
Coua cristata,3979,15,12.0483039035152
Coua cristata,3986,15,2.68566153213084
Coua cristata,3988,15,4.07194558339631
Coua cristata,4002,15,3.11728596669591
Coua cristata,4009,15,11.3310980595299
Coua cristata,4028,15,466.866095203747
Coua cristata,4064,15,3.97366904659271
Coua cristata,4069,15,3.79813210761917
Coua cristata,4078,15,4.31753920239925
Coua cristata,4081,15,1.98623648264658
Coua cristata,4115,15,24.5074496821614
Coua cristata,4121,15,152.434539488629
Coua cristata,4146,15,1.46591125852823
Coua cristata,4166,15,4.74048544932437
Coua cristata,4167,15,1.55126615195918
Coua cristata,4184,15,2.32518582735467
Coua cristata,4190,15,32.8976853230713
Coua cristata,4201,15,47.5161649497437
Coua cristata,4206,15,23.9177534628731
Coua cristata,4208,15,3.01169372167146
Coua cristata,4209,15,2.75352315110588
Coua cristata,4215,15,2.40852721046042
Coua cristata,4238,15,2.32784321939826
Coua cristata,4291,15,3.96024281801712
Coua cristata,4292,15,27.0386563705167
Coua cristata,4293,15,2.66991477625501
Coua cristata,4326,15,17.8876522784669
Coua cristata,4330,15,29.6856059502555
Coua cristata,4368,15,76.4973862589782
Coua cristata,4371,15,7.50890607225907
Coua cristata,4377,15,18.6823267181613
Coua cristata,4381,15,13.0307413413506
Coua cristata,4382,15,3.87195306908179
Coua cristata,4464,15,7.42539153595759
Coua cristata,4468,15,9.25706128804016
Coua cristata,4471,15,4.31856011909783
Coua cristata,4475,15,6.06907414019704
Coua cristata,4476,15,2.02272765648758
Coua cristata,4752,15,16.0848499706645
Coua cristata,4753,15,2.0322578738991
Coua cristata,4879,15,29.6282884787538
Coua cristata,4938,15,1.31051529534316
Coua cristata,4939,15,1.57236309118533
Coua cristata,4949,15,51.2694713964989
Coua cristata,3149,17,108.01588872667
Coua cristata,4936,17,44.3707966394124
Coua cristata,4937,17,1.42253739552879
Coua cristata,4269,18,29.6357740792488
Coua cristata,4350,18,15.6677103696139
Coua cristata,4674,18,20.9968046764002
Coua cristata,4957,18,4.2402384895742
Coua cristata,4958,18,5.27841629388166
Coua cristata,1159,21,2.38014501393825
Coua cristata,1179,21,16.3740665150728
Coua cristata,1224,21,2.19464777098519
Coua cristata,1231,21,12.8945503097155
Coua cristata,1287,21,1.46201426250446
Coua cristata,1301,21,2.64969806134295
Coua cristata,1314,21,7.03479595916342
Coua cristata,1316,21,4.56775692645061
Coua cristata,1326,21,9.04258868397641
Coua cristata,1425,21,31.0315972086299
Coua cristata,1452,21,298.3930408924
Coua cristata,4706,21,14.9865047176636
Coua cristata,4884,21,1.73396250702751
Coua cristata,2390,22,2.87876883525908
Coua cristata,2966,22,96.0048449014599
Coua cristata,4837,22,42.668198616212
Coua cristata,4838,22,45.3586244344001
Coua cristata,4840,22,33.0953660841964
Coua cristata,4926,22,61.2124982058765
Coua cristata,4927,22,86.6345357060499
Coua cristata,4928,22,29.7723925005818
Coua cristata,4929,22,29.3041924637888
Coua cristata,4930,22,52.093110773009
Coua cristata,4931,22,59.4672331036056
Coua cristata,4932,22,29.7379084643369
Coua cristata,4933,22,9.5401058957789
Coua cristata,4934,22,17.9006258988328
Coua cristata,4935,22,2.8788579399693
Coua cristata,4761,24,69.4793727685246
Coua cristata,4828,26,30.8125924480652
Coua cristata,4965,26,29.8980611396976
Coua cursor,241,2,11.1631336764222
Coua cursor,452,2,20.9473376567002
Coua cursor,455,2,29.6357740792488
Coua cursor,479,2,6.66920689187086
Coua cursor,612,2,20.9968046764002
Coua cursor,656,2,4.2402384895742
Coua cursor,657,2,6.05717425780273
Coua cursor,66,3,2.38971397089434
Coua cursor,67,3,5.22058462251126
Coua cursor,68,3,8.75504333933174
Coua cursor,74,3,2.21089209568846
Coua cursor,84,3,6.98321707832301
Coua cursor,88,3,13.167280451611
Coua cursor,91,3,3.09217907194698
Coua cursor,92,3,1.9433949856267
Coua cursor,94,3,2.47266626964414
Coua cursor,95,3,6.18067912423862
Coua cursor,97,3,2.03042139631903
Coua cursor,104,3,4.32352721770191
Coua cursor,105,3,3.61718966663003
Coua cursor,136,3,433.103828882684
Coua cursor,139,3,16.1215402504426
Coua cursor,147,3,2.53597620348144
Coua cursor,161,3,4.62691263784421
Coua cursor,166,3,4.97515838277996
Coua cursor,172,3,107.450014480365
Coua cursor,175,3,1.91961763637984
Coua cursor,190,3,3.04583861633468
Coua cursor,192,3,2.17529626793385
Coua cursor,204,3,1.99652411223841
Coua cursor,211,3,9.79969941269957
Coua cursor,212,3,2.34164013403249
Coua cursor,217,3,3.72834730157495
Coua cursor,220,3,12.7407955704241
Coua cursor,222,3,12.0483039035152
Coua cursor,228,3,2.68566153213084
Coua cursor,229,3,4.07194558339631
Coua cursor,242,3,3.11728596669591
Coua cursor,251,3,11.3310980595299
Coua cursor,285,3,3.97366904659271
Coua cursor,286,3,411.870349280199
Coua cursor,292,3,1.98623648264658
Coua cursor,296,3,4.31753920239925
Coua cursor,301,3,3.10878571876741
Coua cursor,307,3,3.79813210761917
Coua cursor,313,3,5.95456626512015
Coua cursor,314,3,24.5074496821614
Coua cursor,316,3,152.434539488629
Coua cursor,334,3,4.74048544932437
Coua cursor,335,3,6.11881096036088
Coua cursor,342,3,17.137367023353
Coua cursor,345,3,2.32518582735467
Coua cursor,347,3,32.8976853230713
Coua cursor,357,3,47.5161649497437
Coua cursor,362,3,24.0897988637511
Coua cursor,364,3,3.01169372167146
Coua cursor,365,3,2.75352315110588
Coua cursor,371,3,2.40852721046042
Coua cursor,380,3,2.32784321939826
Coua cursor,382,3,2.38467114169073
Coua cursor,390,3,4.93923973793232
Coua cursor,396,3,2.96757189296901
Coua cursor,405,3,5.41451004895472
Coua cursor,410,3,2.35741760163295
Coua cursor,462,3,4.91579007415057
Coua cursor,464,3,3.96024281801712
Coua cursor,468,3,2.66991477625501
Coua cursor,469,3,5.7686731402887
Coua cursor,472,3,17.8876522784669
Coua cursor,475,3,29.6856059502555
Coua cursor,483,3,1.94182639975178
Coua cursor,491,3,43.5541700668664
Coua cursor,492,3,2.02803748513615
Coua cursor,493,3,2.11576712074006
Coua cursor,514,3,49.5177099776991
Coua cursor,544,3,13.0307413413506
Coua cursor,545,3,3.87195306908179
Coua cursor,547,3,29.6282884787538
Coua cursor,563,3,9.25706128804016
Coua cursor,566,3,4.31856011909783
Coua cursor,568,3,3.50522293895912
Coua cursor,570,3,67.1171045351946
Coua cursor,583,3,6.06907414019704
Coua cursor,584,3,2.02272765648758
Coua cursor,587,3,3.48046890408206
Coua cursor,596,3,7.18396295269907
Coua cursor,597,3,8.87579014953661
Coua cursor,598,3,14.8764755082333
Coua cursor,599,3,4.26181091131223
Coua cursor,609,3,58.4639144571805
Coua cursor,614,3,15.2003871725949
Coua cursor,615,3,2.0322578738991
Coua cursor,616,3,9.98819568179679
Coua cursor,625,3,21.5378946383917
Coua cursor,633,3,7.49109958654905
Coua cursor,635,3,9.49007950158822
Coua cursor,636,3,27.9727845001413
Coua cursor,637,3,150.889593339295
Coua cursor,661,3,26.865191159266
Coua gigas,109,1,27.0084407932128
Coua gigas,124,1,22.6013246737857
Coua gigas,138,1,24.8813630898282
Coua gigas,150,1,20.1184639854197
Coua gigas,156,1,4.20534270261967
Coua gigas,159,1,5.85033975470399
Coua gigas,160,1,16.0871950112848
Coua gigas,168,1,4.38649564416373
Coua gigas,169,1,8.86332816260337
Coua gigas,171,1,16.5402429724656
Coua gigas,180,1,10.9639024804186
Coua gigas,181,1,4.56775692645061
Coua gigas,186,1,9.04258868397641
Coua gigas,228,1,318.864815603739
Coua gigas,1243,1,22.20005009601
Coua gigas,1319,1,254.272235833673
Coua gigas,460,2,38.2051651932326
Coua gigas,462,2,3.07696966736531
Coua gigas,540,2,36.3318798597312
Coua gigas,547,2,49.6171625010395
Coua gigas,576,2,39.0716951757742
Coua gigas,578,2,57.9536162531203
Coua gigas,580,2,3.31343096531284
Coua gigas,591,2,89.7882265229816
Coua gigas,606,2,489.364914626243
Coua gigas,1059,2,4.58233058484114
Coua gigas,1142,2,3.75955498126948
Coua gigas,1155,2,57.985276672695
Coua gigas,1221,2,7.14406051427555
Coua gigas,1255,2,18.8080490493349
Coua gigas,1256,2,69.4793727685246
Coua gigas,1279,2,43.0398890354031
Coua gigas,1280,2,17.1081231937796
Coua gigas,1288,2,16.7397400424525
Coua gigas,1294,2,6.47518067735767
Coua gigas,1297,2,34.6422357639037
Coua gigas,1328,2,14.6364940401641
Coua gigas,1345,2,6.02879668256032
Coua gigas,743,4,5.22058462251126
Coua gigas,751,4,8.75504333933174
Coua gigas,775,4,6.98321707832301
Coua gigas,784,4,13.167280451611
Coua gigas,786,4,3.09217907194698
Coua gigas,798,4,6.18067912423862
Coua gigas,809,4,4.32352721770191
Coua gigas,810,4,3.61718966663003
Coua gigas,872,4,126.208445257488
Coua gigas,884,4,16.1215402504426
Coua gigas,897,4,5.24620992285609
Coua gigas,917,4,4.62691263784421
Coua gigas,924,4,4.97515838277996
Coua gigas,933,4,107.450014480365
Coua gigas,954,4,3.04583861633468
Coua gigas,964,4,419.940353694158
Coua gigas,995,4,4.93923973793232
Coua gigas,1036,4,5.41451004895472
Coua gigas,1044,4,17.8876522784669
Coua gigas,1047,4,29.6856059502555
Coua gigas,1079,4,29.0032743569754
Coua gigas,1102,4,49.5177099776991
Coua gigas,1120,4,201.007449783066
Coua gigas,1135,4,13.0307413413506
Coua gigas,1136,4,3.87195306908179
Coua gigas,1138,4,99.4190072851316
Coua gigas,1162,4,9.25706128804016
Coua gigas,1165,4,4.31856011909783
Coua gigas,1167,4,3.50522293895912
Coua gigas,1169,4,67.1171045351946
Coua gigas,1185,4,6.06907414019704
Coua gigas,1193,4,3.48046890408206
Coua gigas,1224,4,7.18396295269907
Coua gigas,1226,4,8.87579014953661
Coua gigas,1227,4,14.8764755082333
Coua gigas,1228,4,4.26181091131223
Coua gigas,1254,4,17.4103685992599
Coua gigas,1271,4,9.98819568179679
Coua gigas,1282,4,21.5378946383917
Coua gigas,1315,4,7.49109958654905
Coua gigas,1317,4,9.49007950158822
Coua gigas,1318,4,29.6282884787538
Coua gigas,1331,4,150.889593339295
Coua gigas,1343,4,26.865191159266
Coua gigas,682,5,108.01588872667
Coua gigas,1329,5,44.3707966394124
Coua reynaudii,7,2,51.7890604442957
Coua reynaudii,21,2,38.0976185701193
Coua reynaudii,24,2,27.6738798421364
Coua reynaudii,47,2,100.250169065045
Coua reynaudii,49,2,40.258745964456
Coua reynaudii,54,2,341.59376613737
Coua reynaudii,58,2,56.9979385031921
Coua reynaudii,59,2,6.25186649493616
Coua reynaudii,64,2,843.46793751133
Coua reynaudii,86,2,65.1697736575907
Coua reynaudii,90,2,1486.05890494663
Coua reynaudii,97,2,820.652870107013
Coua reynaudii,100,2,18.7867803754507
Coua reynaudii,101,2,3.46533733650672
Coua reynaudii,103,2,406.590382067081
Coua reynaudii,104,2,74.7007113906123
Coua reynaudii,107,2,3.8290988880409
Coua reynaudii,108,2,21.7001741978275
Coua reynaudii,110,2,21.6948450795085
Coua reynaudii,116,2,18.3080449645871
Coua reynaudii,118,2,25.0430807721761
Coua reynaudii,129,2,293.991596451862
Coua reynaudii,788,2,82.4415910234876
Coua reynaudii,789,2,55.8268304873168
Coua reynaudii,809,2,176.981841014409
Coua reynaudii,856,2,31.5815648439663
Coua reynaudii,872,2,535.140717525459
Coua reynaudii,874,2,1151.12764902376
Coua reynaudii,875,2,1385.48179139944
Coua reynaudii,876,2,8.71055469847293
Coua reynaudii,878,2,89.2130131915314
Coua reynaudii,879,2,59.3564680753817
Coua reynaudii,888,2,47.6915269604541
Coua reynaudii,889,2,29.7890733494434
Coua reynaudii,890,2,3.3177556751284
Coua reynaudii,253,3,55.9437887277658
Coua reynaudii,272,3,16.6469548786626
Coua reynaudii,880,3,29.7723925005818
Coua reynaudii,881,3,52.093110773009
Coua reynaudii,318,5,104.68823217409
Coua reynaudii,870,5,90.898942940664
Coua reynaudii,871,5,42.668198616212
Coua reynaudii,882,5,61.2124982058765
Coua reynaudii,883,5,29.7379084643369
Coua reynaudii,884,5,9.5401058957789
Coua reynaudii,885,5,17.9006258988328
Coua reynaudii,886,5,2.8788579399693
Coua reynaudii,671,4,68.5173564614324
Coua reynaudii,840,4,31.2831288292344
Coua reynaudii,849,4,9.04229392747104
Coua reynaudii,850,4,58.7538227882982
Coua reynaudii,887,4,29.2747668395581
Coua ruficeps,1,1,16.3740665150728
Coua ruficeps,2,1,19.2038282114049
Coua ruficeps,3,1,1.91988596975839
Coua ruficeps,4,1,4.20534270261967
Coua ruficeps,5,1,2.1938327736845
Coua ruficeps,8,1,37.6497033879611
Coua ruficeps,12,1,22.3806283842225
Coua ruficeps,17,1,36.7996040886732
Coua ruficeps,18,1,27.8442933033019
Coua ruficeps,19,1,22.1791893822262
Coua ruficeps,21,1,2.00722734047949
Coua ruficeps,22,1,479.229354984733
Coua ruficeps,23,3,35.4924869900742
Coua ruficeps,25,3,17.1081231937796
Coua ruficeps,28,3,3.31343096531284
Coua ruficeps,31,3,57.9536162531203
Coua ruficeps,32,3,2.32767118464887
Coua ruficeps,34,3,3.75955498126948
Coua ruficeps,36,3,89.7882265229816
Coua ruficeps,38,3,216.621536697744
Coua ruficeps,39,3,1.78860352420843
Coua ruficeps,40,3,69.519772768163
Coua serriana,1,1,104.026440024239
Coua serriana,5,1,246.780689778196
Coua serriana,11,1,3.13243296555984
Coua serriana,12,1,188.530533793634
Coua serriana,16,1,115.416475571594
Coua serriana,28,1,18.4684228710091
Coua serriana,40,1,8.71055469847293
Coua serriana,42,1,1.55853332586139
Coua serriana,43,1,4.12545809786379
Coua serriana,44,1,5.22484076185095
Coua serriana,86,1,118.609435406321
Coua serriana,134,1,6763.47887113909
Coua serriana,1027,1,185.019204770684
Coua serriana,1067,1,58.1374399782699
Coua serriana,1073,1,78.8713894917149
Coua serriana,1074,1,29.8631255431847
Coua serriana,1075,1,151.103738390954
Coua serriana,1130,1,57.6223956232286
Coua serriana,1131,1,27.1051131523871
Coua serriana,1132,1,510.796849516177
Coua serriana,1133,1,170.251143971997
Coua serriana,1139,1,2.55931186735392
Coua serriana,1141,1,431.680059604471
Coua serriana,1142,1,18.7867803754507
Coua serriana,1143,1,83.0485691054942
Coua serriana,1149,1,2.55151549227834
Coua serriana,1150,1,5.10222163080132
Coua serriana,1151,1,175.981325838436
Coua serriana,1152,1,63.0206184295745
Coua serriana,299,2,52.093110773009
Coua serriana,373,2,19.075981222409
Coua serriana,383,2,2.69846636686659
Coua serriana,388,2,2.87876883525908
Coua serriana,392,2,4.58734981391025
Coua serriana,430,2,90.898942940664
Coua serriana,1129,2,42.668198616212
Coua serriana,1153,2,59.0116196877115
Coua serriana,1154,2,42.3093612474828
Coua serriana,1155,2,29.3041924637888
Coua serriana,1156,2,29.7379084643369
Coua serriana,1157,2,9.5401058957789
Coua serriana,1158,2,17.9006258988328
Coua serriana,1159,2,2.8788579399693
Coua serriana,796,5,68.5173564614324
Coua serriana,1102,5,31.2831288292344
Coua serriana,1114,5,30.9497681570725
Coua serriana,1115,5,58.7538227882982
Coua serriana,1160,5,29.2747668395581
Crossleyia xanthophrys,26,8,59.1002417942756
Crossleyia xanthophrys,27,9,47.6733437306282
Crossleyia xanthophrys,28,9,59.711729405829
Crossleyia xanthophrys,29,10,83.2133630683502
Crossleyia xanthophrys,74,15,90.0615537520658
Crossleyia xanthophrys,102,18,30.8125924480566
Crossleyia xanthophrys,103,18,29.8980611397107
Crossleyia xanthophrys,450,45,27.2715936270423
Crossleyia xanthophrys,31,12,29.2902279122381
Crossleyia xanthophrys,34,12,18.9148983457057
Crossleyia xanthophrys,35,12,0.367143398642659
Crossleyia xanthophrys,36,12,4.95616607062292
Crossleyia xanthophrys,37,12,19.8205211282904
Crossleyia xanthophrys,38,12,0.367093046224535
Crossleyia xanthophrys,47,12,1.37619193792635
Crossleyia xanthophrys,48,12,3.30296723872179
Crossleyia xanthophrys,416,37,58.7538227882982
Crossleyia xanthophrys,423,38,31.1097970257471
Crossleyia xanthophrys,98,17,28.6147550266769
Crossleyia xanthophrys,99,17,26.6029137582988
Crossleyia xanthophrys,100,17,7.28544954972791
Crossleyia xanthophrys,454,17,0.273213245428443
Crossleyia xanthophrys,20,7,3.31826545062315
Crossleyia xanthophrys,22,7,31.6985197321723
Crossleyia xanthophrys,24,7,55.3562922973992
Crossleyia xanthophrys,452,7,45.5778428510176
Crossleyia xanthophrys,455,7,3.3177556751284
Crossleyia xanthophrys,456,7,0.276474781070888
Crossleyia xanthophrys,107,21,86.6345357060499
Crossleyia xanthophrys,108,22,29.7723925005818
Crossleyia xanthophrys,109,48,52.093110773009
Crossleyia xanthophrys,116,23,29.8194345089328
Crossleyia xanthophrys,145,23,42.668198616212
Crossleyia xanthophrys,172,23,17.9006258988328
Crossleyia xanthophrys,457,23,9.5401058957789
Crossleyia xanthophrys,458,23,2.8788579399693
Crossleyia xanthophrys,410,47,11.270207233345
Crossleyia xanthophrys,412,47,29.2747668395581
Cryptosylvicola randrianasoloi,15,4,59.744452994155
Cryptosylvicola randrianasoloi,21,6,7.91582309376574
Cryptosylvicola randrianasoloi,22,4,28.9945355610228
Cryptosylvicola randrianasoloi,35,7,29.9084357813374
Cryptosylvicola randrianasoloi,276,27,0.539962693065524
Cryptosylvicola randrianasoloi,277,27,19.0759812224064
Cryptosylvicola randrianasoloi,279,27,0.179958904524803
Cryptosylvicola randrianasoloi,280,27,2.87876883525968
Cryptosylvicola randrianasoloi,281,27,0.899620833965421
Cryptosylvicola randrianasoloi,282,27,0.269868277515173
Cryptosylvicola randrianasoloi,284,27,33.0953660842019
Cryptosylvicola randrianasoloi,417,42,29.2933770460075
Cryptosylvicola randrianasoloi,76,12,67.2185045822866
Cryptosylvicola randrianasoloi,520,46,31.5815648439663
Cryptosylvicola randrianasoloi,239,44,29.7379084643369
Cryptosylvicola randrianasoloi,5,2,16.2380797407156
Cryptosylvicola randrianasoloi,6,2,21.489267393872
Cryptosylvicola randrianasoloi,9,2,29.8682046598686
Cryptosylvicola randrianasoloi,13,2,31.7906732181832
Cryptosylvicola randrianasoloi,14,2,25.3295724640297
Cryptosylvicola randrianasoloi,525,2,3.3177556751284
Cryptosylvicola randrianasoloi,526,2,0.276474781070888
Cryptosylvicola randrianasoloi,42,9,21.3361365445369
Cryptosylvicola randrianasoloi,43,9,25.8418336022728
Cryptosylvicola randrianasoloi,45,9,0.367843747830331
Cryptosylvicola randrianasoloi,52,9,127.121654598106
Cryptosylvicola randrianasoloi,70,9,29.1983259148542
Cryptosylvicola randrianasoloi,527,9,60.1106834541331
Cryptosylvicola randrianasoloi,528,9,0.64315160918951
Cryptosylvicola randrianasoloi,97,17,29.8980611396976
Cryptosylvicola randrianasoloi,134,21,61.2124982058765
Cryptosylvicola randrianasoloi,524,21,27.6229160183386
Cryptosylvicola randrianasoloi,263,25,52.093110773009
Cryptosylvicola randrianasoloi,529,47,29.7723925005818
Cryptosylvicola randrianasoloi,275,26,42.668198616212
Cryptosylvicola randrianasoloi,283,48,17.9006258988328
Cryptosylvicola randrianasoloi,530,48,9.5401058957789
Cryptosylvicola randrianasoloi,531,48,2.8788579399693
Cryptosylvicola randrianasoloi,416,43,31.2831288292344
Cryptosylvicola randrianasoloi,508,43,68.5173564614324
Cryptosylvicola randrianasoloi,509,43,29.2747668395581
Cryptosylvicola randrianasoloi,521,43,30.9497681570725
Cyanolanius madagascarinus,530,87,0.370271373195112
Cyanolanius madagascarinus,531,87,0.46283412528491
Cyanolanius madagascarinus,535,87,43.0377824654047
Cyanolanius madagascarinus,562,87,1.48074673073447
Cyanolanius madagascarinus,564,87,1.66577102635723
Cyanolanius madagascarinus,570,87,0.277623898765862
Cyanolanius madagascarinus,576,87,0.277610584835649
Cyanolanius madagascarinus,25095,87,1.38815019469839
Cyanolanius madagascarinus,5336,94,91.902892975114
Cyanolanius madagascarinus,25249,110,24.4501852478648
Cyanolanius madagascarinus,270,106,0.463597745713949
Cyanolanius madagascarinus,340,106,43.3892599286922
Cyanolanius madagascarinus,176,91,0.556644208811998
Cyanolanius madagascarinus,181,91,0.371099061261237
Cyanolanius madagascarinus,184,91,0.556625695955515
Cyanolanius madagascarinus,198,91,0.463806772104442
Cyanolanius madagascarinus,206,91,0.278275269288719
Cyanolanius madagascarinus,208,91,0.463781360735476
Cyanolanius madagascarinus,224,91,0.278243954663038
Cyanolanius madagascarinus,239,91,0.27820176096195
Cyanolanius madagascarinus,254,91,130.021860527523
Cyanolanius madagascarinus,260,91,6.49089737985898
Cyanolanius madagascarinus,281,91,8.43709773357266
Cyanolanius madagascarinus,25061,91,0.64914825101471
Cyanolanius madagascarinus,25284,91,56.8711675529918
Cyanolanius madagascarinus,25134,115,25.074716512655
Cyanolanius madagascarinus,355,108,70.6947613926224
Cyanolanius madagascarinus,388,108,0.555893682719886
Cyanolanius madagascarinus,411,108,27.8845320748951
Cyanolanius madagascarinus,412,108,0.277912765102387
Cyanolanius madagascarinus,2965,69,0.275667671454728
Cyanolanius madagascarinus,2983,69,1.92954817861217
Cyanolanius madagascarinus,3100,69,0.275591552190781
Cyanolanius madagascarinus,3125,69,0.367434207116187
Cyanolanius madagascarinus,3150,69,33.8991079803615
Cyanolanius madagascarinus,25402,69,0.367500048400045
Cyanolanius madagascarinus,7042,85,21.2443070814916
Cyanolanius madagascarinus,24571,107,2.33597082442725
Cyanolanius madagascarinus,25283,107,57.1920356452231
Cyanolanius madagascarinus,4432,116,0.733158739641845
Cyanolanius madagascarinus,4537,116,2.01572332178837
Cyanolanius madagascarinus,4538,116,0.458135662899971
Cyanolanius madagascarinus,4569,116,0.274868693208218
Cyanolanius madagascarinus,4570,116,0.366490791638374
Cyanolanius madagascarinus,4577,116,0.366482397446334
Cyanolanius madagascarinus,4591,116,0.274855500644743
Cyanolanius madagascarinus,4705,116,0.824397110989213
Cyanolanius madagascarinus,4771,116,1.00747888364965
Cyanolanius madagascarinus,4805,116,1.37373982893509
Cyanolanius madagascarinus,4857,116,27.0084407932128
Cyanolanius madagascarinus,4858,116,0.641021390268981
Cyanolanius madagascarinus,4859,116,1.64832053344005
Cyanolanius madagascarinus,4887,116,1.09880786665845
Cyanolanius madagascarinus,5022,116,1.55623826883286
Cyanolanius madagascarinus,5030,116,0.45771856548512
Cyanolanius madagascarinus,5061,116,1.28151005270296
Cyanolanius madagascarinus,5144,116,0.457617758493304
Cyanolanius madagascarinus,5218,116,1.00660883126068
Cyanolanius madagascarinus,25403,116,0.366216056347668
Cyanolanius madagascarinus,25520,124,31.1097970257471
Cyanolanius madagascarinus,25521,124,29.6010280215162
Cyanolanius madagascarinus,25384,125,20.745550279323
Cyanolanius madagascarinus,11475,88,0.632951986920595
Cyanolanius madagascarinus,25499,88,18.8080490493349
Cyanolanius madagascarinus,24645,121,0.777178853789449
Cyanolanius madagascarinus,25219,121,0.604549703201652
Cyanolanius madagascarinus,25401,121,19.9515621485544
Cyanolanius madagascarinus,25494,121,27.2715936270408
Cyanolanius madagascarinus,25496,121,29.4123165165247
Cyanolanius madagascarinus,25497,121,29.3885406549345
Cyanolanius madagascarinus,25498,121,20.6592519148787
Cyanolanius madagascarinus,10893,39,38.0240908843971
Cyanolanius madagascarinus,10935,39,3.07696966736531
Cyanolanius madagascarinus,10945,39,0.723997986285687
Cyanolanius madagascarinus,10999,39,0.361958205401778
Cyanolanius madagascarinus,25259,39,0.452763459862113
Cyanolanius madagascarinus,25414,138,29.6714715318073
Cyanolanius madagascarinus,14777,126,49.6171625010395
Cyanolanius madagascarinus,25160,126,4.58233058484114
Cyanolanius madagascarinus,25550,126,34.6422357639037
Cyanolanius madagascarinus,14249,73,0.899620833965421
Cyanolanius madagascarinus,14293,73,0.269868277515411
Cyanolanius madagascarinus,25178,73,2.87876883525908
Cyanolanius madagascarinus,25574,73,45.3586244344001
Cyanolanius madagascarinus,25576,73,33.0953660841964
Cyanolanius madagascarinus,20010,140,104.68823217409
Cyanolanius madagascarinus,25669,140,61.2124982058765
Cyanolanius madagascarinus,25573,141,42.668198616212
Cyanolanius madagascarinus,25674,141,90.898942940664
Cyanolanius madagascarinus,25676,141,9.5401058957789
Cyanolanius madagascarinus,25677,141,17.9006258988328
Cyanolanius madagascarinus,25678,141,2.8788579399693
Cyanolanius madagascarinus,25668,142,82.1709647371291
Cyanolanius madagascarinus,25670,142,96.0048449014599
Cyanolanius madagascarinus,25671,142,29.7723925005818
Cyanolanius madagascarinus,25672,142,29.3041924637888
Cyanolanius madagascarinus,25673,143,52.093110773009
Cyanolanius madagascarinus,25675,144,29.7379084643369
Cyanolanius madagascarinus,19525,86,57.1142349294776
Cyanolanius madagascarinus,19998,86,17.8729277360838
Cyanolanius madagascarinus,25667,86,1.42253739552879
Cyanolanius madagascarinus,6096,98,0.274079509045959
Cyanolanius madagascarinus,6276,98,72.0906228077071
Cyanolanius madagascarinus,25406,98,0.456764738324285
Cyanolanius madagascarinus,1333,101,162.374759556721
Cyanolanius madagascarinus,2789,101,0.459616383671761
Cyanolanius madagascarinus,2814,101,0.643432019171834
Cyanolanius madagascarinus,2822,101,0.275752651619434
Cyanolanius madagascarinus,2847,101,0.367655302864552
Cyanolanius madagascarinus,2871,101,1.56243208603394
Cyanolanius madagascarinus,2872,101,0.275729722221732
Cyanolanius madagascarinus,2897,101,0.275717098941743
Cyanolanius madagascarinus,2913,101,0.275709061498702
Cyanolanius madagascarinus,2917,101,0.45950859373796
Cyanolanius madagascarinus,2924,101,0.459497104688943
Cyanolanius madagascarinus,2925,101,1.1946710927338
Cyanolanius madagascarinus,2947,101,3.21620605602366
Cyanolanius madagascarinus,2948,101,0.551364106284559
Cyanolanius madagascarinus,2955,101,1.10266377710587
Cyanolanius madagascarinus,2963,101,0.367564567481756
Cyanolanius madagascarinus,2976,101,0.551319225259066
Cyanolanius madagascarinus,2988,101,1.10259928914046
Cyanolanius madagascarinus,2994,101,2.02137478975725
Cyanolanius madagascarinus,2995,101,0.82694543447876
Cyanolanius madagascarinus,3005,101,0.643170052254975
Cyanolanius madagascarinus,3016,101,1.65382056523669
Cyanolanius madagascarinus,3043,101,0.82682548099494
Cyanolanius madagascarinus,3070,101,0.459349671094835
Cyanolanius madagascarinus,3097,101,0.367459639964402
Cyanolanius madagascarinus,3118,101,0.275586929093957
Cyanolanius madagascarinus,3123,101,1.46972063059127
Cyanolanius madagascarinus,3124,101,0.275577679304183
Cyanolanius madagascarinus,3244,101,0.367363554798722
Cyanolanius madagascarinus,3270,101,58.6780858784085
Cyanolanius madagascarinus,3373,101,431.421548407617
Cyanolanius madagascarinus,3408,101,0.27544305105114
Cyanolanius madagascarinus,9004,101,9167.49023685536
Cyanolanius madagascarinus,25144,101,53.6769175645663
Cyanolanius madagascarinus,25145,101,0.643524707942307
Cyanolanius madagascarinus,25426,101,674.702984277473
Cyanolanius madagascarinus,25618,101,31.5815648439663
Cyanolanius madagascarinus,25628,101,21.3177359530708
Cyanolanius madagascarinus,25629,101,301.748748168552
Cyanolanius madagascarinus,25630,101,176.981841014409
Cyanolanius madagascarinus,25631,101,0.645659265649796
Cyanolanius madagascarinus,25632,101,29.7890733494434
Cyanolanius madagascarinus,25638,101,1385.48179139944
Cyanolanius madagascarinus,25639,101,8.71055469847293
Cyanolanius madagascarinus,25640,101,1.55853332586139
Cyanolanius madagascarinus,25641,101,4.12545809786379
Cyanolanius madagascarinus,25642,101,5.22484076185095
Cyanolanius madagascarinus,25645,101,0.366478799301446
Cyanolanius madagascarinus,25647,101,0.366016744080782
Cyanolanius madagascarinus,25650,101,2.55931186735392
Cyanolanius madagascarinus,25651,101,118.700718526081
Cyanolanius madagascarinus,25652,101,1.09562847792852
Cyanolanius madagascarinus,25653,101,18.7867803754507
Cyanolanius madagascarinus,25654,101,83.0485691054942
Cyanolanius madagascarinus,25658,101,1.09378015375698
Cyanolanius madagascarinus,25659,101,0.820222737159133
Cyanolanius madagascarinus,25660,101,2.55151549227834
Cyanolanius madagascarinus,25661,101,5.10222163080132
Cyanolanius madagascarinus,25662,101,176.345637707092
Cyanolanius madagascarinus,25663,101,63.0206184295745
Cyanolanius madagascarinus,25681,101,0.820644420907617
Cyanolanius madagascarinus,25682,101,1.91443390526378
Cyanolanius madagascarinus,5579,114,20.1184639854197
Cyanolanius madagascarinus,5686,114,1.91988596975839
Cyanolanius madagascarinus,5687,114,4.20534270261967
Cyanolanius madagascarinus,5749,114,5.85033975470399
Cyanolanius madagascarinus,5755,114,24.6792146248905
Cyanolanius madagascarinus,5788,114,2.65062070312464
Cyanolanius madagascarinus,5819,114,0.274192454327822
Cyanolanius madagascarinus,5840,114,1.18809712456608
Cyanolanius madagascarinus,5864,114,4.38649564416373
Cyanolanius madagascarinus,5945,114,8.49783825708031
Cyanolanius madagascarinus,6002,114,0.274089461484313
Cyanolanius madagascarinus,6617,114,0.365034251434088
Cyanolanius madagascarinus,6717,114,0.547426328328371
Cyanolanius madagascarinus,6726,114,0.364942030490041
Cyanolanius madagascarinus,6733,114,0.456175956650972
Cyanolanius madagascarinus,6827,114,773.113506666189
Cyanolanius madagascarinus,24879,114,24.8813630898282
Cyanolanius madagascarinus,24902,114,37.6497033879611
Cyanolanius madagascarinus,24904,114,4.56775692645061
Cyanolanius madagascarinus,25408,114,16.5402429724656
Cyanolanius madagascarinus,25523,114,22.3806283842225
Cyanolanius madagascarinus,25526,114,11.5120029750919
Cyanolanius madagascarinus,25620,114,0.365072069038987
Cyanolanius madagascarinus,25621,114,0.821376871704459
Cyanolanius madagascarinus,25623,114,1.73396250702751
Cyanolanius madagascarinus,25679,114,3.56491505919516
Cyanolanius madagascarinus,14502,123,0.449603298738718
Cyanolanius madagascarinus,14503,123,0.359686745625973
Cyanolanius madagascarinus,14621,123,6.47518067735767
Cyanolanius madagascarinus,25540,123,11.3402500320686
Cyanolanius madagascarinus,25541,123,6.02879668256032
Cyanolanius madagascarinus,25547,123,36.3318798597312
Cyanolanius madagascarinus,25665,123,0.449634089967012
Cyanolanius madagascarinus,25683,123,0.899921316411257
Cyanolanius madagascarinus,25500,127,69.4793727685246
Cyanolanius madagascarinus,16416,129,57.985276672695
Cyanolanius madagascarinus,16487,129,55.5362709867394
Cyanolanius madagascarinus,16632,129,3.31343096531284
Cyanolanius madagascarinus,16767,129,2.32767118464887
Cyanolanius madagascarinus,16892,129,60.4348975658768
Cyanolanius madagascarinus,17195,129,247.770101481942
Cyanolanius madagascarinus,25511,129,26.5383701395922
Cyanolanius madagascarinus,25512,129,17.1081231937796
Cyanolanius madagascarinus,25513,129,0.447673652347326
Cyanolanius madagascarinus,21056,130,0.62064821295929
Cyanolanius madagascarinus,21071,130,0.265972006813645
Cyanolanius madagascarinus,21096,130,0.709200345668078
Cyanolanius madagascarinus,25380,130,68.5173564614324
Cyanolanius madagascarinus,25475,130,31.2831288292344
Cyanolanius madagascarinus,25527,130,30.9497681570725
Cyanolanius madagascarinus,25528,130,9.04229392747104
Cyanolanius madagascarinus,25680,130,29.2747668395581
Cyanolanius madagascarinus,25529,145,58.7538227882982
Cyanolanius madagascarinus,25561,132,30.8125924480652
Cyanolanius madagascarinus,25685,132,29.8980611396976
Cyanolanius madagascarinus,18365,136,110.426171155891
Cyanolanius madagascarinus,15131,139,39.0716951757742
Cyanolanius madagascarinus,25666,139,14.6364940401641
Daubentonia madagascariensis,3185,50,26.5383701396007
Daubentonia madagascariensis,1084,152,91.8113589710392
Daubentonia madagascariensis,10,1,0.556644208811998
Daubentonia madagascariensis,12,1,0.556625695955515
Daubentonia madagascariensis,26,1,0.64914825101471
Daubentonia madagascariensis,28,1,120.469913094509
Daubentonia madagascariensis,5360,166,26.7219759851371
Daubentonia madagascariensis,5362,167,203.108265994202
Daubentonia madagascariensis,5300,158,2.33597082442725
Daubentonia madagascariensis,5353,158,57.1920356452231
Daubentonia madagascariensis,684,159,101.309659376834
Daubentonia madagascariensis,722,159,1.10272016136485
Daubentonia madagascariensis,723,159,1.01083246940541
Daubentonia madagascariensis,2921,37,46.0228045271878
Daubentonia madagascariensis,5426,177,34.6422357639037
Daubentonia madagascariensis,189,13,103.940295216486
Daubentonia madagascariensis,314,13,247.041088453649
Daubentonia madagascariensis,5427,13,0.645659265649796
Daubentonia madagascariensis,1129,87,1092.32145522546
Daubentonia madagascariensis,567,92,25.8543332637053
Daubentonia madagascariensis,609,92,0.919633256253123
Daubentonia madagascariensis,5403,92,0.735776157141507
Daubentonia madagascariensis,5428,92,21.5250719499552
Daubentonia madagascariensis,449,123,3.22456991307456
Daubentonia madagascariensis,468,123,1.19747486800242
Daubentonia madagascariensis,469,123,59.2231361403968
Daubentonia madagascariensis,500,123,210.741080259099
Daubentonia madagascariensis,605,123,138.986036188919
Daubentonia madagascariensis,844,123,29.3752391703744
Daubentonia madagascariensis,966,123,10.8199717594306
Daubentonia madagascariensis,1002,123,30.8790083227612
Daubentonia madagascariensis,1099,123,4.66586542736793
Daubentonia madagascariensis,1113,123,1979.67636352618
Daubentonia madagascariensis,1120,123,0.731667634529829
Daubentonia madagascariensis,1162,123,2.55931186735392
Daubentonia madagascariensis,1163,123,0.548483832757473
Daubentonia madagascariensis,1193,123,62.2549358162039
Daubentonia madagascariensis,5359,123,117.113592396759
Daubentonia madagascariensis,5361,123,116.475616497743
Daubentonia madagascariensis,5400,123,21.7270555164769
Daubentonia madagascariensis,5401,123,54.6489803865359
Daubentonia madagascariensis,5405,123,1.47231811580712
Daubentonia madagascariensis,5431,123,8.71055469847293
Daubentonia madagascariensis,5432,123,1.55853332586139
Daubentonia madagascariensis,5434,123,5.22484076185095
Daubentonia madagascariensis,5435,123,29.9617893726316
Daubentonia madagascariensis,5440,123,1019.91751025213
Daubentonia madagascariensis,1676,179,1210.75329658533
Daubentonia madagascariensis,5445,179,118.609435406321
Daubentonia madagascariensis,5446,179,1.09562847792852
Daubentonia madagascariensis,5447,179,18.7867803754507
Daubentonia madagascariensis,5448,179,83.0485691054942
Daubentonia madagascariensis,5452,179,1.09378015375698
Daubentonia madagascariensis,5453,179,0.820222737159133
Daubentonia madagascariensis,5454,179,2.55151549227834
Daubentonia madagascariensis,5455,179,5.10222163080132
Daubentonia madagascariensis,5456,179,158.216232237621
Daubentonia madagascariensis,5457,179,63.0206184295745
Daubentonia madagascariensis,2540,136,29.6477985946727
Daubentonia madagascariensis,2830,180,82.1709647371291
Daubentonia madagascariensis,5458,180,25.7197057006951
Daubentonia madagascariensis,5460,181,29.3041924637888
Daubentonia madagascariensis,632,173,7.63192306706387
Daubentonia madagascariensis,658,173,0.643524707942307
Daubentonia madagascariensis,680,173,0.643432019171834
Daubentonia madagascariensis,697,173,1.56243208603394
Daubentonia madagascariensis,711,173,1.1946710927338
Daubentonia madagascariensis,717,173,53.6769175645663
Daubentonia madagascariensis,720,173,3.21620605602366
Daubentonia madagascariensis,721,173,0.551364106284559
Daubentonia madagascariensis,727,173,1.10266377710587
Daubentonia madagascariensis,728,173,1.28645181352168
Daubentonia madagascariensis,729,173,19.9464922246198
Daubentonia madagascariensis,734,173,0.551319225259066
Daubentonia madagascariensis,737,173,9.73881683760399
Daubentonia madagascariensis,738,173,1.10259928914046
Daubentonia madagascariensis,740,173,2.02137478975725
Daubentonia madagascariensis,741,173,0.82694543447876
Daubentonia madagascariensis,742,173,0.643170052254975
Daubentonia madagascariensis,746,173,1.65382056523669
Daubentonia madagascariensis,761,173,0.82682548099494
Daubentonia madagascariensis,774,173,1.46972063059127
Daubentonia madagascariensis,800,173,58.6780858784085
Daubentonia madagascariensis,822,173,195.390719691191
Daubentonia madagascariensis,1592,175,13.8476284396475
Daubentonia madagascariensis,1619,175,0.546583886730194
Daubentonia madagascariensis,5406,175,460.698543437542
Daubentonia madagascariensis,5409,175,48.1042026374495
Daubentonia madagascariensis,5461,175,0.820644420907617
Daubentonia madagascariensis,5462,175,1.91443390526378
Daubentonia madagascariensis,5413,176,69.4793727685246
Daubentonia madagascariensis,959,178,69.3205143598499
Daubentonia madagascariensis,985,182,83.3074558061265
Echinops telfairi,202,33,11.0677904937409
Echinops telfairi,204,33,7.19359772695047
Echinops telfairi,279,45,29.1594029263351
Echinops telfairi,320,51,14.3242524163372
Echinops telfairi,6360,436,12.740795570424
Echinops telfairi,6395,436,2.68566153213239
Echinops telfairi,6397,436,4.0719455833993
Echinops telfairi,6463,601,11.3310980595299
Echinops telfairi,6833,603,4.74048544932437
Echinops telfairi,7039,603,2.32784321939826
Echinops telfairi,7182,603,4.91579007415057
Echinops telfairi,5677,395,68.4073900828867
Echinops telfairi,6917,460,24.0897988637511
Echinops telfairi,7321,647,31.018285987414
Echinops telfairi,7294,649,43.5541700668664
Echinops telfairi,88,15,9.25542923517931
Echinops telfairi,89,15,1.48074673073447
Echinops telfairi,90,15,1.4806853566674
Echinops telfairi,91,15,0.277623898765862
Echinops telfairi,7438,15,1.38815019469839
Echinops telfairi,7385,664,13.0307413413506
Echinops telfairi,5741,408,16.1215402504426
Echinops telfairi,38,7,0.463597745713949
Echinops telfairi,46,7,43.2038186617155
Echinops telfairi,833,73,91.8113589710392
Echinops telfairi,944,98,5.85033975470399
Echinops telfairi,946,98,24.6792146248905
Echinops telfairi,963,98,2.65062070312464
Echinops telfairi,974,98,0.274192454327822
Echinops telfairi,7477,392,3.50522293895912
Echinops telfairi,7562,392,7.18396295269907
Echinops telfairi,7563,694,8.87579014953661
Echinops telfairi,7564,694,14.8764755082333
Echinops telfairi,58,681,0.555893682719886
Echinops telfairi,66,681,27.8845320748951
Echinops telfairi,50,8,21.1261124531279
Echinops telfairi,1309,127,26.0969339648157
Echinops telfairi,1350,127,2.00722734047949
Echinops telfairi,5547,385,20.745550279323
Echinops telfairi,6582,697,0.259241756382585
Echinops telfairi,7185,697,29.6357740792488
Echinops telfairi,4989,474,8.75504333933174
Echinops telfairi,5029,474,2.21089209568846
Echinops telfairi,5096,474,6.98321707832301
Echinops telfairi,5171,474,13.167280451611
Echinops telfairi,5188,474,3.09217907194698
Echinops telfairi,5199,474,1.9433949856267
Echinops telfairi,7173,700,0.431933750124097
Echinops telfairi,7640,700,20.9968046764002
Echinops telfairi,232,38,1.19747486800242
Echinops telfairi,235,38,30.8547898218152
Echinops telfairi,238,38,1.93420808195192
Echinops telfairi,240,38,1.84197769368768
Echinops telfairi,245,38,29.6521305713838
Echinops telfairi,295,48,1.92954817861217
Echinops telfairi,300,48,0.275591552190781
Echinops telfairi,305,48,0.367434207116187
Echinops telfairi,307,48,33.8991079803615
Echinops telfairi,7642,48,0.367500048400045
Echinops telfairi,683,82,27.0084407932128
Echinops telfairi,726,82,1.55623826883286
Echinops telfairi,740,82,1.28151005270296
Echinops telfairi,7643,82,0.366216056347668
Echinops telfairi,7645,701,22.20005009601
Echinops telfairi,1615,536,21.2443070814916
Echinops telfairi,2957,556,0.632951986920595
Echinops telfairi,7673,556,18.8080490493349
Echinops telfairi,5675,616,483.161051971392
Echinops telfairi,7296,616,2.11576712074006
Echinops telfairi,7668,616,17.5870851484922
Echinops telfairi,3825,707,89.7882265229816
Echinops telfairi,7479,673,67.1171045351946
Echinops telfairi,7708,673,21.5378946383917
Echinops telfairi,850,687,24.8813630898282
Echinops telfairi,871,687,0.91463577401483
Echinops telfairi,6018,692,107.450014480365
Echinops telfairi,1058,711,16.5402429724656
Echinops telfairi,780,85,22.6013246737857
Echinops telfairi,2863,222,38.2051651932326
Echinops telfairi,2879,222,3.07696966736531
Echinops telfairi,2882,222,0.723997986285687
Echinops telfairi,2890,222,0.361958205401778
Echinops telfairi,7546,222,0.452763459862113
Echinops telfairi,7719,715,29.7723925005818
Echinops telfairi,7262,639,49.6171625010395
Echinops telfairi,7266,639,4.58233058484114
Echinops telfairi,7744,718,34.6422357639037
Echinops telfairi,7214,720,29.6856059502555
Echinops telfairi,3689,672,57.9536162531203
Echinops telfairi,7462,672,57.985276672695
Echinops telfairi,3697,721,3.31343096531284
Echinops telfairi,7706,721,17.1081231937796
Echinops telfairi,7705,709,43.0398890354031
Echinops telfairi,186,28,81.3217539936141
Echinops telfairi,180,31,21.3177359530708
Echinops telfairi,282,46,1.37887890252584
Echinops telfairi,291,46,18.567468098746
Echinops telfairi,284,47,1.56243208603394
Echinops telfairi,285,47,0.275729722221732
Echinops telfairi,286,47,0.275717098941743
Echinops telfairi,287,47,0.275709061498702
Echinops telfairi,288,47,0.45950859373796
Echinops telfairi,289,47,0.459497104688943
Echinops telfairi,290,47,1.1946710927338
Echinops telfairi,292,47,3.21620605602366
Echinops telfairi,293,47,0.367564567481756
Echinops telfairi,296,47,1.10259928914046
Echinops telfairi,298,47,1.65382056523669
Echinops telfairi,303,47,229.318042201327
Echinops telfairi,1159,103,64.7813755391199
Echinops telfairi,7647,103,0.456764738324285
Echinops telfairi,961,105,1.00543750432062
Echinops telfairi,973,105,2.37624750380051
Echinops telfairi,993,105,7.676784038162
Echinops telfairi,1002,105,8.86332816260337
Echinops telfairi,1051,105,0.274089461484313
Echinops telfairi,1067,105,10.9639024804186
Echinops telfairi,1068,105,4.56775692645061
Echinops telfairi,7669,105,0.456749789225697
Echinops telfairi,981,107,37.4669621622546
Echinops telfairi,3510,263,0.449603298738718
Echinops telfairi,3511,263,0.359686745625973
Echinops telfairi,3530,263,36.3318798597312
Echinops telfairi,7729,263,6.47518067735767
Echinops telfairi,7784,263,0.449634089967012
Echinops telfairi,3679,269,39.0716951757742
Echinops telfairi,7760,269,14.6364940401641
Echinops telfairi,4549,309,108.01588872667
Echinops telfairi,7761,309,44.3707966394124
Echinops telfairi,1432,502,180.120184813304
Echinops telfairi,6704,587,24.5074496821614
Echinops telfairi,7109,587,3.79813210761917
Echinops telfairi,3388,597,96.0048449014599
Echinops telfairi,7758,597,82.1709647371291
Echinops telfairi,7759,722,29.3041924637888
Echinops telfairi,6711,602,152.434539488629
Echinops telfairi,6871,602,2.32518582735467
Echinops telfairi,7191,602,27.7275849730304
Echinops telfairi,7192,602,2.66991477625501
Echinops telfairi,6882,605,33.3282081727576
Echinops telfairi,6907,605,47.5161649497437
Echinops telfairi,7764,605,3.96024281801712
Echinops telfairi,1347,620,213.466442273915
Echinops telfairi,7500,620,48.122160598481
Echinops telfairi,5967,625,4.62691263784421
Echinops telfairi,7211,625,17.8876522784669
Echinops telfairi,6132,626,0.348577397500515
Echinops telfairi,7318,626,49.5177099776991
Echinops telfairi,7489,626,1.1328760877285
Echinops telfairi,7768,723,26.865191159266
Echinops telfairi,3718,634,2.32767118464887
Echinops telfairi,3915,634,0.714404974963069
Echinops telfairi,3955,634,489.364914626243
Echinops telfairi,7556,634,7.14406051427555
Echinops telfairi,7219,638,11.1631336764222
Echinops telfairi,7332,724,20.9473376567002
Echinops telfairi,7779,724,4.2402384895742
Echinops telfairi,7780,724,6.05717425780273
Echinops telfairi,7390,662,99.4190072851316
Echinops telfairi,7757,662,29.6282884787538
Echinops telfairi,6238,666,1.39015823458207
Echinops telfairi,7565,666,4.26181091131223
Echinops telfairi,7694,666,9.98819568179679
Echinops telfairi,7696,666,0.347374393435955
Echinops telfairi,7763,666,150.889593339295
Echinops telfairi,6285,725,1.99652411223841
Echinops telfairi,6346,725,0.260165493234277
Echinops telfairi,6373,725,12.0483039035152
Echinops telfairi,6604,725,466.866095203747
Echinops telfairi,3577,703,69.4793727685246
Echinops telfairi,7723,712,16.7397400424525
Eliurus grandidieri,2,1,16.2380797407134
Eliurus grandidieri,5,1,26.6587824925902
Eliurus grandidieri,6,2,30.0991205968286
Eliurus grandidieri,7,3,28.9945355610228
Eliurus grandidieri,8,4,30.0587182645782
Eliurus grandidieri,13,6,28.1094555150568
Eliurus grandidieri,18,7,29.1983259148607
Eliurus grandidieri,19,8,31.5815648439707
Eliurus grandidieri,20,9,29.8980611397107
Eliurus grandidieri,21,10,61.2124982058629
Eliurus grandidieri,22,11,27.622916018329
Eliurus grandidieri,23,12,29.7723925005927
Eliurus grandidieri,33,15,52.0931107730174
Eliurus grandidieri,34,16,2.24909224567282
Eliurus grandidieri,35,16,0.179934098074675
Eliurus grandidieri,36,17,2.87885793997025
Eliurus grandidieri,37,16,2.87876883525968
Eliurus grandidieri,38,16,0.899620833965421
Eliurus grandidieri,39,16,0.269868277515173
Eliurus grandidieri,40,17,17.5407431045385
Eliurus grandidieri,41,16,33.0953660842019
Eliurus grandidieri,50,22,29.2933770460047
Eliurus grandidieri,48,20,68.5173564614324
Eliurus majori,314,421,3.68393426544929
Eliurus majori,764,20,1.19467109273398
Eliurus majori,781,20,3.21620605602414
Eliurus majori,963,24,58.6780858784085
Eliurus majori,3,1,56.8711675529918
Eliurus majori,9368,1,28.8450665179896
Eliurus majori,9332,540,0.604549703201652
Eliurus majori,9334,540,0.777178853789449
Eliurus majori,9388,540,19.9515621485544
Eliurus majori,8155,546,0.0879156733248234
Eliurus majori,9373,546,20.745550279323
Eliurus majori,595,17,113.517839552919
Eliurus majori,783,17,0.183790335580707
Eliurus majori,9288,338,29.0782282981101
Eliurus majori,9365,338,21.6261414673401
Eliurus majori,9335,551,29.4123165165247
Eliurus majori,9465,552,27.2715936270408
Eliurus majori,9467,554,29.3885406549345
Eliurus majori,9468,555,20.6592519148787
Eliurus majori,9474,566,31.1097970257471
Eliurus majori,9475,566,29.6010280215162
Eliurus majori,9480,568,58.7538227882982
Eliurus majori,9491,599,31.5815648439663
Eliurus majori,9398,548,29.6714715318073
Eliurus majori,139,3,0.645659265649796
Eliurus majori,9513,3,294.646941464015
Eliurus majori,273,600,0.276354423903286
Eliurus majori,279,600,6.63162645038087
Eliurus majori,298,600,0.644736027105212
Eliurus majori,308,600,1.74986507844645
Eliurus majori,309,600,112.203011880531
Eliurus majori,689,600,0.459616383671761
Eliurus majori,712,600,0.275752651619434
Eliurus majori,774,600,0.183794934333086
Eliurus majori,778,600,53.6769175645663
Eliurus majori,782,600,0.551364106284559
Eliurus majori,806,600,0.551319225259066
Eliurus majori,820,600,0.643170052254975
Eliurus majori,1296,600,2218.96415805916
Eliurus majori,9516,600,0.184350945953012
Eliurus majori,9517,600,0.0921754729765058
Eliurus majori,9518,600,0.0921743758563399
Eliurus majori,9519,600,0.0921743758563399
Eliurus majori,9520,600,0.0921732785239816
Eliurus majori,9512,601,21.3177359530708
Eliurus majori,9514,602,176.981841014409
Eliurus majori,9515,603,29.7890733494434
Eliurus majori,9521,604,37.009863175507
Eliurus majori,9522,605,738.383881929183
Eliurus majori,9523,605,0.0916520090398192
Eliurus majori,7407,269,11.270207233345
Eliurus majori,59,341,162.374759556721
Eliurus majori,1326,441,2.01200523817331
Eliurus majori,1347,441,0.457216544455171
Eliurus majori,1359,441,7.40589368397206
Eliurus majori,1473,511,69.4623719998894
Eliurus majori,9524,511,0.0914189111073017
Eliurus majori,9525,511,0.0914176766955852
Eliurus majori,2300,526,0.181274117312074
Eliurus majori,9496,526,30.8125924480652
Eliurus majori,9539,526,29.8980611396976
Eliurus majori,652,538,0.643524707942307
Eliurus majori,701,538,0.183841973941922
Eliurus majori,708,538,0.643432019171834
Eliurus majori,719,538,0.367655302864552
Eliurus majori,730,538,1.56243208603394
Eliurus majori,731,538,0.275729722221732
Eliurus majori,747,538,0.275717098941743
Eliurus majori,753,538,0.275709061498702
Eliurus majori,757,538,0.45950859373796
Eliurus majori,763,538,0.459497104688943
Eliurus majori,787,538,1.10266377710587
Eliurus majori,792,538,0.183781132994294
Eliurus majori,793,538,0.367564567481756
Eliurus majori,803,538,0.183777680330873
Eliurus majori,807,538,0.183773075227022
Eliurus majori,810,538,1.10259928914046
Eliurus majori,813,538,2.02137478975725
Eliurus majori,814,538,0.82694543447876
Eliurus majori,825,538,0.183763859939098
Eliurus majori,831,538,0.183761555058956
Eliurus majori,832,538,1.65382056523669
Eliurus majori,868,538,0.367459639964402
Eliurus majori,878,538,0.183724619395971
Eliurus majori,879,538,0.275586929093957
Eliurus majori,889,538,1.46972063059127
Eliurus majori,890,538,0.275577679304183
Eliurus majori,1027,538,407.609373268649
Eliurus majori,2004,539,659.123011313939
Eliurus majori,9526,539,0.820644420907617
Eliurus majori,9411,562,117.067785378298
Eliurus majori,9371,565,29.2747668395581
Eliurus majori,9479,565,30.9497681570725
Eliurus majori,9454,567,31.2831288292344
Eliurus majori,3878,574,0.179958904524803
Eliurus majori,3904,574,2.87876883525908
Eliurus majori,3909,574,0.899620833965421
Eliurus majori,3935,574,0.269868277515411
Eliurus majori,9509,574,45.3586244344001
Eliurus majori,9511,574,33.0953660841964
Eliurus majori,7215,577,104.68823217409
Eliurus majori,9508,606,42.668198616212
Eliurus majori,9528,607,82.1709647371291
Eliurus majori,9530,607,96.0048449014599
Eliurus majori,9529,608,61.2124982058765
Eliurus majori,9531,609,29.7723925005818
Eliurus majori,9532,610,29.3041924637888
Eliurus majori,9533,611,52.093110773009
Eliurus majori,9534,612,90.898942940664
Eliurus majori,9535,613,29.7379084643369
Eliurus majori,9536,614,9.5401058957789
Eliurus majori,9537,615,17.9006258988328
Eliurus majori,9538,615,2.8788579399693
Eliurus minor,81,16,0.185465875022769
Eliurus minor,86,16,6.49089737985945
Eliurus minor,1270,231,3.21620605602342
Eliurus minor,2284,399,9.23022386336601
Eliurus minor,2305,399,0.548279554689884
Eliurus minor,2339,408,13.1553445202153
Eliurus minor,3616,591,18.8080490493477
Eliurus minor,4837,758,6.47518067736161
Eliurus minor,4877,758,0.449634089968205
Eliurus minor,4889,758,0.0899238860031366
Eliurus minor,6036,981,92.2563625948866
Eliurus minor,3470,561,3.07696966736531
Eliurus minor,198,49,0.370271373195112
Eliurus minor,200,49,0.092566825099647
Eliurus minor,202,49,43.0377824654047
Eliurus minor,203,49,0.185130594589651
Eliurus minor,213,49,1.48074673073447
Eliurus minor,214,49,1.66577102635723
Eliurus minor,215,49,0.277623898765862
Eliurus minor,88,17,8.43709773357266
Eliurus minor,90,17,0.185438309592962
Eliurus minor,100,19,0.092707307780385
Eliurus minor,114,19,43.2038186617155
Eliurus minor,148,29,0.18528219835794
Eliurus minor,150,29,27.8845320748951
Eliurus minor,1429,258,58.6780858784085
Eliurus minor,2159,332,91.8113589710392
Eliurus minor,65,6,0.278243954663038
Eliurus minor,83,6,130.021860527523
Eliurus minor,9807,6,56.8711675529918
Eliurus minor,120,26,70.6947613926224
Eliurus minor,122,26,0.0926675960290432
Eliurus minor,129,26,0.0926606114119291
Eliurus minor,136,26,0.092647612277329
Eliurus minor,141,26,0.0926436052985191
Eliurus minor,9719,1829,0.604549703201652
Eliurus minor,9865,1829,19.9515621485544
Eliurus minor,1322,241,0.0918703960418105
Eliurus minor,1342,241,0.275591552190781
Eliurus minor,1348,241,0.0918623096979857
Eliurus minor,1349,241,0.0918623096979857
Eliurus minor,1357,241,0.367434207116187
Eliurus minor,1358,241,0.183716525221169
Eliurus minor,1364,241,20.9441261861418
Eliurus minor,1975,366,16.6641723861465
Eliurus minor,1998,366,0.0915643000477552
Eliurus minor,9688,1524,2.33597082442725
Eliurus minor,9806,1524,57.1920356452231
Eliurus minor,9951,1831,27.2715936270408
Eliurus minor,9953,1833,29.4123165165247
Eliurus minor,9954,1834,29.3885406549345
Eliurus minor,9955,1835,20.6592519148787
Eliurus minor,9975,1847,58.7538227882982
Eliurus minor,2163,1732,24.8813630898282
Eliurus minor,9968,1848,31.1097970257471
Eliurus minor,9969,1848,29.6010280215162
Eliurus minor,3373,541,0.0905584602526426
Eliurus minor,3392,541,0.0905447203234434
Eliurus minor,3442,541,38.0240908843971
Eliurus minor,3463,541,0.0905061372196674
Eliurus minor,4715,734,34.6422357639037
Eliurus minor,9873,1837,29.6714715318073
Eliurus minor,10046,1885,31.5815648439663
Eliurus minor,443,103,162.374759556721
Eliurus minor,1208,197,0.183841973941922
Eliurus minor,1213,197,0.643432019171834
Eliurus minor,1245,197,0.275717098941743
Eliurus minor,1253,197,0.275709061498702
Eliurus minor,1257,197,0.45950859373796
Eliurus minor,1260,197,0.459497104688943
Eliurus minor,1274,197,1.10266377710587
Eliurus minor,1300,197,0.82694543447876
Eliurus minor,1340,197,0.367459639964402
Eliurus minor,1356,197,1.46972063059127
Eliurus minor,1473,197,431.329695352153
Eliurus minor,2036,335,233.118431852784
Eliurus minor,2075,335,398.748762985928
Eliurus minor,9782,335,72.8372816945544
Eliurus minor,2385,402,64.7813755391199
Eliurus minor,2572,415,0.0912818623811007
Eliurus minor,2619,415,545.421632535616
Eliurus minor,4526,622,35.5610772845229
Eliurus minor,4838,759,36.3318798597312
Eliurus minor,4856,759,0.0899370735926628
Eliurus minor,4893,759,0.449603298738718
Eliurus minor,4894,759,0.359686745625973
Eliurus minor,1197,1669,0.459616383671761
Eliurus minor,1214,1669,0.275752651619434
Eliurus minor,1266,1669,0.183794934333086
Eliurus minor,1269,1669,53.6769175645663
Eliurus minor,1271,1669,0.551364106284559
Eliurus minor,1292,1669,0.551319225259066
Eliurus minor,1302,1669,0.643170052254975
Eliurus minor,1842,1669,84.828274272748
Eliurus minor,3138,1669,9022.87282593309
Eliurus minor,10069,1669,8.71055469847293
Eliurus minor,10073,1669,0.0916520090398192
Eliurus minor,10079,1669,0.0914189111073017
Eliurus minor,10080,1669,0.0914176766955852
Eliurus minor,10084,1669,18.7867803754507
Eliurus minor,10085,1669,83.0485691054942
Eliurus minor,10086,1669,0.0911576180326939
Eliurus minor,10087,1669,0.0911525039067268
Eliurus minor,10088,1669,0.0911512248494625
Eliurus minor,10089,1669,1.09378015375698
Eliurus minor,10057,1888,21.3177359530708
Eliurus minor,10058,1889,301.748748168552
Eliurus minor,10060,1889,0.645659265649796
Eliurus minor,10059,1890,176.981841014409
Eliurus minor,10061,1891,29.7890733494434
Eliurus minor,10067,1892,13.6715481239934
Eliurus minor,10068,1893,340.860223925857
Eliurus minor,10071,1894,4.12545809786379
Eliurus minor,10072,1895,5.22484076185095
Eliurus minor,10081,1896,2.55931186735392
Eliurus minor,10082,1897,118.609435406321
Eliurus minor,10091,1898,2.55151549227834
Eliurus minor,10092,1899,5.10222163080132
Eliurus minor,10093,1900,175.981325838436
Eliurus minor,10094,1900,63.0206184295745
Eliurus minor,8041,1701,0.265972006813645
Eliurus minor,9846,1701,68.5173564614324
Eliurus minor,9973,1701,30.9497681570725
Eliurus minor,9974,1701,9.04229392747104
Eliurus minor,10106,1701,29.2747668395581
Eliurus minor,4776,1782,2.87876883525908
Eliurus minor,4780,1782,0.899620833965421
Eliurus minor,4796,1782,0.269868277515411
Eliurus minor,10003,1782,45.3586244344001
Eliurus minor,10005,1782,33.0953660841964
Eliurus minor,9885,1840,674.611930876287
Eliurus minor,10107,1840,0.820644420907617
Eliurus minor,9932,1846,31.2831288292344
Eliurus minor,7684,1856,104.68823217409
Eliurus minor,10095,1901,82.1709647371291
Eliurus minor,10097,1901,96.0048449014599
Eliurus minor,10096,1902,61.2124982058765
Eliurus minor,10098,1903,29.7723925005818
Eliurus minor,10099,1904,29.3041924637888
Eliurus minor,10100,1905,52.093110773009
Eliurus minor,10101,1906,90.898942940664
Eliurus minor,10102,1907,29.7379084643369
Eliurus minor,10103,1908,9.5401058957789
Eliurus minor,10104,1909,17.9006258988328
Eliurus minor,10105,1910,2.8788579399693
Eliurus minor,10002,1863,42.668198616212
Eliurus minor,9990,1887,30.8125924480652
Eliurus minor,10109,1911,29.8980611396976
Eliurus myoxinus,2382,127,1.19467109273535
Eliurus myoxinus,2402,127,3.2162060560233
Eliurus myoxinus,2956,155,0.275273431351006
Eliurus myoxinus,2978,155,58.1799164910902
Eliurus myoxinus,4202,223,0.548483832757473
Eliurus myoxinus,4203,223,0.274244386677384
Eliurus myoxinus,4232,223,5.30132175810719
Eliurus myoxinus,5604,274,3.82909888804293
Eliurus myoxinus,4168,1782,1.91988596975839
Eliurus myoxinus,4169,1782,4.20534270261967
Eliurus myoxinus,318,29,0.370271373195112
Eliurus myoxinus,320,29,0.46283412528491
Eliurus myoxinus,323,29,0.092566825099647
Eliurus myoxinus,325,29,43.0377824654047
Eliurus myoxinus,326,29,0.185130594589651
Eliurus myoxinus,340,29,1.48074673073447
Eliurus myoxinus,341,29,1.66577102635723
Eliurus myoxinus,343,29,0.277623898765862
Eliurus myoxinus,345,29,0.277610584835649
Eliurus myoxinus,347,29,0.0925361785190105
Eliurus myoxinus,20279,1067,68.4073900828867
Eliurus myoxinus,24298,1811,44.4928427752329
Eliurus myoxinus,24348,1846,3.75955498126948
Eliurus myoxinus,24421,1852,3.50522293895912
Eliurus myoxinus,24390,1859,25.074716512655
Eliurus myoxinus,20565,1108,16.1215402504426
Eliurus myoxinus,80,6,0.463597745713949
Eliurus myoxinus,94,6,0.092707307780385
Eliurus myoxinus,143,6,43.2038186617155
Eliurus myoxinus,2652,138,58.6780858784085
Eliurus myoxinus,24493,1060,7.18396295269907
Eliurus myoxinus,181,1671,0.555893682719886
Eliurus myoxinus,205,1671,0.18528219835794
Eliurus myoxinus,207,1671,27.8845320748951
Eliurus myoxinus,24468,1883,24.4501852478648
Eliurus myoxinus,24495,1888,14.8764755082333
Eliurus myoxinus,3879,1845,91.8113589710392
Eliurus myoxinus,24459,1874,3.48046890408206
Eliurus myoxinus,47,2,0.463806772104442
Eliurus myoxinus,50,2,0.278275269288719
Eliurus myoxinus,51,2,0.463781360735476
Eliurus myoxinus,55,2,0.278243954663038
Eliurus myoxinus,58,2,0.185478644791484
Eliurus myoxinus,64,2,0.64914825101471
Eliurus myoxinus,69,2,123.623005869419
Eliurus myoxinus,24520,2,56.8711675529918
Eliurus myoxinus,161,13,70.6947613926224
Eliurus myoxinus,167,13,0.0926675960290432
Eliurus myoxinus,179,13,0.0926606114119291
Eliurus myoxinus,188,13,0.092647612277329
Eliurus myoxinus,197,13,0.0926436052985191
Eliurus myoxinus,16970,887,0.265972006813645
Eliurus myoxinus,17026,887,9.04229392747104
Eliurus myoxinus,19800,1893,0.0879156733248234
Eliurus myoxinus,24557,1893,20.745550279323
Eliurus myoxinus,23537,1894,0.777178853789449
Eliurus myoxinus,24467,1894,0.604549703201652
Eliurus myoxinus,24563,1894,19.9515621485544
Eliurus myoxinus,6211,1903,0.273246820754766
Eliurus myoxinus,24542,1903,27.9623496702767
Eliurus myoxinus,23386,1905,0.259241756382585
Eliurus myoxinus,23398,1905,0.0864094988166094
Eliurus myoxinus,23447,1905,0.0863886469020843
Eliurus myoxinus,23451,1905,0.0863867500652075
Eliurus myoxinus,23460,1905,0.0863848530263901
Eliurus myoxinus,23608,1905,29.6357740792488
Eliurus myoxinus,24211,1905,0.431926162170768
Eliurus myoxinus,24178,1906,0.431933750124097
Eliurus myoxinus,24565,1906,20.9968046764002
Eliurus myoxinus,23252,1208,2.33597082442725
Eliurus myoxinus,23254,1208,0.17303808407855
Eliurus myoxinus,23810,1208,57.1920356452231
Eliurus myoxinus,24616,1917,27.2715936270408
Eliurus myoxinus,24618,1919,29.4123165165247
Eliurus myoxinus,24619,1920,29.3885406549345
Eliurus myoxinus,24620,1921,20.6592519148787
Eliurus myoxinus,4316,229,0.182784649551272
Eliurus myoxinus,4317,229,1.18809712456608
Eliurus myoxinus,4335,229,0.0913904663074017
Eliurus myoxinus,4340,229,0.0913892270473242
Eliurus myoxinus,4341,229,0.182778454094648
Eliurus myoxinus,4351,229,4.38649564416373
Eliurus myoxinus,4449,229,8.49783825708031
Eliurus myoxinus,4505,229,0.274089461484313
Eliurus myoxinus,4520,229,0.0913631538983583
Eliurus myoxinus,4581,229,9.50188821791411
Eliurus myoxinus,4582,229,4.56775692645061
Eliurus myoxinus,4649,229,0.09134945944345
Eliurus myoxinus,24084,229,0.0913643975844383
Eliurus myoxinus,24581,229,0.456749789225697
Eliurus myoxinus,24646,1932,31.1097970257471
Eliurus myoxinus,9391,1675,0.632951986920595
Eliurus myoxinus,9416,1675,0.0904187257698774
Eliurus myoxinus,24624,1675,18.8080490493349
Eliurus myoxinus,3915,1683,24.8813630898282
Eliurus myoxinus,4064,1683,20.1184639854197
Eliurus myoxinus,4318,1788,30.6135540736706
Eliurus myoxinus,4450,1788,0.182741225706577
Eliurus myoxinus,24621,1936,22.2892814174192
Eliurus myoxinus,14315,1937,89.7882265229816
Eliurus myoxinus,24494,1839,8.87579014953661
Eliurus myoxinus,24423,1853,67.1171045351946
Eliurus myoxinus,24658,1853,21.5378946383917
Eliurus myoxinus,21893,1880,46.5723968884084
Eliurus myoxinus,8780,462,0.0905584602526426
Eliurus myoxinus,8848,462,0.0905447203234434
Eliurus myoxinus,8977,462,38.0240908843971
Eliurus myoxinus,9019,462,0.0905061372196674
Eliurus myoxinus,9037,462,3.07696966736531
Eliurus myoxinus,9042,462,0.723997986285687
Eliurus myoxinus,9076,462,0.361958205401778
Eliurus myoxinus,24479,462,0.452763459862113
Eliurus myoxinus,24716,1944,7.49109958654905
Eliurus myoxinus,24718,1945,9.49007950158822
Eliurus myoxinus,20270,1831,68.2853561391057
Eliurus myoxinus,24707,1831,23.0620316261819
Eliurus myoxinus,24708,1831,29.6282884787538
Eliurus myoxinus,13902,1850,57.9536162531203
Eliurus myoxinus,24415,1850,57.985276672695
Eliurus myoxinus,13960,1959,3.31343096531284
Eliurus myoxinus,24656,1959,17.1081231937796
Eliurus myoxinus,24207,1960,29.6856059502555
Eliurus myoxinus,24567,1926,29.6714715318073
Eliurus myoxinus,24720,1962,31.5815648439663
Eliurus myoxinus,12552,1933,49.6171625010395
Eliurus myoxinus,24261,1933,4.58233058484114
Eliurus myoxinus,24697,1963,34.6422357639037
Eliurus myoxinus,24655,1939,43.0398890354031
Eliurus myoxinus,4832,227,64.7813755391199
Eliurus myoxinus,12287,600,0.0899370735926628
Eliurus myoxinus,12332,600,0.0899238860032559
Eliurus myoxinus,12338,600,0.449603298738718
Eliurus myoxinus,12339,600,0.359686745625973
Eliurus myoxinus,12354,600,0.0899194863938093
Eliurus myoxinus,12395,600,36.3318798597312
Eliurus myoxinus,24694,600,6.47518067735767
Eliurus myoxinus,24791,600,0.0899312145226002
Eliurus myoxinus,24792,600,0.449634089967012
Eliurus myoxinus,13858,641,39.0716951757742
Eliurus myoxinus,24767,641,14.6364940401641
Eliurus myoxinus,16027,797,108.01588872667
Eliurus myoxinus,24768,797,44.3707966394124
Eliurus myoxinus,16636,868,11.270207233345
Eliurus myoxinus,949,1328,162.374759556721
Eliurus myoxinus,22266,1719,0.348577397500515
Eliurus myoxinus,24293,1719,49.5177099776991
Eliurus myoxinus,24432,1719,1.1328760877285
Eliurus myoxinus,24773,1964,26.865191159266
Eliurus myoxinus,24208,1755,6.66920689187086
Eliurus myoxinus,24770,1755,0.0866204207210541
Eliurus myoxinus,24771,1755,0.0866166764483452
Eliurus myoxinus,24772,1755,0.0865998172305823
Eliurus myoxinus,24218,1965,11.1631336764222
Eliurus myoxinus,24295,1966,20.9473376567002
Eliurus myoxinus,24777,1966,0.173184637994766
Eliurus myoxinus,24778,1966,0.0865848175348044
Eliurus myoxinus,24782,1966,0.0865735592875481
Eliurus myoxinus,24783,1966,0.0865491415002346
Eliurus myoxinus,24784,1966,4.2402384895742
Eliurus myoxinus,24785,1966,6.05717425780273
Eliurus myoxinus,8454,1762,0.181274117312074
Eliurus myoxinus,24671,1762,30.8125924480652
Eliurus myoxinus,24788,1762,29.8980611396976
Eliurus myoxinus,14027,1800,2.32767118464887
Eliurus myoxinus,14533,1800,0.714404974963069
Eliurus myoxinus,14565,1800,0.178579506715536
Eliurus myoxinus,14713,1800,489.364914626243
Eliurus myoxinus,24491,1800,7.14406051427555
Eliurus myoxinus,2049,1813,7.4522462010057
Eliurus myoxinus,2292,1813,0.459616383671761
Eliurus myoxinus,2315,1813,0.275752651619434
Eliurus myoxinus,2394,1813,0.183794934333086
Eliurus myoxinus,2399,1813,53.6769175645663
Eliurus myoxinus,2403,1813,0.551364106284559
Eliurus myoxinus,2435,1813,0.551319225259066
Eliurus myoxinus,2453,1813,0.643170052254975
Eliurus myoxinus,2926,1813,0.275296915365994
Eliurus myoxinus,2927,1813,0.0917656384553313
Eliurus myoxinus,2939,1813,0.275287525101304
Eliurus myoxinus,2967,1813,0.0917538929588795
Eliurus myoxinus,3754,1813,0.0915267134125233
Eliurus myoxinus,3755,1813,0.0915267134125233
Eliurus myoxinus,3829,1813,0.0915035761964321
Eliurus myoxinus,7422,1813,4255.74603074553
Eliurus myoxinus,24734,1813,2389.85829446418
Eliurus myoxinus,24735,1813,0.184350945953012
Eliurus myoxinus,24736,1813,0.0921754729765058
Eliurus myoxinus,24737,1813,0.0921743758563399
Eliurus myoxinus,24738,1813,0.0921743758563399
Eliurus myoxinus,24739,1813,0.0921732785239816
Eliurus myoxinus,24741,1813,0.0916520090398192
Eliurus myoxinus,24742,1813,0.366016744080782
Eliurus myoxinus,24743,1813,0.0914189111073017
Eliurus myoxinus,24744,1813,0.0914176766955852
Eliurus myoxinus,24746,1813,114.317768635725
Eliurus myoxinus,24747,1813,1.09562847792852
Eliurus myoxinus,24748,1813,18.7867803754507
Eliurus myoxinus,24749,1813,21.7001741978275
Eliurus myoxinus,24750,1813,21.3305931885877
Eliurus myoxinus,24751,1813,0.0911576180326939
Eliurus myoxinus,24752,1813,0.0911525039067268
Eliurus myoxinus,24753,1813,0.0911512248494625
Eliurus myoxinus,24754,1813,1.09378015375698
Eliurus myoxinus,3087,1967,8.71055469847293
Eliurus myoxinus,24729,1968,21.3177359530708
Eliurus myoxinus,24730,1969,301.748748168552
Eliurus myoxinus,24732,1969,0.645659265649796
Eliurus myoxinus,24731,1970,176.981841014409
Eliurus myoxinus,24733,1971,29.7890733494434
Eliurus myoxinus,24740,1972,4.12545809786379
Eliurus myoxinus,24757,1973,5.10222163080132
Eliurus myoxinus,2250,1873,0.643524707942307
Eliurus myoxinus,2304,1873,0.183841973941922
Eliurus myoxinus,2311,1873,0.643432019171834
Eliurus myoxinus,2326,1873,0.367655302864552
Eliurus myoxinus,2337,1873,1.56243208603394
Eliurus myoxinus,2338,1873,0.275729722221732
Eliurus myoxinus,2359,1873,0.275717098941743
Eliurus myoxinus,2366,1873,0.275709061498702
Eliurus myoxinus,2372,1873,0.45950859373796
Eliurus myoxinus,2381,1873,0.459497104688943
Eliurus myoxinus,2410,1873,1.10266377710587
Eliurus myoxinus,2419,1873,0.183781132994294
Eliurus myoxinus,2420,1873,0.367564567481756
Eliurus myoxinus,2430,1873,0.183777680330873
Eliurus myoxinus,2437,1873,0.183773075227022
Eliurus myoxinus,2442,1873,1.10259928914046
Eliurus myoxinus,2446,1873,2.02137478975725
Eliurus myoxinus,2447,1873,0.82694543447876
Eliurus myoxinus,2459,1873,0.183763859939098
Eliurus myoxinus,2466,1873,0.183761555058956
Eliurus myoxinus,2467,1873,1.65382056523669
Eliurus myoxinus,2525,1873,0.367459639964402
Eliurus myoxinus,2537,1873,0.183724619395971
Eliurus myoxinus,2538,1873,0.275586929093957
Eliurus myoxinus,2546,1873,1.46972063059127
Eliurus myoxinus,2547,1873,0.275577679304183
Eliurus myoxinus,2724,1873,430.68612608715
Eliurus myoxinus,22714,1886,1.39015823458207
Eliurus myoxinus,22891,1886,150.889593339295
Eliurus myoxinus,24496,1886,4.26181091131223
Eliurus myoxinus,24647,1886,9.98819568179679
Eliurus myoxinus,24649,1886,0.347374393435955
Eliurus myoxinus,5003,1907,0.0912818623811007
Eliurus myoxinus,5004,1907,0.0912818623811007
Eliurus myoxinus,5014,1907,0.0912806047912836
Eliurus myoxinus,5182,1907,0.0912427791887522
Eliurus myoxinus,5192,1907,781.964310520095
Eliurus myoxinus,5193,1907,0.0912402507442236
Eliurus myoxinus,5198,1907,2.00722734047949
Eliurus myoxinus,5208,1907,0.364942030490041
Eliurus myoxinus,5247,1907,0.456175956650972
Eliurus myoxinus,24725,1907,0.091264236962676
Eliurus myoxinus,24726,1907,0.0912629764248133
Eliurus myoxinus,24727,1907,0.0912617156766653
Eliurus myoxinus,24728,1907,0.0912617156766653
Eliurus myoxinus,24585,1929,674.611930876287
Eliurus myoxinus,24786,1929,0.820644420907617
Eliurus myoxinus,24625,1934,69.4793727685246
Eliurus myoxinus,24688,1941,16.7397400424525
Eliurus myoxinus,24789,1941,0.0899925686674118
Eliurus myoxinus,24790,1941,6.02879668256032
Eliurus myoxinus,12137,1946,96.0048449014599
Eliurus myoxinus,24758,1946,82.1709647371291
Eliurus myoxinus,24759,1974,29.7723925005818
Eliurus myoxinus,24760,1975,29.8625855308016
Eliurus myoxinus,24761,1976,29.3041924637888
Eliurus myoxinus,24762,1977,52.093110773009
Eliurus myoxinus,24763,1978,29.7379084643369
Eliurus myoxinus,24765,1979,17.9006258988328
Eliurus myoxinus,24766,1979,2.8788579399693
Eliurus myoxinus,12114,1947,0.179958904524803
Eliurus myoxinus,12190,1947,2.87876883525908
Eliurus myoxinus,12197,1947,0.899620833965421
Eliurus myoxinus,12222,1947,0.269868277515411
Eliurus myoxinus,24683,1947,45.3586244344001
Eliurus myoxinus,24686,1947,33.0953660841964
Eliurus myoxinus,24677,1950,27.6229160183386
Eliurus tanala,950,41,1.19467109273422
Eliurus tanala,973,41,3.21620605602259
Eliurus tanala,1548,67,25.2644454697598
Eliurus tanala,12,708,20.2118844377285
Eliurus tanala,1182,48,58.6780858784085
Eliurus tanala,7,1,56.8711675529918
Eliurus tanala,21,3,0.0926675960290432
Eliurus tanala,22,3,21.0334598369216
Eliurus tanala,23,3,0.0926606114119291
Eliurus tanala,11345,709,0.604549703201652
Eliurus tanala,11351,709,0.777178853789449
Eliurus tanala,11405,709,19.9515621485544
Eliurus tanala,11383,715,16.2558942641117
Eliurus tanala,11313,436,29.0782282981101
Eliurus tanala,11378,436,21.6261414673401
Eliurus tanala,11357,717,29.4123165165247
Eliurus tanala,11467,718,27.2715936270408
Eliurus tanala,11469,720,29.3885406549345
Eliurus tanala,11470,721,20.6592519148787
Eliurus tanala,11484,739,58.7538227882982
Eliurus tanala,11477,740,31.1097970257471
Eliurus tanala,11478,740,29.6010280215162
Eliurus tanala,11493,774,31.5815648439663
Eliurus tanala,218,9,301.748748168552
Eliurus tanala,11516,9,0.645659265649796
Eliurus tanala,11514,775,21.3177359530708
Eliurus tanala,11515,776,119.359445391181
Eliurus tanala,11517,777,29.7890733494434
Eliurus tanala,87,440,162.374759556721
Eliurus tanala,1704,561,4.84054188698507
Eliurus tanala,1712,561,2.37459808751667
Eliurus tanala,1750,561,228.349531144055
Eliurus tanala,11529,561,0.0914189111073017
Eliurus tanala,11530,561,0.0914176766955852
Eliurus tanala,2163,691,0.181274117312074
Eliurus tanala,11498,691,30.8125924480652
Eliurus tanala,11550,691,29.8980611396976
Eliurus tanala,862,701,0.459616383671761
Eliurus tanala,886,701,0.275752651619434
Eliurus tanala,963,701,0.183794934333086
Eliurus tanala,969,701,53.6769175645663
Eliurus tanala,974,701,0.551364106284559
Eliurus tanala,1002,701,0.551319225259066
Eliurus tanala,1022,701,0.643170052254975
Eliurus tanala,1592,701,2736.56675044583
Eliurus tanala,11519,701,0.184350945953012
Eliurus tanala,11520,701,0.0921754729765058
Eliurus tanala,11521,701,0.0921743758563399
Eliurus tanala,11522,701,0.0921743758563399
Eliurus tanala,11523,701,0.0921732785239816
Eliurus tanala,11518,778,3.31826545062315
Eliurus tanala,11524,779,139.025682688243
Eliurus tanala,11525,779,29.0013915587091
Eliurus tanala,11526,779,31.655493997052
Eliurus tanala,11527,779,1006.05545076723
Eliurus tanala,11528,779,0.0916520090398192
Eliurus tanala,819,706,0.643524707942307
Eliurus tanala,878,706,0.183841973941922
Eliurus tanala,883,706,0.643432019171834
Eliurus tanala,900,706,0.367655302864552
Eliurus tanala,913,706,1.56243208603394
Eliurus tanala,914,706,0.275729722221732
Eliurus tanala,925,706,0.275717098941743
Eliurus tanala,934,706,0.275709061498702
Eliurus tanala,941,706,0.45950859373796
Eliurus tanala,949,706,0.459497104688943
Eliurus tanala,979,706,1.10266377710587
Eliurus tanala,986,706,0.183781132994294
Eliurus tanala,987,706,0.367564567481756
Eliurus tanala,997,706,0.183777680330873
Eliurus tanala,1005,706,0.183773075227022
Eliurus tanala,1010,706,1.10259928914046
Eliurus tanala,1014,706,2.02137478975725
Eliurus tanala,1015,706,0.82694543447876
Eliurus tanala,1027,706,0.183763859939098
Eliurus tanala,1034,706,0.183761555058956
Eliurus tanala,1035,706,1.65382056523669
Eliurus tanala,1080,706,0.367459639964402
Eliurus tanala,1091,706,0.183724619395971
Eliurus tanala,1092,706,0.275586929093957
Eliurus tanala,1098,706,1.46972063059127
Eliurus tanala,1099,706,0.275577679304183
Eliurus tanala,1260,706,431.329695352153
Eliurus tanala,2062,707,662.767863269305
Eliurus tanala,11531,707,0.820644420907617
Eliurus tanala,9157,724,0.265972006813645
Eliurus tanala,11387,724,68.5173564614324
Eliurus tanala,11482,724,30.9497681570725
Eliurus tanala,11483,724,9.04229392747104
Eliurus tanala,11544,724,29.2747668395581
Eliurus tanala,11414,737,224.107224604493
Eliurus tanala,11545,780,36.5609618234288
Eliurus tanala,11546,780,0.0911576180326939
Eliurus tanala,11547,780,0.0911525039067268
Eliurus tanala,11548,780,0.0911512248494625
Eliurus tanala,11549,780,1.09378015375698
Eliurus tanala,11455,738,31.2831288292344
Eliurus tanala,3497,745,0.179958904524803
Eliurus tanala,3549,745,2.87876883525908
Eliurus tanala,3557,745,0.899620833965421
Eliurus tanala,3591,745,0.269868277515411
Eliurus tanala,11511,745,45.3586244344001
Eliurus tanala,11513,745,33.0953660841964
Eliurus tanala,8459,747,104.68823217409
Eliurus tanala,11510,781,42.668198616212
Eliurus tanala,11533,782,82.1709647371291
Eliurus tanala,11535,782,96.0048449014599
Eliurus tanala,11534,783,61.2124982058765
Eliurus tanala,11536,784,29.7723925005818
Eliurus tanala,11537,785,29.3041924637888
Eliurus tanala,11538,786,52.093110773009
Eliurus tanala,11539,787,90.898942940664
Eliurus tanala,11540,788,29.7379084643369
Eliurus tanala,11541,789,9.5401058957789
Eliurus tanala,11542,790,17.9006258988328
Eliurus tanala,11543,790,2.8788579399693
Eliurus webbi,1404,67,1.19467109273487
Eliurus webbi,1418,67,3.21620605602294
Eliurus webbi,1569,72,26.2648020061236
Eliurus webbi,14722,877,0.777178853789449
Eliurus webbi,14792,877,0.604549703201652
Eliurus webbi,14869,877,19.9515621485544
Eliurus webbi,12731,879,0.0879156733248234
Eliurus webbi,14853,879,20.745550279323
Eliurus webbi,14642,814,2.33597082442725
Eliurus webbi,14644,814,0.17303808407855
Eliurus webbi,14815,814,57.1920356452231
Eliurus webbi,14938,885,27.2715936270408
Eliurus webbi,14940,887,29.4123165165247
Eliurus webbi,14941,888,29.3885406549345
Eliurus webbi,14942,889,20.6592519148787
Eliurus webbi,14956,894,58.7538227882982
Eliurus webbi,14949,895,31.1097970257471
Eliurus webbi,14950,895,29.6010280215162
Eliurus webbi,14879,882,29.6714715318073
Eliurus webbi,15026,927,31.5815648439663
Eliurus webbi,162,17,162.374759556721
Eliurus webbi,1329,714,0.459616383671761
Eliurus webbi,1352,714,0.275752651619434
Eliurus webbi,1411,714,0.183794934333086
Eliurus webbi,1416,714,53.6769175645663
Eliurus webbi,1419,714,0.551364106284559
Eliurus webbi,1443,714,0.551319225259066
Eliurus webbi,1455,714,0.643170052254975
Eliurus webbi,3597,714,9163.642217011
Eliurus webbi,15031,714,0.184350945953012
Eliurus webbi,15032,714,0.0921754729765058
Eliurus webbi,15033,714,0.0921743758563399
Eliurus webbi,15034,714,0.0921743758563399
Eliurus webbi,15035,714,0.0921732785239816
Eliurus webbi,15036,714,1385.48179139944
Eliurus webbi,15037,714,8.71055469847293
Eliurus webbi,15041,714,0.0916520090398192
Eliurus webbi,15046,714,0.0915133274670839
Eliurus webbi,15047,714,0.366016744080782
Eliurus webbi,15048,714,0.0914189111073017
Eliurus webbi,15049,714,0.0914176766955852
Eliurus webbi,15051,714,118.609435406321
Eliurus webbi,15052,714,1.09562847792852
Eliurus webbi,15053,714,18.7867803754507
Eliurus webbi,15054,714,83.0485691054942
Eliurus webbi,15055,714,0.0911576180326939
Eliurus webbi,15056,714,0.0911525039067268
Eliurus webbi,15057,714,0.0911512248494625
Eliurus webbi,15058,714,1.09378015375698
Eliurus webbi,14958,928,21.3177359530708
Eliurus webbi,15027,929,301.748748168552
Eliurus webbi,15029,929,0.645659265649796
Eliurus webbi,15028,930,176.981841014409
Eliurus webbi,15030,931,29.7890733494434
Eliurus webbi,15039,932,4.12545809786379
Eliurus webbi,15040,933,5.22484076185095
Eliurus webbi,15061,934,5.10222163080132
Eliurus webbi,15062,935,175.981325838436
Eliurus webbi,15063,935,63.0206184295745
Eliurus webbi,3790,828,0.181274117312074
Eliurus webbi,14970,828,30.8125924480652
Eliurus webbi,15078,828,29.8980611396976
Eliurus webbi,1287,859,0.643524707942307
Eliurus webbi,1341,859,0.183841973941922
Eliurus webbi,1348,859,0.643432019171834
Eliurus webbi,1369,859,0.367655302864552
Eliurus webbi,1378,859,1.56243208603394
Eliurus webbi,1379,859,0.275729722221732
Eliurus webbi,1383,859,0.275717098941743
Eliurus webbi,1390,859,0.275709061498702
Eliurus webbi,1396,859,0.45950859373796
Eliurus webbi,1403,859,0.459497104688943
Eliurus webbi,1428,859,1.10266377710587
Eliurus webbi,1429,859,0.183781132994294
Eliurus webbi,1430,859,0.367564567481756
Eliurus webbi,1439,859,0.183777680330873
Eliurus webbi,1445,859,0.183773075227022
Eliurus webbi,1448,859,1.10259928914046
Eliurus webbi,1449,859,2.02137478975725
Eliurus webbi,1450,859,0.82694543447876
Eliurus webbi,1458,859,0.183763859939098
Eliurus webbi,1465,859,0.183761555058956
Eliurus webbi,1466,859,1.65382056523669
Eliurus webbi,1499,859,0.367459639964402
Eliurus webbi,1508,859,0.183724619395971
Eliurus webbi,1509,859,0.275586929093957
Eliurus webbi,1514,859,1.46972063059127
Eliurus webbi,1515,859,0.275577679304183
Eliurus webbi,1625,859,423.883650733046
Eliurus webbi,14885,883,671.328450152916
Eliurus webbi,15076,883,0.820644420907617
Eliurus webbi,10998,891,0.265972006813645
Eliurus webbi,14849,891,68.5173564614324
Eliurus webbi,14954,891,30.9497681570725
Eliurus webbi,14955,891,9.04229392747104
Eliurus webbi,15075,891,29.2747668395581
Eliurus webbi,14920,893,31.2831288292344
Eliurus webbi,5609,898,0.179958904524803
Eliurus webbi,5669,898,2.87876883525908
Eliurus webbi,5678,898,0.899620833965421
Eliurus webbi,5709,898,0.269868277515411
Eliurus webbi,14983,898,45.3586244344001
Eliurus webbi,14985,898,33.0953660841964
Eliurus webbi,10084,900,104.68823217409
Eliurus webbi,14982,936,42.668198616212
Eliurus webbi,15064,937,54.7128027741683
Eliurus webbi,15066,937,96.0048449014599
Eliurus webbi,15065,938,61.2124982058765
Eliurus webbi,15067,939,29.7723925005818
Eliurus webbi,15068,940,29.3041924637888
Eliurus webbi,15069,941,52.093110773009
Eliurus webbi,15070,942,90.898942940664
Eliurus webbi,15071,943,29.7379084643369
Eliurus webbi,15072,944,9.5401058957789
Eliurus webbi,15073,945,17.9006258988328
Eliurus webbi,15074,945,2.8788579399693
Eremopterix hova,462,34,13.7034546392342
Eremopterix hova,1212,19,2.38971397089434
Eremopterix hova,1217,19,5.22058462251126
Eremopterix hova,1231,19,8.75504333933174
Eremopterix hova,1240,19,2.21089209568846
Eremopterix hova,1264,19,6.98321707832301
Eremopterix hova,1267,19,17.5870851484922
Eremopterix hova,1280,19,13.167280451611
Eremopterix hova,1281,19,2.0322578738991
Eremopterix hova,1284,19,3.09217907194698
Eremopterix hova,1289,19,1.9433949856267
Eremopterix hova,1291,19,2.38467114169073
Eremopterix hova,1298,19,2.47266626964414
Eremopterix hova,1302,19,6.18067912423862
Eremopterix hova,1311,19,2.03042139631903
Eremopterix hova,1326,19,4.32352721770191
Eremopterix hova,1328,19,3.61718966663003
Eremopterix hova,1336,19,4.93923973793232
Eremopterix hova,1339,19,43.5541700668664
Eremopterix hova,1341,19,2.02803748513615
Eremopterix hova,1349,19,2.11576712074006
Eremopterix hova,1352,19,9.25706128804016
Eremopterix hova,1356,19,481.309398297698
Eremopterix hova,1361,19,4.31856011909783
Eremopterix hova,1398,19,13.0307413413506
Eremopterix hova,1409,19,3.87195306908179
Eremopterix hova,1411,19,6.06907414019704
Eremopterix hova,1418,19,2.02272765648758
Eremopterix hova,166,33,22.6013246737857
Eremopterix hova,1536,35,4.62691263784421
Eremopterix hova,1537,35,2.35741760163295
Eremopterix hova,1540,35,4.97515838277996
Eremopterix hova,1541,35,17.8876522784669
Eremopterix hova,1544,35,2.96757189296901
Eremopterix hova,1558,35,1.91961763637984
Eremopterix hova,1588,35,3.04583861633468
Eremopterix hova,1598,35,1.99652411223841
Eremopterix hova,1602,35,466.866095203747
Eremopterix hova,1603,35,2.34164013403249
Eremopterix hova,1605,35,0.260165493234277
Eremopterix hova,1606,35,3.72834730157495
Eremopterix hova,1610,35,12.7407955704241
Eremopterix hova,1617,35,12.0483039035152
Eremopterix hova,1623,35,2.68566153213084
Eremopterix hova,1624,35,4.07194558339631
Eremopterix hova,1635,35,3.11728596669591
Eremopterix hova,1641,35,11.3310980595299
Eremopterix hova,1650,38,3.97366904659271
Eremopterix hova,1652,38,4.31753920239925
Eremopterix hova,1654,38,1.98623648264658
Eremopterix hova,1655,38,3.10878571876741
Eremopterix hova,1661,38,3.79813210761917
Eremopterix hova,1677,38,5.95456626512015
Eremopterix hova,1679,38,24.5074496821614
Eremopterix hova,1690,38,4.91579007415057
Eremopterix hova,1697,38,4.74048544932437
Eremopterix hova,1702,38,152.348318534029
Eremopterix hova,1710,38,6.11881096036088
Eremopterix hova,1715,38,2.66991477625501
Eremopterix hova,1717,38,2.32518582735467
Eremopterix hova,1721,38,27.7275849730304
Eremopterix hova,1722,38,33.3282081727576
Eremopterix hova,1725,38,47.5161649497437
Eremopterix hova,1730,38,24.0897988637511
Eremopterix hova,1731,38,3.01169372167146
Eremopterix hova,1732,38,2.75352315110588
Eremopterix hova,1740,38,2.40852721046042
Eremopterix hova,1766,38,2.32784321939826
Eremopterix hova,1767,38,3.96024281801712
Eulemur albifrons,150,5,7.65654382250804
Eulemur albifrons,156,5,38.0976185701198
Eulemur albifrons,182,5,0.6456592656492
Eulemur albifrons,1875,11,28.6147883524183
Eulemur albifrons,4507,129,29.2707039741415
Eulemur albifrons,1648,115,3.10483766981387
Eulemur albifrons,1707,115,40.3554484141274
Eulemur albifrons,37,4,132.280185398086
Eulemur albifrons,108,4,82.2963550432716
Eulemur albifrons,4512,4,21.3177359530708
Eulemur albifrons,501,6,307.934806559054
Eulemur albifrons,4514,6,22.0040242495188
Eulemur albifrons,4539,6,7.91582309376866
Eulemur albifrons,763,130,0.643524707942307
Eulemur albifrons,766,130,14.3404096482911
Eulemur albifrons,794,130,0.459616383671761
Eulemur albifrons,803,130,0.183841973941922
Eulemur albifrons,809,130,0.643432019171834
Eulemur albifrons,812,130,0.275752651619434
Eulemur albifrons,824,130,0.367655302864552
Eulemur albifrons,830,130,1.56243208603394
Eulemur albifrons,831,130,0.275729722221732
Eulemur albifrons,837,130,0.275717098941743
Eulemur albifrons,843,130,0.275709061498702
Eulemur albifrons,847,130,0.45950859373796
Eulemur albifrons,851,130,0.643297785345674
Eulemur albifrons,852,130,0.459497104688943
Eulemur albifrons,853,130,1.1946710927338
Eulemur albifrons,857,130,0.183794934333086
Eulemur albifrons,861,130,47.9797807943422
Eulemur albifrons,862,130,1.47030313296092
Eulemur albifrons,863,130,0.551364106284559
Eulemur albifrons,870,130,1.10266377710587
Eulemur albifrons,876,130,0.183781132994294
Eulemur albifrons,890,130,2.02137478975725
Eulemur albifrons,891,130,0.82694543447876
Eulemur albifrons,910,130,0.82682548099494
Eulemur albifrons,924,130,0.459349671094835
Eulemur albifrons,936,130,0.367459639964402
Eulemur albifrons,943,130,0.183724619395971
Eulemur albifrons,944,130,0.275586929093957
Eulemur albifrons,947,130,1.46972063059127
Eulemur albifrons,948,130,0.275577679304183
Eulemur albifrons,985,130,0.367363554798722
Eulemur albifrons,992,130,44.3538334620763
Eulemur albifrons,1014,130,295.533130513676
Eulemur albifrons,1025,130,0.27544305105114
Eulemur albifrons,4515,130,175.518539979742
Eulemur albifrons,4516,131,83.0771129379123
Eulemur albifrons,331,94,2.39529754093826
Eulemur albifrons,399,94,0.368391536491752
Eulemur albifrons,452,94,1.19697195979685
Eulemur albifrons,695,94,0.183935519072413
Eulemur albifrons,1682,94,5641.15070576521
Eulemur albifrons,1695,94,74.7524523738498
Eulemur albifrons,4510,94,16.009561443235
Eulemur albifrons,4517,94,1385.48179139944
Eulemur albifrons,4518,94,8.71055469847293
Eulemur albifrons,4519,94,1.55853332586139
Eulemur albifrons,4521,94,5.22484076185095
Eulemur albifrons,4527,94,0.366016744080782
Eulemur albifrons,4530,94,2.55931186735392
Eulemur albifrons,4531,94,30.0199033727969
Eulemur albifrons,1810,126,1.36812352866793
Eulemur albifrons,1850,126,0.182349706664205
Eulemur albifrons,1884,126,83.0485691054942
Eulemur albifrons,1888,126,13.2143774025916
Eulemur albifrons,1897,126,7.74432683949924
Eulemur albifrons,1898,126,0.273353686597824
Eulemur albifrons,2009,126,175.981325838436
Eulemur albifrons,4532,126,31.3686524906201
Eulemur albifrons,4533,126,18.7867803754507
Eulemur albifrons,4534,126,15.8610748654237
Eulemur albifrons,4535,126,0.820222737159133
Eulemur albifrons,4536,126,2.55151549227834
Eulemur albifrons,4537,126,5.10222163080132
Eulemur albifrons,4538,126,54.2767564998349
Eulemur cinereiceps,3199,29,29.3753021912396
Eulemur cinereiceps,5056,37,12.0800389464579
Eulemur cinereiceps,5182,37,23.6059681205734
Eulemur cinereiceps,5311,37,30.0029524529974
Eulemur cinereiceps,3633,250,7.33885625369024
Eulemur cinereiceps,3634,250,0.183485430248976
Eulemur cinereiceps,3706,250,1.92623914275312
Eulemur cinereiceps,3723,250,1.19240941025794
Eulemur cinereiceps,30954,533,44.4928427752329
Eulemur cinereiceps,452,166,0.370271373195112
Eulemur cinereiceps,454,166,0.46283412528491
Eulemur cinereiceps,457,166,43.0377824654047
Eulemur cinereiceps,458,166,0.185130594589651
Eulemur cinereiceps,475,166,1.48074673073447
Eulemur cinereiceps,476,166,1.66577102635723
Eulemur cinereiceps,478,166,0.277623898765862
Eulemur cinereiceps,480,166,0.277610584835649
Eulemur cinereiceps,31064,166,1.38815019469839
Eulemur cinereiceps,31065,166,0.185083622752368
Eulemur cinereiceps,229,7,0.463597745713949
Eulemur cinereiceps,280,7,43.2038186617155
Eulemur cinereiceps,31189,585,24.4501852478648
Eulemur cinereiceps,5262,566,91.8113589710392
Eulemur cinereiceps,321,572,0.555893682719886
Eulemur cinereiceps,339,572,0.18528219835794
Eulemur cinereiceps,343,572,27.8845320748951
Eulemur cinereiceps,344,572,0.277912765102387
Eulemur cinereiceps,4424,32,19.515860134726
Eulemur cinereiceps,143,222,0.556644208811998
Eulemur cinereiceps,150,222,0.371099061261237
Eulemur cinereiceps,153,222,0.556625695955515
Eulemur cinereiceps,162,222,0.185535398295045
Eulemur cinereiceps,169,222,0.463806772104442
Eulemur cinereiceps,177,222,0.278275269288719
Eulemur cinereiceps,179,222,0.463781360735476
Eulemur cinereiceps,189,222,0.278243954663038
Eulemur cinereiceps,201,222,0.185478644791484
Eulemur cinereiceps,204,222,0.27820176096195
Eulemur cinereiceps,207,222,0.64914825101471
Eulemur cinereiceps,212,222,0.18546587502265
Eulemur cinereiceps,215,222,130.021860527523
Eulemur cinereiceps,219,222,0.185455055661559
Eulemur cinereiceps,220,222,6.49089737985898
Eulemur cinereiceps,228,222,8.43709773357266
Eulemur cinereiceps,230,222,0.185438309592962
Eulemur cinereiceps,236,222,0.185425482894003
Eulemur cinereiceps,30820,222,0.185474717534542
Eulemur cinereiceps,31217,222,56.8711675529918
Eulemur cinereiceps,295,460,70.6947613926224
Eulemur cinereiceps,31313,603,20.745550279323
Eulemur cinereiceps,30717,605,0.777178853789449
Eulemur cinereiceps,31148,605,0.604549703201652
Eulemur cinereiceps,31329,605,19.9515621485544
Eulemur cinereiceps,2717,24,0.275667671454728
Eulemur cinereiceps,2737,24,1.92954817861217
Eulemur cinereiceps,2857,24,0.275591552190781
Eulemur cinereiceps,2882,24,0.367434207116187
Eulemur cinereiceps,2883,24,0.183716525221169
Eulemur cinereiceps,2901,24,33.8991079803615
Eulemur cinereiceps,31152,24,0.183782283740878
Eulemur cinereiceps,31330,24,0.367500048400045
Eulemur cinereiceps,4729,35,27.0084407932128
Eulemur cinereiceps,4922,35,1.55623826883286
Eulemur cinereiceps,4967,35,1.28151005270296
Eulemur cinereiceps,5003,35,0.183069222521663
Eulemur cinereiceps,5064,35,0.457617758493304
Eulemur cinereiceps,5122,35,0.183027872893095
Eulemur cinereiceps,5141,35,1.00660883126068
Eulemur cinereiceps,31331,35,0.366216056347668
Eulemur cinereiceps,31332,35,0.1831019721452
Eulemur cinereiceps,8161,478,21.2443070814916
Eulemur cinereiceps,30608,586,2.33597082442725
Eulemur cinereiceps,30610,586,0.17303808407855
Eulemur cinereiceps,31216,586,57.1920356452231
Eulemur cinereiceps,31428,620,27.2715936270408
Eulemur cinereiceps,31430,622,29.4123165165247
Eulemur cinereiceps,31431,623,29.3885406549345
Eulemur cinereiceps,31432,624,20.6592519148787
Eulemur cinereiceps,14054,380,0.632951986920595
Eulemur cinereiceps,31434,380,18.8080490493349
Eulemur cinereiceps,31470,633,58.7538227882982
Eulemur cinereiceps,31460,634,31.1097970257471
Eulemur cinereiceps,31461,634,29.6010280215162
Eulemur cinereiceps,13354,229,38.0240908843971
Eulemur cinereiceps,13443,229,3.07696966736531
Eulemur cinereiceps,13453,229,0.723997986285687
Eulemur cinereiceps,13520,229,0.361958205401778
Eulemur cinereiceps,31194,229,0.452763459862113
Eulemur cinereiceps,31342,635,29.6714715318073
Eulemur cinereiceps,20246,543,57.9536162531203
Eulemur cinereiceps,30949,543,57.985276672695
Eulemur cinereiceps,30968,543,3.75955498126948
Eulemur cinereiceps,20391,656,3.31343096531284
Eulemur cinereiceps,31464,656,17.1081231937796
Eulemur cinereiceps,27726,549,96.1704440242532
Eulemur cinereiceps,28329,549,14.9893741114286
Eulemur cinereiceps,31561,658,31.5815648439663
Eulemur cinereiceps,18144,628,49.6171625010395
Eulemur cinereiceps,18281,628,4.58233058484114
Eulemur cinereiceps,31491,660,34.6422357639037
Eulemur cinereiceps,31463,631,43.0398890354031
Eulemur cinereiceps,20171,93,39.0716951757742
Eulemur cinereiceps,31608,93,14.6364940401641
Eulemur cinereiceps,23693,107,108.01588872667
Eulemur cinereiceps,31609,107,44.3707966394124
Eulemur cinereiceps,31610,107,1.42253739552879
Eulemur cinereiceps,1025,385,162.374759556721
Eulemur cinereiceps,31571,385,21.3177359530708
Eulemur cinereiceps,31572,385,301.748748168552
Eulemur cinereiceps,31574,385,0.645659265649796
Eulemur cinereiceps,2497,661,0.643524707942307
Eulemur cinereiceps,2547,661,0.459616383671761
Eulemur cinereiceps,2557,661,0.183841973941922
Eulemur cinereiceps,2566,661,0.643432019171834
Eulemur cinereiceps,2575,661,0.275752651619434
Eulemur cinereiceps,2591,661,0.367655302864552
Eulemur cinereiceps,2614,661,1.56243208603394
Eulemur cinereiceps,2615,661,0.275729722221732
Eulemur cinereiceps,2642,661,0.275717098941743
Eulemur cinereiceps,2656,661,0.275709061498702
Eulemur cinereiceps,2660,661,0.45950859373796
Eulemur cinereiceps,2669,661,0.459497104688943
Eulemur cinereiceps,2670,661,1.1946710927338
Eulemur cinereiceps,2686,661,0.183794934333086
Eulemur cinereiceps,2694,661,53.6769175645663
Eulemur cinereiceps,2697,661,3.21620605602366
Eulemur cinereiceps,2698,661,0.551364106284559
Eulemur cinereiceps,2704,661,1.10266377710587
Eulemur cinereiceps,2715,661,0.183781132994294
Eulemur cinereiceps,2716,661,0.367564567481756
Eulemur cinereiceps,2726,661,0.183777680330873
Eulemur cinereiceps,2729,661,0.551319225259066
Eulemur cinereiceps,2735,661,0.183773075227022
Eulemur cinereiceps,2743,661,1.10259928914046
Eulemur cinereiceps,2749,661,2.02137478975725
Eulemur cinereiceps,2750,661,0.82694543447876
Eulemur cinereiceps,2754,661,0.643170052254975
Eulemur cinereiceps,2760,661,0.183763859939098
Eulemur cinereiceps,2767,661,0.183761555058956
Eulemur cinereiceps,2768,661,1.65382056523669
Eulemur cinereiceps,2791,661,0.82682548099494
Eulemur cinereiceps,2830,661,0.459349671094835
Eulemur cinereiceps,2856,661,0.367459639964402
Eulemur cinereiceps,2872,661,0.183724619395971
Eulemur cinereiceps,2873,661,0.275586929093957
Eulemur cinereiceps,2880,661,1.46972063059127
Eulemur cinereiceps,2881,661,0.275577679304183
Eulemur cinereiceps,2982,661,0.367363554798722
Eulemur cinereiceps,3014,661,58.6780858784085
Eulemur cinereiceps,3106,661,431.329695352153
Eulemur cinereiceps,3160,661,0.27544305105114
Eulemur cinereiceps,3481,661,0.275296915365994
Eulemur cinereiceps,3510,661,0.275287525101304
Eulemur cinereiceps,3543,661,0.275273431351006
Eulemur cinereiceps,3997,661,1.55853332586139
Eulemur cinereiceps,4042,661,0.18334454567039
Eulemur cinereiceps,4082,661,19.800459172754
Eulemur cinereiceps,4141,661,4.94941971172953
Eulemur cinereiceps,4162,661,5.77360824797236
Eulemur cinereiceps,4293,661,0.183276533060908
Eulemur cinereiceps,7882,661,3.8290988880409
Eulemur cinereiceps,8853,661,1.18376412765717
Eulemur cinereiceps,10783,661,8333.17965834895
Eulemur cinereiceps,31573,661,176.981841014409
Eulemur cinereiceps,31576,661,0.184350945953012
Eulemur cinereiceps,31583,661,8.71055469847293
Eulemur cinereiceps,31585,661,5.22484076185095
Eulemur cinereiceps,31591,661,0.366016744080782
Eulemur cinereiceps,31594,661,2.55931186735392
Eulemur cinereiceps,31595,661,118.609435406321
Eulemur cinereiceps,31596,661,1.09562847792852
Eulemur cinereiceps,31597,661,18.7867803754507
Eulemur cinereiceps,31598,661,63.9051864093485
Eulemur cinereiceps,31602,661,1.09378015375698
Eulemur cinereiceps,31603,661,0.820222737159133
Eulemur cinereiceps,31604,661,2.55151549227834
Eulemur cinereiceps,31605,661,5.10222163080132
Eulemur cinereiceps,31606,661,145.740287128138
Eulemur cinereiceps,31607,661,63.0206184295745
Eulemur cinereiceps,3482,662,0.367061380223453
Eulemur cinereiceps,31581,662,22.846619951433
Eulemur cinereiceps,31575,663,29.7890733494434
Eulemur cinereiceps,31582,664,29.8981383788188
Eulemur cinereiceps,6551,391,64.7813755391199
Eulemur cinereiceps,31334,391,0.456764738324285
Eulemur cinereiceps,20552,502,2.32767118464887
Eulemur cinereiceps,20718,502,69.5634544487201
Eulemur cinereiceps,22476,502,452.518800373944
Eulemur cinereiceps,12382,522,0.181274117312074
Eulemur cinereiceps,31505,522,30.8125924480652
Eulemur cinereiceps,31629,522,29.8980611396976
Eulemur cinereiceps,5318,596,24.8813630898282
Eulemur cinereiceps,5567,596,20.1184639854197
Eulemur cinereiceps,5706,596,1.91988596975839
Eulemur cinereiceps,5707,596,4.20534270261967
Eulemur cinereiceps,31562,596,3.56491505919516
Eulemur cinereiceps,5784,665,37.6497033879611
Eulemur cinereiceps,31433,665,22.2892814174192
Eulemur cinereiceps,5789,606,5.85033975470399
Eulemur cinereiceps,5799,606,24.6792146248905
Eulemur cinereiceps,5841,606,1.00543750432062
Eulemur cinereiceps,5845,606,2.83342021114922
Eulemur cinereiceps,5855,606,0.182805694628716
Eulemur cinereiceps,5880,606,1.00536820483041
Eulemur cinereiceps,5881,606,2.37624750380051
Eulemur cinereiceps,5888,606,0.274192454327822
Eulemur cinereiceps,5909,606,0.182784649551272
Eulemur cinereiceps,5941,606,0.182778454094648
Eulemur cinereiceps,5951,606,7.676784038162
Eulemur cinereiceps,6066,606,8.49783825708031
Eulemur cinereiceps,6143,606,0.274089461484313
Eulemur cinereiceps,6216,606,10.9639024804186
Eulemur cinereiceps,6217,606,4.56775692645061
Eulemur cinereiceps,31336,606,16.5402429724656
Eulemur cinereiceps,31467,606,0.456749789225697
Eulemur cinereiceps,31354,607,674.611930876287
Eulemur cinereiceps,31623,607,0.820644420907617
Eulemur cinereiceps,31624,607,1.91443390526378
Eulemur cinereiceps,25546,610,0.62064821295929
Eulemur cinereiceps,25566,610,0.265972006813645
Eulemur cinereiceps,25588,610,0.709200345668078
Eulemur cinereiceps,25609,610,0.177290677110195
Eulemur cinereiceps,31309,610,68.5173564614324
Eulemur cinereiceps,31311,610,0.177275942426443
Eulemur cinereiceps,31312,610,0.177274304782152
Eulemur cinereiceps,31468,610,30.9497681570725
Eulemur cinereiceps,31469,610,9.04229392747104
Eulemur cinereiceps,31622,610,29.2747668395581
Eulemur cinereiceps,7203,625,800.12748936824
Eulemur cinereiceps,7211,625,2.00722734047949
Eulemur cinereiceps,7223,625,0.364942030490041
Eulemur cinereiceps,7237,625,0.456175956650972
Eulemur cinereiceps,31564,625,0.365072069038987
Eulemur cinereiceps,31565,625,0.821376871704459
Eulemur cinereiceps,17766,626,0.449603298738718
Eulemur cinereiceps,17767,626,0.359686745625973
Eulemur cinereiceps,17877,626,36.3318798597312
Eulemur cinereiceps,31488,626,6.47518067735767
Eulemur cinereiceps,31628,626,0.449634089967012
Eulemur cinereiceps,31435,629,69.4793727685246
Eulemur cinereiceps,31409,632,31.2831288292344
Eulemur cinereiceps,17397,637,0.179958904524803
Eulemur cinereiceps,17488,637,2.87876883525908
Eulemur cinereiceps,17498,637,0.899620833965421
Eulemur cinereiceps,17544,637,0.269868277515411
Eulemur cinereiceps,31518,637,45.3586244344001
Eulemur cinereiceps,31520,637,33.0953660841964
Eulemur cinereiceps,24276,666,104.68823217409
Eulemur cinereiceps,31517,667,42.668198616212
Eulemur cinereiceps,31617,667,90.898942940664
Eulemur cinereiceps,31611,668,82.1709647371291
Eulemur cinereiceps,31613,668,96.0048449014599
Eulemur cinereiceps,31612,669,61.2124982058765
Eulemur cinereiceps,31614,670,29.7723925005818
Eulemur cinereiceps,31615,671,29.3041924637888
Eulemur cinereiceps,31616,672,52.093110773009
Eulemur cinereiceps,31618,673,29.7379084643369
Eulemur cinereiceps,31619,674,9.5401058957789
Eulemur cinereiceps,31620,675,17.9006258988328
Eulemur cinereiceps,31621,675,2.8788579399693
Eulemur cinereiceps,31482,659,16.7397400424525
Eulemur cinereiceps,31626,659,6.02879668256032
Eulemur collaris,2222,26,29.3753021912396
Eulemur collaris,3538,35,12.0800389464579
Eulemur collaris,3623,35,23.6059681205734
Eulemur collaris,3705,35,30.0029524529974
Eulemur collaris,21252,395,44.4928427752329
Eulemur collaris,323,10,0.370271373195112
Eulemur collaris,324,10,0.46283412528491
Eulemur collaris,327,10,43.0377824654047
Eulemur collaris,343,10,1.48074673073447
Eulemur collaris,344,10,1.66577102635723
Eulemur collaris,348,10,0.277623898765862
Eulemur collaris,349,10,0.277610584835649
Eulemur collaris,21362,10,1.38815019469839
Eulemur collaris,167,234,0.463597745713949
Eulemur collaris,199,234,43.2038186617155
Eulemur collaris,21485,445,24.4501852478648
Eulemur collaris,3674,427,91.8113589710392
Eulemur collaris,225,433,0.555893682719886
Eulemur collaris,241,433,27.8845320748951
Eulemur collaris,242,433,0.277912765102387
Eulemur collaris,96,2,0.556644208811998
Eulemur collaris,100,2,0.371099061261237
Eulemur collaris,103,2,0.556625695955515
Eulemur collaris,115,2,0.463806772104442
Eulemur collaris,122,2,0.278275269288719
Eulemur collaris,124,2,0.463781360735476
Eulemur collaris,134,2,0.278243954663038
Eulemur collaris,147,2,0.27820176096195
Eulemur collaris,150,2,0.64914825101471
Eulemur collaris,157,2,130.021860527523
Eulemur collaris,161,2,6.49089737985898
Eulemur collaris,166,2,8.43709773357266
Eulemur collaris,21513,2,56.8711675529918
Eulemur collaris,3104,30,19.515860134726
Eulemur collaris,210,330,70.6947613926224
Eulemur collaris,21609,457,20.745550279323
Eulemur collaris,21057,459,0.777178853789449
Eulemur collaris,21444,459,0.604549703201652
Eulemur collaris,21625,459,19.9515621485544
Eulemur collaris,1895,23,0.275667671454728
Eulemur collaris,1905,23,1.92954817861217
Eulemur collaris,1986,23,0.275591552190781
Eulemur collaris,2002,23,0.367434207116187
Eulemur collaris,2014,23,33.8991079803615
Eulemur collaris,21626,23,0.367500048400045
Eulemur collaris,3314,33,27.0084407932128
Eulemur collaris,3447,33,1.55623826883286
Eulemur collaris,3479,33,1.28151005270296
Eulemur collaris,3545,33,0.457617758493304
Eulemur collaris,21627,33,0.366216056347668
Eulemur collaris,5639,345,21.2443070814916
Eulemur collaris,20979,446,2.33597082442725
Eulemur collaris,21512,446,57.1920356452231
Eulemur collaris,21724,473,27.2715936270408
Eulemur collaris,21726,475,29.4123165165247
Eulemur collaris,21727,476,29.3885406549345
Eulemur collaris,21728,477,20.6592519148787
Eulemur collaris,9475,265,0.632951986920595
Eulemur collaris,21730,265,18.8080490493349
Eulemur collaris,21766,486,58.7538227882982
Eulemur collaris,21756,487,31.1097970257471
Eulemur collaris,21757,487,29.6010280215162
Eulemur collaris,8995,163,38.0240908843971
Eulemur collaris,9056,163,3.07696966736531
Eulemur collaris,9064,163,0.723997986285687
Eulemur collaris,9106,163,0.361958205401778
Eulemur collaris,21490,163,0.452763459862113
Eulemur collaris,21638,488,29.6714715318073
Eulemur collaris,13692,406,57.9536162531203
Eulemur collaris,21247,406,57.985276672695
Eulemur collaris,21266,406,3.75955498126948
Eulemur collaris,13792,490,3.31343096531284
Eulemur collaris,21760,490,17.1081231937796
Eulemur collaris,19036,412,96.1704440242532
Eulemur collaris,19433,412,14.9893741114286
Eulemur collaris,21857,492,31.5815648439663
Eulemur collaris,12173,481,49.6171625010395
Eulemur collaris,12276,481,4.58233058484114
Eulemur collaris,21787,510,34.6422357639037
Eulemur collaris,21759,484,43.0398890354031
Eulemur collaris,13637,86,39.0716951757742
Eulemur collaris,21904,86,14.6364940401641
Eulemur collaris,16191,96,108.01588872667
Eulemur collaris,21905,96,44.3707966394124
Eulemur collaris,21906,96,1.42253739552879
Eulemur collaris,754,268,162.374759556721
Eulemur collaris,21867,268,21.3177359530708
Eulemur collaris,21868,268,301.748748168552
Eulemur collaris,21870,268,0.645659265649796
Eulemur collaris,1746,511,0.643524707942307
Eulemur collaris,1781,511,0.459616383671761
Eulemur collaris,1796,511,0.643432019171834
Eulemur collaris,1802,511,0.275752651619434
Eulemur collaris,1816,511,0.367655302864552
Eulemur collaris,1832,511,1.56243208603394
Eulemur collaris,1833,511,0.275729722221732
Eulemur collaris,1851,511,0.275717098941743
Eulemur collaris,1859,511,0.275709061498702
Eulemur collaris,1861,511,0.45950859373796
Eulemur collaris,1865,511,0.459497104688943
Eulemur collaris,1866,511,1.1946710927338
Eulemur collaris,1878,511,53.6769175645663
Eulemur collaris,1881,511,3.21620605602366
Eulemur collaris,1882,511,0.551364106284559
Eulemur collaris,1886,511,1.10266377710587
Eulemur collaris,1894,511,0.367564567481756
Eulemur collaris,1900,511,0.551319225259066
Eulemur collaris,1910,511,1.10259928914046
Eulemur collaris,1915,511,2.02137478975725
Eulemur collaris,1916,511,0.82694543447876
Eulemur collaris,1920,511,0.643170052254975
Eulemur collaris,1928,511,1.65382056523669
Eulemur collaris,1942,511,0.82682548099494
Eulemur collaris,1965,511,0.459349671094835
Eulemur collaris,1985,511,0.367459639964402
Eulemur collaris,1997,511,0.275586929093957
Eulemur collaris,2000,511,1.46972063059127
Eulemur collaris,2001,511,0.275577679304183
Eulemur collaris,2072,511,0.367363554798722
Eulemur collaris,2094,511,58.6780858784085
Eulemur collaris,2158,511,431.329695352153
Eulemur collaris,2195,511,0.27544305105114
Eulemur collaris,2424,511,0.275296915365994
Eulemur collaris,2441,511,0.275287525101304
Eulemur collaris,2470,511,0.275273431351006
Eulemur collaris,2771,511,1.55853332586139
Eulemur collaris,2840,511,19.800459172754
Eulemur collaris,2884,511,4.94941971172953
Eulemur collaris,2899,511,5.77360824797236
Eulemur collaris,5453,511,3.8290988880409
Eulemur collaris,6150,511,1.18376412765717
Eulemur collaris,7397,511,8333.17965834895
Eulemur collaris,21879,511,8.71055469847293
Eulemur collaris,21881,511,5.22484076185095
Eulemur collaris,21887,511,0.366016744080782
Eulemur collaris,21890,511,2.55931186735392
Eulemur collaris,21891,511,118.609435406321
Eulemur collaris,21892,511,1.09562847792852
Eulemur collaris,21893,511,18.7867803754507
Eulemur collaris,21894,511,63.9051864093485
Eulemur collaris,21898,511,1.09378015375698
Eulemur collaris,21899,511,0.820222737159133
Eulemur collaris,21900,511,2.55151549227834
Eulemur collaris,21901,511,5.10222163080132
Eulemur collaris,21902,511,145.740287128138
Eulemur collaris,21903,511,63.0206184295745
Eulemur collaris,2425,512,0.367061380223453
Eulemur collaris,21877,512,22.846619951433
Eulemur collaris,21869,513,176.981841014409
Eulemur collaris,21871,514,29.7890733494434
Eulemur collaris,21878,515,29.8981383788188
Eulemur collaris,4557,272,64.7813755391199
Eulemur collaris,21630,272,0.456764738324285
Eulemur collaris,13905,367,2.32767118464887
Eulemur collaris,14025,367,69.5634544487201
Eulemur collaris,15286,367,452.518800373944
Eulemur collaris,3710,451,24.8813630898282
Eulemur collaris,3880,451,20.1184639854197
Eulemur collaris,3978,451,1.91988596975839
Eulemur collaris,3979,451,4.20534270261967
Eulemur collaris,21858,451,3.56491505919516
Eulemur collaris,4040,516,37.6497033879611
Eulemur collaris,21729,516,22.2892814174192
Eulemur collaris,4044,460,5.85033975470399
Eulemur collaris,4052,460,24.6792146248905
Eulemur collaris,4078,460,1.00543750432062
Eulemur collaris,4082,460,2.83342021114922
Eulemur collaris,4107,460,1.00536820483041
Eulemur collaris,4108,460,2.37624750380051
Eulemur collaris,4113,460,0.274192454327822
Eulemur collaris,4154,460,7.676784038162
Eulemur collaris,4234,460,8.49783825708031
Eulemur collaris,4283,460,0.274089461484313
Eulemur collaris,4332,460,10.9639024804186
Eulemur collaris,4333,460,4.56775692645061
Eulemur collaris,21632,460,16.5402429724656
Eulemur collaris,21763,460,0.456749789225697
Eulemur collaris,21650,461,674.611930876287
Eulemur collaris,21919,461,0.820644420907617
Eulemur collaris,21920,461,1.91443390526378
Eulemur collaris,11757,463,2.87876883525908
Eulemur collaris,11761,463,0.899620833965421
Eulemur collaris,11790,463,0.269868277515411
Eulemur collaris,21814,463,45.3586244344001
Eulemur collaris,21816,463,33.0953660841964
Eulemur collaris,16621,517,104.68823217409
Eulemur collaris,21813,518,42.668198616212
Eulemur collaris,21913,518,90.898942940664
Eulemur collaris,21907,519,82.1709647371291
Eulemur collaris,21909,519,96.0048449014599
Eulemur collaris,21908,520,61.2124982058765
Eulemur collaris,21910,521,29.7723925005818
Eulemur collaris,21911,522,29.3041924637888
Eulemur collaris,21912,523,52.093110773009
Eulemur collaris,21914,524,29.7379084643369
Eulemur collaris,21916,525,17.9006258988328
Eulemur collaris,21917,525,2.8788579399693
Eulemur collaris,17536,464,0.62064821295929
Eulemur collaris,17550,464,0.265972006813645
Eulemur collaris,17567,464,0.709200345668078
Eulemur collaris,21605,464,68.5173564614324
Eulemur collaris,21764,464,30.9497681570725
Eulemur collaris,21765,464,9.04229392747104
Eulemur collaris,21918,464,29.2747668395581
Eulemur collaris,5014,478,800.12748936824
Eulemur collaris,5019,478,2.00722734047949
Eulemur collaris,5028,478,0.364942030490041
Eulemur collaris,5039,478,0.456175956650972
Eulemur collaris,21860,478,0.365072069038987
Eulemur collaris,21861,478,0.821376871704459
Eulemur collaris,11941,479,0.449603298738718
Eulemur collaris,11942,479,0.359686745625973
Eulemur collaris,12014,479,36.3318798597312
Eulemur collaris,21784,479,6.47518067735767
Eulemur collaris,21924,479,0.449634089967012
Eulemur collaris,21731,482,69.4793727685246
Eulemur collaris,21705,485,31.2831288292344
Eulemur collaris,21801,495,30.8125924480652
Eulemur collaris,21925,495,29.8980611396976
Eulemur collaris,21778,509,16.7397400424525
Eulemur collaris,21922,509,6.02879668256032
Eulemur coronatus,2315,201,15.1777130100204
Eulemur coronatus,2504,37,6.24659292703468
Eulemur coronatus,2709,41,28.9027750310322
Eulemur coronatus,2969,51,1.00747888364899
Eulemur coronatus,2978,51,1.37373982893485
Eulemur coronatus,2992,51,0.641021390268981
Eulemur coronatus,2993,51,1.64832053344005
Eulemur coronatus,3004,51,1.09880786665875
Eulemur coronatus,5100,104,18.8080490493467
Eulemur coronatus,5101,104,0.632951986920714
Eulemur coronatus,463,184,0.370271373195112
Eulemur coronatus,465,184,0.46283412528491
Eulemur coronatus,468,184,43.0377824654047
Eulemur coronatus,469,184,0.185130594589651
Eulemur coronatus,483,184,1.48074673073447
Eulemur coronatus,484,184,1.66577102635723
Eulemur coronatus,486,184,0.277623898765862
Eulemur coronatus,488,184,0.277610584835649
Eulemur coronatus,11193,184,1.38815019469839
Eulemur coronatus,11194,184,0.185083622752368
Eulemur coronatus,11204,419,25.074716512655
Eulemur coronatus,1622,362,24.4501852478648
Eulemur coronatus,224,9,0.463597745713949
Eulemur coronatus,283,9,43.2038186617155
Eulemur coronatus,2516,38,0.275591552190781
Eulemur coronatus,2524,38,0.367434207116187
Eulemur coronatus,2525,38,0.183716525221169
Eulemur coronatus,2533,38,20.9441261861418
Eulemur coronatus,323,421,0.555893682719886
Eulemur coronatus,341,421,0.18528219835794
Eulemur coronatus,345,421,27.8845320748951
Eulemur coronatus,346,421,0.277912765102387
Eulemur coronatus,140,5,0.556644208811998
Eulemur coronatus,146,5,0.371099061261237
Eulemur coronatus,149,5,0.556625695955515
Eulemur coronatus,158,5,0.185535398295045
Eulemur coronatus,164,5,0.463806772104442
Eulemur coronatus,171,5,0.278275269288719
Eulemur coronatus,173,5,0.463781360735476
Eulemur coronatus,183,5,0.278243954663038
Eulemur coronatus,193,5,0.185478644791484
Eulemur coronatus,199,5,0.27820176096195
Eulemur coronatus,202,5,0.64914825101471
Eulemur coronatus,207,5,0.18546587502265
Eulemur coronatus,210,5,130.021860527523
Eulemur coronatus,214,5,0.185455055661559
Eulemur coronatus,215,5,6.49089737985898
Eulemur coronatus,223,5,8.43709773357266
Eulemur coronatus,225,5,0.185438309592962
Eulemur coronatus,231,5,0.185425482894003
Eulemur coronatus,11151,5,0.185474717534542
Eulemur coronatus,11232,5,56.8711675529918
Eulemur coronatus,3951,433,15.4889195623496
Eulemur coronatus,306,306,70.6947613926224
Eulemur coronatus,2327,31,0.183935519072413
Eulemur coronatus,2426,31,80.4473270242695
Eulemur coronatus,2991,52,27.0084407932128
Eulemur coronatus,3038,52,1.55623826883286
Eulemur coronatus,3045,52,1.28151005270296
Eulemur coronatus,3049,52,0.183069222521663
Eulemur coronatus,3052,52,0.457617758493304
Eulemur coronatus,3066,52,0.183027872893095
Eulemur coronatus,3073,52,1.00660883126068
Eulemur coronatus,11238,52,0.366216056347668
Eulemur coronatus,11239,52,0.1831019721452
Eulemur coronatus,11067,164,20.6592519148787
Eulemur coronatus,2273,440,50.425527882749
Eulemur coronatus,2298,440,0.183992209264874
Eulemur coronatus,7546,386,30.9829191094681
Eulemur coronatus,7573,386,17.455601902805
Eulemur coronatus,7649,386,144.673431425741
Eulemur coronatus,4919,101,38.0240908843971
Eulemur coronatus,4945,101,3.07696966736531
Eulemur coronatus,4950,101,0.723997986285687
Eulemur coronatus,4971,101,0.361958205401778
Eulemur coronatus,11231,101,0.452763459862113
Eulemur coronatus,7262,121,57.985276672695
Eulemur coronatus,7445,121,57.9536162531203
Eulemur coronatus,7682,121,3.75955498126948
Eulemur coronatus,7409,446,17.1081231937796
Eulemur coronatus,7502,446,3.31343096531284
Eulemur coronatus,6561,382,27.9503087186389
Eulemur coronatus,6621,382,4.58233058484114
Eulemur coronatus,11255,444,34.6422357639037
Eulemur coronatus,2739,42,20.5478830689393
Eulemur coronatus,2750,42,0.366857565845728
Eulemur coronatus,2788,42,98.2948159355851
Eulemur coronatus,11269,42,0.458605646621585
Eulemur coronatus,2771,44,8.71055469847293
Eulemur coronatus,3206,64,285.068186281473
Eulemur coronatus,3273,64,2.55808245035088
Eulemur coronatus,3394,64,34.7078468910372
Eulemur coronatus,3442,64,18.0802938475479
Eulemur coronatus,3500,64,1.09562847792852
Eulemur coronatus,3721,64,0.821044563117385
Eulemur coronatus,3809,64,3.8290988880409
Eulemur coronatus,4053,64,339.729890223548
Eulemur coronatus,11243,64,144.096463222991
Eulemur coronatus,11273,64,2.55931186735392
Eulemur coronatus,11274,64,18.7867803754507
Eulemur coronatus,11275,64,21.7001741978275
Eulemur coronatus,11276,64,21.3305931885877
Eulemur coronatus,11280,64,1.09378015375698
Eulemur coronatus,11281,64,0.820222737159133
Eulemur coronatus,11282,64,2.55151549227834
Eulemur coronatus,11283,64,5.10222163080132
Eulemur coronatus,11284,64,93.8186637822998
Eulemur coronatus,11285,64,63.0206184295745
Eulemur coronatus,11287,64,114.317768635725
Eulemur coronatus,3453,65,64.7813755391199
Eulemur coronatus,11241,65,0.456764738324285
Eulemur coronatus,6217,108,54.2365761365997
Eulemur coronatus,6013,110,29.3041924637888
Eulemur coronatus,2488,357,191.799845109311
Eulemur coronatus,2553,357,147.356161761622
Eulemur coronatus,2799,357,0.733449546445847
Eulemur coronatus,3083,357,445.651684897152
Eulemur coronatus,11270,357,396.493462276852
Eulemur coronatus,11271,357,24.6116330426786
Eulemur coronatus,11272,357,0.366016744080782
Eulemur coronatus,1262,364,21.3177359530708
Eulemur coronatus,1964,365,12.3467417666592
Eulemur coronatus,1983,365,3.22456991307456
Eulemur coronatus,2030,365,1.19747486800242
Eulemur coronatus,2035,365,134.761430063091
Eulemur coronatus,2061,365,83.9973458819202
Eulemur coronatus,2134,365,85.9299311413242
Eulemur coronatus,2216,365,117.113592396759
Eulemur coronatus,2284,365,138.986036188919
Eulemur coronatus,11235,365,1.47231811580712
Eulemur coronatus,11236,365,21.7270555164769
Eulemur coronatus,11237,365,16.009561443235
Eulemur coronatus,6792,383,39.0716951757742
Eulemur coronatus,11286,383,14.6364940401641
Eulemur coronatus,1250,413,74.396884706769
Eulemur coronatus,1793,413,247.041088453649
Eulemur coronatus,11267,413,0.645659265649796
Eulemur coronatus,11268,450,29.7890733494434
Eulemur coronatus,1893,441,20.2762758478889
Eulemur coronatus,6453,442,0.449603298738718
Eulemur coronatus,6454,442,0.359686745625973
Eulemur coronatus,6480,442,36.3318798597312
Eulemur coronatus,11266,442,6.47518067735767
Eulemur coronatus,11291,442,0.449634089967012
Eulemur coronatus,11259,449,11.3402500320686
Eulemur coronatus,11260,449,6.02879668256032
Eulemur coronatus,11288,449,0.899921316411257
Eulemur fulvus,3303,19,29.3753021912396
Eulemur fulvus,5223,23,12.0800389464579
Eulemur fulvus,5356,23,23.6059681205734
Eulemur fulvus,5489,23,30.0029524529974
Eulemur fulvus,32198,483,44.4928427752329
Eulemur fulvus,468,192,0.370271373195112
Eulemur fulvus,470,192,0.46283412528491
Eulemur fulvus,473,192,43.0377824654047
Eulemur fulvus,474,192,0.185130594589651
Eulemur fulvus,494,192,1.48074673073447
Eulemur fulvus,497,192,1.66577102635723
Eulemur fulvus,501,192,0.277623898765862
Eulemur fulvus,504,192,0.277610584835649
Eulemur fulvus,32309,192,1.38815019469839
Eulemur fulvus,32310,192,0.185083622752368
Eulemur fulvus,235,296,0.463597745713949
Eulemur fulvus,289,296,43.2038186617155
Eulemur fulvus,32439,537,24.4501852478648
Eulemur fulvus,5440,520,91.8113589710392
Eulemur fulvus,332,525,0.555893682719886
Eulemur fulvus,353,525,0.18528219835794
Eulemur fulvus,358,525,27.8845320748951
Eulemur fulvus,359,525,0.277912765102387
Eulemur fulvus,4571,21,19.515860134726
Eulemur fulvus,149,184,0.556644208811998
Eulemur fulvus,156,184,0.371099061261237
Eulemur fulvus,159,184,0.556625695955515
Eulemur fulvus,168,184,0.185535398295045
Eulemur fulvus,175,184,0.463806772104442
Eulemur fulvus,183,184,0.278275269288719
Eulemur fulvus,185,184,0.463781360735476
Eulemur fulvus,195,184,0.278243954663038
Eulemur fulvus,207,184,0.185478644791484
Eulemur fulvus,210,184,0.27820176096195
Eulemur fulvus,213,184,0.64914825101471
Eulemur fulvus,218,184,0.18546587502265
Eulemur fulvus,221,184,130.021860527523
Eulemur fulvus,225,184,0.185455055661559
Eulemur fulvus,226,184,6.49089737985898
Eulemur fulvus,234,184,8.43709773357266
Eulemur fulvus,236,184,0.185438309592962
Eulemur fulvus,242,184,0.185425482894003
Eulemur fulvus,32063,184,0.185474717534542
Eulemur fulvus,32467,184,56.8711675529918
Eulemur fulvus,304,418,70.6947613926224
Eulemur fulvus,32563,555,20.745550279323
Eulemur fulvus,31954,559,0.777178853789449
Eulemur fulvus,32393,559,0.604549703201652
Eulemur fulvus,32579,559,19.9515621485544
Eulemur fulvus,2806,131,0.275667671454728
Eulemur fulvus,2828,131,1.92954817861217
Eulemur fulvus,2952,131,0.275591552190781
Eulemur fulvus,2977,131,0.367434207116187
Eulemur fulvus,2978,131,0.183716525221169
Eulemur fulvus,2996,131,33.8991079803615
Eulemur fulvus,32397,131,0.183782283740878
Eulemur fulvus,32580,131,0.367500048400045
Eulemur fulvus,4890,156,27.0084407932128
Eulemur fulvus,5088,156,1.55623826883286
Eulemur fulvus,5134,156,1.28151005270296
Eulemur fulvus,5170,156,0.183069222521663
Eulemur fulvus,5232,156,0.457617758493304
Eulemur fulvus,5239,156,0.183044913982987
Eulemur fulvus,5294,156,0.183027872893095
Eulemur fulvus,5315,156,1.00660883126068
Eulemur fulvus,32581,156,0.366216056347668
Eulemur fulvus,32582,156,0.1831019721452
Eulemur fulvus,8394,480,21.2443070814916
Eulemur fulvus,31844,538,2.33597082442725
Eulemur fulvus,31846,538,0.17303808407855
Eulemur fulvus,32466,538,57.1920356452231
Eulemur fulvus,32678,573,27.2715936270408
Eulemur fulvus,32680,575,29.4123165165247
Eulemur fulvus,32681,576,29.3885406549345
Eulemur fulvus,32682,577,20.6592519148787
Eulemur fulvus,14599,333,0.632951986920595
Eulemur fulvus,32684,333,18.8080490493349
Eulemur fulvus,32720,587,58.7538227882982
Eulemur fulvus,32710,588,31.1097970257471
Eulemur fulvus,32711,588,29.6010280215162
Eulemur fulvus,13857,206,38.0240908843971
Eulemur fulvus,13954,206,3.07696966736531
Eulemur fulvus,13964,206,0.723997986285687
Eulemur fulvus,14031,206,0.361958205401778
Eulemur fulvus,32444,206,0.452763459862113
Eulemur fulvus,32592,589,29.6714715318073
Eulemur fulvus,21117,494,57.9536162531203
Eulemur fulvus,32193,494,57.985276672695
Eulemur fulvus,32213,494,3.75955498126948
Eulemur fulvus,21267,610,3.31343096531284
Eulemur fulvus,32714,610,17.1081231937796
Eulemur fulvus,28871,498,96.1704440242532
Eulemur fulvus,29523,498,14.9893741114286
Eulemur fulvus,32811,612,31.5815648439663
Eulemur fulvus,18949,582,49.6171625010395
Eulemur fulvus,19091,582,4.58233058484114
Eulemur fulvus,32741,614,34.6422357639037
Eulemur fulvus,32713,585,43.0398890354031
Eulemur fulvus,21038,66,39.0716951757742
Eulemur fulvus,32858,66,14.6364940401641
Eulemur fulvus,24699,162,108.01588872667
Eulemur fulvus,32859,162,44.3707966394124
Eulemur fulvus,32860,162,1.42253739552879
Eulemur fulvus,1070,336,162.374759556721
Eulemur fulvus,32821,336,21.3177359530708
Eulemur fulvus,32822,336,301.748748168552
Eulemur fulvus,32824,336,0.645659265649796
Eulemur fulvus,2572,615,0.643524707942307
Eulemur fulvus,2627,615,0.459616383671761
Eulemur fulvus,2637,615,0.183841973941922
Eulemur fulvus,2647,615,0.643432019171834
Eulemur fulvus,2656,615,0.275752651619434
Eulemur fulvus,2672,615,0.367655302864552
Eulemur fulvus,2696,615,1.56243208603394
Eulemur fulvus,2697,615,0.275729722221732
Eulemur fulvus,2725,615,0.275717098941743
Eulemur fulvus,2741,615,0.275709061498702
Eulemur fulvus,2745,615,0.45950859373796
Eulemur fulvus,2756,615,0.459497104688943
Eulemur fulvus,2757,615,1.1946710927338
Eulemur fulvus,2774,615,0.183794934333086
Eulemur fulvus,2782,615,53.6769175645663
Eulemur fulvus,2786,615,3.21620605602366
Eulemur fulvus,2787,615,0.551364106284559
Eulemur fulvus,2793,615,1.10266377710587
Eulemur fulvus,2804,615,0.183781132994294
Eulemur fulvus,2805,615,0.367564567481756
Eulemur fulvus,2815,615,0.183777680330873
Eulemur fulvus,2819,615,0.551319225259066
Eulemur fulvus,2826,615,0.183773075227022
Eulemur fulvus,2835,615,1.10259928914046
Eulemur fulvus,2841,615,2.02137478975725
Eulemur fulvus,2842,615,0.82694543447876
Eulemur fulvus,2847,615,0.643170052254975
Eulemur fulvus,2853,615,0.183763859939098
Eulemur fulvus,2860,615,0.183761555058956
Eulemur fulvus,2861,615,1.65382056523669
Eulemur fulvus,2885,615,0.82682548099494
Eulemur fulvus,2925,615,0.459349671094835
Eulemur fulvus,2951,615,0.367459639964402
Eulemur fulvus,2967,615,0.183724619395971
Eulemur fulvus,2968,615,0.275586929093957
Eulemur fulvus,2975,615,1.46972063059127
Eulemur fulvus,2976,615,0.275577679304183
Eulemur fulvus,3078,615,0.367363554798722
Eulemur fulvus,3110,615,58.6780858784085
Eulemur fulvus,3207,615,431.329695352153
Eulemur fulvus,3264,615,0.27544305105114
Eulemur fulvus,3593,615,0.275296915365994
Eulemur fulvus,3622,615,0.275287525101304
Eulemur fulvus,3655,615,0.275273431351006
Eulemur fulvus,4129,615,1.55853332586139
Eulemur fulvus,4180,615,0.18334454567039
Eulemur fulvus,4220,615,19.800459172754
Eulemur fulvus,4280,615,4.94941971172953
Eulemur fulvus,4302,615,5.77360824797236
Eulemur fulvus,4440,615,0.183276533060908
Eulemur fulvus,8115,615,3.8290988880409
Eulemur fulvus,9091,615,1.18376412765717
Eulemur fulvus,11143,615,8333.17965834895
Eulemur fulvus,32823,615,176.981841014409
Eulemur fulvus,32826,615,0.184350945953012
Eulemur fulvus,32833,615,8.71055469847293
Eulemur fulvus,32835,615,5.22484076185095
Eulemur fulvus,32841,615,0.366016744080782
Eulemur fulvus,32844,615,2.55931186735392
Eulemur fulvus,32845,615,118.609435406321
Eulemur fulvus,32846,615,1.09562847792852
Eulemur fulvus,32847,615,18.7867803754507
Eulemur fulvus,32848,615,63.9051864093485
Eulemur fulvus,32852,615,1.09378015375698
Eulemur fulvus,32853,615,0.820222737159133
Eulemur fulvus,32854,615,2.55151549227834
Eulemur fulvus,32855,615,5.10222163080132
Eulemur fulvus,32856,615,145.740287128138
Eulemur fulvus,32857,615,63.0206184295745
Eulemur fulvus,3594,616,0.367061380223453
Eulemur fulvus,32831,616,22.846619951433
Eulemur fulvus,3748,617,7.33885625369024
Eulemur fulvus,3749,617,0.183485430248976
Eulemur fulvus,3828,617,1.92623914275312
Eulemur fulvus,3846,617,1.19240941025794
Eulemur fulvus,32825,618,29.7890733494434
Eulemur fulvus,32832,619,29.8981383788188
Eulemur fulvus,6474,341,0.274079509045959
Eulemur fulvus,6761,341,64.7813755391199
Eulemur fulvus,32584,341,0.456764738324285
Eulemur fulvus,21429,456,2.32767118464887
Eulemur fulvus,21595,456,69.5634544487201
Eulemur fulvus,23410,456,452.518800373944
Eulemur fulvus,12804,471,0.181274117312074
Eulemur fulvus,32755,471,30.8125924480652
Eulemur fulvus,32879,471,29.8980611396976
Eulemur fulvus,5496,551,24.8813630898282
Eulemur fulvus,5753,551,20.1184639854197
Eulemur fulvus,5897,551,1.91988596975839
Eulemur fulvus,5898,551,4.20534270261967
Eulemur fulvus,5975,551,37.6497033879611
Eulemur fulvus,32683,551,22.2892814174192
Eulemur fulvus,32812,551,3.56491505919516
Eulemur fulvus,5980,560,5.85033975470399
Eulemur fulvus,5990,560,24.6792146248905
Eulemur fulvus,6033,560,1.00543750432062
Eulemur fulvus,6038,560,2.83342021114922
Eulemur fulvus,6048,560,0.182805694628716
Eulemur fulvus,6073,560,1.00536820483041
Eulemur fulvus,6074,560,2.37624750380051
Eulemur fulvus,6081,560,0.274192454327822
Eulemur fulvus,6102,560,0.182784649551272
Eulemur fulvus,6135,560,0.182778454094648
Eulemur fulvus,6147,560,7.676784038162
Eulemur fulvus,6267,560,8.49783825708031
Eulemur fulvus,6347,560,0.274089461484313
Eulemur fulvus,6421,560,10.9639024804186
Eulemur fulvus,6422,560,4.56775692645061
Eulemur fulvus,32586,560,16.5402429724656
Eulemur fulvus,32717,560,0.456749789225697
Eulemur fulvus,32604,561,674.611930876287
Eulemur fulvus,32873,561,0.820644420907617
Eulemur fulvus,32874,561,1.91443390526378
Eulemur fulvus,26632,564,0.62064821295929
Eulemur fulvus,26652,564,0.265972006813645
Eulemur fulvus,26674,564,0.709200345668078
Eulemur fulvus,26695,564,0.177290677110195
Eulemur fulvus,32559,564,68.5173564614324
Eulemur fulvus,32561,564,0.177275942426443
Eulemur fulvus,32562,564,0.177274304782152
Eulemur fulvus,32718,564,30.9497681570725
Eulemur fulvus,32719,564,9.04229392747104
Eulemur fulvus,32872,564,29.2747668395581
Eulemur fulvus,7428,578,800.12748936824
Eulemur fulvus,7436,578,2.00722734047949
Eulemur fulvus,7448,578,0.364942030490041
Eulemur fulvus,7462,578,0.456175956650972
Eulemur fulvus,32814,578,0.365072069038987
Eulemur fulvus,32815,578,0.821376871704459
Eulemur fulvus,18542,579,0.449603298738718
Eulemur fulvus,18543,579,0.359686745625973
Eulemur fulvus,18670,579,36.3318798597312
Eulemur fulvus,32738,579,6.47518067735767
Eulemur fulvus,32878,579,0.449634089967012
Eulemur fulvus,32685,583,69.4793727685246
Eulemur fulvus,32659,586,31.2831288292344
Eulemur fulvus,18142,591,0.179958904524803
Eulemur fulvus,18237,591,2.87876883525908
Eulemur fulvus,18247,591,0.899620833965421
Eulemur fulvus,18298,591,0.269868277515411
Eulemur fulvus,32768,591,45.3586244344001
Eulemur fulvus,32770,591,33.0953660841964
Eulemur fulvus,25293,620,104.68823217409
Eulemur fulvus,32767,621,42.668198616212
Eulemur fulvus,32867,621,90.898942940664
Eulemur fulvus,32861,622,82.1709647371291
Eulemur fulvus,32863,622,96.0048449014599
Eulemur fulvus,32862,623,61.2124982058765
Eulemur fulvus,32864,624,29.7723925005818
Eulemur fulvus,32865,625,29.3041924637888
Eulemur fulvus,32866,626,52.093110773009
Eulemur fulvus,32868,627,29.7379084643369
Eulemur fulvus,32869,628,9.5401058957789
Eulemur fulvus,32870,629,17.9006258988328
Eulemur fulvus,32871,629,2.8788579399693
Eulemur fulvus,32732,613,16.7397400424525
Eulemur fulvus,32876,613,6.02879668256032
Eulemur macaco,867,12,29.375302191237
Eulemur macaco,8186,195,58.7538227882982
Eulemur macaco,8181,196,31.1097970257471
Eulemur macaco,8182,196,29.6010280215162
Eulemur macaco,8191,217,31.5815648439663
Eulemur macaco,8126,187,29.6714715318073
Eulemur macaco,1034,13,230.091457974231
Eulemur macaco,1722,166,0.181274117312074
Eulemur macaco,8196,166,30.8125924480652
Eulemur macaco,8237,166,29.8980611396976
Eulemur macaco,769,179,3.2176075033589
Eulemur macaco,771,179,0.643524707942307
Eulemur macaco,781,179,0.459616383671761
Eulemur macaco,783,179,0.183841973941922
Eulemur macaco,784,179,0.183840828700066
Eulemur macaco,785,179,0.643432019171834
Eulemur macaco,787,179,0.275752651619434
Eulemur macaco,792,179,0.367655302864552
Eulemur macaco,800,179,1.10266377710587
Eulemur macaco,803,179,0.183781132994294
Eulemur macaco,807,179,2.02137478975725
Eulemur macaco,808,179,0.82694543447876
Eulemur macaco,812,179,0.82682548099494
Eulemur macaco,813,179,0.459349671094835
Eulemur macaco,814,179,0.367459639964402
Eulemur macaco,817,179,0.183724619395971
Eulemur macaco,818,179,0.275586929093957
Eulemur macaco,820,179,1.46972063059127
Eulemur macaco,821,179,0.275577679304183
Eulemur macaco,828,179,0.367363554798722
Eulemur macaco,830,179,29.9356861212035
Eulemur macaco,849,179,400.465703348659
Eulemur macaco,859,179,0.27544305105114
Eulemur macaco,1260,182,643.35724993962
Eulemur macaco,8219,182,0.820644420907617
Eulemur macaco,8220,182,1.91443390526378
Eulemur macaco,268,185,162.374759556721
Eulemur macaco,8187,185,301.748748168552
Eulemur macaco,8233,185,21.3177359530708
Eulemur macaco,8234,185,0.645659265649796
Eulemur macaco,8235,219,21.489267393872
Eulemur macaco,8236,220,29.7890733494434
Eulemur macaco,1039,188,0.36605818149358
Eulemur macaco,1042,188,0.366043563450277
Eulemur macaco,8131,188,33.866666256667
Eulemur macaco,6681,192,0.62064821295929
Eulemur macaco,6690,192,0.265972006813645
Eulemur macaco,6704,192,0.709200345668078
Eulemur macaco,6715,192,0.177290677110195
Eulemur macaco,8120,192,68.5173564614324
Eulemur macaco,8122,192,0.177275942426443
Eulemur macaco,8123,192,0.177274304782152
Eulemur macaco,8184,192,30.9497681570725
Eulemur macaco,8185,192,9.04229392747104
Eulemur macaco,8232,192,29.2747668395581
Eulemur macaco,8173,194,31.2831288292344
Eulemur macaco,2982,197,0.179958904524803
Eulemur macaco,3016,197,2.87876883525908
Eulemur macaco,3020,197,0.899620833965421
Eulemur macaco,3042,197,0.269868277515411
Eulemur macaco,8209,197,45.3586244344001
Eulemur macaco,8211,197,33.0953660841964
Eulemur macaco,6093,221,104.68823217409
Eulemur macaco,8208,222,42.668198616212
Eulemur macaco,8227,222,90.898942940664
Eulemur macaco,8221,223,82.1709647371291
Eulemur macaco,8223,223,96.0048449014599
Eulemur macaco,8222,224,61.2124982058765
Eulemur macaco,8224,225,29.7723925005818
Eulemur macaco,8225,226,29.3041924637888
Eulemur macaco,8226,227,52.093110773009
Eulemur macaco,8228,228,29.7379084643369
Eulemur macaco,8229,229,9.5401058957789
Eulemur macaco,8230,230,17.9006258988328
Eulemur macaco,8231,230,2.8788579399693
Eulemur macaco,625,218,6.63162645038087
Eulemur macaco,636,218,1.74986507844645
Eulemur macaco,679,218,0.184020454986751
Eulemur macaco,692,218,0.183992209264874
Eulemur macaco,776,218,2024.18271621384
Eulemur macaco,8212,218,29.8682046598686
Eulemur macaco,8213,218,0.184350945953012
Eulemur mongoz,4,2,9.55194743301288
Eulemur mongoz,5,2,0.27820176096189
Eulemur mongoz,6,2,6.49089737986064
Eulemur mongoz,7,2,8.43709773357134
Eulemur mongoz,229,15,1.36983741289198
Eulemur mongoz,243,15,56.0558868815959
Eulemur mongoz,248,33,14.8774610751528
Eulemur mongoz,252,33,241.924513105523
Eulemur mongoz,264,33,2.00722734047949
Eulemur mongoz,265,33,0.364942030490041
Eulemur mongoz,266,33,0.456175956650972
Eulemur mongoz,437,33,79.9660715687768
Eulemur mongoz,439,33,0.365072069038987
Eulemur mongoz,440,33,0.821376871704459
Eulemur mongoz,170,32,24.8813630898282
Eulemur mongoz,193,32,20.1184639854197
Eulemur mongoz,205,32,1.91988596975839
Eulemur mongoz,206,32,4.20534270261967
Eulemur mongoz,436,32,3.56491505919516
Eulemur mongoz,208,34,37.6497033879611
Eulemur mongoz,435,34,22.2892814174192
Eulemur rubriventer,3884,52,12.0800389464579
Eulemur rubriventer,4383,707,0.182741225706577
Eulemur rubriventer,4409,707,13.1553445202137
Eulemur rubriventer,359,15,0.370271373195112
Eulemur rubriventer,361,15,0.46283412528491
Eulemur rubriventer,364,15,43.0377824654047
Eulemur rubriventer,365,15,0.185130594589651
Eulemur rubriventer,378,15,1.48074673073447
Eulemur rubriventer,379,15,1.66577102635723
Eulemur rubriventer,381,15,0.277623898765862
Eulemur rubriventer,383,15,0.277610584835649
Eulemur rubriventer,23153,15,1.38815019469839
Eulemur rubriventer,23154,15,0.185083622752368
Eulemur rubriventer,145,7,0.463597745713949
Eulemur rubriventer,194,7,43.2038186617155
Eulemur rubriventer,3994,682,91.8113589710392
Eulemur rubriventer,233,686,0.555893682719886
Eulemur rubriventer,251,686,0.18528219835794
Eulemur rubriventer,255,686,27.8845320748951
Eulemur rubriventer,256,686,0.277912765102387
Eulemur rubriventer,207,522,70.6947613926224
Eulemur rubriventer,23041,713,0.777178853789449
Eulemur rubriventer,23188,713,0.604549703201652
Eulemur rubriventer,23272,713,19.9515621485544
Eulemur rubriventer,61,599,0.556644208811998
Eulemur rubriventer,69,599,0.371099061261237
Eulemur rubriventer,72,599,0.556625695955515
Eulemur rubriventer,81,599,0.185535398295045
Eulemur rubriventer,88,599,0.463806772104442
Eulemur rubriventer,95,599,0.278275269288719
Eulemur rubriventer,96,599,0.463781360735476
Eulemur rubriventer,105,599,0.278243954663038
Eulemur rubriventer,117,599,0.185478644791484
Eulemur rubriventer,120,599,0.27820176096195
Eulemur rubriventer,123,599,0.64914825101471
Eulemur rubriventer,128,599,0.18546587502265
Eulemur rubriventer,131,599,130.021860527523
Eulemur rubriventer,135,599,0.185455055661559
Eulemur rubriventer,136,599,6.49089737985898
Eulemur rubriventer,144,599,8.43709773357266
Eulemur rubriventer,146,599,0.185438309592962
Eulemur rubriventer,152,599,0.185425482894003
Eulemur rubriventer,23107,599,0.185474717534542
Eulemur rubriventer,23219,599,56.8711675529918
Eulemur rubriventer,23257,716,20.745550279323
Eulemur rubriventer,4130,696,48.0992270821004
Eulemur rubriventer,3679,50,16.6641723861465
Eulemur rubriventer,3755,50,0.366216056347668
Eulemur rubriventer,3773,50,0.1831019721452
Eulemur rubriventer,3799,50,0.366182128234029
Eulemur rubriventer,22946,573,2.33597082442725
Eulemur rubriventer,22948,573,0.17303808407855
Eulemur rubriventer,23078,573,57.1920356452231
Eulemur rubriventer,23356,720,27.2715936270408
Eulemur rubriventer,23358,722,29.4123165165247
Eulemur rubriventer,23359,723,29.3885406549345
Eulemur rubriventer,23360,724,20.6592519148787
Eulemur rubriventer,4382,59,2.64969806134295
Eulemur rubriventer,4421,59,0.274089461484313
Eulemur rubriventer,4468,59,7.03479595916342
Eulemur rubriventer,4469,59,4.56775692645061
Eulemur rubriventer,23279,59,0.456749789225697
Eulemur rubriventer,8333,118,18.8080490493349
Eulemur rubriventer,8334,118,0.632951986920595
Eulemur rubriventer,13782,650,1.34292058027875
Eulemur rubriventer,13801,650,155.445673128862
Eulemur rubriventer,13861,650,0.26856585635531
Eulemur rubriventer,13915,650,59.1812618295404
Eulemur rubriventer,3999,695,16.3740665150728
Eulemur rubriventer,23383,734,58.7538227882982
Eulemur rubriventer,23376,735,31.1097970257471
Eulemur rubriventer,23377,735,29.6010280215162
Eulemur rubriventer,7750,110,38.0240908843971
Eulemur rubriventer,7831,110,3.07696966736531
Eulemur rubriventer,7839,110,0.723997986285687
Eulemur rubriventer,7888,110,0.361958205401778
Eulemur rubriventer,23206,110,0.452763459862113
Eulemur rubriventer,11697,152,27.9503087186389
Eulemur rubriventer,11829,152,4.58233058484114
Eulemur rubriventer,13333,163,5.19750467449224
Eulemur rubriventer,13514,163,15.232022805184
Eulemur rubriventer,13626,736,0.626913510565043
Eulemur rubriventer,23369,736,0.447673652347326
Eulemur rubriventer,23404,736,13.8800525538366
Eulemur rubriventer,13470,165,13.8841261984148
Eulemur rubriventer,23285,737,29.6714715318073
Eulemur rubriventer,23465,765,31.5815648439663
Eulemur rubriventer,23367,731,34.6422357639037
Eulemur rubriventer,4451,58,0.456764738324285
Eulemur rubriventer,4489,58,64.7813755391199
Eulemur rubriventer,12633,156,39.0716951757742
Eulemur rubriventer,23514,156,14.6364940401641
Eulemur rubriventer,3686,363,526.865174350027
Eulemur rubriventer,3901,363,67.0039979924019
Eulemur rubriventer,818,530,162.374759556721
Eulemur rubriventer,23476,530,21.3177359530708
Eulemur rubriventer,23477,530,301.748748168552
Eulemur rubriventer,23479,530,0.645659265649796
Eulemur rubriventer,2130,766,0.643524707942307
Eulemur rubriventer,2186,766,0.459616383671761
Eulemur rubriventer,2200,766,0.183841973941922
Eulemur rubriventer,2209,766,0.643432019171834
Eulemur rubriventer,2215,766,0.275752651619434
Eulemur rubriventer,2235,766,0.367655302864552
Eulemur rubriventer,2250,766,1.56243208603394
Eulemur rubriventer,2251,766,0.275729722221732
Eulemur rubriventer,2265,766,0.275717098941743
Eulemur rubriventer,2276,766,0.275709061498702
Eulemur rubriventer,2282,766,0.45950859373796
Eulemur rubriventer,2290,766,0.459497104688943
Eulemur rubriventer,2291,766,1.1946710927338
Eulemur rubriventer,2302,766,0.183794934333086
Eulemur rubriventer,2308,766,53.6769175645663
Eulemur rubriventer,2310,766,3.21620605602366
Eulemur rubriventer,2311,766,0.551364106284559
Eulemur rubriventer,2321,766,1.10266377710587
Eulemur rubriventer,2330,766,0.183781132994294
Eulemur rubriventer,2331,766,0.367564567481756
Eulemur rubriventer,2340,766,0.183777680330873
Eulemur rubriventer,2346,766,0.551319225259066
Eulemur rubriventer,2350,766,0.183773075227022
Eulemur rubriventer,2358,766,1.10259928914046
Eulemur rubriventer,2364,766,2.02137478975725
Eulemur rubriventer,2365,766,0.82694543447876
Eulemur rubriventer,2370,766,0.643170052254975
Eulemur rubriventer,2375,766,0.183763859939098
Eulemur rubriventer,2383,766,0.183761555058956
Eulemur rubriventer,2384,766,1.65382056523669
Eulemur rubriventer,2408,766,0.82682548099494
Eulemur rubriventer,2441,766,0.459349671094835
Eulemur rubriventer,2465,766,0.367459639964402
Eulemur rubriventer,2479,766,0.183724619395971
Eulemur rubriventer,2480,766,0.275586929093957
Eulemur rubriventer,2487,766,1.46972063059127
Eulemur rubriventer,2488,766,0.275577679304183
Eulemur rubriventer,2566,766,0.367363554798722
Eulemur rubriventer,2592,766,58.6780858784085
Eulemur rubriventer,2666,766,431.329695352153
Eulemur rubriventer,2707,766,0.27544305105114
Eulemur rubriventer,6059,766,8593.29505260274
Eulemur rubriventer,23481,766,0.184350945953012
Eulemur rubriventer,23486,766,8.71055469847293
Eulemur rubriventer,23489,766,5.22484076185095
Eulemur rubriventer,23495,766,0.366016744080782
Eulemur rubriventer,23498,766,2.55931186735392
Eulemur rubriventer,23499,766,118.609435406321
Eulemur rubriventer,23500,766,1.09562847792852
Eulemur rubriventer,23501,766,18.7867803754507
Eulemur rubriventer,23502,766,83.0485691054942
Eulemur rubriventer,23506,766,1.09378015375698
Eulemur rubriventer,23507,766,0.820222737159133
Eulemur rubriventer,23508,766,2.55151549227834
Eulemur rubriventer,23509,766,5.10222163080132
Eulemur rubriventer,23510,766,175.981325838436
Eulemur rubriventer,23511,766,63.0206184295745
Eulemur rubriventer,23478,767,176.981841014409
Eulemur rubriventer,23480,768,29.7890733494434
Eulemur rubriventer,7010,659,0.181274117312074
Eulemur rubriventer,23409,659,30.8125924480652
Eulemur rubriventer,23531,659,29.8980611396976
Eulemur rubriventer,10820,687,6.47518067735767
Eulemur rubriventer,11371,687,0.449603298738718
Eulemur rubriventer,11372,687,0.359686745625973
Eulemur rubriventer,23400,687,36.3318798597312
Eulemur rubriventer,23513,687,0.449634089967012
Eulemur rubriventer,4838,717,0.365034251434088
Eulemur rubriventer,4877,717,614.931846521611
Eulemur rubriventer,4894,717,25.8225284101374
Eulemur rubriventer,4897,717,0.547426328328371
Eulemur rubriventer,4903,717,0.364942030490041
Eulemur rubriventer,4908,717,0.456175956650972
Eulemur rubriventer,23468,717,0.365072069038987
Eulemur rubriventer,23469,717,0.821376871704459
Eulemur rubriventer,23471,717,1.73396250702751
Eulemur rubriventer,23297,718,674.611930876287
Eulemur rubriventer,23527,718,0.820644420907617
Eulemur rubriventer,18498,726,0.265972006813645
Eulemur rubriventer,18522,726,0.709200345668078
Eulemur rubriventer,18545,726,0.177290677110195
Eulemur rubriventer,23253,726,68.5173564614324
Eulemur rubriventer,23255,726,0.177275942426443
Eulemur rubriventer,23256,726,0.177274304782152
Eulemur rubriventer,23381,726,30.9497681570725
Eulemur rubriventer,23382,726,9.04229392747104
Eulemur rubriventer,23526,726,29.2747668395581
Eulemur rubriventer,11237,729,54.2365761365997
Eulemur rubriventer,23344,733,31.2831288292344
Eulemur rubriventer,11045,742,0.179958904524803
Eulemur rubriventer,11125,742,2.87876883525908
Eulemur rubriventer,11133,742,0.899620833965421
Eulemur rubriventer,11171,742,0.269868277515411
Eulemur rubriventer,23422,742,45.3586244344001
Eulemur rubriventer,23424,742,33.0953660841964
Eulemur rubriventer,17266,769,104.68823217409
Eulemur rubriventer,23421,770,42.668198616212
Eulemur rubriventer,23515,771,82.1709647371291
Eulemur rubriventer,23517,771,96.0048449014599
Eulemur rubriventer,23516,772,61.2124982058765
Eulemur rubriventer,23518,773,29.7723925005818
Eulemur rubriventer,23519,774,29.3041924637888
Eulemur rubriventer,23520,775,52.093110773009
Eulemur rubriventer,23521,776,90.898942940664
Eulemur rubriventer,23522,777,29.7379084643369
Eulemur rubriventer,23523,778,9.5401058957789
Eulemur rubriventer,23524,779,17.9006258988328
Eulemur rubriventer,23525,779,2.8788579399693
Eulemur rubriventer,23394,763,16.7397400424525
Eulemur rubriventer,23530,763,6.02879668256032
Eulemur rufus,380,21,30.105706233253
Eulemur rufus,1034,32,24.8478412526522
Eulemur rufus,2046,406,9.23022386336518
Eulemur rufus,2079,406,0.548279554689646
Eulemur rufus,12161,156,68.4073900828867
Eulemur rufus,3295,389,21.2443070814916
Eulemur rufus,1721,448,91.8113589710392
Eulemur rufus,68,307,21.0334598369216
Eulemur rufus,13787,472,20.745550279323
Eulemur rufus,13510,455,0.777178853789449
Eulemur rufus,13714,455,0.604549703201652
Eulemur rufus,13801,455,19.9515621485544
Eulemur rufus,13520,474,29.4123165165247
Eulemur rufus,13834,486,27.2715936270408
Eulemur rufus,13836,488,29.3885406549345
Eulemur rufus,13837,489,20.6592519148787
Eulemur rufus,5449,312,0.632951986920595
Eulemur rufus,13838,312,18.8080490493349
Eulemur rufus,13852,494,58.7538227882982
Eulemur rufus,12007,480,31.1097970257471
Eulemur rufus,13853,480,29.6010280215162
Eulemur rufus,7076,445,1.07537598973155
Eulemur rufus,7128,445,30.2949823155819
Eulemur rufus,13874,445,21.4174136928894
Eulemur rufus,7234,502,3.31343096531284
Eulemur rufus,13840,502,17.1081231937796
Eulemur rufus,13608,490,46.0228045271878
Eulemur rufus,13839,492,43.0398890354031
Eulemur rufus,7167,496,42.7215934479364
Eulemur rufus,13657,496,3.75955498126948
Eulemur rufus,259,17,20.6591479170209
Eulemur rufus,5154,61,30.8125924480652
Eulemur rufus,13888,61,29.8980611396976
Eulemur rufus,13692,181,26.6767665938599
Eulemur rufus,13894,181,14.6364940401641
Eulemur rufus,219,220,70.24382334111
Eulemur rufus,257,220,53.8809205673313
Eulemur rufus,456,264,0.183791485481024
Eulemur rufus,461,264,0.367564567481756
Eulemur rufus,462,264,1.74590292306274
Eulemur rufus,463,264,5.3295273820526
Eulemur rufus,465,264,0.183777680330873
Eulemur rufus,466,264,0.551319225259066
Eulemur rufus,468,264,0.183773075227022
Eulemur rufus,471,264,1.10259928914046
Eulemur rufus,472,264,0.643170052254975
Eulemur rufus,474,264,0.183763859939098
Eulemur rufus,475,264,0.183761555058956
Eulemur rufus,476,264,1.65382056523669
Eulemur rufus,512,264,115.571074452111
Eulemur rufus,1986,320,5.85033975470399
Eulemur rufus,1993,320,24.6792146248905
Eulemur rufus,2015,320,2.65062070312464
Eulemur rufus,2019,320,0.182805694628716
Eulemur rufus,2034,320,0.274192454327822
Eulemur rufus,2044,320,0.182784649551272
Eulemur rufus,2045,320,1.18809712456608
Eulemur rufus,2058,320,0.182778454094648
Eulemur rufus,2065,320,4.38649564416373
Eulemur rufus,2115,320,8.49783825708031
Eulemur rufus,2142,320,0.274089461484313
Eulemur rufus,2155,320,10.9639024804186
Eulemur rufus,2157,320,4.56775692645061
Eulemur rufus,13802,320,16.5402429724656
Eulemur rufus,13858,320,0.456749789225697
Eulemur rufus,342,355,3.22456991307456
Eulemur rufus,344,355,0.276354423903286
Eulemur rufus,346,355,1.19747486800242
Eulemur rufus,355,355,0.644736027105212
Eulemur rufus,356,355,0.184211880049109
Eulemur rufus,362,355,11.3275119935585
Eulemur rufus,370,355,0.828750979144692
Eulemur rufus,371,355,149.498138390691
Eulemur rufus,374,355,0.184159575017929
Eulemur rufus,384,355,51.8261761133165
Eulemur rufus,437,355,0.184020454986751
Eulemur rufus,458,355,867.786544909563
Eulemur rufus,13876,355,5.6060825763287
Eulemur rufus,3236,371,3.09900984286356
Eulemur rufus,3274,371,0.729165010962367
Eulemur rufus,3285,371,0.6380137844311
Eulemur rufus,3292,371,0.638009943682909
Eulemur rufus,3382,371,0.911252140481949
Eulemur rufus,3742,371,370.046602541787
Eulemur rufus,13771,371,159.129488364998
Eulemur rufus,13886,371,0.820644420907617
Eulemur rufus,13887,371,1.91443390526378
Eulemur rufus,8748,380,21.6281643796314
Eulemur rufus,13893,380,0.266979014071703
Eulemur rufus,7306,426,2.32767118464887
Eulemur rufus,7597,426,1.78860352420843
Eulemur rufus,7726,426,89.7882265229816
Eulemur rufus,7926,426,0.714404974963069
Eulemur rufus,7945,426,0.535747839347363
Eulemur rufus,7960,426,0.446428569326878
Eulemur rufus,7970,426,0.446413028153181
Eulemur rufus,8008,426,1.87495118889773
Eulemur rufus,8024,426,213.203201455377
Eulemur rufus,13731,426,28.8514752628688
Eulemur rufus,13732,426,7.14406051427555
Eulemur rufus,13875,426,53.9698721193818
Eulemur rufus,1742,470,24.8813630898282
Eulemur rufus,1873,470,20.1184639854197
Eulemur rufus,1944,470,1.91988596975839
Eulemur rufus,1945,470,4.20534270261967
Eulemur rufus,1983,470,2.1938327736845
Eulemur rufus,2547,478,398.742465112406
Eulemur rufus,2555,478,2.00722734047949
Eulemur rufus,2563,478,0.364942030490041
Eulemur rufus,2570,478,0.456175956650972
Eulemur rufus,13877,478,298.575554233557
Eulemur rufus,13879,478,0.365072069038987
Eulemur rufus,13880,478,0.821376871704459
Eulemur rufus,9799,479,0.62064821295929
Eulemur rufus,9810,479,0.265972006813645
Eulemur rufus,9823,479,0.709200345668078
Eulemur rufus,13782,479,68.5173564614324
Eulemur rufus,13850,479,30.9497681570725
Eulemur rufus,13851,479,9.04229392747104
Eulemur rufus,13895,479,29.2747668395581
Eulemur rufus,6131,491,69.4793727685246
Eulemur rufus,10955,493,31.2831288292344
Eulemur rufus,6278,498,96.0048449014599
Eulemur rufus,6329,503,2.87876883525908
Eulemur rufus,6331,503,0.899620833965421
Eulemur rufus,6336,503,0.269868277515411
Eulemur rufus,6430,503,45.3586244344001
Eulemur rufus,13868,503,33.0953660841964
Eulemur rufus,6509,504,90.898942940664
Eulemur rufus,13869,505,17.9006258988328
Eulemur rufus,13897,505,2.8788579399693
Eulemur rufus,13889,506,29.7723925005818
Eulemur rufus,13890,507,52.093110773009
Eulemur rufus,13891,508,31.4232292775053
Eulemur rufus,13892,509,86.6345357060499
Eulemur rufus,13896,510,9.5401058957789
Eulemur sanfordi,3267,32,29.3753021912396
Eulemur sanfordi,4711,37,1.00747888364899
Eulemur sanfordi,4758,37,1.37373982893485
Eulemur sanfordi,4822,37,0.641021390268981
Eulemur sanfordi,4823,37,1.64832053344005
Eulemur sanfordi,4855,37,1.09880786665875
Eulemur sanfordi,5152,40,12.0800389464579
Eulemur sanfordi,5280,40,23.6059681205734
Eulemur sanfordi,5409,40,30.0029524529974
Eulemur sanfordi,3702,328,7.33885625369024
Eulemur sanfordi,3703,328,0.183485430248976
Eulemur sanfordi,3777,328,1.92623914275312
Eulemur sanfordi,3794,328,1.19240941025794
Eulemur sanfordi,31708,681,44.4928427752329
Eulemur sanfordi,457,217,0.370271373195112
Eulemur sanfordi,459,217,0.46283412528491
Eulemur sanfordi,462,217,43.0377824654047
Eulemur sanfordi,463,217,0.185130594589651
Eulemur sanfordi,483,217,1.48074673073447
Eulemur sanfordi,485,217,1.66577102635723
Eulemur sanfordi,489,217,0.277623898765862
Eulemur sanfordi,491,217,0.277610584835649
Eulemur sanfordi,31819,217,1.38815019469839
Eulemur sanfordi,31820,217,0.185083622752368
Eulemur sanfordi,233,447,0.463597745713949
Eulemur sanfordi,285,447,43.2038186617155
Eulemur sanfordi,31944,736,24.4501852478648
Eulemur sanfordi,5360,717,91.8113589710392
Eulemur sanfordi,326,723,0.555893682719886
Eulemur sanfordi,344,723,0.18528219835794
Eulemur sanfordi,348,723,27.8845320748951
Eulemur sanfordi,349,723,0.277912765102387
Eulemur sanfordi,4508,35,19.515860134726
Eulemur sanfordi,147,295,0.556644208811998
Eulemur sanfordi,154,295,0.371099061261237
Eulemur sanfordi,157,295,0.556625695955515
Eulemur sanfordi,166,295,0.185535398295045
Eulemur sanfordi,173,295,0.463806772104442
Eulemur sanfordi,181,295,0.278275269288719
Eulemur sanfordi,183,295,0.463781360735476
Eulemur sanfordi,193,295,0.278243954663038
Eulemur sanfordi,205,295,0.185478644791484
Eulemur sanfordi,208,295,0.27820176096195
Eulemur sanfordi,211,295,0.64914825101471
Eulemur sanfordi,216,295,0.18546587502265
Eulemur sanfordi,219,295,130.021860527523
Eulemur sanfordi,223,295,0.185455055661559
Eulemur sanfordi,224,295,6.49089737985898
Eulemur sanfordi,232,295,8.43709773357266
Eulemur sanfordi,234,295,0.185438309592962
Eulemur sanfordi,240,295,0.185425482894003
Eulemur sanfordi,31573,295,0.185474717534542
Eulemur sanfordi,31972,295,56.8711675529918
Eulemur sanfordi,300,595,70.6947613926224
Eulemur sanfordi,32068,754,20.745550279323
Eulemur sanfordi,31460,756,0.777178853789449
Eulemur sanfordi,31903,756,0.604549703201652
Eulemur sanfordi,32084,756,19.9515621485544
Eulemur sanfordi,2778,27,0.275667671454728
Eulemur sanfordi,2798,27,1.92954817861217
Eulemur sanfordi,2921,27,0.275591552190781
Eulemur sanfordi,2946,27,0.367434207116187
Eulemur sanfordi,2947,27,0.183716525221169
Eulemur sanfordi,2965,27,33.8991079803615
Eulemur sanfordi,31907,27,0.183782283740878
Eulemur sanfordi,32085,27,0.367500048400045
Eulemur sanfordi,4821,38,27.0084407932128
Eulemur sanfordi,5018,38,1.55623826883286
Eulemur sanfordi,5063,38,1.28151005270296
Eulemur sanfordi,5099,38,0.183069222521663
Eulemur sanfordi,5161,38,0.457617758493304
Eulemur sanfordi,5220,38,0.183027872893095
Eulemur sanfordi,5239,38,1.00660883126068
Eulemur sanfordi,32086,38,0.366216056347668
Eulemur sanfordi,32087,38,0.1831019721452
Eulemur sanfordi,8295,614,21.2443070814916
Eulemur sanfordi,31351,737,2.33597082442725
Eulemur sanfordi,31353,737,0.17303808407855
Eulemur sanfordi,31971,737,57.1920356452231
Eulemur sanfordi,32183,771,27.2715936270408
Eulemur sanfordi,32185,773,29.4123165165247
Eulemur sanfordi,32186,774,29.3885406549345
Eulemur sanfordi,32187,775,20.6592519148787
Eulemur sanfordi,14367,500,0.632951986920595
Eulemur sanfordi,32189,500,18.8080490493349
Eulemur sanfordi,32225,784,58.7538227882982
Eulemur sanfordi,32215,785,31.1097970257471
Eulemur sanfordi,32216,785,29.6010280215162
Eulemur sanfordi,13652,320,38.0240908843971
Eulemur sanfordi,13749,320,3.07696966736531
Eulemur sanfordi,13759,320,0.723997986285687
Eulemur sanfordi,13826,320,0.361958205401778
Eulemur sanfordi,31949,320,0.452763459862113
Eulemur sanfordi,32097,786,29.6714715318073
Eulemur sanfordi,20750,692,57.9536162531203
Eulemur sanfordi,31703,692,57.985276672695
Eulemur sanfordi,31723,692,3.75955498126948
Eulemur sanfordi,20909,809,3.31343096531284
Eulemur sanfordi,32219,809,17.1081231937796
Eulemur sanfordi,28384,699,96.1704440242532
Eulemur sanfordi,29035,699,14.9893741114286
Eulemur sanfordi,32316,811,31.5815648439663
Eulemur sanfordi,18611,779,49.6171625010395
Eulemur sanfordi,18754,779,4.58233058484114
Eulemur sanfordi,32246,813,34.6422357639037
Eulemur sanfordi,32218,782,43.0398890354031
Eulemur sanfordi,20669,114,39.0716951757742
Eulemur sanfordi,32363,114,14.6364940401641
Eulemur sanfordi,24289,132,108.01588872667
Eulemur sanfordi,32364,132,44.3707966394124
Eulemur sanfordi,32365,132,1.42253739552879
Eulemur sanfordi,1058,504,162.374759556721
Eulemur sanfordi,32326,504,21.3177359530708
Eulemur sanfordi,32327,504,301.748748168552
Eulemur sanfordi,32329,504,0.645659265649796
Eulemur sanfordi,2555,814,0.643524707942307
Eulemur sanfordi,2607,814,0.459616383671761
Eulemur sanfordi,2617,814,0.183841973941922
Eulemur sanfordi,2626,814,0.643432019171834
Eulemur sanfordi,2635,814,0.275752651619434
Eulemur sanfordi,2651,814,0.367655302864552
Eulemur sanfordi,2674,814,1.56243208603394
Eulemur sanfordi,2675,814,0.275729722221732
Eulemur sanfordi,2702,814,0.275717098941743
Eulemur sanfordi,2716,814,0.275709061498702
Eulemur sanfordi,2720,814,0.45950859373796
Eulemur sanfordi,2729,814,0.459497104688943
Eulemur sanfordi,2730,814,1.1946710927338
Eulemur sanfordi,2746,814,0.183794934333086
Eulemur sanfordi,2754,814,53.6769175645663
Eulemur sanfordi,2758,814,3.21620605602366
Eulemur sanfordi,2759,814,0.551364106284559
Eulemur sanfordi,2765,814,1.10266377710587
Eulemur sanfordi,2776,814,0.183781132994294
Eulemur sanfordi,2777,814,0.367564567481756
Eulemur sanfordi,2787,814,0.183777680330873
Eulemur sanfordi,2790,814,0.551319225259066
Eulemur sanfordi,2796,814,0.183773075227022
Eulemur sanfordi,2804,814,1.10259928914046
Eulemur sanfordi,2810,814,2.02137478975725
Eulemur sanfordi,2811,814,0.82694543447876
Eulemur sanfordi,2816,814,0.643170052254975
Eulemur sanfordi,2822,814,0.183763859939098
Eulemur sanfordi,2829,814,0.183761555058956
Eulemur sanfordi,2830,814,1.65382056523669
Eulemur sanfordi,2854,814,0.82682548099494
Eulemur sanfordi,2894,814,0.459349671094835
Eulemur sanfordi,2920,814,0.367459639964402
Eulemur sanfordi,2936,814,0.183724619395971
Eulemur sanfordi,2937,814,0.275586929093957
Eulemur sanfordi,2944,814,1.46972063059127
Eulemur sanfordi,2945,814,0.275577679304183
Eulemur sanfordi,3047,814,0.367363554798722
Eulemur sanfordi,3079,814,58.6780858784085
Eulemur sanfordi,3172,814,431.329695352153
Eulemur sanfordi,3228,814,0.27544305105114
Eulemur sanfordi,3550,814,0.275296915365994
Eulemur sanfordi,3579,814,0.275287525101304
Eulemur sanfordi,3612,814,0.275273431351006
Eulemur sanfordi,4070,814,1.55853332586139
Eulemur sanfordi,4121,814,0.18334454567039
Eulemur sanfordi,4161,814,19.800459172754
Eulemur sanfordi,4220,814,4.94941971172953
Eulemur sanfordi,4242,814,5.77360824797236
Eulemur sanfordi,4377,814,0.183276533060908
Eulemur sanfordi,8016,814,3.8290988880409
Eulemur sanfordi,9013,814,1.18376412765717
Eulemur sanfordi,10975,814,8333.17965834895
Eulemur sanfordi,32328,814,176.981841014409
Eulemur sanfordi,32331,814,0.184350945953012
Eulemur sanfordi,32338,814,8.71055469847293
Eulemur sanfordi,32340,814,5.22484076185095
Eulemur sanfordi,32346,814,0.366016744080782
Eulemur sanfordi,32349,814,2.55931186735392
Eulemur sanfordi,32350,814,118.609435406321
Eulemur sanfordi,32351,814,1.09562847792852
Eulemur sanfordi,32352,814,18.7867803754507
Eulemur sanfordi,32353,814,63.9051864093485
Eulemur sanfordi,32357,814,1.09378015375698
Eulemur sanfordi,32358,814,0.820222737159133
Eulemur sanfordi,32359,814,2.55151549227834
Eulemur sanfordi,32360,814,5.10222163080132
Eulemur sanfordi,32361,814,145.740287128138
Eulemur sanfordi,32362,814,63.0206184295745
Eulemur sanfordi,3551,815,0.367061380223453
Eulemur sanfordi,32336,815,22.846619951433
Eulemur sanfordi,32330,816,29.7890733494434
Eulemur sanfordi,32337,817,29.8981383788188
Eulemur sanfordi,6679,511,64.7813755391199
Eulemur sanfordi,32089,511,0.456764738324285
Eulemur sanfordi,21073,644,2.32767118464887
Eulemur sanfordi,21247,644,69.5634544487201
Eulemur sanfordi,23037,644,452.518800373944
Eulemur sanfordi,12597,667,0.181274117312074
Eulemur sanfordi,32260,667,30.8125924480652
Eulemur sanfordi,32384,667,29.8980611396976
Eulemur sanfordi,5416,747,24.8813630898282
Eulemur sanfordi,5681,747,20.1184639854197
Eulemur sanfordi,5830,747,1.91988596975839
Eulemur sanfordi,5831,747,4.20534270261967
Eulemur sanfordi,32317,747,3.56491505919516
Eulemur sanfordi,5909,818,37.6497033879611
Eulemur sanfordi,32188,818,22.2892814174192
Eulemur sanfordi,5914,757,5.85033975470399
Eulemur sanfordi,5924,757,24.6792146248905
Eulemur sanfordi,5966,757,1.00543750432062
Eulemur sanfordi,5970,757,2.83342021114922
Eulemur sanfordi,5980,757,0.182805694628716
Eulemur sanfordi,6005,757,1.00536820483041
Eulemur sanfordi,6006,757,2.37624750380051
Eulemur sanfordi,6013,757,0.274192454327822
Eulemur sanfordi,6034,757,0.182784649551272
Eulemur sanfordi,6066,757,0.182778454094648
Eulemur sanfordi,6076,757,7.676784038162
Eulemur sanfordi,6192,757,8.49783825708031
Eulemur sanfordi,6270,757,0.274089461484313
Eulemur sanfordi,6343,757,10.9639024804186
Eulemur sanfordi,6344,757,4.56775692645061
Eulemur sanfordi,32091,757,16.5402429724656
Eulemur sanfordi,32222,757,0.456749789225697
Eulemur sanfordi,32109,758,674.611930876287
Eulemur sanfordi,32378,758,0.820644420907617
Eulemur sanfordi,32379,758,1.91443390526378
Eulemur sanfordi,26180,761,0.62064821295929
Eulemur sanfordi,26200,761,0.265972006813645
Eulemur sanfordi,26222,761,0.709200345668078
Eulemur sanfordi,26243,761,0.177290677110195
Eulemur sanfordi,32064,761,68.5173564614324
Eulemur sanfordi,32066,761,0.177275942426443
Eulemur sanfordi,32067,761,0.177274304782152
Eulemur sanfordi,32223,761,30.9497681570725
Eulemur sanfordi,32224,761,9.04229392747104
Eulemur sanfordi,32377,761,29.2747668395581
Eulemur sanfordi,7337,776,800.12748936824
Eulemur sanfordi,7345,776,2.00722734047949
Eulemur sanfordi,7357,776,0.364942030490041
Eulemur sanfordi,7371,776,0.456175956650972
Eulemur sanfordi,32319,776,0.365072069038987
Eulemur sanfordi,32320,776,0.821376871704459
Eulemur sanfordi,18216,777,0.449603298738718
Eulemur sanfordi,18217,777,0.359686745625973
Eulemur sanfordi,18336,777,36.3318798597312
Eulemur sanfordi,32243,777,6.47518067735767
Eulemur sanfordi,32383,777,0.449634089967012
Eulemur sanfordi,32190,780,69.4793727685246
Eulemur sanfordi,32164,783,31.2831288292344
Eulemur sanfordi,17829,789,0.179958904524803
Eulemur sanfordi,17923,789,2.87876883525908
Eulemur sanfordi,17933,789,0.899620833965421
Eulemur sanfordi,17981,789,0.269868277515411
Eulemur sanfordi,32273,789,45.3586244344001
Eulemur sanfordi,32275,789,33.0953660841964
Eulemur sanfordi,24881,819,104.68823217409
Eulemur sanfordi,32272,820,42.668198616212
Eulemur sanfordi,32372,820,90.898942940664
Eulemur sanfordi,32366,821,82.1709647371291
Eulemur sanfordi,32368,821,96.0048449014599
Eulemur sanfordi,32367,822,61.2124982058765
Eulemur sanfordi,32369,823,29.7723925005818
Eulemur sanfordi,32370,824,29.3041924637888
Eulemur sanfordi,32371,825,52.093110773009
Eulemur sanfordi,32373,826,29.7379084643369
Eulemur sanfordi,32374,827,9.5401058957789
Eulemur sanfordi,32375,828,17.9006258988328
Eulemur sanfordi,32376,828,2.8788579399693
Eulemur sanfordi,32237,812,16.7397400424525
Eulemur sanfordi,32381,812,6.02879668256032
Euryceros prevostii,1,1,24.6990569160834
Euryceros prevostii,7,3,31.6875166683301
Euryceros prevostii,11,3,201.641486281521
Euryceros prevostii,14,3,0.914022286539078
Euryceros prevostii,21,3,3.10483766981387
Euryceros prevostii,22,3,19.1757271733138
Euryceros prevostii,49,3,8.94254393268168
Euryceros prevostii,2,2,30.1165791761339
Euryceros prevostii,3,2,7.33885625369024
Euryceros prevostii,8,2,1116.69727173359
Euryceros prevostii,73,2,25.8267574798967
Euryceros prevostii,74,2,57.4451952053856
Euryceros prevostii,75,2,300.431202858861
Falco zoniventris,7,1,51.0125296297554
Falco zoniventris,10,1,43.3892599286922
Falco zoniventris,13,1,48.645949715288
Falco zoniventris,16,1,27.8845320748951
Falco zoniventris,25,1,43.0377824654047
Falco zoniventris,49,1,162.374759556721
Falco zoniventris,57,1,21.3177359530708
Falco zoniventris,59,1,16.2380797407156
Falco zoniventris,62,1,301.748748168552
Falco zoniventris,96,1,58.6780858784085
Falco zoniventris,99,1,431.421548407617
Falco zoniventris,180,1,8876.20674365687
Falco zoniventris,1235,1,53.6769175645663
Falco zoniventris,1324,1,20.2118844377285
Falco zoniventris,1386,1,26.7219759851371
Falco zoniventris,1387,1,1385.48179139944
Falco zoniventris,1439,1,637.640699262251
Falco zoniventris,1442,1,29.5036222200694
Falco zoniventris,1554,1,29.7890733494434
Falco zoniventris,1567,1,7.91582309376866
Falco zoniventris,1568,1,8.71055469847293
Falco zoniventris,1579,1,118.700718526081
Falco zoniventris,1581,1,18.7867803754507
Falco zoniventris,1582,1,83.0485691054942
Falco zoniventris,1590,1,176.345637707092
Falco zoniventris,1591,1,63.0206184295745
Falco zoniventris,262,2,38.2051651932326
Falco zoniventris,367,2,36.3318798597312
Falco zoniventris,418,2,49.6171625010395
Falco zoniventris,434,2,39.0716951757742
Falco zoniventris,437,2,57.9536162531203
Falco zoniventris,464,2,89.7882265229816
Falco zoniventris,478,2,489.364914626243
Falco zoniventris,1264,2,57.985276672695
Falco zoniventris,1346,2,7.14406051427555
Falco zoniventris,1471,2,18.8080490493349
Falco zoniventris,1472,2,69.4793727685246
Falco zoniventris,1503,2,43.0398890354031
Falco zoniventris,1504,2,17.1081231937796
Falco zoniventris,1515,2,16.7397400424525
Falco zoniventris,1521,2,6.47518067735767
Falco zoniventris,1524,2,34.6422357639037
Falco zoniventris,1600,2,14.6364940401641
Falco zoniventris,139,3,12.8945503097155
Falco zoniventris,162,3,31.0315972086299
Falco zoniventris,163,3,234.827629923309
Falco zoniventris,164,3,25.8225284101374
Falco zoniventris,1470,3,95.9995131157403
Falco zoniventris,357,6,33.0953660841964
Falco zoniventris,361,6,96.0048449014599
Falco zoniventris,369,6,17.9006258988328
Falco zoniventris,1252,6,45.3586244344001
Falco zoniventris,1592,6,82.1709647371291
Falco zoniventris,1593,6,29.7723925005818
Falco zoniventris,1594,6,29.8625855308016
Falco zoniventris,1595,6,29.3041924637888
Falco zoniventris,1596,6,52.093110773009
Falco zoniventris,1597,6,59.4672331036056
Falco zoniventris,1598,6,9.5401058957789
Falco zoniventris,687,7,16.1215402504426
Falco zoniventris,740,7,485.899592763263
Falco zoniventris,798,7,150.889593339295
Falco zoniventris,919,7,13.0789196686601
Falco zoniventris,981,7,46.5723968884084
Falco zoniventris,1094,7,43.5541700668664
Falco zoniventris,1104,7,26.865191159266
Falco zoniventris,1140,7,13.3829553466897
Falco zoniventris,1145,7,71.9730116464714
Falco zoniventris,1281,7,9.25706128804016
Falco zoniventris,1293,7,67.1171045351946
Falco zoniventris,1357,7,8.87579014953661
Falco zoniventris,1358,7,14.8764755082333
Falco zoniventris,1379,7,7.18396295269907
Falco zoniventris,1380,7,36.3826787541572
Falco zoniventris,1462,7,17.5870851484922
Falco zoniventris,1493,7,9.98819568179679
Falco zoniventris,1506,7,21.5378946383917
Falco zoniventris,1548,7,7.49109958654905
Falco zoniventris,1550,7,9.49007950158822
Falco zoniventris,1551,7,23.0620316261819
Falco zoniventris,1552,7,29.6282884787538
Falco zoniventris,1601,7,18.5649845720793
Falculea palliata,3380,13,25.2530937963009
Falculea palliata,4122,12,31.018285987414
Falculea palliata,33,20,0.463597745713949
Falculea palliata,34,20,43.2038186617155
Falculea palliata,58,22,0.555893682719886
Falculea palliata,64,22,7.9668144324028
Falculea palliata,69,22,48.645949715288
Falculea palliata,113,22,0.46283412528491
Falculea palliata,116,22,43.0377824654047
Falculea palliata,129,22,1.48074673073447
Falculea palliata,131,22,1.66577102635723
Falculea palliata,4265,22,1.38815019469839
Falculea palliata,1511,18,0.452763459862113
Falculea palliata,1530,18,38.2051651932326
Falculea palliata,1535,18,3.07696966736531
Falculea palliata,1538,18,0.723997986285687
Falculea palliata,1738,7,30.5940435805031
Falculea palliata,1782,7,0.449603298738718
Falculea palliata,1797,7,36.3318798597312
Falculea palliata,1828,7,49.6171625010395
Falculea palliata,1885,7,4.58233058484114
Falculea palliata,1925,7,39.0716951757742
Falculea palliata,4422,7,16.7397400424525
Falculea palliata,4428,7,6.47518067735767
Falculea palliata,4460,7,14.6364940401641
Falculea palliata,4477,7,6.02879668256032
Falculea palliata,4479,7,0.449634089967012
Falculea palliata,391,11,2.38014501393825
Falculea palliata,399,11,24.8813630898282
Falculea palliata,418,11,20.1184639854197
Falculea palliata,432,11,1.91988596975839
Falculea palliata,433,11,4.20534270261967
Falculea palliata,445,11,2.1938327736845
Falculea palliata,459,11,9.23022386336518
Falculea palliata,466,11,0.548279554689646
Falculea palliata,502,11,9.04258868397641
Falculea palliata,595,11,264.229986058168
Falculea palliata,607,11,2.00722734047949
Falculea palliata,611,11,0.456175956650972
Falculea palliata,4451,11,211.251266607679
Falculea palliata,4454,11,0.821376871704459
Falculea palliata,2576,25,108.01588872667
Falculea palliata,4461,25,44.3707966394124
Falculea palliata,4462,25,1.42253739552879
Falculea palliata,528,26,64.7813755391199
Falculea palliata,4357,26,0.456764738324285
Falculea palliata,2890,27,2.38971397089434
Falculea palliata,2901,27,5.22058462251126
Falculea palliata,2940,27,8.75504333933174
Falculea palliata,2965,27,2.21089209568846
Falculea palliata,3025,27,6.98321707832301
Falculea palliata,3051,27,13.167280451611
Falculea palliata,3064,27,3.09217907194698
Falculea palliata,3073,27,1.9433949856267
Falculea palliata,3094,27,2.47266626964414
Falculea palliata,3103,27,6.18067912423862
Falculea palliata,3119,27,2.03042139631903
Falculea palliata,3145,27,4.32352721770191
Falculea palliata,3151,27,3.61718966663003
Falculea palliata,3381,27,483.161051971392
Falculea palliata,3386,27,1.92878389436567
Falculea palliata,3426,27,16.1215402504426
Falculea palliata,3489,27,2.53597620348144
Falculea palliata,3492,27,0.524716098462582
Falculea palliata,3521,27,0.699394067978382
Falculea palliata,3526,27,1.39864190466654
Falculea palliata,3624,27,4.62691263784421
Falculea palliata,3639,27,4.97515838277996
Falculea palliata,3659,27,107.450014480365
Falculea palliata,3759,27,2.17529626793385
Falculea palliata,3797,27,1.39015823458207
Falculea palliata,3854,27,150.889593339295
Falculea palliata,4064,27,2.38467114169073
Falculea palliata,4077,27,4.93923973793232
Falculea palliata,4081,27,2.96757189296901
Falculea palliata,4135,27,5.41451004895472
Falculea palliata,4140,27,2.35741760163295
Falculea palliata,4148,27,17.5386823479745
Falculea palliata,4187,27,43.5541700668664
Falculea palliata,4188,27,2.02803748513615
Falculea palliata,4189,27,2.11576712074006
Falculea palliata,4211,27,49.5177099776991
Falculea palliata,4239,27,13.0307413413506
Falculea palliata,4240,27,3.87195306908179
Falculea palliata,4244,27,71.4462227849903
Falculea palliata,4279,27,9.25706128804016
Falculea palliata,4282,27,4.31856011909783
Falculea palliata,4284,27,3.50522293895912
Falculea palliata,4286,27,67.1171045351946
Falculea palliata,4295,27,1.1328760877285
Falculea palliata,4299,27,6.06907414019704
Falculea palliata,4300,27,2.02272765648758
Falculea palliata,4309,27,3.48046890408206
Falculea palliata,4340,27,7.18396295269907
Falculea palliata,4341,27,8.87579014953661
Falculea palliata,4342,27,14.8764755082333
Falculea palliata,4343,27,4.26181091131223
Falculea palliata,4369,27,17.5870851484922
Falculea palliata,4370,27,2.0322578738991
Falculea palliata,4390,27,9.98819568179679
Falculea palliata,4398,27,0.526030696397543
Falculea palliata,4400,27,21.5378946383917
Falculea palliata,4446,27,7.49109958654905
Falculea palliata,4448,27,9.49007950158822
Falculea palliata,4449,27,23.0620316261819
Falculea palliata,4450,27,14.6389143673252
Falculea palliata,4464,27,1.31051529534316
Falculea palliata,4465,27,1.57236309118533
Falculea palliata,4475,27,26.865191159266
Falculea palliata,2006,28,57.985276672695
Falculea palliata,2017,28,57.9536162531203
Falculea palliata,2038,28,3.31343096531284
Falculea palliata,2061,28,2.32767118464887
Falculea palliata,2119,28,1.78860352420843
Falculea palliata,2141,28,89.7882265229816
Falculea palliata,2176,28,0.714404974963069
Falculea palliata,2178,28,0.535747839347363
Falculea palliata,2182,28,0.446428569326878
Falculea palliata,2185,28,0.446413028153181
Falculea palliata,2198,28,1.87495118889773
Falculea palliata,2205,28,489.364914626243
Falculea palliata,4252,28,3.75955498126948
Falculea palliata,4334,28,7.14406051427555
Falculea palliata,4375,28,26.5383701395922
Falculea palliata,4376,28,17.1081231937796
Fossa fossana,5,1,53.6769175645663
Fossa fossana,6,1,58.6780858784085
Fossa fossana,7,1,431.329695352153
Fossa fossana,8,1,9163.642217011
Fossa fossana,78,1,674.611930876287
Fossa fossana,81,1,176.981841014409
Fossa fossana,89,1,1385.48179139944
Fossa fossana,104,1,118.609435406321
Fossa fossana,107,1,83.0485691054942
Fossa fossana,115,1,175.981325838436
Fossa fossana,116,1,63.0206184295745
Foudia madagascariensis,41227,144,44.4928427752329
Foudia madagascariensis,783,130,0.370271373195112
Foudia madagascariensis,785,130,0.46283412528491
Foudia madagascariensis,789,130,43.0377824654047
Foudia madagascariensis,790,130,0.185130594589651
Foudia madagascariensis,825,130,1.48074673073447
Foudia madagascariensis,831,130,1.66577102635723
Foudia madagascariensis,838,130,0.277623898765862
Foudia madagascariensis,845,130,0.277610584835649
Foudia madagascariensis,41443,130,1.38815019469839
Foudia madagascariensis,41444,130,0.185083622752368
Foudia madagascariensis,41475,165,25.074716512655
Foudia madagascariensis,41665,166,24.4501852478648
Foudia madagascariensis,7887,148,91.902892975114
Foudia madagascariensis,375,159,0.463597745713949
Foudia madagascariensis,494,159,43.3892599286922
Foudia madagascariensis,247,60,0.556644208811998
Foudia madagascariensis,257,60,0.371099061261237
Foudia madagascariensis,260,60,0.556625695955515
Foudia madagascariensis,272,60,0.185535398295045
Foudia madagascariensis,280,60,0.463806772104442
Foudia madagascariensis,289,60,0.278275269288719
Foudia madagascariensis,291,60,0.463781360735476
Foudia madagascariensis,309,60,0.278243954663038
Foudia madagascariensis,325,60,0.185478644791484
Foudia madagascariensis,328,60,0.27820176096195
Foudia madagascariensis,341,60,0.18546587502265
Foudia madagascariensis,349,60,130.021860527523
Foudia madagascariensis,357,60,0.185455055661559
Foudia madagascariensis,358,60,6.49089737985898
Foudia madagascariensis,376,60,0.185438309592962
Foudia madagascariensis,387,60,0.185425482894003
Foudia madagascariensis,393,60,8.43709773357266
Foudia madagascariensis,40255,60,0.185474717534542
Foudia madagascariensis,41409,60,0.64914825101471
Foudia madagascariensis,41759,60,56.8711675529918
Foudia madagascariensis,569,161,0.555893682719886
Foudia madagascariensis,597,161,0.18528219835794
Foudia madagascariensis,603,161,27.8845320748951
Foudia madagascariensis,604,161,0.277912765102387
Foudia madagascariensis,690,161,70.9727122086791
Foudia madagascariensis,4493,108,0.275667671454728
Foudia madagascariensis,4526,108,1.92954817861217
Foudia madagascariensis,4709,108,0.275591552190781
Foudia madagascariensis,4747,108,0.367434207116187
Foudia madagascariensis,4748,108,0.183716525221169
Foudia madagascariensis,4780,108,33.8991079803615
Foudia madagascariensis,41638,108,0.183782283740878
Foudia madagascariensis,41893,108,0.367500048400045
Foudia madagascariensis,11357,136,21.2443070814916
Foudia madagascariensis,38896,163,2.33597082442725
Foudia madagascariensis,38901,163,0.17303808407855
Foudia madagascariensis,41717,163,57.1920356452231
Foudia madagascariensis,40481,171,13.7034546392342
Foudia madagascariensis,6590,179,0.733158739641845
Foudia madagascariensis,6732,179,2.01572332178837
Foudia madagascariensis,6733,179,0.458135662899971
Foudia madagascariensis,6775,179,0.274868693208218
Foudia madagascariensis,6776,179,0.366490791638374
Foudia madagascariensis,6784,179,0.366482397446334
Foudia madagascariensis,6801,179,0.274855500644743
Foudia madagascariensis,6857,179,0.183227399604559
Foudia madagascariensis,6879,179,0.1832213955158
Foudia madagascariensis,6880,179,0.1832213955158
Foudia madagascariensis,6936,179,0.274809861419678
Foudia madagascariensis,6960,179,0.824397110989213
Foudia madagascariensis,7053,179,1.00747888364965
Foudia madagascariensis,7101,179,1.37373982893509
Foudia madagascariensis,7155,179,0.183153969973981
Foudia madagascariensis,7178,179,27.0084407932128
Foudia madagascariensis,7179,179,0.641021390268981
Foudia madagascariensis,7180,179,1.64832053344005
Foudia madagascariensis,7217,179,1.09880786665845
Foudia madagascariensis,7271,179,0.27467717452234
Foudia madagascariensis,7404,179,1.55623826883286
Foudia madagascariensis,7405,179,0.183092276589036
Foudia madagascariensis,7415,179,0.45771856548512
Foudia madagascariensis,7459,179,1.28151005270296
Foudia madagascariensis,7497,179,0.183069222521663
Foudia madagascariensis,7592,179,0.457617758493304
Foudia madagascariensis,7606,179,0.183044913982987
Foudia madagascariensis,7671,179,0.183027872893095
Foudia madagascariensis,7700,179,1.00660883126068
Foudia madagascariensis,41119,179,0.640887180962563
Foudia madagascariensis,41898,179,0.366216056347668
Foudia madagascariensis,41899,179,0.1831019721452
Foudia madagascariensis,17011,140,0.632951986920595
Foudia madagascariensis,42009,140,18.8080490493349
Foudia madagascariensis,32191,164,3.09217907194698
Foudia madagascariensis,32319,164,2.47266626964414
Foudia madagascariensis,32356,164,3.35511491569007
Foudia madagascariensis,32601,164,4.32352721770191
Foudia madagascariensis,32650,164,3.61718966663003
Foudia madagascariensis,39746,164,485.899592763263
Foudia madagascariensis,40264,164,2.21089209568846
Foudia madagascariensis,40407,164,5.22058462251126
Foudia madagascariensis,40412,164,2.03042139631903
Foudia madagascariensis,40538,164,8.75504333933174
Foudia madagascariensis,40544,164,2.38467114169073
Foudia madagascariensis,40557,164,4.93923973793232
Foudia madagascariensis,40572,164,6.98321707832301
Foudia madagascariensis,40575,164,1.9433949856267
Foudia madagascariensis,40824,164,13.167280451611
Foudia madagascariensis,41003,164,2.38971397089434
Foudia madagascariensis,41216,164,43.5541700668664
Foudia madagascariensis,41217,164,2.02803748513615
Foudia madagascariensis,41218,164,2.11576712074006
Foudia madagascariensis,41377,164,13.3829553466897
Foudia madagascariensis,41378,164,3.87195306908179
Foudia madagascariensis,41547,164,9.25706128804016
Foudia madagascariensis,41550,164,4.31856011909783
Foudia madagascariensis,41570,164,6.06907414019704
Foudia madagascariensis,41571,164,2.02272765648758
Foudia madagascariensis,41984,164,17.5870851484922
Foudia madagascariensis,41985,164,2.0322578738991
Foudia madagascariensis,41558,189,67.1171045351946
Foudia madagascariensis,42053,189,21.5378946383917
Foudia madagascariensis,39554,182,0.777178853789449
Foudia madagascariensis,41626,182,0.604549703201652
Foudia madagascariensis,41892,182,19.9515621485544
Foudia madagascariensis,42004,182,27.2715936270408
Foudia madagascariensis,42006,182,29.4123165165247
Foudia madagascariensis,42007,182,29.3885406549345
Foudia madagascariensis,42008,182,20.6592519148787
Foudia madagascariensis,42037,184,31.1097970257471
Foudia madagascariensis,42038,184,29.6010280215162
Foudia madagascariensis,41853,190,20.745550279323
Foudia madagascariensis,40643,142,0.259241756382585
Foudia madagascariensis,40849,142,0.431933750124097
Foudia madagascariensis,41044,142,29.6357740792488
Foudia madagascariensis,41047,142,0.431926162170768
Foudia madagascariensis,41871,142,20.9968046764002
Foudia madagascariensis,41909,204,29.6714715318073
Foudia madagascariensis,16373,168,38.2051651932326
Foudia madagascariensis,16427,168,3.07696966736531
Foudia madagascariensis,16434,168,0.723997986285687
Foudia madagascariensis,16500,168,0.361958205401778
Foudia madagascariensis,41675,168,0.452763459862113
Foudia madagascariensis,23416,186,49.6171625010395
Foudia madagascariensis,41505,186,4.58233058484114
Foudia madagascariensis,42099,186,34.6422357639037
Foudia madagascariensis,7626,192,22.6013246737857
Foudia madagascariensis,15386,111,0.181274117312074
Foudia madagascariensis,42112,111,30.8125924480652
Foudia madagascariensis,42277,111,29.8980611396976
Foudia madagascariensis,1933,146,162.374759556721
Foudia madagascariensis,4239,146,0.459616383671761
Foudia madagascariensis,4266,146,0.183841973941922
Foudia madagascariensis,4279,146,0.643432019171834
Foudia madagascariensis,4288,146,0.275752651619434
Foudia madagascariensis,4318,146,0.367655302864552
Foudia madagascariensis,4347,146,1.56243208603394
Foudia madagascariensis,4348,146,0.275729722221732
Foudia madagascariensis,4383,146,0.275717098941743
Foudia madagascariensis,4405,146,0.275709061498702
Foudia madagascariensis,4413,146,0.45950859373796
Foudia madagascariensis,4426,146,0.459497104688943
Foudia madagascariensis,4427,146,1.1946710927338
Foudia madagascariensis,4447,146,0.183794934333086
Foudia madagascariensis,4462,146,3.21620605602366
Foudia madagascariensis,4463,146,0.551364106284559
Foudia madagascariensis,4476,146,1.10266377710587
Foudia madagascariensis,4490,146,0.183781132994294
Foudia madagascariensis,4491,146,0.367564567481756
Foudia madagascariensis,4506,146,0.183777680330873
Foudia madagascariensis,4514,146,0.551319225259066
Foudia madagascariensis,4523,146,0.183773075227022
Foudia madagascariensis,4533,146,1.10259928914046
Foudia madagascariensis,4540,146,2.02137478975725
Foudia madagascariensis,4541,146,0.82694543447876
Foudia madagascariensis,4551,146,0.643170052254975
Foudia madagascariensis,4561,146,0.183763859939098
Foudia madagascariensis,4570,146,0.183761555058956
Foudia madagascariensis,4571,146,1.65382056523669
Foudia madagascariensis,4618,146,0.82682548099494
Foudia madagascariensis,4666,146,0.459349671094835
Foudia madagascariensis,4704,146,0.367459639964402
Foudia madagascariensis,4732,146,0.183724619395971
Foudia madagascariensis,4733,146,0.275586929093957
Foudia madagascariensis,4745,146,1.46972063059127
Foudia madagascariensis,4746,146,0.275577679304183
Foudia madagascariensis,4914,146,0.367363554798722
Foudia madagascariensis,4953,146,58.6780858784085
Foudia madagascariensis,5100,146,431.421548407617
Foudia madagascariensis,5151,146,0.27544305105114
Foudia madagascariensis,13853,146,9167.49023685536
Foudia madagascariensis,41485,146,53.6769175645663
Foudia madagascariensis,41486,146,0.643524707942307
Foudia madagascariensis,41921,146,674.702984277473
Foudia madagascariensis,42183,146,31.5815648439663
Foudia madagascariensis,42192,146,21.3177359530708
Foudia madagascariensis,42193,146,301.748748168552
Foudia madagascariensis,42194,146,176.981841014409
Foudia madagascariensis,42195,146,0.645659265649796
Foudia madagascariensis,42196,146,29.7890733494434
Foudia madagascariensis,42197,146,0.184350945953012
Foudia madagascariensis,42202,146,1385.48179139944
Foudia madagascariensis,42203,146,8.71055469847293
Foudia madagascariensis,42204,146,1.55853332586139
Foudia madagascariensis,42205,146,4.12545809786379
Foudia madagascariensis,42206,146,5.22484076185095
Foudia madagascariensis,42209,146,0.366478799301446
Foudia madagascariensis,42211,146,0.366016744080782
Foudia madagascariensis,42214,146,2.55931186735392
Foudia madagascariensis,42215,146,118.700718526081
Foudia madagascariensis,42216,146,1.09562847792852
Foudia madagascariensis,42217,146,18.7867803754507
Foudia madagascariensis,42218,146,83.0485691054942
Foudia madagascariensis,42222,146,1.09378015375698
Foudia madagascariensis,42223,146,0.820222737159133
Foudia madagascariensis,42224,146,2.55151549227834
Foudia madagascariensis,42225,146,5.10222163080132
Foudia madagascariensis,42226,146,176.345637707092
Foudia madagascariensis,42227,146,63.0206184295745
Foudia madagascariensis,42271,146,0.820644420907617
Foudia madagascariensis,42272,146,1.91443390526378
Foudia madagascariensis,9299,152,0.274079509045959
Foudia madagascariensis,9593,152,72.0906228077071
Foudia madagascariensis,41901,152,0.456764738324285
Foudia madagascariensis,34926,170,16.1215402504426
Foudia madagascariensis,35770,170,5.24620992285609
Foudia madagascariensis,36436,170,1.91961763637984
Foudia madagascariensis,36800,170,0.348577397500515
Foudia madagascariensis,37117,170,3.04583861633468
Foudia madagascariensis,37169,170,2.17529626793385
Foudia madagascariensis,37567,170,1.39015823458207
Foudia madagascariensis,38565,170,3.20387641063011
Foudia madagascariensis,40322,170,0.34985461304009
Foudia madagascariensis,40323,170,0.524716098462582
Foudia madagascariensis,40583,170,1.39864190466654
Foudia madagascariensis,40589,170,470.340423367467
Foudia madagascariensis,40590,170,4.62691263784421
Foudia madagascariensis,40596,170,2.96757189296901
Foudia madagascariensis,40602,170,1.99652411223841
Foudia madagascariensis,40604,170,2.34164013403249
Foudia madagascariensis,40606,170,3.72834730157495
Foudia madagascariensis,40607,170,12.7407955704241
Foudia madagascariensis,40732,170,0.699394067978382
Foudia madagascariensis,40733,170,0.349687228268623
Foudia madagascariensis,40752,170,0.260165493234277
Foudia madagascariensis,40753,170,12.0483039035152
Foudia madagascariensis,40755,170,11.3310980595299
Foudia madagascariensis,40761,170,4.07194558339631
Foudia madagascariensis,40762,170,2.8589248295182
Foudia madagascariensis,40828,170,5.41451004895472
Foudia madagascariensis,40833,170,2.35741760163295
Foudia madagascariensis,41016,170,107.450014480365
Foudia madagascariensis,41092,170,4.97515838277996
Foudia madagascariensis,41093,170,17.8876522784669
Foudia madagascariensis,41097,170,29.6856059502555
Foudia madagascariensis,41251,170,49.5177099776991
Foudia madagascariensis,41382,170,99.9457961466128
Foudia madagascariensis,41556,170,3.50522293895912
Foudia madagascariensis,41565,170,1.1328760877285
Foudia madagascariensis,41627,170,3.48046890408206
Foudia madagascariensis,41729,170,8.87579014953661
Foudia madagascariensis,41730,170,14.8764755082333
Foudia madagascariensis,41731,170,4.26181091131223
Foudia madagascariensis,41742,170,7.18396295269907
Foudia madagascariensis,42040,170,9.98819568179679
Foudia madagascariensis,42042,170,0.347374393435955
Foudia madagascariensis,42172,170,7.49109958654905
Foudia madagascariensis,42174,170,9.49007950158822
Foudia madagascariensis,42175,170,29.6282884787538
Foudia madagascariensis,42240,170,150.889593339295
Foudia madagascariensis,42241,170,1.31051529534316
Foudia madagascariensis,42242,170,1.57236309118533
Foudia madagascariensis,42245,170,0.261955036714673
Foudia madagascariensis,42247,170,0.349265005815983
Foudia madagascariensis,42250,170,0.174623526317835
Foudia madagascariensis,42251,170,0.261931698109269
Foudia madagascariensis,42257,170,26.865191159266
Foudia madagascariensis,8339,174,20.1184639854197
Foudia madagascariensis,8539,174,1.91988596975839
Foudia madagascariensis,8540,174,4.20534270261967
Foudia madagascariensis,8656,174,2.1938327736845
Foudia madagascariensis,8663,174,5.85033975470399
Foudia madagascariensis,8681,174,16.0871950112848
Foudia madagascariensis,8766,174,0.182805694628716
Foudia madagascariensis,8778,174,0.274201118186832
Foudia madagascariensis,8813,174,0.274192454327822
Foudia madagascariensis,8854,174,0.182784649551272
Foudia madagascariensis,8855,174,1.18809712456608
Foudia madagascariensis,8856,174,9.23022386336518
Foudia madagascariensis,8892,174,0.182778454094648
Foudia madagascariensis,8914,174,4.38649564416373
Foudia madagascariensis,8964,174,0.548279554689646
Foudia madagascariensis,9083,174,8.86332816260337
Foudia madagascariensis,9084,174,0.182741225706577
Foudia madagascariensis,9154,174,0.274089461484313
Foudia madagascariensis,10359,174,2.00722734047949
Foudia madagascariensis,10397,174,0.364942030490041
Foudia madagascariensis,10413,174,0.456175956650972
Foudia madagascariensis,10747,174,784.155100428129
Foudia madagascariensis,41123,174,24.8813630898282
Foudia madagascariensis,41139,174,22.3806283842225
Foudia madagascariensis,41140,174,4.56775692645061
Foudia madagascariensis,41903,174,16.5402429724656
Foudia madagascariensis,42072,174,11.5120029750919
Foudia madagascariensis,42185,174,0.365072069038987
Foudia madagascariensis,42186,174,0.821376871704459
Foudia madagascariensis,40100,175,4.74048544932437
Foudia madagascariensis,40190,175,2.32518582735467
Foudia madagascariensis,40429,175,2.32784321939826
Foudia madagascariensis,40618,175,3.97366904659271
Foudia madagascariensis,40620,175,4.49024814843654
Foudia madagascariensis,40622,175,24.5074496821614
Foudia madagascariensis,40626,175,1.98623648264658
Foudia madagascariensis,40627,175,3.19514019178605
Foudia madagascariensis,40632,175,5.95456626512015
Foudia madagascariensis,40634,175,155.106792179145
Foudia madagascariensis,40638,175,6.11881096036088
Foudia madagascariensis,40641,175,47.5161649497437
Foudia madagascariensis,40672,175,6.2814981163677
Foudia madagascariensis,40676,175,2.40852721046042
Foudia madagascariensis,40760,175,3.79813210761917
Foudia madagascariensis,40766,175,33.1560082799963
Foudia madagascariensis,40858,175,4.91579007415057
Foudia madagascariensis,40901,175,29.9669518573183
Foudia madagascariensis,40911,175,3.96024281801712
Foudia madagascariensis,41077,175,24.8640921597175
Foudia madagascariensis,40996,180,108.01588872667
Foudia madagascariensis,42252,180,44.3707966394124
Foudia madagascariensis,42253,180,1.42253739552879
Foudia madagascariensis,20977,185,0.449603298738718
Foudia madagascariensis,20978,185,0.359686745625973
Foudia madagascariensis,21175,185,36.3318798597312
Foudia madagascariensis,42090,185,16.7397400424525
Foudia madagascariensis,42096,185,6.47518067735767
Foudia madagascariensis,42274,185,6.02879668256032
Foudia madagascariensis,42276,185,0.449634089967012
Foudia madagascariensis,42010,187,69.4793727685246
Foudia madagascariensis,24168,191,57.9536162531203
Foudia madagascariensis,24404,191,3.31343096531284
Foudia madagascariensis,24641,191,2.32767118464887
Foudia madagascariensis,25455,191,1.78860352420843
Foudia madagascariensis,25847,191,89.7882265229816
Foudia madagascariensis,26448,191,0.714404974963069
Foudia madagascariensis,26517,191,0.535747839347363
Foudia madagascariensis,26549,191,0.178579506715536
Foudia madagascariensis,26570,191,0.446428569326878
Foudia madagascariensis,26594,191,0.446413028153181
Foudia madagascariensis,26698,191,1.87495118889773
Foudia madagascariensis,26786,191,489.364914626243
Foudia madagascariensis,41407,191,3.75955498126948
Foudia madagascariensis,41510,191,57.985276672695
Foudia madagascariensis,41698,191,7.14406051427555
Foudia madagascariensis,42050,191,43.0398890354031
Foudia madagascariensis,42051,191,17.1081231937796
Foudia madagascariensis,24059,193,39.0716951757742
Foudia madagascariensis,42228,193,14.6364940401641
Foudia madagascariensis,20628,195,0.899620833965421
Foudia madagascariensis,20689,195,0.269868277515411
Foudia madagascariensis,41530,195,0.179958904524803
Foudia madagascariensis,41531,195,2.87876883525908
Foudia madagascariensis,42125,195,45.3586244344001
Foudia madagascariensis,42127,195,33.0953660841964
Foudia madagascariensis,29012,205,104.68823217409
Foudia madagascariensis,42230,205,61.2124982058765
Foudia madagascariensis,42124,206,42.668198616212
Foudia madagascariensis,42235,206,90.898942940664
Foudia madagascariensis,42237,206,9.5401058957789
Foudia madagascariensis,42238,206,17.9006258988328
Foudia madagascariensis,42239,206,2.8788579399693
Foudia madagascariensis,42229,207,82.1709647371291
Foudia madagascariensis,42231,207,96.0048449014599
Foudia madagascariensis,42232,207,29.7723925005818
Foudia madagascariensis,42233,207,29.3041924637888
Foudia madagascariensis,42234,208,52.093110773009
Foudia madagascariensis,42236,209,29.7379084643369
Foudia madagascariensis,30660,196,0.62064821295929
Foudia madagascariensis,30692,196,0.265972006813645
Foudia madagascariensis,30734,196,0.709200345668078
Foudia madagascariensis,30772,196,0.177290677110195
Foudia madagascariensis,41849,196,68.5173564614324
Foudia madagascariensis,41851,196,0.177275942426443
Foudia madagascariensis,41852,196,0.177274304782152
Foudia madagascariensis,41972,196,31.2831288292344
Foudia madagascariensis,42073,196,30.9497681570725
Foudia madagascariensis,42074,196,9.04229392747104
Foudia madagascariensis,42270,196,29.2747668395581
Foudia madagascariensis,42075,210,58.7538227882982
Foudia madagascariensis,41042,202,6.66920689187086
Foudia madagascariensis,41106,202,11.1631336764222
Foudia madagascariensis,41272,202,0.346399268720031
Foudia madagascariensis,41273,202,20.9473376567002
Foudia madagascariensis,42260,202,0.25979757743597
Foudia madagascariensis,42261,202,0.173184637994766
Foudia madagascariensis,42263,202,0.952374834452987
Foudia madagascariensis,42264,202,0.25972818517673
Foudia madagascariensis,42268,202,4.2402384895742
Foudia madagascariensis,42269,202,6.05717425780273
Foudia omissa,519,8,14.4181473408732
Foudia omissa,8158,24,24.4501852478648
Foudia omissa,1,1,56.8711675529918
Foudia omissa,3,1,0.64914825101471
Foudia omissa,8159,1,52.3985918019359
Foudia omissa,1097,23,11.1100677051102
Foudia omissa,1119,23,0.182113276715994
Foudia omissa,8109,25,29.4123165165247
Foudia omissa,8232,25,27.2715936270408
Foudia omissa,8233,25,29.3885406549345
Foudia omissa,8234,25,20.6592519148787
Foudia omissa,8240,30,31.1097970257471
Foudia omissa,8241,30,29.6010280215162
Foudia omissa,8192,39,29.6714715318073
Foudia omissa,42,3,81.4186157617659
Foudia omissa,110,3,1.1995567112962
Foudia omissa,170,3,0.645659265649796
Foudia omissa,179,3,4.33443217345178
Foudia omissa,268,3,40.258745964456
Foudia omissa,280,3,0.276286701650977
Foudia omissa,281,3,2.4864901633817
Foudia omissa,282,3,5.15725681965595
Foudia omissa,359,3,0.184020454986751
Foudia omissa,495,3,269.830068150376
Foudia omissa,618,3,0.275296915365994
Foudia omissa,691,3,1074.52603928315
Foudia omissa,838,3,41.2839215929218
Foudia omissa,879,3,3283.35185706252
Foudia omissa,8248,3,21.3177359530708
Foudia omissa,8277,3,257.101016139517
Foudia omissa,8278,3,176.981841014409
Foudia omissa,8279,3,29.7890733494434
Foudia omissa,8280,3,0.184350945953012
Foudia omissa,8285,3,0.64315160918951
Foudia omissa,8286,3,0.183740792083621
Foudia omissa,8287,3,1219.57651402205
Foudia omissa,8288,3,1346.95753065752
Foudia omissa,8289,3,8.71055469847293
Foudia omissa,8290,3,4.12545809786379
Foudia omissa,927,9,683.418564873074
Foudia omissa,954,9,1.09562847792852
Foudia omissa,960,9,0.273849359069705
Foudia omissa,961,9,0.182563724762201
Foudia omissa,1007,9,3.46533733650672
Foudia omissa,1052,9,418.634978103749
Foudia omissa,8293,9,89.2130131915314
Foudia omissa,8294,9,0.273619373037457
Foudia omissa,8295,9,59.3564680753817
Foudia omissa,1338,10,0.181274117312074
Foudia omissa,8264,10,30.8125924480652
Foudia omissa,8309,10,29.8980611396976
Foudia omissa,1099,28,18.3080449645871
Foudia omissa,1269,28,611.544881528597
Foudia omissa,8160,28,82.4415910234876
Foudia omissa,8161,28,55.8268304873168
Foudia omissa,8257,28,31.5815648439663
Foudia omissa,8296,28,0.820644420907617
Foudia omissa,8297,28,1.91443390526378
Foudia omissa,2398,31,0.179958904524803
Foudia omissa,2451,31,2.87876883525908
Foudia omissa,2456,31,0.899620833965421
Foudia omissa,2484,31,0.269868277515411
Foudia omissa,8274,31,45.3586244344001
Foudia omissa,8276,31,33.0953660841964
Foudia omissa,5950,40,104.68823217409
Foudia omissa,8298,40,61.2124982058765
Foudia omissa,8273,41,42.668198616212
Foudia omissa,8303,41,90.898942940664
Foudia omissa,8305,41,9.5401058957789
Foudia omissa,8306,41,17.9006258988328
Foudia omissa,8307,41,2.8788579399693
Foudia omissa,8299,42,70.2851392007654
Foudia omissa,8300,42,29.7723925005818
Foudia omissa,8301,42,29.3041924637888
Foudia omissa,8302,43,52.093110773009
Foudia omissa,8304,44,29.7379084643369
Foudia omissa,6348,32,0.62064821295929
Foudia omissa,6351,32,0.265972006813645
Foudia omissa,6356,32,0.709200345668078
Foudia omissa,6363,32,0.177290677110195
Foudia omissa,8169,32,68.5173564614324
Foudia omissa,8171,32,0.177275942426443
Foudia omissa,8172,32,0.177274304782152
Foudia omissa,8219,32,31.2831288292344
Foudia omissa,8243,32,30.9497681570725
Foudia omissa,8244,32,9.04229392747104
Foudia omissa,8308,32,29.2747668395581
Foudia omissa,8245,45,58.7538227882982
Gactornis enarratus,1,1,56.8711675529918
Gactornis enarratus,1840,1,28.8450665179896
Gactornis enarratus,1808,8,29.4123165165247
Gactornis enarratus,1904,8,27.2715936270408
Gactornis enarratus,1909,9,31.1097970257471
Gactornis enarratus,1910,9,29.6010280215162
Gactornis enarratus,3,2,81.4186157617659
Gactornis enarratus,10,2,30.8099797336419
Gactornis enarratus,11,2,4.33443217345178
Gactornis enarratus,28,2,83.8290039665244
Gactornis enarratus,29,2,1.6576434094981
Gactornis enarratus,44,2,29.9668030097463
Gactornis enarratus,45,2,29.9533284785256
Gactornis enarratus,62,2,4.12545809786379
Gactornis enarratus,104,2,2.1025818677628
Gactornis enarratus,131,2,83.2719950897656
Gactornis enarratus,134,2,3.19109242600882
Gactornis enarratus,142,2,22.5162443939889
Gactornis enarratus,197,2,6852.2565637256
Gactornis enarratus,1843,2,345.123160400332
Gactornis enarratus,1916,2,21.3177359530708
Gactornis enarratus,1975,2,31.5815648439663
Gactornis enarratus,1980,2,28.5600100860182
Gactornis enarratus,1982,2,185.78802509257
Gactornis enarratus,1983,2,176.981841014409
Gactornis enarratus,1984,2,29.7890733494434
Gactornis enarratus,1992,2,1385.48179139944
Gactornis enarratus,1993,2,8.71055469847293
Gactornis enarratus,1996,2,118.609435406321
Gactornis enarratus,1997,2,824.912023400335
Gactornis enarratus,1998,2,1.09562847792852
Gactornis enarratus,1999,2,18.7867803754507
Gactornis enarratus,2000,2,83.0485691054942
Gactornis enarratus,2004,2,1.09378015375698
Gactornis enarratus,2006,2,2.55151549227834
Gactornis enarratus,2007,2,5.10222163080132
Gactornis enarratus,2008,2,175.981325838436
Gactornis enarratus,2009,2,63.0206184295745
Gactornis enarratus,549,7,2.87876883525908
Gactornis enarratus,1941,7,45.3586244344001
Gactornis enarratus,1942,7,33.0953660841964
Gactornis enarratus,628,13,104.68823217409
Gactornis enarratus,2010,13,61.2124982058765
Gactornis enarratus,1274,14,70.2851392007654
Gactornis enarratus,2016,14,29.7723925005818
Gactornis enarratus,2017,14,52.093110773009
Gactornis enarratus,1937,15,42.668198616212
Gactornis enarratus,2011,15,90.898942940664
Gactornis enarratus,2012,15,29.7379084643369
Gactornis enarratus,2013,15,9.5401058957789
Gactornis enarratus,2014,15,17.9006258988328
Gactornis enarratus,2015,15,2.8788579399693
Gactornis enarratus,1851,11,68.5173564614324
Gactornis enarratus,1891,11,31.2831288292344
Gactornis enarratus,1911,11,30.9497681570725
Gactornis enarratus,1912,11,9.04229392747104
Gactornis enarratus,2018,11,29.2747668395581
Gactornis enarratus,1913,16,58.7538227882982
Gactornis enarratus,1929,12,30.8125924480652
Gactornis enarratus,2019,12,29.8980611396976
Galidia elegans,7,1,53.6769175645663
Galidia elegans,8,1,58.6780858784085
Galidia elegans,9,1,431.329695352153
Galidia elegans,12,1,9161.98680759761
Galidia elegans,48,1,674.611930876287
Galidia elegans,51,1,176.981841014409
Galidia elegans,59,1,1355.42128992646
Galidia elegans,74,1,118.609435406321
Galidia elegans,77,1,83.0485691054942
Galidia elegans,85,1,175.981325838436
Galidia elegans,86,1,63.0206184295745
Geobiastes squamiger,1,1,130.766713330481
Geobiastes squamiger,2,1,31.7906699104842
Geobiastes squamiger,3,1,24.4945574344176
Geobiastes squamiger,4,1,68.4101042013871
Geobiastes squamiger,6,1,88.6406669123755
Geobiastes squamiger,8,1,169.631957356803
Geobiastes squamiger,9,1,23.2776854782949
Geobiastes squamiger,10,1,29.5272808577641
Geobiastes squamiger,11,1,55.5464891758025
Geobiastes squamiger,12,1,139.478312369858
Geobiastes squamiger,13,1,31.472029723499
Geobiastes squamiger,14,1,4.22112663122994
Geobiastes squamiger,15,1,395.054614018113
Geobiastes squamiger,16,1,79.3607835382396
Geobiastes squamiger,17,1,49.0768985771461
Geobiastes squamiger,18,1,28.9742458016478
Geobiastes squamiger,20,1,69.6754423862041
Geobiastes squamiger,22,1,119.797805640131
Geobiastes squamiger,24,1,28.7773817194706
Geobiastes squamiger,25,1,5.77360824797236
Geobiastes squamiger,30,1,72.738625079772
Geobiastes squamiger,32,1,4.57841928809673
Geobiastes squamiger,34,1,24.8088509289
Geobiastes squamiger,36,1,603.409668283751
Geobiastes squamiger,40,1,161.087990952928
Geobiastes squamiger,42,1,296.709197350016
Geobiastes squamiger,46,1,2.55931186735392
Geobiastes squamiger,47,1,62.2549358162039
Geobiastes squamiger,53,1,27.5628913215333
Geobiastes squamiger,54,1,107.786015007139
Geobiastes squamiger,55,1,98.9741318037671
Geobiastes squamiger,58,1,19.4379070514505
Geobiastes squamiger,67,1,12.0410908559194
Geobiastes squamiger,77,1,2.55151549227834
Geobiastes squamiger,79,1,166.193217744094
Geobiastes squamiger,80,1,5.10222163080132
Geobiastes squamiger,83,1,27.8755226799484
Geobiastes squamiger,87,1,37.2519286786838
Geobiastes squamiger,88,1,27.9623496702767
Geobiastes squamiger,91,1,41.343584582412
Geobiastes squamiger,431,1,61.5307293035082
Geobiastes squamiger,432,1,11.844067606982
Geobiastes squamiger,433,1,59.2391267675812
Geogale aurita,67,20,0.370271373195052
Geogale aurita,69,20,0.0925668250995874
Geogale aurita,71,20,18.9744048029374
Geogale aurita,72,20,0.185130594589829
Geogale aurita,79,20,1.48074673073453
Geogale aurita,185,56,53.8809205673228
Geogale aurita,186,58,20.659147917025
Geogale aurita,187,59,11.0677904937411
Geogale aurita,189,61,7.19359772695124
Geogale aurita,225,75,10.9646853490851
Geogale aurita,239,83,0.368458156106412
Geogale aurita,240,83,4.97389831733674
Geogale aurita,248,81,94.487117466554
Geogale aurita,264,85,83.4488106803548
Geogale aurita,265,86,0.1841952123667
Geogale aurita,275,86,22.4685178929533
Geogale aurita,592,120,3.2162060560239
Geogale aurita,693,132,58.6780858784171
Geogale aurita,771,141,29.9898391575252
Geogale aurita,780,144,8.71055469847375
Geogale aurita,978,829,7.40589368397218
Geogale aurita,1055,190,2.64969806134474
Geogale aurita,1063,190,0.274089461484194
Geogale aurita,1064,190,0.0913643975844383
Geogale aurita,1068,190,0.0913631538983583
Geogale aurita,1076,190,7.03479595916426
Geogale aurita,1079,190,4.56775692645347
Geogale aurita,1081,190,0.456749789226651
Geogale aurita,1121,202,15.6103734113511
Geogale aurita,1489,281,7.69327844079637
Geogale aurita,1494,281,0.0905061372197867
Geogale aurita,1731,319,3.59435797385574
Geogale aurita,1732,319,4.58233058484161
Geogale aurita,1785,330,30.2949823155758
Geogale aurita,1822,806,3.3134309653132
Geogale aurita,1864,339,89.7882265229983
Geogale aurita,3032,574,68.4073900828867
Geogale aurita,4177,349,3.75955498126948
Geogale aurita,4207,871,44.4928427752329
Geogale aurita,4286,888,3.50522293895912
Geogale aurita,4227,882,20.1971499749727
Geogale aurita,872,169,25.6307199419486
Geogale aurita,3142,611,4.90631056789076
Geogale aurita,11,4,20.2118844377285
Geogale aurita,19,5,0.092707307780385
Geogale aurita,31,5,43.1111113539351
Geogale aurita,50,12,0.18528219835794
Geogale aurita,51,12,25.0129907766499
Geogale aurita,4339,590,7.18396295269907
Geogale aurita,4316,903,14.8764755082333
Geogale aurita,4299,898,3.48046890408206
Geogale aurita,38,10,21.0334598369216
Geogale aurita,42,10,0.0926675960290432
Geogale aurita,45,10,0.0926606114119291
Geogale aurita,266,87,24.5866544846156
Geogale aurita,274,87,0.09208926046592
Geogale aurita,283,87,23.7530982886395
Geogale aurita,560,116,20.8623323525646
Geogale aurita,594,116,1.01083246940541
Geogale aurita,1091,196,25.2954338220496
Geogale aurita,2914,907,0.0879156733248234
Geogale aurita,4344,907,20.745550279323
Geogale aurita,4306,908,0.604549703201652
Geogale aurita,4346,908,19.9515621485544
Geogale aurita,608,911,217.548470136951
Geogale aurita,4350,911,21.7270555164769
Geogale aurita,686,912,2.11212740951848
Geogale aurita,763,912,248.716791820512
Geogale aurita,4352,912,29.7695576978058
Geogale aurita,4351,913,121.038130461879
Geogale aurita,512,111,54.2495373915609
Geogale aurita,4006,843,29.4123165165247
Geogale aurita,4365,915,27.2715936270408
Geogale aurita,4367,917,29.3885406549345
Geogale aurita,4368,918,20.6592519148787
Geogale aurita,1142,919,0.456175956650972
Geogale aurita,4369,919,264.412755034886
Geogale aurita,1810,337,42.7215934479364
Geogale aurita,1837,342,2.32767118464887
Geogale aurita,1855,342,51.2002113748899
Geogale aurita,4315,704,8.87579014953661
Geogale aurita,3303,875,67.1171045351946
Geogale aurita,4379,875,17.8604217163317
Geogale aurita,3726,901,0.0869155042577982
Geogale aurita,3794,901,50.229927616561
Geogale aurita,4317,901,4.26181091131223
Geogale aurita,4318,901,25.3907382258146
Geogale aurita,1809,336,17.1081231937796
Geogale aurita,3679,852,9.49007950158822
Geogale aurita,4409,926,7.49109958654905
Geogale aurita,157,46,162.374759556721
Geogale aurita,165,53,21.3177359530708
Geogale aurita,178,55,8.30511914151794
Geogale aurita,243,82,32.5124332313133
Geogale aurita,252,82,1.93420808195192
Geogale aurita,278,82,68.6117236014742
Geogale aurita,364,100,5.52202601053399
Geogale aurita,541,103,0.183841973941922
Geogale aurita,545,103,0.643432019171834
Geogale aurita,571,103,0.275717098941743
Geogale aurita,577,103,0.275709061498702
Geogale aurita,582,103,0.45950859373796
Geogale aurita,587,103,0.459497104688943
Geogale aurita,600,103,1.10266377710587
Geogale aurita,615,103,0.82694543447876
Geogale aurita,641,103,0.367459639964402
Geogale aurita,654,103,1.46972063059127
Geogale aurita,716,103,424.343127145255
Geogale aurita,791,146,49.4288476734381
Geogale aurita,796,148,23.2835529309423
Geogale aurita,798,149,5.22484076185095
Geogale aurita,1093,179,107.192381487031
Geogale aurita,4414,179,0.0914189111073017
Geogale aurita,4415,179,0.0914176766955852
Geogale aurita,1136,198,0.0912566705784798
Geogale aurita,1137,198,239.026187652904
Geogale aurita,1176,204,0.820644420907617
Geogale aurita,1196,204,304.310387415966
Geogale aurita,1199,204,3.09900984286356
Geogale aurita,1200,204,0.0911461065163612
Geogale aurita,1543,291,29.7723925005818
Geogale aurita,1660,927,96.0048449014599
Geogale aurita,4425,928,29.3041924637888
Geogale aurita,1706,309,0.0899370735926628
Geogale aurita,1709,309,0.449603298738718
Geogale aurita,1710,309,0.359686745625973
Geogale aurita,1712,309,36.3318798597312
Geogale aurita,1781,320,39.0716951757742
Geogale aurita,4426,320,14.6364940401641
Geogale aurita,2020,361,240.781115273437
Geogale aurita,2259,404,108.01588872667
Geogale aurita,4427,929,44.3707966394124
Geogale aurita,3887,716,5.27962728708625
Geogale aurita,4174,930,11.1631336764222
Geogale aurita,3858,745,6.66920689187086
Geogale aurita,4429,745,0.0866204207210541
Geogale aurita,4430,745,0.0866166764483452
Geogale aurita,4431,745,0.0865998172305823
Geogale aurita,4228,876,14.6389143673252
Geogale aurita,535,910,0.459616383671761
Geogale aurita,547,910,0.275752651619434
Geogale aurita,590,910,0.183794934333086
Geogale aurita,591,910,53.6769175645663
Geogale aurita,593,910,0.551364106284559
Geogale aurita,601,910,434.928343317047
Geogale aurita,611,910,0.551319225259066
Geogale aurita,617,910,0.643170052254975
Geogale aurita,758,931,119.399623829386
Geogale aurita,4410,932,7.91582309376866
Geogale aurita,4411,933,25.8543332637053
Geogale aurita,4412,934,212.9593964375
Geogale aurita,4413,934,60.3816497527135
Geogale aurita,1708,920,0.0899238860032559
Geogale aurita,4398,920,6.47518067735767
Geogale aurita,4438,920,0.449634089967012
Geogale aurita,4392,921,16.7397400424525
Geogale aurita,4435,935,0.0899925686674118
Geogale aurita,4436,935,6.02879668256032
Gymnuromys roberti,5,2,110.223524784526
Gymnuromys roberti,22,6,28.0485209092932
Gymnuromys roberti,29,8,29.7890733494473
Gymnuromys roberti,56,12,238.609838839944
Gymnuromys roberti,476,31,29.8438585847248
Gymnuromys roberti,2978,235,0.0879156733248234
Gymnuromys roberti,3618,235,20.745550279323
Gymnuromys roberti,3549,169,29.4123165165247
Gymnuromys roberti,3633,242,27.2715936270408
Gymnuromys roberti,3634,243,29.3885406549345
Gymnuromys roberti,3635,244,28.18098531546
Gymnuromys roberti,3639,245,31.1097970257471
Gymnuromys roberti,3640,245,29.6010280215162
Gymnuromys roberti,3643,247,58.7538227882982
Gymnuromys roberti,540,33,0.091117895532608
Gymnuromys roberti,566,33,185.732402123295
Gymnuromys roberti,3647,33,57.2295433790975
Gymnuromys roberti,3649,251,31.5815648439663
Gymnuromys roberti,28,7,72.4154606826265
Gymnuromys roberti,30,9,0.0921567930737734
Gymnuromys roberti,41,9,40.258745964456
Gymnuromys roberti,54,9,0.460479690076411
Gymnuromys roberti,55,9,0.276287814045846
Gymnuromys roberti,153,9,0.184020454986751
Gymnuromys roberti,370,9,1.37887890252584
Gymnuromys roberti,407,9,1516.58392481933
Gymnuromys roberti,414,9,1.10272016136485
Gymnuromys roberti,415,9,1.01083246940541
Gymnuromys roberti,421,9,0.183784584811091
Gymnuromys roberti,519,257,569.326332002864
Gymnuromys roberti,3668,257,31.655493997052
Gymnuromys roberti,3669,257,29.7215677097509
Gymnuromys roberti,3670,257,0.0916520090398192
Gymnuromys roberti,3667,258,126.349623231856
Gymnuromys roberti,423,20,1.10266377710587
Gymnuromys roberti,424,20,0.183781132994294
Gymnuromys roberti,428,20,2.02137478975725
Gymnuromys roberti,429,20,0.82694543447876
Gymnuromys roberti,439,20,0.367459639964402
Gymnuromys roberti,444,20,0.183724619395971
Gymnuromys roberti,445,20,0.275586929093957
Gymnuromys roberti,451,20,1.46972063059127
Gymnuromys roberti,452,20,0.275577679304183
Gymnuromys roberti,469,20,363.262862725113
Gymnuromys roberti,661,38,0.181274117312074
Gymnuromys roberti,3654,38,30.8125924480652
Gymnuromys roberti,3677,38,29.8980611396976
Gymnuromys roberti,2506,51,55.9437887277658
Gymnuromys roberti,3674,259,29.7723925005818
Gymnuromys roberti,3675,260,52.093110773009
Gymnuromys roberti,3616,240,68.5173564614324
Gymnuromys roberti,3642,240,30.9497681570725
Gymnuromys roberti,3676,240,29.2747668395581
Gymnuromys roberti,3628,246,31.2831288292344
Gymnuromys roberti,1417,252,104.68823217409
Gymnuromys roberti,3671,261,61.2124982058765
Gymnuromys roberti,3672,262,90.898942940664
Gymnuromys roberti,3673,263,29.7379084643369
Gymnuromys roberti,3658,253,17.9006258988328
Gymnuromys roberti,3679,253,2.8788579399693
Gymnuromys roberti,3659,264,42.668198616212
Gymnuromys roberti,3678,265,9.5401058957789
Gymnuromys roberti,1193,256,0.179958904524803
Gymnuromys roberti,1205,256,2.87876883525908
Gymnuromys roberti,1210,256,0.899620833965421
Gymnuromys roberti,1221,256,0.269868277515411
Gymnuromys roberti,3665,256,45.3586244344001
Gymnuromys roberti,3666,256,33.0953660841964
Hapalemur alaotrensis,338,58,0.183166034531772
Hapalemur alaotrensis,350,58,528.173765498217
Hapalemur alaotrensis,488,164,135.238986353124
Hapalemur alaotrensis,406,145,9.59557619184256
Hapalemur alaotrensis,422,166,33.8977309492772
Hapalemur alaotrensis,424,68,133.970948761307
Hapalemur alaotrensis,494,68,21.3848874257425
Hapalemur alaotrensis,495,68,0.548379956253052
Hapalemur alaotrensis,496,68,5.84865503920686
Hapalemur alaotrensis,500,68,5.93885101003361
Hapalemur alaotrensis,505,68,1.0961299353025
Hapalemur alaotrensis,506,68,1.00465317232752
Hapalemur alaotrensis,507,68,12.4180498910022
Hapalemur aureus,52,4,31.4878831114429
Hapalemur aureus,57,5,25.5098385051716
Hapalemur aureus,100,9,1.17365293457258
Hapalemur aureus,102,9,0.180557963597298
Hapalemur aureus,104,9,16.6994855698699
Hapalemur aureus,105,9,59.0116196877115
Hapalemur aureus,106,10,90.898942940664
Hapalemur aureus,108,10,42.668198616212
Hapalemur aureus,333,20,9.04229392747104
Hapalemur aureus,334,20,0.62064821295929
Hapalemur aureus,337,20,0.265972006813645
Hapalemur aureus,341,20,0.709200345668078
Hapalemur aureus,345,20,0.177290677110195
Hapalemur aureus,347,20,0.177274304782152
Hapalemur aureus,409,20,0.177275942426443
Hapalemur aureus,410,20,29.6296191803109
Hapalemur aureus,412,20,30.9497681570725
Hapalemur aureus,369,27,31.2831288292344
Hapalemur griseus,4355,43,25.8267574798966
Hapalemur griseus,429,13,0.370271373195112
Hapalemur griseus,431,13,0.46283412528491
Hapalemur griseus,434,13,43.0377824654047
Hapalemur griseus,435,13,0.185130594589651
Hapalemur griseus,449,13,1.48074673073447
Hapalemur griseus,450,13,1.66577102635723
Hapalemur griseus,452,13,0.277623898765862
Hapalemur griseus,454,13,0.277610584835649
Hapalemur griseus,19098,13,1.38815019469839
Hapalemur griseus,19099,13,0.185083622752368
Hapalemur griseus,19121,517,25.074716512655
Hapalemur griseus,203,7,0.463597745713949
Hapalemur griseus,263,7,43.2038186617155
Hapalemur griseus,4753,519,91.8113589710392
Hapalemur griseus,303,523,0.555893682719886
Hapalemur griseus,321,523,0.18528219835794
Hapalemur griseus,325,523,27.8845320748951
Hapalemur griseus,326,523,0.277912765102387
Hapalemur griseus,19127,526,24.4501852478648
Hapalemur griseus,277,360,70.6947613926224
Hapalemur griseus,120,436,0.556644208811998
Hapalemur griseus,127,436,0.371099061261237
Hapalemur griseus,130,436,0.556625695955515
Hapalemur griseus,139,436,0.185535398295045
Hapalemur griseus,145,436,0.463806772104442
Hapalemur griseus,152,436,0.278275269288719
Hapalemur griseus,154,436,0.463781360735476
Hapalemur griseus,162,436,0.278243954663038
Hapalemur griseus,172,436,0.185478644791484
Hapalemur griseus,178,436,0.27820176096195
Hapalemur griseus,181,436,0.64914825101471
Hapalemur griseus,186,436,0.18546587502265
Hapalemur griseus,189,436,130.021860527523
Hapalemur griseus,193,436,0.185455055661559
Hapalemur griseus,194,436,6.49089737985898
Hapalemur griseus,202,436,8.43709773357266
Hapalemur griseus,204,436,0.185438309592962
Hapalemur griseus,210,436,0.185425482894003
Hapalemur griseus,18930,436,0.185474717534542
Hapalemur griseus,19212,436,56.8711675529918
Hapalemur griseus,19306,551,20.745550279323
Hapalemur griseus,18887,553,0.777178853789449
Hapalemur griseus,19154,553,0.604549703201652
Hapalemur griseus,19321,553,19.9515621485544
Hapalemur griseus,3056,26,0.275667671454728
Hapalemur griseus,3068,26,1.92954817861217
Hapalemur griseus,3161,26,0.275591552190781
Hapalemur griseus,3179,26,0.367434207116187
Hapalemur griseus,3196,26,33.8991079803615
Hapalemur griseus,19322,26,0.367500048400045
Hapalemur griseus,4434,45,27.0084407932128
Hapalemur griseus,4563,45,1.55623826883286
Hapalemur griseus,4591,45,1.28151005270296
Hapalemur griseus,19323,45,0.366216056347668
Hapalemur griseus,6016,58,21.2443070814916
Hapalemur griseus,18821,533,2.33597082442725
Hapalemur griseus,18912,533,57.1920356452231
Hapalemur griseus,19406,568,27.2715936270408
Hapalemur griseus,19408,570,29.4123165165247
Hapalemur griseus,19409,571,29.3885406549345
Hapalemur griseus,19410,572,20.6592519148787
Hapalemur griseus,12467,138,40.9179544183476
Hapalemur griseus,12594,138,1.34292058027875
Hapalemur griseus,12650,138,0.26856585635531
Hapalemur griseus,12936,138,235.238439877382
Hapalemur griseus,8894,363,0.632951986920595
Hapalemur griseus,19412,363,18.8080490493349
Hapalemur griseus,19438,580,58.7538227882982
Hapalemur griseus,19430,581,31.1097970257471
Hapalemur griseus,19431,581,29.6010280215162
Hapalemur griseus,8475,95,38.0240908843971
Hapalemur griseus,8532,95,3.07696966736531
Hapalemur griseus,8539,95,0.723997986285687
Hapalemur griseus,8570,95,0.361958205401778
Hapalemur griseus,19202,95,0.452763459862113
Hapalemur griseus,10589,124,11.3402500320686
Hapalemur griseus,12349,137,27.6902943571132
Hapalemur griseus,12400,137,41.0293049223378
Hapalemur griseus,12495,582,3.31343096531284
Hapalemur griseus,19423,582,13.8841261984148
Hapalemur griseus,19334,583,29.6714715318073
Hapalemur griseus,19517,588,31.5815648439663
Hapalemur griseus,19422,575,26.5383701395922
Hapalemur griseus,11118,576,46.0228045271878
Hapalemur griseus,19453,604,34.6422357639037
Hapalemur griseus,11421,134,39.0716951757742
Hapalemur griseus,19568,134,14.6364940401641
Hapalemur griseus,1216,368,162.374759556721
Hapalemur griseus,19528,368,21.3177359530708
Hapalemur griseus,19529,368,301.748748168552
Hapalemur griseus,19531,368,0.645659265649796
Hapalemur griseus,2849,605,0.643524707942307
Hapalemur griseus,2913,605,0.459616383671761
Hapalemur griseus,2932,605,0.643432019171834
Hapalemur griseus,2938,605,0.275752651619434
Hapalemur griseus,2957,605,0.367655302864552
Hapalemur griseus,2977,605,1.56243208603394
Hapalemur griseus,2978,605,0.275729722221732
Hapalemur griseus,3000,605,0.275717098941743
Hapalemur griseus,3012,605,0.275709061498702
Hapalemur griseus,3016,605,0.45950859373796
Hapalemur griseus,3021,605,0.459497104688943
Hapalemur griseus,3022,605,1.1946710927338
Hapalemur griseus,3036,605,53.6769175645663
Hapalemur griseus,3038,605,3.21620605602366
Hapalemur griseus,3039,605,0.551364106284559
Hapalemur griseus,3046,605,1.10266377710587
Hapalemur griseus,3055,605,0.367564567481756
Hapalemur griseus,3063,605,0.551319225259066
Hapalemur griseus,3073,605,1.10259928914046
Hapalemur griseus,3078,605,2.02137478975725
Hapalemur griseus,3079,605,0.82694543447876
Hapalemur griseus,3085,605,0.643170052254975
Hapalemur griseus,3093,605,1.65382056523669
Hapalemur griseus,3112,605,0.82682548099494
Hapalemur griseus,3137,605,0.459349671094835
Hapalemur griseus,3159,605,0.367459639964402
Hapalemur griseus,3173,605,0.275586929093957
Hapalemur griseus,3177,605,1.46972063059127
Hapalemur griseus,3178,605,0.275577679304183
Hapalemur griseus,3256,605,0.367363554798722
Hapalemur griseus,3280,605,58.6780858784085
Hapalemur griseus,3345,605,431.329695352153
Hapalemur griseus,3380,605,0.27544305105114
Hapalemur griseus,4128,605,30.8790083227612
Hapalemur griseus,7236,605,9050.0365717506
Hapalemur griseus,19533,605,0.184350945953012
Hapalemur griseus,19538,605,1355.54877556185
Hapalemur griseus,19539,605,8.71055469847293
Hapalemur griseus,19542,605,5.22484076185095
Hapalemur griseus,19549,605,0.366016744080782
Hapalemur griseus,19552,605,2.55931186735392
Hapalemur griseus,19553,605,118.609435406321
Hapalemur griseus,19554,605,1.09562847792852
Hapalemur griseus,19555,605,18.7867803754507
Hapalemur griseus,19556,605,83.0485691054942
Hapalemur griseus,19560,605,1.09378015375698
Hapalemur griseus,19561,605,0.820222737159133
Hapalemur griseus,19562,605,2.55151549227834
Hapalemur griseus,19563,605,5.10222163080132
Hapalemur griseus,19564,605,175.981325838436
Hapalemur griseus,19565,605,63.0206184295745
Hapalemur griseus,19530,606,176.981841014409
Hapalemur griseus,19532,607,29.7890733494434
Hapalemur griseus,5407,374,64.7813755391199
Hapalemur griseus,19326,374,0.456764738324285
Hapalemur griseus,10770,525,6.47518067735767
Hapalemur griseus,10940,525,0.449603298738718
Hapalemur griseus,10941,525,0.359686745625973
Hapalemur griseus,19450,525,36.3318798597312
Hapalemur griseus,19567,525,0.449634089967012
Hapalemur griseus,4784,541,24.8813630898282
Hapalemur griseus,4897,541,20.1184639854197
Hapalemur griseus,4962,541,1.91988596975839
Hapalemur griseus,4963,541,4.20534270261967
Hapalemur griseus,19518,541,3.56491505919516
Hapalemur griseus,5006,608,30.6135540736706
Hapalemur griseus,19411,608,22.2892814174192
Hapalemur griseus,5014,542,24.6792146248905
Hapalemur griseus,5033,542,2.83342021114922
Hapalemur griseus,5052,542,1.00536820483041
Hapalemur griseus,5064,542,1.18809712456608
Hapalemur griseus,5082,542,4.38649564416373
Hapalemur griseus,5135,542,8.49783825708031
Hapalemur griseus,5176,542,0.274089461484313
Hapalemur griseus,5220,542,10.9639024804186
Hapalemur griseus,5221,542,4.56775692645061
Hapalemur griseus,19179,542,2.46812535342705
Hapalemur griseus,19328,542,14.9865047176636
Hapalemur griseus,19435,542,0.456749789225697
Hapalemur griseus,19346,554,674.611930876287
Hapalemur griseus,19581,554,0.820644420907617
Hapalemur griseus,10776,556,2.87876883525908
Hapalemur griseus,10779,556,0.899620833965421
Hapalemur griseus,10805,556,0.269868277515411
Hapalemur griseus,19474,556,45.3586244344001
Hapalemur griseus,19476,556,33.0953660841964
Hapalemur griseus,15091,609,104.68823217409
Hapalemur griseus,19473,610,42.668198616212
Hapalemur griseus,19569,611,82.1709647371291
Hapalemur griseus,19571,611,96.0048449014599
Hapalemur griseus,19570,612,61.2124982058765
Hapalemur griseus,19572,613,29.7723925005818
Hapalemur griseus,19573,614,29.3041924637888
Hapalemur griseus,19574,615,52.093110773009
Hapalemur griseus,19575,616,90.898942940664
Hapalemur griseus,19576,617,29.7379084643369
Hapalemur griseus,19577,618,9.5401058957789
Hapalemur griseus,19578,619,17.9006258988328
Hapalemur griseus,19579,619,2.8788579399693
Hapalemur griseus,15940,557,0.265972006813645
Hapalemur griseus,15960,557,0.709200345668078
Hapalemur griseus,19302,557,68.5173564614324
Hapalemur griseus,19436,557,30.9497681570725
Hapalemur griseus,19437,557,9.04229392747104
Hapalemur griseus,19580,557,29.2747668395581
Hapalemur griseus,5684,573,0.365034251434088
Hapalemur griseus,5724,573,730.035973466651
Hapalemur griseus,5752,573,0.547426328328371
Hapalemur griseus,5758,573,0.364942030490041
Hapalemur griseus,5764,573,0.456175956650972
Hapalemur griseus,19520,573,0.365072069038987
Hapalemur griseus,19521,573,0.821376871704459
Hapalemur griseus,19523,573,1.73396250702751
Hapalemur griseus,19413,577,69.4793727685246
Hapalemur griseus,19394,579,31.2831288292344
Hapalemur griseus,19461,591,30.8125924480652
Hapalemur griseus,19583,591,29.8980611396976
Hapalemur occidentalis,1,1,29.5434105097155
Hapalemur occidentalis,2,2,1.10513790659881
Hapalemur occidentalis,3,2,24.4945574344205
Hapalemur occidentalis,4,3,30.1057062332529
Hapalemur occidentalis,5,4,29.9084594166067
Hapalemur occidentalis,15,6,47.0601219852708
Hapalemur occidentalis,17,6,1.10272016136467
Hapalemur occidentalis,18,6,1.01083246940535
Hapalemur occidentalis,19,6,0.183784584811091
Hapalemur occidentalis,20,6,59.7228573598175
Hapalemur occidentalis,21,7,30.201487896457
Hapalemur occidentalis,22,8,59.9302259674964
Hapalemur occidentalis,23,9,30.0885079199012
Hapalemur occidentalis,44,15,29.9258557544438
Hapalemur occidentalis,34,13,29.8631255431847
Hapalemur occidentalis,40,13,31.595939075628
Hapalemur occidentalis,41,13,30.0317008958382
Hapalemur occidentalis,43,16,21.60300644752
Hapalemur occidentalis,45,16,47.8633940220683
Hartertula flavoviridis,51,8,30.1057062332649
Hartertula flavoviridis,54,9,30.0587182645793
Hartertula flavoviridis,55,10,113.1599097757
Hartertula flavoviridis,89,15,8.71055469847327
Hartertula flavoviridis,99,15,11.4591862702196
Hartertula flavoviridis,110,16,90.0615537520672
Hartertula flavoviridis,127,18,23.411239958501
Hartertula flavoviridis,133,18,0.182879727681756
Hartertula flavoviridis,135,19,29.9286669204878
Hartertula flavoviridis,136,20,28.180985315474
Hartertula flavoviridis,141,22,29.8980611397084
Hartertula flavoviridis,59,12,136.803497863811
Hartertula flavoviridis,60,12,0.367143398642659
Hartertula flavoviridis,61,12,4.95616607062292
Hartertula flavoviridis,62,12,6.14897300429701
Hartertula flavoviridis,63,12,0.367093046224535
Hartertula flavoviridis,64,12,2.3858150281055
Hartertula flavoviridis,73,12,1.5597926592769
Hartertula flavoviridis,78,12,10.825308922661
Hartertula flavoviridis,82,12,57.8703943592311
Hartertula flavoviridis,138,21,70.6253013850863
Hartertula flavoviridis,140,21,26.6029137582988
Hartertula flavoviridis,806,41,31.1097970257471
Hartertula flavoviridis,30,6,29.5185984493196
Hartertula flavoviridis,32,6,21.489267393872
Hartertula flavoviridis,37,6,29.8682046598686
Hartertula flavoviridis,49,6,31.6985197321723
Hartertula flavoviridis,932,6,3.3177556751284
Hartertula flavoviridis,933,6,0.276474781070888
Hartertula flavoviridis,147,25,86.6345357060499
Hartertula flavoviridis,169,26,52.093110773009
Hartertula flavoviridis,934,60,29.7723925005818
Hartertula flavoviridis,772,48,40.1996711458063
Hartertula flavoviridis,912,48,29.2747668395581
Hartertula flavoviridis,50,54,147.345284191345
Hartertula flavoviridis,53,54,238.765775899298
Hartertula flavoviridis,924,54,30.013641520756
Hartertula flavoviridis,773,57,31.2831288292344
Hartertula flavoviridis,926,61,58.7538227882982
Hartertula flavoviridis,152,59,29.7379084643369
Hartertula flavoviridis,297,62,17.9006258988328
Hartertula flavoviridis,935,62,9.5401058957789
Hartertula flavoviridis,936,62,2.8788579399693
Hartertula flavoviridis,929,63,90.898942940664
Hartertula flavoviridis,931,63,42.668198616212
Hartlaubius auratus,582,57,0.370271373195112
Hartlaubius auratus,584,57,0.46283412528491
Hartlaubius auratus,588,57,43.0377824654047
Hartlaubius auratus,589,57,0.185130594589651
Hartlaubius auratus,614,57,1.48074673073447
Hartlaubius auratus,620,57,1.66577102635723
Hartlaubius auratus,627,57,0.277623898765862
Hartlaubius auratus,636,57,0.277610584835649
Hartlaubius auratus,31412,57,1.38815019469839
Hartlaubius auratus,31413,57,0.185083622752368
Hartlaubius auratus,31519,71,24.4501852478648
Hartlaubius auratus,6440,63,91.8113589710392
Hartlaubius auratus,284,70,0.463597745713949
Hartlaubius auratus,363,70,43.2038186617155
Hartlaubius auratus,31441,77,25.074716512655
Hartlaubius auratus,188,61,0.556644208811998
Hartlaubius auratus,195,61,0.371099061261237
Hartlaubius auratus,198,61,0.556625695955515
Hartlaubius auratus,208,61,0.185535398295045
Hartlaubius auratus,215,61,0.463806772104442
Hartlaubius auratus,223,61,0.278275269288719
Hartlaubius auratus,225,61,0.463781360735476
Hartlaubius auratus,240,61,0.278243954663038
Hartlaubius auratus,253,61,0.185478644791484
Hartlaubius auratus,256,61,0.27820176096195
Hartlaubius auratus,259,61,0.64914825101471
Hartlaubius auratus,264,61,0.18546587502265
Hartlaubius auratus,269,61,130.021860527523
Hartlaubius auratus,273,61,0.185455055661559
Hartlaubius auratus,274,61,6.49089737985898
Hartlaubius auratus,283,61,8.43709773357266
Hartlaubius auratus,285,61,0.185438309592962
Hartlaubius auratus,292,61,0.185425482894003
Hartlaubius auratus,416,61,0.555893682719886
Hartlaubius auratus,439,61,0.18528219835794
Hartlaubius auratus,446,61,27.8845320748951
Hartlaubius auratus,447,61,0.277912765102387
Hartlaubius auratus,515,61,70.9727122086791
Hartlaubius auratus,31215,61,0.185474717534542
Hartlaubius auratus,31556,61,56.8711675529918
Hartlaubius auratus,3649,38,0.275667671454728
Hartlaubius auratus,3678,38,1.92954817861217
Hartlaubius auratus,3828,38,0.275591552190781
Hartlaubius auratus,3860,38,0.367434207116187
Hartlaubius auratus,3861,38,0.183716525221169
Hartlaubius auratus,3887,38,33.8991079803615
Hartlaubius auratus,31483,38,0.183782283740878
Hartlaubius auratus,31670,38,0.367500048400045
Hartlaubius auratus,8396,81,21.2443070814916
Hartlaubius auratus,27298,3,18.4464234338502
Hartlaubius auratus,27765,3,0.970314285975218
Hartlaubius auratus,31545,3,2.38669797589731
Hartlaubius auratus,31745,3,0.883594451860189
Hartlaubius auratus,14092,52,0.632951986920595
Hartlaubius auratus,31775,52,18.8080490493349
Hartlaubius auratus,31796,87,31.1097970257471
Hartlaubius auratus,31797,87,29.6010280215162
Hartlaubius auratus,31653,88,20.745550279323
Hartlaubius auratus,31046,72,2.33597082442725
Hartlaubius auratus,31048,72,0.17303808407855
Hartlaubius auratus,31144,72,0.777178853789449
Hartlaubius auratus,31479,72,0.604549703201652
Hartlaubius auratus,31555,72,57.1920356452231
Hartlaubius auratus,31669,72,19.9515621485544
Hartlaubius auratus,31768,72,27.2715936270408
Hartlaubius auratus,31770,72,29.4123165165247
Hartlaubius auratus,31771,72,29.3885406549345
Hartlaubius auratus,31772,72,20.6592519148787
Hartlaubius auratus,13294,23,38.2051651932326
Hartlaubius auratus,13401,23,3.07696966736531
Hartlaubius auratus,13412,23,0.723997986285687
Hartlaubius auratus,13491,23,0.361958205401778
Hartlaubius auratus,31529,23,0.452763459862113
Hartlaubius auratus,31686,94,29.6714715318073
Hartlaubius auratus,5355,79,0.733158739641845
Hartlaubius auratus,5471,79,2.01572332178837
Hartlaubius auratus,5472,79,0.458135662899971
Hartlaubius auratus,5505,79,0.274868693208218
Hartlaubius auratus,5506,79,0.366490791638374
Hartlaubius auratus,5511,79,0.366482397446334
Hartlaubius auratus,5524,79,0.274855500644743
Hartlaubius auratus,5567,79,0.183227399604559
Hartlaubius auratus,5585,79,0.1832213955158
Hartlaubius auratus,5586,79,0.1832213955158
Hartlaubius auratus,5632,79,0.274809861419678
Hartlaubius auratus,5653,79,0.824397110989213
Hartlaubius auratus,5737,79,1.00747888364965
Hartlaubius auratus,5785,79,1.37373982893509
Hartlaubius auratus,5830,79,0.183153969973981
Hartlaubius auratus,5849,79,27.0084407932128
Hartlaubius auratus,5850,79,0.641021390268981
Hartlaubius auratus,5851,79,1.64832053344005
Hartlaubius auratus,5883,79,1.09880786665845
Hartlaubius auratus,5961,79,0.27467717452234
Hartlaubius auratus,5990,79,0.640887180962563
Hartlaubius auratus,6056,79,1.55623826883286
Hartlaubius auratus,6057,79,0.183092276589036
Hartlaubius auratus,6069,79,0.45771856548512
Hartlaubius auratus,6107,79,1.28151005270296
Hartlaubius auratus,6145,79,0.183069222521663
Hartlaubius auratus,6220,79,0.457617758493304
Hartlaubius auratus,6229,79,0.183044913982987
Hartlaubius auratus,6247,95,22.6013246737857
Hartlaubius auratus,6289,79,0.183027872893095
Hartlaubius auratus,6313,79,1.00660883126068
Hartlaubius auratus,31675,79,0.366216056347668
Hartlaubius auratus,31676,79,0.1831019721452
Hartlaubius auratus,18525,86,24.3559507447872
Hartlaubius auratus,31782,86,34.6422357639037
Hartlaubius auratus,12315,53,0.181274117312074
Hartlaubius auratus,31833,53,30.8125924480652
Hartlaubius auratus,31955,53,29.8980611396976
Hartlaubius auratus,24714,55,57.1142349294776
Hartlaubius auratus,1538,60,162.374759556721
Hartlaubius auratus,3359,60,0.643524707942307
Hartlaubius auratus,3436,60,0.459616383671761
Hartlaubius auratus,3456,60,0.183841973941922
Hartlaubius auratus,3468,60,0.643432019171834
Hartlaubius auratus,3477,60,0.275752651619434
Hartlaubius auratus,3501,60,0.367655302864552
Hartlaubius auratus,3523,60,1.56243208603394
Hartlaubius auratus,3524,60,0.275729722221732
Hartlaubius auratus,3554,60,0.275717098941743
Hartlaubius auratus,3572,60,0.275709061498702
Hartlaubius auratus,3581,60,0.45950859373796
Hartlaubius auratus,3593,60,0.459497104688943
Hartlaubius auratus,3594,60,1.1946710927338
Hartlaubius auratus,3610,60,0.183794934333086
Hartlaubius auratus,3617,60,53.6769175645663
Hartlaubius auratus,3622,60,3.21620605602366
Hartlaubius auratus,3623,60,0.551364106284559
Hartlaubius auratus,3634,60,1.10266377710587
Hartlaubius auratus,3647,60,0.183781132994294
Hartlaubius auratus,3648,60,0.367564567481756
Hartlaubius auratus,3659,60,0.183777680330873
Hartlaubius auratus,3667,60,0.551319225259066
Hartlaubius auratus,3674,60,0.183773075227022
Hartlaubius auratus,3685,60,1.10259928914046
Hartlaubius auratus,3692,60,2.02137478975725
Hartlaubius auratus,3693,60,0.82694543447876
Hartlaubius auratus,3700,60,0.643170052254975
Hartlaubius auratus,3706,60,0.183763859939098
Hartlaubius auratus,3715,60,0.183761555058956
Hartlaubius auratus,3716,60,1.65382056523669
Hartlaubius auratus,3750,60,0.82682548099494
Hartlaubius auratus,3794,60,0.459349671094835
Hartlaubius auratus,3825,60,0.367459639964402
Hartlaubius auratus,3847,60,0.183724619395971
Hartlaubius auratus,3848,60,0.275586929093957
Hartlaubius auratus,3858,60,1.46972063059127
Hartlaubius auratus,3859,60,0.275577679304183
Hartlaubius auratus,3987,60,0.367363554798722
Hartlaubius auratus,4021,60,58.6780858784085
Hartlaubius auratus,4125,60,431.329695352153
Hartlaubius auratus,4185,60,0.27544305105114
Hartlaubius auratus,10819,60,9163.642217011
Hartlaubius auratus,31698,60,674.611930876287
Hartlaubius auratus,31889,60,31.5815648439663
Hartlaubius auratus,31900,60,21.3177359530708
Hartlaubius auratus,31901,60,301.748748168552
Hartlaubius auratus,31902,60,176.981841014409
Hartlaubius auratus,31903,60,0.645659265649796
Hartlaubius auratus,31904,60,29.7890733494434
Hartlaubius auratus,31905,60,0.184350945953012
Hartlaubius auratus,31910,60,1385.48179139944
Hartlaubius auratus,31911,60,8.71055469847293
Hartlaubius auratus,31912,60,1.55853332586139
Hartlaubius auratus,31913,60,4.12545809786379
Hartlaubius auratus,31914,60,5.22484076185095
Hartlaubius auratus,31921,60,0.366016744080782
Hartlaubius auratus,31924,60,2.55931186735392
Hartlaubius auratus,31925,60,118.609435406321
Hartlaubius auratus,31926,60,1.09562847792852
Hartlaubius auratus,31927,60,18.7867803754507
Hartlaubius auratus,31928,60,83.0485691054942
Hartlaubius auratus,31932,60,1.09378015375698
Hartlaubius auratus,31933,60,0.820222737159133
Hartlaubius auratus,31934,60,2.55151549227834
Hartlaubius auratus,31935,60,5.10222163080132
Hartlaubius auratus,31936,60,175.981325838436
Hartlaubius auratus,31937,60,63.0206184295745
Hartlaubius auratus,31953,60,0.820644420907617
Hartlaubius auratus,31954,60,1.91443390526378
Hartlaubius auratus,6406,75,2.38014501393825
Hartlaubius auratus,6493,75,24.8813630898282
Hartlaubius auratus,6707,75,20.1184639854197
Hartlaubius auratus,6820,75,1.91988596975839
Hartlaubius auratus,6821,75,4.20534270261967
Hartlaubius auratus,6871,75,37.6497033879611
Hartlaubius auratus,6876,75,5.85033975470399
Hartlaubius auratus,6882,75,24.6792146248905
Hartlaubius auratus,6917,75,2.65062070312464
Hartlaubius auratus,6923,75,0.182805694628716
Hartlaubius auratus,6941,75,0.274192454327822
Hartlaubius auratus,6955,75,0.182784649551272
Hartlaubius auratus,6956,75,1.18809712456608
Hartlaubius auratus,6975,75,0.182778454094648
Hartlaubius auratus,6983,75,4.38649564416373
Hartlaubius auratus,6997,75,8.86332816260337
Hartlaubius auratus,7109,75,0.274089461484313
Hartlaubius auratus,7171,75,10.9639024804186
Hartlaubius auratus,7172,75,4.56775692645061
Hartlaubius auratus,7869,75,0.365034251434088
Hartlaubius auratus,7946,75,789.359651735066
Hartlaubius auratus,7990,75,0.547426328328371
Hartlaubius auratus,7999,75,0.364942030490041
Hartlaubius auratus,8005,75,0.456175956650972
Hartlaubius auratus,31680,75,16.5402429724656
Hartlaubius auratus,31773,75,22.2892814174192
Hartlaubius auratus,31802,75,0.456749789225697
Hartlaubius auratus,31890,75,3.56491505919516
Hartlaubius auratus,31892,75,0.365072069038987
Hartlaubius auratus,31893,75,0.821376871704459
Hartlaubius auratus,31895,75,1.73396250702751
Hartlaubius auratus,7207,80,0.274079509045959
Hartlaubius auratus,7433,80,64.7813755391199
Hartlaubius auratus,31678,80,0.456764738324285
Hartlaubius auratus,17439,84,11.3402500320686
Hartlaubius auratus,17799,84,6.47518067735767
Hartlaubius auratus,18145,84,0.449603298738718
Hartlaubius auratus,18146,84,0.359686745625973
Hartlaubius auratus,31821,84,36.3318798597312
Hartlaubius auratus,31939,84,0.449634089967012
Hartlaubius auratus,18952,97,39.0716951757742
Hartlaubius auratus,31940,97,14.6364940401641
Hartlaubius auratus,18147,85,69.4793727685246
Hartlaubius auratus,20526,89,57.985276672695
Hartlaubius auratus,20613,89,55.5362709867394
Hartlaubius auratus,20787,89,3.31343096531284
Hartlaubius auratus,20908,89,47.9918611904675
Hartlaubius auratus,20974,89,2.32767118464887
Hartlaubius auratus,21663,89,192.043273095293
Hartlaubius auratus,31786,89,17.1081231937796
Hartlaubius auratus,31787,89,0.447673652347326
Hartlaubius auratus,17711,90,0.179958904524803
Hartlaubius auratus,17812,90,2.87876883525908
Hartlaubius auratus,17820,90,0.899620833965421
Hartlaubius auratus,17878,90,0.269868277515411
Hartlaubius auratus,31846,90,45.3586244344001
Hartlaubius auratus,31848,90,33.0953660841964
Hartlaubius auratus,25151,98,104.68823217409
Hartlaubius auratus,31942,98,61.2124982058765
Hartlaubius auratus,31845,99,42.668198616212
Hartlaubius auratus,31941,99,82.1709647371291
Hartlaubius auratus,31943,99,96.0048449014599
Hartlaubius auratus,31944,99,29.7723925005818
Hartlaubius auratus,31945,99,29.3041924637888
Hartlaubius auratus,31946,99,52.093110773009
Hartlaubius auratus,31947,99,90.898942940664
Hartlaubius auratus,31949,99,9.5401058957789
Hartlaubius auratus,31950,99,17.9006258988328
Hartlaubius auratus,31951,99,2.8788579399693
Hartlaubius auratus,31948,100,29.7379084643369
Hartlaubius auratus,26481,91,0.62064821295929
Hartlaubius auratus,26499,91,0.265972006813645
Hartlaubius auratus,26524,91,0.709200345668078
Hartlaubius auratus,26543,91,0.177290677110195
Hartlaubius auratus,31649,91,68.5173564614324
Hartlaubius auratus,31651,91,0.177275942426443
Hartlaubius auratus,31652,91,0.177274304782152
Hartlaubius auratus,31749,91,31.2831288292344
Hartlaubius auratus,31803,91,30.9497681570725
Hartlaubius auratus,31804,91,9.04229392747104
Hartlaubius auratus,31952,91,29.2747668395581
Hartlaubius auratus,31805,101,58.7538227882982
Hartlaubius auratus,23045,96,110.426171155891
Hemicentetes semispinosus,2134,29,25.2644454697653
Hemicentetes semispinosus,14071,318,25.074716512655
Hemicentetes semispinosus,14089,329,24.4501852478648
Hemicentetes semispinosus,6,2,0.463781360735476
Hemicentetes semispinosus,7,2,0.64914825101471
Hemicentetes semispinosus,8,2,94.4064369549093
Hemicentetes semispinosus,14113,2,56.8711675529918
Hemicentetes semispinosus,20,3,70.9727122086791
Hemicentetes semispinosus,14014,341,0.604549703201652
Hemicentetes semispinosus,14025,341,0.777178853789449
Hemicentetes semispinosus,14166,341,19.9515621485544
Hemicentetes semispinosus,13950,330,2.33597082442725
Hemicentetes semispinosus,13952,330,0.17303808407855
Hemicentetes semispinosus,14112,330,57.1920356452231
Hemicentetes semispinosus,14250,359,27.2715936270408
Hemicentetes semispinosus,14252,361,29.4123165165247
Hemicentetes semispinosus,14253,362,29.3885406549345
Hemicentetes semispinosus,14254,363,20.6592519148787
Hemicentetes semispinosus,14268,365,58.7538227882982
Hemicentetes semispinosus,14261,366,31.1097970257471
Hemicentetes semispinosus,14262,366,29.6010280215162
Hemicentetes semispinosus,14176,367,29.6714715318073
Hemicentetes semispinosus,14338,396,31.5815648439663
Hemicentetes semispinosus,280,247,162.374759556721
Hemicentetes semispinosus,14340,247,301.748748168552
Hemicentetes semispinosus,14342,247,0.645659265649796
Hemicentetes semispinosus,1413,397,0.643524707942307
Hemicentetes semispinosus,1446,397,0.459616383671761
Hemicentetes semispinosus,1455,397,0.183841973941922
Hemicentetes semispinosus,1461,397,0.643432019171834
Hemicentetes semispinosus,1464,397,0.275752651619434
Hemicentetes semispinosus,1478,397,0.367655302864552
Hemicentetes semispinosus,1484,397,1.56243208603394
Hemicentetes semispinosus,1485,397,0.275729722221732
Hemicentetes semispinosus,1491,397,0.275717098941743
Hemicentetes semispinosus,1498,397,0.275709061498702
Hemicentetes semispinosus,1502,397,0.45950859373796
Hemicentetes semispinosus,1504,397,0.459497104688943
Hemicentetes semispinosus,1505,397,1.1946710927338
Hemicentetes semispinosus,1514,397,0.183794934333086
Hemicentetes semispinosus,1517,397,53.6769175645663
Hemicentetes semispinosus,1518,397,3.21620605602366
Hemicentetes semispinosus,1519,397,0.551364106284559
Hemicentetes semispinosus,1527,397,1.10266377710587
Hemicentetes semispinosus,1528,397,0.183781132994294
Hemicentetes semispinosus,1529,397,0.367564567481756
Hemicentetes semispinosus,1532,397,0.183777680330873
Hemicentetes semispinosus,1537,397,0.551319225259066
Hemicentetes semispinosus,1539,397,0.183773075227022
Hemicentetes semispinosus,1544,397,1.10259928914046
Hemicentetes semispinosus,1546,397,2.02137478975725
Hemicentetes semispinosus,1547,397,0.82694543447876
Hemicentetes semispinosus,1550,397,0.643170052254975
Hemicentetes semispinosus,1551,397,0.183763859939098
Hemicentetes semispinosus,1554,397,0.183761555058956
Hemicentetes semispinosus,1555,397,1.65382056523669
Hemicentetes semispinosus,1580,397,0.82682548099494
Hemicentetes semispinosus,1582,397,0.459349671094835
Hemicentetes semispinosus,1591,397,0.367459639964402
Hemicentetes semispinosus,1599,397,0.183724619395971
Hemicentetes semispinosus,1600,397,0.275586929093957
Hemicentetes semispinosus,1607,397,1.46972063059127
Hemicentetes semispinosus,1608,397,0.275577679304183
Hemicentetes semispinosus,1655,397,0.367363554798722
Hemicentetes semispinosus,1672,397,58.6780858784085
Hemicentetes semispinosus,1715,397,411.288026338923
Hemicentetes semispinosus,1736,397,0.27544305105114
Hemicentetes semispinosus,3070,397,9163.642217011
Hemicentetes semispinosus,14349,397,1385.48179139944
Hemicentetes semispinosus,14350,397,8.71055469847293
Hemicentetes semispinosus,14353,397,5.22484076185095
Hemicentetes semispinosus,14360,397,0.366016744080782
Hemicentetes semispinosus,14364,397,118.609435406321
Hemicentetes semispinosus,14365,397,1.09562847792852
Hemicentetes semispinosus,14366,397,18.7867803754507
Hemicentetes semispinosus,14367,397,83.0485691054942
Hemicentetes semispinosus,14371,397,1.09378015375698
Hemicentetes semispinosus,14372,397,0.820222737159133
Hemicentetes semispinosus,14373,397,2.55151549227834
Hemicentetes semispinosus,14374,397,5.10222163080132
Hemicentetes semispinosus,14375,397,175.981325838436
Hemicentetes semispinosus,14376,397,63.0206184295745
Hemicentetes semispinosus,14339,398,21.3177359530708
Hemicentetes semispinosus,14341,399,176.981841014409
Hemicentetes semispinosus,14343,400,29.7890733494434
Hemicentetes semispinosus,3305,299,0.181274117312074
Hemicentetes semispinosus,14282,299,30.8125924480652
Hemicentetes semispinosus,14391,299,29.8980611396976
Hemicentetes semispinosus,14188,342,674.611930876287
Hemicentetes semispinosus,14389,342,0.820644420907617
Hemicentetes semispinosus,10596,345,0.265972006813645
Hemicentetes semispinosus,14147,345,68.5173564614324
Hemicentetes semispinosus,14266,345,30.9497681570725
Hemicentetes semispinosus,14267,345,9.04229392747104
Hemicentetes semispinosus,14388,345,29.2747668395581
Hemicentetes semispinosus,14235,364,31.2831288292344
Hemicentetes semispinosus,5063,372,0.179958904524803
Hemicentetes semispinosus,5102,372,2.87876883525908
Hemicentetes semispinosus,5108,372,0.899620833965421
Hemicentetes semispinosus,5134,372,0.269868277515411
Hemicentetes semispinosus,14295,372,45.3586244344001
Hemicentetes semispinosus,14297,372,33.0953660841964
Hemicentetes semispinosus,9754,374,104.68823217409
Hemicentetes semispinosus,14294,401,42.668198616212
Hemicentetes semispinosus,14377,402,82.1709647371291
Hemicentetes semispinosus,14379,402,96.0048449014599
Hemicentetes semispinosus,14378,403,61.2124982058765
Hemicentetes semispinosus,14380,404,29.7723925005818
Hemicentetes semispinosus,14381,405,29.3041924637888
Hemicentetes semispinosus,14382,406,52.093110773009
Hemicentetes semispinosus,14383,407,90.898942940664
Hemicentetes semispinosus,14384,408,29.7379084643369
Hemicentetes semispinosus,14385,409,9.5401058957789
Hemicentetes semispinosus,14386,410,17.9006258988328
Hemicentetes semispinosus,14387,410,2.8788579399693
Hypositta corallirostris,2,1,56.8711675529918
Hypositta corallirostris,8579,32,29.0782282981101
Hypositta corallirostris,8744,32,21.6261414673401
Hypositta corallirostris,8645,37,29.4123165165247
Hypositta corallirostris,8742,37,27.2715936270408
Hypositta corallirostris,8745,37,29.3885406549345
Hypositta corallirostris,8746,37,20.6592519148787
Hypositta corallirostris,8753,38,31.1097970257471
Hypositta corallirostris,8754,38,29.6010280215162
Hypositta corallirostris,8664,46,29.6714715318073
Hypositta corallirostris,17,2,162.374759556721
Hypositta corallirostris,412,2,0.643524707942307
Hypositta corallirostris,430,2,0.459616383671761
Hypositta corallirostris,435,2,0.643432019171834
Hypositta corallirostris,436,2,0.275752651619434
Hypositta corallirostris,445,2,0.367655302864552
Hypositta corallirostris,452,2,1.56243208603394
Hypositta corallirostris,453,2,0.275729722221732
Hypositta corallirostris,456,2,0.275717098941743
Hypositta corallirostris,460,2,0.275709061498702
Hypositta corallirostris,462,2,0.45950859373796
Hypositta corallirostris,465,2,0.459497104688943
Hypositta corallirostris,466,2,1.1946710927338
Hypositta corallirostris,470,2,53.6769175645663
Hypositta corallirostris,471,2,3.21620605602366
Hypositta corallirostris,472,2,0.551364106284559
Hypositta corallirostris,476,2,1.10266377710587
Hypositta corallirostris,479,2,0.367564567481756
Hypositta corallirostris,484,2,0.551319225259066
Hypositta corallirostris,487,2,1.10259928914046
Hypositta corallirostris,489,2,2.02137478975725
Hypositta corallirostris,490,2,0.82694543447876
Hypositta corallirostris,493,2,0.643170052254975
Hypositta corallirostris,495,2,1.65382056523669
Hypositta corallirostris,514,2,0.82682548099494
Hypositta corallirostris,517,2,0.459349671094835
Hypositta corallirostris,522,2,0.367459639964402
Hypositta corallirostris,527,2,0.275586929093957
Hypositta corallirostris,529,2,1.46972063059127
Hypositta corallirostris,530,2,0.275577679304183
Hypositta corallirostris,560,2,0.367363554798722
Hypositta corallirostris,573,2,58.6780858784085
Hypositta corallirostris,603,2,431.329695352153
Hypositta corallirostris,616,2,0.27544305105114
Hypositta corallirostris,806,2,0.733449546445847
Hypositta corallirostris,874,2,0.45764086067903
Hypositta corallirostris,919,2,1.37162994920248
Hypositta corallirostris,1098,2,3.8290988880409
Hypositta corallirostris,1284,2,9092.59783520093
Hypositta corallirostris,8646,2,185.019204770684
Hypositta corallirostris,8647,2,11.1100677051102
Hypositta corallirostris,8676,2,674.611930876287
Hypositta corallirostris,8830,2,31.5815648439663
Hypositta corallirostris,8831,2,21.3177359530708
Hypositta corallirostris,8832,2,301.748748168552
Hypositta corallirostris,8833,2,176.981841014409
Hypositta corallirostris,8834,2,0.645659265649796
Hypositta corallirostris,8835,2,29.7890733494434
Hypositta corallirostris,8841,2,870.19509626822
Hypositta corallirostris,8842,2,8.71055469847293
Hypositta corallirostris,8843,2,4.12545809786379
Hypositta corallirostris,8845,2,0.366016744080782
Hypositta corallirostris,8848,2,2.55931186735392
Hypositta corallirostris,8849,2,118.609435406321
Hypositta corallirostris,8850,2,1.09562847792852
Hypositta corallirostris,8851,2,18.7867803754507
Hypositta corallirostris,8852,2,21.7001741978275
Hypositta corallirostris,8853,2,21.3305931885877
Hypositta corallirostris,8857,2,1.09378015375698
Hypositta corallirostris,8858,2,0.820222737159133
Hypositta corallirostris,8859,2,2.55151549227834
Hypositta corallirostris,8860,2,5.10222163080132
Hypositta corallirostris,8861,2,150.84718907521
Hypositta corallirostris,8862,2,63.0206184295745
Hypositta corallirostris,8875,2,0.820644420907617
Hypositta corallirostris,8876,2,1.91443390526378
Hypositta corallirostris,2303,25,2.87876883525908
Hypositta corallirostris,2306,25,0.899620833965421
Hypositta corallirostris,2337,25,0.269868277515411
Hypositta corallirostris,8787,25,45.3586244344001
Hypositta corallirostris,8789,25,33.0953660841964
Hypositta corallirostris,6042,47,104.68823217409
Hypositta corallirostris,8864,47,61.2124982058765
Hypositta corallirostris,8786,48,42.668198616212
Hypositta corallirostris,8869,48,90.898942940664
Hypositta corallirostris,8871,48,9.5401058957789
Hypositta corallirostris,8872,48,17.9006258988328
Hypositta corallirostris,8873,48,2.8788579399693
Hypositta corallirostris,8863,49,82.1709647371291
Hypositta corallirostris,8865,49,96.0048449014599
Hypositta corallirostris,8866,49,29.7723925005818
Hypositta corallirostris,8867,49,29.3041924637888
Hypositta corallirostris,8868,50,52.093110773009
Hypositta corallirostris,8870,51,29.7379084643369
Hypositta corallirostris,6532,39,0.62064821295929
Hypositta corallirostris,6537,39,0.265972006813645
Hypositta corallirostris,6548,39,0.709200345668078
Hypositta corallirostris,8654,39,68.5173564614324
Hypositta corallirostris,8723,39,31.2831288292344
Hypositta corallirostris,8758,39,30.9497681570725
Hypositta corallirostris,8759,39,9.04229392747104
Hypositta corallirostris,8874,39,29.2747668395581
Hypositta corallirostris,8760,52,58.7538227882982
Hypositta corallirostris,8774,41,30.8125924480652
Hypositta corallirostris,8877,41,29.8980611396976
Indri indri,1,1,103.775520140194
Indri indri,2550,1,56.8711675529918
Indri indri,2517,41,2.33597082442725
Indri indri,2522,41,57.1920356452231
Indri indri,2641,47,31.1097970257471
Indri indri,2642,47,29.6010280215162
Indri indri,2646,49,58.7538227882982
Indri indri,22,4,162.374759556721
Indri indri,2676,4,21.3177359530708
Indri indri,2677,4,301.748748168552
Indri indri,471,55,9143.41933949891
Indri indri,2605,55,674.611930876287
Indri indri,2678,55,176.981841014409
Indri indri,2686,55,1385.48179139944
Indri indri,2687,55,8.71055469847293
Indri indri,2688,55,1.55853332586139
Indri indri,2690,55,5.22484076185095
Indri indri,2700,55,2.55931186735392
Indri indri,2701,55,118.609435406321
Indri indri,2703,55,18.7867803754507
Indri indri,2704,55,83.0485691054942
Indri indri,2710,55,2.55151549227834
Indri indri,2711,55,5.10222163080132
Indri indri,2712,55,175.981325838436
Indri indri,2713,55,63.0206184295745
Indri indri,2727,55,1.91443390526378
Indri indri,173,37,2.11438066261506
Indri indri,208,37,1.65325307838094
Indri indri,212,37,44.3538334620763
Indri indri,221,37,357.728206577516
Indri indri,936,43,2.87876883525908
Indri indri,2673,43,45.3586244344001
Indri indri,2675,43,33.0953660841964
Indri indri,1831,56,104.68823217409
Indri indri,2672,57,42.668198616212
Indri indri,2720,57,90.898942940664
Indri indri,2714,58,82.1709647371291
Indri indri,2716,58,96.0048449014599
Indri indri,2715,59,61.2124982058765
Indri indri,2584,46,68.5173564614324
Indri indri,2645,46,30.9497681570725
Indri indri,2725,46,29.2747668395581
Indri indri,2660,54,30.8125924480652
Indri indri,2728,54,29.8980611396976
Lemur catta,1066,18,29.9397529743858
Lemur catta,1269,20,146.390687938539
Lemur catta,1608,24,28.9742458016475
Lemur catta,2055,28,23.4285460085771
Lemur catta,2063,28,0.0915060152800679
Lemur catta,166,441,0.184524029507637
Lemur catta,167,441,13.1011248301843
Lemur catta,168,441,0.0922603943370581
Lemur catta,713,378,0.091932427741468
Lemur catta,714,378,6.25106651415366
Lemur catta,11523,149,68.4073900828867
Lemur catta,15939,445,44.4928427752329
Lemur catta,860,420,0.275690677073598
Lemur catta,879,420,1.10266377710587
Lemur catta,880,420,1.28645181352168
Lemur catta,887,420,0.183781132994294
Lemur catta,907,420,9.73881683760399
Lemur catta,913,420,2.02137478975725
Lemur catta,914,420,0.82694543447876
Lemur catta,951,420,0.82682548099494
Lemur catta,981,420,0.459349671094835
Lemur catta,999,420,0.367459639964402
Lemur catta,1008,420,0.183724619395971
Lemur catta,1009,420,0.275586929093957
Lemur catta,1018,420,1.46972063059127
Lemur catta,1019,420,0.275577679304183
Lemur catta,1042,420,0.18370726844722
Lemur catta,1084,420,0.0918437876844406
Lemur catta,1091,420,0.367363554798722
Lemur catta,1109,420,58.6780858784085
Lemur catta,1149,420,0.642796241695643
Lemur catta,1185,420,40.037818363521
Lemur catta,1231,420,0.27544305105114
Lemur catta,10316,285,20.745550279323
Lemur catta,10488,285,0.0879156733248234
Lemur catta,15160,460,0.777178853789449
Lemur catta,15463,460,19.9515621485544
Lemur catta,15986,460,0.604549703201652
Lemur catta,418,14,13.5284510739106
Lemur catta,429,14,0.0920276939135194
Lemur catta,439,14,1.47231811580712
Lemur catta,489,467,16.009561443235
Lemur catta,273,320,64.4668550776716
Lemur catta,294,320,0.8288467538836
Lemur catta,295,320,5.15725681965595
Lemur catta,316,320,62.624816602988
Lemur catta,331,320,21.7270555164769
Lemur catta,130,328,18.7342282877198
Lemur catta,102,468,0.0923130816248059
Lemur catta,103,468,8.86135206354064
Lemur catta,109,468,0.0923098705308437
Lemur catta,630,455,0.183935519072413
Lemur catta,678,455,14.0676146650496
Lemur catta,16014,455,13.0582924815826
Lemur catta,15316,461,20.6592519148787
Lemur catta,2961,470,0.638007383254409
Lemur catta,3032,470,17.0406099613564
Lemur catta,12787,431,0.34985461304009
Lemur catta,12831,431,2.53597620348144
Lemur catta,12838,431,0.524716098462582
Lemur catta,13551,431,107.450014480365
Lemur catta,15969,472,3.50522293895912
Lemur catta,15992,472,7.18396295269907
Lemur catta,15971,457,67.1171045351946
Lemur catta,16040,457,21.5378946383917
Lemur catta,15989,473,58.4639144571805
Lemur catta,16053,475,7.49109958654905
Lemur catta,16055,477,9.49007950158822
Lemur catta,15066,450,0.259241756382585
Lemur catta,15072,450,0.0864094988166094
Lemur catta,15095,450,0.0863886469020843
Lemur catta,15097,450,0.0863867500652075
Lemur catta,15100,450,0.0863848530263901
Lemur catta,15897,450,0.431933750124097
Lemur catta,15904,450,29.6357740792488
Lemur catta,15918,450,0.431926162170768
Lemur catta,16012,450,20.9968046764002
Lemur catta,1655,21,178.095493114873
Lemur catta,11507,208,29.6282884787538
Lemur catta,12044,208,16.1215402504426
Lemur catta,16045,208,27.9727845001413
Lemur catta,15913,213,11.1631336764222
Lemur catta,15915,213,6.66920689187086
Lemur catta,15946,213,0.346399268720031
Lemur catta,15947,213,20.9473376567002
Lemur catta,16073,213,0.0866204207210541
Lemur catta,16074,213,0.0866166764483452
Lemur catta,16075,213,0.0865998172305823
Lemur catta,16076,213,0.0866035651365519
Lemur catta,16077,213,0.0866016912840605
Lemur catta,16078,213,0.25979757743597
Lemur catta,16079,213,0.173184637994766
Lemur catta,16080,213,0.0865848175348044
Lemur catta,16081,213,0.952374834452987
Lemur catta,16082,213,0.25972818517673
Lemur catta,16083,213,0.0865754361664057
Lemur catta,16084,213,0.0865735592875481
Lemur catta,16085,213,0.0865491415002346
Lemur catta,16086,213,4.2402384895742
Lemur catta,16087,213,6.05717425780273
Lemur catta,2155,368,2.01200523817331
Lemur catta,2182,368,0.457216544455171
Lemur catta,2332,368,2.55808245035088
Lemur catta,2360,368,4.56767725341642
Lemur catta,2373,368,0.1826989188869
Lemur catta,2454,368,2.83104309032023
Lemur catta,2478,368,246.948440343656
Lemur catta,2491,368,6.93958528380954
Lemur catta,2532,368,47.8557813511688
Lemur catta,2551,368,15.6103734113438
Lemur catta,16056,368,0.0914189111073017
Lemur catta,16057,368,0.0914176766955852
Lemur catta,13786,427,0.348577397500515
Lemur catta,13942,427,49.5177099776991
Lemur catta,15977,427,1.1328760877285
Lemur catta,16061,478,26.865191159266
Lemur catta,696,434,0.643524707942307
Lemur catta,737,434,0.459616383671761
Lemur catta,755,434,15.3519037113684
Lemur catta,756,434,0.183841973941922
Lemur catta,763,434,0.643432019171834
Lemur catta,767,434,0.275752651619434
Lemur catta,784,434,0.367655302864552
Lemur catta,802,434,1.56243208603394
Lemur catta,803,434,0.275729722221732
Lemur catta,815,434,0.275717098941743
Lemur catta,826,434,0.275709061498702
Lemur catta,833,434,0.45950859373796
Lemur catta,846,434,0.643297785345674
Lemur catta,847,434,0.459497104688943
Lemur catta,848,434,1.1946710927338
Lemur catta,861,434,0.183794934333086
Lemur catta,868,434,53.6769175645663
Lemur catta,872,434,3.21620605602366
Lemur catta,873,434,0.551364106284559
Lemur catta,881,434,18.567468098746
Lemur catta,888,434,0.367564567481756
Lemur catta,897,434,0.183777680330873
Lemur catta,900,434,0.551319225259066
Lemur catta,903,434,0.183773075227022
Lemur catta,908,434,1.10259928914046
Lemur catta,920,434,0.643170052254975
Lemur catta,926,434,0.183763859939098
Lemur catta,934,434,0.183761555058956
Lemur catta,935,434,1.65382056523669
Lemur catta,960,434,7.90020332777601
Lemur catta,965,434,18.4684228710091
Lemur catta,976,434,0.183743100773931
Lemur catta,1011,434,19.8389417544777
Lemur catta,13422,438,0.87310506078732
Lemur catta,15870,438,5.41451004895472
Lemur catta,16062,438,1.31051529534316
Lemur catta,16063,438,1.57236309118533
Lemur catta,16064,438,0.0873207385299206
Lemur catta,16065,438,0.0873189438618422
Lemur catta,16066,438,0.261955036714673
Lemur catta,16067,438,0.0873171489909887
Lemur catta,16068,438,0.349265005815983
Lemur catta,16069,438,0.0873153539170027
Lemur catta,16070,438,0.0873153539170027
Lemur catta,16071,438,0.174623526317835
Lemur catta,16072,438,0.261931698109269
Lemur catta,14095,446,2.17529626793385
Lemur catta,14361,446,1.39015823458207
Lemur catta,14580,446,150.889593339295
Lemur catta,15978,446,14.8764755082333
Lemur catta,15979,446,4.26181091131223
Lemur catta,15987,446,3.48046890408206
Lemur catta,16008,446,8.87579014953661
Lemur catta,16036,446,9.98819568179679
Lemur catta,16038,446,0.347374393435955
Lemur catta,2799,464,0.820644420907617
Lemur catta,2960,464,0.638009943682909
Lemur catta,2964,464,0.0911435460878611
Lemur catta,3011,464,344.026300618255
Lemur catta,16058,464,1.91443390526378
Lemur catta,2025,466,33.866666256667
Lemur catta,2044,466,0.36605818149358
Lemur catta,2052,466,0.366043563450277
Lemur catta,7174,469,82.1709647371291
Lemur catta,16059,469,25.7197057006951
Lemur catta,16060,479,14.3413504729996
Lemur catta,16015,471,30.0199033727969
Lemur catta,16088,471,59.3862796122665
Lemur catta,16016,480,88.6181510070324
Lemur catta,16089,480,0.0911576180326939
Lemur catta,16090,480,0.0911525039067268
Lemur catta,16091,480,0.0911512248494625
Lemur catta,16092,480,1.09378015375698
Lepidopygia nana,44257,272,44.4928427752329
Lepidopygia nana,656,252,0.370271373195112
Lepidopygia nana,658,252,0.46283412528491
Lepidopygia nana,662,252,43.0377824654047
Lepidopygia nana,663,252,0.185130594589651
Lepidopygia nana,695,252,1.48074673073447
Lepidopygia nana,701,252,1.66577102635723
Lepidopygia nana,708,252,0.277623898765862
Lepidopygia nana,715,252,0.277610584835649
Lepidopygia nana,44491,252,1.38815019469839
Lepidopygia nana,44492,252,0.185083622752368
Lepidopygia nana,44529,299,25.074716512655
Lepidopygia nana,44682,300,24.4501852478648
Lepidopygia nana,8646,275,91.902892975114
Lepidopygia nana,305,293,0.463597745713949
Lepidopygia nana,411,293,43.3892599286922
Lepidopygia nana,192,245,0.556644208811998
Lepidopygia nana,200,245,0.371099061261237
Lepidopygia nana,202,245,0.556625695955515
Lepidopygia nana,212,245,0.185535398295045
Lepidopygia nana,219,245,0.463806772104442
Lepidopygia nana,227,245,0.278275269288719
Lepidopygia nana,229,245,0.463781360735476
Lepidopygia nana,247,245,0.278243954663038
Lepidopygia nana,261,245,0.185478644791484
Lepidopygia nana,264,245,0.27820176096195
Lepidopygia nana,277,245,0.18546587502265
Lepidopygia nana,289,245,0.185455055661559
Lepidopygia nana,290,245,6.49089737985898
Lepidopygia nana,306,245,0.185438309592962
Lepidopygia nana,315,245,130.021860527523
Lepidopygia nana,318,245,0.185425482894003
Lepidopygia nana,324,245,8.43709773357266
Lepidopygia nana,42617,245,0.185474717534542
Lepidopygia nana,44461,245,0.64914825101471
Lepidopygia nana,44779,245,56.8711675529918
Lepidopygia nana,475,301,0.555893682719886
Lepidopygia nana,497,301,0.18528219835794
Lepidopygia nana,502,301,27.8845320748951
Lepidopygia nana,503,301,0.277912765102387
Lepidopygia nana,42874,313,74.4006966653728
Lepidopygia nana,42093,350,5.44781685348546
Lepidopygia nana,43963,350,2.33645448066545
Lepidopygia nana,4041,223,0.275667671454728
Lepidopygia nana,4247,223,0.275591552190781
Lepidopygia nana,4282,223,0.367434207116187
Lepidopygia nana,4283,223,0.183716525221169
Lepidopygia nana,44605,223,34.4503061052005
Lepidopygia nana,44606,223,1.92954817861217
Lepidopygia nana,44778,223,0.183782283740878
Lepidopygia nana,45037,223,0.367500048400045
Lepidopygia nana,44038,329,20.1326320307166
Lepidopygia nana,44040,329,0.431933750124097
Lepidopygia nana,42004,302,2.33597082442725
Lepidopygia nana,42006,302,0.17303808407855
Lepidopygia nana,44727,302,57.1920356452231
Lepidopygia nana,19293,254,0.632951986920595
Lepidopygia nana,45046,254,18.8080490493349
Lepidopygia nana,11110,256,21.2443070814916
Lepidopygia nana,44588,281,67.1171045351946
Lepidopygia nana,45107,281,21.5378946383917
Lepidopygia nana,43024,345,574.962859614132
Lepidopygia nana,44276,349,13.7034546392342
Lepidopygia nana,45011,345,0.366216056347668
Lepidopygia nana,45012,345,0.1831019721452
Lepidopygia nana,42167,327,0.777178853789449
Lepidopygia nana,44668,327,0.604549703201652
Lepidopygia nana,44919,327,19.9515621485544
Lepidopygia nana,45041,327,27.2715936270408
Lepidopygia nana,45043,327,29.4123165165247
Lepidopygia nana,45044,327,29.3885406549345
Lepidopygia nana,45045,327,20.6592519148787
Lepidopygia nana,45067,328,31.1097970257471
Lepidopygia nana,45068,328,29.6010280215162
Lepidopygia nana,44836,341,20.745550279323
Lepidopygia nana,43833,336,9.59557619184256
Lepidopygia nana,43834,336,141.814099634431
Lepidopygia nana,44069,336,34.5373376371237
Lepidopygia nana,44435,367,13.3829553466897
Lepidopygia nana,44603,367,2.02272765648758
Lepidopygia nana,44765,367,6.06907414019704
Lepidopygia nana,44929,361,29.6714715318073
Lepidopygia nana,22315,279,38.2051651932326
Lepidopygia nana,44630,279,3.3484632115922
Lepidopygia nana,44632,279,0.723997986285687
Lepidopygia nana,44634,279,0.361958205401778
Lepidopygia nana,44697,279,0.452763459862113
Lepidopygia nana,6954,321,22.6013246737857
Lepidopygia nana,27174,337,49.6171625010395
Lepidopygia nana,44557,337,4.58233058484114
Lepidopygia nana,45161,363,34.6422357639037
Lepidopygia nana,38955,121,76.4973862589782
Lepidopygia nana,43953,121,0.17622385035336
Lepidopygia nana,44420,121,19.4493472260517
Lepidopygia nana,44423,121,26.8667837100709
Lepidopygia nana,44424,121,0.795282153395653
Lepidopygia nana,44425,121,0.176716549232364
Lepidopygia nana,44426,121,7.50890607225907
Lepidopygia nana,44583,121,18.6823267181613
Lepidopygia nana,44584,121,4.31856011909783
Lepidopygia nana,44601,121,2.1215020846684
Lepidopygia nana,44602,121,0.265184216719627
Lepidopygia nana,44989,121,16.4384100199343
Lepidopygia nana,44990,121,2.0322578738991
Lepidopygia nana,44996,121,9.52154744786656
Lepidopygia nana,40151,149,5.41451004895472
Lepidopygia nana,45293,149,0.261955036714673
Lepidopygia nana,45295,149,0.349265005815983
Lepidopygia nana,45298,149,0.174623526317835
Lepidopygia nana,45299,149,0.261931698109269
Lepidopygia nana,1700,232,162.374759556721
Lepidopygia nana,3806,232,0.459616383671761
Lepidopygia nana,3828,232,0.183841973941922
Lepidopygia nana,3840,232,0.643432019171834
Lepidopygia nana,3848,232,0.275752651619434
Lepidopygia nana,3877,232,0.367655302864552
Lepidopygia nana,3905,232,1.56243208603394
Lepidopygia nana,3906,232,0.275729722221732
Lepidopygia nana,3934,232,0.275717098941743
Lepidopygia nana,3953,232,0.275709061498702
Lepidopygia nana,3961,232,0.45950859373796
Lepidopygia nana,3973,232,0.459497104688943
Lepidopygia nana,3974,232,1.1946710927338
Lepidopygia nana,3991,232,0.183794934333086
Lepidopygia nana,4007,232,3.21620605602366
Lepidopygia nana,4008,232,0.551364106284559
Lepidopygia nana,4022,232,1.10266377710587
Lepidopygia nana,4037,232,0.183781132994294
Lepidopygia nana,4038,232,0.367564567481756
Lepidopygia nana,4054,232,0.183777680330873
Lepidopygia nana,4062,232,0.551319225259066
Lepidopygia nana,4070,232,0.183773075227022
Lepidopygia nana,4078,232,1.10259928914046
Lepidopygia nana,4085,232,2.02137478975725
Lepidopygia nana,4086,232,0.82694543447876
Lepidopygia nana,4095,232,0.643170052254975
Lepidopygia nana,4105,232,0.183763859939098
Lepidopygia nana,4114,232,0.183761555058956
Lepidopygia nana,4115,232,1.65382056523669
Lepidopygia nana,4160,232,0.82682548099494
Lepidopygia nana,4206,232,0.459349671094835
Lepidopygia nana,4242,232,0.367459639964402
Lepidopygia nana,4269,232,0.183724619395971
Lepidopygia nana,4270,232,0.275586929093957
Lepidopygia nana,4280,232,1.46972063059127
Lepidopygia nana,4281,232,0.275577679304183
Lepidopygia nana,4444,232,0.367363554798722
Lepidopygia nana,4481,232,58.6780858784085
Lepidopygia nana,4625,232,431.421548407617
Lepidopygia nana,4675,232,0.27544305105114
Lepidopygia nana,14804,232,9167.49023685536
Lepidopygia nana,44539,232,53.6769175645663
Lepidopygia nana,44540,232,0.643524707942307
Lepidopygia nana,44941,232,674.702984277473
Lepidopygia nana,45235,232,31.5815648439663
Lepidopygia nana,45244,232,21.3177359530708
Lepidopygia nana,45245,232,301.748748168552
Lepidopygia nana,45246,232,176.981841014409
Lepidopygia nana,45247,232,0.645659265649796
Lepidopygia nana,45248,232,29.7890733494434
Lepidopygia nana,45249,232,0.184350945953012
Lepidopygia nana,45254,232,1385.48179139944
Lepidopygia nana,45255,232,8.71055469847293
Lepidopygia nana,45256,232,1.55853332586139
Lepidopygia nana,45257,232,4.12545809786379
Lepidopygia nana,45258,232,5.22484076185095
Lepidopygia nana,45261,232,0.366478799301446
Lepidopygia nana,45263,232,0.366016744080782
Lepidopygia nana,45266,232,2.55931186735392
Lepidopygia nana,45267,232,118.700718526081
Lepidopygia nana,45268,232,1.09562847792852
Lepidopygia nana,45269,232,18.7867803754507
Lepidopygia nana,45270,232,83.0485691054942
Lepidopygia nana,45274,232,1.09378015375698
Lepidopygia nana,45275,232,0.820222737159133
Lepidopygia nana,45276,232,2.55151549227834
Lepidopygia nana,45277,232,5.10222163080132
Lepidopygia nana,45278,232,176.345637707092
Lepidopygia nana,45279,232,63.0206184295745
Lepidopygia nana,45342,232,0.820644420907617
Lepidopygia nana,45343,232,1.91443390526378
Lepidopygia nana,24123,262,0.899620833965421
Lepidopygia nana,24197,262,0.269868277515411
Lepidopygia nana,44571,262,0.179958904524803
Lepidopygia nana,44572,262,2.87876883525908
Lepidopygia nana,45186,262,45.3586244344001
Lepidopygia nana,45188,262,33.0953660841964
Lepidopygia nana,33197,369,104.68823217409
Lepidopygia nana,45281,369,61.2124982058765
Lepidopygia nana,45185,370,42.668198616212
Lepidopygia nana,45286,370,90.898942940664
Lepidopygia nana,45280,371,82.1709647371291
Lepidopygia nana,45282,371,96.0048449014599
Lepidopygia nana,45283,371,29.7723925005818
Lepidopygia nana,45284,371,29.3041924637888
Lepidopygia nana,45285,372,52.093110773009
Lepidopygia nana,45287,373,29.7379084643369
Lepidopygia nana,45288,374,9.5401058957789
Lepidopygia nana,45289,374,17.9006258988328
Lepidopygia nana,45290,374,2.8788579399693
Lepidopygia nana,44024,268,20.9473376567002
Lepidopygia nana,44185,268,6.66920689187086
Lepidopygia nana,44300,268,0.346399268720031
Lepidopygia nana,44753,268,11.1631336764222
Lepidopygia nana,45304,268,0.173184637994766
Lepidopygia nana,45306,268,0.952374834452987
Lepidopygia nana,45307,268,0.25972818517673
Lepidopygia nana,45311,268,4.2402384895742
Lepidopygia nana,45312,268,6.05717425780273
Lepidopygia nana,45340,268,0.25979757743597
Lepidopygia nana,44165,271,108.01588872667
Lepidopygia nana,45332,271,44.3707966394124
Lepidopygia nana,45333,271,1.42253739552879
Lepidopygia nana,9689,285,72.0906228077071
Lepidopygia nana,44617,285,0.274079509045959
Lepidopygia nana,44921,285,0.456764738324285
Lepidopygia nana,39797,296,86.5471977120337
Lepidopygia nana,39858,296,5.24620992285609
Lepidopygia nana,39877,296,2.62256681504786
Lepidopygia nana,45063,296,0.34985461304009
Lepidopygia nana,45064,296,0.524716098462582
Lepidopygia nana,44438,297,100.033574852747
Lepidopygia nana,45097,297,14.9893741114286
Lepidopygia nana,42233,310,19.4161335749024
Lepidopygia nana,42316,310,90.7621720601044
Lepidopygia nana,43964,310,0.776678249714613
Lepidopygia nana,43965,310,3.96024281801712
Lepidopygia nana,44021,310,1.20737845729136
Lepidopygia nana,44844,310,4.49024814843654
Lepidopygia nana,45070,310,14.8361413504174
Lepidopygia nana,45073,310,42.9544435797248
Lepidopygia nana,45133,310,1.64118886212194
Lepidopygia nana,45300,310,25.8332475273318
Lepidopygia nana,45301,310,2.32518582735467
Lepidopygia nana,45303,310,2.41072523375285
Lepidopygia nana,45047,338,69.4793727685246
Lepidopygia nana,28099,342,3.31343096531284
Lepidopygia nana,28281,342,2.32767118464887
Lepidopygia nana,29202,342,1.78860352420843
Lepidopygia nana,30321,342,0.714404974963069
Lepidopygia nana,30399,342,0.535747839347363
Lepidopygia nana,30434,342,0.178579506715536
Lepidopygia nana,30461,342,0.178571738508701
Lepidopygia nana,30487,342,0.446413028153181
Lepidopygia nana,30628,342,1.87495118889773
Lepidopygia nana,31282,342,489.364914626243
Lepidopygia nana,43353,342,58.0431777097644
Lepidopygia nana,44270,342,90.1463766940973
Lepidopygia nana,44450,342,3.75955498126948
Lepidopygia nana,44594,342,57.985276672695
Lepidopygia nana,44711,342,7.14406051427555
Lepidopygia nana,45122,342,43.0398890354031
Lepidopygia nana,45123,342,17.1081231937796
Lepidopygia nana,43337,343,39.0716951757742
Lepidopygia nana,45302,343,14.6364940401641
Lepidopygia nana,7646,346,20.1184639854197
Lepidopygia nana,7870,346,1.91988596975839
Lepidopygia nana,7871,346,4.20534270261967
Lepidopygia nana,8006,346,5.85033975470399
Lepidopygia nana,8025,346,24.6792146248905
Lepidopygia nana,8087,346,1.00543750432062
Lepidopygia nana,8096,346,2.83342021114922
Lepidopygia nana,8108,346,0.182805694628716
Lepidopygia nana,8132,346,2.37624750380051
Lepidopygia nana,8147,346,1.00536820483041
Lepidopygia nana,8159,346,0.274192454327822
Lepidopygia nana,8204,346,0.182784649551272
Lepidopygia nana,8242,346,0.182778454094648
Lepidopygia nana,8260,346,7.676784038162
Lepidopygia nana,8294,346,8.86332816260337
Lepidopygia nana,8512,346,0.274089461484313
Lepidopygia nana,9823,346,2.00722734047949
Lepidopygia nana,9875,346,0.364942030490041
Lepidopygia nana,9973,346,0.456175956650972
Lepidopygia nana,13675,346,803.048418195745
Lepidopygia nana,44215,346,24.8813630898282
Lepidopygia nana,44229,346,37.8324682026068
Lepidopygia nana,44231,346,4.56775692645061
Lepidopygia nana,44923,346,16.5402429724656
Lepidopygia nana,45089,346,22.3806283842225
Lepidopygia nana,45134,346,11.5120029750919
Lepidopygia nana,45237,346,0.365072069038987
Lepidopygia nana,45238,346,0.821376871704459
Lepidopygia nana,45337,346,3.56491505919516
Lepidopygia nana,44074,375,134.610655959686
Lepidopygia nana,45313,375,0.182829179436922
Lepidopygia nana,45318,375,21.3848874257425
Lepidopygia nana,45319,375,0.548379956253052
Lepidopygia nana,45320,375,5.84865503920686
Lepidopygia nana,45324,375,5.93885101003361
Lepidopygia nana,45329,375,1.0961299353025
Lepidopygia nana,45330,375,1.00465317232752
Lepidopygia nana,45331,375,13.2398977756484
Lepidopygia nana,34862,352,0.62064821295929
Lepidopygia nana,34889,352,0.265972006813645
Lepidopygia nana,34921,352,0.709200345668078
Lepidopygia nana,34952,352,0.177290677110195
Lepidopygia nana,44832,352,68.5173564614324
Lepidopygia nana,44834,352,0.177275942426443
Lepidopygia nana,44835,352,0.177274304782152
Lepidopygia nana,44997,352,31.2831288292344
Lepidopygia nana,45135,352,30.9497681570725
Lepidopygia nana,45136,352,9.04229392747104
Lepidopygia nana,45341,352,29.6296191803109
Lepidopygia nana,45137,376,58.7538227882982
Lepidopygia nana,42795,353,0.181274117312074
Lepidopygia nana,45173,353,30.8125924480652
Lepidopygia nana,45348,353,29.8980611396976
Lepidopygia nana,24732,365,36.3318798597312
Lepidopygia nana,43261,365,0.449603298738718
Lepidopygia nana,43262,365,0.359686745625973
Lepidopygia nana,45152,365,16.7397400424525
Lepidopygia nana,45158,365,6.47518067735767
Lepidopygia nana,45345,365,6.02879668256032
Lepidopygia nana,45347,365,0.449634089967012
Lepidopygia nana,40403,368,172.350847448821
Lepidopygia nana,40972,368,1.82724169255435
Lepidopygia nana,41695,368,0.260081681790233
Lepidopygia nana,41746,368,230.665512315045
Lepidopygia nana,41770,368,4.07194558339631
Lepidopygia nana,43958,368,0.260165493234277
Lepidopygia nana,43959,368,12.0483039035152
Lepidopygia nana,43960,368,3.72627124733007
Lepidopygia nana,43961,368,2.8589248295182
Lepidopygia nana,43962,368,2.68429437635541
Lepidopygia nana,44838,368,10.2080852577478
Lepidopygia nana,44839,368,1.91961763637984
Lepidopygia nana,44843,368,0.347350369179249
Lepilemur edwardsi,3284,151,46.0228045271878
Lepilemur edwardsi,1028,74,91.8113589710392
Lepilemur edwardsi,21,2,0.275667671454728
Lepilemur edwardsi,24,2,1.92954817861217
Lepilemur edwardsi,36,2,0.275591552190781
Lepilemur edwardsi,40,2,0.367434207116187
Lepilemur edwardsi,41,2,0.183716525221169
Lepilemur edwardsi,48,2,33.8991079803615
Lepilemur edwardsi,3329,2,0.183782283740878
Lepilemur edwardsi,3386,2,0.367500048400045
Lepilemur edwardsi,820,17,27.0084407932128
Lepilemur edwardsi,897,17,1.55623826883286
Lepilemur edwardsi,918,17,1.28151005270296
Lepilemur edwardsi,931,17,0.183069222521663
Lepilemur edwardsi,3387,17,0.366216056347668
Lepilemur edwardsi,3388,17,0.1831019721452
Lepilemur edwardsi,2302,129,21.2443070814916
Lepilemur edwardsi,3280,56,34.6422357639037
Lepilemur edwardsi,1046,147,24.8813630898282
Lepilemur edwardsi,1152,147,20.1184639854197
Lepilemur edwardsi,1213,147,1.91988596975839
Lepilemur edwardsi,1214,147,4.20534270261967
Lepilemur edwardsi,3396,147,3.56491505919516
Lepilemur edwardsi,1252,152,37.6497033879611
Lepilemur edwardsi,3390,152,22.2892814174192
Lepilemur edwardsi,1255,149,5.85033975470399
Lepilemur edwardsi,1260,149,24.6792146248905
Lepilemur edwardsi,1272,149,1.00543750432062
Lepilemur edwardsi,1273,149,2.83342021114922
Lepilemur edwardsi,1275,149,0.182805694628716
Lepilemur edwardsi,1283,149,1.00536820483041
Lepilemur edwardsi,1284,149,2.37624750380051
Lepilemur edwardsi,1287,149,0.274192454327822
Lepilemur edwardsi,1292,149,0.182784649551272
Lepilemur edwardsi,1299,149,0.182778454094648
Lepilemur edwardsi,1301,149,7.676784038162
Lepilemur edwardsi,1332,149,8.49783825708031
Lepilemur edwardsi,1359,149,0.274089461484313
Lepilemur edwardsi,1369,149,10.9639024804186
Lepilemur edwardsi,1370,149,4.56775692645061
Lepilemur edwardsi,3389,149,16.5402429724656
Lepilemur edwardsi,3395,149,0.456749789225697
Lepilemur edwardsi,1771,150,800.12748936824
Lepilemur edwardsi,1778,150,2.00722734047949
Lepilemur edwardsi,1785,150,0.364942030490041
Lepilemur edwardsi,1820,150,0.456175956650972
Lepilemur leucopus,1339,37,68.4073900828867
Lepilemur leucopus,3285,148,31.018285987414
Lepilemur leucopus,1407,42,16.1215402504426
Lepilemur leucopus,3398,85,3.50522293895912
Lepilemur leucopus,3422,85,7.18396295269907
Lepilemur leucopus,3320,170,0.431933750124097
Lepilemur leucopus,3439,170,20.9968046764002
Lepilemur leucopus,3400,165,67.1171045351946
Lepilemur leucopus,3453,165,21.5378946383917
Lepilemur leucopus,1752,168,107.450014480365
Lepilemur leucopus,1334,36,30.707556114098
Lepilemur leucopus,3459,36,23.0620316261819
Lepilemur leucopus,3460,36,29.6282884787538
Lepilemur leucopus,2563,55,0.259241756382585
Lepilemur leucopus,3326,55,29.6357740792488
Lepilemur leucopus,3336,172,29.6856059502555
Lepilemur leucopus,492,108,108.01588872667
Lepilemur leucopus,1847,140,0.348577397500515
Lepilemur leucopus,3361,140,49.5177099776991
Lepilemur leucopus,3409,140,1.1328760877285
Lepilemur leucopus,3464,173,26.865191159266
Lepilemur leucopus,3,146,2.59390059166038
Lepilemur leucopus,42,146,0.714404974963069
Lepilemur leucopus,45,146,0.535747839347363
Lepilemur leucopus,48,146,0.178579506715536
Lepilemur leucopus,52,146,0.446428569326878
Lepilemur leucopus,54,146,0.446413028153181
Lepilemur leucopus,69,146,1.87495118889773
Lepilemur leucopus,73,146,212.608943312553
Lepilemur leucopus,3419,146,7.14406051427555
Lepilemur leucopus,3340,150,11.1631336764222
Lepilemur leucopus,3370,150,0.346399268720031
Lepilemur leucopus,3371,150,20.9473376567002
Lepilemur leucopus,3467,150,0.25979757743597
Lepilemur leucopus,3468,150,0.173184637994766
Lepilemur leucopus,3470,150,0.952374834452987
Lepilemur leucopus,3471,150,0.25972818517673
Lepilemur leucopus,3475,150,4.2402384895742
Lepilemur leucopus,3476,150,6.05717425780273
Lepilemur leucopus,1988,161,1.39015823458207
Lepilemur leucopus,2604,161,150.889593339295
Lepilemur leucopus,3411,161,2.26229253236377
Lepilemur leucopus,3423,161,8.87579014953661
Lepilemur leucopus,3424,161,14.8764755082333
Lepilemur leucopus,3425,161,4.26181091131223
Lepilemur leucopus,3444,161,9.98819568179679
Lepilemur leucopus,3446,161,0.347374393435955
Lepilemur microdon,60,8,19.6108810678516
Lepilemur microdon,175,13,3.19109242601037
Lepilemur microdon,180,13,18.6867641295387
Lepilemur microdon,181,13,8.02199676955319
Lepilemur microdon,182,13,0.638009943682313
Lepilemur microdon,183,13,48.9385445661811
Lepilemur microdon,186,13,13.8476284396446
Lepilemur microdon,189,13,0.455487860305071
Lepilemur microdon,48,7,2.4864901633817
Lepilemur microdon,49,7,5.15725681965595
Lepilemur microdon,50,7,114.283875533401
Lepilemur microdon,56,7,35.5452614317147
Lepilemur microdon,73,7,1.47231811580712
Lepilemur microdon,74,7,131.426684524079
Lepilemur microdon,76,7,23.2776854782949
Lepilemur microdon,853,7,21.7270555164769
Lepilemur microdon,78,9,21.5250719499552
Lepilemur microdon,79,47,0.367897162454963
Lepilemur microdon,80,47,62.2582651923113
Lepilemur microdon,93,47,0.643524707942307
Lepilemur microdon,95,47,0.459616383671761
Lepilemur microdon,96,47,162.182053184249
Lepilemur microdon,97,47,15.3519037113684
Lepilemur microdon,98,47,0.643432019171834
Lepilemur microdon,99,47,0.367655302864552
Lepilemur microdon,100,47,1.56243208603394
Lepilemur microdon,101,47,0.45950859373796
Lepilemur microdon,102,47,0.643297785345674
Lepilemur microdon,103,47,0.459497104688943
Lepilemur microdon,104,47,1.1946710927338
Lepilemur microdon,105,47,53.6769175645663
Lepilemur microdon,106,47,3.21620605602366
Lepilemur microdon,107,47,0.551364106284559
Lepilemur microdon,108,47,0.367564567481756
Lepilemur microdon,109,47,0.551319225259066
Lepilemur microdon,110,47,1.10259928914046
Lepilemur microdon,111,47,0.643170052254975
Lepilemur microdon,112,47,1.65382056523669
Lepilemur microdon,114,47,7.90020332777601
Lepilemur microdon,117,47,19.8389417544777
Lepilemur microdon,856,48,29.8631255431847
Lepilemur microdon,120,10,26.8593180791383
Lepilemur microdon,123,11,21.60300644752
Lepilemur mustelinus,1519,29,30.1027819500059
Lepilemur mustelinus,15066,190,68.4073900828867
Lepilemur mustelinus,8736,557,30.2949823155819
Lepilemur mustelinus,9264,124,42.7215934479364
Lepilemur mustelinus,17879,124,3.75955498126948
Lepilemur mustelinus,17895,569,44.4928427752329
Lepilemur mustelinus,133,7,0.370271373195112
Lepilemur mustelinus,135,7,0.46283412528491
Lepilemur mustelinus,138,7,18.9744048029361
Lepilemur mustelinus,139,7,0.185130594589651
Lepilemur mustelinus,147,7,1.48074673073447
Lepilemur mustelinus,148,7,1.4806853566674
Lepilemur mustelinus,150,7,0.277623898765862
Lepilemur mustelinus,18016,7,1.38815019469839
Lepilemur mustelinus,18017,7,0.185083622752368
Lepilemur mustelinus,15225,414,16.1215402504426
Lepilemur mustelinus,1965,562,91.8113589710392
Lepilemur mustelinus,59,3,25.2178087537534
Lepilemur mustelinus,18043,201,3.50522293895912
Lepilemur mustelinus,18102,201,7.18396295269907
Lepilemur mustelinus,18087,607,24.4501852478648
Lepilemur mustelinus,84,596,0.555893682719886
Lepilemur mustelinus,93,596,0.18528219835794
Lepilemur mustelinus,96,596,25.0129907766499
Lepilemur mustelinus,97,596,0.277912765102387
Lepilemur mustelinus,8,1,0.556644208811998
Lepilemur mustelinus,9,1,0.371099061261237
Lepilemur mustelinus,11,1,0.556625695955515
Lepilemur mustelinus,12,1,0.185535398295045
Lepilemur mustelinus,14,1,0.463806772104442
Lepilemur mustelinus,17,1,0.278275269288719
Lepilemur mustelinus,18,1,0.463781360735476
Lepilemur mustelinus,28,1,0.64914825101471
Lepilemur mustelinus,32,1,103.775520140194
Lepilemur mustelinus,18135,1,56.8711675529918
Lepilemur mustelinus,67,344,21.0334598369216
Lepilemur mustelinus,17828,616,0.431933750124097
Lepilemur mustelinus,18166,616,20.9968046764002
Lepilemur mustelinus,18149,618,20.745550279323
Lepilemur mustelinus,17313,620,0.777178853789449
Lepilemur mustelinus,18086,620,0.604549703201652
Lepilemur mustelinus,18164,620,19.9515621485544
Lepilemur mustelinus,17036,610,2.33597082442725
Lepilemur mustelinus,17510,610,57.1920356452231
Lepilemur mustelinus,18259,638,27.2715936270408
Lepilemur mustelinus,18261,640,29.4123165165247
Lepilemur mustelinus,18262,641,29.3885406549345
Lepilemur mustelinus,18263,642,20.6592519148787
Lepilemur mustelinus,2436,46,221.448758947312
Lepilemur mustelinus,2493,46,0.364940765320778
Lepilemur mustelinus,4861,88,0.632951986920595
Lepilemur mustelinus,18266,88,18.8080490493349
Lepilemur mustelinus,18273,646,30.5940435805031
Lepilemur mustelinus,9284,123,2.32767118464887
Lepilemur mustelinus,9523,123,88.5345907866451
Lepilemur mustelinus,9751,123,82.7907185781389
Lepilemur mustelinus,18282,648,31.1097970257471
Lepilemur mustelinus,18283,648,29.6010280215162
Lepilemur mustelinus,18294,650,58.7538227882982
Lepilemur mustelinus,17207,525,0.259241756382585
Lepilemur mustelinus,17834,525,29.6357740792488
Lepilemur mustelinus,17863,525,0.431926162170768
Lepilemur mustelinus,7421,107,49.6171625010395
Lepilemur mustelinus,7866,107,4.58233058484114
Lepilemur mustelinus,8702,119,43.0398890354031
Lepilemur mustelinus,9003,122,13.8841261984148
Lepilemur mustelinus,16066,217,0.697377776235461
Lepilemur mustelinus,16119,217,0.348577397500515
Lepilemur mustelinus,18051,217,18.5649845720793
Lepilemur mustelinus,18052,217,1.1328760877285
Lepilemur mustelinus,18178,652,29.6714715318073
Lepilemur mustelinus,18315,657,16.5405274979592
Lepilemur mustelinus,17893,561,9.49007950158822
Lepilemur mustelinus,18382,682,31.5815648439663
Lepilemur mustelinus,7167,102,0.449603298738718
Lepilemur mustelinus,7168,102,0.359686745625973
Lepilemur mustelinus,7245,102,36.3318798597312
Lepilemur mustelinus,18311,102,6.47518067735767
Lepilemur mustelinus,18448,102,0.449634089967012
Lepilemur mustelinus,8425,113,39.0716951757742
Lepilemur mustelinus,18408,113,14.6364940401641
Lepilemur mustelinus,11992,139,50.9016537971916
Lepilemur mustelinus,18101,139,26.4978689033288
Lepilemur mustelinus,18276,139,28.1967010634904
Lepilemur mustelinus,412,310,162.374759556721
Lepilemur mustelinus,18384,310,301.748748168552
Lepilemur mustelinus,18386,310,0.645659265649796
Lepilemur mustelinus,1093,683,7.4522462010057
Lepilemur mustelinus,1101,683,0.183992209264874
Lepilemur mustelinus,1212,683,0.643524707942307
Lepilemur mustelinus,1238,683,0.459616383671761
Lepilemur mustelinus,1243,683,0.183841973941922
Lepilemur mustelinus,1248,683,0.643432019171834
Lepilemur mustelinus,1251,683,0.275752651619434
Lepilemur mustelinus,1258,683,0.367655302864552
Lepilemur mustelinus,1263,683,1.56243208603394
Lepilemur mustelinus,1264,683,0.275729722221732
Lepilemur mustelinus,1273,683,0.275717098941743
Lepilemur mustelinus,1278,683,0.275709061498702
Lepilemur mustelinus,1280,683,0.45950859373796
Lepilemur mustelinus,1281,683,0.459497104688943
Lepilemur mustelinus,1282,683,1.1946710927338
Lepilemur mustelinus,1290,683,0.183794934333086
Lepilemur mustelinus,1293,683,53.6769175645663
Lepilemur mustelinus,1294,683,3.21620605602366
Lepilemur mustelinus,1295,683,0.551364106284559
Lepilemur mustelinus,1301,683,1.10266377710587
Lepilemur mustelinus,1302,683,0.183781132994294
Lepilemur mustelinus,1303,683,0.367564567481756
Lepilemur mustelinus,1307,683,0.183777680330873
Lepilemur mustelinus,1309,683,0.551319225259066
Lepilemur mustelinus,1311,683,0.183773075227022
Lepilemur mustelinus,1315,683,1.10259928914046
Lepilemur mustelinus,1316,683,2.02137478975725
Lepilemur mustelinus,1317,683,0.82694543447876
Lepilemur mustelinus,1319,683,0.643170052254975
Lepilemur mustelinus,1321,683,0.183763859939098
Lepilemur mustelinus,1323,683,0.183761555058956
Lepilemur mustelinus,1324,683,1.65382056523669
Lepilemur mustelinus,1340,683,0.183743100773931
Lepilemur mustelinus,1366,683,1.65325307838094
Lepilemur mustelinus,1375,683,0.367363554798722
Lepilemur mustelinus,1394,683,58.6780858784085
Lepilemur mustelinus,1434,683,403.939578596513
Lepilemur mustelinus,1456,683,0.27544305105114
Lepilemur mustelinus,2577,683,18.7867803754507
Lepilemur mustelinus,3268,683,7250.4691776198
Lepilemur mustelinus,18394,683,0.366016744080782
Lepilemur mustelinus,18398,683,118.609435406321
Lepilemur mustelinus,18399,683,1.09562847792852
Lepilemur mustelinus,18400,683,21.3305931885877
Lepilemur mustelinus,18404,683,1.09378015375698
Lepilemur mustelinus,18405,683,0.820222737159133
Lepilemur mustelinus,18406,683,2.55151549227834
Lepilemur mustelinus,18407,683,5.10222163080132
Lepilemur mustelinus,2803,684,27.9623496702767
Lepilemur mustelinus,2804,684,0.273246820754766
Lepilemur mustelinus,18383,685,21.3177359530708
Lepilemur mustelinus,18385,686,176.981841014409
Lepilemur mustelinus,18387,687,29.7890733494434
Lepilemur mustelinus,10644,542,83.8130838928158
Lepilemur mustelinus,3927,547,0.181274117312074
Lepilemur mustelinus,18323,547,30.8125924480652
Lepilemur mustelinus,18449,547,29.8980611396976
Lepilemur mustelinus,17882,558,27.1734738879906
Lepilemur mustelinus,16311,578,2.26229253236377
Lepilemur mustelinus,17159,578,126.044391519733
Lepilemur mustelinus,18048,578,8.87579014953661
Lepilemur mustelinus,18108,578,14.8764755082333
Lepilemur mustelinus,18109,578,4.26181091131223
Lepilemur mustelinus,17858,580,11.1631336764222
Lepilemur mustelinus,17911,580,0.346399268720031
Lepilemur mustelinus,17912,580,20.9473376567002
Lepilemur mustelinus,18425,580,0.25979757743597
Lepilemur mustelinus,18428,580,0.952374834452987
Lepilemur mustelinus,18429,580,0.25972818517673
Lepilemur mustelinus,18433,580,4.2402384895742
Lepilemur mustelinus,18434,580,6.05717425780273
Lepilemur mustelinus,18190,621,674.611930876287
Lepilemur mustelinus,18436,621,0.820644420907617
Lepilemur mustelinus,18147,626,68.5173564614324
Lepilemur mustelinus,18293,626,30.9497681570725
Lepilemur mustelinus,18435,626,29.2747668395581
Lepilemur mustelinus,2445,643,0.365034251434088
Lepilemur mustelinus,18264,643,82.2681733143022
Lepilemur mustelinus,18265,643,30.9416330095756
Lepilemur mustelinus,18440,643,1.73396250702751
Lepilemur mustelinus,6792,644,69.4793727685246
Lepilemur mustelinus,18247,649,31.2831288292344
Lepilemur mustelinus,18305,651,16.7397400424525
Lepilemur mustelinus,18446,651,6.02879668256032
Lepilemur mustelinus,6901,658,0.179958904524803
Lepilemur mustelinus,6960,658,2.87876883525908
Lepilemur mustelinus,6966,658,0.899620833965421
Lepilemur mustelinus,7000,658,0.269868277515411
Lepilemur mustelinus,18336,658,45.3586244344001
Lepilemur mustelinus,18338,658,33.0953660841964
Lepilemur mustelinus,12237,660,104.68823217409
Lepilemur mustelinus,18335,688,42.668198616212
Lepilemur mustelinus,18409,689,82.1709647371291
Lepilemur mustelinus,18411,689,96.0048449014599
Lepilemur mustelinus,18410,690,61.2124982058765
Lepilemur mustelinus,18412,691,29.7723925005818
Lepilemur mustelinus,18413,692,29.3041924637888
Lepilemur mustelinus,18414,693,52.093110773009
Lepilemur mustelinus,18415,694,90.898942940664
Lepilemur mustelinus,18416,695,29.7379084643369
Lepilemur mustelinus,18417,696,9.5401058957789
Lepilemur mustelinus,18418,697,17.9006258988328
Lepilemur mustelinus,18419,697,2.8788579399693
Lepilemur ruficaudatus,385,22,10.2527186326244
Lepilemur ruficaudatus,397,22,1.19005614059967
Lepilemur ruficaudatus,408,22,1.28151005270338
Lepilemur ruficaudatus,424,22,0.183069222521722
Lepilemur ruficaudatus,705,41,26.1945259000728
Lepilemur ruficaudatus,6142,41,25.2881548057257
Lepilemur ruficaudatus,2945,88,0.452763459862113
Lepilemur ruficaudatus,2972,88,38.0240908843971
Lepilemur ruficaudatus,2976,88,3.07696966736531
Lepilemur ruficaudatus,2979,88,0.723997986285687
Lepilemur ruficaudatus,2987,88,0.361958205401778
Lepilemur ruficaudatus,3731,261,57.985276672695
Lepilemur ruficaudatus,3749,261,57.9536162531203
Lepilemur ruficaudatus,3774,326,3.31343096531284
Lepilemur ruficaudatus,6145,326,17.1081231937796
Lepilemur ruficaudatus,559,36,5.85033975470399
Lepilemur ruficaudatus,562,36,16.0871950112848
Lepilemur ruficaudatus,572,36,0.182805694628716
Lepilemur ruficaudatus,575,36,0.274201118186832
Lepilemur ruficaudatus,578,36,0.274192454327822
Lepilemur ruficaudatus,580,36,0.182784649551272
Lepilemur ruficaudatus,581,36,1.18809712456608
Lepilemur ruficaudatus,586,36,0.182778454094648
Lepilemur ruficaudatus,587,36,4.38649564416373
Lepilemur ruficaudatus,590,36,5.75676834046209
Lepilemur ruficaudatus,593,36,16.5402429724656
Lepilemur ruficaudatus,600,36,3.92910652125514
Lepilemur ruficaudatus,669,37,64.7813755391199
Lepilemur ruficaudatus,6140,37,0.456764738324285
Lepilemur ruficaudatus,3349,97,0.449603298738718
Lepilemur ruficaudatus,3350,97,0.359686745625973
Lepilemur ruficaudatus,3361,97,36.3318798597312
Lepilemur ruficaudatus,6154,97,6.47518067735767
Lepilemur ruficaudatus,6160,97,0.449634089967012
Lepilemur ruficaudatus,3553,103,39.0716951757742
Lepilemur ruficaudatus,6155,103,14.6364940401641
Lepilemur ruficaudatus,4560,258,17.8729277360838
Lepilemur ruficaudatus,6156,258,1.42253739552879
Lepilemur ruficaudatus,4617,327,108.01588872667
Lepilemur ruficaudatus,3803,324,2.32767118464887
Lepilemur ruficaudatus,3977,324,89.7882265229816
Lepilemur ruficaudatus,4075,324,0.714404974963069
Lepilemur ruficaudatus,4083,324,0.535747839347363
Lepilemur ruficaudatus,4090,324,0.178579506715536
Lepilemur ruficaudatus,4096,324,0.446428569326878
Lepilemur ruficaudatus,4101,324,0.446413028153181
Lepilemur ruficaudatus,4119,324,1.87495118889773
Lepilemur ruficaudatus,4125,324,489.364914626243
Lepilemur ruficaudatus,6138,324,7.14406051427555
Lepilemur ruficaudatus,6148,325,16.7397400424525
Lepilemur ruficaudatus,6158,325,6.02879668256032
Leptopterus chabert,539,89,0.370271373195112
Leptopterus chabert,540,89,0.46283412528491
Leptopterus chabert,544,89,43.0377824654047
Leptopterus chabert,570,89,1.48074673073447
Leptopterus chabert,573,89,1.66577102635723
Leptopterus chabert,580,89,0.277623898765862
Leptopterus chabert,586,89,0.277610584835649
Leptopterus chabert,26493,89,1.38815019469839
Leptopterus chabert,26303,118,44.4928427752329
Leptopterus chabert,5388,103,91.902892975114
Leptopterus chabert,26532,123,25.074716512655
Leptopterus chabert,26699,124,24.4501852478648
Leptopterus chabert,270,114,0.463597745713949
Leptopterus chabert,342,114,43.3892599286922
Leptopterus chabert,176,90,0.556644208811998
Leptopterus chabert,181,90,0.371099061261237
Leptopterus chabert,184,90,0.556625695955515
Leptopterus chabert,198,90,0.463806772104442
Leptopterus chabert,206,90,0.278275269288719
Leptopterus chabert,208,90,0.463781360735476
Leptopterus chabert,224,90,0.278243954663038
Leptopterus chabert,239,90,0.27820176096195
Leptopterus chabert,254,90,130.021860527523
Leptopterus chabert,260,90,6.49089737985898
Leptopterus chabert,281,90,8.43709773357266
Leptopterus chabert,26459,90,0.64914825101471
Leptopterus chabert,26788,90,56.8711675529918
Leptopterus chabert,393,120,0.555893682719886
Leptopterus chabert,417,120,27.8845320748951
Leptopterus chabert,418,120,0.277912765102387
Leptopterus chabert,476,120,70.9727122086791
Leptopterus chabert,25743,74,13.7034546392342
Leptopterus chabert,3001,77,0.275667671454728
Leptopterus chabert,3019,77,1.92954817861217
Leptopterus chabert,3136,77,0.275591552190781
Leptopterus chabert,3160,77,0.367434207116187
Leptopterus chabert,3185,77,33.8991079803615
Leptopterus chabert,26918,77,0.367500048400045
Leptopterus chabert,7602,95,21.2443070814916
Leptopterus chabert,24705,117,2.33597082442725
Leptopterus chabert,26757,117,57.1920356452231
Leptopterus chabert,4471,132,0.733158739641845
Leptopterus chabert,4576,132,2.01572332178837
Leptopterus chabert,4577,132,0.458135662899971
Leptopterus chabert,4608,132,0.274868693208218
Leptopterus chabert,4609,132,0.366490791638374
Leptopterus chabert,4616,132,0.366482397446334
Leptopterus chabert,4631,132,0.274855500644743
Leptopterus chabert,4745,132,0.824397110989213
Leptopterus chabert,4810,132,1.00747888364965
Leptopterus chabert,4842,132,1.37373982893509
Leptopterus chabert,4894,132,27.0084407932128
Leptopterus chabert,4895,132,0.641021390268981
Leptopterus chabert,4896,132,1.64832053344005
Leptopterus chabert,4925,132,1.09880786665845
Leptopterus chabert,4962,132,0.27467717452234
Leptopterus chabert,5058,132,1.55623826883286
Leptopterus chabert,5064,132,0.45771856548512
Leptopterus chabert,5094,132,1.28151005270296
Leptopterus chabert,5183,132,0.457617758493304
Leptopterus chabert,5257,132,1.00660883126068
Leptopterus chabert,26202,132,0.640887180962563
Leptopterus chabert,26923,132,0.366216056347668
Leptopterus chabert,21497,66,1.67497890952969
Leptopterus chabert,22584,66,448.648761867555
Leptopterus chabert,26285,66,0.70542526677227
Leptopterus chabert,26428,66,13.3829553466897
Leptopterus chabert,26429,66,3.87195306908179
Leptopterus chabert,26595,66,9.25706128804016
Leptopterus chabert,26598,66,4.31856011909783
Leptopterus chabert,26620,66,6.06907414019704
Leptopterus chabert,26621,66,2.02272765648758
Leptopterus chabert,26997,66,17.5870851484922
Leptopterus chabert,26998,66,2.0322578738991
Leptopterus chabert,27063,140,31.1097970257471
Leptopterus chabert,27064,140,29.6010280215162
Leptopterus chabert,26881,141,20.745550279323
Leptopterus chabert,11653,98,0.632951986920595
Leptopterus chabert,27035,98,18.8080490493349
Leptopterus chabert,5446,128,16.3740665150728
Leptopterus chabert,5668,128,2.19464777098519
Leptopterus chabert,5704,128,12.8945503097155
Leptopterus chabert,25143,137,0.777178853789449
Leptopterus chabert,26669,137,0.604549703201652
Leptopterus chabert,26917,137,19.9515621485544
Leptopterus chabert,27029,137,27.2715936270408
Leptopterus chabert,27031,137,29.4123165165247
Leptopterus chabert,27032,137,29.3885406549345
Leptopterus chabert,27033,137,20.6592519148787
Leptopterus chabert,24972,78,20.9968046764002
Leptopterus chabert,25010,78,4.14745316271686
Leptopterus chabert,25051,78,0.431933750124097
Leptopterus chabert,25056,78,0.431926162170768
Leptopterus chabert,25792,78,0.259241756382585
Leptopterus chabert,25793,78,0.950280803212881
Leptopterus chabert,26934,156,29.6714715318073
Leptopterus chabert,11173,122,38.2051651932326
Leptopterus chabert,11213,122,3.07696966736531
Leptopterus chabert,11222,122,0.723997986285687
Leptopterus chabert,11270,122,0.361958205401778
Leptopterus chabert,26709,122,0.452763459862113
Leptopterus chabert,15017,142,49.6171625010395
Leptopterus chabert,26560,142,4.58233058484114
Leptopterus chabert,27123,142,34.6422357639037
Leptopterus chabert,5208,147,22.6013246737857
Leptopterus chabert,14010,70,0.899620833965421
Leptopterus chabert,14053,70,0.269868277515411
Leptopterus chabert,26582,70,2.87876883525908
Leptopterus chabert,27150,70,45.3586244344001
Leptopterus chabert,27152,70,33.0953660841964
Leptopterus chabert,19190,157,104.68823217409
Leptopterus chabert,27239,157,61.2124982058765
Leptopterus chabert,27149,158,42.668198616212
Leptopterus chabert,27244,158,90.898942940664
Leptopterus chabert,27246,158,9.5401058957789
Leptopterus chabert,27247,158,17.9006258988328
Leptopterus chabert,27248,158,2.8788579399693
Leptopterus chabert,27238,159,82.1709647371291
Leptopterus chabert,27240,159,96.0048449014599
Leptopterus chabert,27241,159,29.7723925005818
Leptopterus chabert,27242,159,29.3041924637888
Leptopterus chabert,27243,160,52.093110773009
Leptopterus chabert,27245,161,29.7379084643369
Leptopterus chabert,26098,99,108.01588872667
Leptopterus chabert,27261,99,44.3707966394124
Leptopterus chabert,27262,99,1.42253739552879
Leptopterus chabert,1367,109,162.374759556721
Leptopterus chabert,2825,109,0.459616383671761
Leptopterus chabert,2852,109,0.643432019171834
Leptopterus chabert,2859,109,0.275752651619434
Leptopterus chabert,2883,109,0.367655302864552
Leptopterus chabert,2907,109,1.56243208603394
Leptopterus chabert,2908,109,0.275729722221732
Leptopterus chabert,2933,109,0.275717098941743
Leptopterus chabert,2949,109,0.275709061498702
Leptopterus chabert,2953,109,0.45950859373796
Leptopterus chabert,2960,109,0.459497104688943
Leptopterus chabert,2961,109,1.1946710927338
Leptopterus chabert,2983,109,3.21620605602366
Leptopterus chabert,2984,109,0.551364106284559
Leptopterus chabert,2991,109,1.10266377710587
Leptopterus chabert,2999,109,0.367564567481756
Leptopterus chabert,3012,109,0.551319225259066
Leptopterus chabert,3024,109,1.10259928914046
Leptopterus chabert,3030,109,2.02137478975725
Leptopterus chabert,3031,109,0.82694543447876
Leptopterus chabert,3041,109,0.643170052254975
Leptopterus chabert,3052,109,1.65382056523669
Leptopterus chabert,3080,109,0.82682548099494
Leptopterus chabert,3106,109,0.459349671094835
Leptopterus chabert,3133,109,0.367459639964402
Leptopterus chabert,3153,109,0.275586929093957
Leptopterus chabert,3158,109,1.46972063059127
Leptopterus chabert,3159,109,0.275577679304183
Leptopterus chabert,3279,109,0.367363554798722
Leptopterus chabert,3305,109,58.6780858784085
Leptopterus chabert,3410,109,431.421548407617
Leptopterus chabert,3446,109,0.27544305105114
Leptopterus chabert,9347,109,9167.49023685536
Leptopterus chabert,26542,109,53.6769175645663
Leptopterus chabert,26543,109,0.643524707942307
Leptopterus chabert,26946,109,674.702984277473
Leptopterus chabert,27200,109,31.5815648439663
Leptopterus chabert,27201,109,21.3177359530708
Leptopterus chabert,27202,109,301.748748168552
Leptopterus chabert,27203,109,176.981841014409
Leptopterus chabert,27204,109,0.645659265649796
Leptopterus chabert,27205,109,29.7890733494434
Leptopterus chabert,27211,109,1385.48179139944
Leptopterus chabert,27212,109,8.71055469847293
Leptopterus chabert,27213,109,1.55853332586139
Leptopterus chabert,27214,109,4.12545809786379
Leptopterus chabert,27215,109,5.22484076185095
Leptopterus chabert,27218,109,0.366478799301446
Leptopterus chabert,27220,109,0.366016744080782
Leptopterus chabert,27223,109,2.55931186735392
Leptopterus chabert,27224,109,118.700718526081
Leptopterus chabert,27225,109,1.09562847792852
Leptopterus chabert,27226,109,18.7867803754507
Leptopterus chabert,27227,109,83.0485691054942
Leptopterus chabert,27231,109,1.09378015375698
Leptopterus chabert,27232,109,0.820222737159133
Leptopterus chabert,27233,109,2.55151549227834
Leptopterus chabert,27234,109,5.10222163080132
Leptopterus chabert,27235,109,176.345637707092
Leptopterus chabert,27236,109,63.0206184295745
Leptopterus chabert,27265,109,0.820644420907617
Leptopterus chabert,27266,109,1.91443390526378
Leptopterus chabert,22659,125,16.1215402504426
Leptopterus chabert,23154,125,5.24620992285609
Leptopterus chabert,23393,125,107.450014480365
Leptopterus chabert,23496,125,1.91961763637984
Leptopterus chabert,23698,125,0.348577397500515
Leptopterus chabert,23757,125,49.5177099776991
Leptopterus chabert,23876,125,3.04583861633468
Leptopterus chabert,24103,125,1.39015823458207
Leptopterus chabert,24528,125,3.20387641063011
Leptopterus chabert,25281,125,470.340423367467
Leptopterus chabert,25687,125,0.34985461304009
Leptopterus chabert,25688,125,0.524716098462582
Leptopterus chabert,25785,125,1.39864190466654
Leptopterus chabert,25790,125,4.62691263784421
Leptopterus chabert,25797,125,1.99652411223841
Leptopterus chabert,25799,125,2.34164013403249
Leptopterus chabert,25801,125,3.72834730157495
Leptopterus chabert,25802,125,12.7407955704241
Leptopterus chabert,25902,125,0.699394067978382
Leptopterus chabert,25903,125,0.349687228268623
Leptopterus chabert,25905,125,0.260165493234277
Leptopterus chabert,25906,125,12.0483039035152
Leptopterus chabert,25908,125,11.3310980595299
Leptopterus chabert,25921,125,4.07194558339631
Leptopterus chabert,25922,125,2.8589248295182
Leptopterus chabert,25966,125,5.41451004895472
Leptopterus chabert,26127,125,17.8876522784669
Leptopterus chabert,26130,125,29.6856059502555
Leptopterus chabert,26433,125,99.9457961466128
Leptopterus chabert,26602,125,3.50522293895912
Leptopterus chabert,26604,125,45.6747177114762
Leptopterus chabert,26609,125,1.1328760877285
Leptopterus chabert,26739,125,7.18396295269907
Leptopterus chabert,26740,125,14.8764755082333
Leptopterus chabert,26741,125,4.26181091131223
Leptopterus chabert,27070,125,9.98819568179679
Leptopterus chabert,27072,125,0.347374393435955
Leptopterus chabert,27079,125,21.5378946383917
Leptopterus chabert,27187,125,26.865191159266
Leptopterus chabert,27193,125,29.6282884787538
Leptopterus chabert,27249,125,150.889593339295
Leptopterus chabert,27250,125,1.31051529534316
Leptopterus chabert,27251,125,1.57236309118533
Leptopterus chabert,27254,125,0.261955036714673
Leptopterus chabert,27256,125,0.349265005815983
Leptopterus chabert,27260,125,0.261931698109269
Leptopterus chabert,6259,130,0.274079509045959
Leptopterus chabert,6468,130,72.0906228077071
Leptopterus chabert,26926,130,0.456764738324285
Leptopterus chabert,25540,133,4.74048544932437
Leptopterus chabert,25596,133,2.32518582735467
Leptopterus chabert,25716,133,2.32784321939826
Leptopterus chabert,25813,133,3.97366904659271
Leptopterus chabert,25815,133,4.49024814843654
Leptopterus chabert,25817,133,24.5074496821614
Leptopterus chabert,25823,133,1.98623648264658
Leptopterus chabert,25824,133,3.19514019178605
Leptopterus chabert,25829,133,5.95456626512015
Leptopterus chabert,25831,133,155.106792179145
Leptopterus chabert,25835,133,6.11881096036088
Leptopterus chabert,25838,133,47.5161649497437
Leptopterus chabert,25863,133,6.2814981163677
Leptopterus chabert,25867,133,2.40852721046042
Leptopterus chabert,25913,133,3.79813210761917
Leptopterus chabert,25926,133,33.1560082799963
Leptopterus chabert,25994,133,4.91579007415057
Leptopterus chabert,26013,133,29.9669518573183
Leptopterus chabert,26021,133,3.96024281801712
Leptopterus chabert,26174,133,24.8640921597175
Leptopterus chabert,6074,134,1.46201426250446
Leptopterus chabert,6131,134,2.64969806134295
Leptopterus chabert,6172,134,0.274089461484313
Leptopterus chabert,6833,134,0.365034251434088
Leptopterus chabert,6949,134,0.547426328328371
Leptopterus chabert,6959,134,0.364942030490041
Leptopterus chabert,6970,134,0.456175956650972
Leptopterus chabert,7199,134,370.997903767132
Leptopterus chabert,26223,134,4.56775692645061
Leptopterus chabert,26225,134,9.13393565077972
Leptopterus chabert,26928,134,14.9865047176636
Leptopterus chabert,27034,134,299.306132876773
Leptopterus chabert,27096,134,7.58289645383679
Leptopterus chabert,27268,134,0.365072069038987
Leptopterus chabert,27269,134,0.821376871704459
Leptopterus chabert,27271,134,1.73396250702751
Leptopterus chabert,14248,139,0.449603298738718
Leptopterus chabert,14249,139,0.359686745625973
Leptopterus chabert,14371,139,36.3318798597312
Leptopterus chabert,27114,139,16.7397400424525
Leptopterus chabert,27120,139,6.47518067735767
Leptopterus chabert,27277,139,6.02879668256032
Leptopterus chabert,27279,139,0.449634089967012
Leptopterus chabert,27036,143,69.4793727685246
Leptopterus chabert,16291,146,55.5362709867394
Leptopterus chabert,16452,146,3.31343096531284
Leptopterus chabert,16602,146,2.32767118464887
Leptopterus chabert,16728,146,69.5634544487201
Leptopterus chabert,17779,146,459.233623286982
Leptopterus chabert,26566,146,57.985276672695
Leptopterus chabert,27045,146,0.447673652347326
Leptopterus chabert,27076,146,43.0398890354031
Leptopterus chabert,27077,146,17.1081231937796
Leptopterus chabert,16213,148,39.0716951757742
Leptopterus chabert,27237,148,14.6364940401641
Leptopterus chabert,20172,149,0.62064821295929
Leptopterus chabert,20190,149,0.265972006813645
Leptopterus chabert,20217,149,0.709200345668078
Leptopterus chabert,26877,149,68.5173564614324
Leptopterus chabert,27000,149,31.2831288292344
Leptopterus chabert,27097,149,30.9497681570725
Leptopterus chabert,27098,149,9.04229392747104
Leptopterus chabert,27264,149,29.2747668395581
Leptopterus chabert,27099,162,58.7538227882982
Leptopterus chabert,27137,151,30.8125924480652
Leptopterus chabert,27280,151,29.8980611396976
Lophotibis cristata,12,1,130.021860527523
Lophotibis cristata,13,1,6.49089737985898
Lophotibis cristata,14,1,8.43709773357266
Lophotibis cristata,18,1,43.2038186617155
Lophotibis cristata,20,1,70.6947613926224
Lophotibis cristata,25,1,27.8845320748951
Lophotibis cristata,35,1,43.0377824654047
Lophotibis cristata,1428,1,56.8711675529918
Lophotibis cristata,264,2,27.0084407932128
Lophotibis cristata,301,2,24.8813630898282
Lophotibis cristata,313,2,20.1184639854197
Lophotibis cristata,321,2,37.6497033879611
Lophotibis cristata,322,2,5.85033975470399
Lophotibis cristata,323,2,24.6792146248905
Lophotibis cristata,333,2,8.49783825708031
Lophotibis cristata,343,2,10.9639024804186
Lophotibis cristata,393,2,756.319011811764
Lophotibis cristata,1544,2,16.5402429724656
Lophotibis cristata,1634,2,22.2892814174192
Lophotibis cristata,599,3,38.0240908843971
Lophotibis cristata,741,3,6.47518067735767
Lophotibis cristata,777,3,46.0228045271878
Lophotibis cristata,796,3,39.0716951757742
Lophotibis cristata,869,3,44.0024376667381
Lophotibis cristata,875,3,41.0293049223378
Lophotibis cristata,879,3,42.171590154684
Lophotibis cristata,910,3,247.770101481942
Lophotibis cristata,1635,3,18.8080490493349
Lophotibis cristata,1636,3,69.4793727685246
Lophotibis cristata,1647,3,26.5383701395922
Lophotibis cristata,1648,3,17.1081231937796
Lophotibis cristata,1674,3,11.3402500320686
Lophotibis cristata,1675,3,6.02879668256032
Lophotibis cristata,1681,3,36.3318798597312
Lophotibis cristata,1684,3,34.6422357639037
Lophotibis cristata,1799,3,14.6364940401641
Lophotibis cristata,1075,6,104.68823217409
Lophotibis cristata,1704,6,42.668198616212
Lophotibis cristata,1705,6,45.3586244344001
Lophotibis cristata,1707,6,33.0953660841964
Lophotibis cristata,1800,6,82.1709647371291
Lophotibis cristata,1801,6,61.2124982058765
Lophotibis cristata,1802,6,96.0048449014599
Lophotibis cristata,1803,6,29.7723925005818
Lophotibis cristata,1804,6,29.3041924637888
Lophotibis cristata,1805,6,52.093110773009
Lophotibis cristata,1806,6,90.898942940664
Lophotibis cristata,1807,6,29.7379084643369
Lophotibis cristata,1808,6,9.5401058957789
Lophotibis cristata,1809,6,17.9006258988328
Lophotibis cristata,70,7,162.374759556721
Lophotibis cristata,145,7,53.6769175645663
Lophotibis cristata,161,7,58.6780858784085
Lophotibis cristata,167,7,431.329695352153
Lophotibis cristata,520,7,9163.642217011
Lophotibis cristata,1550,7,29.6714715318073
Lophotibis cristata,1562,7,674.611930876287
Lophotibis cristata,1748,7,31.5815648439663
Lophotibis cristata,1759,7,21.3177359530708
Lophotibis cristata,1760,7,301.748748168552
Lophotibis cristata,1761,7,176.981841014409
Lophotibis cristata,1763,7,29.7890733494434
Lophotibis cristata,1769,7,1385.48179139944
Lophotibis cristata,1770,7,8.71055469847293
Lophotibis cristata,1773,7,5.22484076185095
Lophotibis cristata,1784,7,118.609435406321
Lophotibis cristata,1786,7,18.7867803754507
Lophotibis cristata,1787,7,83.0485691054942
Lophotibis cristata,1794,7,5.10222163080132
Lophotibis cristata,1795,7,175.981325838436
Lophotibis cristata,1796,7,63.0206184295745
Macrotarsomys bastardi,55,13,16.3740665150684
Macrotarsomys bastardi,392,281,3.31343096531618
Macrotarsomys bastardi,437,95,89.788226522985
Macrotarsomys bastardi,450,107,2.59390059165895
Macrotarsomys bastardi,825,186,16.9299596293037
Macrotarsomys bastardi,1077,106,3.75955498126948
Macrotarsomys bastardi,1087,296,3.61899541021693
Macrotarsomys bastardi,1095,297,35.7097522353583
Macrotarsomys bastardi,772,171,19.8638108735086
Macrotarsomys bastardi,773,300,1.94256300443637
Macrotarsomys bastardi,1106,300,6.26889056321883
Macrotarsomys bastardi,795,166,81.0207155699074
Macrotarsomys bastardi,857,201,21.442386823718
Macrotarsomys bastardi,864,201,28.0839022370576
Macrotarsomys bastardi,389,96,16.2973978202174
Macrotarsomys bastardi,407,99,2.32767118464887
Macrotarsomys bastardi,446,99,64.8879679010857
Macrotarsomys bastardi,384,92,17.1081231937796
Macrotarsomys bastardi,129,29,0.639108668502808
Macrotarsomys bastardi,132,29,65.911098922597
Macrotarsomys bastardi,1119,29,29.1295754598171
Macrotarsomys bastardi,320,74,6.02879668256032
Macrotarsomys bastardi,1138,74,0.0899925686674118
Macrotarsomys bastardi,368,81,39.0716951757742
Macrotarsomys bastardi,664,138,50.9016537971916
Macrotarsomys bastardi,1110,311,44.3707966394124
Macrotarsomys bastardi,1139,312,28.1967010634904
Macrotarsomys bastardi,494,290,112.664559155685
Macrotarsomys bastardi,1117,290,7.14406051427555
Macrotarsomys bastardi,1128,310,28.9720579655239
Margaroperdix madagarensis,10371,5,68.4073900828867
Margaroperdix madagarensis,1662,16,91.902892975114
Margaroperdix madagarensis,41,1,0.556644208811998
Margaroperdix madagarensis,45,1,0.556625695955515
Margaroperdix madagarensis,69,1,26.7219759851371
Margaroperdix madagarensis,91,1,43.3892599286922
Margaroperdix madagarensis,97,1,21.1261124531279
Margaroperdix madagarensis,109,1,0.555893682719886
Margaroperdix madagarensis,120,1,25.0129907766499
Margaroperdix madagarensis,160,1,9.25542923517931
Margaroperdix madagarensis,169,1,1.48074673073447
Margaroperdix madagarensis,171,1,1.4806853566674
Margaroperdix madagarensis,12734,1,1.38815019469839
Margaroperdix madagarensis,12901,1,20.2118844377285
Margaroperdix madagarensis,12965,1,9.36908318528389
Margaroperdix madagarensis,755,15,1.92954817861217
Margaroperdix madagarensis,828,15,33.8991079803615
Margaroperdix madagarensis,9505,26,2.47266626964414
Margaroperdix madagarensis,9614,26,4.32352721770191
Margaroperdix madagarensis,9646,26,1.32332957615304
Margaroperdix madagarensis,10377,26,359.514923655421
Margaroperdix madagarensis,12089,26,1.41247619978464
Margaroperdix madagarensis,12212,26,2.38467114169073
Margaroperdix madagarensis,12223,26,4.93923973793232
Margaroperdix madagarensis,12283,26,0.973393049046397
Margaroperdix madagarensis,12411,26,2.38971397089434
Margaroperdix madagarensis,12544,26,7.59299903612995
Margaroperdix madagarensis,12553,26,64.7037403821441
Margaroperdix madagarensis,12554,26,43.5541700668664
Margaroperdix madagarensis,12555,26,2.02803748513615
Margaroperdix madagarensis,12556,26,2.11576712074006
Margaroperdix madagarensis,12677,26,17.5870851484922
Margaroperdix madagarensis,13129,26,1.06030598360252
Margaroperdix madagarensis,2051,20,72.0906228077071
Margaroperdix madagarensis,11259,6,67.1171045351946
Margaroperdix madagarensis,12360,6,1.04773576862133
Margaroperdix madagarensis,13163,6,21.5378946383917
Margaroperdix madagarensis,11865,18,2.33597082442725
Margaroperdix madagarensis,11909,18,0.777178853789449
Margaroperdix madagarensis,11958,18,57.1920356452231
Margaroperdix madagarensis,12578,18,44.4928427752329
Margaroperdix madagarensis,12899,18,0.604549703201652
Margaroperdix madagarensis,13053,18,19.9515621485544
Margaroperdix madagarensis,13116,18,27.2715936270408
Margaroperdix madagarensis,13118,18,29.4123165165247
Margaroperdix madagarensis,13119,18,29.3885406549345
Margaroperdix madagarensis,13120,18,20.6592519148787
Margaroperdix madagarensis,13038,24,20.745550279323
Margaroperdix madagarensis,13160,24,31.1097970257471
Margaroperdix madagarensis,13161,24,29.6010280215162
Margaroperdix madagarensis,4125,13,38.2051651932326
Margaroperdix madagarensis,4146,13,3.07696966736531
Margaroperdix madagarensis,4152,13,0.723997986285687
Margaroperdix madagarensis,11820,12,6.66920689187086
Margaroperdix madagarensis,11871,12,13.0692003217439
Margaroperdix madagarensis,12454,12,11.1631336764222
Margaroperdix madagarensis,13305,12,4.2402384895742
Margaroperdix madagarensis,13306,12,6.05717425780273
Margaroperdix madagarensis,310,14,162.374759556721
Margaroperdix madagarensis,338,14,72.4154606826265
Margaroperdix madagarensis,342,14,55.637216237668
Margaroperdix madagarensis,353,14,151.475872670013
Margaroperdix madagarensis,372,14,43.8080324089083
Margaroperdix madagarensis,696,14,0.643432019171834
Margaroperdix madagarensis,713,14,1.56243208603394
Margaroperdix madagarensis,735,14,1.1946710927338
Margaroperdix madagarensis,742,14,3.21620605602366
Margaroperdix madagarensis,743,14,0.551364106284559
Margaroperdix madagarensis,746,14,1.10266377710587
Margaroperdix madagarensis,754,14,0.551319225259066
Margaroperdix madagarensis,759,14,1.10259928914046
Margaroperdix madagarensis,762,14,2.02137478975725
Margaroperdix madagarensis,763,14,0.82694543447876
Margaroperdix madagarensis,765,14,0.643170052254975
Margaroperdix madagarensis,769,14,1.65382056523669
Margaroperdix madagarensis,779,14,0.82682548099494
Margaroperdix madagarensis,816,14,1.46972063059127
Margaroperdix madagarensis,879,14,58.6780858784085
Margaroperdix madagarensis,921,14,431.421548407617
Margaroperdix madagarensis,1137,14,3.30296723872179
Margaroperdix madagarensis,3305,14,8828.41036036357
Margaroperdix madagarensis,12783,14,53.6769175645663
Margaroperdix madagarensis,12784,14,0.643524707942307
Margaroperdix madagarensis,12788,14,4.94941971172953
Margaroperdix madagarensis,13071,14,674.702984277473
Margaroperdix madagarensis,13248,14,31.5815648439663
Margaroperdix madagarensis,13249,14,21.3177359530708
Margaroperdix madagarensis,13250,14,0.645659265649796
Margaroperdix madagarensis,13251,14,29.7890733494434
Margaroperdix madagarensis,13260,14,1235.35915405175
Margaroperdix madagarensis,13261,14,255.262787644446
Margaroperdix madagarensis,13262,14,8.71055469847293
Margaroperdix madagarensis,13263,14,1.55853332586139
Margaroperdix madagarensis,13264,14,5.22484076185095
Margaroperdix madagarensis,13272,14,2.55931186735392
Margaroperdix madagarensis,13273,14,118.700718526081
Margaroperdix madagarensis,13274,14,1.09562847792852
Margaroperdix madagarensis,13275,14,18.7867803754507
Margaroperdix madagarensis,13276,14,83.0485691054942
Margaroperdix madagarensis,13280,14,1.09378015375698
Margaroperdix madagarensis,13281,14,0.820222737159133
Margaroperdix madagarensis,13282,14,2.55151549227834
Margaroperdix madagarensis,13283,14,5.10222163080132
Margaroperdix madagarensis,13284,14,158.580544106277
Margaroperdix madagarensis,13285,14,63.0206184295745
Margaroperdix madagarensis,13309,14,0.820644420907617
Margaroperdix madagarensis,13310,14,1.91443390526378
Margaroperdix madagarensis,4332,17,0.632951986920595
Margaroperdix madagarensis,13130,17,18.8080490493349
Margaroperdix madagarensis,13131,17,69.4793727685246
Margaroperdix madagarensis,1643,21,2.38014501393825
Margaroperdix madagarensis,1679,21,24.8813630898282
Margaroperdix madagarensis,1761,21,20.1184639854197
Margaroperdix madagarensis,1802,21,1.91988596975839
Margaroperdix madagarensis,1803,21,4.20534270261967
Margaroperdix madagarensis,1833,21,2.1938327736845
Margaroperdix madagarensis,1872,21,1.18809712456608
Margaroperdix madagarensis,1873,21,9.23022386336518
Margaroperdix madagarensis,1883,21,4.38649564416373
Margaroperdix madagarensis,1917,21,8.86332816260337
Margaroperdix madagarensis,2233,21,2.00722734047949
Margaroperdix madagarensis,2627,21,784.155100428129
Margaroperdix madagarensis,12487,21,22.3806283842225
Margaroperdix madagarensis,12488,21,4.56775692645061
Margaroperdix madagarensis,13067,21,14.9865047176636
Margaroperdix madagarensis,13182,21,11.5120029750919
Margaroperdix madagarensis,13254,21,0.821376871704459
Margaroperdix madagarensis,5500,23,0.899620833965421
Margaroperdix madagarensis,8238,23,96.0048449014599
Margaroperdix madagarensis,12828,23,2.87876883525908
Margaroperdix madagarensis,13227,23,14.8551856853535
Margaroperdix madagarensis,13228,23,45.3586244344001
Margaroperdix madagarensis,13231,23,33.0953660841964
Margaroperdix madagarensis,13287,23,82.1709647371291
Margaroperdix madagarensis,13288,23,61.2124982058765
Margaroperdix madagarensis,13289,23,86.6345357060499
Margaroperdix madagarensis,13290,23,29.7723925005818
Margaroperdix madagarensis,13291,23,29.3041924637888
Margaroperdix madagarensis,13292,23,52.093110773009
Margaroperdix madagarensis,13293,23,90.898942940664
Margaroperdix madagarensis,13294,23,29.7379084643369
Margaroperdix madagarensis,13295,23,9.5401058957789
Margaroperdix madagarensis,13296,23,17.9006258988328
Margaroperdix madagarensis,13297,23,2.8788579399693
Margaroperdix madagarensis,8785,27,68.5173564614324
Margaroperdix madagarensis,5660,29,26.9789444841649
Margaroperdix madagarensis,6360,29,49.6171625010395
Margaroperdix madagarensis,6549,29,39.0716951757742
Margaroperdix madagarensis,6591,29,57.9536162531203
Margaroperdix madagarensis,6650,29,3.31343096531284
Margaroperdix madagarensis,6722,29,2.32767118464887
Margaroperdix madagarensis,6998,29,1.78860352420843
Margaroperdix madagarensis,7125,29,89.7882265229816
Margaroperdix madagarensis,7350,29,0.714404974963069
Margaroperdix madagarensis,7445,29,1.87495118889773
Margaroperdix madagarensis,7477,29,489.364914626243
Margaroperdix madagarensis,12700,29,3.75955498126948
Margaroperdix madagarensis,12802,29,4.58233058484114
Margaroperdix madagarensis,12807,29,57.985276672695
Margaroperdix madagarensis,12946,29,7.14406051427555
Margaroperdix madagarensis,13180,29,43.0398890354031
Margaroperdix madagarensis,13181,29,17.1081231937796
Margaroperdix madagarensis,13195,29,16.7397400424525
Margaroperdix madagarensis,13203,29,34.6422357639037
Margaroperdix madagarensis,13286,29,14.6364940401641
Margaroperdix madagarensis,13312,29,6.02879668256032
Margaroperdix madagarensis,13216,30,30.8125924480652
Margaroperdix madagarensis,13313,30,29.8980611396976
Margaroperdix madagarensis,12407,31,108.01588872667
Margaroperdix madagarensis,13307,31,44.3707966394124
Margaroperdix madagarensis,13308,31,1.42253739552879
Mentocrex kioloides,615,2,29.4123165165247
Mentocrex kioloides,677,2,27.2715936270408
Mentocrex kioloides,678,2,29.3885406549345
Mentocrex kioloides,679,2,20.6592519148787
Mentocrex kioloides,10,1,57.7213654392156
Mentocrex kioloides,16,1,29.9533284785256
Mentocrex kioloides,41,1,2.84166779078156
Mentocrex kioloides,42,1,5.22484076185095
Mentocrex kioloides,62,1,5787.6917327495
Mentocrex kioloides,68,1,2.37459808751667
Mentocrex kioloides,69,1,836.038226892443
Mentocrex kioloides,73,1,17.3451783349406
Mentocrex kioloides,74,1,89.3043626509749
Mentocrex kioloides,76,1,3.46533733650672
Mentocrex kioloides,81,1,350.098210070462
Mentocrex kioloides,89,1,230.756966312363
Mentocrex kioloides,633,1,54.6539618968027
Mentocrex kioloides,634,1,27.780157617427
Mentocrex kioloides,690,1,29.966575903603
Mentocrex kioloides,692,1,7.28544954972791
Mentocrex kioloides,712,1,1277.26726654457
Mentocrex kioloides,713,1,8.71055469847293
Mentocrex kioloides,715,1,4.12545809786379
Mentocrex kioloides,718,1,59.3564680753817
Mentocrex kioloides,186,3,90.898942940664
Mentocrex kioloides,709,3,42.668198616212
Mentocrex kioloides,719,3,61.2124982058765
Mentocrex kioloides,720,3,86.6345357060499
Mentocrex kioloides,721,3,29.7379084643369
Mentocrex kioloides,722,3,9.5401058957789
Mentocrex kioloides,723,3,17.9006258988328
Mentocrex kioloides,724,3,2.8788579399693
Mentocrex kioloides,642,6,68.5173564614324
Mentocrex kioloides,665,6,31.2831288292344
Mentocrex kioloides,687,6,30.9497681570725
Mentocrex kioloides,688,6,9.04229392747104
Mentocrex kioloides,689,6,58.7538227882982
Mentocrex kioloides,725,6,29.6296191803109
Mesitornis variegatus,8,2,24.8813630898282
Mesitornis variegatus,10,2,20.1184639854197
Mesitornis variegatus,11,2,1.91988596975839
Mesitornis variegatus,12,2,4.20534270261967
Mesitornis variegatus,13,2,37.6497033879611
Mesitornis variegatus,15,2,22.2892814174192
Mesitornis variegatus,19,2,1.36983741289198
Mesitornis variegatus,20,2,10.8662332925551
Mesitornis variegatus,21,2,1.73396250702751
Mesitornis variegatus,22,2,369.993961972239
Mesitornis variegatus,92,2,29.1295754598171
Mesitornis variegatus,93,2,68.3740878401904
Mesitornis variegatus,101,2,3.56491505919516
Mesitornis variegatus,47,4,36.3318798597312
Mesitornis variegatus,57,4,39.0716951757742
Mesitornis variegatus,94,4,6.02879668256032
Mesitornis variegatus,100,4,6.47518067735767
Mesitornis variegatus,91,5,108.01588872667
Mesitornis variegatus,102,5,44.3707966394124
Mesitornis variegatus,103,5,1.42253739552879
Mesitornis variegatus,59,6,27.6902943571132
Mesitornis variegatus,60,6,17.1081231937796
Mesitornis variegatus,62,6,3.31343096531284
Mesitornis variegatus,63,6,57.9536162531203
Mesitornis variegatus,64,6,2.32767118464887
Mesitornis variegatus,65,6,3.75955498126948
Mesitornis variegatus,68,6,89.7882265229816
Mesitornis variegatus,69,6,1.78860352420843
Mesitornis variegatus,81,6,460.513439363374
Microcebus griseorufus,1,1,18.2045818278822
Microcebus griseorufus,2,2,15.4798619858172
Microcebus griseorufus,23,5,38.9439751978136
Microcebus griseorufus,24,6,2.34164013403285
Microcebus griseorufus,25,5,0.260165493234158
Microcebus griseorufus,26,6,2.86140152836597
Microcebus griseorufus,28,6,0.260081681790114
Microcebus griseorufus,29,5,12.0483039035176
Microcebus griseorufus,56,12,20.9968046764007
Microcebus griseorufus,57,13,0.259241756382823
Microcebus griseorufus,58,13,0.0864094988166094
Microcebus griseorufus,59,13,29.6357740792495
Microcebus griseorufus,60,13,0.0863886469019652
Microcebus griseorufus,61,12,0.431933750123382
Microcebus griseorufus,62,13,0.0863867500650883
Microcebus griseorufus,63,13,0.431926162169695
Microcebus griseorufus,64,13,0.0863848530261517
Microcebus griseorufus,20,4,0.347141183426142
Microcebus griseorufus,21,4,9.63045044746138
Microcebus griseorufus,3,3,25.3907382258146
Microcebus griseorufus,4,3,0.086968773129344
Microcebus griseorufus,6,3,0.347746593876839
Microcebus griseorufus,9,3,0.0869155042577982
Microcebus griseorufus,10,3,58.0501686602478
Microcebus griseorufus,13,3,1.39015823458207
Microcebus griseorufus,15,3,9.98819568179679
Microcebus griseorufus,17,3,0.347374393435955
Microcebus griseorufus,18,3,17.0249607758745
Microcebus griseorufus,19,14,29.6856059502555
Microcebus griseorufus,33,9,6.66920689187086
Microcebus griseorufus,65,9,0.0866204207210541
Microcebus griseorufus,66,9,0.0866166764483452
Microcebus griseorufus,67,9,0.0865998172305823
Microcebus griseorufus,43,15,11.1631336764222
Microcebus griseorufus,44,16,20.9473376567002
Microcebus griseorufus,71,16,0.173184637994766
Microcebus griseorufus,72,16,0.0865848175348044
Microcebus griseorufus,76,16,0.0865735592875481
Microcebus griseorufus,77,16,0.0865491415002346
Microcebus griseorufus,78,16,4.2402384895742
Microcebus griseorufus,79,16,6.05717425780273
Microcebus murinus,200,1765,0.18546587502265
Microcebus murinus,207,1765,6.49089737986279
Microcebus murinus,1909,136,12.3467417666586
Microcebus murinus,1921,136,0.0921358429681063
Microcebus murinus,1932,139,3.22456991307467
Microcebus murinus,2510,168,15.1777130100188
Microcebus murinus,2800,190,5.60608257632858
Microcebus murinus,2866,192,1.19467109273464
Microcebus murinus,2887,192,3.21620605602402
Microcebus murinus,2908,196,0.367564567481756
Microcebus murinus,2928,196,0.183777680330634
Microcebus murinus,3013,196,18.4684228710076
Microcebus murinus,3027,196,0.18374310077405
Microcebus murinus,4849,311,25.8267574798966
Microcebus murinus,4955,315,0.091576381495297
Microcebus murinus,4964,315,0.641021390268803
Microcebus murinus,4965,315,1.64832053343946
Microcebus murinus,4999,315,1.09880786665839
Microcebus murinus,29026,1516,5.246209922858
Microcebus murinus,29036,1516,0.524716098462224
Microcebus murinus,30326,1576,3.04583861633205
Microcebus murinus,30902,1608,2.34164013403213
Microcebus murinus,30954,1608,3.72834730157471
Microcebus murinus,31008,1619,12.7407955704267
Microcebus murinus,31159,1619,2.68566153213239
Microcebus murinus,31163,1619,4.0719455833993
Microcebus murinus,31268,1640,3.1172859666971
Microcebus murinus,32668,1703,3.01169372166753
Microcebus murinus,32672,1703,2.7535231511035
Microcebus murinus,24907,1916,5.22058462251126
Microcebus murinus,25066,2585,8.75504333933174
Microcebus murinus,25171,2585,2.21089209568846
Microcebus murinus,25530,2584,6.98321707832301
Microcebus murinus,465,41,0.370271373195112
Microcebus murinus,467,41,0.46283412528491
Microcebus murinus,470,41,0.092566825099647
Microcebus murinus,472,41,43.0377824654047
Microcebus murinus,473,41,0.185130594589651
Microcebus murinus,487,41,1.48074673073447
Microcebus murinus,489,41,1.66577102635723
Microcebus murinus,492,41,0.277623898765862
Microcebus murinus,494,41,0.277610584835649
Microcebus murinus,496,41,0.0925361785190105
Microcebus murinus,32491,1691,6.11881096036088
Microcebus murinus,3298,1883,23.2302133941686
Microcebus murinus,29634,2390,4.97515838277996
Microcebus murinus,31375,2391,11.3310980595299
Microcebus murinus,32155,2392,5.95456626512015
Microcebus murinus,32175,2393,152.434539488629
Microcebus murinus,33048,2393,27.0386563705167
Microcebus murinus,33049,2393,2.66991477625501
Microcebus murinus,32471,2394,4.74048544932437
Microcebus murinus,32887,2394,2.32784321939826
Microcebus murinus,33038,2394,4.91579007415057
Microcebus murinus,32596,2396,32.8976853230713
Microcebus murinus,33040,2396,3.96024281801712
Microcebus murinus,32648,2397,47.5161649497437
Microcebus murinus,26300,2421,3.61718966663003
Microcebus murinus,26256,2329,4.32352721770191
Microcebus murinus,32910,2412,4.93923973793232
Microcebus murinus,28115,1446,68.4073900828867
Microcebus murinus,29553,2443,4.62691263784421
Microcebus murinus,33094,2443,17.8876522784669
Microcebus murinus,214,16,8.43709773357266
Microcebus murinus,221,16,0.185438309592962
Microcebus murinus,32664,1704,24.0897988637511
Microcebus murinus,33208,2484,44.4928427752329
Microcebus murinus,33179,2486,43.5541700668664
Microcebus murinus,33275,2500,3.75955498126948
Microcebus murinus,33254,2508,3.87195306908179
Microcebus murinus,33356,2524,3.50522293895912
Microcebus murinus,33319,2531,25.074716512655
Microcebus murinus,33351,2534,9.25706128804016
Microcebus murinus,33354,2535,4.31856011909783
Microcebus murinus,33253,2505,13.0307413413506
Microcebus murinus,33373,2563,6.06907414019704
Microcebus murinus,2649,176,0.643524707942307
Microcebus murinus,2742,176,15.3519037113684
Microcebus murinus,2743,176,0.183841973941922
Microcebus murinus,2751,176,0.643432019171834
Microcebus murinus,2784,176,0.367655302864552
Microcebus murinus,2805,176,1.56243208603394
Microcebus murinus,2806,176,0.275729722221732
Microcebus murinus,2833,176,0.275717098941743
Microcebus murinus,2845,176,0.275709061498702
Microcebus murinus,2855,176,0.45950859373796
Microcebus murinus,2864,176,0.643297785345674
Microcebus murinus,2865,176,0.459497104688943
Microcebus murinus,28422,1494,16.1215402504426
Microcebus murinus,220,17,0.463597745713949
Microcebus murinus,237,17,0.092707307780385
Microcebus murinus,286,17,43.2038186617155
Microcebus murinus,3165,216,46.8314312131568
Microcebus murinus,33488,1438,7.18396295269907
Microcebus murinus,323,2249,0.555893682719886
Microcebus murinus,341,2249,0.18528219835794
Microcebus murinus,343,2249,27.8845320748951
Microcebus murinus,33318,2344,24.4501852478648
Microcebus murinus,31956,2401,0.777178853789449
Microcebus murinus,33413,2401,19.9515621485544
Microcebus murinus,33414,2401,0.604549703201652
Microcebus murinus,33494,2581,14.8764755082333
Microcebus murinus,5634,2518,91.8113589710392
Microcebus murinus,33404,2558,3.48046890408206
Microcebus murinus,309,24,0.0926675960290432
Microcebus murinus,321,24,0.0926606114119291
Microcebus murinus,330,24,0.092647612277329
Microcebus murinus,337,24,0.0926436052985191
Microcebus murinus,402,24,70.9727122086791
Microcebus murinus,24385,1243,0.265972006813645
Microcebus murinus,24461,1243,9.04229392747104
Microcebus murinus,31802,2195,3.97366904659271
Microcebus murinus,31886,2195,4.31753920239925
Microcebus murinus,144,2258,0.463806772104442
Microcebus murinus,151,2258,0.278275269288719
Microcebus murinus,153,2258,0.463781360735476
Microcebus murinus,167,2258,0.278243954663038
Microcebus murinus,184,2258,0.185478644791484
Microcebus murinus,188,2258,0.27820176096195
Microcebus murinus,192,2258,0.64914825101471
Microcebus murinus,203,2258,130.021860527523
Microcebus murinus,32834,2258,0.185474717534542
Microcebus murinus,33518,2258,56.8711675529918
Microcebus murinus,33594,2596,28.8846775683384
Microcebus murinus,25921,2327,2.47266626964414
Microcebus murinus,32896,2327,2.38467114169073
Microcebus murinus,25997,2328,6.18067912423862
Microcebus murinus,32158,2363,24.5074496821614
Microcebus murinus,32960,2363,3.79813210761917
Microcebus murinus,25656,2410,13.167280451611
Microcebus murinus,25739,2410,3.09217907194698
Microcebus murinus,25790,2410,1.9433949856267
Microcebus murinus,31742,2605,0.259241756382585
Microcebus murinus,31755,2605,0.0864094988166094
Microcebus murinus,31823,2605,0.0863886469020843
Microcebus murinus,31828,2605,0.0863867500652075
Microcebus murinus,31838,2605,0.0863848530263901
Microcebus murinus,33042,2605,29.6357740792488
Microcebus murinus,33108,2605,0.431926162170768
Microcebus murinus,33028,2606,0.431933750124097
Microcebus murinus,33625,2606,20.9968046764002
Microcebus murinus,1155,94,27.8797654553594
Microcebus murinus,1171,94,0.0923130816248059
Microcebus murinus,1185,94,0.0923098705308437
Microcebus murinus,2428,2608,138.986036188919
Microcebus murinus,33628,2608,21.7270555164769
Microcebus murinus,33629,2609,16.009561443235
Microcebus murinus,2538,171,0.183935519072413
Microcebus murinus,2610,171,14.0676146650496
Microcebus murinus,33630,171,13.0582924815826
Microcebus murinus,2915,184,0.275667671454728
Microcebus murinus,2943,184,1.92954817861217
Microcebus murinus,3023,184,0.0918715503869653
Microcebus murinus,3028,184,0.0918703960418105
Microcebus murinus,3063,184,0.275591552190781
Microcebus murinus,3071,184,0.0918623096979857
Microcebus murinus,3072,184,0.0918623096979857
Microcebus murinus,3088,184,0.367434207116187
Microcebus murinus,3089,184,0.183716525221169
Microcebus murinus,3104,184,33.8991079803615
Microcebus murinus,33421,184,0.0918911418704391
Microcebus murinus,33422,184,0.0918911418704391
Microcebus murinus,33423,184,0.183782283740878
Microcebus murinus,33424,184,0.0918911418704391
Microcebus murinus,33632,184,0.367500048400045
Microcebus murinus,2765,185,47.0601219852736
Microcebus murinus,2889,185,1.10272016136485
Microcebus murinus,2890,185,1.01083246940541
Microcebus murinus,2901,185,0.183784584811091
Microcebus murinus,4963,316,27.0084407932128
Microcebus murinus,5055,316,0.0915643000477552
Microcebus murinus,5211,316,1.55623826883286
Microcebus murinus,5277,316,1.28151005270296
Microcebus murinus,5325,316,0.183069222521663
Microcebus murinus,5359,316,0.0915315746985674
Microcebus murinus,33637,316,0.366216056347668
Microcebus murinus,33638,316,0.1831019721452
Microcebus murinus,7599,1714,13.7034546392342
Microcebus murinus,31495,2084,2.33597082442725
Microcebus murinus,31499,2084,0.17303808407855
Microcebus murinus,32151,2084,57.1920356452231
Microcebus murinus,9463,2172,0.0911691125100851
Microcebus murinus,9778,2172,21.2443070814916
Microcebus murinus,31966,2362,3.10878571876741
Microcebus murinus,33621,2590,20.6592519148787
Microcebus murinus,15153,2256,0.632951986920595
Microcebus murinus,15179,2256,0.0904187257698774
Microcebus murinus,33685,2256,18.8080490493349
Microcebus murinus,28107,2420,483.161051971392
Microcebus murinus,33181,2420,2.11576712074006
Microcebus murinus,33680,2420,17.5870851484922
Microcebus murinus,33681,2623,22.2892814174192
Microcebus murinus,21218,2626,89.7882265229816
Microcebus murinus,33358,2525,67.1171045351946
Microcebus murinus,33719,2525,21.5378946383917
Microcebus murinus,29735,2567,107.450014480365
Microcebus murinus,33493,2579,8.87579014953661
Microcebus murinus,5420,333,22.6013246737857
Microcebus murinus,14451,738,0.0905584602526426
Microcebus murinus,14530,738,0.0905447203234434
Microcebus murinus,14689,738,38.2051651932326
Microcebus murinus,14737,738,0.0905061372196674
Microcebus murinus,14756,738,3.07696966736531
Microcebus murinus,14762,738,0.723997986285687
Microcebus murinus,14805,738,0.361958205401778
Microcebus murinus,33461,738,0.452763459862113
Microcebus murinus,6312,2139,0.0914152072402239
Microcebus murinus,6363,2139,5.85033975470399
Microcebus murinus,6378,2139,24.6792146248905
Microcebus murinus,6379,2139,0.0914115014761686
Microcebus murinus,6466,2139,2.83342021114922
Microcebus murinus,6482,2139,0.0914028473143578
Microcebus murinus,6483,2139,0.182805694628716
Microcebus murinus,6514,2139,1.00536820483041
Microcebus murinus,6526,2139,0.274192454327822
Microcebus murinus,6546,2139,0.0913954212397337
Microcebus murinus,6559,2139,0.0913941828227043
Microcebus murinus,33642,2139,16.5402429724656
Microcebus murinus,33783,2639,7.49109958654905
Microcebus murinus,33785,2640,9.49007950158822
Microcebus murinus,33097,2645,29.6856059502555
Microcebus murinus,20200,2523,57.9536162531203
Microcebus murinus,33343,2523,57.985276672695
Microcebus murinus,20334,2646,3.31343096531284
Microcebus murinus,33717,2646,17.1081231937796
Microcebus murinus,18508,2620,49.6171625010395
Microcebus murinus,33151,2620,4.58233058484114
Microcebus murinus,33765,2649,34.6422357639037
Microcebus murinus,33716,2629,43.0398890354031
Microcebus murinus,1230,98,21.3177359530708
Microcebus murinus,1991,142,1.19747486800242
Microcebus murinus,1996,142,59.2231361403968
Microcebus murinus,2025,142,83.9973458819202
Microcebus murinus,2042,142,0.184211880049109
Microcebus murinus,2135,142,85.9299311413242
Microcebus murinus,2940,199,0.183773075227022
Microcebus murinus,2947,199,1.10259928914046
Microcebus murinus,2964,199,0.183763859939098
Microcebus murinus,2974,199,0.183761555058956
Microcebus murinus,2975,199,1.65382056523669
Microcebus murinus,3083,199,45.9238992682696
Microcebus murinus,3257,199,0.642796241695643
Microcebus murinus,7542,390,64.7813755391199
Microcebus murinus,18118,903,0.0899370735926628
Microcebus murinus,18172,903,0.0899238860032559
Microcebus murinus,18179,903,0.449603298738718
Microcebus murinus,18180,903,0.359686745625973
Microcebus murinus,18197,903,0.0899194863938093
Microcebus murinus,18256,903,36.3318798597312
Microcebus murinus,33761,903,6.47518067735767
Microcebus murinus,33864,903,0.0899312145226002
Microcebus murinus,33865,903,0.449634089967012
Microcebus murinus,20123,942,39.0716951757742
Microcebus murinus,33828,942,14.6364940401641
Microcebus murinus,23291,1142,108.01588872667
Microcebus murinus,33829,1142,44.3707966394124
Microcebus murinus,33103,1591,11.1631336764222
Microcebus murinus,33105,2650,6.66920689187086
Microcebus murinus,33843,2650,0.0866204207210541
Microcebus murinus,33844,2650,0.0866166764483452
Microcebus murinus,33845,2650,0.0865998172305823
Microcebus murinus,33219,2651,20.9473376567002
Microcebus murinus,33850,2651,0.173184637994766
Microcebus murinus,33851,2651,0.0865848175348044
Microcebus murinus,33855,2651,0.0865735592875481
Microcebus murinus,33856,2651,0.0865491415002346
Microcebus murinus,33857,2651,4.2402384895742
Microcebus murinus,33858,2651,6.05717425780273
Microcebus murinus,3741,1875,20.5478830689393
Microcebus murinus,1259,1882,24.0868463646751
Microcebus murinus,1538,2198,247.041088453649
Microcebus murinus,33787,2198,0.645659265649796
Microcebus murinus,2920,2212,153.98413617885
Microcebus murinus,33417,2652,61.786955883434
Microcebus murinus,33859,2653,25.220926926344
Microcebus murinus,2891,2303,0.183790335580707
Microcebus murinus,4474,2303,30.8790083227612
Microcebus murinus,5655,2303,4.66586542736793
Microcebus murinus,5693,2303,0.18296806629312
Microcebus murinus,11860,2303,2498.14352420551
Microcebus murinus,33643,2303,61.9412412737615
Microcebus murinus,33797,2303,1950.01934963434
Microcebus murinus,33798,2303,1385.48179139944
Microcebus murinus,33799,2303,8.71055469847293
Microcebus murinus,33807,2303,0.0915133274670839
Microcebus murinus,33808,2303,0.366016744080782
Microcebus murinus,33809,2303,0.0914189111073017
Microcebus murinus,33810,2303,0.0914176766955852
Microcebus murinus,33812,2303,118.609435406321
Microcebus murinus,33813,2303,1.09562847792852
Microcebus murinus,33814,2303,18.7867803754507
Microcebus murinus,33815,2303,83.0485691054942
Microcebus murinus,33816,2303,0.0911576180326939
Microcebus murinus,33817,2303,0.0911525039067268
Microcebus murinus,33818,2303,0.0911512248494625
Microcebus murinus,33819,2303,1.09378015375698
Microcebus murinus,33801,2654,4.12545809786379
Microcebus murinus,33802,2655,5.22484076185095
Microcebus murinus,33822,2656,5.10222163080132
Microcebus murinus,33823,2657,175.981325838436
Microcebus murinus,33824,2657,63.0206184295745
Microcebus murinus,1827,2381,20.2762758478889
Microcebus murinus,18128,2384,82.1709647371291
Microcebus murinus,33825,2384,25.7197057006951
Microcebus murinus,33826,2658,14.3413504729996
Microcebus murinus,33827,2659,29.3041924637888
Microcebus murinus,32982,2389,5.41451004895472
Microcebus murinus,33834,2389,0.0873207385299206
Microcebus murinus,33836,2389,0.261955036714673
Microcebus murinus,33838,2389,0.349265005815983
Microcebus murinus,33839,2389,0.0873153539170027
Microcebus murinus,33840,2389,0.0873153539170027
Microcebus murinus,33841,2389,0.174623526317835
Microcebus murinus,33842,2389,0.261931698109269
Microcebus murinus,6260,2434,1.91988596975839
Microcebus murinus,6261,2434,4.20534270261967
Microcebus murinus,30121,2444,0.348577397500515
Microcebus murinus,33203,2444,49.5177099776991
Microcebus murinus,33368,2444,1.1328760877285
Microcebus murinus,33846,2660,26.865191159266
Microcebus murinus,6354,2452,37.6497033879611
Microcebus murinus,33788,2661,3.56491505919516
Microcebus murinus,20463,2463,2.32767118464887
Microcebus murinus,21547,2463,0.714404974963069
Microcebus murinus,21599,2463,0.178579506715536
Microcebus murinus,21755,2463,489.364914626243
Microcebus murinus,33482,2463,7.14406051427555
Microcebus murinus,33258,2506,99.4190072851316
Microcebus murinus,33786,2506,29.6282884787538
Microcebus murinus,30585,2510,1.39015823458207
Microcebus murinus,33495,2510,4.26181091131223
Microcebus murinus,33708,2510,9.98819568179679
Microcebus murinus,33710,2510,0.347374393435955
Microcebus murinus,33831,2510,150.889593339295
Microcebus murinus,30722,2662,1.99652411223841
Microcebus murinus,30942,2662,0.260165493234277
Microcebus murinus,31071,2662,12.0483039035152
Microcebus murinus,31811,2662,466.866095203747
Microcebus murinus,2723,2541,0.459616383671761
Microcebus murinus,2757,2541,0.275752651619434
Microcebus murinus,2877,2541,0.183794934333086
Microcebus murinus,2885,2541,52.0222894480524
Microcebus murinus,2888,2541,0.551364106284559
Microcebus murinus,2935,2541,0.551319225259066
Microcebus murinus,2958,2541,0.643170052254975
Microcebus murinus,5713,2564,24.8813630898282
Microcebus murinus,6057,2564,20.1184639854197
Microcebus murinus,7982,2616,0.0912818623811007
Microcebus murinus,7983,2616,0.0912818623811007
Microcebus murinus,8001,2616,0.0912806047912836
Microcebus murinus,8453,2616,0.0912427791887522
Microcebus murinus,8472,2616,800.12748936824
Microcebus murinus,8473,2616,0.0912402507442236
Microcebus murinus,8485,2616,2.00722734047949
Microcebus murinus,8509,2616,0.364942030490041
Microcebus murinus,8595,2616,0.456175956650972
Microcebus murinus,33793,2616,0.091264236962676
Microcebus murinus,33794,2616,0.0912629764248133
Microcebus murinus,33795,2616,0.0912617156766653
Microcebus murinus,33796,2616,0.0912617156766653
Microcebus murinus,9771,2617,0.638009943682909
Microcebus murinus,9785,2617,0.0911435460878611
Microcebus murinus,33644,2617,372.761575993835
Microcebus murinus,33860,2617,0.820644420907617
Microcebus murinus,33686,2621,69.4793727685246
Microcebus murinus,33755,2631,16.7397400424525
Microcebus murinus,33862,2631,0.0899925686674118
Microcebus murinus,33863,2631,6.02879668256032
Microcebus murinus,6453,2635,1.00543750432062
Microcebus murinus,6515,2635,2.37624750380051
Microcebus murinus,6571,2635,0.182784649551272
Microcebus murinus,6599,2635,0.0913904663074017
Microcebus murinus,6611,2635,0.0913892270473242
Microcebus murinus,6612,2635,0.182778454094648
Microcebus murinus,6634,2635,7.676784038162
Microcebus murinus,6667,2635,8.86332816260337
Microcebus murinus,6917,2635,0.274089461484313
Microcebus murinus,6939,2635,0.0913631538983583
Microcebus murinus,7028,2635,10.9639024804186
Microcebus murinus,7029,2635,4.56775692645061
Microcebus murinus,7142,2635,0.09134945944345
Microcebus murinus,32860,2635,0.0913643975844383
Microcebus murinus,33736,2635,0.456749789225697
Microcebus myoxinus,370,101,25.79728211715
Microcebus myoxinus,371,102,57.8739695352427
Microcebus myoxinus,343,93,14.6364940401641
Microcebus myoxinus,356,93,39.0716951757742
Microcebus myoxinus,367,105,1.07537598973155
Microcebus myoxinus,368,105,21.4174136928894
Microcebus myoxinus,378,105,16.3121433096249
Microcebus myoxinus,317,79,16.7397400424525
Microcebus myoxinus,379,106,0.0899925686674118
Microcebus myoxinus,380,106,6.02879668256032
Microcebus rufus,1767,219,12.0800389464599
Microcebus rufus,1182,154,3.21620605602366
Microcebus rufus,10168,1590,24.4501852478648
Microcebus rufus,1326,165,58.6780858784085
Microcebus rufus,9,1,72.6104762396646
Microcebus rufus,10206,1,56.8711675529918
Microcebus rufus,1817,226,48.0992270821004
Microcebus rufus,10191,1607,0.604549703201652
Microcebus rufus,10260,1607,19.9515621485544
Microcebus rufus,8769,1609,0.0879156733248234
Microcebus rufus,10245,1609,20.745550279323
Microcebus rufus,9925,1380,2.33597082442725
Microcebus rufus,9993,1380,57.1920356452231
Microcebus rufus,10341,1620,27.2715936270408
Microcebus rufus,10343,1622,29.4123165165247
Microcebus rufus,10344,1623,29.3885406549345
Microcebus rufus,10345,1624,20.6592519148787
Microcebus rufus,10359,1628,58.7538227882982
Microcebus rufus,10352,1629,31.1097970257471
Microcebus rufus,10353,1629,29.6010280215162
Microcebus rufus,10270,1612,29.6714715318073
Microcebus rufus,10429,1665,31.5815648439663
Microcebus rufus,1112,25,0.459616383671761
Microcebus rufus,1129,25,0.275752651619434
Microcebus rufus,1177,25,0.183794934333086
Microcebus rufus,1183,25,0.551364106284559
Microcebus rufus,1199,25,0.551319225259066
Microcebus rufus,1206,25,0.643170052254975
Microcebus rufus,1859,25,0.0914152072402239
Microcebus rufus,2564,25,8765.40863451314
Microcebus rufus,10145,25,53.6769175645663
Microcebus rufus,10442,25,8.71055469847293
Microcebus rufus,10446,25,0.0916520090398192
Microcebus rufus,10451,25,0.0914189111073017
Microcebus rufus,10452,25,0.0914176766955852
Microcebus rufus,10456,25,18.7867803754507
Microcebus rufus,10457,25,83.0485691054942
Microcebus rufus,10458,25,0.0911576180326939
Microcebus rufus,10459,25,0.0911525039067268
Microcebus rufus,10460,25,0.0911512248494625
Microcebus rufus,10461,25,1.09378015375698
Microcebus rufus,10430,1668,21.3177359530708
Microcebus rufus,10431,1669,301.748748168552
Microcebus rufus,10433,1669,0.645659265649796
Microcebus rufus,10432,1670,176.981841014409
Microcebus rufus,10434,1671,29.7890733494434
Microcebus rufus,10440,1672,914.75661260191
Microcebus rufus,10441,1673,85.7375333649492
Microcebus rufus,10444,1674,4.12545809786379
Microcebus rufus,10445,1675,5.22484076185095
Microcebus rufus,10454,1676,118.700718526081
Microcebus rufus,10464,1677,5.10222163080132
Microcebus rufus,10465,1678,176.345637707092
Microcebus rufus,10466,1678,63.0206184295745
Microcebus rufus,281,46,162.374759556721
Microcebus rufus,7906,1461,0.265972006813645
Microcebus rufus,10241,1461,68.5173564614324
Microcebus rufus,10357,1461,30.9497681570725
Microcebus rufus,10358,1461,9.04229392747104
Microcebus rufus,10478,1461,29.2747668395581
Microcebus rufus,1123,1569,0.183841973941922
Microcebus rufus,1127,1569,0.643432019171834
Microcebus rufus,1153,1569,0.275717098941743
Microcebus rufus,1160,1569,0.275709061498702
Microcebus rufus,1164,1569,0.45950859373796
Microcebus rufus,1168,1569,0.459497104688943
Microcebus rufus,1187,1569,1.10266377710587
Microcebus rufus,1203,1569,0.82694543447876
Microcebus rufus,1245,1569,0.367459639964402
Microcebus rufus,1264,1569,1.46972063059127
Microcebus rufus,1363,1569,430.777979142614
Microcebus rufus,4361,1588,0.899620833965421
Microcebus rufus,4379,1588,0.269868277515411
Microcebus rufus,10165,1588,2.87876883525908
Microcebus rufus,10386,1588,45.3586244344001
Microcebus rufus,10388,1588,33.0953660841964
Microcebus rufus,10282,1615,674.702984277473
Microcebus rufus,10479,1615,0.820644420907617
Microcebus rufus,10329,1627,31.2831288292344
Microcebus rufus,7397,1636,104.68823217409
Microcebus rufus,10467,1679,82.1709647371291
Microcebus rufus,10469,1679,96.0048449014599
Microcebus rufus,10468,1680,61.2124982058765
Microcebus rufus,10470,1681,29.7723925005818
Microcebus rufus,10471,1682,29.3041924637888
Microcebus rufus,10472,1683,52.093110773009
Microcebus rufus,10473,1684,90.898942940664
Microcebus rufus,10474,1685,29.7379084643369
Microcebus rufus,10475,1686,9.5401058957789
Microcebus rufus,10476,1687,17.9006258988328
Microcebus rufus,10477,1688,2.8788579399693
Microcebus rufus,10385,1643,42.668198616212
Microcebus rufus,10373,1667,30.8125924480652
Microcebus rufus,10481,1689,29.8980611396976
Microcebus tavaratra,21,4,0.0927211263144016
Microcebus tavaratra,22,4,0.463597745713949
Microcebus tavaratra,23,4,43.3892599286878
Microcebus tavaratra,24,4,0.092707307780385
Microcebus tavaratra,26,6,0.0926675960290432
Microcebus tavaratra,27,6,0.0926606114119291
Microcebus tavaratra,28,6,0.092647612277329
Microcebus tavaratra,29,6,43.452874946519
Microcebus tavaratra,30,6,0.0926436052985191
Microcebus tavaratra,55,11,0.370271373195112
Microcebus tavaratra,57,11,0.46283412528491
Microcebus tavaratra,60,11,0.092566825099647
Microcebus tavaratra,62,11,43.0377824654036
Microcebus tavaratra,63,11,0.185130594589651
Microcebus tavaratra,69,11,1.48074673073447
Microcebus tavaratra,71,11,1.66577102635723
Microcebus tavaratra,72,11,0.277623898765862
Microcebus tavaratra,73,11,0.277610584835649
Microcebus tavaratra,74,11,0.0925361785190105
Microcebus tavaratra,89,15,0.0918911418704391
Microcebus tavaratra,90,15,0.0918911418704391
Microcebus tavaratra,91,15,0.183782283740878
Microcebus tavaratra,92,15,0.0918911418704391
Microcebus tavaratra,93,15,0.275667671454728
Microcebus tavaratra,94,15,1.92954817861229
Microcebus tavaratra,95,15,0.367500048400045
Microcebus tavaratra,96,15,0.0918715503869653
Microcebus tavaratra,97,15,0.0918703960418105
Microcebus tavaratra,98,15,0.275591552190542
Microcebus tavaratra,99,15,0.0918623096979857
Microcebus tavaratra,100,15,0.0918623096979857
Microcebus tavaratra,102,15,0.367434207116187
Microcebus tavaratra,103,15,0.183716525221169
Microcebus tavaratra,104,15,33.8991079803581
Microcebus tavaratra,204,30,0.0905584602527619
Microcebus tavaratra,205,30,0.452763459862113
Microcebus tavaratra,206,30,0.0905447203236818
Microcebus tavaratra,207,30,38.2051651932406
Microcebus tavaratra,209,30,0.0905061372196674
Microcebus tavaratra,210,30,3.07696966736627
Microcebus tavaratra,211,30,0.723997986286044
Microcebus tavaratra,213,30,0.361958205401778
Microcebus tavaratra,273,40,6.47518067736017
Microcebus tavaratra,274,40,36.3318798597369
Microcebus tavaratra,275,40,0.0899370735926628
Microcebus tavaratra,276,40,0.0899312145228386
Microcebus tavaratra,277,40,0.449634089967847
Microcebus tavaratra,278,40,0.0899238860031366
Microcebus tavaratra,279,40,0.449603298738956
Microcebus tavaratra,280,40,0.359686745625496
Microcebus tavaratra,281,40,0.0899194863940477
Microcebus tavaratra,266,39,11.3402500320686
Microcebus tavaratra,189,27,72.0906228077071
Microgale brevicaudata,400,94,7.91582309376532
Microgale brevicaudata,452,101,23.0015481763159
Microgale brevicaudata,1512,273,2.46812535342741
Microgale brevicaudata,1520,273,16.0871950112827
Microgale brevicaudata,1531,273,0.0914028473145962
Microgale brevicaudata,1532,273,0.182805694629192
Microgale brevicaudata,1535,273,0.274201118186355
Microgale brevicaudata,1547,278,9.2302238633666
Microgale brevicaudata,1566,278,0.548279554689765
Microgale brevicaudata,2289,374,22.5943641322846
Microgale brevicaudata,1442,266,20.1184639854197
Microgale brevicaudata,1494,954,1.91988596975839
Microgale brevicaudata,1495,954,4.20534270261967
Microgale brevicaudata,114,29,0.370271373195112
Microgale brevicaudata,116,29,0.092566825099647
Microgale brevicaudata,118,29,43.0377824654047
Microgale brevicaudata,119,29,0.185130594589651
Microgale brevicaudata,122,29,1.48074673073447
Microgale brevicaudata,123,29,1.66577102635723
Microgale brevicaudata,124,29,0.277623898765862
Microgale brevicaudata,5565,968,44.4928427752329
Microgale brevicaudata,5572,973,3.87195306908179
Microgale brevicaudata,5574,963,3.75955498126948
Microgale brevicaudata,4909,788,4.31856011909783
Microgale brevicaudata,5206,832,21.442386823718
Microgale brevicaudata,5008,942,6.06907414019704
Microgale brevicaudata,5662,989,20.2118844377285
Microgale brevicaudata,52,12,0.092707307780385
Microgale brevicaudata,68,12,43.2038186617155
Microgale brevicaudata,91,20,0.18528219835794
Microgale brevicaudata,92,20,25.0129907766499
Microgale brevicaudata,602,124,58.6780858784085
Microgale brevicaudata,1353,196,91.8113589710392
Microgale brevicaudata,43,3,60.0101104185186
Microgale brevicaudata,5678,3,56.8711675529918
Microgale brevicaudata,78,18,21.1261124531279
Microgale brevicaudata,81,18,0.0926675960290432
Microgale brevicaudata,85,18,0.0926606114119291
Microgale brevicaudata,5013,951,0.0879156733248234
Microgale brevicaudata,5723,951,20.745550279323
Microgale brevicaudata,5661,999,0.604549703201652
Microgale brevicaudata,5726,999,19.9515621485544
Microgale brevicaudata,520,109,1.92954817861217
Microgale brevicaudata,525,109,0.0918715503869653
Microgale brevicaudata,526,109,0.0918703960418105
Microgale brevicaudata,539,109,0.275591552190781
Microgale brevicaudata,542,109,0.0918623096979857
Microgale brevicaudata,543,109,0.0918623096979857
Microgale brevicaudata,550,109,0.367434207116187
Microgale brevicaudata,551,109,0.183716525221169
Microgale brevicaudata,556,109,33.8991079803615
Microgale brevicaudata,5731,109,0.367500048400045
Microgale brevicaudata,2064,343,0.0911691125100851
Microgale brevicaudata,2065,343,21.2443070814916
Microgale brevicaudata,5487,977,29.4123165165247
Microgale brevicaudata,5741,1005,29.3885406549345
Microgale brevicaudata,5742,1006,20.6592519148787
Microgale brevicaudata,5743,1007,18.8080490493349
Microgale brevicaudata,4454,671,89.7882265229816
Microgale brevicaudata,1373,923,24.8813630898282
Microgale brevicaudata,1588,957,22.2892814174192
Microgale brevicaudata,5735,1018,14.9865047176636
Microgale brevicaudata,4013,524,49.6171625010395
Microgale brevicaudata,5549,524,4.58233058484114
Microgale brevicaudata,5772,1019,34.6422357639037
Microgale brevicaudata,3263,532,0.0905584602526426
Microgale brevicaudata,3269,532,0.0905447203234434
Microgale brevicaudata,3274,532,38.2051651932326
Microgale brevicaudata,3279,532,0.0905061372196674
Microgale brevicaudata,4295,987,57.9536162531203
Microgale brevicaudata,5637,1025,57.985276672695
Microgale brevicaudata,5755,1013,43.0398890354031
Microgale brevicaudata,5756,1014,17.1081231937796
Microgale brevicaudata,287,47,301.748748168552
Microgale brevicaudata,5775,47,0.645659265649796
Microgale brevicaudata,5773,1026,21.3177359530708
Microgale brevicaudata,5774,1027,26.6587824925913
Microgale brevicaudata,5776,1028,29.7890733494434
Microgale brevicaudata,211,54,162.374759556721
Microgale brevicaudata,376,79,292.693460762739
Microgale brevicaudata,443,79,29.9084594166144
Microgale brevicaudata,460,79,619.951361741799
Microgale brevicaudata,5730,79,21.7270555164769
Microgale brevicaudata,476,103,0.459616383671761
Microgale brevicaudata,483,103,0.275752651619434
Microgale brevicaudata,507,103,0.183794934333086
Microgale brevicaudata,508,103,52.5736907238225
Microgale brevicaudata,510,103,0.551364106284559
Microgale brevicaudata,511,103,327.38636534823
Microgale brevicaudata,518,103,0.551319225259066
Microgale brevicaudata,521,103,0.643170052254975
Microgale brevicaudata,480,104,0.183841973941922
Microgale brevicaudata,482,104,0.643432019171834
Microgale brevicaudata,497,104,0.275717098941743
Microgale brevicaudata,501,104,0.275709061498702
Microgale brevicaudata,502,104,0.45950859373796
Microgale brevicaudata,504,104,0.459497104688943
Microgale brevicaudata,643,104,344.195057031457
Microgale brevicaudata,778,159,20.5478830689393
Microgale brevicaudata,5782,159,0.458605646621585
Microgale brevicaudata,831,170,0.366857565845728
Microgale brevicaudata,835,170,24.8478412526545
Microgale brevicaudata,5783,170,15.0399388438828
Microgale brevicaudata,1709,275,64.7813755391199
Microgale brevicaudata,1556,277,4.38649564416373
Microgale brevicaudata,1587,277,8.86332816260337
Microgale brevicaudata,1610,277,0.274089461484313
Microgale brevicaudata,1614,277,0.0913631538983583
Microgale brevicaudata,1630,277,10.9639024804186
Microgale brevicaudata,1631,277,4.56775692645061
Microgale brevicaudata,5490,277,0.0913643975844383
Microgale brevicaudata,5757,277,0.456749789225697
Microgale brevicaudata,2087,321,1.73197684171093
Microgale brevicaudata,2108,321,3.00788420463109
Microgale brevicaudata,2195,321,302.77966822317
Microgale brevicaudata,5792,321,0.820644420907617
Microgale brevicaudata,3180,518,30.8125924480652
Microgale brevicaudata,5794,1029,29.8980611396976
Microgale brevicaudata,3824,562,96.0048449014599
Microgale brevicaudata,5795,1030,29.7723925005818
Microgale brevicaudata,5796,1031,29.3041924637888
Microgale brevicaudata,3617,586,52.093110773009
Microgale brevicaudata,3929,611,0.0899370735926628
Microgale brevicaudata,3946,611,0.449603298738718
Microgale brevicaudata,3947,611,0.359686745625973
Microgale brevicaudata,3964,611,36.3318798597312
Microgale brevicaudata,4282,627,39.0716951757742
Microgale brevicaudata,5797,627,14.6364940401641
Microgale brevicaudata,4344,675,2.32767118464887
Microgale brevicaudata,4440,675,274.162070722028
Microgale brevicaudata,5416,894,5.27962728708625
Microgale brevicaudata,5504,1032,11.1631336764222
Microgale brevicaudata,1786,1003,0.0912818623811007
Microgale brevicaudata,1793,1003,0.0912806047912836
Microgale brevicaudata,1877,1003,0.0912427791887522
Microgale brevicaudata,1880,1003,781.964310520095
Microgale brevicaudata,1886,1003,0.456175956650972
Microgale brevicaudata,5744,1008,69.4793727685246
Microgale brevicaudata,5758,1016,16.2380797407156
Microgale brevicaudata,3944,1021,0.0899238860032559
Microgale brevicaudata,5769,1021,6.47518067735767
Microgale brevicaudata,5801,1021,0.449634089967012
Microgale brevicaudata,5763,1022,16.7397400424525
Microgale brevicaudata,5798,1033,0.0899925686674118
Microgale brevicaudata,5799,1033,6.02879668256032
Microgale cowani,1293,775,1.1946710927338
Microgale cowani,1322,775,3.21620605602366
Microgale cowani,1561,56,58.6780858784085
Microgale cowani,12959,895,24.4501852478648
Microgale cowani,13,1,72.6104762396646
Microgale cowani,12966,1,56.8711675529918
Microgale cowani,12835,896,0.604549703201652
Microgale cowani,12842,896,0.777178853789449
Microgale cowani,12987,896,19.9515621485544
Microgale cowani,11395,900,0.0879156733248234
Microgale cowani,12972,900,20.745550279323
Microgale cowani,12796,606,2.33597082442725
Microgale cowani,12797,606,0.17303808407855
Microgale cowani,12846,606,57.1920356452231
Microgale cowani,13066,901,27.2715936270408
Microgale cowani,13068,903,29.4123165165247
Microgale cowani,13069,904,29.3885406549345
Microgale cowani,13070,905,20.6592519148787
Microgale cowani,2589,765,15.0325883204135
Microgale cowani,13077,917,31.1097970257471
Microgale cowani,13078,917,29.6010280215162
Microgale cowani,13083,919,58.7538227882982
Microgale cowani,12993,907,29.6714715318073
Microgale cowani,13153,957,31.5815648439663
Microgale cowani,139,14,162.374759556721
Microgale cowani,1189,661,0.459616383671761
Microgale cowani,1220,661,0.275752651619434
Microgale cowani,1310,661,0.183794934333086
Microgale cowani,1323,661,0.551364106284559
Microgale cowani,1349,661,0.551319225259066
Microgale cowani,1365,661,0.643170052254975
Microgale cowani,1674,661,179.957300764735
Microgale cowani,2162,661,0.0913569323072433
Microgale cowani,2930,661,5530.7005962234
Microgale cowani,12927,661,53.6769175645663
Microgale cowani,13164,661,0.0916520090398192
Microgale cowani,13165,661,0.0914189111073017
Microgale cowani,13166,661,0.0914176766955852
Microgale cowani,13154,958,21.3177359530708
Microgale cowani,13155,959,301.748748168552
Microgale cowani,13157,959,0.645659265649796
Microgale cowani,13156,960,176.981841014409
Microgale cowani,13158,961,29.7890733494434
Microgale cowani,13167,962,88.6181510070324
Microgale cowani,13168,962,0.0911576180326939
Microgale cowani,13169,962,0.0911525039067268
Microgale cowani,13170,962,0.0911512248494625
Microgale cowani,13171,962,1.09378015375698
Microgale cowani,3236,869,0.181274117312074
Microgale cowani,13097,869,30.8125924480652
Microgale cowani,13186,869,29.8980611396976
Microgale cowani,1208,889,0.183841973941922
Microgale cowani,1215,889,0.643432019171834
Microgale cowani,1248,889,1.56243208603394
Microgale cowani,1249,889,0.275729722221732
Microgale cowani,1267,889,0.275717098941743
Microgale cowani,1277,889,0.275709061498702
Microgale cowani,1284,889,0.45950859373796
Microgale cowani,1292,889,0.459497104688943
Microgale cowani,1328,889,1.10266377710587
Microgale cowani,1334,889,0.183781132994294
Microgale cowani,1335,889,0.367564567481756
Microgale cowani,1357,889,2.02137478975725
Microgale cowani,1358,889,0.82694543447876
Microgale cowani,1439,889,0.367459639964402
Microgale cowani,1468,889,1.46972063059127
Microgale cowani,1469,889,0.275577679304183
Microgale cowani,1641,889,431.421548407617
Microgale cowani,12928,889,0.643524707942307
Microgale cowani,13005,910,674.702984277473
Microgale cowani,13184,910,0.820644420907617
Microgale cowani,12970,916,68.5173564614324
Microgale cowani,13082,916,30.9497681570725
Microgale cowani,13183,916,29.2747668395581
Microgale cowani,13054,918,31.2831288292344
Microgale cowani,5326,926,0.899620833965421
Microgale cowani,5359,926,0.269868277515411
Microgale cowani,12944,926,2.87876883525908
Microgale cowani,13110,926,45.3586244344001
Microgale cowani,13112,926,33.0953660841964
Microgale cowani,9599,929,104.68823217409
Microgale cowani,13172,963,82.1709647371291
Microgale cowani,13174,963,96.0048449014599
Microgale cowani,13173,964,61.2124982058765
Microgale cowani,13175,965,29.7723925005818
Microgale cowani,13176,966,29.3041924637888
Microgale cowani,13177,967,52.093110773009
Microgale cowani,13178,968,90.898942940664
Microgale cowani,13179,969,29.7379084643369
Microgale cowani,13180,970,9.5401058957789
Microgale cowani,13181,971,17.9006258988328
Microgale cowani,13109,935,42.668198616212
Microgale drouhardi,106,18,26.2567140975469
Microgale drouhardi,116,18,0.644736027104974
Microgale drouhardi,119,18,90.7375465159902
Microgale drouhardi,120,19,3.68393426544911
Microgale drouhardi,185,28,15.3223271836755
Microgale drouhardi,278,40,0.091165282910943
Microgale drouhardi,284,40,15.8610748654241
Microgale drouhardi,99,11,25.074716512655
Microgale drouhardi,3,1,56.8711675529918
Microgale drouhardi,2461,353,9.36908318528389
Microgale drouhardi,187,26,389.202603522421
Microgale drouhardi,190,27,10.825308922661
Microgale drouhardi,192,27,1.92623914275312
Microgale drouhardi,193,27,1.19240941025794
Microgale drouhardi,205,31,33.866666256667
Microgale drouhardi,207,31,0.36605818149358
Microgale drouhardi,208,31,0.366043563450277
Microgale drouhardi,2453,317,2.33597082442725
Microgale drouhardi,2455,317,57.1920356452231
Microgale drouhardi,2527,366,58.7538227882982
Microgale drouhardi,2522,367,31.1097970257471
Microgale drouhardi,2523,367,29.6010280215162
Microgale drouhardi,2480,356,144.826372065045
Microgale drouhardi,2555,382,31.5815648439663
Microgale drouhardi,148,22,0.184020454986751
Microgale drouhardi,153,22,0.919496630983293
Microgale drouhardi,172,22,1361.93737009748
Microgale drouhardi,2560,387,210.040411681363
Microgale drouhardi,194,29,344.754101559935
Microgale drouhardi,2561,29,0.0916520090398192
Microgale drouhardi,280,38,1.73197684171093
Microgale drouhardi,304,38,271.230632997948
Microgale drouhardi,2479,38,3.00788420463109
Microgale drouhardi,2562,38,0.820644420907617
Microgale drouhardi,828,53,104.68823217409
Microgale drouhardi,2564,388,61.2124982058765
Microgale drouhardi,2565,389,90.898942940664
Microgale drouhardi,2566,390,29.7379084643369
Microgale drouhardi,2567,391,9.5401058957789
Microgale drouhardi,2568,392,17.9006258988328
Microgale drouhardi,691,72,2.87876883525908
Microgale drouhardi,693,72,0.899620833965421
Microgale drouhardi,700,72,0.269868277515411
Microgale drouhardi,2558,72,45.3586244344001
Microgale drouhardi,2559,72,33.0953660841964
Microgale drouhardi,1910,361,0.265972006813645
Microgale drouhardi,2467,361,68.5173564614324
Microgale drouhardi,2525,361,30.9497681570725
Microgale drouhardi,2526,361,9.04229392747104
Microgale drouhardi,2570,361,29.2747668395581
Microgale drouhardi,2516,365,31.2831288292344
Microgale drouhardi,2538,372,42.668198616212
Microgale drouhardi,2556,376,52.093110773009
Microgale drouhardi,2533,386,30.8125924480652
Microgale drouhardi,2571,393,29.8980611396976
Microgale fotsifotsy,312,41,12.8449827380911
Microgale fotsifotsy,225,19,25.074716512655
Microgale fotsifotsy,3101,459,24.4501852478648
Microgale fotsifotsy,13,1,56.8711675529918
Microgale fotsifotsy,3102,1,9.36908318528389
Microgale fotsifotsy,3103,1,28.8450665179896
Microgale fotsifotsy,303,39,199.023427275559
Microgale fotsifotsy,2753,464,0.0879156733248234
Microgale fotsifotsy,3112,464,20.745550279323
Microgale fotsifotsy,3083,405,2.33597082442725
Microgale fotsifotsy,3087,405,57.1920356452231
Microgale fotsifotsy,3180,477,58.7538227882982
Microgale fotsifotsy,3175,478,31.1097970257471
Microgale fotsifotsy,3176,478,29.6010280215162
Microgale fotsifotsy,3131,475,144.826372065045
Microgale fotsifotsy,3132,507,31.5815648439663
Microgale fotsifotsy,64,9,139.118542231871
Microgale fotsifotsy,315,43,230.091457974231
Microgale fotsifotsy,3207,43,0.0916520090398192
Microgale fotsifotsy,1509,75,104.68823217409
Microgale fotsifotsy,3210,508,61.2124982058765
Microgale fotsifotsy,3211,509,96.0048449014599
Microgale fotsifotsy,3212,510,29.7723925005818
Microgale fotsifotsy,3213,511,29.3041924637888
Microgale fotsifotsy,3214,512,52.093110773009
Microgale fotsifotsy,3215,513,90.898942940664
Microgale fotsifotsy,2501,422,0.265972006813645
Microgale fotsifotsy,3108,422,68.5173564614324
Microgale fotsifotsy,3178,422,30.9497681570725
Microgale fotsifotsy,3179,422,9.04229392747104
Microgale fotsifotsy,3216,422,29.2747668395581
Microgale fotsifotsy,488,445,107.629057024268
Microgale fotsifotsy,3130,445,31.579166236257
Microgale fotsifotsy,3208,445,28.5600100860182
Microgale fotsifotsy,3209,445,0.820644420907617
Microgale fotsifotsy,127,465,0.645659265649796
Microgale fotsifotsy,3197,465,286.341822322497
Microgale fotsifotsy,230,514,1.74986507844645
Microgale fotsifotsy,267,514,0.184020454986751
Microgale fotsifotsy,268,514,7.4522462010057
Microgale fotsifotsy,296,514,2117.12149377689
Microgale fotsifotsy,3198,515,160.743761273695
Microgale fotsifotsy,3199,516,29.7890733494434
Microgale fotsifotsy,3206,517,126.741140468615
Microgale fotsifotsy,3170,476,31.2831288292344
Microgale fotsifotsy,1151,480,2.87876883525908
Microgale fotsifotsy,1153,480,0.899620833965421
Microgale fotsifotsy,1164,480,0.269868277515411
Microgale fotsifotsy,3193,480,45.3586244344001
Microgale fotsifotsy,3196,480,33.0953660841964
Microgale fotsifotsy,3186,482,30.8125924480652
Microgale fotsifotsy,3217,518,29.8980611396976
Microgale fotsifotsy,3192,486,42.668198616212
Microgale fotsifotsy,3194,487,17.9006258988328
Microgale fotsifotsy,3218,519,9.5401058957789
Microgale gracilis,11,4,16.7667195900965
Microgale gracilis,12,4,0.55270552377212
Microgale gracilis,103,13,0.181274117311835
Microgale gracilis,104,13,30.812592448057
Microgale gracilis,26,5,970.932087975971
Microgale gracilis,27,5,0.919496630983293
Microgale gracilis,1339,5,29.3755253240276
Microgale gracilis,1348,167,29.2933770460075
Microgale gracilis,14,6,45.5778428510176
Microgale gracilis,115,15,25.7426805189252
Microgale gracilis,62,138,3.19109242600882
Microgale gracilis,65,138,0.455658786108732
Microgale gracilis,66,138,204.795846514963
Microgale gracilis,67,138,0.27338321449542
Microgale gracilis,1343,174,31.5815648439663
Microgale gracilis,31,7,139.931184923653
Microgale gracilis,32,164,0.36605818149358
Microgale gracilis,33,164,0.366043563450277
Microgale gracilis,1342,164,33.866666256667
Microgale gracilis,1110,165,0.265972006813645
Microgale gracilis,1338,165,68.5173564614324
Microgale gracilis,1346,165,30.9497681570725
Microgale gracilis,1347,165,9.04229392747104
Microgale gracilis,1355,165,29.2747668395581
Microgale gracilis,1165,166,31.2831288292344
Microgale gracilis,117,170,90.898942940664
Microgale gracilis,1353,177,31.4232292775053
Microgale gracilis,1354,178,86.6345357060499
Microgale gracilis,127,171,2.8788579399693
Microgale gracilis,142,171,17.5407431045437
Microgale gracilis,125,175,2.24909224567187
Microgale gracilis,126,175,0.179934098074555
Microgale gracilis,128,175,2.87876883525908
Microgale gracilis,129,175,0.899620833965421
Microgale gracilis,135,175,0.269868277515411
Microgale gracilis,167,175,33.0953660841964
Microgale gracilis,1352,176,42.668198616212
Microgale gymnorhyncha,37,7,148.851761871343
Microgale gymnorhyncha,3284,176,29.4123165165247
Microgale gymnorhyncha,3295,183,27.2715936270408
Microgale gymnorhyncha,3299,184,31.1097970257471
Microgale gymnorhyncha,3300,184,29.6010280215162
Microgale gymnorhyncha,3305,186,58.7538227882982
Microgale gymnorhyncha,127,17,31.5815648439663
Microgale gymnorhyncha,287,26,42.668198616212
Microgale gymnorhyncha,126,178,67.2185045822866
Microgale gymnorhyncha,9,4,93.9047280764982
Microgale gymnorhyncha,92,6,800.561343379095
Microgale gymnorhyncha,3308,6,231.22199224815
Microgale gymnorhyncha,3325,191,98.8740933170386
Microgale gymnorhyncha,85,11,200.182892966535
Microgale gymnorhyncha,123,11,0.0918507397885919
Microgale gymnorhyncha,120,14,25.0733060417994
Microgale gymnorhyncha,138,19,0.181274117312074
Microgale gymnorhyncha,139,19,30.8125924480652
Microgale gymnorhyncha,3320,19,29.8980611396976
Microgale gymnorhyncha,204,20,104.68823217409
Microgale gymnorhyncha,3321,192,61.2124982058765
Microgale gymnorhyncha,302,23,0.179958904524803
Microgale gymnorhyncha,304,23,2.87876883525908
Microgale gymnorhyncha,305,23,0.899620833965421
Microgale gymnorhyncha,310,23,0.269868277515411
Microgale gymnorhyncha,3317,23,45.3586244344001
Microgale gymnorhyncha,3318,23,33.0953660841964
Microgale gymnorhyncha,3315,25,6.66036264205241
Microgale gymnorhyncha,303,28,2.8788579399693
Microgale gymnorhyncha,390,28,17.5407431045437
Microgale gymnorhyncha,3287,180,68.5173564614324
Microgale gymnorhyncha,3304,180,30.9497681570725
Microgale gymnorhyncha,3323,180,29.2747668395581
Microgale gymnorhyncha,3290,185,31.2831288292344
Microgale gymnorhyncha,2516,190,52.093110773009
Microgale gymnorhyncha,3322,193,29.7723925005818
Microgale longicaudata,36,6,0.185465875022769
Microgale longicaudata,40,6,6.49089737986124
Microgale longicaudata,113,23,9.25542923517871
Microgale longicaudata,114,23,1.48074673073441
Microgale longicaudata,1076,155,3.21620605602425
Microgale longicaudata,1345,197,0.275273431350887
Microgale longicaudata,1354,197,58.1799164910963
Microgale longicaudata,2052,279,3.82909888804424
Microgale longicaudata,2124,281,27.9623496702765
Microgale longicaudata,2125,281,0.273246820754766
Microgale longicaudata,44,8,17.8933026001818
Microgale longicaudata,51,8,0.092707307780385
Microgale longicaudata,84,14,0.18528219835794
Microgale longicaudata,85,14,27.8845320748951
Microgale longicaudata,1201,168,58.6780858784085
Microgale longicaudata,1590,237,91.8113589710392
Microgale longicaudata,7708,1246,24.4501852478648
Microgale longicaudata,23,1,0.278243954663038
Microgale longicaudata,37,1,120.65277734224
Microgale longicaudata,7716,1,56.8711675529918
Microgale longicaudata,60,11,0.0926675960290432
Microgale longicaudata,62,11,70.6947613926224
Microgale longicaudata,68,11,0.0926606114119291
Microgale longicaudata,73,11,0.092647612277329
Microgale longicaudata,78,11,0.0926436052985191
Microgale longicaudata,1407,209,8.71055469847293
Microgale longicaudata,7648,1253,0.604549703201652
Microgale longicaudata,7739,1253,19.9515621485544
Microgale longicaudata,6909,1155,0.0879156733248234
Microgale longicaudata,7724,1155,20.745550279323
Microgale longicaudata,7612,1109,2.33597082442725
Microgale longicaudata,7659,1109,57.1920356452231
Microgale longicaudata,7817,1259,27.2715936270408
Microgale longicaudata,7819,1261,29.4123165165247
Microgale longicaudata,7820,1262,29.3885406549345
Microgale longicaudata,7821,1263,20.6592519148787
Microgale longicaudata,7834,1275,31.1097970257471
Microgale longicaudata,7835,1275,29.6010280215162
Microgale longicaudata,7840,1277,58.7538227882982
Microgale longicaudata,7746,1267,29.6714715318073
Microgale longicaudata,7910,1313,31.5815648439663
Microgale longicaudata,326,58,162.374759556721
Microgale longicaudata,1020,133,0.183841973941922
Microgale longicaudata,1025,133,0.643432019171834
Microgale longicaudata,1051,133,0.275717098941743
Microgale longicaudata,1058,133,0.275709061498702
Microgale longicaudata,1062,133,0.45950859373796
Microgale longicaudata,1065,133,0.459497104688943
Microgale longicaudata,1080,133,1.10266377710587
Microgale longicaudata,1097,133,0.82694543447876
Microgale longicaudata,1137,133,0.367459639964402
Microgale longicaudata,1151,133,1.46972063059127
Microgale longicaudata,1236,133,431.329695352153
Microgale longicaudata,1921,268,82.2681733143022
Microgale longicaudata,7822,1316,30.9416330095756
Microgale longicaudata,3630,1215,2.87876883525908
Microgale longicaudata,3634,1215,0.899620833965421
Microgale longicaudata,3649,1215,0.269868277515411
Microgale longicaudata,7867,1215,45.3586244344001
Microgale longicaudata,7869,1215,33.0953660841964
Microgale longicaudata,875,1224,7.4522462010057
Microgale longicaudata,1013,1224,0.459616383671761
Microgale longicaudata,1026,1224,0.275752651619434
Microgale longicaudata,1071,1224,0.183794934333086
Microgale longicaudata,1074,1224,53.6769175645663
Microgale longicaudata,1077,1224,0.551364106284559
Microgale longicaudata,1091,1224,0.551319225259066
Microgale longicaudata,1100,1224,0.643170052254975
Microgale longicaudata,2218,1224,7485.88006089823
Microgale longicaudata,7717,1224,18.7867803754507
Microgale longicaudata,7922,1224,0.0916520090398192
Microgale longicaudata,7928,1224,0.0914189111073017
Microgale longicaudata,7929,1224,0.0914176766955852
Microgale longicaudata,7934,1224,0.0911576180326939
Microgale longicaudata,7935,1224,0.0911525039067268
Microgale longicaudata,7936,1224,0.0911512248494625
Microgale longicaudata,7937,1224,1.09378015375698
Microgale longicaudata,7911,1317,21.3177359530708
Microgale longicaudata,7912,1318,301.748748168552
Microgale longicaudata,7914,1318,0.645659265649796
Microgale longicaudata,7913,1319,176.981841014409
Microgale longicaudata,7915,1320,29.7890733494434
Microgale longicaudata,7921,1321,4.12545809786379
Microgale longicaudata,7931,1322,118.609435406321
Microgale longicaudata,7933,1323,21.3305931885877
Microgale longicaudata,7940,1324,5.10222163080132
Microgale longicaudata,7758,1270,674.611930876287
Microgale longicaudata,7953,1270,0.820644420907617
Microgale longicaudata,7722,1274,68.5173564614324
Microgale longicaudata,7839,1274,30.9497681570725
Microgale longicaudata,7952,1274,29.2747668395581
Microgale longicaudata,7805,1276,31.2831288292344
Microgale longicaudata,5926,1279,104.68823217409
Microgale longicaudata,7941,1325,82.1709647371291
Microgale longicaudata,7943,1325,96.0048449014599
Microgale longicaudata,7942,1326,61.2124982058765
Microgale longicaudata,7944,1327,29.7723925005818
Microgale longicaudata,7945,1328,29.3041924637888
Microgale longicaudata,7946,1329,52.093110773009
Microgale longicaudata,7947,1330,90.898942940664
Microgale longicaudata,7948,1331,29.7379084643369
Microgale longicaudata,7949,1332,9.5401058957789
Microgale longicaudata,7950,1333,17.9006258988328
Microgale longicaudata,7866,1286,42.668198616212
Microgale longicaudata,7854,1315,30.8125924480652
Microgale longicaudata,7962,1334,29.8980611396976
Microgale mergulus,1,1,14.644944037946
Microgale mergulus,5,1,29.7439079649678
Microgale mergulus,6,2,1.19697195979637
Microgale mergulus,8,1,55.3266365133158
Microgale mergulus,9,2,21.7270555164753
Microgale mergulus,10,2,27.3374724883334
Microgale mergulus,12,2,54.2037306260206
Microgale mergulus,15,2,0.18402045498687
Microgale mergulus,16,3,23.0015481763137
Microgale mergulus,17,2,23.2776854782939
Microgale mergulus,18,3,0.183992209264755
Microgale mergulus,19,4,181.783941232352
Microgale mergulus,20,4,0.919496630983651
Microgale mergulus,23,4,6.25186649493522
Microgale mergulus,61,7,0.54698275794816
Microgale mergulus,62,7,1.73194615611327
Microgale mergulus,64,7,8.02199676955569
Microgale mergulus,66,7,146.618630143226
Microgale mergulus,74,7,0.455487860305309
Microgale mergulus,948,72,0.265972006813645
Microgale mergulus,1410,72,9.04229392747104
Microgale mergulus,1274,59,31.1097970257471
Microgale mergulus,24,5,26.8593180791383
Microgale mergulus,26,5,244.359519544129
Microgale mergulus,28,5,0.36605818149358
Microgale mergulus,29,5,0.366043563450277
Microgale parvula,953,177,3.21620605602419
Microgale parvula,1466,269,25.8267574798982
Microgale parvula,1771,305,25.2943045511808
Microgale parvula,62,14,0.18528219835794
Microgale parvula,64,14,19.9177176424922
Microgale parvula,1101,202,58.6780858784085
Microgale parvula,1545,276,48.9674523691342
Microgale parvula,24,6,0.278243954663038
Microgale parvula,31,6,114.253922684136
Microgale parvula,7712,6,56.8711675529918
Microgale parvula,42,12,0.0926675960290432
Microgale parvula,44,12,43.267584741874
Microgale parvula,47,12,0.0926606114119291
Microgale parvula,51,12,0.092647612277329
Microgale parvula,56,12,0.0926436052985191
Microgale parvula,7674,1441,0.604549703201652
Microgale parvula,7737,1441,19.9515621485544
Microgale parvula,7656,1309,29.0782282981101
Microgale parvula,7820,1309,21.6261414673401
Microgale parvula,7675,1452,29.4123165165247
Microgale parvula,7818,1453,27.2715936270408
Microgale parvula,7821,1455,29.3885406549345
Microgale parvula,7822,1456,20.6592519148787
Microgale parvula,7839,1460,58.7538227882982
Microgale parvula,7832,1461,31.1097970257471
Microgale parvula,7833,1461,29.6010280215162
Microgale parvula,7747,1443,29.6714715318073
Microgale parvula,7909,1498,31.5815648439663
Microgale parvula,881,51,0.459616383671761
Microgale parvula,898,51,0.275752651619434
Microgale parvula,949,51,0.183794934333086
Microgale parvula,952,51,53.6769175645663
Microgale parvula,954,51,0.551364106284559
Microgale parvula,978,51,0.551319225259066
Microgale parvula,987,51,0.643170052254975
Microgale parvula,1438,51,30.8790083227612
Microgale parvula,2119,51,9047.0178091433
Microgale parvula,7921,51,8.71055469847293
Microgale parvula,7925,51,0.0916520090398192
Microgale parvula,7932,51,0.0914189111073017
Microgale parvula,7933,51,0.0914176766955852
Microgale parvula,7937,51,18.7867803754507
Microgale parvula,7938,51,83.0485691054942
Microgale parvula,7939,51,0.0911576180326939
Microgale parvula,7940,51,0.0911525039067268
Microgale parvula,7941,51,0.0911512248494625
Microgale parvula,7942,51,1.09378015375698
Microgale parvula,7910,1501,21.3177359530708
Microgale parvula,7911,1502,301.748748168552
Microgale parvula,7913,1502,0.645659265649796
Microgale parvula,7912,1503,176.981841014409
Microgale parvula,7914,1504,29.7890733494434
Microgale parvula,7920,1505,1325.43988707829
Microgale parvula,7923,1506,4.12545809786379
Microgale parvula,7924,1507,5.22484076185095
Microgale parvula,7934,1508,2.55931186735392
Microgale parvula,7935,1509,118.609435406321
Microgale parvula,7944,1510,2.55151549227834
Microgale parvula,7945,1511,5.10222163080132
Microgale parvula,7946,1512,175.981325838436
Microgale parvula,7947,1512,63.0206184295745
Microgale parvula,233,56,162.374759556721
Microgale parvula,890,146,0.183841973941922
Microgale parvula,895,146,0.643432019171834
Microgale parvula,924,146,0.275717098941743
Microgale parvula,932,146,0.275709061498702
Microgale parvula,939,146,0.45950859373796
Microgale parvula,945,146,0.459497104688943
Microgale parvula,961,146,1.10266377710587
Microgale parvula,985,146,0.82694543447876
Microgale parvula,1028,146,0.367459639964402
Microgale parvula,1045,146,1.46972063059127
Microgale parvula,1140,146,431.329695352153
Microgale parvula,6242,1359,0.265972006813645
Microgale parvula,7719,1359,68.5173564614324
Microgale parvula,7837,1359,30.9497681570725
Microgale parvula,7838,1359,9.04229392747104
Microgale parvula,7959,1359,29.2747668395581
Microgale parvula,3200,1413,2.87876883525908
Microgale parvula,3204,1413,0.899620833965421
Microgale parvula,3220,1413,0.269868277515411
Microgale parvula,7866,1413,45.3586244344001
Microgale parvula,7868,1413,33.0953660841964
Microgale parvula,7759,1446,674.611930876287
Microgale parvula,7960,1446,0.820644420907617
Microgale parvula,7806,1459,31.2831288292344
Microgale parvula,5969,1468,104.68823217409
Microgale parvula,7948,1513,82.1709647371291
Microgale parvula,7950,1513,96.0048449014599
Microgale parvula,7949,1514,61.2124982058765
Microgale parvula,7951,1515,29.7723925005818
Microgale parvula,7952,1516,29.3041924637888
Microgale parvula,7953,1517,52.093110773009
Microgale parvula,7954,1518,90.898942940664
Microgale parvula,7955,1519,29.7379084643369
Microgale parvula,7956,1520,9.5401058957789
Microgale parvula,7957,1521,17.9006258988328
Microgale parvula,7958,1522,2.8788579399693
Microgale parvula,7865,1475,42.668198616212
Microgale parvula,7853,1500,30.8125924480652
Microgale parvula,7962,1523,29.8980611396976
Microgale principula,283,34,26.264802006129
Microgale principula,394,46,65.6118628214778
Microgale principula,406,46,30.0029524530017
Microgale principula,1,1,56.8711675529918
Microgale principula,4910,607,29.4123165165247
Microgale principula,4996,687,27.2715936270408
Microgale principula,4998,689,29.3885406549345
Microgale principula,4999,690,20.6592519148787
Microgale principula,5014,694,58.7538227882982
Microgale principula,5007,696,31.1097970257471
Microgale principula,5008,696,29.6010280215162
Microgale principula,5081,730,31.5815648439663
Microgale principula,53,2,301.748748168552
Microgale principula,5084,2,0.645659265649796
Microgale principula,5082,733,21.3177359530708
Microgale principula,5083,734,72.4154606826265
Microgale principula,5085,735,29.7890733494434
Microgale principula,15,6,153.328784541025
Microgale principula,231,28,0.183841973941922
Microgale principula,234,28,0.643432019171834
Microgale principula,261,28,300.419278530905
Microgale principula,3791,636,0.265972006813645
Microgale principula,4938,636,68.5173564614324
Microgale principula,5012,636,30.9497681570725
Microgale principula,5013,636,9.04229392747104
Microgale principula,5126,636,29.2747668395581
Microgale principula,3471,677,104.68823217409
Microgale principula,5115,736,82.1709647371291
Microgale principula,5117,736,96.0048449014599
Microgale principula,5116,737,61.2124982058765
Microgale principula,5118,738,29.7723925005818
Microgale principula,5119,739,29.3041924637888
Microgale principula,5120,740,52.093110773009
Microgale principula,5121,741,90.898942940664
Microgale principula,5122,742,29.7379084643369
Microgale principula,5123,743,9.5401058957789
Microgale principula,5124,744,17.9006258988328
Microgale principula,4943,682,671.328450152916
Microgale principula,5127,682,0.820644420907617
Microgale principula,4984,693,31.2831288292344
Microgale principula,100,700,0.644736027105212
Microgale principula,108,700,0.184197436095715
Microgale principula,115,700,149.498138390691
Microgale principula,224,700,1.37887890252584
Microgale principula,398,700,0.0915047958439589
Microgale principula,428,700,0.0914152072402239
Microgale principula,794,700,8484.54718649352
Microgale principula,5094,700,8.71055469847293
Microgale principula,5097,700,0.0916520090398192
Microgale principula,5100,700,0.0914189111073017
Microgale principula,5101,700,0.0914176766955852
Microgale principula,5104,700,18.7867803754507
Microgale principula,5105,700,63.266993691306
Microgale principula,5106,700,0.0911576180326939
Microgale principula,5107,700,0.0911525039067268
Microgale principula,5108,700,0.0911512248494625
Microgale principula,5109,700,1.09378015375698
Microgale principula,324,745,3.30296723872179
Microgale principula,399,745,29.9186708281425
Microgale principula,4942,745,61.3675207380358
Microgale principula,5092,745,696.680646347448
Microgale principula,5098,745,117.719626153434
Microgale principula,5093,746,85.6458207477333
Microgale principula,5096,747,5.22484076185095
Microgale principula,5102,748,114.317768635725
Microgale principula,5112,749,5.10222163080132
Microgale principula,5113,750,175.981325838436
Microgale principula,5114,750,63.0206184295745
Microgale principula,1578,701,2.87876883525908
Microgale principula,1581,701,0.899620833965421
Microgale principula,1594,701,0.269868277515411
Microgale principula,5038,701,45.3586244344001
Microgale principula,5040,701,33.0953660841964
Microgale principula,5037,707,42.668198616212
Microgale principula,5025,732,30.8125924480652
Microgale principula,5129,751,29.8980611396976
Microgale pusilla,42,7,4.33443217345035
Microgale pusilla,71,427,4.05232580194104
Microgale pusilla,178,23,9.72594043661075
Microgale pusilla,190,27,3.76071252780813
Microgale pusilla,204,30,4.12545809786373
Microgale pusilla,271,40,4.57841928809458
Microgale pusilla,327,52,5.30132175810492
Microgale pusilla,376,60,0.0913494594435692
Microgale pusilla,378,60,2.74021568195117
Microgale pusilla,413,61,6.93958528381479
Microgale pusilla,445,67,3.19109242601037
Microgale pusilla,453,68,22.5162443939829
Microgale pusilla,288,43,12.080038946463
Microgale pusilla,135,14,87.8910586471495
Microgale pusilla,2258,411,2.33597082442725
Microgale pusilla,2262,411,57.1920356452231
Microgale pusilla,258,37,23.3596321897314
Microgale pusilla,278,41,24.8088509289
Microgale pusilla,168,493,18.9148983457057
Microgale pusilla,456,63,0.0911461065163612
Microgale pusilla,475,63,183.16808304375
Microgale pusilla,2359,495,48.1042026374495
Microgale pusilla,2269,490,29.4123165165247
Microgale pusilla,2377,498,27.2715936270408
Microgale pusilla,1997,337,31.1097970257471
Microgale pusilla,632,94,16.6994855698699
Microgale pusilla,41,3,0.645659265649796
Microgale pusilla,2394,3,270.478925393545
Microgale pusilla,181,509,0.275273431351006
Microgale pusilla,263,509,3820.84563111255
Microgale pusilla,2351,509,35.1975917651932
Microgale pusilla,2403,509,27.1051131523871
Microgale pusilla,2393,510,21.3177359530708
Microgale pusilla,2395,511,21.489267393872
Microgale pusilla,2397,511,57.6223956232286
Microgale pusilla,2396,512,29.7890733494434
Microgale pusilla,2404,513,5.22484076185095
Microgale pusilla,2407,514,107.164431412811
Microgale pusilla,25,4,139.118542231871
Microgale pusilla,301,29,0.0915047958439589
Microgale pusilla,303,29,634.06617360265
Microgale pusilla,369,29,0.0913569323072433
Microgale pusilla,419,29,382.918128240548
Microgale pusilla,2408,29,0.0916520090398192
Microgale pusilla,2409,515,23.8858533733646
Microgale pusilla,967,99,70.2851392007654
Microgale pusilla,2415,516,29.7723925005818
Microgale pusilla,2416,517,52.093110773009
Microgale pusilla,323,418,2.55931186735392
Microgale pusilla,2312,476,8.71055469847293
Microgale pusilla,424,491,164.067398906624
Microgale pusilla,2410,518,36.5609618234288
Microgale pusilla,2411,518,0.0911576180326939
Microgale pusilla,2412,518,0.0911525039067268
Microgale pusilla,2413,518,0.0911512248494625
Microgale pusilla,2414,518,1.09378015375698
Microgale pusilla,2358,494,107.629057024268
Microgale pusilla,2417,494,0.820644420907617
Microgale pusilla,2392,508,42.9295980906537
Microgale soricoides,5,2,87.9778748499611
Microgale soricoides,58,6,208.504129252945
Microgale soricoides,309,179,1.83736519481683
Microgale soricoides,312,179,0.367459639964044
Microgale soricoides,318,179,0.183724619395971
Microgale soricoides,319,179,0.275586929093957
Microgale soricoides,326,179,1.46972063059169
Microgale soricoides,327,179,0.275577679304183
Microgale soricoides,339,179,2.75561017110533
Microgale soricoides,340,179,0.275553377309084
Microgale soricoides,376,15,29.989829692627
Microgale soricoides,3435,119,20.7455502793176
Microgale soricoides,3436,119,0.0879156733250618
Microgale soricoides,381,17,28.18098531546
Microgale soricoides,3879,142,29.4123165165247
Microgale soricoides,3981,216,27.2715936270408
Microgale soricoides,3982,217,29.3885406549345
Microgale soricoides,3987,218,31.1097970257471
Microgale soricoides,3988,218,29.6010280215162
Microgale soricoides,3993,220,58.7538227882982
Microgale soricoides,401,207,96.6310734011702
Microgale soricoides,4001,207,28.6147883524203
Microgale soricoides,4002,207,26.6029137582988
Microgale soricoides,4004,245,31.5815648439663
Microgale soricoides,3950,210,29.6714715318073
Microgale soricoides,29,4,0.0921567930737734
Microgale soricoides,56,4,0.460479690076411
Microgale soricoides,57,4,0.276287814045846
Microgale soricoides,131,4,0.184020454986751
Microgale soricoides,260,4,1157.8939394181
Microgale soricoides,4023,4,191.286382284659
Microgale soricoides,4021,246,176.981841014409
Microgale soricoides,4022,247,26.6591388056037
Microgale soricoides,4024,248,139.025682688243
Microgale soricoides,241,9,274.892845586485
Microgale soricoides,341,9,0.551107912561119
Microgale soricoides,374,14,31.655493997052
Microgale soricoides,377,16,29.8841802741243
Microgale soricoides,379,16,233.299624505115
Microgale soricoides,4025,16,0.0916520090398192
Microgale soricoides,456,21,0.181274117312074
Microgale soricoides,458,21,30.8125924480652
Microgale soricoides,4026,21,29.8980611396976
Microgale soricoides,1197,24,104.68823217409
Microgale soricoides,4027,249,61.2124982058765
Microgale soricoides,4028,250,90.898942940664
Microgale soricoides,4029,251,29.7379084643369
Microgale soricoides,2894,33,55.9437887277658
Microgale soricoides,4030,252,29.7723925005818
Microgale soricoides,4031,253,52.093110773009
Microgale soricoides,3937,214,68.5173564614324
Microgale soricoides,3992,214,30.9497681570725
Microgale soricoides,4032,214,29.2747668395581
Microgale soricoides,3977,219,31.2831288292344
Microgale soricoides,4012,226,17.9006258988328
Microgale soricoides,4034,226,2.8788579399693
Microgale soricoides,4013,254,42.668198616212
Microgale soricoides,4033,255,9.5401058957789
Microgale soricoides,971,228,0.179958904524803
Microgale soricoides,981,228,2.87876883525908
Microgale soricoides,983,228,0.899620833965421
Microgale soricoides,995,228,0.269868277515411
Microgale soricoides,4019,228,45.3586244344001
Microgale soricoides,4020,228,33.0953660841964
Microgale taiva,10,2,152.498155501187
Microgale taiva,21,6,66.5158365371153
Microgale taiva,328,38,44.3538334620829
Microgale taiva,345,40,119.153241912551
Microgale taiva,382,43,29.3753021912349
Microgale taiva,541,50,0.821044563117743
Microgale taiva,543,50,17.8794211473069
Microgale taiva,618,53,27.7801576174242
Microgale taiva,619,53,0.273246820754766
Microgale taiva,3524,310,29.078228298108
Microgale taiva,3538,368,54.6539618968027
Microgale taiva,3526,307,29.4123165165247
Microgale taiva,3594,386,29.3885406549345
Microgale taiva,3605,388,58.7538227882982
Microgale taiva,3598,389,31.1097970257471
Microgale taiva,3599,389,29.6010280215162
Microgale taiva,3670,423,31.5815648439663
Microgale taiva,8,1,21.3177359530708
Microgale taiva,26,4,102.955502960292
Microgale taiva,3671,425,29.7890733494434
Microgale taiva,22,7,72.4154606826265
Microgale taiva,45,8,0.644736027105212
Microgale taiva,50,8,100.136196696797
Microgale taiva,111,8,0.184020454986751
Microgale taiva,225,8,0.459616383671761
Microgale taiva,235,8,0.275752651619434
Microgale taiva,262,8,0.183794934333086
Microgale taiva,263,8,53.6769175645663
Microgale taiva,265,8,0.551364106284559
Microgale taiva,270,8,0.551319225259066
Microgale taiva,276,8,0.643170052254975
Microgale taiva,407,8,0.275287525101304
Microgale taiva,663,8,6470.51705404438
Microgale taiva,3672,8,51.5657542864584
Microgale taiva,3673,8,0.0916520090398192
Microgale taiva,3675,8,0.0914189111073017
Microgale taiva,3676,8,0.0914176766955852
Microgale taiva,3677,426,89.2130131915314
Microgale taiva,3678,427,59.3564680753817
Microgale taiva,231,23,0.183841973941922
Microgale taiva,234,23,0.643432019171834
Microgale taiva,249,23,0.275717098941743
Microgale taiva,254,23,0.275709061498702
Microgale taiva,256,23,0.45950859373796
Microgale taiva,258,23,0.459497104688943
Microgale taiva,266,23,1.10266377710587
Microgale taiva,274,23,0.82694543447876
Microgale taiva,288,23,0.367459639964402
Microgale taiva,295,23,1.46972063059127
Microgale taiva,355,23,431.329695352153
Microgale taiva,968,56,2.87876883525908
Microgale taiva,970,56,0.899620833965421
Microgale taiva,977,56,0.269868277515411
Microgale taiva,3627,56,45.3586244344001
Microgale taiva,3629,56,33.0953660841964
Microgale taiva,3554,370,674.611930876287
Microgale taiva,3690,370,0.820644420907617
Microgale taiva,2528,372,0.265972006813645
Microgale taiva,3545,372,68.5173564614324
Microgale taiva,3603,372,30.9497681570725
Microgale taiva,3604,372,9.04229392747104
Microgale taiva,3689,372,29.2747668395581
Microgale taiva,3579,387,31.2831288292344
Microgale taiva,2331,393,104.68823217409
Microgale taiva,3679,428,61.2124982058765
Microgale taiva,3680,429,96.0048449014599
Microgale taiva,3681,430,29.7723925005818
Microgale taiva,3682,431,29.3041924637888
Microgale taiva,3683,432,52.093110773009
Microgale taiva,3684,433,90.898942940664
Microgale taiva,3685,434,29.7379084643369
Microgale taiva,3686,435,9.5401058957789
Microgale taiva,3687,436,17.9006258988328
Microgale taiva,3626,400,42.668198616212
Microgale taiva,3614,424,30.8125924480652
Microgale taiva,3692,437,29.8980611396976
Microgale thomasi,1,1,30.1491915678564
Microgale thomasi,12,5,110.223524784546
Microgale thomasi,66,17,238.609838839894
Microgale thomasi,90,145,0.919496630984008
Microgale thomasi,97,145,6.25186649493504
Microgale thomasi,143,25,29.3753021912422
Microgale thomasi,154,29,31.687516668329
Microgale thomasi,156,31,143.866076243113
Microgale thomasi,1240,149,29.4123165165247
Microgale thomasi,1302,161,28.18098531546
Microgale thomasi,1304,163,31.1097970257471
Microgale thomasi,1307,165,58.7538227882982
Microgale thomasi,70,19,22.0040242495188
Microgale thomasi,74,19,7.91582309376866
Microgale thomasi,301,34,185.732402123295
Microgale thomasi,1312,34,57.2295433790975
Microgale thomasi,1314,170,31.5815648439663
Microgale thomasi,84,21,0.184020454986751
Microgale thomasi,86,21,18.852509266389
Microgale thomasi,98,21,0.183868284008086
Microgale thomasi,140,21,911.575323512092
Microgale thomasi,144,21,1044.03693061775
Microgale thomasi,1279,21,29.782942725701
Microgale thomasi,1280,21,22.7922233838218
Microgale thomasi,1341,21,27.1051131523871
Microgale thomasi,145,26,29.9898296926182
Microgale thomasi,147,27,29.8981383788188
Microgale thomasi,149,27,29.700864302781
Microgale thomasi,1251,27,26.4066939801521
Microgale thomasi,321,39,0.181274117312074
Microgale thomasi,1319,39,30.8125924480652
Microgale thomasi,1352,39,29.8980611396976
Microgale thomasi,940,60,70.2851392007654
Microgale thomasi,1346,177,29.7723925005818
Microgale thomasi,1347,178,52.093110773009
Microgale thomasi,1255,159,68.5173564614324
Microgale thomasi,1306,159,30.9497681570725
Microgale thomasi,1348,159,29.2747668395581
Microgale thomasi,59,162,40.258745964456
Microgale thomasi,64,162,0.460479690076411
Microgale thomasi,65,162,0.276287814045846
Microgale thomasi,68,162,493.282797501962
Microgale thomasi,1278,179,93.9047280764982
Microgale thomasi,1335,179,57.6223956232286
Microgale thomasi,1349,180,21.3177359530708
Microgale thomasi,1350,181,73.9912359017538
Microgale thomasi,1351,182,29.7890733494434
Microgale thomasi,1296,164,31.2831288292344
Microgale thomasi,866,171,104.68823217409
Microgale thomasi,1343,183,61.2124982058765
Microgale thomasi,1344,184,90.898942940664
Microgale thomasi,1345,185,29.7379084643369
Microgale thomasi,1326,174,17.9006258988328
Microgale thomasi,1354,174,2.8788579399693
Microgale thomasi,1327,186,42.668198616212
Microgale thomasi,1353,187,9.5401058957789
Microgale thomasi,717,176,0.179958904524803
Microgale thomasi,728,176,2.87876883525908
Microgale thomasi,730,176,0.899620833965421
Microgale thomasi,738,176,0.269868277515411
Microgale thomasi,1333,176,45.3586244344001
Microgale thomasi,1334,176,33.0953660841964
Mirza coquereli,64,9,47.6098880191011
Mirza coquereli,65,9,0.551364106284201
Mirza coquereli,67,9,0.55131922525847
Mirza coquereli,71,9,0.643170052254975
Mirza coquereli,85,10,32.3214563358058
Mirza coquereli,410,50,67.1171045351946
Mirza coquereli,419,50,21.5378946383917
Mirza coquereli,303,35,108.01588872667
Mirza coquereli,420,35,44.3707966394124
Mirza coquereli,421,35,1.42253739552879
Mirza coquereli,177,54,2.59390059166038
Mirza coquereli,209,54,212.608943312553
Monticola sharpei,26507,58,68.4073900828867
Monticola sharpei,183,2,9.25542923517931
Monticola sharpei,190,2,1.48074673073447
Monticola sharpei,192,2,1.4806853566674
Monticola sharpei,193,2,0.277623898765862
Monticola sharpei,33328,2,1.38815019469839
Monticola sharpei,33329,2,0.185083622752368
Monticola sharpei,33180,103,44.4928427752329
Monticola sharpei,25,1,0.556644208811998
Monticola sharpei,29,1,0.371099061261237
Monticola sharpei,31,1,0.556625695955515
Monticola sharpei,35,1,0.185535398295045
Monticola sharpei,39,1,0.463806772104442
Monticola sharpei,41,1,0.278275269288719
Monticola sharpei,42,1,0.463781360735476
Monticola sharpei,48,1,0.278243954663038
Monticola sharpei,64,1,120.469913094509
Monticola sharpei,33302,1,0.64914825101471
Monticola sharpei,33432,1,56.8711675529918
Monticola sharpei,148,101,21.1261124531279
Monticola sharpei,162,101,0.555893682719886
Monticola sharpei,170,101,0.18528219835794
Monticola sharpei,173,101,25.0129907766499
Monticola sharpei,174,101,0.277912765102387
Monticola sharpei,28568,50,67.1171045351946
Monticola sharpei,33580,50,21.5378946383917
Monticola sharpei,33596,105,31.1097970257471
Monticola sharpei,33597,105,29.6010280215162
Monticola sharpei,33466,106,20.745550279323
Monticola sharpei,31456,102,2.33597082442725
Monticola sharpei,31461,102,0.17303808407855
Monticola sharpei,32052,102,0.777178853789449
Monticola sharpei,33406,102,0.604549703201652
Monticola sharpei,33431,102,57.1920356452231
Monticola sharpei,33482,102,19.9515621485544
Monticola sharpei,33566,102,27.2715936270408
Monticola sharpei,33568,102,29.4123165165247
Monticola sharpei,33569,102,29.3885406549345
Monticola sharpei,33570,102,20.6592519148787
Monticola sharpei,33488,115,29.6714715318073
Monticola sharpei,7813,80,0.181274117312074
Monticola sharpei,33619,80,30.8125924480652
Monticola sharpei,33726,80,29.8980611396976
Monticola sharpei,32104,83,0.172676625294447
Monticola sharpei,32587,83,4.74048544932437
Monticola sharpei,32677,83,2.32518582735467
Monticola sharpei,32851,83,2.32784321939826
Monticola sharpei,32878,83,2.33248018447077
Monticola sharpei,32880,83,19.3291786125763
Monticola sharpei,32881,83,3.79813210761917
Monticola sharpei,32885,83,1.98623648264658
Monticola sharpei,32886,83,3.19514019178605
Monticola sharpei,32889,83,5.95456626512015
Monticola sharpei,32891,83,155.106792179145
Monticola sharpei,32895,83,6.11881096036088
Monticola sharpei,32898,83,47.5161649497437
Monticola sharpei,32923,83,6.2814981163677
Monticola sharpei,32927,83,2.40852721046042
Monticola sharpei,32973,83,33.5865311296827
Monticola sharpei,33040,83,4.91579007415057
Monticola sharpei,33058,83,30.6558804598319
Monticola sharpei,33145,83,24.8640921597175
Monticola sharpei,33722,83,3.96024281801712
Monticola sharpei,543,97,162.374759556721
Monticola sharpei,1926,97,0.459616383671761
Monticola sharpei,1940,97,0.183841973941922
Monticola sharpei,1949,97,0.643432019171834
Monticola sharpei,1955,97,0.275752651619434
Monticola sharpei,1976,97,0.367655302864552
Monticola sharpei,1990,97,1.56243208603394
Monticola sharpei,1991,97,0.275729722221732
Monticola sharpei,2009,97,0.275717098941743
Monticola sharpei,2019,97,0.275709061498702
Monticola sharpei,2024,97,0.45950859373796
Monticola sharpei,2031,97,0.459497104688943
Monticola sharpei,2032,97,1.1946710927338
Monticola sharpei,2043,97,0.183794934333086
Monticola sharpei,2052,97,3.21620605602366
Monticola sharpei,2053,97,0.551364106284559
Monticola sharpei,2065,97,1.10266377710587
Monticola sharpei,2071,97,0.183781132994294
Monticola sharpei,2072,97,0.367564567481756
Monticola sharpei,2083,97,0.183777680330873
Monticola sharpei,2088,97,0.551319225259066
Monticola sharpei,2093,97,0.183773075227022
Monticola sharpei,2099,97,1.10259928914046
Monticola sharpei,2103,97,2.02137478975725
Monticola sharpei,2104,97,0.82694543447876
Monticola sharpei,2112,97,0.643170052254975
Monticola sharpei,2118,97,0.183763859939098
Monticola sharpei,2124,97,0.183761555058956
Monticola sharpei,2125,97,1.65382056523669
Monticola sharpei,2153,97,0.82682548099494
Monticola sharpei,2185,97,0.459349671094835
Monticola sharpei,2207,97,0.367459639964402
Monticola sharpei,2226,97,0.183724619395971
Monticola sharpei,2227,97,0.275586929093957
Monticola sharpei,2236,97,1.46972063059127
Monticola sharpei,2237,97,0.275577679304183
Monticola sharpei,2313,97,0.367363554798722
Monticola sharpei,2338,97,58.6780858784085
Monticola sharpei,2411,97,431.421548407617
Monticola sharpei,2438,97,0.27544305105114
Monticola sharpei,6455,97,9167.49023685536
Monticola sharpei,33351,97,53.6769175645663
Monticola sharpei,33352,97,0.643524707942307
Monticola sharpei,33500,97,674.702984277473
Monticola sharpei,33675,97,31.5815648439663
Monticola sharpei,33676,97,21.3177359530708
Monticola sharpei,33677,97,301.748748168552
Monticola sharpei,33678,97,176.981841014409
Monticola sharpei,33679,97,0.645659265649796
Monticola sharpei,33680,97,29.7890733494434
Monticola sharpei,33681,97,0.184350945953012
Monticola sharpei,33686,97,1279.72535506457
Monticola sharpei,33687,97,8.71055469847293
Monticola sharpei,33688,97,1.55853332586139
Monticola sharpei,33689,97,4.12545809786379
Monticola sharpei,33690,97,5.22484076185095
Monticola sharpei,33693,97,0.366478799301446
Monticola sharpei,33694,97,0.366016744080782
Monticola sharpei,33697,97,2.55931186735392
Monticola sharpei,33698,97,118.700718526081
Monticola sharpei,33699,97,1.09562847792852
Monticola sharpei,33700,97,18.7867803754507
Monticola sharpei,33701,97,83.0485691054942
Monticola sharpei,33705,97,1.09378015375698
Monticola sharpei,33706,97,0.820222737159133
Monticola sharpei,33707,97,2.55151549227834
Monticola sharpei,33708,97,5.10222163080132
Monticola sharpei,33709,97,176.345637707092
Monticola sharpei,33710,97,63.0206184295745
Monticola sharpei,33724,97,0.820644420907617
Monticola sharpei,33725,97,1.91443390526378
Monticola sharpei,13317,107,0.899620833965421
Monticola sharpei,13371,107,0.269868277515411
Monticola sharpei,33373,107,0.179958904524803
Monticola sharpei,33374,107,2.87876883525908
Monticola sharpei,33632,107,45.3586244344001
Monticola sharpei,33634,107,33.0953660841964
Monticola sharpei,20843,116,104.68823217409
Monticola sharpei,33712,116,61.2124982058765
Monticola sharpei,33631,117,42.668198616212
Monticola sharpei,33717,117,90.898942940664
Monticola sharpei,33719,117,9.5401058957789
Monticola sharpei,33720,117,17.9006258988328
Monticola sharpei,33721,117,2.8788579399693
Monticola sharpei,33711,118,82.1709647371291
Monticola sharpei,33713,118,96.0048449014599
Monticola sharpei,33714,118,29.7723925005818
Monticola sharpei,33715,118,29.3041924637888
Monticola sharpei,33716,118,52.093110773009
Monticola sharpei,33718,119,29.7379084643369
Monticola sharpei,22457,108,0.62064821295929
Monticola sharpei,22484,108,0.265972006813645
Monticola sharpei,22522,108,0.709200345668078
Monticola sharpei,22552,108,0.177290677110195
Monticola sharpei,33462,108,68.5173564614324
Monticola sharpei,33464,108,0.177275942426443
Monticola sharpei,33465,108,0.177274304782152
Monticola sharpei,33547,108,31.2831288292344
Monticola sharpei,33603,108,30.9497681570725
Monticola sharpei,33604,108,9.04229392747104
Monticola sharpei,33723,108,29.2747668395581
Monticola sharpei,33605,120,58.7538227882982
Motacilla flaviventris,552,33,529.363974139507
Motacilla flaviventris,966,61,141.448913149161
Motacilla flaviventris,5642,61,33.8977309492772
Motacilla flaviventris,5958,61,9.59557619184256
Motacilla flaviventris,4802,48,1.222328766487
Motacilla flaviventris,4826,48,0.78548229553175
Motacilla flaviventris,4830,48,0.349142822935104
Motacilla flaviventris,4832,48,3.40399949647689
Motacilla flaviventris,4856,48,0.349014999906421
Motacilla flaviventris,4863,48,0.872417612521768
Motacilla flaviventris,6181,48,1.83354163705051
Motacilla flaviventris,6380,48,1.39648135113215
Motacilla flaviventris,6381,48,0.349043827330232
Motacilla flaviventris,6382,48,0.349004186194897
Motacilla flaviventris,6383,48,0.698031801590324
Motacilla flaviventris,1171,80,134.519289075362
Motacilla flaviventris,6389,80,21.3848874257425
Motacilla flaviventris,6390,80,0.548379956253052
Motacilla flaviventris,6391,80,5.84865503920686
Motacilla flaviventris,6395,80,5.93885101003361
Motacilla flaviventris,6400,80,1.0961299353025
Motacilla flaviventris,6401,80,1.00465317232752
Motacilla flaviventris,6402,80,13.0572763182235
Mystacornis crossleyi,5245,8,29.4123165165247
Mystacornis crossleyi,5321,8,27.2715936270408
Mystacornis crossleyi,5322,8,29.3885406549345
Mystacornis crossleyi,5323,8,20.6592519148787
Mystacornis crossleyi,5328,10,31.1097970257471
Mystacornis crossleyi,5329,10,29.6010280215162
Mystacornis crossleyi,6,1,129.326680743723
Mystacornis crossleyi,28,1,0.645659265649796
Mystacornis crossleyi,72,1,1.74986507844645
Mystacornis crossleyi,73,1,93.4084023600072
Mystacornis crossleyi,130,1,0.643524707942307
Mystacornis crossleyi,131,1,2.11438066261506
Mystacornis crossleyi,136,1,0.459616383671761
Mystacornis crossleyi,141,1,0.643432019171834
Mystacornis crossleyi,142,1,0.275752651619434
Mystacornis crossleyi,147,1,0.367655302864552
Mystacornis crossleyi,149,1,1.56243208603394
Mystacornis crossleyi,150,1,0.275729722221732
Mystacornis crossleyi,151,1,0.275717098941743
Mystacornis crossleyi,153,1,0.275709061498702
Mystacornis crossleyi,154,1,0.45950859373796
Mystacornis crossleyi,155,1,0.275701020456016
Mystacornis crossleyi,156,1,0.459497104688943
Mystacornis crossleyi,157,1,1.1946710927338
Mystacornis crossleyi,162,1,1.47030313296092
Mystacornis crossleyi,185,1,303.544125452146
Mystacornis crossleyi,203,1,14.4181473408729
Mystacornis crossleyi,266,1,0.275296915365994
Mystacornis crossleyi,389,1,16.477473830791
Mystacornis crossleyi,398,1,6283.09617293128
Mystacornis crossleyi,399,1,0.45764086067903
Mystacornis crossleyi,456,1,765.114995922631
Mystacornis crossleyi,477,1,1.09562847792852
Mystacornis crossleyi,482,1,0.273849359069705
Mystacornis crossleyi,488,1,1.18614475155652
Mystacornis crossleyi,518,1,3.46533733650672
Mystacornis crossleyi,535,1,0.547095007017732
Mystacornis crossleyi,547,1,435.515793981193
Mystacornis crossleyi,579,1,0.273246820754766
Mystacornis crossleyi,622,1,611.544881528597
Mystacornis crossleyi,5265,1,233.118431852784
Mystacornis crossleyi,5266,1,82.4415910234876
Mystacornis crossleyi,5267,1,27.780157617427
Mystacornis crossleyi,5337,1,21.3177359530708
Mystacornis crossleyi,5345,1,31.5815648439663
Mystacornis crossleyi,5366,1,293.166981275394
Mystacornis crossleyi,5367,1,176.981841014409
Mystacornis crossleyi,5368,1,29.7890733494434
Mystacornis crossleyi,5374,1,942.461678272285
Mystacornis crossleyi,5375,1,8.71055469847293
Mystacornis crossleyi,5376,1,4.12545809786379
Mystacornis crossleyi,5377,1,2.56392490558344
Mystacornis crossleyi,5380,1,89.2130131915314
Mystacornis crossleyi,5381,1,0.273619373037457
Mystacornis crossleyi,5382,1,102.477791314042
Mystacornis crossleyi,5383,1,0.820644420907617
Mystacornis crossleyi,5384,1,1.91443390526378
Mystacornis crossleyi,1131,4,2.87876883525908
Mystacornis crossleyi,1133,4,0.899620833965421
Mystacornis crossleyi,1151,4,0.269868277515411
Mystacornis crossleyi,5363,4,45.3586244344001
Mystacornis crossleyi,5365,4,33.0953660841964
Mystacornis crossleyi,3551,14,104.68823217409
Mystacornis crossleyi,5385,14,61.2124982058765
Mystacornis crossleyi,5362,15,42.668198616212
Mystacornis crossleyi,5390,15,90.898942940664
Mystacornis crossleyi,5392,15,9.5401058957789
Mystacornis crossleyi,5393,15,17.9006258988328
Mystacornis crossleyi,5394,15,2.8788579399693
Mystacornis crossleyi,5386,16,96.0048449014599
Mystacornis crossleyi,5387,16,29.7723925005818
Mystacornis crossleyi,5388,16,29.3041924637888
Mystacornis crossleyi,5389,16,52.093110773009
Mystacornis crossleyi,5391,17,29.7379084643369
Mystacornis crossleyi,3887,11,0.62064821295929
Mystacornis crossleyi,3892,11,0.265972006813645
Mystacornis crossleyi,3902,11,0.709200345668078
Mystacornis crossleyi,5274,11,68.5173564614324
Mystacornis crossleyi,5308,11,31.2831288292344
Mystacornis crossleyi,5333,11,30.9497681570725
Mystacornis crossleyi,5334,11,9.04229392747104
Mystacornis crossleyi,5395,11,29.2747668395581
Mystacornis crossleyi,5335,18,58.7538227882982
Mystacornis crossleyi,5350,13,30.8125924480652
Mystacornis crossleyi,5396,13,29.8980611396976
Neodrepanis coruscans,95,2,57.7213654392217
Neodrepanis coruscans,4639,28,29.4123165165247
Neodrepanis coruscans,4695,28,27.2715936270408
Neodrepanis coruscans,4696,28,29.3885406549345
Neodrepanis coruscans,4697,28,20.6592519148787
Neodrepanis coruscans,4705,33,58.7538227882982
Neodrepanis coruscans,4700,30,31.1097970257471
Neodrepanis coruscans,4701,30,29.6010280215162
Neodrepanis coruscans,3,1,0.460479690076411
Neodrepanis coruscans,4,1,0.276287814045846
Neodrepanis coruscans,34,1,0.184020454986751
Neodrepanis coruscans,197,1,0.275296915365994
Neodrepanis coruscans,201,1,0.367061380223453
Neodrepanis coruscans,221,1,719.536536208015
Neodrepanis coruscans,268,1,0.733449546445847
Neodrepanis coruscans,276,1,0.0916758424601555
Neodrepanis coruscans,279,1,4058.70494460388
Neodrepanis coruscans,292,1,91.4907269726804
Neodrepanis coruscans,306,1,41.8330794416992
Neodrepanis coruscans,313,1,0.183021781830907
Neodrepanis coruscans,317,1,0.27451926506567
Neodrepanis coruscans,4650,1,185.019204770684
Neodrepanis coruscans,4662,1,183.128632923546
Neodrepanis coruscans,4726,1,0.64315160918951
Neodrepanis coruscans,4727,1,0.183740792083621
Neodrepanis coruscans,4728,1,382.745012221311
Neodrepanis coruscans,356,4,0.0913730974862576
Neodrepanis coruscans,362,4,0.0913569323072433
Neodrepanis coruscans,371,4,537.251368420095
Neodrepanis coruscans,373,4,1.64430895920241
Neodrepanis coruscans,376,4,0.09134945944345
Neodrepanis coruscans,377,4,7.67238536787998
Neodrepanis coruscans,378,4,0.0913482132290602
Neodrepanis coruscans,379,4,0.182695180032372
Neodrepanis coruscans,401,4,1.73528662736821
Neodrepanis coruscans,430,4,64.5596956529366
Neodrepanis coruscans,443,4,0.273849359069705
Neodrepanis coruscans,444,4,0.182563724762201
Neodrepanis coruscans,4729,4,0.0914189111073017
Neodrepanis coruscans,4730,4,0.0914176766955852
Neodrepanis coruscans,514,5,208.496851193148
Neodrepanis coruscans,4731,5,59.3564680753817
Neodrepanis coruscans,1291,7,90.898942940664
Neodrepanis coruscans,4725,7,42.668198616212
Neodrepanis coruscans,4732,42,61.2124982058765
Neodrepanis coruscans,4733,42,86.6345357060499
Neodrepanis coruscans,4734,43,29.7379084643369
Neodrepanis coruscans,4735,44,9.5401058957789
Neodrepanis coruscans,4736,44,17.9006258988328
Neodrepanis coruscans,4737,44,2.8788579399693
Neodrepanis coruscans,583,29,0.455462092835665
Neodrepanis coruscans,593,29,27.780157617427
Neodrepanis coruscans,594,29,0.273246820754766
Neodrepanis coruscans,595,29,0.728630221538186
Neodrepanis coruscans,608,29,230.756966312363
Neodrepanis coruscans,4651,29,27.8755226799484
Neodrepanis coruscans,4706,29,29.966575903603
Neodrepanis coruscans,4707,29,0.273213245428443
Neodrepanis coruscans,4708,29,7.28544954972791
Neodrepanis coruscans,3462,39,0.62064821295929
Neodrepanis coruscans,3463,39,0.265972006813645
Neodrepanis coruscans,3464,39,0.709200345668078
Neodrepanis coruscans,3466,39,0.177290677110195
Neodrepanis coruscans,4657,39,68.5173564614324
Neodrepanis coruscans,4659,39,0.177275942426443
Neodrepanis coruscans,4660,39,0.177274304782152
Neodrepanis coruscans,4683,39,31.2831288292344
Neodrepanis coruscans,4703,39,30.9497681570725
Neodrepanis coruscans,4704,39,9.04229392747104
Neodrepanis coruscans,4738,39,29.2747668395581
Neodrepanis coruscans,4716,41,29.8980611396976
Neomixis striatigula,10939,77,24.4501852478648
Neomixis striatigula,1,1,56.8711675529918
Neomixis striatigula,10949,80,29.4123165165247
Neomixis striatigula,11039,80,27.2715936270408
Neomixis striatigula,11041,80,29.3885406549345
Neomixis striatigula,11042,80,20.6592519148787
Neomixis striatigula,11049,86,31.1097970257471
Neomixis striatigula,11050,86,29.6010280215162
Neomixis striatigula,10968,96,29.6714715318073
Neomixis striatigula,66,3,152.498155501201
Neomixis striatigula,182,3,0.645659265649796
Neomixis striatigula,388,3,0.276354423903286
Neomixis striatigula,406,3,0.644736027105212
Neomixis striatigula,415,3,3.68393426544833
Neomixis striatigula,426,3,143.605007530361
Neomixis striatigula,449,3,1.19697195979685
Neomixis striatigula,627,3,0.643524707942307
Neomixis striatigula,645,3,0.459616383671761
Neomixis striatigula,649,3,0.183841973941922
Neomixis striatigula,652,3,0.643432019171834
Neomixis striatigula,654,3,0.275752651619434
Neomixis striatigula,660,3,0.367655302864552
Neomixis striatigula,664,3,1.56243208603394
Neomixis striatigula,665,3,0.275729722221732
Neomixis striatigula,666,3,0.275717098941743
Neomixis striatigula,670,3,0.275709061498702
Neomixis striatigula,672,3,0.45950859373796
Neomixis striatigula,673,3,0.459497104688943
Neomixis striatigula,674,3,1.1946710927338
Neomixis striatigula,679,3,0.183794934333086
Neomixis striatigula,681,3,48.3473901825136
Neomixis striatigula,682,3,3.21620605602366
Neomixis striatigula,683,3,0.551364106284559
Neomixis striatigula,691,3,1.10266377710587
Neomixis striatigula,692,3,0.183781132994294
Neomixis striatigula,693,3,0.367564567481756
Neomixis striatigula,698,3,0.183777680330873
Neomixis striatigula,700,3,0.183773075227022
Neomixis striatigula,704,3,1.10259928914046
Neomixis striatigula,706,3,2.02137478975725
Neomixis striatigula,707,3,0.82694543447876
Neomixis striatigula,710,3,0.183761555058956
Neomixis striatigula,711,3,1.65382056523669
Neomixis striatigula,721,3,0.82682548099494
Neomixis striatigula,725,3,0.459349671094835
Neomixis striatigula,731,3,0.367459639964402
Neomixis striatigula,735,3,0.183724619395971
Neomixis striatigula,736,3,0.275586929093957
Neomixis striatigula,742,3,1.46972063059127
Neomixis striatigula,743,3,0.275577679304183
Neomixis striatigula,750,3,2.11261448298252
Neomixis striatigula,770,3,0.367363554798722
Neomixis striatigula,776,3,44.2620059255933
Neomixis striatigula,796,3,377.400629285582
Neomixis striatigula,1084,3,42.8754923244574
Neomixis striatigula,1097,3,2.56392490558344
Neomixis striatigula,1342,3,18.7867803754507
Neomixis striatigula,1424,3,0.820222737159133
Neomixis striatigula,1430,3,2.55151549227834
Neomixis striatigula,1439,3,0.4555984689219
Neomixis striatigula,1467,3,18.3080449645871
Neomixis striatigula,1593,3,8701.27766861102
Neomixis striatigula,10951,3,203.108265994202
Neomixis striatigula,10952,3,55.8268304873168
Neomixis striatigula,10980,3,61.3675207380358
Neomixis striatigula,10981,3,674.611930876287
Neomixis striatigula,11127,3,31.5815648439663
Neomixis striatigula,11128,3,21.3177359530708
Neomixis striatigula,11129,3,301.748748168552
Neomixis striatigula,11130,3,176.981841014409
Neomixis striatigula,11131,3,29.7890733494434
Neomixis striatigula,11132,3,0.184350945953012
Neomixis striatigula,11137,3,460.474686216531
Neomixis striatigula,11138,3,8.71055469847293
Neomixis striatigula,11139,3,4.12545809786379
Neomixis striatigula,11141,3,0.366016744080782
Neomixis striatigula,11144,3,114.317768635725
Neomixis striatigula,11145,3,1.09562847792852
Neomixis striatigula,11149,3,1.09378015375698
Neomixis striatigula,11162,3,0.820644420907617
Neomixis striatigula,11163,3,1.91443390526378
Neomixis striatigula,1714,70,0.181274117312074
Neomixis striatigula,11071,70,30.8125924480652
Neomixis striatigula,11164,70,29.8980611396976
Neomixis striatigula,2613,87,0.179958904524803
Neomixis striatigula,2670,87,2.87876883525908
Neomixis striatigula,2675,87,0.899620833965421
Neomixis striatigula,2707,87,0.269868277515411
Neomixis striatigula,11084,87,45.3586244344001
Neomixis striatigula,11086,87,33.0953660841964
Neomixis striatigula,7393,97,104.68823217409
Neomixis striatigula,11151,97,61.2124982058765
Neomixis striatigula,11083,98,42.668198616212
Neomixis striatigula,11156,98,90.898942940664
Neomixis striatigula,11150,99,82.1709647371291
Neomixis striatigula,11152,99,96.0048449014599
Neomixis striatigula,11153,99,29.7723925005818
Neomixis striatigula,11154,99,29.3041924637888
Neomixis striatigula,11155,100,52.093110773009
Neomixis striatigula,11157,101,29.7379084643369
Neomixis striatigula,11158,102,9.5401058957789
Neomixis striatigula,11159,102,17.9006258988328
Neomixis striatigula,11160,102,2.8788579399693
Neomixis striatigula,8079,89,0.62064821295929
Neomixis striatigula,8092,89,0.265972006813645
Neomixis striatigula,8109,89,0.709200345668078
Neomixis striatigula,8124,89,0.177290677110195
Neomixis striatigula,10958,89,68.5173564614324
Neomixis striatigula,10960,89,0.177275942426443
Neomixis striatigula,10961,89,0.177274304782152
Neomixis striatigula,11020,89,31.2831288292344
Neomixis striatigula,11054,89,30.9497681570725
Neomixis striatigula,11055,89,9.04229392747104
Neomixis striatigula,11161,89,29.2747668395581
Neomixis striatigula,11056,103,58.7538227882982
Neomixis tenella,41411,240,1.46591125852823
Neomixis tenella,41547,240,6.11881096036088
Neomixis tenella,41553,240,4.74048544932437
Neomixis tenella,41769,240,2.32784321939826
Neomixis tenella,41848,240,2.67033417153263
Neomixis tenella,41904,240,2.58753339945781
Neomixis tenella,41679,241,4.47563877666271
Neomixis tenella,41849,241,0.0860825933561325
Neomixis tenella,41855,241,6.2814981163677
Neomixis tenella,42006,291,23.4016424003148
Neomixis tenella,42093,258,44.4928427752329
Neomixis tenella,637,244,0.370271373195112
Neomixis tenella,639,244,0.46283412528491
Neomixis tenella,643,244,0.092566825099647
Neomixis tenella,645,244,43.0377824654047
Neomixis tenella,646,244,0.185130594589651
Neomixis tenella,668,244,1.48074673073447
Neomixis tenella,671,244,1.66577102635723
Neomixis tenella,676,244,0.277623898765862
Neomixis tenella,679,244,0.277610584835649
Neomixis tenella,682,244,0.0925361785190105
Neomixis tenella,42192,244,1.38815019469839
Neomixis tenella,42193,244,0.185083622752368
Neomixis tenella,34642,276,1.32332957615304
Neomixis tenella,42080,276,35.7097522353583
Neomixis tenella,7077,235,91.902892975114
Neomixis tenella,41766,247,2.65468091426003
Neomixis tenella,41943,247,2.38971397089434
Neomixis tenella,281,277,0.0927211263144016
Neomixis tenella,285,277,0.463597745713949
Neomixis tenella,300,277,0.092707307780385
Neomixis tenella,394,277,43.2965526209118
Neomixis tenella,138,92,0.556644208811998
Neomixis tenella,154,92,0.371099061261237
Neomixis tenella,159,92,0.556625695955515
Neomixis tenella,180,92,0.185535398295045
Neomixis tenella,194,92,0.463806772104442
Neomixis tenella,205,92,0.278275269288719
Neomixis tenella,208,92,0.463781360735476
Neomixis tenella,226,92,0.278243954663038
Neomixis tenella,259,92,120.469913094509
Neomixis tenella,42162,92,0.64914825101471
Neomixis tenella,42424,92,56.8711675529918
Neomixis tenella,42139,293,13.3829553466897
Neomixis tenella,42312,293,6.06907414019704
Neomixis tenella,42313,293,2.02272765648758
Neomixis tenella,417,280,48.645949715288
Neomixis tenella,425,280,0.0926675960290432
Neomixis tenella,456,280,0.0926606114119291
Neomixis tenella,470,289,0.555893682719886
Neomixis tenella,498,289,0.18528219835794
Neomixis tenella,504,289,27.8845320748951
Neomixis tenella,505,289,0.277912765102387
Neomixis tenella,6229,115,0.1832213955158
Neomixis tenella,6290,115,0.824397110989213
Neomixis tenella,6341,115,0.0915968715015054
Neomixis tenella,6402,115,1.00747888364965
Neomixis tenella,6445,115,1.37373982893509
Neomixis tenella,6494,115,0.0915800018125772
Neomixis tenella,6507,115,0.183153969973981
Neomixis tenella,6516,115,0.0915763814951181
Neomixis tenella,6522,115,0.641021390268981
Neomixis tenella,6523,115,1.64832053344005
Neomixis tenella,6541,115,16.6641723861465
Neomixis tenella,6573,115,0.366266871892929
Neomixis tenella,6596,115,0.0915643000477552
Neomixis tenella,6647,115,0.366216056347668
Neomixis tenella,6648,115,0.0915558304731846
Neomixis tenella,6670,115,0.1831019721452
Neomixis tenella,6707,115,0.366182128234029
Neomixis tenella,6708,115,0.183092276589036
Neomixis tenella,6719,115,0.45771856548512
Neomixis tenella,6745,115,0.0915412871391177
Neomixis tenella,42486,115,0.0915497744445801
Neomixis tenella,40988,275,2.33597082442725
Neomixis tenella,40990,275,0.17303808407855
Neomixis tenella,41593,275,57.1920356452231
Neomixis tenella,16399,207,0.632951986920595
Neomixis tenella,16443,207,0.0904187257698774
Neomixis tenella,42542,207,18.8080490493349
Neomixis tenella,7089,221,16.3740665150728
Neomixis tenella,7347,221,2.19464777098519
Neomixis tenella,7389,221,12.8945503097155
Neomixis tenella,39286,248,485.899592763263
Neomixis tenella,42081,248,2.02803748513615
Neomixis tenella,42082,248,2.11576712074006
Neomixis tenella,42294,248,9.25706128804016
Neomixis tenella,42297,248,4.31856011909783
Neomixis tenella,42534,248,17.5870851484922
Neomixis tenella,42535,248,2.0322578738991
Neomixis tenella,42306,267,67.1171045351946
Neomixis tenella,42581,267,21.5378946383917
Neomixis tenella,42524,306,58.7538227882982
Neomixis tenella,41166,295,0.777178853789449
Neomixis tenella,42351,295,0.604549703201652
Neomixis tenella,42476,295,19.9515621485544
Neomixis tenella,42537,295,27.2715936270408
Neomixis tenella,42539,295,29.4123165165247
Neomixis tenella,42540,295,29.3885406549345
Neomixis tenella,42541,295,20.6592519148787
Neomixis tenella,36097,300,0.0879156733248234
Neomixis tenella,42461,300,20.745550279323
Neomixis tenella,42569,307,31.1097970257471
Neomixis tenella,42570,307,29.6010280215162
Neomixis tenella,15527,211,0.0905584602526426
Neomixis tenella,15615,211,0.0905447203234434
Neomixis tenella,15820,211,38.2051651932326
Neomixis tenella,15842,211,0.0905061372196674
Neomixis tenella,15868,211,3.07696966736531
Neomixis tenella,15873,211,0.723997986285687
Neomixis tenella,15927,211,0.361958205401778
Neomixis tenella,42365,211,0.452763459862113
Neomixis tenella,23939,303,49.6171625010395
Neomixis tenella,42259,303,4.58233058484114
Neomixis tenella,42616,322,34.6422357639037
Neomixis tenella,42578,319,43.0398890354031
Neomixis tenella,8041,14,0.274079509045959
Neomixis tenella,8328,14,72.0906228077071
Neomixis tenella,42488,14,0.456764738324285
Neomixis tenella,7879,16,2.64969806134295
Neomixis tenella,7935,16,0.274089461484313
Neomixis tenella,7936,16,0.0913643975844383
Neomixis tenella,7947,16,0.0913631538983583
Neomixis tenella,8123,16,9.13393565077972
Neomixis tenella,8664,16,0.0912806047912836
Neomixis tenella,8921,16,0.0912427791887522
Neomixis tenella,8927,16,2.00722734047949
Neomixis tenella,8935,16,0.0912402507442236
Neomixis tenella,8951,16,0.364942030490041
Neomixis tenella,8960,16,0.456175956650972
Neomixis tenella,9191,16,360.672631151395
Neomixis tenella,42034,16,4.56775692645061
Neomixis tenella,42035,16,0.09134945944345
Neomixis tenella,42490,16,7.58289645383679
Neomixis tenella,42695,16,0.0913482132290602
Neomixis tenella,42696,16,277.288596121924
Neomixis tenella,42697,16,0.0912705364927053
Neomixis tenella,42698,16,0.365072069038987
Neomixis tenella,42699,16,0.821376871704459
Neomixis tenella,42700,16,0.0912654972896576
Neomixis tenella,42701,16,0.091264236962676
Neomixis tenella,42702,16,0.0912629764248133
Neomixis tenella,42703,16,0.0912617156766653
Neomixis tenella,42704,16,0.0912617156766653
Neomixis tenella,40487,75,26.4242695769378
Neomixis tenella,1251,135,162.374759556721
Neomixis tenella,3208,135,0.459616383671761
Neomixis tenella,3237,135,0.183841973941922
Neomixis tenella,3247,135,0.643432019171834
Neomixis tenella,3254,135,0.275752651619434
Neomixis tenella,3282,135,0.367655302864552
Neomixis tenella,3304,135,1.56243208603394
Neomixis tenella,3305,135,0.275729722221732
Neomixis tenella,3328,135,0.275717098941743
Neomixis tenella,3347,135,0.275709061498702
Neomixis tenella,3357,135,0.45950859373796
Neomixis tenella,3375,135,0.459497104688943
Neomixis tenella,3376,135,1.1946710927338
Neomixis tenella,3398,135,0.183794934333086
Neomixis tenella,3414,135,3.21620605602366
Neomixis tenella,3415,135,0.551364106284559
Neomixis tenella,3430,135,1.10266377710587
Neomixis tenella,3447,135,0.183781132994294
Neomixis tenella,3448,135,0.367564567481756
Neomixis tenella,3469,135,0.183777680330873
Neomixis tenella,3480,135,0.551319225259066
Neomixis tenella,3487,135,0.183773075227022
Neomixis tenella,3495,135,1.10259928914046
Neomixis tenella,3503,135,2.02137478975725
Neomixis tenella,3504,135,0.82694543447876
Neomixis tenella,3516,135,0.643170052254975
Neomixis tenella,3529,135,0.183763859939098
Neomixis tenella,3543,135,0.183761555058956
Neomixis tenella,3544,135,1.65382056523669
Neomixis tenella,3594,135,0.82682548099494
Neomixis tenella,3644,135,0.459349671094835
Neomixis tenella,3691,135,0.367459639964402
Neomixis tenella,3727,135,0.183724619395971
Neomixis tenella,3728,135,0.275586929093957
Neomixis tenella,3749,135,1.46972063059127
Neomixis tenella,3750,135,0.275577679304183
Neomixis tenella,3964,135,0.367363554798722
Neomixis tenella,4018,135,58.6780858784085
Neomixis tenella,4218,135,431.421548407617
Neomixis tenella,4286,135,0.27544305105114
Neomixis tenella,7198,135,0.0914730164475441
Neomixis tenella,7245,135,0.0914632094820142
Neomixis tenella,7379,135,1.37162994920248
Neomixis tenella,12780,135,9090.20731749401
Neomixis tenella,42241,135,53.6769175645663
Neomixis tenella,42242,135,0.643524707942307
Neomixis tenella,42446,135,125.006086459096
Neomixis tenella,42495,135,674.702984277473
Neomixis tenella,42694,135,31.5815648439663
Neomixis tenella,42705,135,21.3177359530708
Neomixis tenella,42706,135,301.748748168552
Neomixis tenella,42707,135,176.981841014409
Neomixis tenella,42708,135,0.645659265649796
Neomixis tenella,42709,135,29.7890733494434
Neomixis tenella,42710,135,0.184350945953012
Neomixis tenella,42711,135,0.0921754729765058
Neomixis tenella,42712,135,0.0921743758563399
Neomixis tenella,42713,135,0.0921743758563399
Neomixis tenella,42714,135,0.0921732785239816
Neomixis tenella,42715,135,870.79422771614
Neomixis tenella,42716,135,8.71055469847293
Neomixis tenella,42717,135,1.55853332586139
Neomixis tenella,42718,135,4.12545809786379
Neomixis tenella,42719,135,5.22484076185095
Neomixis tenella,42720,135,0.0916520090398192
Neomixis tenella,42721,135,0.0916232973890305
Neomixis tenella,42722,135,0.366478799301446
Neomixis tenella,42723,135,0.366016744080782
Neomixis tenella,42724,135,0.0914189111073017
Neomixis tenella,42725,135,0.0914176766955852
Neomixis tenella,42726,135,2.55931186735392
Neomixis tenella,42727,135,118.700718526081
Neomixis tenella,42728,135,1.09562847792852
Neomixis tenella,42729,135,18.7867803754507
Neomixis tenella,42730,135,83.0485691054942
Neomixis tenella,42731,135,0.0911576180326939
Neomixis tenella,42732,135,0.0911525039067268
Neomixis tenella,42733,135,0.0911512248494625
Neomixis tenella,42734,135,1.09378015375698
Neomixis tenella,42735,135,0.820222737159133
Neomixis tenella,42736,135,2.55151549227834
Neomixis tenella,42737,135,5.10222163080132
Neomixis tenella,42738,135,176.345637707092
Neomixis tenella,42739,135,63.0206184295745
Neomixis tenella,42766,135,0.820644420907617
Neomixis tenella,42767,135,1.91443390526378
Neomixis tenella,14867,227,0.181274117312074
Neomixis tenella,42629,227,30.8125924480652
Neomixis tenella,42772,227,29.8980611396976
Neomixis tenella,37660,265,16.1215402504426
Neomixis tenella,38771,265,5.24620992285609
Neomixis tenella,41753,265,0.34985461304009
Neomixis tenella,41754,265,0.524716098462582
Neomixis tenella,41956,265,105.176657191614
Neomixis tenella,42144,265,29.6282884787538
Neomixis tenella,42304,265,3.50522293895912
Neomixis tenella,42416,265,7.18396295269907
Neomixis tenella,42422,265,58.9907033186617
Neomixis tenella,42692,265,23.0620316261819
Neomixis tenella,39274,266,4.62691263784421
Neomixis tenella,39563,266,42.7285134450839
Neomixis tenella,39669,266,0.174401901460528
Neomixis tenella,39694,266,0.26157843693769
Neomixis tenella,39895,266,0.348577397500515
Neomixis tenella,39927,266,32.6707057004447
Neomixis tenella,40015,266,49.5177099776991
Neomixis tenella,40137,266,0.0870729775420427
Neomixis tenella,40152,266,0.174136841907024
Neomixis tenella,40163,266,0.0870656864322424
Neomixis tenella,40172,266,0.261180647714496
Neomixis tenella,41899,266,5.41451004895472
Neomixis tenella,41901,266,2.35741760163295
Neomixis tenella,41966,266,17.5386823479745
Neomixis tenella,42302,266,1.1328760877285
Neomixis tenella,42752,266,26.865191159266
Neomixis tenella,42753,266,1.31051529534316
Neomixis tenella,42754,266,1.57236309118533
Neomixis tenella,42755,266,0.0873207385299206
Neomixis tenella,42756,266,0.0873189438618422
Neomixis tenella,42757,266,0.261955036714673
Neomixis tenella,42758,266,0.0873171489909887
Neomixis tenella,42759,266,0.349265005815983
Neomixis tenella,42760,266,0.0873153539170027
Neomixis tenella,42761,266,0.0873153539170027
Neomixis tenella,42762,266,0.174623526317835
Neomixis tenella,42763,266,0.261931698109269
Neomixis tenella,31846,287,0.62064821295929
Neomixis tenella,31895,287,0.265972006813645
Neomixis tenella,31939,287,0.709200345668078
Neomixis tenella,31991,287,0.177290677110195
Neomixis tenella,42455,287,68.5173564614324
Neomixis tenella,42456,287,29.2747668395581
Neomixis tenella,42458,287,9.04229392747104
Neomixis tenella,42459,287,0.177275942426443
Neomixis tenella,42460,287,0.177274304782152
Neomixis tenella,41937,288,108.01588872667
Neomixis tenella,42764,288,44.3707966394124
Neomixis tenella,42765,288,1.42253739552879
Neomixis tenella,42543,304,69.4793727685246
Neomixis tenella,24739,308,57.9536162531203
Neomixis tenella,24996,308,3.31343096531284
Neomixis tenella,25221,308,2.32767118464887
Neomixis tenella,26101,308,1.78860352420843
Neomixis tenella,26520,308,89.7882265229816
Neomixis tenella,26966,308,0.714404974963069
Neomixis tenella,27014,308,0.535747839347363
Neomixis tenella,27036,308,0.178579506715536
Neomixis tenella,27054,308,0.178571738508701
Neomixis tenella,27072,308,0.446413028153181
Neomixis tenella,27152,308,1.87495118889773
Neomixis tenella,27231,308,489.364914626243
Neomixis tenella,42160,308,3.75955498126948
Neomixis tenella,42263,308,57.985276672695
Neomixis tenella,42385,308,7.14406051427555
Neomixis tenella,42579,308,17.1081231937796
Neomixis tenella,24610,309,39.0716951757742
Neomixis tenella,42740,309,14.6364940401641
Neomixis tenella,20956,310,0.899620833965421
Neomixis tenella,21043,310,0.269868277515411
Neomixis tenella,42284,310,0.179958904524803
Neomixis tenella,42285,310,2.87876883525908
Neomixis tenella,42642,310,45.3586244344001
Neomixis tenella,42645,310,33.0953660841964
Neomixis tenella,29643,324,96.0048449014599
Neomixis tenella,42741,324,82.1709647371291
Neomixis tenella,42744,324,29.7723925005818
Neomixis tenella,42745,324,29.3041924637888
Neomixis tenella,42641,325,14.8551856853535
Neomixis tenella,42747,325,90.898942940664
Neomixis tenella,42742,326,61.2124982058765
Neomixis tenella,42743,326,86.6345357060499
Neomixis tenella,42746,327,52.093110773009
Neomixis tenella,42748,328,29.7379084643369
Neomixis tenella,42749,329,9.5401058957789
Neomixis tenella,42750,329,17.9006258988328
Neomixis tenella,42751,329,2.8788579399693
Neomixis tenella,21251,323,0.0899370735926628
Neomixis tenella,21375,323,0.0899238860032559
Neomixis tenella,21392,323,0.449603298738718
Neomixis tenella,21393,323,0.359686745625973
Neomixis tenella,21429,323,0.0899194863938093
Neomixis tenella,21631,323,36.3318798597312
Neomixis tenella,42613,323,6.47518067735767
Neomixis tenella,42770,323,0.0899312145226002
Neomixis tenella,42771,323,0.449634089967012
Neomixis tenella,42607,330,16.7397400424525
Neomixis tenella,42768,330,0.0899925686674118
Neomixis tenella,42769,330,6.02879668256032
Neomixis viridis,8350,79,58.7538227882982
Neomixis viridis,8258,70,29.4123165165247
Neomixis viridis,8336,70,27.2715936270408
Neomixis viridis,8338,70,29.3885406549345
Neomixis viridis,8339,70,20.6592519148787
Neomixis viridis,8343,78,31.1097970257471
Neomixis viridis,8344,78,29.6010280215162
Neomixis viridis,7,1,133.479742109382
Neomixis viridis,53,1,0.645659265649796
Neomixis viridis,163,1,1.74986507844645
Neomixis viridis,164,1,93.4084023600072
Neomixis viridis,317,1,0.643524707942307
Neomixis viridis,333,1,0.459616383671761
Neomixis viridis,337,1,0.183841973941922
Neomixis viridis,340,1,0.643432019171834
Neomixis viridis,341,1,0.275752651619434
Neomixis viridis,348,1,0.367655302864552
Neomixis viridis,351,1,1.56243208603394
Neomixis viridis,352,1,0.275729722221732
Neomixis viridis,353,1,0.275717098941743
Neomixis viridis,359,1,0.275709061498702
Neomixis viridis,361,1,0.45950859373796
Neomixis viridis,362,1,0.459497104688943
Neomixis viridis,363,1,1.1946710927338
Neomixis viridis,368,1,0.183794934333086
Neomixis viridis,370,1,53.6769175645663
Neomixis viridis,371,1,3.21620605602366
Neomixis viridis,372,1,0.551364106284559
Neomixis viridis,379,1,1.10266377710587
Neomixis viridis,380,1,0.183781132994294
Neomixis viridis,381,1,0.367564567481756
Neomixis viridis,387,1,0.183777680330873
Neomixis viridis,391,1,0.551319225259066
Neomixis viridis,393,1,0.183773075227022
Neomixis viridis,397,1,1.10259928914046
Neomixis viridis,399,1,2.02137478975725
Neomixis viridis,400,1,0.82694543447876
Neomixis viridis,402,1,0.643170052254975
Neomixis viridis,403,1,0.183763859939098
Neomixis viridis,405,1,0.183761555058956
Neomixis viridis,406,1,1.65382056523669
Neomixis viridis,429,1,0.82682548099494
Neomixis viridis,432,1,0.459349671094835
Neomixis viridis,439,1,0.367459639964402
Neomixis viridis,446,1,0.183724619395971
Neomixis viridis,447,1,0.275586929093957
Neomixis viridis,452,1,1.46972063059127
Neomixis viridis,453,1,0.275577679304183
Neomixis viridis,486,1,0.367363554798722
Neomixis viridis,496,1,44.2620059255933
Neomixis viridis,523,1,410.20258912704
Neomixis viridis,637,1,0.275296915365994
Neomixis viridis,763,1,0.733449546445847
Neomixis viridis,820,1,19.515860134726
Neomixis viridis,852,1,0.45764086067903
Neomixis viridis,1031,1,0.273849359069705
Neomixis viridis,1033,1,0.182563724762201
Neomixis viridis,1038,1,1.18614475155652
Neomixis viridis,1082,1,3.46533733650672
Neomixis viridis,1103,1,0.547095007017732
Neomixis viridis,1251,1,8248.55930385862
Neomixis viridis,8259,1,155.009038912102
Neomixis viridis,8353,1,21.3177359530708
Neomixis viridis,8422,1,301.472100416912
Neomixis viridis,8423,1,176.981841014409
Neomixis viridis,8424,1,29.7890733494434
Neomixis viridis,8425,1,0.184350945953012
Neomixis viridis,8430,1,869.723053192507
Neomixis viridis,8431,1,8.71055469847293
Neomixis viridis,8432,1,4.12545809786379
Neomixis viridis,8433,1,0.366016744080782
Neomixis viridis,8436,1,89.3043626509749
Neomixis viridis,8437,1,1.09562847792852
Neomixis viridis,8438,1,0.273619373037457
Neomixis viridis,8439,1,102.477791314042
Neomixis viridis,1317,62,0.181274117312074
Neomixis viridis,8365,62,30.8125924480652
Neomixis viridis,8453,62,29.8980611396976
Neomixis viridis,1166,72,0.273246820754766
Neomixis viridis,8260,72,82.4415910234876
Neomixis viridis,8261,72,27.780157617427
Neomixis viridis,8289,72,674.611930876287
Neomixis viridis,8421,72,31.5815648439663
Neomixis viridis,8451,72,0.820644420907617
Neomixis viridis,8452,72,1.91443390526378
Neomixis viridis,1993,80,0.179958904524803
Neomixis viridis,2040,80,2.87876883525908
Neomixis viridis,2045,80,0.899620833965421
Neomixis viridis,2074,80,0.269868277515411
Neomixis viridis,8378,80,45.3586244344001
Neomixis viridis,8380,80,33.0953660841964
Neomixis viridis,5928,84,104.68823217409
Neomixis viridis,8440,84,61.2124982058765
Neomixis viridis,8377,85,42.668198616212
Neomixis viridis,8445,85,90.898942940664
Neomixis viridis,8441,86,96.0048449014599
Neomixis viridis,8442,86,29.7723925005818
Neomixis viridis,8443,86,29.3041924637888
Neomixis viridis,8444,87,52.093110773009
Neomixis viridis,8446,88,29.7379084643369
Neomixis viridis,8447,89,9.5401058957789
Neomixis viridis,8448,89,17.9006258988328
Neomixis viridis,8449,89,2.8788579399693
Neomixis viridis,6358,83,0.62064821295929
Neomixis viridis,6364,83,0.265972006813645
Neomixis viridis,6377,83,0.709200345668078
Neomixis viridis,6387,83,0.177290677110195
Neomixis viridis,8268,83,68.5173564614324
Neomixis viridis,8270,83,0.177275942426443
Neomixis viridis,8271,83,0.177274304782152
Neomixis viridis,8319,83,31.2831288292344
Neomixis viridis,8348,83,30.9497681570725
Neomixis viridis,8349,83,9.04229392747104
Neomixis viridis,8450,83,29.2747668395581
Nesillas lantzii,230,6,0.259241756382585
Nesillas lantzii,231,6,29.6357740792488
Nesillas lantzii,233,6,0.431933750124097
Nesillas lantzii,234,6,0.431926162170768
Nesillas lantzii,272,6,20.9968046764002
Nesillas lantzii,2,1,99.4190072851316
Nesillas lantzii,45,1,16.1215402504426
Nesillas lantzii,53,1,0.34985461304009
Nesillas lantzii,54,1,5.24620992285609
Nesillas lantzii,55,1,0.524716098462582
Nesillas lantzii,57,1,107.450014480365
Nesillas lantzii,59,1,0.699394067978382
Nesillas lantzii,60,1,0.349687228268623
Nesillas lantzii,61,1,1.39864190466654
Nesillas lantzii,73,1,5.41451004895472
Nesillas lantzii,245,1,3.50522293895912
Nesillas lantzii,266,1,7.18396295269907
Nesillas lantzii,283,1,29.6282884787538
Nesillas lantzii,284,1,1.31051529534316
Nesillas lantzii,285,1,1.57236309118533
Nesillas lantzii,288,1,0.261955036714673
Nesillas lantzii,290,1,0.349265005815983
Nesillas lantzii,294,1,0.261931698109269
Nesillas lantzii,89,7,1.91961763637984
Nesillas lantzii,93,7,0.959635746628642
Nesillas lantzii,96,7,8.54688940804852
Nesillas lantzii,98,7,30.2553476293843
Nesillas lantzii,109,7,12.7243852658732
Nesillas lantzii,115,7,0.261418984541893
Nesillas lantzii,119,7,0.52279803142643
Nesillas lantzii,125,7,7.49109958654905
Nesillas lantzii,135,7,9.49007950158822
Nesillas lantzii,143,7,2.17529626793385
Nesillas lantzii,176,7,103.488266110926
Nesillas lantzii,180,7,31.4571395379742
Nesillas lantzii,181,7,0.347746593876839
Nesillas lantzii,184,7,1.39015823458207
Nesillas lantzii,185,7,10.5923656306143
Nesillas lantzii,187,7,1.64932362450933
Nesillas lantzii,190,7,101.586314517319
Nesillas lantzii,257,7,3.48046890408206
Nesillas lantzii,267,7,8.87579014953661
Nesillas lantzii,268,7,14.8764755082333
Nesillas lantzii,269,7,4.26181091131223
Nesillas lantzii,270,7,25.3907382258146
Nesillas lantzii,280,7,9.98819568179679
Nesillas lantzii,282,7,0.347374393435955
Nesillas lantzii,295,7,0.347687768672109
Nesillas lantzii,224,2,7.7895730346576
Nesillas lantzii,297,2,4.2402384895742
Nesillas lantzii,298,2,5.27841629388166
Nesogale dobsoni,1388,43,30.0534282457184
Nesogale dobsoni,1416,47,31.6875214916218
Nesogale dobsoni,1459,50,12.0800389464579
Nesogale dobsoni,17,2,27.4271766507479
Nesogale dobsoni,1052,26,58.6780858784085
Nesogale dobsoni,1324,669,29.3409883887624
Nesogale dobsoni,10426,664,24.4501852478648
Nesogale dobsoni,5,1,72.6104762396646
Nesogale dobsoni,10368,1,0.64914825101471
Nesogale dobsoni,10436,1,56.8711675529918
Nesogale dobsoni,1339,36,280.732208409588
Nesogale dobsoni,10444,671,20.745550279323
Nesogale dobsoni,10254,676,0.604549703201652
Nesogale dobsoni,10256,676,0.777178853789449
Nesogale dobsoni,10459,676,19.9515621485544
Nesogale dobsoni,10231,662,2.33597082442725
Nesogale dobsoni,10232,662,0.17303808407855
Nesogale dobsoni,10259,662,57.1920356452231
Nesogale dobsoni,10536,697,27.2715936270408
Nesogale dobsoni,10538,699,29.4123165165247
Nesogale dobsoni,10539,700,29.3885406549345
Nesogale dobsoni,10540,701,20.6592519148787
Nesogale dobsoni,10547,702,31.1097970257471
Nesogale dobsoni,10548,702,29.6010280215162
Nesogale dobsoni,10553,704,58.7538227882982
Nesogale dobsoni,10465,690,29.6714715318073
Nesogale dobsoni,10623,738,31.5815648439663
Nesogale dobsoni,80,529,162.374759556721
Nesogale dobsoni,2858,624,0.181274117312074
Nesogale dobsoni,10567,624,30.8125924480652
Nesogale dobsoni,10670,624,29.8980611396976
Nesogale dobsoni,768,643,0.459616383671761
Nesogale dobsoni,788,643,0.275752651619434
Nesogale dobsoni,855,643,0.183794934333086
Nesogale dobsoni,862,643,0.551364106284559
Nesogale dobsoni,884,643,0.551319225259066
Nesogale dobsoni,902,643,0.643170052254975
Nesogale dobsoni,2516,643,8634.46648840568
Nesogale dobsoni,10389,643,53.6769175645663
Nesogale dobsoni,10634,643,8.71055469847293
Nesogale dobsoni,10639,643,0.366016744080782
Nesogale dobsoni,10643,643,118.700718526081
Nesogale dobsoni,10644,643,1.09562847792852
Nesogale dobsoni,10645,643,18.7867803754507
Nesogale dobsoni,10646,643,83.0485691054942
Nesogale dobsoni,10624,739,21.3177359530708
Nesogale dobsoni,10625,740,301.748748168552
Nesogale dobsoni,10627,740,0.645659265649796
Nesogale dobsoni,10626,741,176.981841014409
Nesogale dobsoni,10628,742,29.7890733494434
Nesogale dobsoni,10652,743,2.55151549227834
Nesogale dobsoni,10653,743,5.10222163080132
Nesogale dobsoni,10654,744,158.580544106277
Nesogale dobsoni,10655,744,63.0206184295745
Nesogale dobsoni,778,661,0.183841973941922
Nesogale dobsoni,784,661,0.643432019171834
Nesogale dobsoni,803,661,0.367655302864552
Nesogale dobsoni,815,661,1.56243208603394
Nesogale dobsoni,816,661,0.275729722221732
Nesogale dobsoni,828,661,0.275717098941743
Nesogale dobsoni,835,661,0.275709061498702
Nesogale dobsoni,839,661,0.45950859373796
Nesogale dobsoni,844,661,0.459497104688943
Nesogale dobsoni,845,661,1.1946710927338
Nesogale dobsoni,861,661,3.21620605602366
Nesogale dobsoni,868,661,1.10266377710587
Nesogale dobsoni,872,661,0.183781132994294
Nesogale dobsoni,873,661,0.367564567481756
Nesogale dobsoni,881,661,0.183777680330873
Nesogale dobsoni,887,661,0.183773075227022
Nesogale dobsoni,892,661,1.10259928914046
Nesogale dobsoni,895,661,2.02137478975725
Nesogale dobsoni,896,661,0.82694543447876
Nesogale dobsoni,907,661,0.183763859939098
Nesogale dobsoni,912,661,0.183761555058956
Nesogale dobsoni,913,661,1.65382056523669
Nesogale dobsoni,958,661,0.367459639964402
Nesogale dobsoni,971,661,0.183724619395971
Nesogale dobsoni,972,661,0.275586929093957
Nesogale dobsoni,977,661,1.46972063059127
Nesogale dobsoni,978,661,0.275577679304183
Nesogale dobsoni,1113,661,431.421548407617
Nesogale dobsoni,10390,661,0.643524707942307
Nesogale dobsoni,10442,679,68.5173564614324
Nesogale dobsoni,10552,679,30.9497681570725
Nesogale dobsoni,10667,679,29.2747668395581
Nesogale dobsoni,10477,692,674.702984277473
Nesogale dobsoni,10668,692,0.820644420907617
Nesogale dobsoni,10524,703,31.2831288292344
Nesogale dobsoni,4502,705,0.899620833965421
Nesogale dobsoni,4524,705,0.269868277515411
Nesogale dobsoni,10407,705,0.179958904524803
Nesogale dobsoni,10408,705,2.87876883525908
Nesogale dobsoni,10580,705,45.3586244344001
Nesogale dobsoni,10582,705,33.0953660841964
Nesogale dobsoni,7582,708,104.68823217409
Nesogale dobsoni,10579,745,42.668198616212
Nesogale dobsoni,10656,746,82.1709647371291
Nesogale dobsoni,10658,746,96.0048449014599
Nesogale dobsoni,10657,747,61.2124982058765
Nesogale dobsoni,10659,748,29.7723925005818
Nesogale dobsoni,10660,749,29.3041924637888
Nesogale dobsoni,10661,750,52.093110773009
Nesogale dobsoni,10662,751,90.898942940664
Nesogale dobsoni,10663,752,29.7379084643369
Nesogale dobsoni,10664,753,9.5401058957789
Nesogale dobsoni,10665,754,17.9006258988328
Nesogale dobsoni,10666,754,2.8788579399693
Nesogale talazaci,1369,42,65.6118628214732
Nesogale talazaci,9717,452,24.4501852478648
Nesogale talazaci,970,32,58.6780858784085
Nesogale talazaci,4,1,0.463781360735476
Nesogale talazaci,5,1,0.64914825101471
Nesogale talazaci,6,1,94.4064369549093
Nesogale talazaci,9730,1,56.8711675529918
Nesogale talazaci,11,2,21.0334598369216
Nesogale talazaci,9671,450,2.33597082442725
Nesogale talazaci,9672,450,0.17303808407855
Nesogale talazaci,9688,450,57.1920356452231
Nesogale talazaci,9841,472,27.2715936270408
Nesogale talazaci,9843,474,29.4123165165247
Nesogale talazaci,9844,475,29.3885406549345
Nesogale talazaci,9845,476,20.6592519148787
Nesogale talazaci,9861,478,58.7538227882982
Nesogale talazaci,9854,479,31.1097970257471
Nesogale talazaci,9855,479,29.6010280215162
Nesogale talazaci,9773,456,29.6714715318073
Nesogale talazaci,9931,513,31.5815648439663
Nesogale talazaci,77,9,162.374759556721
Nesogale talazaci,2169,411,0.181274117312074
Nesogale talazaci,9875,411,30.8125924480652
Nesogale talazaci,9985,411,29.8980611396976
Nesogale talazaci,704,455,0.643524707942307
Nesogale talazaci,747,455,0.459616383671761
Nesogale talazaci,758,455,0.183841973941922
Nesogale talazaci,766,455,0.643432019171834
Nesogale talazaci,771,455,0.275752651619434
Nesogale talazaci,785,455,0.367655302864552
Nesogale talazaci,795,455,1.56243208603394
Nesogale talazaci,796,455,0.275729722221732
Nesogale talazaci,807,455,0.275717098941743
Nesogale talazaci,814,455,0.275709061498702
Nesogale talazaci,818,455,0.45950859373796
Nesogale talazaci,820,455,0.459497104688943
Nesogale talazaci,821,455,1.1946710927338
Nesogale talazaci,831,455,0.183794934333086
Nesogale talazaci,834,455,53.6769175645663
Nesogale talazaci,835,455,3.21620605602366
Nesogale talazaci,836,455,0.551364106284559
Nesogale talazaci,842,455,1.10266377710587
Nesogale talazaci,845,455,0.183781132994294
Nesogale talazaci,846,455,0.367564567481756
Nesogale talazaci,850,455,0.183777680330873
Nesogale talazaci,853,455,0.551319225259066
Nesogale talazaci,855,455,0.183773075227022
Nesogale talazaci,861,455,1.10259928914046
Nesogale talazaci,864,455,2.02137478975725
Nesogale talazaci,865,455,0.82694543447876
Nesogale talazaci,868,455,0.643170052254975
Nesogale talazaci,870,455,0.183763859939098
Nesogale talazaci,874,455,0.183761555058956
Nesogale talazaci,875,455,1.65382056523669
Nesogale talazaci,896,455,0.82682548099494
Nesogale talazaci,898,455,0.459349671094835
Nesogale talazaci,906,455,0.367459639964402
Nesogale talazaci,912,455,0.183724619395971
Nesogale talazaci,913,455,0.275586929093957
Nesogale talazaci,919,455,1.46972063059127
Nesogale talazaci,920,455,0.275577679304183
Nesogale talazaci,953,455,0.367363554798722
Nesogale talazaci,1016,455,431.329695352153
Nesogale talazaci,2028,455,8794.69212348197
Nesogale talazaci,9944,455,8.71055469847293
Nesogale talazaci,9947,455,5.22484076185095
Nesogale talazaci,9954,455,0.366016744080782
Nesogale talazaci,9958,455,118.609435406321
Nesogale talazaci,9959,455,1.09562847792852
Nesogale talazaci,9960,455,18.7867803754507
Nesogale talazaci,9961,455,83.0485691054942
Nesogale talazaci,9932,514,21.3177359530708
Nesogale talazaci,9933,515,301.748748168552
Nesogale talazaci,9935,515,0.645659265649796
Nesogale talazaci,9934,516,176.981841014409
Nesogale talazaci,9936,517,29.7890733494434
Nesogale talazaci,9942,518,833.219311839032
Nesogale talazaci,9943,518,85.6458207477333
Nesogale talazaci,9953,518,30.2919747629943
Nesogale talazaci,9967,519,2.55151549227834
Nesogale talazaci,9968,519,5.10222163080132
Nesogale talazaci,9969,520,175.981325838436
Nesogale talazaci,9970,520,63.0206184295745
Nesogale talazaci,9785,458,674.611930876287
Nesogale talazaci,9983,458,0.820644420907617
Nesogale talazaci,7684,461,0.265972006813645
Nesogale talazaci,9759,461,68.5173564614324
Nesogale talazaci,9859,461,30.9497681570725
Nesogale talazaci,9860,461,9.04229392747104
Nesogale talazaci,9982,461,29.2747668395581
Nesogale talazaci,9829,477,31.2831288292344
Nesogale talazaci,3615,480,0.179958904524803
Nesogale talazaci,3642,480,2.87876883525908
Nesogale talazaci,3646,480,0.899620833965421
Nesogale talazaci,3667,480,0.269868277515411
Nesogale talazaci,9888,480,45.3586244344001
Nesogale talazaci,9890,480,33.0953660841964
Nesogale talazaci,7156,482,104.68823217409
Nesogale talazaci,9887,521,42.668198616212
Nesogale talazaci,9971,522,82.1709647371291
Nesogale talazaci,9973,522,96.0048449014599
Nesogale talazaci,9972,523,61.2124982058765
Nesogale talazaci,9974,524,29.7723925005818
Nesogale talazaci,9975,525,29.3041924637888
Nesogale talazaci,9976,526,52.093110773009
Nesogale talazaci,9977,527,90.898942940664
Nesogale talazaci,9978,528,29.7379084643369
Nesogale talazaci,9979,529,9.5401058957789
Nesogale talazaci,9980,530,17.9006258988328
Nesogale talazaci,9981,530,2.8788579399693
Nesomys audeberti,22,5,47.5331545653713
Nesomys audeberti,34,6,26.8482161109039
Nesomys audeberti,43,8,10.9646853490822
Nesomys audeberti,44,8,0.0921358429681659
Nesomys audeberti,45,9,19.2541363803473
Nesomys audeberti,49,9,0.276354423903167
Nesomys audeberti,50,9,0.552705523771942
Nesomys audeberti,51,9,25.2373154232544
Nesomys audeberti,53,11,0.920947142538607
Nesomys audeberti,54,12,0.460479690076411
Nesomys audeberti,55,12,0.276287814045846
Nesomys audeberti,64,11,19.7063202487095
Nesomys audeberti,65,12,19.1535753317596
Nesomys audeberti,105,15,281.014195517039
Nesomys audeberti,122,15,41.0195466122911
Nesomys audeberti,132,15,27.1236302449263
Nesomys audeberti,154,20,19.0896275904182
Nesomys audeberti,160,21,21.1952284617479
Nesomys audeberti,182,24,27.3898332410452
Nesomys audeberti,128,125,107.268960086678
Nesomys audeberti,137,125,206.017035075495
Nesomys audeberti,21,3,27.8797654553594
Nesomys audeberti,23,3,0.0923130816248059
Nesomys audeberti,25,3,0.0923098705308437
Nesomys audeberti,104,13,267.595990677401
Nesomys audeberti,1555,128,19.5013252115969
Nesomys audeberti,1553,110,29.4123165165247
Nesomys audeberti,1557,131,29.3885406549345
Nesomys audeberti,1558,132,27.2715936270408
Nesomys audeberti,1401,94,29.6010280215162
Nesomys audeberti,131,16,116.479141952924
Nesomys audeberti,172,22,0.0916924755638838
Nesomys audeberti,173,22,155.098364305725
Nesomys audeberti,180,22,0.0916687013082504
Nesomys audeberti,181,22,49.2192668596312
Nesomys audeberti,1559,22,27.4285710987054
Nesomys lambertoni,345,29,43.0398890354103
Nesomys lambertoni,103,11,91.8113589710392
Nesomys lambertoni,328,25,49.6171625010395
Nesomys lambertoni,329,25,4.58233058484114
Nesomys lambertoni,348,31,34.6422357639037
Nesomys lambertoni,200,20,69.4793727685246
Nesomys rufus,830,29,22.8466199514356
Nesomys rufus,845,31,7.33885625369191
Nesomys rufus,846,31,0.183485430249155
Nesomys rufus,850,31,0.0917350561829805
Nesomys rufus,851,31,0.0917338770872951
Nesomys rufus,855,31,1.92623914275307
Nesomys rufus,857,31,1.19240941025758
Nesomys rufus,882,33,19.5158601347264
Nesomys rufus,10657,450,0.604549703201652
Nesomys rufus,10667,450,0.777178853789449
Nesomys rufus,10751,450,19.9515621485544
Nesomys rufus,10758,452,29.6714715318073
Nesomys rufus,10619,218,2.33597082442725
Nesomys rufus,10621,218,0.17303808407855
Nesomys rufus,10687,218,57.1920356452231
Nesomys rufus,10797,455,27.2715936270408
Nesomys rufus,10799,457,29.4123165165247
Nesomys rufus,10800,458,29.3885406549345
Nesomys rufus,10801,459,20.6592519148787
Nesomys rufus,10812,464,58.7538227882982
Nesomys rufus,10807,465,31.1097970257471
Nesomys rufus,10808,465,29.6010280215162
Nesomys rufus,10873,493,31.5815648439663
Nesomys rufus,157,9,0.645659265649796
Nesomys rufus,10874,9,251.740551112066
Nesomys rufus,341,494,1.3820564175722
Nesomys rufus,356,494,11.423145542635
Nesomys rufus,632,494,27.9446135478368
Nesomys rufus,640,494,0.459616383671761
Nesomys rufus,653,494,0.275752651619434
Nesomys rufus,663,494,0.183823638216138
Nesomys rufus,667,494,0.183819050049782
Nesomys rufus,765,494,56.6331511741078
Nesomys rufus,822,494,0.0917656384553313
Nesomys rufus,870,494,0.0916520090398192
Nesomys rufus,890,494,0.0915035761964321
Nesomys rufus,964,494,5.30132175810588
Nesomys rufus,1707,494,6955.73263808037
Nesomys rufus,10877,494,0.184350945953012
Nesomys rufus,10878,494,0.0921754729765058
Nesomys rufus,10879,494,0.0921743758563399
Nesomys rufus,10880,494,0.0921743758563399
Nesomys rufus,10881,494,0.0921732785239816
Nesomys rufus,10883,494,0.366016744080782
Nesomys rufus,10884,494,0.0914189111073017
Nesomys rufus,10885,494,0.0914176766955852
Nesomys rufus,10887,494,114.317768635725
Nesomys rufus,10888,494,1.09562847792852
Nesomys rufus,10889,494,0.273619373037457
Nesomys rufus,10890,494,0.0911576180326939
Nesomys rufus,10891,494,0.0911525039067268
Nesomys rufus,10892,494,0.0911512248494625
Nesomys rufus,10893,494,1.09378015375698
Nesomys rufus,10875,495,134.084978781104
Nesomys rufus,10876,496,29.7890733494434
Nesomys rufus,10895,497,2.55151549227834
Nesomys rufus,10896,497,5.10222163080132
Nesomys rufus,625,26,0.643524707942307
Nesomys rufus,647,26,0.183841973941922
Nesomys rufus,651,26,0.643432019171834
Nesomys rufus,660,26,0.367655302864552
Nesomys rufus,665,26,1.56243208603394
Nesomys rufus,666,26,0.275729722221732
Nesomys rufus,669,26,0.275717098941743
Nesomys rufus,674,26,0.275709061498702
Nesomys rufus,676,26,0.45950859373796
Nesomys rufus,680,26,0.459497104688943
Nesomys rufus,681,26,1.1946710927338
Nesomys rufus,691,26,1.47030313296092
Nesomys rufus,706,26,257.041661690616
Nesomys rufus,713,26,0.0918507397885919
Nesomys rufus,1881,421,0.181274117312074
Nesomys rufus,10820,421,30.8125924480652
Nesomys rufus,10909,421,29.8980611396976
Nesomys rufus,10760,454,608.261400805227
Nesomys rufus,10907,454,0.820644420907617
Nesomys rufus,7996,461,0.265972006813645
Nesomys rufus,10733,461,68.5173564614324
Nesomys rufus,10810,461,30.9497681570725
Nesomys rufus,10811,461,9.04229392747104
Nesomys rufus,10906,461,29.2747668395581
Nesomys rufus,10785,463,31.2831288292344
Nesomys rufus,3925,466,104.68823217409
Nesomys rufus,7351,498,70.2851392007654
Nesomys rufus,10828,499,42.668198616212
Nesomys rufus,10897,500,61.2124982058765
Nesomys rufus,10898,501,29.3041924637888
Nesomys rufus,10899,502,90.898942940664
Nesomys rufus,10900,503,29.7379084643369
Nesomys rufus,10901,504,9.5401058957789
Nesomys rufus,10902,505,17.9006258988328
Nesomys rufus,10903,505,2.8788579399693
Nesomys rufus,10904,506,29.7723925005818
Nesomys rufus,10905,507,52.093110773009
Nesomys rufus,3450,467,0.179958904524803
Nesomys rufus,3503,467,2.87876883525908
Nesomys rufus,3512,467,0.899620833965421
Nesomys rufus,3544,467,0.269868277515411
Nesomys rufus,10834,467,45.3586244344001
Nesomys rufus,10835,467,33.0953660841964
Newtonia amphichroa,1,1,56.8711675529918
Newtonia amphichroa,3922,1,28.8450665179896
Newtonia amphichroa,3921,30,29.4123165165247
Newtonia amphichroa,3998,30,27.2715936270408
Newtonia amphichroa,3999,30,29.3885406549345
Newtonia amphichroa,4003,38,31.1097970257471
Newtonia amphichroa,4004,38,29.6010280215162
Newtonia amphichroa,3942,47,29.6714715318073
Newtonia amphichroa,9,2,110.223524784531
Newtonia amphichroa,17,2,1.1995567112962
Newtonia amphichroa,31,2,30.8099797336419
Newtonia amphichroa,33,2,0.645659265649796
Newtonia amphichroa,38,2,4.33443217345178
Newtonia amphichroa,88,2,40.258745964456
Newtonia amphichroa,98,2,0.276286701650977
Newtonia amphichroa,99,2,1.6576434094981
Newtonia amphichroa,129,2,0.459870601603329
Newtonia amphichroa,149,2,0.643524707942307
Newtonia amphichroa,152,2,0.459616383671761
Newtonia amphichroa,153,2,0.643432019171834
Newtonia amphichroa,154,2,0.275752651619434
Newtonia amphichroa,157,2,0.367655302864552
Newtonia amphichroa,161,2,1.56243208603394
Newtonia amphichroa,162,2,0.275729722221732
Newtonia amphichroa,164,2,0.275717098941743
Newtonia amphichroa,165,2,0.275709061498702
Newtonia amphichroa,166,2,0.45950859373796
Newtonia amphichroa,167,2,0.275701020456016
Newtonia amphichroa,168,2,0.459497104688943
Newtonia amphichroa,169,2,1.1946710927338
Newtonia amphichroa,172,2,1.47030313296092
Newtonia amphichroa,175,2,1.10266377710587
Newtonia amphichroa,177,2,2.02137478975725
Newtonia amphichroa,178,2,0.82694543447876
Newtonia amphichroa,185,2,0.82682548099494
Newtonia amphichroa,186,2,0.459349671094835
Newtonia amphichroa,187,2,0.367459639964402
Newtonia amphichroa,189,2,0.275586929093957
Newtonia amphichroa,190,2,1.46972063059127
Newtonia amphichroa,191,2,0.275577679304183
Newtonia amphichroa,192,2,2.7556101711055
Newtonia amphichroa,193,2,0.275553377308965
Newtonia amphichroa,194,2,0.551107912561119
Newtonia amphichroa,204,2,26.2648020061249
Newtonia amphichroa,209,2,343.037868592247
Newtonia amphichroa,285,2,0.275296915365994
Newtonia amphichroa,291,2,0.275287525101304
Newtonia amphichroa,318,2,2156.49230376506
Newtonia amphichroa,354,2,93.1465331019706
Newtonia amphichroa,3890,2,27.9446135478368
Newtonia amphichroa,4013,2,21.3177359530708
Newtonia amphichroa,4043,2,196.951619075755
Newtonia amphichroa,4044,2,176.981841014409
Newtonia amphichroa,4045,2,29.7890733494434
Newtonia amphichroa,4046,2,2078.1319784904
Newtonia amphichroa,4052,2,79.1778308188095
Newtonia amphichroa,333,4,4.12545809786379
Newtonia amphichroa,347,4,340.287980907188
Newtonia amphichroa,3894,4,8.71055469847293
Newtonia amphichroa,4053,4,274.483398139281
Newtonia amphichroa,4054,4,12.8449827380903
Newtonia amphichroa,4055,4,236.772917235015
Newtonia amphichroa,4056,4,28.2539389397262
Newtonia amphichroa,363,6,430.216978458965
Newtonia amphichroa,370,6,0.731525063597024
Newtonia amphichroa,387,6,27.864994811381
Newtonia amphichroa,802,7,0.899620833965421
Newtonia amphichroa,820,7,0.269868277515411
Newtonia amphichroa,3906,7,2.87876883525908
Newtonia amphichroa,4040,7,45.3586244344001
Newtonia amphichroa,4042,7,33.0953660841964
Newtonia amphichroa,3119,48,104.68823217409
Newtonia amphichroa,4062,48,61.2124982058765
Newtonia amphichroa,4039,49,42.668198616212
Newtonia amphichroa,4067,49,90.898942940664
Newtonia amphichroa,4069,49,9.5401058957789
Newtonia amphichroa,4070,49,17.9006258988328
Newtonia amphichroa,4071,49,2.8788579399693
Newtonia amphichroa,4063,50,96.0048449014599
Newtonia amphichroa,4064,50,29.7723925005818
Newtonia amphichroa,4065,50,29.3041924637888
Newtonia amphichroa,4066,51,52.093110773009
Newtonia amphichroa,4068,52,29.7379084643369
Newtonia amphichroa,446,18,240.167280404987
Newtonia amphichroa,4059,18,59.3564680753817
Newtonia amphichroa,484,35,611.635934929783
Newtonia amphichroa,3923,35,12.8429343595349
Newtonia amphichroa,4022,35,31.5815648439663
Newtonia amphichroa,4060,35,0.820644420907617
Newtonia amphichroa,4061,35,1.91443390526378
Newtonia amphichroa,3325,40,0.62064821295929
Newtonia amphichroa,3328,40,0.265972006813645
Newtonia amphichroa,3333,40,0.709200345668078
Newtonia amphichroa,3930,40,68.5173564614324
Newtonia amphichroa,3981,40,31.2831288292344
Newtonia amphichroa,4008,40,30.9497681570725
Newtonia amphichroa,4009,40,9.04229392747104
Newtonia amphichroa,4072,40,29.2747668395581
Newtonia amphichroa,4010,53,58.7538227882982
Newtonia amphichroa,4027,42,30.8125924480652
Newtonia amphichroa,4073,42,29.8980611396976
Newtonia archboldi,208,14,0.259241756382585
Newtonia archboldi,210,14,0.431933750124097
Newtonia archboldi,211,14,29.6357740792488
Newtonia archboldi,256,14,0.431926162170768
Newtonia archboldi,277,14,20.9968046764002
Newtonia archboldi,122,11,7.49109958654905
Newtonia archboldi,128,11,9.49007950158822
Newtonia archboldi,136,11,2.17529626793385
Newtonia archboldi,158,11,1.39015823458207
Newtonia archboldi,160,11,150.889593339295
Newtonia archboldi,269,11,3.48046890408206
Newtonia archboldi,272,11,8.87579014953661
Newtonia archboldi,273,11,14.8764755082333
Newtonia archboldi,274,11,4.26181091131223
Newtonia archboldi,284,11,9.98819568179679
Newtonia archboldi,286,11,0.347374393435955
Newtonia archboldi,2,1,99.4190072851316
Newtonia archboldi,25,1,3.50522293895912
Newtonia archboldi,32,1,16.1215402504426
Newtonia archboldi,45,1,105.176657191614
Newtonia archboldi,46,1,0.34985461304009
Newtonia archboldi,47,1,2.53597620348144
Newtonia archboldi,48,1,0.524716098462582
Newtonia archboldi,271,1,7.18396295269907
Newtonia archboldi,287,1,29.6282884787538
Newtonia archboldi,66,12,5.41451004895472
Newtonia archboldi,288,12,1.31051529534316
Newtonia archboldi,289,12,1.57236309118533
Newtonia archboldi,292,12,0.261955036714673
Newtonia archboldi,294,12,0.349265005815983
Newtonia archboldi,297,12,0.174623526317835
Newtonia archboldi,298,12,0.261931698109269
Newtonia archboldi,102,15,49.5177099776991
Newtonia archboldi,110,15,26.865191159266
Newtonia archboldi,114,15,1.1328760877285
Newtonia archboldi,117,15,0.348577397500515
Newtonia brunneicauda,34665,183,1.32332957615304
Newtonia brunneicauda,40544,183,14.5508957098908
Newtonia brunneicauda,40571,201,13.4745567878187
Newtonia brunneicauda,582,65,0.370271373195112
Newtonia brunneicauda,584,65,0.46283412528491
Newtonia brunneicauda,588,65,43.0377824654047
Newtonia brunneicauda,589,65,0.185130594589651
Newtonia brunneicauda,611,65,1.48074673073447
Newtonia brunneicauda,615,65,1.66577102635723
Newtonia brunneicauda,621,65,0.277623898765862
Newtonia brunneicauda,625,65,0.277610584835649
Newtonia brunneicauda,40730,65,1.38815019469839
Newtonia brunneicauda,40731,65,0.185083622752368
Newtonia brunneicauda,40753,228,25.074716512655
Newtonia brunneicauda,40887,229,24.4501852478648
Newtonia brunneicauda,6410,185,91.8113589710392
Newtonia brunneicauda,284,225,0.463597745713949
Newtonia brunneicauda,363,225,43.2038186617155
Newtonia brunneicauda,188,83,0.556644208811998
Newtonia brunneicauda,195,83,0.371099061261237
Newtonia brunneicauda,198,83,0.556625695955515
Newtonia brunneicauda,208,83,0.185535398295045
Newtonia brunneicauda,215,83,0.463806772104442
Newtonia brunneicauda,223,83,0.278275269288719
Newtonia brunneicauda,225,83,0.463781360735476
Newtonia brunneicauda,240,83,0.278243954663038
Newtonia brunneicauda,253,83,0.185478644791484
Newtonia brunneicauda,256,83,0.27820176096195
Newtonia brunneicauda,259,83,0.64914825101471
Newtonia brunneicauda,264,83,0.18546587502265
Newtonia brunneicauda,269,83,130.021860527523
Newtonia brunneicauda,273,83,0.185455055661559
Newtonia brunneicauda,274,83,6.49089737985898
Newtonia brunneicauda,283,83,8.43709773357266
Newtonia brunneicauda,285,83,0.185438309592962
Newtonia brunneicauda,292,83,0.185425482894003
Newtonia brunneicauda,40230,83,0.185474717534542
Newtonia brunneicauda,40935,83,56.8711675529918
Newtonia brunneicauda,40672,247,13.0307413413506
Newtonia brunneicauda,40800,247,6.06907414019704
Newtonia brunneicauda,40801,247,2.02272765648758
Newtonia brunneicauda,416,230,0.555893682719886
Newtonia brunneicauda,439,230,0.18528219835794
Newtonia brunneicauda,446,230,27.8845320748951
Newtonia brunneicauda,447,230,0.277912765102387
Newtonia brunneicauda,515,242,70.9727122086791
Newtonia brunneicauda,39510,246,5.95456626512015
Newtonia brunneicauda,3345,151,0.275667671454728
Newtonia brunneicauda,3377,151,1.92954817861217
Newtonia brunneicauda,3534,151,0.275591552190781
Newtonia brunneicauda,3566,151,0.367434207116187
Newtonia brunneicauda,3567,151,0.183716525221169
Newtonia brunneicauda,3593,151,33.8991079803615
Newtonia brunneicauda,40848,151,0.183782283740878
Newtonia brunneicauda,41066,151,0.367500048400045
Newtonia brunneicauda,5302,168,2.01572332178837
Newtonia brunneicauda,5303,168,0.458135662899971
Newtonia brunneicauda,5338,168,0.274868693208218
Newtonia brunneicauda,5339,168,0.366490791638374
Newtonia brunneicauda,5347,168,0.366482397446334
Newtonia brunneicauda,5362,168,0.274855500644743
Newtonia brunneicauda,5409,168,0.183227399604559
Newtonia brunneicauda,5428,168,0.1832213955158
Newtonia brunneicauda,5429,168,0.1832213955158
Newtonia brunneicauda,5479,168,0.274809861419678
Newtonia brunneicauda,5502,168,0.824397110989213
Newtonia brunneicauda,5589,168,1.00747888364965
Newtonia brunneicauda,5639,168,1.37373982893509
Newtonia brunneicauda,5692,168,0.183153969973981
Newtonia brunneicauda,5716,168,27.0084407932128
Newtonia brunneicauda,5717,168,0.641021390268981
Newtonia brunneicauda,5718,168,1.64832053344005
Newtonia brunneicauda,5754,168,1.09880786665845
Newtonia brunneicauda,5836,168,0.27467717452234
Newtonia brunneicauda,5870,168,0.640887180962563
Newtonia brunneicauda,5945,168,1.55623826883286
Newtonia brunneicauda,5946,168,0.183092276589036
Newtonia brunneicauda,5958,168,0.45771856548512
Newtonia brunneicauda,6005,168,1.28151005270296
Newtonia brunneicauda,6049,168,0.183069222521663
Newtonia brunneicauda,6135,168,0.457617758493304
Newtonia brunneicauda,6146,168,0.183044913982987
Newtonia brunneicauda,6216,168,0.183027872893095
Newtonia brunneicauda,6240,168,1.00660883126068
Newtonia brunneicauda,41071,168,0.366216056347668
Newtonia brunneicauda,41072,168,0.1831019721452
Newtonia brunneicauda,10182,184,21.2443070814916
Newtonia brunneicauda,8220,186,13.7034546392342
Newtonia brunneicauda,39276,233,2.33597082442725
Newtonia brunneicauda,39278,233,0.17303808407855
Newtonia brunneicauda,40934,233,57.1920356452231
Newtonia brunneicauda,33436,182,2.38971397089434
Newtonia brunneicauda,33522,182,5.22058462251126
Newtonia brunneicauda,33699,182,8.75504333933174
Newtonia brunneicauda,33789,182,2.21089209568846
Newtonia brunneicauda,34064,182,6.98321707832301
Newtonia brunneicauda,34178,182,10.3398139962522
Newtonia brunneicauda,35056,182,477.698349281006
Newtonia brunneicauda,40545,182,2.02803748513615
Newtonia brunneicauda,40546,182,2.11576712074006
Newtonia brunneicauda,40783,182,9.25706128804016
Newtonia brunneicauda,40786,182,4.31856011909783
Newtonia brunneicauda,41151,182,17.5870851484922
Newtonia brunneicauda,41152,182,2.0322578738991
Newtonia brunneicauda,17750,199,0.632951986920595
Newtonia brunneicauda,41184,199,18.8080490493349
Newtonia brunneicauda,40790,235,67.1171045351946
Newtonia brunneicauda,41224,235,21.5378946383917
Newtonia brunneicauda,39363,239,3.97366904659271
Newtonia brunneicauda,39398,239,4.31753920239925
Newtonia brunneicauda,39512,239,24.5074496821614
Newtonia brunneicauda,39525,239,152.434539488629
Newtonia brunneicauda,39824,239,4.74048544932437
Newtonia brunneicauda,39844,239,6.11881096036088
Newtonia brunneicauda,39944,239,2.32518582735467
Newtonia brunneicauda,39970,239,32.8976853230713
Newtonia brunneicauda,40020,239,47.5161649497437
Newtonia brunneicauda,40044,239,24.0897988637511
Newtonia brunneicauda,40049,239,3.01169372167146
Newtonia brunneicauda,40051,239,2.75352315110588
Newtonia brunneicauda,40088,239,2.40852721046042
Newtonia brunneicauda,40283,239,2.32784321939826
Newtonia brunneicauda,40322,239,3.79813210761917
Newtonia brunneicauda,40379,239,4.91579007415057
Newtonia brunneicauda,40381,239,3.96024281801712
Newtonia brunneicauda,40383,239,27.0386563705167
Newtonia brunneicauda,40384,239,2.66991477625501
Newtonia brunneicauda,39426,250,0.777178853789449
Newtonia brunneicauda,40844,250,0.604549703201652
Newtonia brunneicauda,41065,250,19.9515621485544
Newtonia brunneicauda,41178,250,27.2715936270408
Newtonia brunneicauda,41180,250,29.4123165165247
Newtonia brunneicauda,41181,250,29.3885406549345
Newtonia brunneicauda,41182,250,20.6592519148787
Newtonia brunneicauda,41213,252,31.1097970257471
Newtonia brunneicauda,41214,252,29.6010280215162
Newtonia brunneicauda,41037,258,20.745550279323
Newtonia brunneicauda,41082,273,29.6714715318073
Newtonia brunneicauda,16829,193,38.2051651932326
Newtonia brunneicauda,16948,193,3.07696966736531
Newtonia brunneicauda,16961,193,0.723997986285687
Newtonia brunneicauda,17055,193,0.361958205401778
Newtonia brunneicauda,40897,193,0.452763459862113
Newtonia brunneicauda,23121,255,49.6171625010395
Newtonia brunneicauda,40517,255,4.58233058484114
Newtonia brunneicauda,41270,275,34.6422357639037
Newtonia brunneicauda,6168,261,22.6013246737857
Newtonia brunneicauda,1264,68,162.374759556721
Newtonia brunneicauda,3033,68,0.643524707942307
Newtonia brunneicauda,3110,68,0.459616383671761
Newtonia brunneicauda,3133,68,0.183841973941922
Newtonia brunneicauda,3145,68,0.643432019171834
Newtonia brunneicauda,3155,68,0.275752651619434
Newtonia brunneicauda,3180,68,0.367655302864552
Newtonia brunneicauda,3206,68,1.56243208603394
Newtonia brunneicauda,3207,68,0.275729722221732
Newtonia brunneicauda,3239,68,0.275717098941743
Newtonia brunneicauda,3259,68,0.275709061498702
Newtonia brunneicauda,3267,68,0.45950859373796
Newtonia brunneicauda,3280,68,0.459497104688943
Newtonia brunneicauda,3281,68,1.1946710927338
Newtonia brunneicauda,3302,68,0.183794934333086
Newtonia brunneicauda,3311,68,53.6769175645663
Newtonia brunneicauda,3316,68,3.21620605602366
Newtonia brunneicauda,3317,68,0.551364106284559
Newtonia brunneicauda,3329,68,1.10266377710587
Newtonia brunneicauda,3343,68,0.183781132994294
Newtonia brunneicauda,3344,68,0.367564567481756
Newtonia brunneicauda,3356,68,0.183777680330873
Newtonia brunneicauda,3364,68,0.551319225259066
Newtonia brunneicauda,3373,68,0.183773075227022
Newtonia brunneicauda,3384,68,1.10259928914046
Newtonia brunneicauda,3391,68,2.02137478975725
Newtonia brunneicauda,3392,68,0.82694543447876
Newtonia brunneicauda,3400,68,0.643170052254975
Newtonia brunneicauda,3406,68,0.183763859939098
Newtonia brunneicauda,3415,68,0.183761555058956
Newtonia brunneicauda,3416,68,1.65382056523669
Newtonia brunneicauda,3453,68,0.82682548099494
Newtonia brunneicauda,3499,68,0.459349671094835
Newtonia brunneicauda,3531,68,0.367459639964402
Newtonia brunneicauda,3554,68,0.183724619395971
Newtonia brunneicauda,3555,68,0.275586929093957
Newtonia brunneicauda,3564,68,1.46972063059127
Newtonia brunneicauda,3565,68,0.275577679304183
Newtonia brunneicauda,3693,68,0.367363554798722
Newtonia brunneicauda,3728,68,58.6780858784085
Newtonia brunneicauda,3838,68,431.329695352153
Newtonia brunneicauda,3900,68,0.27544305105114
Newtonia brunneicauda,13658,68,9163.642217011
Newtonia brunneicauda,41094,68,674.611930876287
Newtonia brunneicauda,41346,68,31.5815648439663
Newtonia brunneicauda,41356,68,21.3177359530708
Newtonia brunneicauda,41357,68,301.748748168552
Newtonia brunneicauda,41358,68,176.981841014409
Newtonia brunneicauda,41359,68,0.645659265649796
Newtonia brunneicauda,41360,68,29.7890733494434
Newtonia brunneicauda,41361,68,0.184350945953012
Newtonia brunneicauda,41366,68,1385.48179139944
Newtonia brunneicauda,41367,68,8.71055469847293
Newtonia brunneicauda,41368,68,1.55853332586139
Newtonia brunneicauda,41369,68,4.12545809786379
Newtonia brunneicauda,41370,68,5.22484076185095
Newtonia brunneicauda,41377,68,0.366016744080782
Newtonia brunneicauda,41380,68,2.55931186735392
Newtonia brunneicauda,41381,68,118.609435406321
Newtonia brunneicauda,41382,68,1.09562847792852
Newtonia brunneicauda,41383,68,18.7867803754507
Newtonia brunneicauda,41384,68,83.0485691054942
Newtonia brunneicauda,41388,68,1.09378015375698
Newtonia brunneicauda,41389,68,0.820222737159133
Newtonia brunneicauda,41390,68,2.55151549227834
Newtonia brunneicauda,41391,68,5.10222163080132
Newtonia brunneicauda,41392,68,175.981325838436
Newtonia brunneicauda,41393,68,63.0206184295745
Newtonia brunneicauda,41423,68,0.820644420907617
Newtonia brunneicauda,41424,68,1.91443390526378
Newtonia brunneicauda,7833,149,0.274079509045959
Newtonia brunneicauda,8169,149,64.7813755391199
Newtonia brunneicauda,41074,149,0.456764738324285
Newtonia brunneicauda,6480,155,24.8813630898282
Newtonia brunneicauda,6831,155,20.1184639854197
Newtonia brunneicauda,7048,155,1.91988596975839
Newtonia brunneicauda,7049,155,4.20534270261967
Newtonia brunneicauda,7170,155,37.6497033879611
Newtonia brunneicauda,7178,155,5.85033975470399
Newtonia brunneicauda,7192,155,24.6792146248905
Newtonia brunneicauda,7262,155,1.00543750432062
Newtonia brunneicauda,7271,155,2.65062070312464
Newtonia brunneicauda,7287,155,0.182805694628716
Newtonia brunneicauda,7326,155,2.37624750380051
Newtonia brunneicauda,7335,155,0.274192454327822
Newtonia brunneicauda,7373,155,0.182784649551272
Newtonia brunneicauda,7409,155,0.182778454094648
Newtonia brunneicauda,7431,155,7.676784038162
Newtonia brunneicauda,7460,155,8.86332816260337
Newtonia brunneicauda,7676,155,0.274089461484313
Newtonia brunneicauda,7769,155,10.9639024804186
Newtonia brunneicauda,7770,155,4.56775692645061
Newtonia brunneicauda,8944,155,800.12748936824
Newtonia brunneicauda,8954,155,2.00722734047949
Newtonia brunneicauda,8970,155,0.364942030490041
Newtonia brunneicauda,9046,155,0.456175956650972
Newtonia brunneicauda,41076,155,16.5402429724656
Newtonia brunneicauda,41183,155,22.2892814174192
Newtonia brunneicauda,41242,155,0.456749789225697
Newtonia brunneicauda,41347,155,3.56491505919516
Newtonia brunneicauda,41349,155,0.365072069038987
Newtonia brunneicauda,41350,155,0.821376871704459
Newtonia brunneicauda,15547,191,0.181274117312074
Newtonia brunneicauda,41284,191,30.8125924480652
Newtonia brunneicauda,41429,191,29.8980611396976
Newtonia brunneicauda,36492,207,99.4190072851316
Newtonia brunneicauda,36801,207,16.1215402504426
Newtonia brunneicauda,37351,207,0.34985461304009
Newtonia brunneicauda,37372,207,5.24620992285609
Newtonia brunneicauda,37380,207,0.524716098462582
Newtonia brunneicauda,37476,207,0.699394067978382
Newtonia brunneicauda,37495,207,0.349687228268623
Newtonia brunneicauda,37508,207,1.39864190466654
Newtonia brunneicauda,37848,207,107.450014480365
Newtonia brunneicauda,40788,207,3.50522293895912
Newtonia brunneicauda,40925,207,7.18396295269907
Newtonia brunneicauda,41336,207,29.6282884787538
Newtonia brunneicauda,37842,208,4.62691263784421
Newtonia brunneicauda,37895,208,4.80061036050189
Newtonia brunneicauda,37923,208,0.436398847983718
Newtonia brunneicauda,37986,208,1.91961763637984
Newtonia brunneicauda,38292,208,0.348577397500515
Newtonia brunneicauda,38410,208,49.5177099776991
Newtonia brunneicauda,38574,208,3.04583861633468
Newtonia brunneicauda,38891,208,1.39015823458207
Newtonia brunneicauda,38946,208,0.347374393435955
Newtonia brunneicauda,38965,208,9.98819568179679
Newtonia brunneicauda,38991,208,1.99652411223841
Newtonia brunneicauda,39058,208,2.34164013403249
Newtonia brunneicauda,39075,208,0.260165493234277
Newtonia brunneicauda,39083,208,3.72834730157495
Newtonia brunneicauda,39116,208,12.7407955704241
Newtonia brunneicauda,39148,208,12.0483039035152
Newtonia brunneicauda,39184,208,2.68566153213084
Newtonia brunneicauda,39186,208,4.07194558339631
Newtonia brunneicauda,39221,208,3.11728596669591
Newtonia brunneicauda,39244,208,11.3310980595299
Newtonia brunneicauda,39368,208,466.866095203747
Newtonia brunneicauda,40357,208,5.41451004895472
Newtonia brunneicauda,40359,208,2.35741760163295
Newtonia brunneicauda,40469,208,17.8876522784669
Newtonia brunneicauda,40472,208,29.6856059502555
Newtonia brunneicauda,40795,208,1.1328760877285
Newtonia brunneicauda,41408,208,26.865191159266
Newtonia brunneicauda,41409,208,23.4778252291556
Newtonia brunneicauda,41410,208,51.2694713964989
Newtonia brunneicauda,41411,208,1.31051529534316
Newtonia brunneicauda,41412,208,1.57236309118533
Newtonia brunneicauda,41415,208,0.261955036714673
Newtonia brunneicauda,41417,208,0.349265005815983
Newtonia brunneicauda,41420,208,0.174623526317835
Newtonia brunneicauda,41421,208,0.261931698109269
Newtonia brunneicauda,31112,240,108.01588872667
Newtonia brunneicauda,41406,240,44.3707966394124
Newtonia brunneicauda,41407,240,1.42253739552879
Newtonia brunneicauda,41185,256,69.4793727685246
Newtonia brunneicauda,25656,259,57.9536162531203
Newtonia brunneicauda,25862,259,3.31343096531284
Newtonia brunneicauda,26078,259,2.32767118464887
Newtonia brunneicauda,26977,259,1.78860352420843
Newtonia brunneicauda,27273,259,16.7138689349576
Newtonia brunneicauda,27382,259,89.7882265229816
Newtonia brunneicauda,27552,259,362.224874535394
Newtonia brunneicauda,40695,259,3.75955498126948
Newtonia brunneicauda,40763,259,57.985276672695
Newtonia brunneicauda,41221,259,43.0398890354031
Newtonia brunneicauda,41222,259,17.1081231937796
Newtonia brunneicauda,41277,259,3.48424258587157
Newtonia brunneicauda,25560,260,39.0716951757742
Newtonia brunneicauda,41394,260,14.6364940401641
Newtonia brunneicauda,21982,263,0.179958904524803
Newtonia brunneicauda,22103,263,2.87876883525908
Newtonia brunneicauda,22115,263,0.899620833965421
Newtonia brunneicauda,22182,263,0.269868277515411
Newtonia brunneicauda,41297,263,45.3586244344001
Newtonia brunneicauda,41299,263,33.0953660841964
Newtonia brunneicauda,30757,276,104.68823217409
Newtonia brunneicauda,41396,276,61.2124982058765
Newtonia brunneicauda,41296,277,42.668198616212
Newtonia brunneicauda,41401,277,90.898942940664
Newtonia brunneicauda,41395,278,82.1709647371291
Newtonia brunneicauda,41397,278,96.0048449014599
Newtonia brunneicauda,41398,278,29.7723925005818
Newtonia brunneicauda,41399,278,29.3041924637888
Newtonia brunneicauda,41400,279,52.093110773009
Newtonia brunneicauda,41402,280,29.7379084643369
Newtonia brunneicauda,41403,281,9.5401058957789
Newtonia brunneicauda,41404,281,17.9006258988328
Newtonia brunneicauda,41405,281,2.8788579399693
Newtonia brunneicauda,32684,265,0.62064821295929
Newtonia brunneicauda,32714,265,0.265972006813645
Newtonia brunneicauda,32754,265,0.709200345668078
Newtonia brunneicauda,32791,265,0.177290677110195
Newtonia brunneicauda,41033,265,68.5173564614324
Newtonia brunneicauda,41035,265,0.177275942426443
Newtonia brunneicauda,41036,265,0.177274304782152
Newtonia brunneicauda,41154,265,31.2831288292344
Newtonia brunneicauda,41243,265,30.9497681570725
Newtonia brunneicauda,41244,265,9.04229392747104
Newtonia brunneicauda,41422,265,29.2747668395581
Newtonia brunneicauda,41245,282,58.7538227882982
Newtonia brunneicauda,22487,272,0.449603298738718
Newtonia brunneicauda,22488,272,0.359686745625973
Newtonia brunneicauda,22634,272,36.3318798597312
Newtonia brunneicauda,41261,272,16.7397400424525
Newtonia brunneicauda,41267,272,6.47518067735767
Newtonia brunneicauda,41426,272,6.02879668256032
Newtonia brunneicauda,41428,272,0.449634089967012
Oriolia bernieri,747,12,0.539962693065524
Oriolia bernieri,751,12,16.6469548786582
Oriolia bernieri,802,12,25.4497781860946
Oriolia bernieri,2120,15,2.33597082442725
Oriolia bernieri,2121,15,57.1920356452231
Oriolia bernieri,2189,22,29.2933770460075
Oriolia bernieri,2191,20,31.1097970257471
Oriolia bernieri,2192,20,29.6010280215162
Oriolia bernieri,190,19,12.0410908559194
Oriolia bernieri,193,19,0.9121479295156
Oriolia bernieri,214,19,0.820222737159133
Oriolia bernieri,216,19,83.0485691054942
Oriolia bernieri,218,19,12.7587930640823
Oriolia bernieri,219,19,2.55151549227834
Oriolia bernieri,221,19,0.4555984689219
Oriolia bernieri,224,19,19.7650407055053
Oriolia bernieri,228,19,162.591983003582
Oriolia bernieri,229,19,0.455342053341866
Oriolia bernieri,2136,19,6.55625383606601
Oriolia bernieri,5,3,45.7864865830624
Oriolia bernieri,21,3,229.185749170748
Oriolia bernieri,23,3,444.205928953997
Oriolia bernieri,33,3,179.196061611409
Oriolia bernieri,36,3,0.734100457008958
Oriolia bernieri,37,3,302.925408889003
Oriolia bernieri,39,3,1.55956194535011
Oriolia bernieri,40,3,202.785945733807
Oriolia bernieri,41,3,365.271991335006
Oriolia bernieri,42,3,78.8713894917149
Oriolia bernieri,43,3,93.0550422296549
Oriolia bernieri,44,3,30.0534282457171
Oriolia bernieri,46,3,118.060600052989
Oriolia bernieri,52,3,185.019204770684
Oriolia bernieri,56,3,13.0902264220212
Oriolia bernieri,60,3,22.6046144532978
Oriolia bernieri,70,3,18.2058859706827
Oriolia bernieri,85,3,0.548483832757473
Oriolia bernieri,87,3,2.55931186735392
Oriolia bernieri,92,3,123.7017985963
Oriolia bernieri,116,3,0.822115219518185
Oriolia bernieri,132,3,10.7772300272077
Oriolia bernieri,136,3,0.639263962195635
Oriolia bernieri,144,3,3.56108456753183
Oriolia bernieri,2169,3,129.474395438767
Oriolia bernieri,2194,3,4.49000519033462
Oriolia bernieri,302,8,30.8125924480652
Oriolia bernieri,2199,8,29.8980611396976
Oriolia bernieri,1603,21,0.62064821295929
Oriolia bernieri,1604,21,0.709200345668078
Oriolia bernieri,1605,21,68.5173564614324
Oriolia bernieri,2137,21,30.9497681570725
Oriolia bernieri,2193,21,9.04229392747104
Oryzorictes hova,1,1,56.8711675529929
Oryzorictes hova,947,42,26.264802006129
Oryzorictes hova,1230,49,65.6118628214728
Oryzorictes hova,8849,533,24.4501852478648
Oryzorictes hova,8324,542,0.604549703201652
Oryzorictes hova,8332,542,0.777178853789449
Oryzorictes hova,8910,542,19.9515621485544
Oryzorictes hova,8833,532,48.0992270821004
Oryzorictes hova,8296,529,2.33597082442725
Oryzorictes hova,8298,529,0.17303808407855
Oryzorictes hova,8353,529,57.1920356452231
Oryzorictes hova,8982,561,27.2715936270408
Oryzorictes hova,8984,563,29.4123165165247
Oryzorictes hova,8985,564,29.3885406549345
Oryzorictes hova,8986,565,20.6592519148787
Oryzorictes hova,8991,566,31.1097970257471
Oryzorictes hova,8992,566,29.6010280215162
Oryzorictes hova,8997,568,58.7538227882982
Oryzorictes hova,8916,556,29.6714715318073
Oryzorictes hova,9067,601,31.5815648439663
Oryzorictes hova,85,409,162.374759556721
Oryzorictes hova,5778,494,104.68823217409
Oryzorictes hova,9023,602,42.668198616212
Oryzorictes hova,9105,603,61.2124982058765
Oryzorictes hova,9106,604,96.0048449014599
Oryzorictes hova,9107,605,29.7723925005818
Oryzorictes hova,9108,606,29.3041924637888
Oryzorictes hova,9109,607,52.093110773009
Oryzorictes hova,9110,608,90.898942940664
Oryzorictes hova,9111,609,29.7379084643369
Oryzorictes hova,9112,610,9.5401058957789
Oryzorictes hova,9113,611,17.9006258988328
Oryzorictes hova,9114,611,2.8788579399693
Oryzorictes hova,767,511,0.459616383671761
Oryzorictes hova,782,511,0.275752651619434
Oryzorictes hova,818,511,0.183794934333086
Oryzorictes hova,824,511,0.551364106284559
Oryzorictes hova,840,511,0.551319225259066
Oryzorictes hova,850,511,0.643170052254975
Oryzorictes hova,1894,511,8795.85487808155
Oryzorictes hova,8811,511,53.6769175645663
Oryzorictes hova,9080,511,8.71055469847293
Oryzorictes hova,9088,511,0.366016744080782
Oryzorictes hova,9092,511,118.700718526081
Oryzorictes hova,9093,511,1.09562847792852
Oryzorictes hova,9094,511,18.7867803754507
Oryzorictes hova,9095,511,83.0485691054942
Oryzorictes hova,9068,612,21.3177359530708
Oryzorictes hova,9069,613,301.748748168552
Oryzorictes hova,9071,613,0.645659265649796
Oryzorictes hova,9070,614,176.981841014409
Oryzorictes hova,9072,615,29.7890733494434
Oryzorictes hova,9078,616,944.528128044498
Oryzorictes hova,9079,616,85.7375333649492
Oryzorictes hova,9101,617,2.55151549227834
Oryzorictes hova,9102,617,5.10222163080132
Oryzorictes hova,9103,618,176.345637707092
Oryzorictes hova,9104,618,63.0206184295745
Oryzorictes hova,774,527,0.183841973941922
Oryzorictes hova,780,527,0.643432019171834
Oryzorictes hova,795,527,0.367655302864552
Oryzorictes hova,799,527,1.56243208603394
Oryzorictes hova,800,527,0.275729722221732
Oryzorictes hova,802,527,0.275717098941743
Oryzorictes hova,806,527,0.275709061498702
Oryzorictes hova,810,527,0.45950859373796
Oryzorictes hova,813,527,0.459497104688943
Oryzorictes hova,814,527,1.1946710927338
Oryzorictes hova,823,527,3.21620605602366
Oryzorictes hova,829,527,0.367564567481756
Oryzorictes hova,836,527,0.183777680330873
Oryzorictes hova,842,527,0.183773075227022
Oryzorictes hova,845,527,1.10259928914046
Oryzorictes hova,854,527,0.183763859939098
Oryzorictes hova,856,527,0.183761555058956
Oryzorictes hova,857,527,1.65382056523669
Oryzorictes hova,982,527,369.774178846907
Oryzorictes hova,8812,527,0.643524707942307
Oryzorictes hova,8894,545,68.5173564614324
Oryzorictes hova,8996,545,30.9497681570725
Oryzorictes hova,9115,545,29.6296191803109
Oryzorictes hova,8927,558,674.702984277473
Oryzorictes hova,9116,558,0.820644420907617
Oryzorictes hova,8970,567,31.2831288292344
Oryzorictes hova,3070,569,0.899620833965421
Oryzorictes hova,3085,569,0.269868277515411
Oryzorictes hova,8830,569,0.179958904524803
Oryzorictes hova,8831,569,2.87876883525908
Oryzorictes hova,9024,569,45.3586244344001
Oryzorictes hova,9026,569,33.0953660841964
Oryzorictes hova,8499,571,0.181274117312074
Oryzorictes hova,9011,571,30.8125924480652
Oryzorictes hova,9118,571,29.8980611396976
Oryzorictes tetradactylus,121,14,53.8809205673337
Oryzorictes tetradactylus,128,17,11.0677904937453
Oryzorictes tetradactylus,129,17,23.1488844918921
Oryzorictes tetradactylus,160,22,10.9646853490853
Oryzorictes tetradactylus,162,24,1.19747486800265
Oryzorictes tetradactylus,165,24,0.368458156106412
Oryzorictes tetradactylus,166,24,4.97389831733698
Oryzorictes tetradactylus,167,24,4.23704192003953
Oryzorictes tetradactylus,169,24,6.63162645038121
Oryzorictes tetradactylus,174,25,14.9212984618512
Oryzorictes tetradactylus,176,24,0.184211880049229
Oryzorictes tetradactylus,179,24,1.74986507844675
Oryzorictes tetradactylus,181,24,68.3474855748295
Oryzorictes tetradactylus,185,25,29.7439079649741
Oryzorictes tetradactylus,189,26,19.6108810678509
Oryzorictes tetradactylus,197,29,27.3374724883271
Oryzorictes tetradactylus,200,31,29.8164373523018
Oryzorictes tetradactylus,243,34,0.367897162454307
Oryzorictes tetradactylus,244,212,32.5536096187731
Oryzorictes tetradactylus,277,34,47.6303711655061
Oryzorictes tetradactylus,278,212,0.183868284008145
Oryzorictes tetradactylus,409,40,26.8593180791399
Oryzorictes tetradactylus,361,36,58.6780858784085
Oryzorictes tetradactylus,207,32,55.7561745491218
Oryzorictes tetradactylus,225,32,29.1594029263304
Oryzorictes tetradactylus,482,50,180.120184813304
Oryzorictes tetradactylus,1980,144,67.1171045351946
Oryzorictes tetradactylus,2130,144,17.8604217163317
Oryzorictes tetradactylus,98,12,24.0868463646751
Oryzorictes tetradactylus,969,67,82.1709647371291
Oryzorictes tetradactylus,2132,67,25.7197057006951
Oryzorictes tetradactylus,2133,213,29.3041924637888
Oryzorictes tetradactylus,112,188,8.30511914151794
Oryzorictes tetradactylus,305,189,1.10266377710587
Oryzorictes tetradactylus,307,189,0.183781132994294
Oryzorictes tetradactylus,310,189,2.02137478975725
Oryzorictes tetradactylus,311,189,0.82694543447876
Oryzorictes tetradactylus,331,189,0.367459639964402
Oryzorictes tetradactylus,335,189,0.183724619395971
Oryzorictes tetradactylus,336,189,0.275586929093957
Oryzorictes tetradactylus,338,189,1.46972063059127
Oryzorictes tetradactylus,339,189,0.275577679304183
Oryzorictes tetradactylus,369,189,387.595348773185
Oryzorictes tetradactylus,155,208,20.2762758478889
Oryzorictes tetradactylus,496,211,0.820644420907617
Oryzorictes tetradactylus,501,211,1.73194615611339
Oryzorictes tetradactylus,509,211,123.058795322703
Otus rutilus,1082,17,91.902892975114
Otus rutilus,60,1,130.021860527523
Otus rutilus,63,1,6.49089737985898
Otus rutilus,70,1,8.43709773357266
Otus rutilus,82,1,43.3892599286922
Otus rutilus,101,1,27.8845320748951
Otus rutilus,116,1,70.9727122086791
Otus rutilus,135,1,43.0377824654047
Otus rutilus,144,1,1.66577102635723
Otus rutilus,6096,1,56.8711675529918
Otus rutilus,5246,18,2.33597082442725
Otus rutilus,5694,18,44.4928427752329
Otus rutilus,6082,18,57.1920356452231
Otus rutilus,6215,18,19.9515621485544
Otus rutilus,6322,18,27.2715936270408
Otus rutilus,6324,18,29.4123165165247
Otus rutilus,6325,18,29.3885406549345
Otus rutilus,6326,18,20.6592519148787
Otus rutilus,3154,26,49.6171625010395
Otus rutilus,5928,26,4.58233058484114
Otus rutilus,6391,26,34.6422357639037
Otus rutilus,4625,3,17.327538483736
Otus rutilus,4773,3,44.8174905868918
Otus rutilus,4920,3,99.9457961466128
Otus rutilus,5025,3,86.5471977120337
Otus rutilus,5036,3,5.24620992285609
Otus rutilus,5084,3,5.41451004895472
Otus rutilus,5104,3,1.91961763637984
Otus rutilus,5107,3,10.0335984889978
Otus rutilus,5116,3,149.010600614998
Otus rutilus,5193,3,46.685080965995
Otus rutilus,5214,3,40.253532294096
Otus rutilus,5553,3,14.9893741114286
Otus rutilus,5802,3,7.50890607225907
Otus rutilus,5814,3,13.3829553466897
Otus rutilus,5816,3,3.87195306908179
Otus rutilus,5960,3,9.25706128804016
Otus rutilus,5962,3,13.395847878129
Otus rutilus,5964,3,4.31856011909783
Otus rutilus,5976,3,6.06907414019704
Otus rutilus,5977,3,2.02272765648758
Otus rutilus,6291,3,16.0848499706645
Otus rutilus,6292,3,2.0322578738991
Otus rutilus,6293,3,8.03635703224456
Otus rutilus,3088,13,36.3318798597312
Otus rutilus,3498,13,39.0716951757742
Otus rutilus,3514,13,57.9536162531203
Otus rutilus,3540,13,3.31343096531284
Otus rutilus,3577,13,2.32767118464887
Otus rutilus,3627,13,89.7882265229816
Otus rutilus,3951,13,470.042691825763
Otus rutilus,5681,13,57.985276672695
Otus rutilus,5729,13,3.75955498126948
Otus rutilus,6359,13,43.0398890354031
Otus rutilus,6360,13,17.1081231937796
Otus rutilus,6382,13,16.7397400424525
Otus rutilus,6388,13,6.47518067735767
Otus rutilus,6507,13,14.6364940401641
Otus rutilus,6535,13,6.02879668256032
Otus rutilus,318,14,162.374759556721
Otus rutilus,612,14,1.56243208603394
Otus rutilus,627,14,3.21620605602366
Otus rutilus,638,14,2.02137478975725
Otus rutilus,640,14,1.65382056523669
Otus rutilus,682,14,58.6780858784085
Otus rutilus,702,14,431.421548407617
Otus rutilus,2069,14,9167.49023685536
Otus rutilus,5913,14,53.6769175645663
Otus rutilus,6231,14,29.6714715318073
Otus rutilus,6243,14,674.702984277473
Otus rutilus,6462,14,31.5815648439663
Otus rutilus,6471,14,21.3177359530708
Otus rutilus,6472,14,301.748748168552
Otus rutilus,6473,14,176.981841014409
Otus rutilus,6475,14,29.7890733494434
Otus rutilus,6481,14,1385.48179139944
Otus rutilus,6482,14,8.71055469847293
Otus rutilus,6483,14,1.55853332586139
Otus rutilus,6484,14,4.12545809786379
Otus rutilus,6485,14,5.22484076185095
Otus rutilus,6493,14,2.55931186735392
Otus rutilus,6494,14,118.700718526081
Otus rutilus,6496,14,18.7867803754507
Otus rutilus,6497,14,83.0485691054942
Otus rutilus,6503,14,2.55151549227834
Otus rutilus,6504,14,5.10222163080132
Otus rutilus,6505,14,176.345637707092
Otus rutilus,6506,14,63.0206184295745
Otus rutilus,6533,14,1.91443390526378
Otus rutilus,5543,16,108.01588872667
Otus rutilus,6528,16,44.3707966394124
Otus rutilus,1091,20,2.38014501393825
Otus rutilus,1148,20,20.1184639854197
Otus rutilus,1179,20,1.91988596975839
Otus rutilus,1180,20,4.20534270261967
Otus rutilus,1200,20,5.85033975470399
Otus rutilus,1203,20,24.6792146248905
Otus rutilus,1215,20,2.65062070312464
Otus rutilus,1222,20,2.37624750380051
Otus rutilus,1240,20,7.676784038162
Otus rutilus,1248,20,8.86332816260337
Otus rutilus,1480,20,2.00722734047949
Otus rutilus,1546,20,802.318279276272
Otus rutilus,5599,20,24.8813630898282
Otus rutilus,5629,20,37.6497033879611
Otus rutilus,5631,20,4.56775692645061
Otus rutilus,6225,20,16.5402429724656
Otus rutilus,6358,20,22.3806283842225
Otus rutilus,6364,20,11.5120029750919
Otus rutilus,6530,20,3.56491505919516
Otus rutilus,4291,21,104.68823217409
Otus rutilus,5947,21,2.87876883525908
Otus rutilus,6416,21,42.668198616212
Otus rutilus,6417,21,45.3586244344001
Otus rutilus,6419,21,33.0953660841964
Otus rutilus,6508,21,82.1709647371291
Otus rutilus,6509,21,61.2124982058765
Otus rutilus,6510,21,96.0048449014599
Otus rutilus,6511,21,29.7723925005818
Otus rutilus,6512,21,29.3041924637888
Otus rutilus,6513,21,52.093110773009
Otus rutilus,6514,21,90.898942940664
Otus rutilus,6515,21,29.7379084643369
Otus rutilus,6516,21,9.5401058957789
Otus rutilus,6517,21,17.9006258988328
Otus rutilus,6518,21,2.8788579399693
Otus rutilus,6190,24,68.5173564614324
Otus rutilus,6295,24,31.2831288292344
Otus rutilus,6365,24,30.9497681570725
Otus rutilus,6366,24,9.04229392747104
Otus rutilus,6367,24,58.7538227882982
Otus rutilus,6531,24,29.2747668395581
Oxylabes madagascariensis,898,8,25.2644454697542
Oxylabes madagascariensis,6499,31,24.4501852478648
Oxylabes madagascariensis,3,2,111.100829909226
Oxylabes madagascariensis,5,2,0.463781360735476
Oxylabes madagascariensis,6,2,0.278243954663038
Oxylabes madagascariensis,7,2,0.64914825101471
Oxylabes madagascariensis,6500,2,56.8711675529918
Oxylabes madagascariensis,1113,23,11.1100677051102
Oxylabes madagascariensis,13,29,21.0334598369216
Oxylabes madagascariensis,6443,30,29.4123165165247
Oxylabes madagascariensis,6576,30,27.2715936270408
Oxylabes madagascariensis,6577,30,29.3885406549345
Oxylabes madagascariensis,6578,30,20.6592519148787
Oxylabes madagascariensis,6583,33,31.1097970257471
Oxylabes madagascariensis,6584,33,29.6010280215162
Oxylabes madagascariensis,6532,41,29.6714715318073
Oxylabes madagascariensis,1953,9,2.87876883525908
Oxylabes madagascariensis,1955,9,0.899620833965421
Oxylabes madagascariensis,1980,9,0.269868277515411
Oxylabes madagascariensis,6621,9,45.3586244344001
Oxylabes madagascariensis,6623,9,33.0953660841964
Oxylabes madagascariensis,4825,42,104.68823217409
Oxylabes madagascariensis,6643,42,61.2124982058765
Oxylabes madagascariensis,6620,43,42.668198616212
Oxylabes madagascariensis,6648,43,90.898942940664
Oxylabes madagascariensis,6650,43,9.5401058957789
Oxylabes madagascariensis,6651,43,17.9006258988328
Oxylabes madagascariensis,6652,43,2.8788579399693
Oxylabes madagascariensis,6644,44,96.0048449014599
Oxylabes madagascariensis,6645,44,29.7723925005818
Oxylabes madagascariensis,6646,44,29.3041924637888
Oxylabes madagascariensis,6647,44,52.093110773009
Oxylabes madagascariensis,6649,45,29.7379084643369
Oxylabes madagascariensis,109,28,110.223524784531
Oxylabes madagascariensis,168,28,1.1995567112962
Oxylabes madagascariensis,217,28,0.645659265649796
Oxylabes madagascariensis,328,28,41.1801275864343
Oxylabes madagascariensis,527,28,0.643524707942307
Oxylabes madagascariensis,528,28,2.11438066261506
Oxylabes madagascariensis,538,28,0.459616383671761
Oxylabes madagascariensis,544,28,0.643432019171834
Oxylabes madagascariensis,547,28,0.275752651619434
Oxylabes madagascariensis,553,28,0.367655302864552
Oxylabes madagascariensis,556,28,1.56243208603394
Oxylabes madagascariensis,557,28,0.275729722221732
Oxylabes madagascariensis,559,28,0.275717098941743
Oxylabes madagascariensis,563,28,0.275709061498702
Oxylabes madagascariensis,565,28,0.45950859373796
Oxylabes madagascariensis,567,28,0.275701020456016
Oxylabes madagascariensis,568,28,0.459497104688943
Oxylabes madagascariensis,569,28,1.1946710927338
Oxylabes madagascariensis,574,28,1.47030313296092
Oxylabes madagascariensis,637,28,26.2648020061249
Oxylabes madagascariensis,649,28,331.920827668019
Oxylabes madagascariensis,745,28,0.275296915365994
Oxylabes madagascariensis,917,28,41.2839215929218
Oxylabes madagascariensis,950,28,6041.60835967334
Oxylabes madagascariensis,988,28,2.37459808751667
Oxylabes madagascariensis,989,28,714.649944234603
Oxylabes madagascariensis,1010,28,1.09562847792852
Oxylabes madagascariensis,1020,28,89.2130131915314
Oxylabes madagascariensis,1025,28,0.273849359069705
Oxylabes madagascariensis,1057,28,3.46533733650672
Oxylabes madagascariensis,1086,28,418.634978103749
Oxylabes madagascariensis,1118,28,0.273246820754766
Oxylabes madagascariensis,1221,28,611.544881528597
Oxylabes madagascariensis,6501,28,82.4415910234876
Oxylabes madagascariensis,6502,28,27.780157617427
Oxylabes madagascariensis,6538,28,31.4878831114429
Oxylabes madagascariensis,6593,28,21.3177359530708
Oxylabes madagascariensis,6603,28,31.5815648439663
Oxylabes madagascariensis,6624,28,279.789072021364
Oxylabes madagascariensis,6625,28,176.981841014409
Oxylabes madagascariensis,6626,28,29.7890733494434
Oxylabes madagascariensis,6632,28,0.64315160918951
Oxylabes madagascariensis,6634,28,1346.95753065752
Oxylabes madagascariensis,6635,28,8.71055469847293
Oxylabes madagascariensis,6636,28,4.12545809786379
Oxylabes madagascariensis,6639,28,0.273619373037457
Oxylabes madagascariensis,6640,28,59.3564680753817
Oxylabes madagascariensis,6641,28,0.820644420907617
Oxylabes madagascariensis,6642,28,1.91443390526378
Oxylabes madagascariensis,5125,34,0.62064821295929
Oxylabes madagascariensis,5128,34,0.265972006813645
Oxylabes madagascariensis,5136,34,0.709200345668078
Oxylabes madagascariensis,6509,34,68.5173564614324
Oxylabes madagascariensis,6563,34,31.2831288292344
Oxylabes madagascariensis,6588,34,30.9497681570725
Oxylabes madagascariensis,6589,34,9.04229392747104
Oxylabes madagascariensis,6653,34,29.2747668395581
Oxylabes madagascariensis,6590,46,58.7538227882982
Oxylabes madagascariensis,6608,36,30.8125924480652
Oxylabes madagascariensis,6654,36,29.8980611396976
Phaner pallescens,4,2,27.4271766507427
Phaner pallescens,250,33,30.2949823155819
Phaner pallescens,271,34,17.1081231937796
Phaner pallescens,309,34,3.31343096531284
Phaner pallescens,618,52,50.9016537971916
Phaner pallescens,648,52,44.3707966394124
Phaner pallescens,687,52,28.1967010634904
Phaner pallescens,688,52,1.42253739552879
Phaner pallescens,332,53,2.32767118464887
Phaner pallescens,355,53,89.7882265229816
Phaner pallescens,422,53,0.714404974963069
Phaner pallescens,427,53,0.535747839347363
Phaner pallescens,431,53,0.178579506715536
Phaner pallescens,437,53,0.446428569326878
Phaner pallescens,451,53,1.87495118889773
Phaner pallescens,456,53,489.364914626243
Phaner pallescens,686,53,7.14406051427555
Philepitta castanea,4606,12,31.1097970257471
Philepitta castanea,4607,12,29.6010280215162
Philepitta castanea,4519,10,29.4123165165247
Philepitta castanea,4599,10,27.2715936270408
Philepitta castanea,4601,10,29.3885406549345
Philepitta castanea,4602,10,20.6592519148787
Philepitta castanea,9,1,152.498155501201
Philepitta castanea,23,1,21.3177359530708
Philepitta castanea,41,1,72.4154606826265
Philepitta castanea,44,1,140.315846688566
Philepitta castanea,46,1,0.645659265649796
Philepitta castanea,49,1,102.955502960292
Philepitta castanea,102,1,1.74986507844645
Philepitta castanea,103,1,104.373087709094
Philepitta castanea,121,1,1.19697195979685
Philepitta castanea,264,1,3.2176075033589
Philepitta castanea,281,1,0.459616383671761
Philepitta castanea,283,1,0.183841973941922
Philepitta castanea,284,1,0.183840828700066
Philepitta castanea,287,1,0.643432019171834
Philepitta castanea,288,1,0.275752651619434
Philepitta castanea,293,1,0.367655302864552
Philepitta castanea,306,1,0.643082380221009
Philepitta castanea,307,1,0.459349671094835
Philepitta castanea,308,1,1.83736519481778
Philepitta castanea,313,1,0.367459639964402
Philepitta castanea,320,1,0.183724619395971
Philepitta castanea,321,1,0.275586929093957
Philepitta castanea,323,1,1.46972063059127
Philepitta castanea,324,1,0.275577679304183
Philepitta castanea,348,1,0.367363554798722
Philepitta castanea,358,1,44.3538334620763
Philepitta castanea,379,1,369.582551419439
Philepitta castanea,387,1,0.27544305105114
Philepitta castanea,397,1,360.947520922344
Philepitta castanea,424,1,0.275296915365994
Philepitta castanea,427,1,0.275287525101304
Philepitta castanea,430,1,53.3088216654544
Philepitta castanea,434,1,0.275273431351006
Philepitta castanea,459,1,0.366016744080782
Philepitta castanea,460,1,0.457520320277214
Philepitta castanea,462,1,0.183009591687918
Philepitta castanea,572,1,1.09562847792852
Philepitta castanea,579,1,0.273849359069705
Philepitta castanea,580,1,0.182563724762201
Philepitta castanea,589,1,1.18614475155652
Philepitta castanea,600,1,83.666446301654
Philepitta castanea,651,1,6514.27216306861
Philepitta castanea,677,1,27.780157617427
Philepitta castanea,678,1,0.273246820754766
Philepitta castanea,693,1,230.756966312363
Philepitta castanea,4520,1,0.643524707942307
Philepitta castanea,4547,1,54.6539618968027
Philepitta castanea,4614,1,29.966575903603
Philepitta castanea,4615,1,0.273213245428443
Philepitta castanea,4616,1,7.28544954972791
Philepitta castanea,4638,1,29.7890733494434
Philepitta castanea,4642,1,89.3042963112915
Philepitta castanea,4643,1,59.3564680753817
Philepitta castanea,1115,9,0.899620833965421
Philepitta castanea,1134,9,0.269868277515411
Philepitta castanea,4537,9,0.179958904524803
Philepitta castanea,4538,9,2.87876883525908
Philepitta castanea,4635,9,45.3586244344001
Philepitta castanea,4637,9,33.0953660841964
Philepitta castanea,3487,16,104.68823217409
Philepitta castanea,4644,16,61.2124982058765
Philepitta castanea,4634,17,42.668198616212
Philepitta castanea,4645,17,96.0048449014599
Philepitta castanea,4646,17,29.7723925005818
Philepitta castanea,4647,17,29.3041924637888
Philepitta castanea,4648,17,52.093110773009
Philepitta castanea,4649,17,90.898942940664
Philepitta castanea,4651,17,9.5401058957789
Philepitta castanea,4652,17,17.9006258988328
Philepitta castanea,4653,17,2.8788579399693
Philepitta castanea,4650,18,29.7379084643369
Philepitta castanea,3646,13,0.62064821295929
Philepitta castanea,3647,13,0.265972006813645
Philepitta castanea,3648,13,0.709200345668078
Philepitta castanea,3650,13,0.177290677110195
Philepitta castanea,4555,13,68.5173564614324
Philepitta castanea,4557,13,0.177275942426443
Philepitta castanea,4558,13,0.177274304782152
Philepitta castanea,4587,13,31.2831288292344
Philepitta castanea,4609,13,30.9497681570725
Philepitta castanea,4610,13,9.04229392747104
Philepitta castanea,4654,13,29.2747668395581
Philepitta castanea,4611,19,58.7538227882982
Philepitta castanea,4622,15,29.8980611396976
Philepitta schlegeli,1077,11,33.9182954840042
Philepitta schlegeli,1637,14,28.91753386598
Philepitta schlegeli,1178,17,30.5940435805031
Philepitta schlegeli,1214,17,49.6171625010395
Philepitta schlegeli,1311,17,4.58233058484114
Philepitta schlegeli,114,5,91.8113589710392
Philepitta schlegeli,1171,16,15.8398187260412
Philepitta schlegeli,1445,21,43.0398890354031
Philepitta schlegeli,1485,21,52.0699273460645
Philepitta schlegeli,1516,21,55.5362709867394
Philepitta schlegeli,1523,21,13.8841261984148
Philepitta schlegeli,1547,21,0.447673652347326
Philepitta schlegeli,1549,21,2.32767118464887
Philepitta schlegeli,1574,21,1.78860352420843
Philepitta schlegeli,1584,21,88.5345907866451
Philepitta schlegeli,1589,21,332.523076961019
Philepitta schlegeli,1596,21,10.8090685387814
Philepitta schlegeli,1639,21,68.5364088143043
Philepitta schlegeli,748,22,0.452763459862113
Philepitta schlegeli,784,22,38.0240908843971
Philepitta schlegeli,792,22,3.07696966736531
Philepitta schlegeli,795,22,0.723997986285687
Philepitta schlegeli,807,22,0.361958205401778
Philepitta schlegeli,119,6,16.3740665150728
Philepitta schlegeli,138,6,2.56021646885544
Philepitta schlegeli,139,6,1.28010022488141
Philepitta schlegeli,140,6,0.274313436967373
Philepitta schlegeli,154,6,1.91988596975839
Philepitta schlegeli,155,6,4.20534270261967
Philepitta schlegeli,163,6,9.23022386336518
Philepitta schlegeli,169,6,2.83342021114922
Philepitta schlegeli,172,6,8.31781849541878
Philepitta schlegeli,175,6,1.00536820483041
Philepitta schlegeli,183,6,7.03614931429064
Philepitta schlegeli,186,6,0.548279554689646
Philepitta schlegeli,197,6,22.2892814174192
Philepitta schlegeli,257,6,14.8774610751528
Philepitta schlegeli,263,6,707.930605587132
Philepitta schlegeli,264,6,2.00722734047949
Philepitta schlegeli,265,6,0.364942030490041
Philepitta schlegeli,267,6,0.456175956650972
Philepitta schlegeli,1640,6,3.56491505919516
Philepitta schlegeli,1642,6,0.365072069038987
Philepitta schlegeli,1643,6,0.821376871704459
Philepitta schlegeli,1351,23,39.0716951757742
Philepitta schlegeli,1649,23,14.6364940401641
Ploceus nelicourvi,8807,27,24.4501852478648
Ploceus nelicourvi,2,1,0.64914825101471
Ploceus nelicourvi,3,1,56.8711675529918
Ploceus nelicourvi,8826,1,52.3985918019359
Ploceus nelicourvi,8945,30,31.1097970257471
Ploceus nelicourvi,8946,30,29.6010280215162
Ploceus nelicourvi,8762,28,2.33597082442725
Ploceus nelicourvi,8825,28,57.1920356452231
Ploceus nelicourvi,8934,28,27.2715936270408
Ploceus nelicourvi,8936,28,29.4123165165247
Ploceus nelicourvi,8937,28,29.3885406549345
Ploceus nelicourvi,8938,28,20.6592519148787
Ploceus nelicourvi,8875,38,29.6714715318073
Ploceus nelicourvi,36,3,152.498155501201
Ploceus nelicourvi,126,3,0.645659265649796
Ploceus nelicourvi,220,3,0.276354423903286
Ploceus nelicourvi,230,3,0.644736027105212
Ploceus nelicourvi,233,3,1.74986507844645
Ploceus nelicourvi,234,3,112.203011880531
Ploceus nelicourvi,236,3,3.68393426544833
Ploceus nelicourvi,426,3,293.433147514117
Ploceus nelicourvi,442,3,14.4181473408729
Ploceus nelicourvi,1257,3,8874.82905327049
Ploceus nelicourvi,8827,3,611.544881528597
Ploceus nelicourvi,8939,3,31.4878831114429
Ploceus nelicourvi,9018,3,31.5815648439663
Ploceus nelicourvi,9019,3,21.3177359530708
Ploceus nelicourvi,9020,3,301.472100416912
Ploceus nelicourvi,9021,3,176.981841014409
Ploceus nelicourvi,9022,3,29.7890733494434
Ploceus nelicourvi,9028,3,1385.48179139944
Ploceus nelicourvi,9029,3,8.71055469847293
Ploceus nelicourvi,9030,3,1.55853332586139
Ploceus nelicourvi,9031,3,4.12545809786379
Ploceus nelicourvi,9032,3,5.22484076185095
Ploceus nelicourvi,9035,3,0.366016744080782
Ploceus nelicourvi,9038,3,2.55931186735392
Ploceus nelicourvi,9039,3,118.609435406321
Ploceus nelicourvi,9040,3,1.09562847792852
Ploceus nelicourvi,9041,3,18.7867803754507
Ploceus nelicourvi,9042,3,83.0485691054942
Ploceus nelicourvi,9046,3,1.09378015375698
Ploceus nelicourvi,9047,3,0.820222737159133
Ploceus nelicourvi,9048,3,2.55151549227834
Ploceus nelicourvi,9049,3,5.10222163080132
Ploceus nelicourvi,9050,3,175.981325838436
Ploceus nelicourvi,9051,3,63.0206184295745
Ploceus nelicourvi,9062,3,0.820644420907617
Ploceus nelicourvi,9063,3,1.91443390526378
Ploceus nelicourvi,2753,24,2.87876883525908
Ploceus nelicourvi,2755,24,0.899620833965421
Ploceus nelicourvi,2780,24,0.269868277515411
Ploceus nelicourvi,8980,24,45.3586244344001
Ploceus nelicourvi,8982,24,33.0953660841964
Ploceus nelicourvi,6075,39,104.68823217409
Ploceus nelicourvi,9052,39,61.2124982058765
Ploceus nelicourvi,8979,40,42.668198616212
Ploceus nelicourvi,9057,40,90.898942940664
Ploceus nelicourvi,9059,40,9.5401058957789
Ploceus nelicourvi,9060,40,17.9006258988328
Ploceus nelicourvi,9061,40,2.8788579399693
Ploceus nelicourvi,9053,41,96.0048449014599
Ploceus nelicourvi,9054,41,29.7723925005818
Ploceus nelicourvi,9055,41,29.3041924637888
Ploceus nelicourvi,9056,41,52.093110773009
Ploceus nelicourvi,9058,42,29.7379084643369
Ploceus nelicourvi,6588,31,0.62064821295929
Ploceus nelicourvi,6594,31,0.265972006813645
Ploceus nelicourvi,6610,31,0.709200345668078
Ploceus nelicourvi,8861,31,68.5173564614324
Ploceus nelicourvi,8919,31,31.2831288292344
Ploceus nelicourvi,8950,31,30.9497681570725
Ploceus nelicourvi,8951,31,9.04229392747104
Ploceus nelicourvi,9064,31,29.2747668395581
Ploceus nelicourvi,8952,43,58.7538227882982
Ploceus nelicourvi,8967,33,30.8125924480652
Ploceus nelicourvi,9065,33,29.8980611396976
Ploceus sakalava,13971,63,31.018285987414
Ploceus sakalava,12533,41,25.2530937963009
Ploceus sakalava,656,91,0.370271373195112
Ploceus sakalava,659,91,0.46283412528491
Ploceus sakalava,664,91,43.0377824654047
Ploceus sakalava,665,91,0.185130594589651
Ploceus sakalava,700,91,1.48074673073447
Ploceus sakalava,707,91,1.66577102635723
Ploceus sakalava,715,91,0.277623898765862
Ploceus sakalava,722,91,0.277610584835649
Ploceus sakalava,14659,91,1.38815019469839
Ploceus sakalava,14660,91,0.185083622752368
Ploceus sakalava,208,50,0.185499234954834
Ploceus sakalava,212,50,0.278243954663038
Ploceus sakalava,216,50,26.0608411523759
Ploceus sakalava,225,50,0.185478644791484
Ploceus sakalava,231,50,0.27820176096195
Ploceus sakalava,237,50,0.18546587502265
Ploceus sakalava,252,50,0.185455055661559
Ploceus sakalava,253,50,6.49089737985898
Ploceus sakalava,269,50,0.185438309592962
Ploceus sakalava,277,50,0.185425482894003
Ploceus sakalava,283,50,8.43709773357266
Ploceus sakalava,14104,50,0.185474717534542
Ploceus sakalava,268,94,0.463597745713949
Ploceus sakalava,368,94,43.3892599286922
Ploceus sakalava,2477,95,91.902892975114
Ploceus sakalava,441,100,0.555893682719886
Ploceus sakalava,489,100,7.9668144324028
Ploceus sakalava,560,100,70.9727122086791
Ploceus sakalava,14744,100,2.87154129824525
Ploceus sakalava,2174,9,27.0084407932128
Ploceus sakalava,2268,9,1.19005614059883
Ploceus sakalava,2284,9,1.28151005270296
Ploceus sakalava,2308,9,0.183069222521663
Ploceus sakalava,14492,9,0.183110450163126
Ploceus sakalava,14818,9,0.366216056347668
Ploceus sakalava,14819,9,0.1831019721452
Ploceus sakalava,3970,108,21.2443070814916
Ploceus sakalava,7145,59,18.8080490493349
Ploceus sakalava,7146,59,0.632951986920595
Ploceus sakalava,11300,97,5.22058462251126
Ploceus sakalava,11605,97,3.09217907194698
Ploceus sakalava,11679,97,2.47266626964414
Ploceus sakalava,11719,97,6.18067912423862
Ploceus sakalava,11857,97,4.32352721770191
Ploceus sakalava,11874,97,3.61718966663003
Ploceus sakalava,13793,97,485.899592763263
Ploceus sakalava,14110,97,2.21089209568846
Ploceus sakalava,14173,97,2.03042139631903
Ploceus sakalava,14212,97,8.75504333933174
Ploceus sakalava,14223,97,2.38467114169073
Ploceus sakalava,14246,97,4.93923973793232
Ploceus sakalava,14268,97,6.98321707832301
Ploceus sakalava,14271,97,1.9433949856267
Ploceus sakalava,14364,97,13.167280451611
Ploceus sakalava,14432,97,2.38971397089434
Ploceus sakalava,14579,97,43.5541700668664
Ploceus sakalava,14580,97,2.02803748513615
Ploceus sakalava,14581,97,2.11576712074006
Ploceus sakalava,14623,97,13.3829553466897
Ploceus sakalava,14624,97,3.87195306908179
Ploceus sakalava,14702,97,9.25706128804016
Ploceus sakalava,14705,97,4.31856011909783
Ploceus sakalava,14721,97,6.06907414019704
Ploceus sakalava,14722,97,2.02272765648758
Ploceus sakalava,14826,97,17.5870851484922
Ploceus sakalava,14827,97,2.0322578738991
Ploceus sakalava,6943,38,38.2051651932326
Ploceus sakalava,6959,38,3.07696966736531
Ploceus sakalava,6962,38,0.723997986285687
Ploceus sakalava,6990,38,0.361958205401778
Ploceus sakalava,14765,38,0.452763459862113
Ploceus sakalava,8529,101,49.6171625010395
Ploceus sakalava,14547,101,30.5940435805031
Ploceus sakalava,14684,101,4.58233058484114
Ploceus sakalava,2362,109,10.4322865526655
Ploceus sakalava,2472,109,0.640424911108553
Ploceus sakalava,13757,14,6.66920689187086
Ploceus sakalava,13768,14,0.346399268720031
Ploceus sakalava,13827,14,5.27962728708625
Ploceus sakalava,14457,14,0.77875796392107
Ploceus sakalava,14459,14,11.1631336764222
Ploceus sakalava,14910,14,0.25979757743597
Ploceus sakalava,3126,71,0.274079509045959
Ploceus sakalava,3247,71,72.0906228077071
Ploceus sakalava,14821,71,0.456764738324285
Ploceus sakalava,7590,83,53.6821375245411
Ploceus sakalava,12603,103,16.1215402504426
Ploceus sakalava,12734,103,5.24620992285609
Ploceus sakalava,13005,103,4.62691263784421
Ploceus sakalava,13136,103,9.85520655908214
Ploceus sakalava,13244,103,0.348577397500515
Ploceus sakalava,13252,103,0.261418984541893
Ploceus sakalava,13261,103,0.52279803142643
Ploceus sakalava,13271,103,6.62081308984351
Ploceus sakalava,13338,103,0.174136841907024
Ploceus sakalava,13346,103,0.261180647714496
Ploceus sakalava,14147,103,0.34985461304009
Ploceus sakalava,14148,103,0.524716098462582
Ploceus sakalava,14278,103,1.39864190466654
Ploceus sakalava,14290,103,2.96757189296901
Ploceus sakalava,14333,103,0.699394067978382
Ploceus sakalava,14334,103,0.349687228268623
Ploceus sakalava,14369,103,1.57236309118533
Ploceus sakalava,14374,103,2.35741760163295
Ploceus sakalava,14445,103,107.450014480365
Ploceus sakalava,14474,103,4.97515838277996
Ploceus sakalava,14475,103,16.8407713442643
Ploceus sakalava,14590,103,49.5177099776991
Ploceus sakalava,14628,103,71.9730116464714
Ploceus sakalava,14637,103,67.1171045351946
Ploceus sakalava,14710,103,3.50522293895912
Ploceus sakalava,14716,103,1.1328760877285
Ploceus sakalava,14808,103,7.18396295269907
Ploceus sakalava,14855,103,3.23869958412409
Ploceus sakalava,14893,103,23.0620316261819
Ploceus sakalava,14894,103,29.6282884787538
Ploceus sakalava,14912,103,1.31051529534316
Ploceus sakalava,14915,103,26.865191159266
Ploceus sakalava,13396,113,2.17529626793385
Ploceus sakalava,13468,113,0.347746593876839
Ploceus sakalava,13494,113,1.39015823458207
Ploceus sakalava,14284,113,101.586314517319
Ploceus sakalava,14477,113,13.1958809735674
Ploceus sakalava,14736,113,3.48046890408206
Ploceus sakalava,14794,113,8.87579014953661
Ploceus sakalava,14795,113,14.8764755082333
Ploceus sakalava,14796,113,4.26181091131223
Ploceus sakalava,14797,113,25.3907382258146
Ploceus sakalava,14845,113,9.98819568179679
Ploceus sakalava,14847,113,0.347374393435955
Ploceus sakalava,14890,113,7.49109958654905
Ploceus sakalava,14892,113,9.49007950158822
Ploceus sakalava,14911,113,0.347687768672109
Ploceus sakalava,2499,106,24.8813630898282
Ploceus sakalava,2676,106,20.1184639854197
Ploceus sakalava,2787,106,1.91988596975839
Ploceus sakalava,2788,106,4.20534270261967
Ploceus sakalava,2864,106,5.85033975470399
Ploceus sakalava,2872,106,16.0871950112848
Ploceus sakalava,2908,106,1.00543750432062
Ploceus sakalava,2915,106,0.182805694628716
Ploceus sakalava,2919,106,0.274201118186832
Ploceus sakalava,2931,106,2.37624750380051
Ploceus sakalava,2935,106,0.274192454327822
Ploceus sakalava,2953,106,0.182784649551272
Ploceus sakalava,2973,106,0.182778454094648
Ploceus sakalava,2983,106,7.676784038162
Ploceus sakalava,2987,106,16.5402429724656
Ploceus sakalava,2996,106,6.21363010126042
Ploceus sakalava,3023,106,3.92910652125514
Ploceus sakalava,3057,106,0.182741225706577
Ploceus sakalava,3349,106,30.6135540736706
Ploceus sakalava,3409,106,33.1319066807065
Ploceus sakalava,3557,106,2.00722734047949
Ploceus sakalava,3576,106,658.273616281473
Ploceus sakalava,3577,106,0.364942030490041
Ploceus sakalava,3586,106,0.456175956650972
Ploceus sakalava,14828,106,22.3806283842225
Ploceus sakalava,14895,106,3.56491505919516
Ploceus sakalava,14897,106,0.365072069038987
Ploceus sakalava,14898,106,0.821376871704459
Ploceus sakalava,7950,107,0.449603298738718
Ploceus sakalava,7951,107,0.359686745625973
Ploceus sakalava,7996,107,36.3318798597312
Ploceus sakalava,14865,107,16.7397400424525
Ploceus sakalava,14871,107,6.47518067735767
Ploceus sakalava,14917,107,6.02879668256032
Ploceus sakalava,14919,107,0.449634089967012
Ploceus sakalava,8722,114,39.0716951757742
Ploceus sakalava,14904,114,14.6364940401641
Ploceus sakalava,14426,110,108.01588872667
Ploceus sakalava,14913,110,44.3707966394124
Ploceus sakalava,14914,110,1.42253739552879
Ploceus sakalava,8757,112,57.9536162531203
Ploceus sakalava,8820,112,3.31343096531284
Ploceus sakalava,8879,112,2.32767118464887
Ploceus sakalava,9075,112,1.78860352420843
Ploceus sakalava,9153,112,89.7882265229816
Ploceus sakalava,9307,112,0.714404974963069
Ploceus sakalava,9320,112,0.535747839347363
Ploceus sakalava,9332,112,0.178579506715536
Ploceus sakalava,9339,112,0.446428569326878
Ploceus sakalava,9348,112,0.446413028153181
Ploceus sakalava,9383,112,1.87495118889773
Ploceus sakalava,9413,112,489.364914626243
Ploceus sakalava,14638,112,3.75955498126948
Ploceus sakalava,14688,112,57.985276672695
Ploceus sakalava,14781,112,7.14406051427555
Ploceus sakalava,14856,112,43.0398890354031
Ploceus sakalava,14857,112,17.1081231937796
Polyboroides radiatus,71,1,162.374759556721
Polyboroides radiatus,120,1,19.5821926010224
Polyboroides radiatus,142,1,58.6780858784085
Polyboroides radiatus,144,1,354.105295175998
Polyboroides radiatus,305,1,13.8476284396475
Polyboroides radiatus,347,1,7846.29436713525
Polyboroides radiatus,3009,1,32.5536096187817
Polyboroides radiatus,3014,1,53.6769175645663
Polyboroides radiatus,3431,1,29.6714715318073
Polyboroides radiatus,3443,1,25.7528153259641
Polyboroides radiatus,3444,1,488.879528753
Polyboroides radiatus,3447,1,48.1042026374495
Polyboroides radiatus,3654,1,21.3177359530708
Polyboroides radiatus,3655,1,301.748748168552
Polyboroides radiatus,3656,1,176.981841014409
Polyboroides radiatus,3658,1,29.7890733494434
Polyboroides radiatus,3664,1,76.3259272951558
Polyboroides radiatus,3665,1,323.085037351709
Polyboroides radiatus,3666,1,1385.48179139944
Polyboroides radiatus,3678,1,118.700718526081
Polyboroides radiatus,3680,1,18.7867803754507
Polyboroides radiatus,3681,1,83.0485691054942
Polyboroides radiatus,3689,1,176.345637707092
Polyboroides radiatus,3690,1,63.0206184295745
Polyboroides radiatus,219,2,20.1184639854197
Polyboroides radiatus,227,2,24.6792146248905
Polyboroides radiatus,264,2,72.0906228077071
Polyboroides radiatus,290,2,21.2443070814916
Polyboroides radiatus,350,2,803.048418195745
Polyboroides radiatus,1278,2,574.046895893442
Polyboroides radiatus,2094,2,9.59557619184256
Polyboroides radiatus,2096,2,141.814099634431
Polyboroides radiatus,2514,2,34.5373376371237
Polyboroides radiatus,2523,2,134.519289075362
Polyboroides radiatus,2704,2,24.8813630898282
Polyboroides radiatus,2721,2,37.8324682026068
Polyboroides radiatus,3078,2,34.4503061052005
Polyboroides radiatus,3448,2,16.5402429724656
Polyboroides radiatus,3569,2,22.3806283842225
Polyboroides radiatus,3598,2,11.5120029750919
Polyboroides radiatus,3718,2,21.3848874257425
Polyboroides radiatus,3731,2,13.0572763182235
Polyboroides radiatus,468,3,38.0240908843971
Polyboroides radiatus,498,3,36.3318798597312
Polyboroides radiatus,549,3,49.6171625010395
Polyboroides radiatus,610,3,489.364914626243
Polyboroides radiatus,1617,3,39.0716951757742
Polyboroides radiatus,1636,3,58.0431777097644
Polyboroides radiatus,2769,3,90.1463766940973
Polyboroides radiatus,3061,3,57.985276672695
Polyboroides radiatus,3531,3,18.8080490493349
Polyboroides radiatus,3532,3,69.4793727685246
Polyboroides radiatus,3577,3,43.0398890354031
Polyboroides radiatus,3578,3,17.1081231937796
Polyboroides radiatus,3614,3,16.7397400424525
Polyboroides radiatus,3633,3,34.6422357639037
Polyboroides radiatus,3699,3,14.6364940401641
Polyboroides radiatus,851,4,130.279418856669
Polyboroides radiatus,2376,4,11.09483269007
Polyboroides radiatus,2425,4,150.889593339295
Polyboroides radiatus,2569,4,107.450014480365
Polyboroides radiatus,2574,4,16.1215402504426
Polyboroides radiatus,2672,4,29.6856059502555
Polyboroides radiatus,2837,4,49.5177099776991
Polyboroides radiatus,2903,4,96.7850115918685
Polyboroides radiatus,3074,4,67.1171045351946
Polyboroides radiatus,3248,4,14.8764755082333
Polyboroides radiatus,3498,4,262.206229025978
Polyboroides radiatus,3554,4,9.98819568179679
Polyboroides radiatus,3580,4,21.5378946383917
Polyboroides radiatus,3652,4,9.49007950158822
Polyboroides radiatus,3653,4,29.6282884787538
Polyboroides radiatus,3733,4,26.865191159266
Pseudobias wardi,4316,38,29.4123165165247
Pseudobias wardi,4390,38,27.2715936270408
Pseudobias wardi,4391,38,29.3885406549345
Pseudobias wardi,4392,38,20.6592519148787
Pseudobias wardi,4396,43,31.1097970257471
Pseudobias wardi,4397,43,29.6010280215162
Pseudobias wardi,3,1,133.479742109382
Pseudobias wardi,18,1,27.588695328369
Pseudobias wardi,28,1,126.477577932483
Pseudobias wardi,29,1,0.645659265649796
Pseudobias wardi,33,1,29.7890733494434
Pseudobias wardi,4402,1,21.3177359530708
Pseudobias wardi,4425,1,20.6591479170209
Pseudobias wardi,25,3,45.7566781900353
Pseudobias wardi,431,6,705.193368985474
Pseudobias wardi,446,6,1.09562847792852
Pseudobias wardi,450,6,17.3451783349406
Pseudobias wardi,451,6,89.3043626509749
Pseudobias wardi,453,6,0.273849359069705
Pseudobias wardi,508,6,319.819358904337
Pseudobias wardi,4432,6,59.3564680753817
Pseudobias wardi,968,7,2.87876883525908
Pseudobias wardi,970,7,0.899620833965421
Pseudobias wardi,988,7,0.269868277515411
Pseudobias wardi,4422,7,45.3586244344001
Pseudobias wardi,4424,7,33.0953660841964
Pseudobias wardi,3009,48,96.0048449014599
Pseudobias wardi,4435,48,29.7723925005818
Pseudobias wardi,4436,48,29.3041924637888
Pseudobias wardi,4421,49,42.668198616212
Pseudobias wardi,4438,49,90.898942940664
Pseudobias wardi,4440,49,9.5401058957789
Pseudobias wardi,4441,49,17.9006258988328
Pseudobias wardi,4442,49,2.8788579399693
Pseudobias wardi,4433,50,61.2124982058765
Pseudobias wardi,4434,50,86.6345357060499
Pseudobias wardi,4437,51,52.093110773009
Pseudobias wardi,4439,52,29.7379084643369
Pseudobias wardi,57,23,93.4084023600072
Pseudobias wardi,58,23,13.1690712168751
Pseudobias wardi,141,23,0.643524707942307
Pseudobias wardi,155,23,0.459616383671761
Pseudobias wardi,162,23,0.643432019171834
Pseudobias wardi,163,23,0.275752651619434
Pseudobias wardi,170,23,0.367655302864552
Pseudobias wardi,173,23,1.56243208603394
Pseudobias wardi,174,23,0.275729722221732
Pseudobias wardi,175,23,0.275717098941743
Pseudobias wardi,177,23,0.275709061498702
Pseudobias wardi,178,23,0.45950859373796
Pseudobias wardi,179,23,0.459497104688943
Pseudobias wardi,180,23,1.1946710927338
Pseudobias wardi,184,23,53.6769175645663
Pseudobias wardi,185,23,3.21620605602366
Pseudobias wardi,186,23,0.551364106284559
Pseudobias wardi,190,23,1.10266377710587
Pseudobias wardi,191,23,0.367564567481756
Pseudobias wardi,195,23,0.551319225259066
Pseudobias wardi,198,23,1.10259928914046
Pseudobias wardi,200,23,2.02137478975725
Pseudobias wardi,201,23,0.82694543447876
Pseudobias wardi,202,23,0.643170052254975
Pseudobias wardi,203,23,1.65382056523669
Pseudobias wardi,210,23,0.82682548099494
Pseudobias wardi,211,23,0.459349671094835
Pseudobias wardi,218,23,0.367459639964402
Pseudobias wardi,223,23,0.275586929093957
Pseudobias wardi,225,23,1.46972063059127
Pseudobias wardi,226,23,0.275577679304183
Pseudobias wardi,243,23,0.367363554798722
Pseudobias wardi,246,23,26.2648020061249
Pseudobias wardi,252,23,387.681919524389
Pseudobias wardi,328,23,0.275296915365994
Pseudobias wardi,331,23,0.275287525101304
Pseudobias wardi,335,23,0.275273431351006
Pseudobias wardi,337,23,1.5597926592769
Pseudobias wardi,338,23,3.30296723872179
Pseudobias wardi,356,23,0.733449546445847
Pseudobias wardi,364,23,123.178229161852
Pseudobias wardi,365,23,5796.71702320823
Pseudobias wardi,370,23,41.8330794416992
Pseudobias wardi,375,23,0.27451926506567
Pseudobias wardi,4337,23,2.3858150281055
Pseudobias wardi,4338,23,185.019204770684
Pseudobias wardi,4350,23,212.618379217929
Pseudobias wardi,4426,23,3.31826545062315
Pseudobias wardi,4427,23,11.468790800164
Pseudobias wardi,4428,23,431.173811464775
Pseudobias wardi,4429,23,8.71055469847293
Pseudobias wardi,492,40,0.820644420907617
Pseudobias wardi,532,40,27.780157617427
Pseudobias wardi,533,40,0.273246820754766
Pseudobias wardi,545,40,336.349343181512
Pseudobias wardi,4339,40,54.6539618968027
Pseudobias wardi,4351,40,31.4878831114429
Pseudobias wardi,4352,40,142.504930117817
Pseudobias wardi,3222,45,0.62064821295929
Pseudobias wardi,3225,45,0.265972006813645
Pseudobias wardi,3231,45,0.709200345668078
Pseudobias wardi,4345,45,68.5173564614324
Pseudobias wardi,4377,45,31.2831288292344
Pseudobias wardi,4399,45,30.9497681570725
Pseudobias wardi,4400,45,9.04229392747104
Pseudobias wardi,4443,45,29.2747668395581
Pseudobias wardi,4401,53,58.7538227882982
Pseudobias wardi,4409,47,30.8125924480652
Pseudobias wardi,4444,47,29.8980611396976
Pterocles personatus,41,3,2.38014501393825
Pterocles personatus,46,3,530.005293574391
Pterocles personatus,49,3,22.6013246737857
Pterocles personatus,83,3,9.59557619184256
Pterocles personatus,91,3,33.8977309492772
Pterocles personatus,94,3,134.062315645632
Pterocles personatus,100,3,13.7034546392342
Pterocles personatus,116,3,141.083650205127
Pterocles personatus,508,3,21.3848874257425
Pterocles personatus,510,3,5.84865503920686
Pterocles personatus,514,3,5.93885101003361
Pterocles personatus,521,3,12.6006713484271
Pterocles personatus,266,5,17.5870851484922
Pterocles personatus,270,5,2.0322578738991
Pterocles personatus,271,5,13.167280451611
Pterocles personatus,273,5,4.32352721770191
Pterocles personatus,277,5,4.93923973793232
Pterocles personatus,278,5,484.313035908873
Pterocles personatus,279,5,43.7305280778525
Pterocles personatus,287,5,4.31856011909783
Pterocles personatus,293,5,13.0307413413506
Pterocles personatus,294,5,3.87195306908179
Pterocles personatus,295,5,2.02272765648758
Pterocles personatus,390,5,5.39756081122946
Pterocles personatus,394,5,3.09217907194698
Pterocles personatus,397,5,1.9433949856267
Pterocles personatus,398,5,6.18067912423862
Pterocles personatus,405,5,6.06907414019704
Pterocles personatus,424,5,11.4965619779452
Pterocles personatus,425,5,6.98321707832301
Pterocles personatus,426,5,3.61718966663003
Pterocles personatus,427,5,2.02803748513615
Pterocles personatus,428,5,2.20392408444536
Pterocles personatus,445,5,2.38971397089434
Pterocles personatus,446,5,2.38467114169073
Pterocles personatus,447,5,2.47266626964414
Pterocles personatus,448,5,2.03042139631903
Pterocles personatus,456,5,9.52154744786656
Pterocles personatus,301,6,5.24620992285609
Pterocles personatus,304,6,2.62256681504786
Pterocles personatus,314,6,3.04583861633468
Pterocles personatus,315,6,1.99652411223841
Pterocles personatus,316,6,467.213976723116
Pterocles personatus,317,6,2.34164013403249
Pterocles personatus,318,6,3.72834730157495
Pterocles personatus,319,6,12.7407955704241
Pterocles personatus,320,6,12.0483039035152
Pterocles personatus,324,6,2.68566153213084
Pterocles personatus,325,6,4.07194558339631
Pterocles personatus,330,6,3.11728596669591
Pterocles personatus,333,6,11.3310980595299
Pterocles personatus,338,6,1.98623648264658
Pterocles personatus,339,6,3.10878571876741
Pterocles personatus,343,6,5.95456626512015
Pterocles personatus,347,6,4.91579007415057
Pterocles personatus,349,6,2.32784321939826
Pterocles personatus,350,6,4.74048544932437
Pterocles personatus,353,6,6.11881096036088
Pterocles personatus,355,6,2.66991477625501
Pterocles personatus,357,6,33.3282081727576
Pterocles personatus,359,6,152.77960690835
Pterocles personatus,361,6,24.0897988637511
Pterocles personatus,362,6,3.01169372167146
Pterocles personatus,363,6,2.75352315110588
Pterocles personatus,367,6,2.40852721046042
Pterocles personatus,415,6,2.44472936479187
Pterocles personatus,416,6,4.62691263784421
Pterocles personatus,419,6,4.97515838277996
Pterocles personatus,422,6,2.96757189296901
Pterocles personatus,429,6,18.0621390472169
Pterocles personatus,431,6,1.91961763637984
Pterocles personatus,436,6,4.31753920239925
Pterocles personatus,438,6,3.79813210761917
Pterocles personatus,497,6,24.5074496821614
Pterocles personatus,501,6,47.5161649497437
Pterocles personatus,502,6,3.97366904659271
Pterocles personatus,522,6,3.96024281801712
Pterocles personatus,523,6,28.6749251172347
Pterocles personatus,524,6,2.32518582735467
Rallus madagascariensis,41,4,17.784450699573
Rallus madagascariensis,43,4,1.91443390526378
Rallus madagascariensis,46,4,303.224390889654
Rallus madagascariensis,440,4,31.5815648439663
Rallus madagascariensis,4,2,28.8049090227646
Rallus madagascariensis,8,2,50.3100383420939
Rallus madagascariensis,17,2,269.925374915391
Rallus madagascariensis,18,2,29.7890733494434
Rallus madagascariensis,19,2,4.33443217345178
Rallus madagascariensis,26,2,118.189647976003
Rallus madagascariensis,27,2,4.05232580194008
Rallus madagascariensis,28,2,1.6576434094981
Rallus madagascariensis,29,2,341.62399802188
Rallus madagascariensis,31,2,24.3872932737229
Rallus madagascariensis,32,2,993.402532881015
Rallus madagascariensis,33,2,18.852509266389
Rallus madagascariensis,34,2,6.25186649493616
Rallus madagascariensis,445,2,21.3177359530708
Rallus madagascariensis,447,2,7.91582309376866
Rallus madagascariensis,455,2,3.31826545062315
Rallus madagascariensis,36,3,139.931184923653
Rallus madagascariensis,137,8,104.68823217409
Rallus madagascariensis,453,8,17.9006258988328
Rallus madagascariensis,454,8,42.668198616212
Rallus madagascariensis,462,8,61.2124982058765
Rallus madagascariensis,463,8,90.898942940664
Rallus madagascariensis,464,8,29.7379084643369
Rallus madagascariensis,466,8,9.5401058957789
Rallus madagascariensis,467,8,2.8788579399693
Rallus madagascariensis,436,9,68.5173564614324
Rallus madagascariensis,438,9,31.2831288292344
Rallus madagascariensis,442,9,30.9497681570725
Rallus madagascariensis,443,9,9.04229392747104
Rallus madagascariensis,444,9,29.2933770460075
Rallus madagascariensis,465,9,29.6296191803109
Randia pseudozosterops,565,5,99.6139781935802
Randia pseudozosterops,9802,43,29.3885406549345
Randia pseudozosterops,9893,43,20.6592519148787
Randia pseudozosterops,9905,46,31.1097970257471
Randia pseudozosterops,9906,46,29.6010280215162
Randia pseudozosterops,19,3,8.86135206354064
Randia pseudozosterops,42,3,24.0868463646751
Randia pseudozosterops,103,3,226.381940536628
Randia pseudozosterops,9921,3,0.645659265649796
Randia pseudozosterops,213,21,0.276354423903286
Randia pseudozosterops,235,21,0.644736027105212
Randia pseudozosterops,244,21,0.184197436095715
Randia pseudozosterops,264,21,149.498138390691
Randia pseudozosterops,1607,21,8727.10399368127
Randia pseudozosterops,9820,21,233.118431852784
Randia pseudozosterops,9848,21,105.074209833491
Randia pseudozosterops,9922,21,0.184350945953012
Randia pseudozosterops,9927,21,864.598566910954
Randia pseudozosterops,9928,21,8.71055469847293
Randia pseudozosterops,9929,21,1.55853332586139
Randia pseudozosterops,9930,21,4.12545809786379
Randia pseudozosterops,9931,21,5.22484076185095
Randia pseudozosterops,9936,21,0.366016744080782
Randia pseudozosterops,9939,21,2.55931186735392
Randia pseudozosterops,9940,21,118.609435406321
Randia pseudozosterops,9941,21,1.09562847792852
Randia pseudozosterops,9942,21,18.7867803754507
Randia pseudozosterops,9943,21,83.0485691054942
Randia pseudozosterops,9947,21,1.09378015375698
Randia pseudozosterops,9948,21,0.820222737159133
Randia pseudozosterops,9949,21,2.55151549227834
Randia pseudozosterops,9950,21,5.10222163080132
Randia pseudozosterops,9951,21,175.981325838436
Randia pseudozosterops,9952,21,63.0206184295745
Randia pseudozosterops,9912,38,29.8980611396976
Randia pseudozosterops,3639,48,90.898942940664
Randia pseudozosterops,9920,48,42.668198616212
Randia pseudozosterops,9957,48,9.5401058957789
Randia pseudozosterops,9958,48,17.9006258988328
Randia pseudozosterops,9959,48,2.8788579399693
Randia pseudozosterops,9953,53,61.2124982058765
Randia pseudozosterops,9954,53,86.6345357060499
Randia pseudozosterops,9955,54,29.3041924637888
Randia pseudozosterops,9956,55,29.7379084643369
Randia pseudozosterops,9855,52,68.5173564614324
Randia pseudozosterops,9881,52,31.2831288292344
Randia pseudozosterops,9908,52,30.9497681570725
Randia pseudozosterops,9960,52,29.2747668395581
Randia pseudozosterops,9909,56,58.7538227882982
Sarothrura insularis,1,1,72.6104762396646
Sarothrura insularis,5101,1,56.8711675529918
Sarothrura insularis,5235,26,31.1097970257471
Sarothrura insularis,5236,26,29.6010280215162
Sarothrura insularis,4540,24,2.33597082442725
Sarothrura insularis,5100,24,57.1920356452231
Sarothrura insularis,5224,24,27.2715936270408
Sarothrura insularis,5226,24,29.4123165165247
Sarothrura insularis,5227,24,29.3885406549345
Sarothrura insularis,5228,24,20.6592519148787
Sarothrura insularis,8,2,162.374759556721
Sarothrura insularis,99,2,1.74986507844645
Sarothrura insularis,247,2,1.56243208603394
Sarothrura insularis,256,2,1.1946710927338
Sarothrura insularis,260,2,3.21620605602366
Sarothrura insularis,261,2,1.10266377710587
Sarothrura insularis,266,2,1.10259928914046
Sarothrura insularis,267,2,2.02137478975725
Sarothrura insularis,268,2,0.82694543447876
Sarothrura insularis,270,2,1.65382056523669
Sarothrura insularis,281,2,0.82682548099494
Sarothrura insularis,290,2,1.46972063059127
Sarothrura insularis,311,2,58.6780858784085
Sarothrura insularis,331,2,431.421548407617
Sarothrura insularis,824,2,9151.38740524753
Sarothrura insularis,5037,2,53.6769175645663
Sarothrura insularis,5158,2,674.702984277473
Sarothrura insularis,5312,2,31.5815648439663
Sarothrura insularis,5313,2,21.3177359530708
Sarothrura insularis,5314,2,301.472100416912
Sarothrura insularis,5315,2,176.981841014409
Sarothrura insularis,5316,2,29.7890733494434
Sarothrura insularis,5322,2,1385.48179139944
Sarothrura insularis,5323,2,8.71055469847293
Sarothrura insularis,5324,2,4.12545809786379
Sarothrura insularis,5332,2,2.55931186735392
Sarothrura insularis,5333,2,118.700718526081
Sarothrura insularis,5334,2,1.09562847792852
Sarothrura insularis,5335,2,18.7867803754507
Sarothrura insularis,5336,2,83.0485691054942
Sarothrura insularis,5340,2,1.09378015375698
Sarothrura insularis,5341,2,0.820222737159133
Sarothrura insularis,5342,2,2.55151549227834
Sarothrura insularis,5343,2,5.10222163080132
Sarothrura insularis,5344,2,176.345637707092
Sarothrura insularis,5345,2,63.0206184295745
Sarothrura insularis,5358,2,0.820644420907617
Sarothrura insularis,5359,2,1.91443390526378
Sarothrura insularis,1742,21,0.899620833965421
Sarothrura insularis,5057,21,2.87876883525908
Sarothrura insularis,5269,21,45.3586244344001
Sarothrura insularis,5271,21,33.0953660841964
Sarothrura insularis,3422,30,104.68823217409
Sarothrura insularis,5347,30,61.2124982058765
Sarothrura insularis,5268,31,42.668198616212
Sarothrura insularis,5352,31,90.898942940664
Sarothrura insularis,5354,31,9.5401058957789
Sarothrura insularis,5355,31,17.9006258988328
Sarothrura insularis,5356,31,2.8788579399693
Sarothrura insularis,5346,32,82.1709647371291
Sarothrura insularis,5348,32,96.0048449014599
Sarothrura insularis,5349,32,29.7723925005818
Sarothrura insularis,5350,32,29.3041924637888
Sarothrura insularis,5351,32,52.093110773009
Sarothrura insularis,5136,28,68.5173564614324
Sarothrura insularis,5205,28,31.2831288292344
Sarothrura insularis,5240,28,30.9497681570725
Sarothrura insularis,5241,28,9.04229392747104
Sarothrura insularis,5357,28,29.6296191803109
Sarothrura insularis,5242,33,58.7538227882982
Sarothrura insularis,5256,29,30.8125924480652
Sarothrura insularis,5360,29,29.8980611396976
Schetba rufa,5562,18,30.4260267755418
Schetba rufa,8,1,0.556644208811998
Schetba rufa,9,1,0.371099061261237
Schetba rufa,10,1,0.556625695955515
Schetba rufa,11,1,9.36908318528389
Schetba rufa,13,1,0.463806772104442
Schetba rufa,16,1,0.278275269288719
Schetba rufa,2236,42,49.6171625010395
Schetba rufa,2352,42,4.58233058484114
Schetba rufa,700,3,91.8113589710392
Schetba rufa,69,40,21.0334598369216
Schetba rufa,6229,20,2.33597082442725
Schetba rufa,6285,20,0.777178853789449
Schetba rufa,6314,20,57.1920356452231
Schetba rufa,6335,20,0.604549703201652
Schetba rufa,6389,20,19.9515621485544
Schetba rufa,6420,20,29.4123165165247
Schetba rufa,6421,20,29.3885406549345
Schetba rufa,6422,20,20.6592519148787
Schetba rufa,4597,45,29.2933770460075
Schetba rufa,2661,46,39.0716951757742
Schetba rufa,6443,46,14.6364940401641
Schetba rufa,2768,50,43.0398890354031
Schetba rufa,2785,50,13.982839005957
Schetba rufa,2907,50,13.8841261984148
Schetba rufa,2911,50,40.3042481815555
Schetba rufa,3015,50,0.447673652347326
Schetba rufa,3023,50,2.32767118464887
Schetba rufa,3137,50,88.5345907866451
Schetba rufa,3146,50,180.908896227561
Schetba rufa,3181,50,2.59390059166038
Schetba rufa,3278,50,0.983363953858614
Schetba rufa,3344,50,28.8514752628688
Schetba rufa,3420,50,0.714404974963069
Schetba rufa,3435,50,0.535747839347363
Schetba rufa,3449,50,0.446428569326878
Schetba rufa,3455,50,0.446413028153181
Schetba rufa,3473,50,1.87495118889773
Schetba rufa,6351,50,22.9626920597712
Schetba rufa,6352,50,7.14406051427555
Schetba rufa,994,5,0.365034251434088
Schetba rufa,995,5,254.089722492516
Schetba rufa,1012,5,94.7218113163471
Schetba rufa,1020,5,50.5501472632052
Schetba rufa,1021,5,0.547426328328371
Schetba rufa,1024,5,0.364942030490041
Schetba rufa,1027,5,0.456175956650972
Schetba rufa,6456,5,0.365072069038987
Schetba rufa,6457,5,0.821376871704459
Schetba rufa,6459,5,1.73396250702751
Schetba rufa,1743,11,54.2365761365997
Schetba rufa,1761,13,52.093110773009
Schetba rufa,3828,14,50.9016537971916
Schetba rufa,214,25,134.310371149206
Schetba rufa,226,25,21.3177359530708
Schetba rufa,245,25,27.588695328369
Schetba rufa,253,25,93.5449729918016
Schetba rufa,254,25,20.6591479170209
Schetba rufa,259,25,7.19359772695017
Schetba rufa,269,25,0.276647751640141
Schetba rufa,358,25,1.10513790659833
Schetba rufa,608,25,55.7476823689146
Schetba rufa,621,25,78.8713894917149
Schetba rufa,623,25,19.515860134726
Schetba rufa,648,25,755.375382806539
Schetba rufa,953,25,1.09562847792852
Schetba rufa,967,25,5816.94090726322
Schetba rufa,976,25,105.737423798213
Schetba rufa,1004,25,66.612285053262
Schetba rufa,1042,25,0.821044563117385
Schetba rufa,1091,25,70.1781088049791
Schetba rufa,1097,25,11.844067606982
Schetba rufa,1104,25,15.0325883204135
Schetba rufa,1118,25,0.455462092835665
Schetba rufa,1122,25,0.728630221538186
Schetba rufa,1143,25,158.216232237621
Schetba rufa,6339,25,25.220926926344
Schetba rufa,6445,25,1.55853332586139
Schetba rufa,6446,25,5.22484076185095
Schetba rufa,6454,25,2.55931186735392
Schetba rufa,6467,25,1.09378015375698
Schetba rufa,6468,25,94.7482415128438
Schetba rufa,6469,25,18.7867803754507
Schetba rufa,6470,25,83.0485691054942
Schetba rufa,6471,25,0.820222737159133
Schetba rufa,6472,25,2.55151549227834
Schetba rufa,6473,25,5.10222163080132
Schetba rufa,6474,25,63.0206184295745
Schetba rufa,2082,27,16.7397400424525
Schetba rufa,6477,27,6.02879668256032
Schetba rufa,1369,34,30.8125924480652
Schetba rufa,6475,34,29.8980611396976
Schetba rufa,471,36,6.61398661989015
Schetba rufa,482,36,14.511167197374
Schetba rufa,2106,38,45.3586244344001
Schetba rufa,2140,38,2.87876883525908
Schetba rufa,2145,38,0.899620833965421
Schetba rufa,2163,38,0.269868277515411
Schetba rufa,2170,38,33.0953660841964
Schetba rufa,1712,44,29.8625855308016
Schetba rufa,1792,51,29.6477985946727
Schetba rufa,2322,52,17.9006258988328
Schetba rufa,6478,52,9.5401058957789
Schetba rufa,6479,52,2.8788579399693
Schetba rufa,4373,49,68.5173564614324
Schetba rufa,4407,49,0.62064821295929
Schetba rufa,4412,49,0.265972006813645
Schetba rufa,4421,49,0.709200345668078
Schetba rufa,4522,49,9.04229392747104
Setifer setosus,17702,164,63.2344571036459
Setifer setosus,20086,474,11.3310980595299
Setifer setosus,21370,520,14.5508957098908
Setifer setosus,20864,477,4.74048544932437
Setifer setosus,21150,477,2.32784321939826
Setifer setosus,21243,477,4.91579007415057
Setifer setosus,20992,490,24.0897988637511
Setifer setosus,21381,526,44.4928427752329
Setifer setosus,341,13,0.370271373195112
Setifer setosus,342,13,0.46283412528491
Setifer setosus,345,13,43.0377824654047
Setifer setosus,356,13,1.48074673073447
Setifer setosus,357,13,1.66577102635723
Setifer setosus,360,13,0.277623898765862
Setifer setosus,361,13,0.277610584835649
Setifer setosus,21520,13,1.38815019469839
Setifer setosus,21543,553,25.074716512655
Setifer setosus,21466,539,13.0307413413506
Setifer setosus,169,6,0.463597745713949
Setifer setosus,212,6,43.2038186617155
Setifer setosus,21655,568,24.4501852478648
Setifer setosus,17895,609,16.1215402504426
Setifer setosus,3781,555,91.8113589710392
Setifer setosus,240,559,0.555893682719886
Setifer setosus,254,559,27.8845320748951
Setifer setosus,255,559,0.277912765102387
Setifer setosus,97,4,0.556644208811998
Setifer setosus,101,4,0.371099061261237
Setifer setosus,104,4,0.556625695955515
Setifer setosus,117,4,0.463806772104442
Setifer setosus,124,4,0.278275269288719
Setifer setosus,126,4,0.463781360735476
Setifer setosus,136,4,0.278243954663038
Setifer setosus,149,4,0.27820176096195
Setifer setosus,152,4,0.64914825101471
Setifer setosus,159,4,130.021860527523
Setifer setosus,163,4,6.49089737985898
Setifer setosus,168,4,8.43709773357266
Setifer setosus,21722,4,56.8711675529918
Setifer setosus,294,377,70.9727122086791
Setifer setosus,21234,583,0.431933750124097
Setifer setosus,21806,583,20.9968046764002
Setifer setosus,16209,479,2.74006951960862
Setifer setosus,16301,479,10.3398139962522
Setifer setosus,21794,586,20.745550279323
Setifer setosus,20480,588,0.777178853789449
Setifer setosus,21627,588,0.604549703201652
Setifer setosus,21824,588,19.9515621485544
Setifer setosus,2271,27,0.275667671454728
Setifer setosus,2284,27,1.92954817861217
Setifer setosus,2368,27,0.275591552190781
Setifer setosus,2387,27,0.367434207116187
Setifer setosus,2404,27,33.8991079803615
Setifer setosus,21825,27,0.367500048400045
Setifer setosus,3469,42,27.0084407932128
Setifer setosus,3586,42,1.55623826883286
Setifer setosus,3616,42,1.28151005270296
Setifer setosus,3675,42,0.457617758493304
Setifer setosus,21826,42,0.366216056347668
Setifer setosus,20163,571,2.33597082442725
Setifer setosus,21705,571,57.1920356452231
Setifer setosus,21929,602,27.2715936270408
Setifer setosus,21931,604,29.4123165165247
Setifer setosus,21932,605,29.3885406549345
Setifer setosus,21933,606,20.6592519148787
Setifer setosus,4255,56,2.64969806134295
Setifer setosus,4289,56,0.274089461484313
Setifer setosus,4325,56,7.03479595916342
Setifer setosus,4326,56,4.56775692645061
Setifer setosus,21831,56,0.456749789225697
Setifer setosus,7873,108,0.632951986920595
Setifer setosus,21934,108,18.8080490493349
Setifer setosus,18247,353,0.34985461304009
Setifer setosus,18264,353,5.24620992285609
Setifer setosus,18270,353,0.524716098462582
Setifer setosus,18306,353,86.5471977120337
Setifer setosus,17698,458,161.365932494036
Setifer setosus,21360,458,6.26889056321883
Setifer setosus,21361,458,87.1291073159
Setifer setosus,21371,458,2.02803748513615
Setifer setosus,21372,458,2.11576712074006
Setifer setosus,21454,458,19.2725371855298
Setifer setosus,21457,458,26.8667837100709
Setifer setosus,21572,458,9.10472416365386
Setifer setosus,21573,458,0.265184216719627
Setifer setosus,21903,458,17.5870851484922
Setifer setosus,4256,577,22.2892814174192
Setifer setosus,3812,580,24.8813630898282
Setifer setosus,3962,580,2.19464777098519
Setifer setosus,3987,580,13.8091860837303
Setifer setosus,21977,616,58.7538227882982
Setifer setosus,21962,617,31.1097970257471
Setifer setosus,21963,617,29.6010280215162
Setifer setosus,20363,466,0.259241756382585
Setifer setosus,21246,466,29.6357740792488
Setifer setosus,21307,466,0.431926162170768
Setifer setosus,7444,99,38.2051651932326
Setifer setosus,7507,99,3.07696966736531
Setifer setosus,7515,99,0.723997986285687
Setifer setosus,7549,99,0.361958205401778
Setifer setosus,21665,99,0.452763459862113
Setifer setosus,21837,618,29.6714715318073
Setifer setosus,11639,533,57.9536162531203
Setifer setosus,21348,533,57.985276672695
Setifer setosus,21396,533,3.75955498126948
Setifer setosus,11757,621,3.31343096531284
Setifer setosus,21971,621,17.1081231937796
Setifer setosus,21471,540,71.4462227849903
Setifer setosus,22064,540,23.0620316261819
Setifer setosus,22065,540,29.6282884787538
Setifer setosus,22073,624,31.5815648439663
Setifer setosus,10175,610,49.6171625010395
Setifer setosus,10584,610,4.58233058484114
Setifer setosus,21997,644,34.6422357639037
Setifer setosus,21970,614,43.0398890354031
Setifer setosus,4513,52,64.7813755391199
Setifer setosus,21829,52,0.456764738324285
Setifer setosus,11584,311,39.0716951757742
Setifer setosus,22121,311,14.6364940401641
Setifer setosus,921,385,162.374759556721
Setifer setosus,22083,385,21.3177359530708
Setifer setosus,22084,385,301.748748168552
Setifer setosus,22086,385,0.645659265649796
Setifer setosus,2101,646,0.643524707942307
Setifer setosus,2151,646,0.459616383671761
Setifer setosus,2169,646,0.643432019171834
Setifer setosus,2174,646,0.275752651619434
Setifer setosus,2193,646,0.367655302864552
Setifer setosus,2206,646,1.56243208603394
Setifer setosus,2207,646,0.275729722221732
Setifer setosus,2224,646,0.275717098941743
Setifer setosus,2232,646,0.275709061498702
Setifer setosus,2236,646,0.45950859373796
Setifer setosus,2241,646,0.459497104688943
Setifer setosus,2242,646,1.1946710927338
Setifer setosus,2252,646,53.6769175645663
Setifer setosus,2254,646,3.21620605602366
Setifer setosus,2255,646,0.551364106284559
Setifer setosus,2262,646,1.10266377710587
Setifer setosus,2270,646,0.367564567481756
Setifer setosus,2278,646,0.551319225259066
Setifer setosus,2288,646,1.10259928914046
Setifer setosus,2292,646,2.02137478975725
Setifer setosus,2293,646,0.82694543447876
Setifer setosus,2299,646,0.643170052254975
Setifer setosus,2308,646,1.65382056523669
Setifer setosus,2325,646,0.82682548099494
Setifer setosus,2345,646,0.459349671094835
Setifer setosus,2366,646,0.367459639964402
Setifer setosus,2381,646,0.275586929093957
Setifer setosus,2385,646,1.46972063059127
Setifer setosus,2386,646,0.275577679304183
Setifer setosus,2465,646,0.367363554798722
Setifer setosus,2486,646,58.6780858784085
Setifer setosus,2545,646,431.329695352153
Setifer setosus,2576,646,0.27544305105114
Setifer setosus,6073,646,9163.642217011
Setifer setosus,22093,646,1385.48179139944
Setifer setosus,22094,646,8.71055469847293
Setifer setosus,22095,646,1.55853332586139
Setifer setosus,22097,646,5.22484076185095
Setifer setosus,22104,646,0.366016744080782
Setifer setosus,22107,646,2.55931186735392
Setifer setosus,22108,646,118.609435406321
Setifer setosus,22109,646,1.09562847792852
Setifer setosus,22110,646,18.7867803754507
Setifer setosus,22111,646,83.0485691054942
Setifer setosus,22115,646,1.09378015375698
Setifer setosus,22116,646,0.820222737159133
Setifer setosus,22117,646,2.55151549227834
Setifer setosus,22118,646,5.10222163080132
Setifer setosus,22119,646,175.981325838436
Setifer setosus,22120,646,63.0206184295745
Setifer setosus,22085,647,176.981841014409
Setifer setosus,22087,648,29.7890733494434
Setifer setosus,19185,446,2.17529626793385
Setifer setosus,19436,446,1.39015823458207
Setifer setosus,21296,446,29.6856059502555
Setifer setosus,21618,446,3.48046890408206
Setifer setosus,21687,446,8.87579014953661
Setifer setosus,21688,446,14.8764755082333
Setifer setosus,21689,446,4.26181091131223
Setifer setosus,21964,446,9.98819568179679
Setifer setosus,21966,446,0.347374393435955
Setifer setosus,22135,446,150.889593339295
Setifer setosus,19569,649,1.99652411223841
Setifer setosus,19710,649,2.34164013403249
Setifer setosus,19744,649,0.260165493234277
Setifer setosus,19756,649,3.72834730157495
Setifer setosus,19812,649,12.7407955704241
Setifer setosus,19859,649,12.0483039035152
Setifer setosus,19918,649,2.68566153213084
Setifer setosus,19921,649,4.07194558339631
Setifer setosus,20396,649,466.866095203747
Setifer setosus,20536,475,3.79813210761917
Setifer setosus,20635,475,24.5074496821614
Setifer setosus,20651,475,152.434539488629
Setifer setosus,20933,475,2.32518582735467
Setifer setosus,20947,475,33.3282081727576
Setifer setosus,20975,475,47.5161649497437
Setifer setosus,21252,475,27.7275849730304
Setifer setosus,21253,475,2.66991477625501
Setifer setosus,22136,475,3.96024281801712
Setifer setosus,14458,496,108.01588872667
Setifer setosus,22122,496,44.3707966394124
Setifer setosus,22123,496,1.42253739552879
Setifer setosus,21302,541,11.1631336764222
Setifer setosus,21304,541,6.66920689187086
Setifer setosus,21389,541,0.346399268720031
Setifer setosus,21390,541,20.9473376567002
Setifer setosus,22142,541,0.25979757743597
Setifer setosus,22145,541,0.952374834452987
Setifer setosus,22146,541,0.25972818517673
Setifer setosus,22150,541,4.2402384895742
Setifer setosus,22151,541,6.05717425780273
Setifer setosus,4748,589,0.365034251434088
Setifer setosus,4775,589,750.114654599278
Setifer setosus,4791,589,0.547426328328371
Setifer setosus,4795,589,0.364942030490041
Setifer setosus,4799,589,0.456175956650972
Setifer setosus,22075,589,0.365072069038987
Setifer setosus,22076,589,0.821376871704459
Setifer setosus,22078,589,1.73396250702751
Setifer setosus,21849,590,674.611930876287
Setifer setosus,22153,590,0.820644420907617
Setifer setosus,9763,592,2.87876883525908
Setifer setosus,9767,592,0.899620833965421
Setifer setosus,9798,592,0.269868277515411
Setifer setosus,22025,592,45.3586244344001
Setifer setosus,22027,592,33.0953660841964
Setifer setosus,14688,650,104.68823217409
Setifer setosus,22024,651,42.668198616212
Setifer setosus,22130,651,90.898942940664
Setifer setosus,22124,652,82.1709647371291
Setifer setosus,22126,652,96.0048449014599
Setifer setosus,22125,653,61.2124982058765
Setifer setosus,22127,654,29.7723925005818
Setifer setosus,22128,655,29.3041924637888
Setifer setosus,22129,656,52.093110773009
Setifer setosus,22131,657,29.7379084643369
Setifer setosus,22133,658,17.9006258988328
Setifer setosus,22134,658,2.8788579399693
Setifer setosus,15554,593,0.62064821295929
Setifer setosus,15568,593,0.265972006813645
Setifer setosus,15586,593,0.709200345668078
Setifer setosus,21790,593,68.5173564614324
Setifer setosus,21975,593,30.9497681570725
Setifer setosus,21976,593,9.04229392747104
Setifer setosus,22152,593,29.2747668395581
Setifer setosus,9943,608,0.449603298738718
Setifer setosus,9944,608,0.359686745625973
Setifer setosus,10005,608,36.3318798597312
Setifer setosus,21994,608,6.47518067735767
Setifer setosus,22158,608,0.449634089967012
Setifer setosus,21935,611,69.4793727685246
Setifer setosus,21906,615,31.2831288292344
Setifer setosus,22012,627,30.8125924480652
Setifer setosus,22159,627,29.8980611396976
Setifer setosus,21988,643,16.7397400424525
Setifer setosus,22156,643,6.02879668256032
Setifer setosus,11889,645,2.32767118464887
Setifer setosus,12113,645,89.7882265229816
Setifer setosus,13269,645,470.042691825763
Tenrec ecaudatus,22814,348,44.4928427752329
Tenrec ecaudatus,22971,381,13.3829553466897
Tenrec ecaudatus,23130,381,6.06907414019704
Tenrec ecaudatus,23131,381,2.02272765648758
Tenrec ecaudatus,389,193,0.370271373195112
Tenrec ecaudatus,390,193,0.46283412528491
Tenrec ecaudatus,393,193,43.0377824654047
Tenrec ecaudatus,418,193,1.48074673073447
Tenrec ecaudatus,421,193,1.66577102635723
Tenrec ecaudatus,23015,193,1.38815019469839
Tenrec ecaudatus,23048,386,25.074716512655
Tenrec ecaudatus,201,160,0.463597745713949
Tenrec ecaudatus,248,160,43.3892599286922
Tenrec ecaudatus,23208,399,24.4501852478648
Tenrec ecaudatus,4099,352,91.902892975114
Tenrec ecaudatus,286,390,0.555893682719886
Tenrec ecaudatus,301,390,27.8845320748951
Tenrec ecaudatus,130,124,0.556644208811998
Tenrec ecaudatus,135,124,0.371099061261237
Tenrec ecaudatus,138,124,0.556625695955515
Tenrec ecaudatus,148,124,0.463806772104442
Tenrec ecaudatus,157,124,0.463781360735476
Tenrec ecaudatus,187,124,130.021860527523
Tenrec ecaudatus,193,124,6.49089737985898
Tenrec ecaudatus,209,124,8.43709773357266
Tenrec ecaudatus,22984,124,0.64914825101471
Tenrec ecaudatus,23263,124,56.8711675529918
Tenrec ecaudatus,337,319,70.9727122086791
Tenrec ecaudatus,23354,413,20.745550279323
Tenrec ecaudatus,21943,417,0.777178853789449
Tenrec ecaudatus,23176,417,0.604549703201652
Tenrec ecaudatus,23391,417,19.9515621485544
Tenrec ecaudatus,2274,169,1.92954817861217
Tenrec ecaudatus,2380,169,0.367434207116187
Tenrec ecaudatus,2399,169,33.8991079803615
Tenrec ecaudatus,23392,169,0.367500048400045
Tenrec ecaudatus,3690,194,27.0084407932128
Tenrec ecaudatus,3814,194,1.55623826883286
Tenrec ecaudatus,3842,194,1.28151005270296
Tenrec ecaudatus,3917,194,0.457617758493304
Tenrec ecaudatus,3976,194,1.00660883126068
Tenrec ecaudatus,23393,194,0.366216056347668
Tenrec ecaudatus,6313,342,21.2443070814916
Tenrec ecaudatus,22563,428,20.1326320307166
Tenrec ecaudatus,22565,428,0.431933750124097
Tenrec ecaudatus,21849,400,2.33597082442725
Tenrec ecaudatus,23249,400,57.1920356452231
Tenrec ecaudatus,23499,429,27.2715936270408
Tenrec ecaudatus,23501,431,29.4123165165247
Tenrec ecaudatus,23502,432,29.3885406549345
Tenrec ecaudatus,23503,433,20.6592519148787
Tenrec ecaudatus,22955,35,76.4973862589782
Tenrec ecaudatus,22956,35,19.4493472260517
Tenrec ecaudatus,22959,35,26.8667837100709
Tenrec ecaudatus,22960,35,0.795282153395653
Tenrec ecaudatus,22962,35,7.50890607225907
Tenrec ecaudatus,23119,35,9.25706128804016
Tenrec ecaudatus,23121,35,18.6823267181613
Tenrec ecaudatus,23123,35,4.31856011909783
Tenrec ecaudatus,23126,35,2.1215020846684
Tenrec ecaudatus,23491,35,16.4384100199343
Tenrec ecaudatus,23492,35,2.0322578738991
Tenrec ecaudatus,20678,45,86.5471977120337
Tenrec ecaudatus,20719,45,5.24620992285609
Tenrec ecaudatus,22178,45,0.34985461304009
Tenrec ecaudatus,22179,45,0.524716098462582
Tenrec ecaudatus,10203,303,0.632951986920595
Tenrec ecaudatus,23504,303,18.8080490493349
Tenrec ecaudatus,23111,382,67.1171045351946
Tenrec ecaudatus,23544,382,21.5378946383917
Tenrec ecaudatus,23534,446,31.1097970257471
Tenrec ecaudatus,23535,446,29.6010280215162
Tenrec ecaudatus,23564,448,58.7538227882982
Tenrec ecaudatus,3931,88,22.6013246737857
Tenrec ecaudatus,23404,451,29.6714715318073
Tenrec ecaudatus,23659,453,31.5815648439663
Tenrec ecaudatus,9784,302,38.2051651932326
Tenrec ecaudatus,9818,302,3.07696966736531
Tenrec ecaudatus,9828,302,0.723997986285687
Tenrec ecaudatus,9866,302,0.361958205401778
Tenrec ecaudatus,23218,302,0.452763459862113
Tenrec ecaudatus,20213,360,99.9457961466128
Tenrec ecaudatus,23532,360,14.9893741114286
Tenrec ecaudatus,23541,454,43.0398890354031
Tenrec ecaudatus,13996,442,49.6171625010395
Tenrec ecaudatus,23075,442,4.58233058484114
Tenrec ecaudatus,23588,470,34.6422357639037
Tenrec ecaudatus,22058,53,90.7621720601044
Tenrec ecaudatus,22064,53,2.32518582735467
Tenrec ecaudatus,22069,53,42.9544435797248
Tenrec ecaudatus,22492,53,3.96024281801712
Tenrec ecaudatus,22549,53,1.20737845729136
Tenrec ecaudatus,22570,53,24.8859073831274
Tenrec ecaudatus,23725,53,2.41072523375285
Tenrec ecaudatus,5178,216,72.0906228077071
Tenrec ecaudatus,23396,216,0.456764738324285
Tenrec ecaudatus,21905,249,3.97366904659271
Tenrec ecaudatus,21930,249,4.49024814843654
Tenrec ecaudatus,21974,249,19.4161335749024
Tenrec ecaudatus,21995,249,14.404852976096
Tenrec ecaudatus,22484,249,0.776678249714613
Tenrec ecaudatus,21863,286,20.9473376567002
Tenrec ecaudatus,22671,286,6.66920689187086
Tenrec ecaudatus,22726,286,11.1631336764222
Tenrec ecaudatus,22811,286,0.346399268720031
Tenrec ecaudatus,23718,286,0.952374834452987
Tenrec ecaudatus,23723,286,4.2402384895742
Tenrec ecaudatus,23724,286,6.05717425780273
Tenrec ecaudatus,1024,289,162.374759556721
Tenrec ecaudatus,23668,289,21.3177359530708
Tenrec ecaudatus,23669,289,301.748748168552
Tenrec ecaudatus,23671,289,0.645659265649796
Tenrec ecaudatus,2129,472,0.459616383671761
Tenrec ecaudatus,2154,472,0.643432019171834
Tenrec ecaudatus,2176,472,0.367655302864552
Tenrec ecaudatus,2195,472,1.56243208603394
Tenrec ecaudatus,2227,472,0.45950859373796
Tenrec ecaudatus,2233,472,0.459497104688943
Tenrec ecaudatus,2234,472,1.1946710927338
Tenrec ecaudatus,2248,472,3.21620605602366
Tenrec ecaudatus,2249,472,0.551364106284559
Tenrec ecaudatus,2256,472,1.10266377710587
Tenrec ecaudatus,2263,472,0.367564567481756
Tenrec ecaudatus,2268,472,0.551319225259066
Tenrec ecaudatus,2279,472,1.10259928914046
Tenrec ecaudatus,2284,472,2.02137478975725
Tenrec ecaudatus,2285,472,0.82694543447876
Tenrec ecaudatus,2291,472,0.643170052254975
Tenrec ecaudatus,2300,472,1.65382056523669
Tenrec ecaudatus,2320,472,0.82682548099494
Tenrec ecaudatus,2339,472,0.459349671094835
Tenrec ecaudatus,2361,472,0.367459639964402
Tenrec ecaudatus,2379,472,1.46972063059127
Tenrec ecaudatus,2469,472,0.367363554798722
Tenrec ecaudatus,2488,472,58.6780858784085
Tenrec ecaudatus,2566,472,431.421548407617
Tenrec ecaudatus,8194,472,9167.49023685536
Tenrec ecaudatus,23058,472,53.6769175645663
Tenrec ecaudatus,23059,472,0.643524707942307
Tenrec ecaudatus,23416,472,674.702984277473
Tenrec ecaudatus,23670,472,176.981841014409
Tenrec ecaudatus,23678,472,1385.48179139944
Tenrec ecaudatus,23679,472,8.71055469847293
Tenrec ecaudatus,23680,472,1.55853332586139
Tenrec ecaudatus,23682,472,5.22484076185095
Tenrec ecaudatus,23685,472,0.366478799301446
Tenrec ecaudatus,23687,472,0.366016744080782
Tenrec ecaudatus,23690,472,2.55931186735392
Tenrec ecaudatus,23691,472,118.700718526081
Tenrec ecaudatus,23692,472,1.09562847792852
Tenrec ecaudatus,23693,472,18.7867803754507
Tenrec ecaudatus,23694,472,83.0485691054942
Tenrec ecaudatus,23698,472,1.09378015375698
Tenrec ecaudatus,23699,472,0.820222737159133
Tenrec ecaudatus,23700,472,2.55151549227834
Tenrec ecaudatus,23701,472,5.10222163080132
Tenrec ecaudatus,23702,472,176.345637707092
Tenrec ecaudatus,23703,472,63.0206184295745
Tenrec ecaudatus,23736,472,0.820644420907617
Tenrec ecaudatus,23737,472,1.91443390526378
Tenrec ecaudatus,23672,473,29.7890733494434
Tenrec ecaudatus,21042,295,172.263727158143
Tenrec ecaudatus,21318,295,1.82724169255435
Tenrec ecaudatus,21528,295,0.347350369179249
Tenrec ecaudatus,21708,295,230.404751086354
Tenrec ecaudatus,22480,295,12.0483039035152
Tenrec ecaudatus,14350,389,39.0716951757742
Tenrec ecaudatus,23704,389,14.6364940401641
Tenrec ecaudatus,14410,396,57.9536162531203
Tenrec ecaudatus,22980,396,3.75955498126948
Tenrec ecaudatus,23080,396,57.985276672695
Tenrec ecaudatus,22653,405,108.01588872667
Tenrec ecaudatus,23726,405,44.3707966394124
Tenrec ecaudatus,23727,405,1.42253739552879
Tenrec ecaudatus,4366,414,20.1184639854197
Tenrec ecaudatus,4488,414,1.91988596975839
Tenrec ecaudatus,4489,414,4.20534270261967
Tenrec ecaudatus,22743,414,24.8813630898282
Tenrec ecaudatus,22773,414,37.6497033879611
Tenrec ecaudatus,23540,414,22.3806283842225
Tenrec ecaudatus,23731,414,3.56491505919516
Tenrec ecaudatus,4584,418,5.85033975470399
Tenrec ecaudatus,4597,418,24.6792146248905
Tenrec ecaudatus,4632,418,1.00543750432062
Tenrec ecaudatus,4636,418,2.83342021114922
Tenrec ecaudatus,4664,418,1.00536820483041
Tenrec ecaudatus,4665,418,2.37624750380051
Tenrec ecaudatus,4725,418,7.676784038162
Tenrec ecaudatus,4748,418,8.86332816260337
Tenrec ecaudatus,22775,418,4.56775692645061
Tenrec ecaudatus,23398,418,16.5402429724656
Tenrec ecaudatus,23562,418,11.5120029750919
Tenrec ecaudatus,12371,420,0.899620833965421
Tenrec ecaudatus,23101,420,2.87876883525908
Tenrec ecaudatus,23614,420,45.3586244344001
Tenrec ecaudatus,23616,420,33.0953660841964
Tenrec ecaudatus,17380,474,104.68823217409
Tenrec ecaudatus,23613,475,42.668198616212
Tenrec ecaudatus,23711,475,90.898942940664
Tenrec ecaudatus,23705,476,82.1709647371291
Tenrec ecaudatus,23707,476,96.0048449014599
Tenrec ecaudatus,23706,477,61.2124982058765
Tenrec ecaudatus,23708,478,29.7723925005818
Tenrec ecaudatus,23709,479,29.3041924637888
Tenrec ecaudatus,23710,480,52.093110773009
Tenrec ecaudatus,23712,481,29.7379084643369
Tenrec ecaudatus,23713,482,9.5401058957789
Tenrec ecaudatus,23714,482,17.9006258988328
Tenrec ecaudatus,23715,482,2.8788579399693
Tenrec ecaudatus,23352,423,68.5173564614324
Tenrec ecaudatus,23563,423,30.9497681570725
Tenrec ecaudatus,23735,423,29.2747668395581
Tenrec ecaudatus,5644,434,2.00722734047949
Tenrec ecaudatus,5664,434,0.364942030490041
Tenrec ecaudatus,5716,434,0.456175956650972
Tenrec ecaudatus,7103,434,802.318279276272
Tenrec ecaudatus,23661,434,0.365072069038987
Tenrec ecaudatus,23662,434,0.821376871704459
Tenrec ecaudatus,12576,438,0.449603298738718
Tenrec ecaudatus,12577,438,0.359686745625973
Tenrec ecaudatus,12683,438,36.3318798597312
Tenrec ecaudatus,23585,438,6.47518067735767
Tenrec ecaudatus,23741,438,0.449634089967012
Tenrec ecaudatus,23505,443,69.4793727685246
Tenrec ecaudatus,23467,447,31.2831288292344
Tenrec ecaudatus,23601,457,30.8125924480652
Tenrec ecaudatus,23742,457,29.8980611396976
Tenrec ecaudatus,23579,469,16.7397400424525
Tenrec ecaudatus,23739,469,6.02879668256032
Tenrec ecaudatus,14545,471,3.31343096531284
Tenrec ecaudatus,14675,471,2.32767118464887
Tenrec ecaudatus,15203,471,1.78860352420843
Tenrec ecaudatus,15271,471,89.7882265229816
Tenrec ecaudatus,15849,471,0.714404974963069
Tenrec ecaudatus,15888,471,0.535747839347363
Tenrec ecaudatus,15939,471,0.446413028153181
Tenrec ecaudatus,15996,471,1.87495118889773
Tenrec ecaudatus,16027,471,489.364914626243
Tenrec ecaudatus,23237,471,7.14406051427555
Tenrec ecaudatus,23542,471,17.1081231937796
Thamnornis chloropetoides,9,3,25.2530937963004
Thamnornis chloropetoides,22,7,28.0839022370576
Thamnornis chloropetoides,249,7,21.442386823718
Thamnornis chloropetoides,17,4,3.50522293895912
Thamnornis chloropetoides,26,4,0.34985461304009
Thamnornis chloropetoides,27,4,2.53597620348144
Thamnornis chloropetoides,28,4,0.524716098462582
Thamnornis chloropetoides,29,4,107.450014480365
Thamnornis chloropetoides,266,4,7.18396295269907
Thamnornis chloropetoides,7,2,23.0620316261819
Thamnornis chloropetoides,12,2,1.92878389436567
Thamnornis chloropetoides,270,2,0.526030696397543
Thamnornis chloropetoides,279,2,12.9823083278096
Thamnornis chloropetoides,280,2,14.6389143673252
Thamnornis chloropetoides,60,6,5.41451004895472
Thamnornis chloropetoides,70,6,3.75380757705689
Thamnornis chloropetoides,115,6,0.348577397500515
Thamnornis chloropetoides,136,6,49.5177099776991
Thamnornis chloropetoides,152,6,3.04583861633468
Thamnornis chloropetoides,156,6,2.17529626793385
Thamnornis chloropetoides,187,6,212.535195769543
Thamnornis chloropetoides,210,6,1.39015823458207
Thamnornis chloropetoides,244,6,150.889593339295
Thamnornis chloropetoides,246,6,16.8407713442643
Thamnornis chloropetoides,255,6,1.1328760877285
Thamnornis chloropetoides,258,6,3.48046890408206
Thamnornis chloropetoides,267,6,8.87579014953661
Thamnornis chloropetoides,268,6,14.8764755082333
Thamnornis chloropetoides,269,6,4.26181091131223
Thamnornis chloropetoides,276,6,9.98819568179679
Thamnornis chloropetoides,278,6,0.347374393435955
Thamnornis chloropetoides,288,6,7.49109958654905
Thamnornis chloropetoides,290,6,9.49007950158822
Thamnornis chloropetoides,291,6,1.31051529534316
Thamnornis chloropetoides,292,6,1.57236309118533
Thamnornis chloropetoides,295,6,0.261955036714673
Thamnornis chloropetoides,297,6,0.349265005815983
Thamnornis chloropetoides,301,6,0.261931698109269
Thamnornis chloropetoides,302,6,26.865191159266
Thamnornis chloropetoides,303,6,0.347687768672109
Treron australis,5885,8,68.4073900828867
Treron australis,1542,7,91.902892975114
Treron australis,8101,11,25.074716512655
Treron australis,8282,11,24.4501852478648
Treron australis,85,1,130.021860527523
Treron australis,89,1,6.49089737985898
Treron australis,98,1,8.43709773357266
Treron australis,113,1,43.3892599286922
Treron australis,140,1,27.8845320748951
Treron australis,163,1,70.9727122086791
Treron australis,189,1,43.0377824654047
Treron australis,199,1,1.48074673073447
Treron australis,201,1,1.66577102635723
Treron australis,8073,1,1.38815019469839
Treron australis,8355,1,56.8711675529918
Treron australis,1887,12,72.0906228077071
Treron australis,8446,17,20.745550279323
Treron australis,8592,17,31.1097970257471
Treron australis,8593,17,29.6010280215162
Treron australis,1346,6,2.01572332178837
Treron australis,1396,6,1.00747888364965
Treron australis,1408,6,1.37373982893509
Treron australis,1418,6,27.0084407932128
Treron australis,1419,6,1.64832053344005
Treron australis,1431,6,1.09880786665845
Treron australis,1457,6,1.55623826883286
Treron australis,1468,6,1.28151005270296
Treron australis,1490,6,22.6013246737857
Treron australis,1507,6,1.00660883126068
Treron australis,1555,6,2.38014501393825
Treron australis,1642,6,20.1184639854197
Treron australis,1682,6,1.91988596975839
Treron australis,1683,6,4.20534270261967
Treron australis,1707,6,2.1938327736845
Treron australis,1742,6,1.18809712456608
Treron australis,1743,6,9.23022386336518
Treron australis,1756,6,4.38649564416373
Treron australis,1764,6,8.86332816260337
Treron australis,2047,6,2.00722734047949
Treron australis,2119,6,290.388834827465
Treron australis,7838,6,24.8813630898282
Treron australis,7854,6,4.56775692645061
Treron australis,7856,6,9.13393565077972
Treron australis,8494,6,14.9865047176636
Treron australis,8495,6,22.20005009601
Treron australis,8624,6,11.5120029750919
Treron australis,8704,6,255.185327818047
Treron australis,3670,9,36.3318798597312
Treron australis,3950,9,49.6171625010395
Treron australis,4037,9,39.0716951757742
Treron australis,4057,9,57.9536162531203
Treron australis,4091,9,3.31343096531284
Treron australis,4131,9,2.32767118464887
Treron australis,4249,9,1.78860352420843
Treron australis,4292,9,89.7882265229816
Treron australis,4391,9,1.87495118889773
Treron australis,4400,9,489.364914626243
Treron australis,8037,9,3.75955498126948
Treron australis,8142,9,4.58233058484114
Treron australis,8146,9,57.985276672695
Treron australis,8311,9,7.14406051427555
Treron australis,8604,9,43.0398890354031
Treron australis,8605,9,17.1081231937796
Treron australis,8645,9,16.7397400424525
Treron australis,8651,9,6.47518067735767
Treron australis,8661,9,34.6422357639037
Treron australis,8759,9,14.6364940401641
Treron australis,8789,9,6.02879668256032
Treron australis,6827,10,2.33597082442725
Treron australis,7763,10,6.66920689187086
Treron australis,7765,10,29.6357740792488
Treron australis,7827,10,11.1631336764222
Treron australis,7918,10,44.4928427752329
Treron australis,7963,10,20.9473376567002
Treron australis,8247,10,57.1920356452231
Treron australis,8464,10,20.9968046764002
Treron australis,8483,10,19.9515621485544
Treron australis,8564,10,27.2715936270408
Treron australis,8566,10,29.4123165165247
Treron australis,8567,10,29.3885406549345
Treron australis,8568,10,20.6592519148787
Treron australis,8786,10,4.2402384895742
Treron australis,8787,10,6.05717425780273
Treron australis,445,13,162.374759556721
Treron australis,900,13,1.56243208603394
Treron australis,917,13,1.1946710927338
Treron australis,926,13,3.21620605602366
Treron australis,929,13,1.10266377710587
Treron australis,941,13,1.10259928914046
Treron australis,943,13,2.02137478975725
Treron australis,946,13,1.65382056523669
Treron australis,984,13,1.46972063059127
Treron australis,1012,13,58.6780858784085
Treron australis,1041,13,431.421548407617
Treron australis,1303,13,25.7528153259641
Treron australis,2198,13,1.73194615611339
Treron australis,2204,13,310.254684788895
Treron australis,2209,13,3.09900984286356
Treron australis,2262,13,86.1142209474355
Treron australis,2276,13,122.158256750958
Treron australis,2364,13,29.5036222200694
Treron australis,2498,13,8614.60581699624
Treron australis,8111,13,53.6769175645663
Treron australis,8496,13,29.6714715318073
Treron australis,8714,13,21.3177359530708
Treron australis,8715,13,301.748748168552
Treron australis,8716,13,176.981841014409
Treron australis,8718,13,29.7890733494434
Treron australis,8724,13,1385.48179139944
Treron australis,8725,13,8.71055469847293
Treron australis,8726,13,1.55853332586139
Treron australis,8727,13,4.12545809786379
Treron australis,8728,13,5.22484076185095
Treron australis,8735,13,2.55931186735392
Treron australis,8736,13,118.700718526081
Treron australis,8737,13,1.09562847792852
Treron australis,8738,13,18.7867803754507
Treron australis,8739,13,83.0485691054942
Treron australis,8743,13,1.09378015375698
Treron australis,8745,13,2.55151549227834
Treron australis,8746,13,5.10222163080132
Treron australis,8747,13,176.345637707092
Treron australis,8748,13,63.0206184295745
Treron australis,2960,14,30.8125924480652
Treron australis,8749,14,29.8980611396976
Treron australis,5259,16,5.22058462251126
Treron australis,5404,16,3.09217907194698
Treron australis,5444,16,2.47266626964414
Treron australis,5459,16,6.18067912423862
Treron australis,5513,16,4.32352721770191
Treron australis,5526,16,3.61718966663003
Treron australis,6029,16,16.1215402504426
Treron australis,6218,16,5.24620992285609
Treron australis,6376,16,1.91961763637984
Treron australis,6510,16,3.04583861633468
Treron australis,6519,16,2.17529626793385
Treron australis,6583,16,1.39015823458207
Treron australis,6779,16,3.20387641063011
Treron australis,6979,16,485.899592763263
Treron australis,7051,16,4.74048544932437
Treron australis,7068,16,2.32518582735467
Treron australis,7081,16,2.21089209568846
Treron australis,7151,16,2.03042139631903
Treron australis,7171,16,2.32784321939826
Treron australis,7288,16,8.75504333933174
Treron australis,7302,16,2.38467114169073
Treron australis,7321,16,4.93923973793232
Treron australis,7345,16,6.98321707832301
Treron australis,7348,16,1.9433949856267
Treron australis,7356,16,1.39864190466654
Treron australis,7362,16,470.340423367467
Treron australis,7363,16,4.62691263784421
Treron australis,7369,16,2.96757189296901
Treron australis,7375,16,1.99652411223841
Treron australis,7377,16,2.34164013403249
Treron australis,7379,16,3.72834730157495
Treron australis,7380,16,12.7407955704241
Treron australis,7391,16,3.97366904659271
Treron australis,7393,16,4.49024814843654
Treron australis,7395,16,24.5074496821614
Treron australis,7399,16,1.98623648264658
Treron australis,7400,16,3.19514019178605
Treron australis,7405,16,5.95456626512015
Treron australis,7407,16,155.106792179145
Treron australis,7411,16,6.11881096036088
Treron australis,7414,16,47.5161649497437
Treron australis,7445,16,6.2814981163677
Treron australis,7449,16,2.40852721046042
Treron australis,7530,16,12.0483039035152
Treron australis,7532,16,11.3310980595299
Treron australis,7537,16,3.79813210761917
Treron australis,7538,16,4.07194558339631
Treron australis,7539,16,2.8589248295182
Treron australis,7543,16,33.1560082799963
Treron australis,7573,16,13.167280451611
Treron australis,7577,16,5.41451004895472
Treron australis,7582,16,2.35741760163295
Treron australis,7607,16,4.91579007415057
Treron australis,7650,16,29.9669518573183
Treron australis,7661,16,3.96024281801712
Treron australis,7724,16,2.38971397089434
Treron australis,7737,16,107.450014480365
Treron australis,7798,16,24.8640921597175
Treron australis,7813,16,4.97515838277996
Treron australis,7814,16,17.8876522784669
Treron australis,7818,16,29.6856059502555
Treron australis,7907,16,43.5541700668664
Treron australis,7908,16,2.02803748513615
Treron australis,7909,16,2.11576712074006
Treron australis,7941,16,49.5177099776991
Treron australis,8008,16,13.3829553466897
Treron australis,8009,16,3.87195306908179
Treron australis,8013,16,99.9457961466128
Treron australis,8165,16,9.25706128804016
Treron australis,8168,16,4.31856011909783
Treron australis,8173,16,3.50522293895912
Treron australis,8175,16,67.1171045351946
Treron australis,8182,16,1.1328760877285
Treron australis,8187,16,6.06907414019704
Treron australis,8188,16,2.02272765648758
Treron australis,8249,16,3.48046890408206
Treron australis,8328,16,8.87579014953661
Treron australis,8329,16,14.8764755082333
Treron australis,8330,16,4.26181091131223
Treron australis,8341,16,7.18396295269907
Treron australis,8546,16,17.5870851484922
Treron australis,8547,16,2.0322578738991
Treron australis,8594,16,9.98819568179679
Treron australis,8607,16,21.5378946383917
Treron australis,8698,16,7.49109958654905
Treron australis,8700,16,9.49007950158822
Treron australis,8701,16,29.6282884787538
Treron australis,8760,16,150.889593339295
Treron australis,8761,16,1.31051529534316
Treron australis,8762,16,1.57236309118533
Treron australis,8778,16,26.865191159266
Treron australis,8442,18,68.5173564614324
Treron australis,8443,18,29.2747668395581
Treron australis,8534,18,31.2831288292344
Treron australis,8625,18,30.9497681570725
Treron australis,8626,18,9.04229392747104
Treron australis,8627,18,58.7538227882982
Treron australis,3708,19,96.0048449014599
Treron australis,8133,19,45.3586244344001
Treron australis,8137,19,2.87876883525908
Treron australis,8702,19,33.0953660841964
Treron australis,8750,19,29.7723925005818
Treron australis,8751,19,29.8625855308016
Treron australis,8752,19,29.3041924637888
Treron australis,8753,19,52.093110773009
Treron australis,8754,19,59.4672331036056
Treron australis,8755,19,29.7379084643369
Treron australis,8756,19,9.5401058957789
Treron australis,8757,19,17.9006258988328
Treron australis,8758,19,2.8788579399693
Treron australis,8569,20,18.8080490493349
Treron australis,8570,20,69.4793727685246
Treron australis,7717,21,108.01588872667
Treron australis,8772,21,44.3707966394124
Treron australis,8773,21,1.42253739552879
Turnix nigricollis,7081,7,68.4073900828867
Turnix nigricollis,1502,24,91.902892975114
Turnix nigricollis,77,1,130.021860527523
Turnix nigricollis,81,1,6.49089737985898
Turnix nigricollis,89,1,8.43709773357266
Turnix nigricollis,129,1,27.8845320748951
Turnix nigricollis,150,1,70.9727122086791
Turnix nigricollis,9826,1,56.8711675529918
Turnix nigricollis,1865,31,72.0906228077071
Turnix nigricollis,8212,30,29.4123165165247
Turnix nigricollis,9280,30,44.4928427752329
Turnix nigricollis,9907,30,19.9515621485544
Turnix nigricollis,10013,30,27.2715936270408
Turnix nigricollis,10015,30,29.3885406549345
Turnix nigricollis,10016,30,20.6592519148787
Turnix nigricollis,10044,37,31.1097970257471
Turnix nigricollis,10045,37,29.6010280215162
Turnix nigricollis,6377,29,5.22058462251126
Turnix nigricollis,6530,29,3.09217907194698
Turnix nigricollis,6574,29,2.47266626964414
Turnix nigricollis,6589,29,6.18067912423862
Turnix nigricollis,6643,29,4.32352721770191
Turnix nigricollis,6655,29,3.61718966663003
Turnix nigricollis,8138,29,485.899592763263
Turnix nigricollis,8254,29,2.21089209568846
Turnix nigricollis,8381,29,2.03042139631903
Turnix nigricollis,8535,29,8.75504333933174
Turnix nigricollis,8545,29,2.38467114169073
Turnix nigricollis,8568,29,4.93923973793232
Turnix nigricollis,8592,29,6.98321707832301
Turnix nigricollis,8595,29,1.9433949856267
Turnix nigricollis,8889,29,13.167280451611
Turnix nigricollis,9050,29,2.38971397089434
Turnix nigricollis,9270,29,43.5541700668664
Turnix nigricollis,9271,29,2.02803748513615
Turnix nigricollis,9272,29,2.11576712074006
Turnix nigricollis,9458,29,13.3829553466897
Turnix nigricollis,9459,29,3.87195306908179
Turnix nigricollis,9627,29,9.25706128804016
Turnix nigricollis,9630,29,4.31856011909783
Turnix nigricollis,9649,29,6.06907414019704
Turnix nigricollis,9650,29,2.02272765648758
Turnix nigricollis,10010,29,17.5870851484922
Turnix nigricollis,10011,29,2.0322578738991
Turnix nigricollis,4478,39,49.6171625010395
Turnix nigricollis,9585,39,4.58233058484114
Turnix nigricollis,10108,39,34.6422357639037
Turnix nigricollis,4069,17,36.3318798597312
Turnix nigricollis,4592,17,39.0716951757742
Turnix nigricollis,10099,17,16.7397400424525
Turnix nigricollis,10105,17,6.47518067735767
Turnix nigricollis,10211,17,14.6364940401641
Turnix nigricollis,10261,17,6.02879668256032
Turnix nigricollis,9089,20,6.66920689187086
Turnix nigricollis,9091,20,29.6357740792488
Turnix nigricollis,9155,20,11.1631336764222
Turnix nigricollis,9326,20,20.9473376567002
Turnix nigricollis,9915,20,20.9968046764002
Turnix nigricollis,10250,20,4.2402384895742
Turnix nigricollis,10251,20,6.05717425780273
Turnix nigricollis,407,22,162.374759556721
Turnix nigricollis,818,22,1.56243208603394
Turnix nigricollis,832,22,1.1946710927338
Turnix nigricollis,840,22,3.21620605602366
Turnix nigricollis,841,22,1.10266377710587
Turnix nigricollis,852,22,1.10259928914046
Turnix nigricollis,854,22,2.02137478975725
Turnix nigricollis,856,22,1.65382056523669
Turnix nigricollis,892,22,1.46972063059127
Turnix nigricollis,922,22,58.6780858784085
Turnix nigricollis,953,22,431.421548407617
Turnix nigricollis,983,22,180.679786156382
Turnix nigricollis,1116,22,1.19240941025794
Turnix nigricollis,1233,22,188.300386656211
Turnix nigricollis,1367,22,72.738625079772
Turnix nigricollis,1409,22,24.8088509289
Turnix nigricollis,1440,22,19.0356959259066
Turnix nigricollis,1475,22,3078.78941087454
Turnix nigricollis,2791,22,674.702984277473
Turnix nigricollis,9561,22,53.6769175645663
Turnix nigricollis,9852,22,16.2558942641117
Turnix nigricollis,9879,22,461.689551037524
Turnix nigricollis,9946,22,284.976412648375
Turnix nigricollis,10097,22,31.5815648439663
Turnix nigricollis,10184,22,1.37619193792635
Turnix nigricollis,10185,22,4.57841928809673
Turnix nigricollis,10187,22,21.3177359530708
Turnix nigricollis,10188,22,301.748748168552
Turnix nigricollis,10189,22,176.981841014409
Turnix nigricollis,10191,22,29.7890733494434
Turnix nigricollis,10197,22,29.0013915587091
Turnix nigricollis,10198,22,31.655493997052
Turnix nigricollis,10199,22,1096.03860217888
Turnix nigricollis,10210,22,1.91443390526378
Turnix nigricollis,10255,22,88.6181510070324
Turnix nigricollis,10259,22,1.09378015375698
Turnix nigricollis,9043,25,108.01588872667
Turnix nigricollis,10236,25,44.3707966394124
Turnix nigricollis,10237,25,1.42253739552879
Turnix nigricollis,1516,33,2.38014501393825
Turnix nigricollis,1599,33,20.1184639854197
Turnix nigricollis,1640,33,1.91988596975839
Turnix nigricollis,1641,33,4.20534270261967
Turnix nigricollis,1672,33,5.85033975470399
Turnix nigricollis,1676,33,24.6792146248905
Turnix nigricollis,1692,33,2.83342021114922
Turnix nigricollis,1700,33,2.37624750380051
Turnix nigricollis,1721,33,7.676784038162
Turnix nigricollis,1731,33,8.86332816260337
Turnix nigricollis,2009,33,2.00722734047949
Turnix nigricollis,2217,33,802.318279276272
Turnix nigricollis,9173,33,24.8813630898282
Turnix nigricollis,9193,33,37.6497033879611
Turnix nigricollis,9195,33,4.56775692645061
Turnix nigricollis,9945,33,16.5402429724656
Turnix nigricollis,10050,33,22.3806283842225
Turnix nigricollis,10079,33,11.5120029750919
Turnix nigricollis,10241,33,3.56491505919516
Turnix nigricollis,5761,35,104.68823217409
Turnix nigricollis,9611,35,2.87876883525908
Turnix nigricollis,10133,35,42.668198616212
Turnix nigricollis,10134,35,45.3586244344001
Turnix nigricollis,10136,35,33.0953660841964
Turnix nigricollis,10212,35,82.1709647371291
Turnix nigricollis,10213,35,61.2124982058765
Turnix nigricollis,10214,35,96.0048449014599
Turnix nigricollis,10215,35,29.7723925005818
Turnix nigricollis,10216,35,29.3041924637888
Turnix nigricollis,10217,35,52.093110773009
Turnix nigricollis,10218,35,90.898942940664
Turnix nigricollis,10219,35,29.7379084643369
Turnix nigricollis,10220,35,9.5401058957789
Turnix nigricollis,10221,35,17.9006258988328
Turnix nigricollis,10222,35,2.8788579399693
Turnix nigricollis,10018,36,69.4793727685246
Turnix nigricollis,7241,40,16.1215402504426
Turnix nigricollis,7434,40,5.24620992285609
Turnix nigricollis,7592,40,1.91961763637984
Turnix nigricollis,7733,40,3.04583861633468
Turnix nigricollis,7741,40,2.17529626793385
Turnix nigricollis,7800,40,1.39015823458207
Turnix nigricollis,7963,40,3.20387641063011
Turnix nigricollis,8206,40,4.74048544932437
Turnix nigricollis,8222,40,2.32518582735467
Turnix nigricollis,8406,40,2.32784321939826
Turnix nigricollis,8603,40,1.39864190466654
Turnix nigricollis,8609,40,470.340423367467
Turnix nigricollis,8610,40,4.62691263784421
Turnix nigricollis,8616,40,2.96757189296901
Turnix nigricollis,8622,40,1.99652411223841
Turnix nigricollis,8624,40,2.34164013403249
Turnix nigricollis,8626,40,3.72834730157495
Turnix nigricollis,8627,40,12.7407955704241
Turnix nigricollis,8638,40,3.97366904659271
Turnix nigricollis,8640,40,4.49024814843654
Turnix nigricollis,8642,40,24.5074496821614
Turnix nigricollis,8646,40,1.98623648264658
Turnix nigricollis,8647,40,3.19514019178605
Turnix nigricollis,8652,40,5.95456626512015
Turnix nigricollis,8654,40,155.106792179145
Turnix nigricollis,8658,40,6.11881096036088
Turnix nigricollis,8661,40,47.5161649497437
Turnix nigricollis,8692,40,6.2814981163677
Turnix nigricollis,8696,40,2.40852721046042
Turnix nigricollis,8816,40,12.0483039035152
Turnix nigricollis,8818,40,11.3310980595299
Turnix nigricollis,8823,40,3.79813210761917
Turnix nigricollis,8824,40,4.07194558339631
Turnix nigricollis,8825,40,2.8589248295182
Turnix nigricollis,8829,40,33.5865311296827
Turnix nigricollis,8893,40,5.41451004895472
Turnix nigricollis,8898,40,2.35741760163295
Turnix nigricollis,8923,40,4.91579007415057
Turnix nigricollis,8967,40,30.6558804598319
Turnix nigricollis,9063,40,107.450014480365
Turnix nigricollis,9124,40,24.8640921597175
Turnix nigricollis,9139,40,4.97515838277996
Turnix nigricollis,9140,40,17.8876522784669
Turnix nigricollis,9144,40,29.6856059502555
Turnix nigricollis,9304,40,49.5177099776991
Turnix nigricollis,9463,40,99.9457961466128
Turnix nigricollis,9635,40,3.50522293895912
Turnix nigricollis,9637,40,67.1171045351946
Turnix nigricollis,9644,40,1.1328760877285
Turnix nigricollis,9709,40,3.48046890408206
Turnix nigricollis,9799,40,8.87579014953661
Turnix nigricollis,9800,40,14.8764755082333
Turnix nigricollis,9801,40,4.26181091131223
Turnix nigricollis,9812,40,7.18396295269907
Turnix nigricollis,10046,40,9.98819568179679
Turnix nigricollis,10060,40,21.5378946383917
Turnix nigricollis,10180,40,7.49109958654905
Turnix nigricollis,10182,40,9.49007950158822
Turnix nigricollis,10183,40,29.6282884787538
Turnix nigricollis,10223,40,150.889593339295
Turnix nigricollis,10224,40,3.96024281801712
Turnix nigricollis,10225,40,1.31051529534316
Turnix nigricollis,10226,40,1.57236309118533
Turnix nigricollis,10242,40,26.865191159266
Turnix nigricollis,9888,42,68.5173564614324
Turnix nigricollis,9998,42,31.2831288292344
Turnix nigricollis,10080,42,30.9497681570725
Turnix nigricollis,10081,42,9.04229392747104
Turnix nigricollis,10082,42,58.7538227882982
Turnix nigricollis,10254,42,29.2747668395581
Turnix nigricollis,4615,43,57.9536162531203
Turnix nigricollis,4656,43,3.31343096531284
Turnix nigricollis,4707,43,2.32767118464887
Turnix nigricollis,4905,43,1.78860352420843
Turnix nigricollis,4997,43,89.7882265229816
Turnix nigricollis,5206,43,1.87495118889773
Turnix nigricollis,5223,43,489.364914626243
Turnix nigricollis,9488,43,3.75955498126948
Turnix nigricollis,9590,43,57.985276672695
Turnix nigricollis,9774,43,7.14406051427555
Turnix nigricollis,10057,43,43.0398890354031
Turnix nigricollis,10058,43,17.1081231937796
Turnix nigricollis,10121,44,30.8125924480652
Turnix nigricollis,10264,44,29.8980611396976
Tylas eduardi,1,1,56.8711675529918
Tylas eduardi,6931,18,31.1097970257471
Tylas eduardi,6932,18,29.6010280215162
Tylas eduardi,6724,16,29.0782282981101
Tylas eduardi,6845,16,29.4123165165247
Tylas eduardi,6920,16,27.2715936270408
Tylas eduardi,6922,16,21.6261414673401
Tylas eduardi,6923,16,29.3885406549345
Tylas eduardi,6924,16,20.6592519148787
Tylas eduardi,8,2,161.544130516897
Tylas eduardi,39,2,0.645659265649796
Tylas eduardi,110,2,0.644736027105212
Tylas eduardi,113,2,3.68393426544833
Tylas eduardi,118,2,143.605007530361
Tylas eduardi,129,2,1.19697195979685
Tylas eduardi,221,2,0.643524707942307
Tylas eduardi,222,2,2.11438066261506
Tylas eduardi,228,2,0.459616383671761
Tylas eduardi,233,2,0.643432019171834
Tylas eduardi,240,2,0.367655302864552
Tylas eduardi,242,2,1.56243208603394
Tylas eduardi,243,2,0.45950859373796
Tylas eduardi,244,2,0.459497104688943
Tylas eduardi,245,2,1.1946710927338
Tylas eduardi,246,2,1.47030313296092
Tylas eduardi,291,2,26.2648020061249
Tylas eduardi,299,2,331.920827668019
Tylas eduardi,1006,2,8930.15382178681
Tylas eduardi,6846,2,611.635934929783
Tylas eduardi,6925,2,31.4878831114429
Tylas eduardi,7001,2,31.5815648439663
Tylas eduardi,7002,2,21.3177359530708
Tylas eduardi,7003,2,301.748748168552
Tylas eduardi,7004,2,176.981841014409
Tylas eduardi,7005,2,29.7890733494434
Tylas eduardi,7011,2,1385.48179139944
Tylas eduardi,7012,2,8.71055469847293
Tylas eduardi,7013,2,1.55853332586139
Tylas eduardi,7014,2,4.12545809786379
Tylas eduardi,7015,2,5.22484076185095
Tylas eduardi,7018,2,0.366478799301446
Tylas eduardi,7020,2,0.366016744080782
Tylas eduardi,7023,2,2.55931186735392
Tylas eduardi,7024,2,118.700718526081
Tylas eduardi,7025,2,1.09562847792852
Tylas eduardi,7026,2,18.7867803754507
Tylas eduardi,7027,2,83.0485691054942
Tylas eduardi,7031,2,1.09378015375698
Tylas eduardi,7032,2,0.820222737159133
Tylas eduardi,7033,2,2.55151549227834
Tylas eduardi,7034,2,5.10222163080132
Tylas eduardi,7035,2,176.345637707092
Tylas eduardi,7036,2,63.0206184295745
Tylas eduardi,7047,2,0.820644420907617
Tylas eduardi,7048,2,1.91443390526378
Tylas eduardi,2062,11,0.899620833965421
Tylas eduardi,6813,11,2.87876883525908
Tylas eduardi,6963,11,45.3586244344001
Tylas eduardi,6965,11,33.0953660841964
Tylas eduardi,4529,22,104.68823217409
Tylas eduardi,7037,22,61.2124982058765
Tylas eduardi,6962,23,42.668198616212
Tylas eduardi,7038,23,96.0048449014599
Tylas eduardi,7039,23,29.7723925005818
Tylas eduardi,7040,23,29.3041924637888
Tylas eduardi,7041,23,52.093110773009
Tylas eduardi,7042,23,90.898942940664
Tylas eduardi,7043,23,29.7379084643369
Tylas eduardi,7044,23,9.5401058957789
Tylas eduardi,7045,23,17.9006258988328
Tylas eduardi,7046,23,2.8788579399693
Tylas eduardi,4951,19,0.62064821295929
Tylas eduardi,4969,19,0.709200345668078
Tylas eduardi,6867,19,68.5173564614324
Tylas eduardi,6903,19,31.2831288292344
Tylas eduardi,6934,19,30.9497681570725
Tylas eduardi,6935,19,9.04229392747104
Tylas eduardi,7049,19,29.2747668395581
Tylas eduardi,6936,24,58.7538227882982
Tylas eduardi,6950,21,30.8125924480652
Tylas eduardi,7050,21,29.8980611396976
Vanga curvirostris,434,35,0.370271373195112
Vanga curvirostris,435,35,0.46283412528491
Vanga curvirostris,438,35,43.0377824654047
Vanga curvirostris,464,35,1.48074673073447
Vanga curvirostris,466,35,1.66577102635723
Vanga curvirostris,20139,35,1.38815019469839
Vanga curvirostris,231,47,0.463597745713949
Vanga curvirostris,284,47,43.3892599286922
Vanga curvirostris,4108,38,91.902892975114
Vanga curvirostris,158,1,0.556644208811998
Vanga curvirostris,163,1,0.371099061261237
Vanga curvirostris,166,1,0.556625695955515
Vanga curvirostris,175,1,0.463806772104442
Vanga curvirostris,184,1,0.463781360735476
Vanga curvirostris,217,1,130.021860527523
Vanga curvirostris,223,1,6.49089737985898
Vanga curvirostris,239,1,8.43709773357266
Vanga curvirostris,294,1,70.6947613926224
Vanga curvirostris,324,1,0.555893682719886
Vanga curvirostris,341,1,27.8845320748951
Vanga curvirostris,20105,1,0.64914825101471
Vanga curvirostris,20411,1,56.8711675529918
Vanga curvirostris,20178,53,25.074716512655
Vanga curvirostris,20336,54,24.4501852478648
Vanga curvirostris,2334,23,1.92954817861217
Vanga curvirostris,2447,23,0.367434207116187
Vanga curvirostris,2466,23,33.8991079803615
Vanga curvirostris,20540,23,0.367500048400045
Vanga curvirostris,5801,56,21.2443070814916
Vanga curvirostris,3455,59,0.733158739641845
Vanga curvirostris,3536,59,2.01572332178837
Vanga curvirostris,3537,59,0.458135662899971
Vanga curvirostris,3559,59,0.366490791638374
Vanga curvirostris,3565,59,0.366482397446334
Vanga curvirostris,3658,59,0.824397110989213
Vanga curvirostris,3703,59,1.00747888364965
Vanga curvirostris,3728,59,1.37373982893509
Vanga curvirostris,3759,59,27.0084407932128
Vanga curvirostris,3760,59,0.641021390268981
Vanga curvirostris,3761,59,1.64832053344005
Vanga curvirostris,3784,59,1.09880786665845
Vanga curvirostris,3878,59,1.55623826883286
Vanga curvirostris,3883,59,0.45771856548512
Vanga curvirostris,3898,59,1.28151005270296
Vanga curvirostris,3960,59,0.457617758493304
Vanga curvirostris,4017,59,1.00660883126068
Vanga curvirostris,20541,59,0.366216056347668
Vanga curvirostris,18634,48,2.33597082442725
Vanga curvirostris,18974,48,0.777178853789449
Vanga curvirostris,19974,48,44.4928427752329
Vanga curvirostris,20297,48,0.604549703201652
Vanga curvirostris,20376,48,57.1920356452231
Vanga curvirostris,20539,48,19.9515621485544
Vanga curvirostris,20644,48,27.2715936270408
Vanga curvirostris,20646,48,29.4123165165247
Vanga curvirostris,20647,48,29.3885406549345
Vanga curvirostris,20648,48,20.6592519148787
Vanga curvirostris,8608,49,0.632951986920595
Vanga curvirostris,20649,49,18.8080490493349
Vanga curvirostris,4134,51,16.3740665150728
Vanga curvirostris,4315,51,19.2038282114049
Vanga curvirostris,4411,51,1.91988596975839
Vanga curvirostris,4412,51,4.20534270261967
Vanga curvirostris,20668,66,31.1097970257471
Vanga curvirostris,20669,66,29.6010280215162
Vanga curvirostris,20507,67,20.745550279323
Vanga curvirostris,8330,36,38.0240908843971
Vanga curvirostris,8353,36,3.07696966736531
Vanga curvirostris,8359,36,0.723997986285687
Vanga curvirostris,8383,36,0.361958205401778
Vanga curvirostris,20346,36,0.452763459862113
Vanga curvirostris,20552,71,29.6714715318073
Vanga curvirostris,11306,72,49.6171625010395
Vanga curvirostris,20206,72,4.58233058484114
Vanga curvirostris,20731,72,34.6422357639037
Vanga curvirostris,19840,31,108.01588872667
Vanga curvirostris,20884,31,44.3707966394124
Vanga curvirostris,20885,31,1.42253739552879
Vanga curvirostris,16790,32,16.1215402504426
Vanga curvirostris,17473,32,0.523638666578293
Vanga curvirostris,17497,32,0.523563038837075
Vanga curvirostris,17508,32,0.698019186101317
Vanga curvirostris,17528,32,0.436189867798686
Vanga curvirostris,17577,32,2.6158241501925
Vanga curvirostris,17657,32,0.348577397500515
Vanga curvirostris,17692,32,1.56809616759515
Vanga curvirostris,17706,32,130.192298565991
Vanga curvirostris,17740,32,0.348321061424971
Vanga curvirostris,17796,32,3.04583861633468
Vanga curvirostris,17818,32,2.17529626793385
Vanga curvirostris,17825,32,0.348034451767564
Vanga curvirostris,18005,32,1.39015823458207
Vanga curvirostris,18485,32,3.20387641063011
Vanga curvirostris,19081,32,96.6972328857344
Vanga curvirostris,19162,32,0.431315118658066
Vanga curvirostris,19181,32,0.60379913826561
Vanga curvirostris,19339,32,3.18616224499846
Vanga curvirostris,19351,32,1.29118874206936
Vanga curvirostris,19355,32,0.946817847226024
Vanga curvirostris,19356,32,3.01240642037296
Vanga curvirostris,19409,32,150.889593339295
Vanga curvirostris,19513,32,0.349150016640782
Vanga curvirostris,19518,32,1.98623648264658
Vanga curvirostris,19519,32,3.19514019178605
Vanga curvirostris,19524,32,5.95456626512015
Vanga curvirostris,19526,32,0.517742279209972
Vanga curvirostris,19529,32,55.9341469448159
Vanga curvirostris,19533,32,6.11881096036088
Vanga curvirostris,19547,32,0.86121516448307
Vanga curvirostris,19552,32,0.775032425915599
Vanga curvirostris,19553,32,0.516692135149479
Vanga curvirostris,19555,32,3.18593688175952
Vanga curvirostris,19584,32,6.2814981163677
Vanga curvirostris,19587,32,2.40852721046042
Vanga curvirostris,19601,32,1.99652411223841
Vanga curvirostris,19603,32,2.34164013403249
Vanga curvirostris,19605,32,3.72834730157495
Vanga curvirostris,19608,32,0.346756311790586
Vanga curvirostris,19609,32,0.953501062022448
Vanga curvirostris,19613,32,4.07194558339631
Vanga curvirostris,19616,32,2.50801370502269
Vanga curvirostris,19626,32,3.36903770225561
Vanga curvirostris,19628,32,3.97208141431272
Vanga curvirostris,19630,32,14.3252430556935
Vanga curvirostris,19631,32,1.98541677119625
Vanga curvirostris,19632,32,0.517847121880293
Vanga curvirostris,19633,32,1.20814413348556
Vanga curvirostris,19669,32,0.344503772500038
Vanga curvirostris,19675,32,1.47393099119127
Vanga curvirostris,19676,32,11.09483269007
Vanga curvirostris,19680,32,2.33601032523417
Vanga curvirostris,19683,32,2.92668084810412
Vanga curvirostris,19685,32,1.20530864535606
Vanga curvirostris,19688,32,1.89390576896715
Vanga curvirostris,19689,32,1.80772674300456
Vanga curvirostris,19693,32,1.38655685541463
Vanga curvirostris,19694,32,1.29977947566688
Vanga curvirostris,19695,32,2.8589248295182
Vanga curvirostris,19696,32,0.951098461953521
Vanga curvirostris,19719,32,5.41451004895472
Vanga curvirostris,19775,32,38.9891320173841
Vanga curvirostris,19782,32,3.6162689740144
Vanga curvirostris,19783,32,3.96024281801712
Vanga curvirostris,19844,32,107.450014480365
Vanga curvirostris,19877,32,24.8640921597175
Vanga curvirostris,19885,32,1.13414415884233
Vanga curvirostris,19886,32,262.032381463473
Vanga curvirostris,19889,32,29.6856059502555
Vanga curvirostris,19982,32,49.5177099776991
Vanga curvirostris,20245,32,3.50522293895912
Vanga curvirostris,20247,32,67.1171045351946
Vanga curvirostris,20254,32,1.1328760877285
Vanga curvirostris,20298,32,3.48046890408206
Vanga curvirostris,20388,32,8.87579014953661
Vanga curvirostris,20389,32,14.8764755082333
Vanga curvirostris,20390,32,4.26181091131223
Vanga curvirostris,20398,32,7.18396295269907
Vanga curvirostris,20671,32,9.98819568179679
Vanga curvirostris,20673,32,0.347374393435955
Vanga curvirostris,20690,32,21.5378946383917
Vanga curvirostris,20793,32,29.6282884787538
Vanga curvirostris,20803,32,7.49109958654905
Vanga curvirostris,20805,32,9.49007950158822
Vanga curvirostris,20871,32,1.04307801828969
Vanga curvirostris,20873,32,1.31051529534316
Vanga curvirostris,20874,32,1.57236309118533
Vanga curvirostris,20879,32,0.349265005815983
Vanga curvirostris,20890,32,26.865191159266
Vanga curvirostris,19735,33,0.431933750124097
Vanga curvirostris,19852,33,6.66920689187086
Vanga curvirostris,19854,33,29.6357740792488
Vanga curvirostris,19857,33,0.431926162170768
Vanga curvirostris,19897,33,11.1631336764222
Vanga curvirostris,20014,33,0.346399268720031
Vanga curvirostris,20015,33,20.9473376567002
Vanga curvirostris,20519,33,20.9968046764002
Vanga curvirostris,20896,33,0.952374834452987
Vanga curvirostris,20901,33,4.2402384895742
Vanga curvirostris,20902,33,6.05717425780273
Vanga curvirostris,1075,42,162.374759556721
Vanga curvirostris,2189,42,0.459616383671761
Vanga curvirostris,2212,42,0.643432019171834
Vanga curvirostris,2235,42,0.367655302864552
Vanga curvirostris,2255,42,1.56243208603394
Vanga curvirostris,2287,42,0.45950859373796
Vanga curvirostris,2293,42,0.459497104688943
Vanga curvirostris,2294,42,1.1946710927338
Vanga curvirostris,2308,42,3.21620605602366
Vanga curvirostris,2309,42,0.551364106284559
Vanga curvirostris,2316,42,1.10266377710587
Vanga curvirostris,2323,42,0.367564567481756
Vanga curvirostris,2329,42,0.551319225259066
Vanga curvirostris,2339,42,1.10259928914046
Vanga curvirostris,2345,42,2.02137478975725
Vanga curvirostris,2346,42,0.82694543447876
Vanga curvirostris,2353,42,0.643170052254975
Vanga curvirostris,2362,42,1.65382056523669
Vanga curvirostris,2382,42,0.82682548099494
Vanga curvirostris,2402,42,0.459349671094835
Vanga curvirostris,2426,42,0.367459639964402
Vanga curvirostris,2446,42,1.46972063059127
Vanga curvirostris,2543,42,0.367363554798722
Vanga curvirostris,2562,42,58.6780858784085
Vanga curvirostris,2644,42,431.421548407617
Vanga curvirostris,7116,42,9167.49023685536
Vanga curvirostris,20188,42,53.6769175645663
Vanga curvirostris,20189,42,0.643524707942307
Vanga curvirostris,20564,42,674.702984277473
Vanga curvirostris,20813,42,31.5815648439663
Vanga curvirostris,20823,42,21.3177359530708
Vanga curvirostris,20824,42,301.748748168552
Vanga curvirostris,20825,42,176.981841014409
Vanga curvirostris,20826,42,0.645659265649796
Vanga curvirostris,20827,42,29.7890733494434
Vanga curvirostris,20833,42,1385.48179139944
Vanga curvirostris,20834,42,8.71055469847293
Vanga curvirostris,20835,42,1.55853332586139
Vanga curvirostris,20836,42,4.12545809786379
Vanga curvirostris,20837,42,5.22484076185095
Vanga curvirostris,20840,42,0.366478799301446
Vanga curvirostris,20842,42,0.366016744080782
Vanga curvirostris,20845,42,2.55931186735392
Vanga curvirostris,20846,42,118.700718526081
Vanga curvirostris,20847,42,1.09562847792852
Vanga curvirostris,20848,42,18.7867803754507
Vanga curvirostris,20849,42,83.0485691054942
Vanga curvirostris,20853,42,1.09378015375698
Vanga curvirostris,20854,42,0.820222737159133
Vanga curvirostris,20855,42,2.55151549227834
Vanga curvirostris,20856,42,5.10222163080132
Vanga curvirostris,20857,42,176.345637707092
Vanga curvirostris,20858,42,63.0206184295745
Vanga curvirostris,20904,42,0.820644420907617
Vanga curvirostris,20905,42,1.91443390526378
Vanga curvirostris,4606,50,1.46201426250446
Vanga curvirostris,4650,50,2.64969806134295
Vanga curvirostris,4892,50,0.456602464726687
Vanga curvirostris,5284,50,2.00722734047949
Vanga curvirostris,5304,50,0.364942030490041
Vanga curvirostris,5314,50,0.456175956650972
Vanga curvirostris,5481,50,319.959997663062
Vanga curvirostris,19934,50,4.56775692645061
Vanga curvirostris,19936,50,9.13393565077972
Vanga curvirostris,20546,50,14.9865047176636
Vanga curvirostris,20708,50,7.58289645383679
Vanga curvirostris,20814,50,299.48864621793
Vanga curvirostris,20816,50,0.365072069038987
Vanga curvirostris,20817,50,0.821376871704459
Vanga curvirostris,4905,55,72.0906228077071
Vanga curvirostris,20544,55,0.456764738324285
Vanga curvirostris,10207,62,0.899620833965421
Vanga curvirostris,13737,62,104.68823217409
Vanga curvirostris,20228,62,2.87876883525908
Vanga curvirostris,20755,62,42.668198616212
Vanga curvirostris,20756,62,45.3586244344001
Vanga curvirostris,20758,62,33.0953660841964
Vanga curvirostris,20860,62,82.1709647371291
Vanga curvirostris,20861,62,61.2124982058765
Vanga curvirostris,20862,62,96.0048449014599
Vanga curvirostris,20863,62,29.7723925005818
Vanga curvirostris,20864,62,29.3041924637888
Vanga curvirostris,20865,62,52.093110773009
Vanga curvirostris,20866,62,90.898942940664
Vanga curvirostris,20867,62,29.7379084643369
Vanga curvirostris,20868,62,9.5401058957789
Vanga curvirostris,20869,62,17.9006258988328
Vanga curvirostris,20870,62,2.8788579399693
Vanga curvirostris,10367,64,0.449603298738718
Vanga curvirostris,10368,64,0.359686745625973
Vanga curvirostris,10451,64,36.3318798597312
Vanga curvirostris,11583,64,39.0716951757742
Vanga curvirostris,20722,64,16.7397400424525
Vanga curvirostris,20728,64,6.47518067735767
Vanga curvirostris,20859,64,14.6364940401641
Vanga curvirostris,20907,64,6.02879668256032
Vanga curvirostris,20909,64,0.449634089967012
Vanga curvirostris,20650,65,69.4793727685246
Vanga curvirostris,14606,68,0.62064821295929
Vanga curvirostris,14649,68,0.709200345668078
Vanga curvirostris,20503,68,68.5173564614324
Vanga curvirostris,20615,68,31.2831288292344
Vanga curvirostris,20709,68,30.9497681570725
Vanga curvirostris,20710,68,9.04229392747104
Vanga curvirostris,20711,68,58.7538227882982
Vanga curvirostris,20903,68,29.2747668395581
Vanga curvirostris,11627,73,57.9536162531203
Vanga curvirostris,11719,73,3.31343096531284
Vanga curvirostris,11819,73,2.32767118464887
Vanga curvirostris,12194,73,1.78860352420843
Vanga curvirostris,12343,73,89.7882265229816
Vanga curvirostris,12538,73,0.714404974963069
Vanga curvirostris,12563,73,0.535747839347363
Vanga curvirostris,12580,73,0.446428569326878
Vanga curvirostris,12590,73,0.446413028153181
Vanga curvirostris,12629,73,1.87495118889773
Vanga curvirostris,12656,73,489.364914626243
Vanga curvirostris,20103,73,3.75955498126948
Vanga curvirostris,20209,73,57.985276672695
Vanga curvirostris,20366,73,7.14406051427555
Vanga curvirostris,20687,73,43.0398890354031
Vanga curvirostris,20688,73,17.1081231937796
Vanga curvirostris,20743,74,30.8125924480652
Vanga curvirostris,20910,74,29.8980611396976
Varecia rubra,12947,190,25.074716512655
Varecia rubra,12869,194,24.4501852478648
Varecia rubra,3,1,0.556644208811998
Varecia rubra,4,1,0.371099061261237
Varecia rubra,6,1,0.556625695955515
Varecia rubra,7,1,0.463806772104442
Varecia rubra,8,1,0.278275269288719
Varecia rubra,9,1,0.463781360735476
Varecia rubra,17,1,0.64914825101471
Varecia rubra,20,1,103.775520140194
Varecia rubra,12990,1,56.8711675529918
Varecia rubra,12834,204,0.777178853789449
Varecia rubra,12974,204,0.604549703201652
Varecia rubra,13042,204,19.9515621485544
Varecia rubra,12766,197,2.33597082442725
Varecia rubra,12859,197,57.1920356452231
Varecia rubra,13123,216,27.2715936270408
Varecia rubra,13125,218,29.4123165165247
Varecia rubra,13126,219,29.3885406549345
Varecia rubra,13127,220,20.6592519148787
Varecia rubra,13141,222,58.7538227882982
Varecia rubra,13134,223,31.1097970257471
Varecia rubra,13135,223,29.6010280215162
Varecia rubra,13052,224,29.6714715318073
Varecia rubra,13211,227,31.5815648439663
Varecia rubra,389,12,162.374759556721
Varecia rubra,13212,12,21.3177359530708
Varecia rubra,13213,12,301.748748168552
Varecia rubra,13215,12,0.645659265649796
Varecia rubra,1417,231,0.643524707942307
Varecia rubra,1441,231,0.459616383671761
Varecia rubra,1450,231,0.643432019171834
Varecia rubra,1454,231,0.275752651619434
Varecia rubra,1467,231,0.367655302864552
Varecia rubra,1476,231,1.56243208603394
Varecia rubra,1477,231,0.275729722221732
Varecia rubra,1486,231,0.275717098941743
Varecia rubra,1492,231,0.275709061498702
Varecia rubra,1495,231,0.45950859373796
Varecia rubra,1497,231,0.459497104688943
Varecia rubra,1498,231,1.1946710927338
Varecia rubra,1507,231,53.6769175645663
Varecia rubra,1508,231,3.21620605602366
Varecia rubra,1509,231,0.551364106284559
Varecia rubra,1517,231,1.10266377710587
Varecia rubra,1518,231,0.367564567481756
Varecia rubra,1522,231,0.551319225259066
Varecia rubra,1528,231,1.10259928914046
Varecia rubra,1531,231,2.02137478975725
Varecia rubra,1532,231,0.82694543447876
Varecia rubra,1536,231,0.643170052254975
Varecia rubra,1540,231,1.65382056523669
Varecia rubra,1565,231,0.82682548099494
Varecia rubra,1569,231,0.459349671094835
Varecia rubra,1578,231,0.367459639964402
Varecia rubra,1585,231,0.275586929093957
Varecia rubra,1587,231,1.46972063059127
Varecia rubra,1588,231,0.275577679304183
Varecia rubra,1625,231,0.367363554798722
Varecia rubra,1642,231,58.6780858784085
Varecia rubra,1681,231,411.288026338923
Varecia rubra,1695,231,0.27544305105114
Varecia rubra,2731,231,9163.642217011
Varecia rubra,13214,231,176.981841014409
Varecia rubra,13222,231,1385.48179139944
Varecia rubra,13223,231,8.71055469847293
Varecia rubra,13224,231,1.55853332586139
Varecia rubra,13226,231,5.22484076185095
Varecia rubra,13233,231,0.366016744080782
Varecia rubra,13236,231,2.55931186735392
Varecia rubra,13237,231,118.609435406321
Varecia rubra,13238,231,1.09562847792852
Varecia rubra,13239,231,18.7867803754507
Varecia rubra,13240,231,83.0485691054942
Varecia rubra,13244,231,1.09378015375698
Varecia rubra,13245,231,0.820222737159133
Varecia rubra,13246,231,2.55151549227834
Varecia rubra,13247,231,5.10222163080132
Varecia rubra,13248,231,175.981325838436
Varecia rubra,13249,231,63.0206184295745
Varecia rubra,13216,232,29.7890733494434
Varecia rubra,13064,205,671.328450152916
Varecia rubra,13262,205,0.820644420907617
Varecia rubra,13263,205,1.91443390526378
Varecia rubra,4634,207,2.87876883525908
Varecia rubra,4637,207,0.899620833965421
Varecia rubra,4663,207,0.269868277515411
Varecia rubra,13168,207,45.3586244344001
Varecia rubra,13170,207,33.0953660841964
Varecia rubra,8876,233,104.68823217409
Varecia rubra,13167,234,42.668198616212
Varecia rubra,13256,234,90.898942940664
Varecia rubra,13250,235,82.1709647371291
Varecia rubra,13252,235,96.0048449014599
Varecia rubra,13251,236,61.2124982058765
Varecia rubra,13253,237,29.7723925005818
Varecia rubra,13254,238,29.3041924637888
Varecia rubra,13255,239,52.093110773009
Varecia rubra,13257,240,29.7379084643369
Varecia rubra,13259,241,17.9006258988328
Varecia rubra,13260,241,2.8788579399693
Varecia rubra,9719,208,0.62064821295929
Varecia rubra,9731,208,0.265972006813645
Varecia rubra,9751,208,0.709200345668078
Varecia rubra,13024,208,68.5173564614324
Varecia rubra,13139,208,30.9497681570725
Varecia rubra,13140,208,9.04229392747104
Varecia rubra,13261,208,29.2747668395581
Varecia rubra,13111,221,31.2831288292344
Varecia rubra,13155,230,30.8125924480652
Varecia rubra,13264,230,29.8980611396976
Varecia variegata,9874,142,25.074716512655
Varecia variegata,9800,143,24.4501852478648
Varecia variegata,2,1,0.556644208811998
Varecia variegata,3,1,0.371099061261237
Varecia variegata,5,1,0.556625695955515
Varecia variegata,6,1,0.463806772104442
Varecia variegata,7,1,0.463781360735476
Varecia variegata,14,1,0.64914825101471
Varecia variegata,16,1,103.775520140194
Varecia variegata,9917,1,56.8711675529918
Varecia variegata,9771,153,0.777178853789449
Varecia variegata,9901,153,0.604549703201652
Varecia variegata,9969,153,19.9515621485544
Varecia variegata,9719,146,2.33597082442725
Varecia variegata,9793,146,57.1920356452231
Varecia variegata,10050,165,27.2715936270408
Varecia variegata,10052,167,29.4123165165247
Varecia variegata,10053,168,29.3885406549345
Varecia variegata,10054,169,20.6592519148787
Varecia variegata,10068,171,58.7538227882982
Varecia variegata,10061,172,31.1097970257471
Varecia variegata,10062,172,29.6010280215162
Varecia variegata,9979,173,29.6714715318073
Varecia variegata,10138,176,31.5815648439663
Varecia variegata,312,11,162.374759556721
Varecia variegata,10139,11,21.3177359530708
Varecia variegata,10140,11,301.748748168552
Varecia variegata,10142,11,0.645659265649796
Varecia variegata,1088,180,0.643524707942307
Varecia variegata,1108,180,0.459616383671761
Varecia variegata,1116,180,0.643432019171834
Varecia variegata,1126,180,0.367655302864552
Varecia variegata,1133,180,1.56243208603394
Varecia variegata,1144,180,0.45950859373796
Varecia variegata,1146,180,0.459497104688943
Varecia variegata,1147,180,1.1946710927338
Varecia variegata,1154,180,53.6769175645663
Varecia variegata,1155,180,3.21620605602366
Varecia variegata,1156,180,0.551364106284559
Varecia variegata,1162,180,1.10266377710587
Varecia variegata,1163,180,0.367564567481756
Varecia variegata,1166,180,0.551319225259066
Varecia variegata,1171,180,1.10259928914046
Varecia variegata,1174,180,2.02137478975725
Varecia variegata,1175,180,0.82694543447876
Varecia variegata,1178,180,0.643170052254975
Varecia variegata,1182,180,1.65382056523669
Varecia variegata,1200,180,0.82682548099494
Varecia variegata,1204,180,0.459349671094835
Varecia variegata,1211,180,0.367459639964402
Varecia variegata,1217,180,1.46972063059127
Varecia variegata,1245,180,0.367363554798722
Varecia variegata,1258,180,58.6780858784085
Varecia variegata,1288,180,411.288026338923
Varecia variegata,2067,180,9163.642217011
Varecia variegata,10141,180,176.981841014409
Varecia variegata,10149,180,1385.48179139944
Varecia variegata,10150,180,8.71055469847293
Varecia variegata,10151,180,1.55853332586139
Varecia variegata,10153,180,5.22484076185095
Varecia variegata,10160,180,0.366016744080782
Varecia variegata,10163,180,2.55931186735392
Varecia variegata,10164,180,118.609435406321
Varecia variegata,10165,180,1.09562847792852
Varecia variegata,10166,180,18.7867803754507
Varecia variegata,10167,180,83.0485691054942
Varecia variegata,10171,180,1.09378015375698
Varecia variegata,10172,180,0.820222737159133
Varecia variegata,10173,180,2.55151549227834
Varecia variegata,10174,180,5.10222163080132
Varecia variegata,10175,180,175.981325838436
Varecia variegata,10176,180,63.0206184295745
Varecia variegata,10143,181,29.7890733494434
Varecia variegata,9991,154,671.328450152916
Varecia variegata,10189,154,0.820644420907617
Varecia variegata,10190,154,1.91443390526378
Varecia variegata,3444,156,2.87876883525908
Varecia variegata,3447,156,0.899620833965421
Varecia variegata,10095,156,45.3586244344001
Varecia variegata,10097,156,33.0953660841964
Varecia variegata,6738,182,104.68823217409
Varecia variegata,10094,183,42.668198616212
Varecia variegata,10183,183,90.898942940664
Varecia variegata,10177,184,82.1709647371291
Varecia variegata,10179,184,96.0048449014599
Varecia variegata,10178,185,61.2124982058765
Varecia variegata,10180,186,29.7723925005818
Varecia variegata,10181,187,29.3041924637888
Varecia variegata,10182,188,52.093110773009
Varecia variegata,10184,189,29.7379084643369
Varecia variegata,10186,190,17.9006258988328
Varecia variegata,10187,190,2.8788579399693
Varecia variegata,7404,157,0.62064821295929
Varecia variegata,7431,157,0.709200345668078
Varecia variegata,9951,157,68.5173564614324
Varecia variegata,10066,157,30.9497681570725
Varecia variegata,10067,157,9.04229392747104
Varecia variegata,10188,157,29.2747668395581
Varecia variegata,10038,170,31.2831288292344
Varecia variegata,10082,179,30.8125924480652
Varecia variegata,10191,179,29.8980611396976
Xanthomixis cinereiceps,21,3,148.851761871343
Xanthomixis cinereiceps,35,4,29.966803009745
Xanthomixis cinereiceps,40,4,56.6048410376548
Xanthomixis cinereiceps,1837,26,29.4123165165247
Xanthomixis cinereiceps,1874,26,27.2715936270408
Xanthomixis cinereiceps,1878,27,31.1097970257471
Xanthomixis cinereiceps,1879,27,29.6010280215162
Xanthomixis cinereiceps,50,6,29.966575903603
Xanthomixis cinereiceps,51,28,31.5815648439663
Xanthomixis cinereiceps,11,2,176.981841014409
Xanthomixis cinereiceps,18,2,53.9621798086436
Xanthomixis cinereiceps,46,2,770.77837088071
Xanthomixis cinereiceps,1889,2,68.4101042013871
Xanthomixis cinereiceps,1899,2,98.8740933170386
Xanthomixis cinereiceps,1900,2,26.4347103706281
Xanthomixis cinereiceps,1901,2,59.8147369787726
Xanthomixis cinereiceps,1902,2,0.64315160918951
Xanthomixis cinereiceps,1904,2,97.7138863841613
Xanthomixis cinereiceps,55,8,30.8125924480652
Xanthomixis cinereiceps,1905,8,29.8980611396976
Xanthomixis cinereiceps,108,9,104.68823217409
Xanthomixis cinereiceps,1906,9,61.2124982058765
Xanthomixis cinereiceps,198,11,2.87876883525908
Xanthomixis cinereiceps,199,11,0.899620833965421
Xanthomixis cinereiceps,204,11,0.269868277515411
Xanthomixis cinereiceps,1897,11,45.3586244344001
Xanthomixis cinereiceps,1898,11,33.0953660841964
Xanthomixis cinereiceps,1332,30,52.093110773009
Xanthomixis cinereiceps,1907,33,29.7723925005818
Xanthomixis cinereiceps,1851,32,68.5173564614324
Xanthomixis cinereiceps,1869,32,31.2831288292344
Xanthomixis cinereiceps,1881,32,30.9497681570725
Xanthomixis cinereiceps,1908,32,29.2747668395581
Xanthomixis cinereiceps,1882,34,58.7538227882982
Xanthomixis zosterops,741,8,14.4181473408732
Xanthomixis zosterops,12731,60,24.4501852478648
Xanthomixis zosterops,2,1,0.64914825101471
Xanthomixis zosterops,3,1,56.8711675529918
Xanthomixis zosterops,12751,1,52.3985918019359
Xanthomixis zosterops,12686,61,2.33597082442725
Xanthomixis zosterops,12688,61,0.17303808407855
Xanthomixis zosterops,12750,61,57.1920356452231
Xanthomixis zosterops,12848,66,27.2715936270408
Xanthomixis zosterops,12850,66,29.4123165165247
Xanthomixis zosterops,12851,66,29.3885406549345
Xanthomixis zosterops,12852,66,20.6592519148787
Xanthomixis zosterops,12859,68,31.1097970257471
Xanthomixis zosterops,12860,68,29.6010280215162
Xanthomixis zosterops,12794,78,29.6714715318073
Xanthomixis zosterops,88,5,152.498155501201
Xanthomixis zosterops,223,5,0.645659265649796
Xanthomixis zosterops,381,5,0.276354423903286
Xanthomixis zosterops,393,5,0.644736027105212
Xanthomixis zosterops,399,5,1.74986507844645
Xanthomixis zosterops,400,5,112.203011880531
Xanthomixis zosterops,402,5,3.68393426544833
Xanthomixis zosterops,432,5,1.19697195979685
Xanthomixis zosterops,1987,5,8896.5561087871
Xanthomixis zosterops,12756,5,611.544881528597
Xanthomixis zosterops,12853,5,31.4878831114429
Xanthomixis zosterops,12932,5,31.5815648439663
Xanthomixis zosterops,12933,5,21.3177359530708
Xanthomixis zosterops,12934,5,301.472100416912
Xanthomixis zosterops,12935,5,176.981841014409
Xanthomixis zosterops,12936,5,29.7890733494434
Xanthomixis zosterops,12937,5,0.184350945953012
Xanthomixis zosterops,12942,5,1385.48179139944
Xanthomixis zosterops,12943,5,8.71055469847293
Xanthomixis zosterops,12944,5,1.55853332586139
Xanthomixis zosterops,12945,5,4.12545809786379
Xanthomixis zosterops,12946,5,5.22484076185095
Xanthomixis zosterops,12949,5,0.366016744080782
Xanthomixis zosterops,12952,5,2.55931186735392
Xanthomixis zosterops,12953,5,118.609435406321
Xanthomixis zosterops,12954,5,1.09562847792852
Xanthomixis zosterops,12955,5,18.7867803754507
Xanthomixis zosterops,12956,5,83.0485691054942
Xanthomixis zosterops,12960,5,1.09378015375698
Xanthomixis zosterops,12961,5,0.820222737159133
Xanthomixis zosterops,12962,5,2.55151549227834
Xanthomixis zosterops,12963,5,5.10222163080132
Xanthomixis zosterops,12964,5,175.981325838436
Xanthomixis zosterops,12965,5,63.0206184295745
Xanthomixis zosterops,12976,5,0.820644420907617
Xanthomixis zosterops,12977,5,1.91443390526378
Xanthomixis zosterops,717,7,293.433147514117
Xanthomixis zosterops,2334,57,0.181274117312074
Xanthomixis zosterops,12881,57,30.8125924480652
Xanthomixis zosterops,12979,57,29.8980611396976
Xanthomixis zosterops,4144,69,0.179958904524803
Xanthomixis zosterops,4198,69,2.87876883525908
Xanthomixis zosterops,4203,69,0.899620833965421
Xanthomixis zosterops,4235,69,0.269868277515411
Xanthomixis zosterops,12894,69,45.3586244344001
Xanthomixis zosterops,12896,69,33.0953660841964
Xanthomixis zosterops,8736,79,104.68823217409
Xanthomixis zosterops,12966,79,61.2124982058765
Xanthomixis zosterops,12893,80,42.668198616212
Xanthomixis zosterops,12971,80,90.898942940664
Xanthomixis zosterops,12973,80,9.5401058957789
Xanthomixis zosterops,12974,80,17.9006258988328
Xanthomixis zosterops,12975,80,2.8788579399693
Xanthomixis zosterops,12967,81,96.0048449014599
Xanthomixis zosterops,12968,81,29.7723925005818
Xanthomixis zosterops,12969,81,29.3041924637888
Xanthomixis zosterops,12970,82,52.093110773009
Xanthomixis zosterops,12972,83,29.7379084643369
Xanthomixis zosterops,9472,71,0.62064821295929
Xanthomixis zosterops,9483,71,0.265972006813645
Xanthomixis zosterops,9501,71,0.709200345668078
Xanthomixis zosterops,9515,71,0.177290677110195
Xanthomixis zosterops,12776,71,68.5173564614324
Xanthomixis zosterops,12778,71,0.177275942426443
Xanthomixis zosterops,12779,71,0.177274304782152
Xanthomixis zosterops,12833,71,31.2831288292344
Xanthomixis zosterops,12864,71,30.9497681570725
Xanthomixis zosterops,12865,71,9.04229392747104
Xanthomixis zosterops,12978,71,29.2747668395581
Xanthomixis zosterops,12866,84,58.7538227882982
Xenopirostris polleni,51,2,30.1778725338468
Xenopirostris polleni,2120,9,27.2715936270381
Xenopirostris polleni,2165,17,58.7538227882982
Xenopirostris polleni,100,15,28.6147883524203
Xenopirostris polleni,101,15,20.8695101657111
Xenopirostris polleni,104,15,0.911252140481949
Xenopirostris polleni,110,15,96.6310734011702
Xenopirostris polleni,2147,15,25.5098385051716
Xenopirostris polleni,2168,15,26.6029137582988
Xenopirostris polleni,2170,15,31.5815648439663
Xenopirostris polleni,4,1,21.3177359530708
Xenopirostris polleni,14,1,192.159289993406
Xenopirostris polleni,16,1,0.645659265649796
Xenopirostris polleni,17,1,29.7890733494434
Xenopirostris polleni,37,1,0.644736027105212
Xenopirostris polleni,39,1,102.623613487048
Xenopirostris polleni,41,1,3.68393426544833
Xenopirostris polleni,42,1,186.113432307399
Xenopirostris polleni,43,1,0.460479690076411
Xenopirostris polleni,44,1,101.2859168647
Xenopirostris polleni,46,1,19.1535753317591
Xenopirostris polleni,47,1,16.1117845097322
Xenopirostris polleni,48,1,29.6453323973306
Xenopirostris polleni,49,1,29.8164373523052
Xenopirostris polleni,50,1,29.9084594166144
Xenopirostris polleni,55,1,56.9979385031921
Xenopirostris polleni,56,1,29.776251541159
Xenopirostris polleni,57,1,634.417004107166
Xenopirostris polleni,58,1,61.5747341633858
Xenopirostris polleni,59,1,29.7357029780808
Xenopirostris polleni,60,1,59.9935587074122
Xenopirostris polleni,74,1,0.366016744080782
Xenopirostris polleni,75,1,1335.44920485688
Xenopirostris polleni,80,1,4.56767725341642
Xenopirostris polleni,82,1,2.83104309032023
Xenopirostris polleni,85,1,6.93958528380954
Xenopirostris polleni,93,1,1.18614475155652
Xenopirostris polleni,95,1,4.28615354970002
Xenopirostris polleni,96,1,0.547095007017732
Xenopirostris polleni,109,1,620.21241292222
Xenopirostris polleni,111,1,25.3215401072124
Xenopirostris polleni,113,1,27.1357848269162
Xenopirostris polleni,2128,1,27.787629126685
Xenopirostris polleni,2183,1,1.09562847792852
Xenopirostris polleni,2184,1,144.586733379379
Xenopirostris polleni,224,18,55.9437887277658
Xenopirostris polleni,2185,18,29.7723925005818
Xenopirostris polleni,1625,19,68.5173564614324
Xenopirostris polleni,2134,19,29.2747668395581
Xenopirostris polleni,409,21,25.4497781860857
Xenopirostris polleni,433,22,104.68823217409
Xenopirostris polleni,2179,22,59.4672331036056
Xenopirostris polleni,2180,22,42.668198616212
Xenopirostris polleni,2181,22,17.9006258988328
Xenopirostris polleni,2186,22,61.2124982058765
Xenopirostris polleni,2187,22,29.7379084643369
Xenopirostris polleni,2188,22,9.5401058957789
Xenopirostris polleni,2189,22,2.8788579399693
Xenopirostris xenopirostris,1,1,99.4190072851316
Xenopirostris xenopirostris,2,1,29.6282884787538
Xenopirostris xenopirostris,7,1,3.50522293895912
Xenopirostris xenopirostris,10,1,16.1215402504426
Xenopirostris xenopirostris,11,1,7.18396295269907
Xenopirostris xenopirostris,13,1,0.34985461304009
Xenopirostris xenopirostris,14,1,5.24620992285609
Xenopirostris xenopirostris,15,1,0.524716098462582
Xenopirostris xenopirostris,18,1,107.450014480365
Xenopirostris xenopirostris,23,1,5.41451004895472
Xenopirostris xenopirostris,29,1,5.23129722183681
Xenopirostris xenopirostris,30,1,0.435904342786789
Xenopirostris xenopirostris,33,1,1.1328760877285
Xenopirostris xenopirostris,34,1,0.348577397500515
Xenopirostris xenopirostris,36,1,0.52279803142643
Xenopirostris xenopirostris,37,1,34.402900319889
Xenopirostris xenopirostris,40,1,49.5177099776991
Xenopirostris xenopirostris,48,1,3.04583861633468
Xenopirostris xenopirostris,50,1,8.87579014953661
Xenopirostris xenopirostris,51,1,3.48046890408206
Xenopirostris xenopirostris,52,1,2.17529626793385
Xenopirostris xenopirostris,55,1,14.8764755082333
Xenopirostris xenopirostris,60,1,4.26181091131223
Xenopirostris xenopirostris,68,1,1.39015823458207
Xenopirostris xenopirostris,69,1,113.880392087413
Xenopirostris xenopirostris,71,1,16.328919538229
Xenopirostris xenopirostris,72,1,0.347350369179249
Xenopirostris xenopirostris,80,1,7.49109958654905
Xenopirostris xenopirostris,82,1,9.49007950158822
Xenopirostris xenopirostris,83,1,1.31051529534316
Xenopirostris xenopirostris,84,1,1.57236309118533
Xenopirostris xenopirostris,89,1,0.349265005815983
Xenopirostris xenopirostris,94,1,26.865191159266
Xenopirostris xenopirostris,95,1,17.470543953935
