method,stage,stage_order,x,scientificName,species,className,sp_persist,n_pu,total_pu_area_km2
pipe,0,0,0,Accipiter henstii,Accipiter_henstii,AVES,0.765875108539227,1,81405.8352855587
pipe,0,0,0,Accipiter madagascariensis,Accipiter_madagascariensis,AVES,0.927685507869511,1,100295.882031971
pipe,0,0,0,Acrocephalus newtoni,Acrocephalus_newtoni,AVES,0.999999999999481,10,119748.628033797
pipe,0,0,0,Alectroenas madagascariensis,Alectroenas_madagascariensis,AVES,0.998532955338285,6,68964.4888693073
pipe,0,0,0,Allocebus trichotis,Allocebus_trichotis,MAMMALIA,0.00783473496029241,3,72.1001097191941
pipe,0,0,0,Anas bernieri,Anas_bernieri,AVES,0,1,161.555721101997
pipe,0,0,0,Apus balstoni,Apus_balstoni,AVES,0.999999002903074,6,96782.468488452
pipe,0,0,0,Artamella viridis,Artamella_viridis,AVES,0.999991790126899,10,118037.351054388
pipe,0,0,0,Asio madagascariensis,Asio_madagascariensis,AVES,0.880258448741697,2,70836.8714421994
pipe,0,0,0,Atelornis crossleyi,Atelornis_crossleyi,AVES,0.999998758967357,7,11572.6222161697
pipe,0,0,0,Atelornis pittoides,Atelornis_pittoides,AVES,0.999745020877506,3,42621.3326259036
pipe,0,0,0,Athene superciliaris,Athene_superciliaris,AVES,0.999598784043913,1,75154.9789321164
pipe,0,0,0,Avahi laniger,Avahi_laniger,MAMMALIA,1,111,38253.4654300891
pipe,0,0,0,Avahi occidentalis,Avahi_occidentalis,MAMMALIA,0.996177513146535,4,630.90092483603
pipe,0,0,0,Aviceda madagascariensis,Aviceda_madagascariensis,AVES,0.97750066274377,1,107532.281324075
pipe,0,0,0,Bernieria madagascariensis,Bernieria_madagascariensis,AVES,0.999999520455142,10,99394.0554042342
pipe,0,0,0,Brachypteracias leptosomus,Brachypteracias_leptosomus,AVES,0.999771336916958,1,37031.6513341992
pipe,0,0,0,Brachytarsomys albicauda,Brachytarsomys_albicauda,MAMMALIA,0.999999991596676,50,1815.1748536385
pipe,0,0,0,Brachyuromys betsileoensis,Brachyuromys_betsileoensis,MAMMALIA,1,117,14393.3535845593
pipe,0,0,0,Brachyuromys ramirohitra,Brachyuromys_ramirohitra,MAMMALIA,0.655414845690046,2,90.5857082152947
pipe,0,0,0,Bradypterus brunneus,Bradypterus_brunneus,AVES,1,38,12772.3634521563
pipe,0,0,0,Bradypterus seebohmi,Bradypterus_seebohmi,AVES,0.452718233996164,1,71.7493427546057
pipe,0,0,0,Buteo brachypterus,Buteo_brachypterus,AVES,0.872058171840981,1,116634.251730965
pipe,0,0,0,Calicalicus madagascariensis,Calicalicus_madagascariensis,AVES,0.999999999949407,13,101012.694085224
pipe,0,0,0,Cheirogaleus crossleyi,Cheirogaleus_crossleyi,MAMMALIA,1,92,5731.87398069381
pipe,0,0,0,Cheirogaleus major,Cheirogaleus_major,MAMMALIA,1,281,72957.4461733377
pipe,0,0,0,Cheirogaleus medius,Cheirogaleus_medius,MAMMALIA,1,1693,63243.3814837725
pipe,0,0,0,Cinnyris notatus,Cinnyris_notatus,AVES,0.99999995559106,16,117370.484149475
pipe,0,0,0,Copsychus albospecularis,Copsychus_albospecularis,AVES,0.999995735454347,5,59545.5432791211
pipe,0,0,0,Coracopsis nigra,Coracopsis_nigra,AVES,0.995976861693383,3,112428.519988189
pipe,0,0,0,Corythornis madagascariensis,Corythornis_madagascariensis,AVES,0.894443720384505,5,91413.3850066191
pipe,0,0,0,Coua caerulea,Coua_caerulea,AVES,0.999923357849972,6,43261.1604187311
pipe,0,0,0,Coua coquereli,Coua_coquereli,AVES,0.999934088614735,1,30978.4157262958
pipe,0,0,0,Coua cristata,Coua_cristata,AVES,0.999993467101693,4,82457.7263657002
pipe,0,0,0,Coua cursor,Coua_cursor,AVES,0.999730982957567,1,18335.9341827981
pipe,0,0,0,Coua gigas,Coua_gigas,AVES,0.999875333122457,1,31503.665529228
pipe,0,0,0,Coua reynaudii,Coua_reynaudii,AVES,0.999893536909553,4,36912.0383393462
pipe,0,0,0,Coua ruficeps,Coua_ruficeps,AVES,0.959346120072291,3,1327.46846918481
pipe,0,0,0,Coua serriana,Coua_serriana,AVES,0.991471316214561,1,32261.1250374597
pipe,0,0,0,Crossleyia xanthophrys,Crossleyia_xanthophrys,AVES,1,45,4117.99735246585
pipe,0,0,0,Cryptoprocta ferox,Cryptoprocta_ferox,MAMMALIA,0.0704722846506252,4,37156.8714485855
pipe,0,0,0,Cryptosylvicola randrianasoloi,Cryptosylvicola_randrianasoloi,AVES,1,39,5909.73895894305
pipe,0,0,0,Cyanolanius madagascarinus,Cyanolanius_madagascarinus,AVES,0.999999763216334,6,111472.310295942
pipe,0,0,0,Daubentonia madagascariensis,Daubentonia_madagascariensis,MAMMALIA,1,66,38656.9744324359
pipe,0,0,0,Echinops telfairi,Echinops_telfairi,MAMMALIA,1,464,58756.346735598
pipe,0,0,0,Eliurus antsingy,Eliurus_antsingy,MAMMALIA,0.0133748649074148,5,69.4813072094932
pipe,0,0,0,Eliurus grandidieri,Eliurus_grandidieri,MAMMALIA,0.999641415738649,27,917.641006159522
pipe,0,0,0,Eliurus majori,Eliurus_majori,MAMMALIA,1,340,45494.3563680893
pipe,0,0,0,Eliurus minor,Eliurus_minor,MAMMALIA,1,1650,74538.857621201
pipe,0,0,0,Eliurus myoxinus,Eliurus_myoxinus,MAMMALIA,1,1287,89581.4926753732
pipe,0,0,0,Eliurus tanala,Eliurus_tanala,MAMMALIA,1,439,48738.095486133
pipe,0,0,0,Eliurus webbi,Eliurus_webbi,MAMMALIA,1,509,64109.5950543302
pipe,0,0,0,Eremopterix hova,Eremopterix_hova,AVES,0.999999862347247,22,4111.79749526026
pipe,0,0,0,Eulemur albifrons,Eulemur_albifrons,MAMMALIA,1,44,21033.6387743731
pipe,0,0,0,Eulemur cinereiceps,Eulemur_cinereiceps,MAMMALIA,1,124,104254.75479417
pipe,0,0,0,Eulemur collaris,Eulemur_collaris,MAMMALIA,1,110,101994.593872544
pipe,0,0,0,Eulemur coronatus,Eulemur_coronatus,MAMMALIA,1,168,30700.3288804389
pipe,0,0,0,Eulemur flavifrons,Eulemur_flavifrons,MAMMALIA,0.000213248908682684,1,25.074716512655
pipe,0,0,0,Eulemur fulvus,Eulemur_fulvus,MAMMALIA,1,92,104848.149055385
pipe,0,0,0,Eulemur macaco,Eulemur_macaco,MAMMALIA,1,43,39376.352313315
pipe,0,0,0,Eulemur mongoz,Eulemur_mongoz,MAMMALIA,0.999999952898049,33,2266.66703720268
pipe,0,0,0,Eulemur rubriventer,Eulemur_rubriventer,MAMMALIA,1,215,85220.055789026
pipe,0,0,0,Eulemur rufus,Eulemur_rufus,MAMMALIA,1,146,52873.432817392
pipe,0,0,0,Eulemur sanfordi,Eulemur_sanfordi,MAMMALIA,1,158,104692.318662475
pipe,0,0,0,Euryceros prevostii,Euryceros_prevostii,AVES,0.999000955068605,3,2839.06294695103
pipe,0,0,0,Falco zoniventris,Falco_zoniventris,AVES,0.932961278308184,1,73443.3410411674
pipe,0,0,0,Falculea palliata,Falculea_palliata,AVES,0.999999999468312,6,31125.8546995143
pipe,0,0,0,Fossa fossana,Fossa_fossana,MAMMALIA,0.978483142852742,2,48599.460922311
pipe,0,0,0,Foudia madagascariensis,Foudia_madagascariensis,AVES,0.999964283013746,16,151696.571517404
pipe,0,0,0,Foudia omissa,Foudia_omissa,AVES,0.999999999964813,15,51695.3683697188
pipe,0,0,0,Gactornis enarratus,Gactornis_enarratus,AVES,0.999999514554391,5,49094.8953315527
pipe,0,0,0,Galidia elegans,Galidia_elegans,MAMMALIA,0.968235456479531,6,49877.3202057596
pipe,0,0,0,Galidictis fasciata,Galidictis_fasciata,MAMMALIA,0,3,4247.07070700451
pipe,0,0,0,Geobiastes squamiger,Geobiastes_squamiger,AVES,0.999652519491142,4,10926.8523774886
pipe,0,0,0,Geogale aurita,Geogale_aurita,MAMMALIA,1,795,32511.8284537484
pipe,0,0,0,Gymnuromys roberti,Gymnuromys_roberti,MAMMALIA,1,172,26603.2793134595
pipe,0,0,0,Haliaeetus vociferoides,Haliaeetus_vociferoides,AVES,0.0115773783592114,1,5133.49426771155
pipe,0,0,0,Hapalemur alaotrensis,Hapalemur_alaotrensis,MAMMALIA,1,141,11439.9057848001
pipe,0,0,0,Hapalemur aureus,Hapalemur_aureus,MAMMALIA,0.999999995692329,24,1820.55619313019
pipe,0,0,0,Hapalemur griseus,Hapalemur_griseus,MAMMALIA,1,165,96797.1992744246
pipe,0,0,0,Hapalemur occidentalis,Hapalemur_occidentalis,MAMMALIA,0.999995100328246,28,1026.71440945896
pipe,0,0,0,Hartertula flavoviridis,Hartertula_flavoviridis,AVES,1,45,8110.84595378394
pipe,0,0,0,Hartlaubius auratus,Hartlaubius_auratus,AVES,0.999908849362027,4,102250.658932244
pipe,0,0,0,Hemicentetes nigriceps,Hemicentetes_nigriceps,MAMMALIA,0.999953127257988,35,2052.96238155247
pipe,0,0,0,Hemicentetes semispinosus,Hemicentetes_semispinosus,MAMMALIA,0.999999999999998,82,73146.0227469838
pipe,0,0,0,Hypogeomys antimena,Hypogeomys_antimena,MAMMALIA,0.13382196561483,5,104.686912753015
pipe,0,0,0,Hypositta corallirostris,Hypositta_corallirostris,AVES,0.999989919803511,10,62434.9575957259
pipe,0,0,0,Indri indri,Indri_indri,MAMMALIA,0.999999981093542,19,63643.0065547893
pipe,0,0,0,Lemur catta,Lemur_catta,MAMMALIA,1,172,28828.0651897789
pipe,0,0,0,Lepidopygia nana,Lepidopygia_nana,AVES,0.993565759031579,24,160602.278061778
pipe,0,0,0,Lepilemur ankaranensis,Lepilemur_ankaranensis,MAMMALIA,0.942459903341432,13,361.823311685573
pipe,0,0,0,Lepilemur edwardsi,Lepilemur_edwardsi,MAMMALIA,1,56,10363.7149847007
pipe,0,0,0,Lepilemur leucopus,Lepilemur_leucopus,MAMMALIA,1,82,22553.130172594
pipe,0,0,0,Lepilemur microdon,Lepilemur_microdon,MAMMALIA,0.999999999997001,34,4773.54297635564
pipe,0,0,0,Lepilemur mustelinus,Lepilemur_mustelinus,MAMMALIA,1,248,91970.6800562632
pipe,0,0,0,Lepilemur ruficaudatus,Lepilemur_ruficaudatus,MAMMALIA,1,182,19221.242925611
pipe,0,0,0,Leptopterus chabert,Leptopterus_chabert,AVES,0.999990744115013,11,135294.726469808
pipe,0,0,0,Lophotibis cristata,Lophotibis_cristata,AVES,0.99984262942438,2,83241.1822643856
pipe,0,0,0,Macrotarsomys bastardi,Macrotarsomys_bastardi,MAMMALIA,1,277,8155.32697095479
pipe,0,0,0,Margaroperdix madagarensis,Margaroperdix_madagarensis,AVES,0.999978649954335,2,109163.465616219
pipe,0,0,0,Mentocrex kioloides,Mentocrex_kioloides,AVES,0.997745372881942,1,33668.8999710913
pipe,0,0,0,Mesitornis unicolor,Mesitornis_unicolor,AVES,0,1,89.8278131379881
pipe,0,0,0,Mesitornis variegatus,Mesitornis_variegatus,AVES,0.998762356934088,5,2869.24937298196
pipe,0,0,0,Microcebus berthae,Microcebus_berthae,MAMMALIA,1.52725564417366e-08,2,17.7781751306701
pipe,0,0,0,Microcebus griseorufus,Microcebus_griseorufus,MAMMALIA,0.995769019106106,14,501.433658043837
pipe,0,0,0,Microcebus murinus,Microcebus_murinus,MAMMALIA,1,1713,98648.0994171873
pipe,0,0,0,Microcebus myoxinus,Microcebus_myoxinus,MAMMALIA,0.999999992654343,102,1124.39007911773
pipe,0,0,0,Microcebus ravelobensis,Microcebus_ravelobensis,MAMMALIA,0.778620368188717,15,246.875988043963
pipe,0,0,0,Microcebus rufus,Microcebus_rufus,MAMMALIA,1,1410,72064.129868253
pipe,0,0,0,Microcebus tavaratra,Microcebus_tavaratra,MAMMALIA,0.993489557216144,45,767.433244596441
pipe,0,0,0,Microgale brevicaudata,Microgale_brevicaudata,MAMMALIA,1,899,32538.4482627255
pipe,0,0,0,Microgale cowani,Microgale_cowani,MAMMALIA,1,614,61599.7511156241
pipe,0,0,0,Microgale drouhardi,Microgale_drouhardi,MAMMALIA,1,318,26763.011032268
pipe,0,0,0,Microgale dryas,Microgale_dryas,MAMMALIA,0.897201399235291,47,1369.92029440591
pipe,0,0,0,Microgale fotsifotsy,Microgale_fotsifotsy,MAMMALIA,1,406,31282.5520477908
pipe,0,0,0,Microgale gracilis,Microgale_gracilis,MAMMALIA,0.999999999998795,118,9616.30546971176
pipe,0,0,0,Microgale gymnorhyncha,Microgale_gymnorhyncha,MAMMALIA,1,131,19647.1566155424
pipe,0,0,0,Microgale longicaudata,Microgale_longicaudata,MAMMALIA,1,1118,63542.4841558526
pipe,0,0,0,Microgale mergulus,Microgale_mergulus,MAMMALIA,0.999999999999896,71,5562.61775285837
pipe,0,0,0,Microgale parvula,Microgale_parvula,MAMMALIA,0.999999999999961,1319,63644.5861034212
pipe,0,0,0,Microgale principula,Microgale_principula,MAMMALIA,1,617,50694.3369124667
pipe,0,0,0,Microgale pusilla,Microgale_pusilla,MAMMALIA,0.999999999978931,415,19934.6384600131
pipe,0,0,0,Microgale soricoides,Microgale_soricoides,MAMMALIA,1,143,27525.3521029543
pipe,0,0,0,Microgale taiva,Microgale_taiva,MAMMALIA,1,310,40793.1049467723
pipe,0,0,0,Microgale thomasi,Microgale_thomasi,MAMMALIA,1,129,24416.4063766389
pipe,0,0,0,Mirza coquereli,Mirza_coquereli,MAMMALIA,0.999997589067307,53,2653.00074277788
pipe,0,0,0,Monias benschi,Monias_benschi,AVES,0,1,82.9420458882198
pipe,0,0,0,Monticola erythronotus,Monticola_erythronotus,AVES,0.505764981643123,1,97.4973036619921
pipe,0,0,0,Monticola sharpei,Monticola_sharpei,AVES,0.999999999999973,10,112347.531793114
pipe,0,0,0,Monticolomys koopmani,Monticolomys_koopmani,MAMMALIA,0.132627247638879,6,104.060766616412
pipe,0,0,0,Motacilla flaviventris,Motacilla_flaviventris,AVES,1,23,20547.3955734012
pipe,0,0,0,Mystacornis crossleyi,Mystacornis_crossleyi,AVES,0.99999999999998,10,47378.6432934249
pipe,0,0,0,Neodrepanis coruscans,Neodrepanis_coruscans,AVES,0.99999845514974,15,29636.806082244
pipe,0,0,0,Neodrepanis hypoxantha,Neodrepanis_hypoxantha,AVES,0.0211788109146441,3,88.4296056242715
pipe,0,0,0,Neomixis striatigula,Neomixis_striatigula,AVES,0.999999999993975,21,58553.2749873828
pipe,0,0,0,Neomixis tenella,Neomixis_tenella,AVES,1,46,100872.507958581
pipe,0,0,0,Neomixis viridis,Neomixis_viridis,AVES,0.999999999968365,24,53773.2576753967
pipe,0,0,0,Nesillas lantzii,Nesillas_lantzii,AVES,0.999983000083555,3,2703.93284842042
pipe,0,0,0,Nesogale dobsoni,Nesogale_dobsoni,MAMMALIA,1,401,70569.9395597334
pipe,0,0,0,Nesogale talazaci,Nesogale_talazaci,MAMMALIA,1,209,64825.7784003662
pipe,0,0,0,Nesomys audeberti,Nesomys_audeberti,MAMMALIA,1,111,4404.70734705306
pipe,0,0,0,Nesomys lambertoni,Nesomys_lambertoni,MAMMALIA,0.99998398237535,29,958.575495315822
pipe,0,0,0,Nesomys rufus,Nesomys_rufus,MAMMALIA,1,228,47158.8717763674
pipe,0,0,0,Newtonia amphichroa,Newtonia_amphichroa,AVES,1,15,42707.2911220113
pipe,0,0,0,Newtonia archboldi,Newtonia_archboldi,AVES,0.999743205924592,10,2057.60292387806
pipe,0,0,0,Newtonia brunneicauda,Newtonia_brunneicauda,AVES,0.999999976025883,11,128214.085634947
pipe,0,0,0,Newtonia fanovanae,Newtonia_fanovanae,AVES,0.3530552834488,2,98.220702482002
pipe,0,0,0,Oriolia bernieri,Oriolia_bernieri,AVES,0.999997529517173,13,14262.3456490558
pipe,0,0,0,Oryzorictes hova,Oryzorictes_hova,MAMMALIA,1,265,66233.2154541267
pipe,0,0,0,Oryzorictes tetradactylus,Oryzorictes_tetradactylus,MAMMALIA,1,155,10717.5339834055
pipe,0,0,0,Otus rutilus,Otus_rutilus,AVES,0.999999884940967,4,111949.764996871
pipe,0,0,0,Oxylabes madagascariensis,Oxylabes_madagascariensis,AVES,0.999999999999997,14,53797.7359975744
pipe,0,0,0,Phaner electromontis,Phaner_electromontis,MAMMALIA,1.1181189119025e-07,1,17.4337788633334
pipe,0,0,0,Phaner furcifer,Phaner_furcifer,MAMMALIA,0.887905466959624,58,892.662774423233
pipe,0,0,0,Phaner pallescens,Phaner_pallescens,MAMMALIA,0.999999999997009,57,3504.1481557881
pipe,0,0,0,Phaner parienti,Phaner_parienti,MAMMALIA,0.00280017666108179,1,24.4501852478606
pipe,0,0,0,Philepitta castanea,Philepitta_castanea,AVES,0.983835197382121,4,38533.17496099
pipe,0,0,0,Philepitta schlegeli,Philepitta_schlegeli,AVES,0.988278027030843,14,4281.37986122647
pipe,0,0,0,Ploceus nelicourvi,Ploceus_nelicourvi,AVES,0.999999997546978,9,62225.2788867866
pipe,0,0,0,Ploceus sakalava,Ploceus_sakalava,AVES,0.999999986026268,18,45935.1176779656
pipe,0,0,0,Polyboroides radiatus,Polyboroides_radiatus,AVES,0.998872473273459,1,126880.731002869
pipe,0,0,0,Pseudobias wardi,Pseudobias_wardi,AVES,0.999999999999996,19,41782.4877384969
pipe,0,0,0,Pterocles personatus,Pterocles_personatus,AVES,0.940123497880855,5,7087.00341547594
pipe,0,0,0,Rallus madagascariensis,Rallus_madagascariensis,AVES,0.999999431971117,5,14553.5629941738
pipe,0,0,0,Randia pseudozosterops,Randia_pseudozosterops,AVES,0.999998919608882,6,46653.22527701
pipe,0,0,0,Sarothrura insularis,Sarothrura_insularis,AVES,0.999970539243504,7,77231.7846360684
pipe,0,0,0,Schetba rufa,Schetba_rufa,AVES,1,20,29985.5572878945
pipe,0,0,0,Setifer setosus,Setifer_setosus,MAMMALIA,1,197,121768.247863368
pipe,0,0,0,Tenrec ecaudatus,Tenrec_ecaudatus,MAMMALIA,1,54,133405.07041149
pipe,0,0,0,Thamnornis chloropetoides,Thamnornis_chloropetoides,AVES,0.999977507869305,5,3407.17432487525
pipe,0,0,0,Treron australis,Treron_australis,AVES,0.996979772420716,1,122191.673916884
pipe,0,0,0,Turnix nigricollis,Turnix_nigricollis,AVES,0.999949079462136,2,137927.251420088
pipe,0,0,0,Tylas eduardi,Tylas_eduardi,AVES,0.999999989122082,6,60620.0089657779
pipe,0,0,0,Vanga curvirostris,Vanga_curvirostris,AVES,0.999946694822322,7,134928.457939634
pipe,0,0,0,Varecia rubra,Varecia_rubra,MAMMALIA,1,47,74463.7318670284
pipe,0,0,0,Varecia variegata,Varecia_variegata,MAMMALIA,0.999999999999927,38,73381.7001135045
pipe,0,0,0,Xanthomixis apperti,Xanthomixis_apperti,AVES,0.441311211243701,1,68.4073900828693
pipe,0,0,0,Xanthomixis cinereiceps,Xanthomixis_cinereiceps,AVES,1,21,17538.7243960844
pipe,0,0,0,Xanthomixis zosterops,Xanthomixis_zosterops,AVES,0.999999999983305,14,63332.6962077734
pipe,0,0,0,Xenopirostris damii,Xenopirostris_damii,AVES,0.00179910755944279,1,93.5023436630615
pipe,0,0,0,Xenopirostris polleni,Xenopirostris_polleni,AVES,0.999999970589095,10,17756.9551348295
pipe,0,0,0,Xenopirostris xenopirostris,Xenopirostris_xenopirostris,AVES,0.965058075374104,1,1102.55740261015
pipe,1,1,4.74865574883676,Accipiter henstii,Accipiter_henstii,AVES,0.765875108539227,1,81405.8352855587
pipe,1,1,4.74865574883676,Accipiter madagascariensis,Accipiter_madagascariensis,AVES,0.927685507869511,1,100295.882031971
pipe,1,1,4.74865574883676,Acrocephalus newtoni,Acrocephalus_newtoni,AVES,0.999999999999914,11,118546.169549476
pipe,1,1,4.74865574883676,Alectroenas madagascariensis,Alectroenas_madagascariensis,AVES,0.998532955338285,6,68964.4888693073
pipe,1,1,4.74865574883676,Allocebus trichotis,Allocebus_trichotis,MAMMALIA,0.0078347349602923,3,72.1001097191941
pipe,1,1,4.74865574883676,Anas bernieri,Anas_bernieri,AVES,0,1,156.615286251275
pipe,1,1,4.74865574883676,Apus balstoni,Apus_balstoni,AVES,0.999999954532783,4,96276.9210808294
pipe,1,1,4.74865574883676,Artamella viridis,Artamella_viridis,AVES,0.999991737039207,10,117533.445645469
pipe,1,1,4.74865574883676,Asio madagascariensis,Asio_madagascariensis,AVES,0.880258448741697,2,70836.8714421994
pipe,1,1,4.74865574883676,Atelornis crossleyi,Atelornis_crossleyi,AVES,0.999998758967357,7,11572.6222161697
pipe,1,1,4.74865574883676,Atelornis pittoides,Atelornis_pittoides,AVES,0.999745020877506,3,42621.3326259037
pipe,1,1,4.74865574883676,Athene superciliaris,Athene_superciliaris,AVES,0.999598784043913,1,75154.9789321163
pipe,1,1,4.74865574883676,Avahi laniger,Avahi_laniger,MAMMALIA,1,110,38160.1483657987
pipe,1,1,4.74865574883676,Avahi occidentalis,Avahi_occidentalis,MAMMALIA,0.996177513146535,4,629.897489759678
pipe,1,1,4.74865574883676,Aviceda madagascariensis,Aviceda_madagascariensis,AVES,0.97750066274377,1,107532.281324075
pipe,1,1,4.74865574883676,Bernieria madagascariensis,Bernieria_madagascariensis,AVES,0.999999846429051,11,99250.0999180872
pipe,1,1,4.74865574883676,Brachypteracias leptosomus,Brachypteracias_leptosomus,AVES,0.999771336916958,1,37031.6513341992
pipe,1,1,4.74865574883676,Brachytarsomys albicauda,Brachytarsomys_albicauda,MAMMALIA,0.99999998952922,50,1790.79003444729
pipe,1,1,4.74865574883676,Brachyuromys betsileoensis,Brachyuromys_betsileoensis,MAMMALIA,1,124,14056.1875398741
pipe,1,1,4.74865574883676,Brachyuromys ramirohitra,Brachyuromys_ramirohitra,MAMMALIA,0.655414845690046,2,90.5857082152948
pipe,1,1,4.74865574883676,Bradypterus brunneus,Bradypterus_brunneus,AVES,1,38,12767.345441453
pipe,1,1,4.74865574883676,Bradypterus seebohmi,Bradypterus_seebohmi,AVES,0.452718233996164,1,71.7493427546058
pipe,1,1,4.74865574883676,Buteo brachypterus,Buteo_brachypterus,AVES,0.872058171840981,1,116634.251730965
pipe,1,1,4.74865574883676,Calicalicus madagascariensis,Calicalicus_madagascariensis,AVES,0.999999999984412,15,100691.042355864
pipe,1,1,4.74865574883676,Cheirogaleus crossleyi,Cheirogaleus_crossleyi,MAMMALIA,1,92,5731.60752767041
pipe,1,1,4.74865574883676,Cheirogaleus major,Cheirogaleus_major,MAMMALIA,1,272,72337.9685449486
pipe,1,1,4.74865574883676,Cheirogaleus medius,Cheirogaleus_medius,MAMMALIA,1,1646,60030.9697189016
pipe,1,1,4.74865574883676,Cinnyris notatus,Cinnyris_notatus,AVES,0.999999944926819,19,114380.905986454
pipe,1,1,4.74865574883676,Copsychus albospecularis,Copsychus_albospecularis,AVES,0.999995704903462,5,59235.2079061101
pipe,1,1,4.74865574883676,Coracopsis nigra,Coracopsis_nigra,AVES,0.995976861693383,3,112428.519988189
pipe,1,1,4.74865574883676,Corythornis madagascariensis,Corythornis_madagascariensis,AVES,0.894443720384505,5,91413.3850066192
pipe,1,1,4.74865574883676,Coua caerulea,Coua_caerulea,AVES,0.999923357849972,6,43261.1604187311
pipe,1,1,4.74865574883676,Coua coquereli,Coua_coquereli,AVES,0.999932515019641,1,30607.1674362561
pipe,1,1,4.74865574883676,Coua cristata,Coua_cristata,AVES,0.999993467101693,4,82457.7263657003
pipe,1,1,4.74865574883676,Coua cursor,Coua_cursor,AVES,0.999730982957567,1,18335.9341827981
pipe,1,1,4.74865574883676,Coua gigas,Coua_gigas,AVES,0.999875232204983,1,31491.5426472852
pipe,1,1,4.74865574883676,Coua reynaudii,Coua_reynaudii,AVES,0.999893536909553,4,36912.0383393462
pipe,1,1,4.74865574883676,Coua ruficeps,Coua_ruficeps,AVES,0.959346120072291,3,1327.46846918482
pipe,1,1,4.74865574883676,Coua serriana,Coua_serriana,AVES,0.991471316214561,1,32261.1250374597
pipe,1,1,4.74865574883676,Crossleyia xanthophrys,Crossleyia_xanthophrys,AVES,1,45,4116.74088725148
pipe,1,1,4.74865574883676,Cryptoprocta ferox,Cryptoprocta_ferox,MAMMALIA,0.0704722846506246,4,37145.8531169558
pipe,1,1,4.74865574883676,Cryptosylvicola randrianasoloi,Cryptosylvicola_randrianasoloi,AVES,1,39,5905.30153562051
pipe,1,1,4.74865574883676,Cyanolanius madagascarinus,Cyanolanius_madagascarinus,AVES,0.999999835914766,9,110935.681521754
pipe,1,1,4.74865574883676,Daubentonia madagascariensis,Daubentonia_madagascariensis,MAMMALIA,1,65,38328.7665662221
pipe,1,1,4.74865574883676,Echinops telfairi,Echinops_telfairi,MAMMALIA,1,457,57412.99657778
pipe,1,1,4.74865574883676,Eliurus antsingy,Eliurus_antsingy,MAMMALIA,0.0133748649074149,5,69.3900821470956
pipe,1,1,4.74865574883676,Eliurus grandidieri,Eliurus_grandidieri,MAMMALIA,0.999641415738649,27,917.280209898303
pipe,1,1,4.74865574883676,Eliurus majori,Eliurus_majori,MAMMALIA,1,364,44806.7213539993
pipe,1,1,4.74865574883676,Eliurus minor,Eliurus_minor,MAMMALIA,1,1646,73884.5862610997
pipe,1,1,4.74865574883676,Eliurus myoxinus,Eliurus_myoxinus,MAMMALIA,1,1310,86902.4679183946
pipe,1,1,4.74865574883676,Eliurus tanala,Eliurus_tanala,MAMMALIA,1,466,47970.6831683726
pipe,1,1,4.74865574883676,Eliurus webbi,Eliurus_webbi,MAMMALIA,1,555,63115.2859444029
pipe,1,1,4.74865574883676,Eremopterix hova,Eremopterix_hova,AVES,0.999999826925222,24,3950.76390445266
pipe,1,1,4.74865574883676,Eulemur albifrons,Eulemur_albifrons,MAMMALIA,1,44,21033.6387743731
pipe,1,1,4.74865574883676,Eulemur cinereiceps,Eulemur_cinereiceps,MAMMALIA,1,125,103286.860037421
pipe,1,1,4.74865574883676,Eulemur collaris,Eulemur_collaris,MAMMALIA,1,106,101282.958827391
pipe,1,1,4.74865574883676,Eulemur coronatus,Eulemur_coronatus,MAMMALIA,1,165,30639.037092244
pipe,1,1,4.74865574883676,Eulemur flavifrons,Eulemur_flavifrons,MAMMALIA,0.000213248908682684,1,25.074716512655
pipe,1,1,4.74865574883676,Eulemur fulvus,Eulemur_fulvus,MAMMALIA,1,96,103878.053404767
pipe,1,1,4.74865574883676,Eulemur macaco,Eulemur_macaco,MAMMALIA,1,45,39175.951274805
pipe,1,1,4.74865574883676,Eulemur mongoz,Eulemur_mongoz,MAMMALIA,0.999999952749741,33,2263.93643487816
pipe,1,1,4.74865574883676,Eulemur rubriventer,Eulemur_rubriventer,MAMMALIA,1,211,84752.3825692467
pipe,1,1,4.74865574883676,Eulemur rufus,Eulemur_rufus,MAMMALIA,1,164,51664.4907604135
pipe,1,1,4.74865574883676,Eulemur sanfordi,Eulemur_sanfordi,MAMMALIA,1,160,103729.882968823
pipe,1,1,4.74865574883676,Euryceros prevostii,Euryceros_prevostii,AVES,0.999000955068605,3,2839.06294695103
pipe,1,1,4.74865574883676,Falco zoniventris,Falco_zoniventris,AVES,0.932961278308184,1,73443.3410411675
pipe,1,1,4.74865574883676,Falculea palliata,Falculea_palliata,AVES,0.999999999438818,6,30737.9571865434
pipe,1,1,4.74865574883676,Fossa fossana,Fossa_fossana,MAMMALIA,0.978483142852742,2,48599.4609223109
pipe,1,1,4.74865574883676,Foudia madagascariensis,Foudia_madagascariensis,AVES,0.999992722196957,16,149489.002936005
pipe,1,1,4.74865574883676,Foudia omissa,Foudia_omissa,AVES,0.999999999963853,15,51667.8726223776
pipe,1,1,4.74865574883676,Gactornis enarratus,Gactornis_enarratus,AVES,0.999999514554391,5,49094.8953315528
pipe,1,1,4.74865574883676,Galidia elegans,Galidia_elegans,MAMMALIA,0.968235456479531,6,49877.3202057595
pipe,1,1,4.74865574883676,Galidictis fasciata,Galidictis_fasciata,MAMMALIA,0,3,4247.07070700451
pipe,1,1,4.74865574883676,Geobiastes squamiger,Geobiastes_squamiger,AVES,0.999652519491142,4,10926.8523774886
pipe,1,1,4.74865574883676,Geogale aurita,Geogale_aurita,MAMMALIA,1,780,31984.8442020208
pipe,1,1,4.74865574883676,Gymnuromys roberti,Gymnuromys_roberti,MAMMALIA,1,175,26369.4167531284
pipe,1,1,4.74865574883676,Haliaeetus vociferoides,Haliaeetus_vociferoides,AVES,0.0115773783592114,1,5133.49426771156
pipe,1,1,4.74865574883676,Hapalemur alaotrensis,Hapalemur_alaotrensis,MAMMALIA,1,143,11074.2037279226
pipe,1,1,4.74865574883676,Hapalemur aureus,Hapalemur_aureus,MAMMALIA,0.999999994495938,24,1806.91072140088
pipe,1,1,4.74865574883676,Hapalemur griseus,Hapalemur_griseus,MAMMALIA,1,161,96478.6879770429
pipe,1,1,4.74865574883676,Hapalemur occidentalis,Hapalemur_occidentalis,MAMMALIA,0.999995100328246,28,1026.71440945896
pipe,1,1,4.74865574883676,Hartertula flavoviridis,Hartertula_flavoviridis,AVES,1,45,8108.32123038134
pipe,1,1,4.74865574883676,Hartlaubius auratus,Hartlaubius_auratus,AVES,0.999908766466144,5,102193.945136206
pipe,1,1,4.74865574883676,Hemicentetes nigriceps,Hemicentetes_nigriceps,MAMMALIA,0.999953127257988,32,2006.07132833835
pipe,1,1,4.74865574883676,Hemicentetes semispinosus,Hemicentetes_semispinosus,MAMMALIA,0.999999999999996,82,73097.5191078914
pipe,1,1,4.74865574883676,Hypogeomys antimena,Hypogeomys_antimena,MAMMALIA,0.133821965614829,5,103.882742615758
pipe,1,1,4.74865574883676,Hypositta corallirostris,Hypositta_corallirostris,AVES,0.999989919146501,10,62431.7357032171
pipe,1,1,4.74865574883676,Indri indri,Indri_indri,MAMMALIA,0.999999981093416,19,63642.8241008612
pipe,1,1,4.74865574883676,Lemur catta,Lemur_catta,MAMMALIA,1,219,27102.6334515861
pipe,1,1,4.74865574883676,Lepidopygia nana,Lepidopygia_nana,AVES,0.993602514572219,25,156973.811973209
pipe,1,1,4.74865574883676,Lepilemur ankaranensis,Lepilemur_ankaranensis,MAMMALIA,0.942459903341432,13,361.823311685573
pipe,1,1,4.74865574883676,Lepilemur edwardsi,Lepilemur_edwardsi,MAMMALIA,1,56,10191.6812263564
pipe,1,1,4.74865574883676,Lepilemur leucopus,Lepilemur_leucopus,MAMMALIA,1,85,21721.3407093688
pipe,1,1,4.74865574883676,Lepilemur microdon,Lepilemur_microdon,MAMMALIA,0.999999999996764,33,4750.13398729133
pipe,1,1,4.74865574883676,Lepilemur mustelinus,Lepilemur_mustelinus,MAMMALIA,1,252,90763.0989781753
pipe,1,1,4.74865574883676,Lepilemur ruficaudatus,Lepilemur_ruficaudatus,MAMMALIA,1,189,18067.8122133292
pipe,1,1,4.74865574883676,Leptopterus chabert,Leptopterus_chabert,AVES,0.999990656404288,11,134384.252149197
pipe,1,1,4.74865574883676,Lophotibis cristata,Lophotibis_cristata,AVES,0.99984262942438,2,83241.1822643857
pipe,1,1,4.74865574883676,Macrotarsomys bastardi,Macrotarsomys_bastardi,MAMMALIA,1,273,8065.82798688937
pipe,1,1,4.74865574883676,Margaroperdix madagarensis,Margaroperdix_madagarensis,AVES,0.999978309464015,2,108107.726860513
pipe,1,1,4.74865574883676,Mentocrex kioloides,Mentocrex_kioloides,AVES,0.997745372881942,1,33668.8999710913
pipe,1,1,4.74865574883676,Mesitornis unicolor,Mesitornis_unicolor,AVES,0,1,89.8278131379881
pipe,1,1,4.74865574883676,Mesitornis variegatus,Mesitornis_variegatus,AVES,0.998762356934088,5,2869.24937298196
pipe,1,1,4.74865574883676,Microcebus berthae,Microcebus_berthae,MAMMALIA,1.52725564417366e-08,2,17.4207558809549
pipe,1,1,4.74865574883676,Microcebus griseorufus,Microcebus_griseorufus,MAMMALIA,0.995769019106106,14,501.433658043836
pipe,1,1,4.74865574883676,Microcebus murinus,Microcebus_murinus,MAMMALIA,1,1710,94671.3651311347
pipe,1,1,4.74865574883676,Microcebus myoxinus,Microcebus_myoxinus,MAMMALIA,0.999999990850514,99,1100.14647986423
pipe,1,1,4.74865574883676,Microcebus ravelobensis,Microcebus_ravelobensis,MAMMALIA,0.778620368188717,13,239.222934365321
pipe,1,1,4.74865574883676,Microcebus rufus,Microcebus_rufus,MAMMALIA,1,1389,71180.4748669141
pipe,1,1,4.74865574883676,Microcebus tavaratra,Microcebus_tavaratra,MAMMALIA,0.993489556491056,42,751.270493284087
pipe,1,1,4.74865574883676,Microgale brevicaudata,Microgale_brevicaudata,MAMMALIA,1,880,32060.7940350099
pipe,1,1,4.74865574883676,Microgale cowani,Microgale_cowani,MAMMALIA,1,647,60297.1159491452
pipe,1,1,4.74865574883676,Microgale drouhardi,Microgale_drouhardi,MAMMALIA,1,324,26561.2549781434
pipe,1,1,4.74865574883676,Microgale dryas,Microgale_dryas,MAMMALIA,0.897201399235291,47,1369.92029440591
pipe,1,1,4.74865574883676,Microgale fotsifotsy,Microgale_fotsifotsy,MAMMALIA,1,408,31005.1284947541
pipe,1,1,4.74865574883676,Microgale gracilis,Microgale_gracilis,MAMMALIA,0.999999999998709,119,9600.07609251455
pipe,1,1,4.74865574883676,Microgale gymnorhyncha,Microgale_gymnorhyncha,MAMMALIA,1,144,19422.7115134009
pipe,1,1,4.74865574883676,Microgale longicaudata,Microgale_longicaudata,MAMMALIA,1,1121,62974.2018462149
pipe,1,1,4.74865574883676,Microgale mergulus,Microgale_mergulus,MAMMALIA,0.999999999999959,71,5534.54282775052
pipe,1,1,4.74865574883676,Microgale parvula,Microgale_parvula,MAMMALIA,1,1324,63145.6395825631
pipe,1,1,4.74865574883676,Microgale principula,Microgale_principula,MAMMALIA,1,619,50309.7715689012
pipe,1,1,4.74865574883676,Microgale pusilla,Microgale_pusilla,MAMMALIA,0.999999999968303,400,19660.5934643319
pipe,1,1,4.74865574883676,Microgale soricoides,Microgale_soricoides,MAMMALIA,1,155,27267.41073001
pipe,1,1,4.74865574883676,Microgale taiva,Microgale_taiva,MAMMALIA,1,319,40513.4836645769
pipe,1,1,4.74865574883676,Microgale thomasi,Microgale_thomasi,MAMMALIA,1,123,24341.2209328104
pipe,1,1,4.74865574883676,Mirza coquereli,Mirza_coquereli,MAMMALIA,0.999997588863418,53,2647.59570340002
pipe,1,1,4.74865574883676,Monias benschi,Monias_benschi,AVES,0,1,82.9420458882198
pipe,1,1,4.74865574883676,Monticola erythronotus,Monticola_erythronotus,AVES,0.505764981643122,1,97.497303661992
pipe,1,1,4.74865574883676,Monticola sharpei,Monticola_sharpei,AVES,0.999999999999992,15,109523.257494389
pipe,1,1,4.74865574883676,Monticolomys koopmani,Monticolomys_koopmani,MAMMALIA,0.132627247638879,6,104.060766616412
pipe,1,1,4.74865574883676,Motacilla flaviventris,Motacilla_flaviventris,AVES,1,27,19165.5933427538
pipe,1,1,4.74865574883676,Mystacornis crossleyi,Mystacornis_crossleyi,AVES,0.99999999999998,10,47376.6713303955
pipe,1,1,4.74865574883676,Neodrepanis coruscans,Neodrepanis_coruscans,AVES,0.999998425287023,15,29484.0934652967
pipe,1,1,4.74865574883676,Neodrepanis hypoxantha,Neodrepanis_hypoxantha,AVES,0.0211788109146442,3,88.4296056242715
pipe,1,1,4.74865574883676,Neomixis striatigula,Neomixis_striatigula,AVES,0.999999999993972,21,58537.1638071214
pipe,1,1,4.74865574883676,Neomixis tenella,Neomixis_tenella,AVES,1,48,98470.0037359432
pipe,1,1,4.74865574883676,Neomixis viridis,Neomixis_viridis,AVES,0.999999999968341,24,53747.9815866659
pipe,1,1,4.74865574883676,Nesillas lantzii,Nesillas_lantzii,AVES,0.999982937128992,3,2699.47463594861
pipe,1,1,4.74865574883676,Nesogale dobsoni,Nesogale_dobsoni,MAMMALIA,1,387,69949.7990254138
pipe,1,1,4.74865574883676,Nesogale talazaci,Nesogale_talazaci,MAMMALIA,1,209,64823.3266892579
pipe,1,1,4.74865574883676,Nesomys audeberti,Nesomys_audeberti,MAMMALIA,1,114,4294.48788952611
pipe,1,1,4.74865574883676,Nesomys lambertoni,Nesomys_lambertoni,MAMMALIA,0.999983981885885,28,948.983050557469
pipe,1,1,4.74865574883676,Nesomys rufus,Nesomys_rufus,MAMMALIA,1,243,46441.1606063473
pipe,1,1,4.74865574883676,Newtonia amphichroa,Newtonia_amphichroa,AVES,1,15,42683.6680091598
pipe,1,1,4.74865574883676,Newtonia archboldi,Newtonia_archboldi,AVES,0.999743204890143,9,2043.76389785994
pipe,1,1,4.74865574883676,Newtonia brunneicauda,Newtonia_brunneicauda,AVES,0.999999997806669,16,126392.297811309
pipe,1,1,4.74865574883676,Newtonia fanovanae,Newtonia_fanovanae,AVES,0.353055283448799,2,98.220702482002
pipe,1,1,4.74865574883676,Oriolia bernieri,Oriolia_bernieri,AVES,0.999997529517173,13,14262.3456490558
pipe,1,1,4.74865574883676,Oryzorictes hova,Oryzorictes_hova,MAMMALIA,1,266,65872.4565761307
pipe,1,1,4.74865574883676,Oryzorictes tetradactylus,Oryzorictes_tetradactylus,MAMMALIA,1,156,10581.4119165557
pipe,1,1,4.74865574883676,Otus rutilus,Otus_rutilus,AVES,0.999999884789926,4,111875.98519493
pipe,1,1,4.74865574883676,Oxylabes madagascariensis,Oxylabes_madagascariensis,AVES,0.999999999999997,14,53783.4107612645
pipe,1,1,4.74865574883676,Phaner electromontis,Phaner_electromontis,MAMMALIA,1.1181189119025e-07,1,17.4337788633334
pipe,1,1,4.74865574883676,Phaner furcifer,Phaner_furcifer,MAMMALIA,0.887905466959624,53,855.534787806479
pipe,1,1,4.74865574883676,Phaner pallescens,Phaner_pallescens,MAMMALIA,0.999999999996959,55,3428.56145743033
pipe,1,1,4.74865574883676,Phaner parienti,Phaner_parienti,MAMMALIA,0.00280017666108179,1,24.4501852478606
pipe,1,1,4.74865574883676,Philepitta castanea,Philepitta_castanea,AVES,0.983835197382121,4,38533.17496099
pipe,1,1,4.74865574883676,Philepitta schlegeli,Philepitta_schlegeli,AVES,0.988278027030843,14,4281.37986122647
pipe,1,1,4.74865574883676,Ploceus nelicourvi,Ploceus_nelicourvi,AVES,0.999999997523435,9,62213.473893682
pipe,1,1,4.74865574883676,Ploceus sakalava,Ploceus_sakalava,AVES,0.99999999866971,22,43823.1186995164
pipe,1,1,4.74865574883676,Polyboroides radiatus,Polyboroides_radiatus,AVES,0.998864129950689,1,126319.671783681
pipe,1,1,4.74865574883676,Pseudobias wardi,Pseudobias_wardi,AVES,0.999999999999996,19,41777.9586801586
pipe,1,1,4.74865574883676,Pterocles personatus,Pterocles_personatus,AVES,0.940123497880855,5,7087.00341547594
pipe,1,1,4.74865574883676,Rallus madagascariensis,Rallus_madagascariensis,AVES,0.99999943079953,5,14542.6010662121
pipe,1,1,4.74865574883676,Randia pseudozosterops,Randia_pseudozosterops,AVES,0.999998919608882,6,46653.22527701
pipe,1,1,4.74865574883676,Sarothrura insularis,Sarothrura_insularis,AVES,0.999970425229213,6,76978.6813878619
pipe,1,1,4.74865574883676,Schetba rufa,Schetba_rufa,AVES,0.999999999999999,21,29896.284627056
pipe,1,1,4.74865574883676,Setifer setosus,Setifer_setosus,MAMMALIA,1,192,120640.745507704
pipe,1,1,4.74865574883676,Tenrec ecaudatus,Tenrec_ecaudatus,MAMMALIA,1,57,132014.645342063
pipe,1,1,4.74865574883676,Thamnornis chloropetoides,Thamnornis_chloropetoides,AVES,0.999977109293437,5,3375.83824695793
pipe,1,1,4.74865574883676,Treron australis,Treron_australis,AVES,0.996979772420716,1,122191.673916884
pipe,1,1,4.74865574883676,Turnix nigricollis,Turnix_nigricollis,AVES,0.999948675458428,2,137259.660805039
pipe,1,1,4.74865574883676,Tylas eduardi,Tylas_eduardi,AVES,0.999999989094296,6,60612.3887230503
pipe,1,1,4.74865574883676,Vanga curvirostris,Vanga_curvirostris,AVES,0.999946374258528,7,134313.317692931
pipe,1,1,4.74865574883676,Varecia rubra,Varecia_rubra,MAMMALIA,1,45,74381.098264235
pipe,1,1,4.74865574883676,Varecia variegata,Varecia_variegata,MAMMALIA,0.999999999999925,38,73361.9656955083
pipe,1,1,4.74865574883676,Xanthomixis apperti,Xanthomixis_apperti,AVES,0.441311211243701,1,68.4073900828693
pipe,1,1,4.74865574883676,Xanthomixis cinereiceps,Xanthomixis_cinereiceps,AVES,1,21,17537.1523129611
pipe,1,1,4.74865574883676,Xanthomixis zosterops,Xanthomixis_zosterops,AVES,0.999999999981615,14,63305.4705567865
pipe,1,1,4.74865574883676,Xenopirostris damii,Xenopirostris_damii,AVES,0.00179910755944268,1,93.5023436630614
pipe,1,1,4.74865574883676,Xenopirostris polleni,Xenopirostris_polleni,AVES,0.999999970589095,10,17756.9551348295
pipe,1,1,4.74865574883676,Xenopirostris xenopirostris,Xenopirostris_xenopirostris,AVES,0.965058075374104,1,1102.55740261015
pipe,2,2,9.45013491751602,Accipiter henstii,Accipiter_henstii,AVES,0.765875108539227,1,81405.8352855587
pipe,2,2,9.45013491751602,Accipiter madagascariensis,Accipiter_madagascariensis,AVES,0.927685507869511,1,100295.882031971
pipe,2,2,9.45013491751602,Acrocephalus newtoni,Acrocephalus_newtoni,AVES,0.999999999999871,12,114048.675003688
pipe,2,2,9.45013491751602,Alectroenas madagascariensis,Alectroenas_madagascariensis,AVES,0.99853287730112,6,68951.919761342
pipe,2,2,9.45013491751602,Allocebus trichotis,Allocebus_trichotis,MAMMALIA,0.0078347349602923,3,72.1001097191941
pipe,2,2,9.45013491751602,Anas bernieri,Anas_bernieri,AVES,0,1,149.573642188743
pipe,2,2,9.45013491751602,Apus balstoni,Apus_balstoni,AVES,0.999999950532512,4,95750.0927811041
pipe,2,2,9.45013491751602,Artamella viridis,Artamella_viridis,AVES,0.999991463559937,8,114985.086078502
pipe,2,2,9.45013491751602,Asio madagascariensis,Asio_madagascariensis,AVES,0.880258448741697,2,70836.8714421994
pipe,2,2,9.45013491751602,Atelornis crossleyi,Atelornis_crossleyi,AVES,0.999998758967357,7,11572.6222161697
pipe,2,2,9.45013491751602,Atelornis pittoides,Atelornis_pittoides,AVES,0.999744981624739,3,42617.5683144123
pipe,2,2,9.45013491751602,Athene superciliaris,Athene_superciliaris,AVES,0.999598784043913,1,75154.9789321163
pipe,2,2,9.45013491751602,Avahi laniger,Avahi_laniger,MAMMALIA,1,99,36914.0719975594
pipe,2,2,9.45013491751602,Avahi occidentalis,Avahi_occidentalis,MAMMALIA,0.996177513146535,4,629.897489759678
pipe,2,2,9.45013491751602,Aviceda madagascariensis,Aviceda_madagascariensis,AVES,0.97750066274377,1,107532.281324075
pipe,2,2,9.45013491751602,Bernieria madagascariensis,Bernieria_madagascariensis,AVES,0.999999998285017,15,95253.4659102328
pipe,2,2,9.45013491751602,Brachypteracias leptosomus,Brachypteracias_leptosomus,AVES,0.999771336916958,1,37031.6513341992
pipe,2,2,9.45013491751602,Brachytarsomys albicauda,Brachytarsomys_albicauda,MAMMALIA,0.999999989334113,50,1781.88121692405
pipe,2,2,9.45013491751602,Brachyuromys betsileoensis,Brachyuromys_betsileoensis,MAMMALIA,1,124,13859.4110155449
pipe,2,2,9.45013491751602,Brachyuromys ramirohitra,Brachyuromys_ramirohitra,MAMMALIA,0.655414845690046,2,90.5857082152948
pipe,2,2,9.45013491751602,Bradypterus brunneus,Bradypterus_brunneus,AVES,1,38,12695.7605623169
pipe,2,2,9.45013491751602,Bradypterus seebohmi,Bradypterus_seebohmi,AVES,0.452718233996164,1,71.7493427546058
pipe,2,2,9.45013491751602,Buteo brachypterus,Buteo_brachypterus,AVES,0.872058171840981,1,116634.251730965
pipe,2,2,9.45013491751602,Calicalicus madagascariensis,Calicalicus_madagascariensis,AVES,0.999999999999986,21,96476.2603478354
pipe,2,2,9.45013491751602,Cheirogaleus crossleyi,Cheirogaleus_crossleyi,MAMMALIA,1,92,5642.19690457647
pipe,2,2,9.45013491751602,Cheirogaleus major,Cheirogaleus_major,MAMMALIA,1,313,69544.5819966784
pipe,2,2,9.45013491751602,Cheirogaleus medius,Cheirogaleus_medius,MAMMALIA,1,1566,57624.8230074166
pipe,2,2,9.45013491751602,Cinnyris notatus,Cinnyris_notatus,AVES,0.999999999951345,22,108006.486095271
pipe,2,2,9.45013491751602,Copsychus albospecularis,Copsychus_albospecularis,AVES,0.999997237114425,6,57468.85471237
pipe,2,2,9.45013491751602,Coracopsis nigra,Coracopsis_nigra,AVES,0.995976861693383,3,112428.519988189
pipe,2,2,9.45013491751602,Corythornis madagascariensis,Corythornis_madagascariensis,AVES,0.894443720384505,5,91413.3850066192
pipe,2,2,9.45013491751602,Coua caerulea,Coua_caerulea,AVES,0.999923348901036,6,43258.6202217408
pipe,2,2,9.45013491751602,Coua coquereli,Coua_coquereli,AVES,0.999931251329661,1,30318.3808235479
pipe,2,2,9.45013491751602,Coua cristata,Coua_cristata,AVES,0.999993466921014,4,82456.5180805201
pipe,2,2,9.45013491751602,Coua cursor,Coua_cursor,AVES,0.999730982957567,1,18335.9341827981
pipe,2,2,9.45013491751602,Coua gigas,Coua_gigas,AVES,0.999875164027899,1,31483.3609587157
pipe,2,2,9.45013491751602,Coua reynaudii,Coua_reynaudii,AVES,0.999893524405902,4,36909.7856938053
pipe,2,2,9.45013491751602,Coua ruficeps,Coua_ruficeps,AVES,0.959346120072291,3,1327.46846918482
pipe,2,2,9.45013491751602,Coua serriana,Coua_serriana,AVES,0.991471316214561,1,32261.1250374597
pipe,2,2,9.45013491751602,Crossleyia xanthophrys,Crossleyia_xanthophrys,AVES,1,45,4108.00359365878
pipe,2,2,9.45013491751602,Cryptoprocta ferox,Cryptoprocta_ferox,MAMMALIA,0.0704722846506246,4,37145.8531169558
pipe,2,2,9.45013491751602,Cryptosylvicola randrianasoloi,Cryptosylvicola_randrianasoloi,AVES,1,39,5858.62140066465
pipe,2,2,9.45013491751602,Cyanolanius madagascarinus,Cyanolanius_madagascarinus,AVES,0.99999996360805,12,105948.209486567
pipe,2,2,9.45013491751602,Daubentonia madagascariensis,Daubentonia_madagascariensis,MAMMALIA,1,73,37361.2075322962
pipe,2,2,9.45013491751602,Echinops telfairi,Echinops_telfairi,MAMMALIA,1,436,55445.6343251357
pipe,2,2,9.45013491751602,Eliurus antsingy,Eliurus_antsingy,MAMMALIA,0.0133748649074149,5,69.3900821470956
pipe,2,2,9.45013491751602,Eliurus grandidieri,Eliurus_grandidieri,MAMMALIA,0.999641415738649,27,917.009629466638
pipe,2,2,9.45013491751602,Eliurus majori,Eliurus_majori,MAMMALIA,1,354,44034.9276162747
pipe,2,2,9.45013491751602,Eliurus minor,Eliurus_minor,MAMMALIA,1,1603,73225.0882518641
pipe,2,2,9.45013491751602,Eliurus myoxinus,Eliurus_myoxinus,MAMMALIA,1,1257,84556.0753544418
pipe,2,2,9.45013491751602,Eliurus tanala,Eliurus_tanala,MAMMALIA,1,478,47181.4126543155
pipe,2,2,9.45013491751602,Eliurus webbi,Eliurus_webbi,MAMMALIA,1,544,61901.2434067219
pipe,2,2,9.45013491751602,Eremopterix hova,Eremopterix_hova,AVES,0.999999732472487,23,3805.34089891426
pipe,2,2,9.45013491751602,Eulemur albifrons,Eulemur_albifrons,MAMMALIA,1,50,20279.6085630786
pipe,2,2,9.45013491751602,Eulemur cinereiceps,Eulemur_cinereiceps,MAMMALIA,1,199,96881.2262144692
pipe,2,2,9.45013491751602,Eulemur collaris,Eulemur_collaris,MAMMALIA,1,144,96140.8482391145
pipe,2,2,9.45013491751602,Eulemur coronatus,Eulemur_coronatus,MAMMALIA,1,207,28554.8565149436
pipe,2,2,9.45013491751602,Eulemur flavifrons,Eulemur_flavifrons,MAMMALIA,0.000213248908682684,1,25.074716512655
pipe,2,2,9.45013491751602,Eulemur fulvus,Eulemur_fulvus,MAMMALIA,1,167,97495.1675249615
pipe,2,2,9.45013491751602,Eulemur macaco,Eulemur_macaco,MAMMALIA,1,56,38191.4598772661
pipe,2,2,9.45013491751602,Eulemur mongoz,Eulemur_mongoz,MAMMALIA,0.999999920061048,30,2131.73226443496
pipe,2,2,9.45013491751602,Eulemur rubriventer,Eulemur_rubriventer,MAMMALIA,1,292,80258.2603925547
pipe,2,2,9.45013491751602,Eulemur rufus,Eulemur_rufus,MAMMALIA,1,196,48844.3531453401
pipe,2,2,9.45013491751602,Eulemur sanfordi,Eulemur_sanfordi,MAMMALIA,1,252,97507.3701975229
pipe,2,2,9.45013491751602,Euryceros prevostii,Euryceros_prevostii,AVES,0.999000955068605,3,2839.06294695103
pipe,2,2,9.45013491751602,Falco zoniventris,Falco_zoniventris,AVES,0.932961278308184,1,73443.3410411675
pipe,2,2,9.45013491751602,Falculea palliata,Falculea_palliata,AVES,0.999999999997601,7,30056.9862959458
pipe,2,2,9.45013491751602,Fossa fossana,Fossa_fossana,MAMMALIA,0.978483142852742,2,48599.4609223109
pipe,2,2,9.45013491751602,Foudia madagascariensis,Foudia_madagascariensis,AVES,0.999996739259241,17,143537.073540111
pipe,2,2,9.45013491751602,Foudia omissa,Foudia_omissa,AVES,0.999999999957824,15,51104.3794135037
pipe,2,2,9.45013491751602,Gactornis enarratus,Gactornis_enarratus,AVES,0.999999514554391,5,49094.8953315528
pipe,2,2,9.45013491751602,Galidia elegans,Galidia_elegans,MAMMALIA,0.968235456479531,6,49877.3202057595
pipe,2,2,9.45013491751602,Galidictis fasciata,Galidictis_fasciata,MAMMALIA,0,3,4247.07070700451
pipe,2,2,9.45013491751602,Geobiastes squamiger,Geobiastes_squamiger,AVES,0.999652519491142,4,10926.8523774886
pipe,2,2,9.45013491751602,Geogale aurita,Geogale_aurita,MAMMALIA,1,756,31689.1502562332
pipe,2,2,9.45013491751602,Gymnuromys roberti,Gymnuromys_roberti,MAMMALIA,1,171,26159.535426768
pipe,2,2,9.45013491751602,Haliaeetus vociferoides,Haliaeetus_vociferoides,AVES,0.0115773783592114,1,5133.49426771156
pipe,2,2,9.45013491751602,Hapalemur alaotrensis,Hapalemur_alaotrensis,MAMMALIA,1,140,10963.0337014908
pipe,2,2,9.45013491751602,Hapalemur aureus,Hapalemur_aureus,MAMMALIA,0.99999997955734,25,1734.11067424671
pipe,2,2,9.45013491751602,Hapalemur griseus,Hapalemur_griseus,MAMMALIA,1,215,92069.1070104177
pipe,2,2,9.45013491751602,Hapalemur occidentalis,Hapalemur_occidentalis,MAMMALIA,0.999995100327948,26,1006.53487848256
pipe,2,2,9.45013491751602,Hartertula flavoviridis,Hartertula_flavoviridis,AVES,1,44,8072.8420348216
pipe,2,2,9.45013491751602,Hartlaubius auratus,Hartlaubius_auratus,AVES,0.999981620251743,8,96729.0882958509
pipe,2,2,9.45013491751602,Hemicentetes nigriceps,Hemicentetes_nigriceps,MAMMALIA,0.999953099904744,29,1939.31365423675
pipe,2,2,9.45013491751602,Hemicentetes semispinosus,Hemicentetes_semispinosus,MAMMALIA,1,115,70623.9937442469
pipe,2,2,9.45013491751602,Hypogeomys antimena,Hypogeomys_antimena,MAMMALIA,0.133821965614829,5,102.721854711814
pipe,2,2,9.45013491751602,Hypositta corallirostris,Hypositta_corallirostris,AVES,0.999989740539462,11,61587.2283897142
pipe,2,2,9.45013491751602,Indri indri,Indri_indri,MAMMALIA,0.999999980956583,18,63452.2612268122
pipe,2,2,9.45013491751602,Lemur catta,Lemur_catta,MAMMALIA,1,230,25327.4828394367
pipe,2,2,9.45013491751602,Lepidopygia nana,Lepidopygia_nana,AVES,0.995362829307635,35,148664.346325446
pipe,2,2,9.45013491751602,Lepilemur ankaranensis,Lepilemur_ankaranensis,MAMMALIA,0.942459903341432,11,342.092378547278
pipe,2,2,9.45013491751602,Lepilemur edwardsi,Lepilemur_edwardsi,MAMMALIA,1,80,9363.39450114518
pipe,2,2,9.45013491751602,Lepilemur leucopus,Lepilemur_leucopus,MAMMALIA,1,90,21520.2944972777
pipe,2,2,9.45013491751602,Lepilemur microdon,Lepilemur_microdon,MAMMALIA,0.999999999988906,36,4538.52961899105
pipe,2,2,9.45013491751602,Lepilemur mustelinus,Lepilemur_mustelinus,MAMMALIA,1,299,87174.628882418
pipe,2,2,9.45013491751602,Lepilemur ruficaudatus,Lepilemur_ruficaudatus,MAMMALIA,1,213,16979.153093637
pipe,2,2,9.45013491751602,Leptopterus chabert,Leptopterus_chabert,AVES,0.999990635450857,12,129559.321006993
pipe,2,2,9.45013491751602,Lophotibis cristata,Lophotibis_cristata,AVES,0.999842598122139,2,83232.5261387801
pipe,2,2,9.45013491751602,Macrotarsomys bastardi,Macrotarsomys_bastardi,MAMMALIA,1,273,8019.39623578657
pipe,2,2,9.45013491751602,Margaroperdix madagarensis,Margaroperdix_madagarensis,AVES,0.999977421839666,2,105477.11175341
pipe,2,2,9.45013491751602,Mentocrex kioloides,Mentocrex_kioloides,AVES,0.997745372881942,1,33668.8999710913
pipe,2,2,9.45013491751602,Mesitornis unicolor,Mesitornis_unicolor,AVES,0,1,89.8278131379881
pipe,2,2,9.45013491751602,Mesitornis variegatus,Mesitornis_variegatus,AVES,0.998762356934088,5,2869.24937298196
pipe,2,2,9.45013491751602,Microcebus berthae,Microcebus_berthae,MAMMALIA,1.52725564417366e-08,2,16.7952443947329
pipe,2,2,9.45013491751602,Microcebus griseorufus,Microcebus_griseorufus,MAMMALIA,0.995769019106106,14,501.433658043836
pipe,2,2,9.45013491751602,Microcebus murinus,Microcebus_murinus,MAMMALIA,1,1634,91443.901454102
pipe,2,2,9.45013491751602,Microcebus myoxinus,Microcebus_myoxinus,MAMMALIA,0.999999989640897,98,1088.81660658391
pipe,2,2,9.45013491751602,Microcebus ravelobensis,Microcebus_ravelobensis,MAMMALIA,0.778620368188717,12,236.31409286757
pipe,2,2,9.45013491751602,Microcebus rufus,Microcebus_rufus,MAMMALIA,1,1325,70345.1929566901
pipe,2,2,9.45013491751602,Microcebus tavaratra,Microcebus_tavaratra,MAMMALIA,0.993489553700755,41,746.512561195913
pipe,2,2,9.45013491751602,Microgale brevicaudata,Microgale_brevicaudata,MAMMALIA,1,850,31576.6719692642
pipe,2,2,9.45013491751602,Microgale cowani,Microgale_cowani,MAMMALIA,1,605,58973.4049616129
pipe,2,2,9.45013491751602,Microgale drouhardi,Microgale_drouhardi,MAMMALIA,1,320,26451.5819734434
pipe,2,2,9.45013491751602,Microgale dryas,Microgale_dryas,MAMMALIA,0.897201398620069,47,1361.01937916703
pipe,2,2,9.45013491751602,Microgale fotsifotsy,Microgale_fotsifotsy,MAMMALIA,1,396,30828.7449386482
pipe,2,2,9.45013491751602,Microgale gracilis,Microgale_gracilis,MAMMALIA,0.99999999999801,122,9461.73890204376
pipe,2,2,9.45013491751602,Microgale gymnorhyncha,Microgale_gymnorhyncha,MAMMALIA,1,149,19182.5878047208
pipe,2,2,9.45013491751602,Microgale longicaudata,Microgale_longicaudata,MAMMALIA,1,1098,62385.5644387775
pipe,2,2,9.45013491751602,Microgale mergulus,Microgale_mergulus,MAMMALIA,0.999999999999529,73,5311.17441103977
pipe,2,2,9.45013491751602,Microgale parvula,Microgale_parvula,MAMMALIA,1,1286,62716.2259945477
pipe,2,2,9.45013491751602,Microgale principula,Microgale_principula,MAMMALIA,1,611,50053.7017172474
pipe,2,2,9.45013491751602,Microgale pusilla,Microgale_pusilla,MAMMALIA,0.999999999954248,392,19464.1041243992
pipe,2,2,9.45013491751602,Microgale soricoides,Microgale_soricoides,MAMMALIA,1,159,27007.446405319
pipe,2,2,9.45013491751602,Microgale taiva,Microgale_taiva,MAMMALIA,1,316,40419.9016902532
pipe,2,2,9.45013491751602,Microgale thomasi,Microgale_thomasi,MAMMALIA,1,117,24163.4437557998
pipe,2,2,9.45013491751602,Mirza coquereli,Mirza_coquereli,MAMMALIA,0.999997019538846,49,2487.38497287827
pipe,2,2,9.45013491751602,Monias benschi,Monias_benschi,AVES,0,1,82.9420458882198
pipe,2,2,9.45013491751602,Monticola erythronotus,Monticola_erythronotus,AVES,0.505764981643122,1,97.497303661992
pipe,2,2,9.45013491751602,Monticola sharpei,Monticola_sharpei,AVES,1,18,104003.386986376
pipe,2,2,9.45013491751602,Monticolomys koopmani,Monticolomys_koopmani,MAMMALIA,0.132627247638879,6,104.060766616412
pipe,2,2,9.45013491751602,Motacilla flaviventris,Motacilla_flaviventris,AVES,1,28,17956.1714005377
pipe,2,2,9.45013491751602,Mystacornis crossleyi,Mystacornis_crossleyi,AVES,0.999999999999988,11,47070.334498337
pipe,2,2,9.45013491751602,Neodrepanis coruscans,Neodrepanis_coruscans,AVES,0.999998960912454,15,29421.2463268156
pipe,2,2,9.45013491751602,Neodrepanis hypoxantha,Neodrepanis_hypoxantha,AVES,0.0211788109146442,3,88.4296056242715
pipe,2,2,9.45013491751602,Neomixis striatigula,Neomixis_striatigula,AVES,0.999999999987938,21,57607.4665469225
pipe,2,2,9.45013491751602,Neomixis tenella,Neomixis_tenella,AVES,1,66,94503.087375005
pipe,2,2,9.45013491751602,Neomixis viridis,Neomixis_viridis,AVES,0.999999999938916,24,53228.1779631952
pipe,2,2,9.45013491751602,Nesillas lantzii,Nesillas_lantzii,AVES,0.999982804418335,3,2690.16012016346
pipe,2,2,9.45013491751602,Nesogale dobsoni,Nesogale_dobsoni,MAMMALIA,1,379,67774.7614355249
pipe,2,2,9.45013491751602,Nesogale talazaci,Nesogale_talazaci,MAMMALIA,1,237,63267.6426063482
pipe,2,2,9.45013491751602,Nesomys audeberti,Nesomys_audeberti,MAMMALIA,1,108,4117.66085394942
pipe,2,2,9.45013491751602,Nesomys lambertoni,Nesomys_lambertoni,MAMMALIA,0.999983981685221,26,932.949397609887
pipe,2,2,9.45013491751602,Nesomys rufus,Nesomys_rufus,MAMMALIA,1,255,45735.5589729931
pipe,2,2,9.45013491751602,Newtonia amphichroa,Newtonia_amphichroa,AVES,1,18,42533.8589918677
pipe,2,2,9.45013491751602,Newtonia archboldi,Newtonia_archboldi,AVES,0.999743204888182,9,2043.15272270097
pipe,2,2,9.45013491751602,Newtonia brunneicauda,Newtonia_brunneicauda,AVES,0.999999999998928,24,119809.474281585
pipe,2,2,9.45013491751602,Newtonia fanovanae,Newtonia_fanovanae,AVES,0.353055283448799,2,98.220702482002
pipe,2,2,9.45013491751602,Oriolia bernieri,Oriolia_bernieri,AVES,0.999999971985186,14,14051.8909907503
pipe,2,2,9.45013491751602,Oryzorictes hova,Oryzorictes_hova,MAMMALIA,1,283,64427.3363679883
pipe,2,2,9.45013491751602,Oryzorictes tetradactylus,Oryzorictes_tetradactylus,MAMMALIA,1,151,10084.0452290769
pipe,2,2,9.45013491751602,Otus rutilus,Otus_rutilus,AVES,0.999999883396392,4,111202.11144645
pipe,2,2,9.45013491751602,Oxylabes madagascariensis,Oxylabes_madagascariensis,AVES,0.999999999999997,14,53349.0032844491
pipe,2,2,9.45013491751602,Phaner electromontis,Phaner_electromontis,MAMMALIA,1.1181189119025e-07,1,17.4337788633334
pipe,2,2,9.45013491751602,Phaner furcifer,Phaner_furcifer,MAMMALIA,0.887905465537903,48,806.065158960303
pipe,2,2,9.45013491751602,Phaner pallescens,Phaner_pallescens,MAMMALIA,0.999999999996636,54,3339.91010578686
pipe,2,2,9.45013491751602,Phaner parienti,Phaner_parienti,MAMMALIA,0.00280017666108179,1,24.4501852478606
pipe,2,2,9.45013491751602,Philepitta castanea,Philepitta_castanea,AVES,0.983835197382121,4,38533.17496099
pipe,2,2,9.45013491751602,Philepitta schlegeli,Philepitta_schlegeli,AVES,0.988278027030843,13,4272.35456493457
pipe,2,2,9.45013491751602,Ploceus nelicourvi,Ploceus_nelicourvi,AVES,0.999999998926543,10,61278.9952902807
pipe,2,2,9.45013491751602,Ploceus sakalava,Ploceus_sakalava,AVES,0.999999997018223,21,41552.4854694797
pipe,2,2,9.45013491751602,Polyboroides radiatus,Polyboroides_radiatus,AVES,0.998854683059291,1,125692.321571176
pipe,2,2,9.45013491751602,Pseudobias wardi,Pseudobias_wardi,AVES,0.999999999999995,17,41544.6103831218
pipe,2,2,9.45013491751602,Pterocles personatus,Pterocles_personatus,AVES,0.940123497880855,5,7087.00341547594
pipe,2,2,9.45013491751602,Rallus madagascariensis,Rallus_madagascariensis,AVES,0.999999429242302,5,14528.0828677106
pipe,2,2,9.45013491751602,Randia pseudozosterops,Randia_pseudozosterops,AVES,0.999998869317954,6,45408.4871078703
pipe,2,2,9.45013491751602,Sarothrura insularis,Sarothrura_insularis,AVES,0.999970058384666,6,76358.4235078797
pipe,2,2,9.45013491751602,Schetba rufa,Schetba_rufa,AVES,0.999999999999998,21,28915.6959411784
pipe,2,2,9.45013491751602,Setifer setosus,Setifer_setosus,MAMMALIA,1,242,116149.143393796
pipe,2,2,9.45013491751602,Tenrec ecaudatus,Tenrec_ecaudatus,MAMMALIA,1,88,126381.712691707
pipe,2,2,9.45013491751602,Thamnornis chloropetoides,Thamnornis_chloropetoides,AVES,0.999976954015688,5,3364.07667519472
pipe,2,2,9.45013491751602,Treron australis,Treron_australis,AVES,0.9969577093777,1,121400.977684462
pipe,2,2,9.45013491751602,Turnix nigricollis,Turnix_nigricollis,AVES,0.999947615971527,2,135548.53747246
pipe,2,2,9.45013491751602,Tylas eduardi,Tylas_eduardi,AVES,0.999999988516253,6,59970.5157083722
pipe,2,2,9.45013491751602,Vanga curvirostris,Vanga_curvirostris,AVES,0.999944278629016,7,130450.118765805
pipe,2,2,9.45013491751602,Varecia rubra,Varecia_rubra,MAMMALIA,1,56,72117.4504010899
pipe,2,2,9.45013491751602,Varecia variegata,Varecia_variegata,MAMMALIA,0.999999999999995,42,71684.6186005477
pipe,2,2,9.45013491751602,Xanthomixis apperti,Xanthomixis_apperti,AVES,0.441311211243701,1,68.4073900828693
pipe,2,2,9.45013491751602,Xanthomixis cinereiceps,Xanthomixis_cinereiceps,AVES,1,22,17402.8890355918
pipe,2,2,9.45013491751602,Xanthomixis zosterops,Xanthomixis_zosterops,AVES,0.999999999955387,18,61918.0545957716
pipe,2,2,9.45013491751602,Xenopirostris damii,Xenopirostris_damii,AVES,0.00179910755944268,1,93.5023436630614
pipe,2,2,9.45013491751602,Xenopirostris polleni,Xenopirostris_polleni,AVES,0.999999969632933,10,17624.8957524302
pipe,2,2,9.45013491751602,Xenopirostris xenopirostris,Xenopirostris_xenopirostris,AVES,0.965058075374104,1,1102.55740261015
pipe,3,3,14.1409219785651,Accipiter henstii,Accipiter_henstii,AVES,0.765875108539227,1,81405.8352855587
pipe,3,3,14.1409219785651,Accipiter madagascariensis,Accipiter_madagascariensis,AVES,0.927685507869511,1,100295.882031971
pipe,3,3,14.1409219785651,Acrocephalus newtoni,Acrocephalus_newtoni,AVES,0.999999999999981,14,107066.025202524
pipe,3,3,14.1409219785651,Alectroenas madagascariensis,Alectroenas_madagascariensis,AVES,0.998532793968176,6,68946.5815662861
pipe,3,3,14.1409219785651,Allocebus trichotis,Allocebus_trichotis,MAMMALIA,0.0078347349602923,3,72.1001097191941
pipe,3,3,14.1409219785651,Anas bernieri,Anas_bernieri,AVES,0,0,0
pipe,3,3,14.1409219785651,Apus balstoni,Apus_balstoni,AVES,0.999999950522905,4,95740.5105632073
pipe,3,3,14.1409219785651,Artamella viridis,Artamella_viridis,AVES,0.999991439910597,8,114774.095758751
pipe,3,3,14.1409219785651,Asio madagascariensis,Asio_madagascariensis,AVES,0.880258448741697,2,70836.8714421994
pipe,3,3,14.1409219785651,Atelornis crossleyi,Atelornis_crossleyi,AVES,0.999998758967357,7,11572.6222161697
pipe,3,3,14.1409219785651,Atelornis pittoides,Atelornis_pittoides,AVES,0.999744981624739,3,42617.5683144123
pipe,3,3,14.1409219785651,Athene superciliaris,Athene_superciliaris,AVES,0.999598567467277,1,75129.5339576453
pipe,3,3,14.1409219785651,Avahi laniger,Avahi_laniger,MAMMALIA,1,99,36913.5344380913
pipe,3,3,14.1409219785651,Avahi occidentalis,Avahi_occidentalis,MAMMALIA,0.996177513146535,4,629.167875788053
pipe,3,3,14.1409219785651,Aviceda madagascariensis,Aviceda_madagascariensis,AVES,0.97750066274377,1,107532.281324075
pipe,3,3,14.1409219785651,Bernieria madagascariensis,Bernieria_madagascariensis,AVES,0.999999998269932,15,95210.732270739
pipe,3,3,14.1409219785651,Brachypteracias leptosomus,Brachypteracias_leptosomus,AVES,0.999771336916958,1,37031.6513341992
pipe,3,3,14.1409219785651,Brachytarsomys albicauda,Brachytarsomys_albicauda,MAMMALIA,0.999999989334113,50,1781.88121692405
pipe,3,3,14.1409219785651,Brachyuromys betsileoensis,Brachyuromys_betsileoensis,MAMMALIA,1,123,13188.2484263174
pipe,3,3,14.1409219785651,Brachyuromys ramirohitra,Brachyuromys_ramirohitra,MAMMALIA,0.655414845690046,2,90.5857082152948
pipe,3,3,14.1409219785651,Bradypterus brunneus,Bradypterus_brunneus,AVES,1,38,12695.5759372238
pipe,3,3,14.1409219785651,Bradypterus seebohmi,Bradypterus_seebohmi,AVES,0.452718233996164,1,71.7493427546058
pipe,3,3,14.1409219785651,Buteo brachypterus,Buteo_brachypterus,AVES,0.872058171840981,1,116634.251730965
pipe,3,3,14.1409219785651,Calicalicus madagascariensis,Calicalicus_madagascariensis,AVES,0.999999999999983,22,96412.3916249195
pipe,3,3,14.1409219785651,Cheirogaleus crossleyi,Cheirogaleus_crossleyi,MAMMALIA,1,92,5642.19690457647
pipe,3,3,14.1409219785651,Cheirogaleus major,Cheirogaleus_major,MAMMALIA,1,311,69520.3984230204
pipe,3,3,14.1409219785651,Cheirogaleus medius,Cheirogaleus_medius,MAMMALIA,1,1548,57487.5841667095
pipe,3,3,14.1409219785651,Cinnyris notatus,Cinnyris_notatus,AVES,0.999999999986552,23,107709.503906154
pipe,3,3,14.1409219785651,Copsychus albospecularis,Copsychus_albospecularis,AVES,0.999997199863563,6,57465.2263118918
pipe,3,3,14.1409219785651,Coracopsis nigra,Coracopsis_nigra,AVES,0.995976674541404,3,112423.758794122
pipe,3,3,14.1409219785651,Corythornis madagascariensis,Corythornis_madagascariensis,AVES,0.894443720384505,5,91413.3850066192
pipe,3,3,14.1409219785651,Coua caerulea,Coua_caerulea,AVES,0.999923348901036,6,43258.6202217408
pipe,3,3,14.1409219785651,Coua coquereli,Coua_coquereli,AVES,0.999930984646063,1,30258.4604099487
pipe,3,3,14.1409219785651,Coua cristata,Coua_cristata,AVES,0.999993466921014,4,82456.5180805201
pipe,3,3,14.1409219785651,Coua cursor,Coua_cursor,AVES,0.999730982957567,1,18335.9341827981
pipe,3,3,14.1409219785651,Coua gigas,Coua_gigas,AVES,0.999875090201928,1,31474.5088110554
pipe,3,3,14.1409219785651,Coua reynaudii,Coua_reynaudii,AVES,0.999893524405902,4,36909.7856938053
pipe,3,3,14.1409219785651,Coua ruficeps,Coua_ruficeps,AVES,0.959346120072291,3,1327.46846918482
pipe,3,3,14.1409219785651,Coua serriana,Coua_serriana,AVES,0.991471316214561,1,32261.1250374597
pipe,3,3,14.1409219785651,Crossleyia xanthophrys,Crossleyia_xanthophrys,AVES,1,45,4108.00359365878
pipe,3,3,14.1409219785651,Cryptoprocta ferox,Cryptoprocta_ferox,MAMMALIA,0.0704722846506246,4,37145.8531169558
pipe,3,3,14.1409219785651,Cryptosylvicola randrianasoloi,Cryptosylvicola_randrianasoloi,AVES,1,39,5858.62140066465
pipe,3,3,14.1409219785651,Cyanolanius madagascarinus,Cyanolanius_madagascarinus,AVES,0.999999989452105,13,105793.199555823
pipe,3,3,14.1409219785651,Daubentonia madagascariensis,Daubentonia_madagascariensis,MAMMALIA,1,73,37358.6413141846
pipe,3,3,14.1409219785651,Echinops telfairi,Echinops_telfairi,MAMMALIA,1,437,55391.4921046686
pipe,3,3,14.1409219785651,Eliurus antsingy,Eliurus_antsingy,MAMMALIA,0.0133748649074149,5,69.3900821470956
pipe,3,3,14.1409219785651,Eliurus grandidieri,Eliurus_grandidieri,MAMMALIA,0.999641415738649,27,917.009629466638
pipe,3,3,14.1409219785651,Eliurus majori,Eliurus_majori,MAMMALIA,1,354,44034.0257913495
pipe,3,3,14.1409219785651,Eliurus minor,Eliurus_minor,MAMMALIA,1,1602,73213.1359398286
pipe,3,3,14.1409219785651,Eliurus myoxinus,Eliurus_myoxinus,MAMMALIA,1,1256,84489.7957141676
pipe,3,3,14.1409219785651,Eliurus tanala,Eliurus_tanala,MAMMALIA,1,478,47180.7738243324
pipe,3,3,14.1409219785651,Eliurus webbi,Eliurus_webbi,MAMMALIA,1,542,61877.4107333357
pipe,3,3,14.1409219785651,Eremopterix hova,Eremopterix_hova,AVES,0.999999703047721,23,3762.05337664463
pipe,3,3,14.1409219785651,Eulemur albifrons,Eulemur_albifrons,MAMMALIA,1,50,20275.2989726232
pipe,3,3,14.1409219785651,Eulemur cinereiceps,Eulemur_cinereiceps,MAMMALIA,1,197,96778.6171885826
pipe,3,3,14.1409219785651,Eulemur collaris,Eulemur_collaris,MAMMALIA,1,145,96104.0993488608
pipe,3,3,14.1409219785651,Eulemur coronatus,Eulemur_coronatus,MAMMALIA,1,208,28511.8416429613
pipe,3,3,14.1409219785651,Eulemur flavifrons,Eulemur_flavifrons,MAMMALIA,0.000213248908682684,1,25.074716512655
pipe,3,3,14.1409219785651,Eulemur fulvus,Eulemur_fulvus,MAMMALIA,1,167,97376.7928026247
pipe,3,3,14.1409219785651,Eulemur macaco,Eulemur_macaco,MAMMALIA,1,57,38162.7519588166
pipe,3,3,14.1409219785651,Eulemur mongoz,Eulemur_mongoz,MAMMALIA,0.999999920061048,30,2131.73226443496
pipe,3,3,14.1409219785651,Eulemur rubriventer,Eulemur_rubriventer,MAMMALIA,1,293,80235.1209946007
pipe,3,3,14.1409219785651,Eulemur rufus,Eulemur_rufus,MAMMALIA,1,195,48753.5862752373
pipe,3,3,14.1409219785651,Eulemur sanfordi,Eulemur_sanfordi,MAMMALIA,1,256,97434.9154881708
pipe,3,3,14.1409219785651,Euryceros prevostii,Euryceros_prevostii,AVES,0.999000955068605,3,2839.06294695103
pipe,3,3,14.1409219785651,Falco zoniventris,Falco_zoniventris,AVES,0.932961278308184,1,73443.3410411675
pipe,3,3,14.1409219785651,Falculea palliata,Falculea_palliata,AVES,0.999999999997584,7,29989.868363118
pipe,3,3,14.1409219785651,Fossa fossana,Fossa_fossana,MAMMALIA,0.978483142852742,2,48599.4609223109
pipe,3,3,14.1409219785651,Foudia madagascariensis,Foudia_madagascariensis,AVES,0.999997666123556,18,143043.317491011
pipe,3,3,14.1409219785651,Foudia omissa,Foudia_omissa,AVES,0.999999999957787,15,51099.6951014304
pipe,3,3,14.1409219785651,Gactornis enarratus,Gactornis_enarratus,AVES,0.999999514554391,5,49094.8953315528
pipe,3,3,14.1409219785651,Galidia elegans,Galidia_elegans,MAMMALIA,0.968235456479531,6,49877.3202057595
pipe,3,3,14.1409219785651,Galidictis fasciata,Galidictis_fasciata,MAMMALIA,0,3,4247.07070700451
pipe,3,3,14.1409219785651,Geobiastes squamiger,Geobiastes_squamiger,AVES,0.999652519491142,4,10926.8523774886
pipe,3,3,14.1409219785651,Geogale aurita,Geogale_aurita,MAMMALIA,1,756,31681.4796183896
pipe,3,3,14.1409219785651,Gymnuromys roberti,Gymnuromys_roberti,MAMMALIA,1,171,26159.2594678881
pipe,3,3,14.1409219785651,Haliaeetus vociferoides,Haliaeetus_vociferoides,AVES,0.0115773783592114,1,5133.49426771156
pipe,3,3,14.1409219785651,Hapalemur alaotrensis,Hapalemur_alaotrensis,MAMMALIA,1,90,4923.87420772511
pipe,3,3,14.1409219785651,Hapalemur aureus,Hapalemur_aureus,MAMMALIA,0.999999979501793,25,1733.75053110487
pipe,3,3,14.1409219785651,Hapalemur griseus,Hapalemur_griseus,MAMMALIA,1,215,92023.1753080237
pipe,3,3,14.1409219785651,Hapalemur occidentalis,Hapalemur_occidentalis,MAMMALIA,0.999995100327948,26,1006.17654477476
pipe,3,3,14.1409219785651,Hartertula flavoviridis,Hartertula_flavoviridis,AVES,1,44,8072.8420348216
pipe,3,3,14.1409219785651,Hartlaubius auratus,Hartlaubius_auratus,AVES,0.999981600031118,8,96641.8687458988
pipe,3,3,14.1409219785651,Hemicentetes nigriceps,Hemicentetes_nigriceps,MAMMALIA,0.999953099904744,29,1939.31365423675
pipe,3,3,14.1409219785651,Hemicentetes semispinosus,Hemicentetes_semispinosus,MAMMALIA,1,115,70613.4164073002
pipe,3,3,14.1409219785651,Hypogeomys antimena,Hypogeomys_antimena,MAMMALIA,0.133821965614829,5,102.721854711814
pipe,3,3,14.1409219785651,Hypositta corallirostris,Hypositta_corallirostris,AVES,0.999989740403582,11,61586.5829219026
pipe,3,3,14.1409219785651,Indri indri,Indri_indri,MAMMALIA,0.999999980956583,18,63452.2612268122
pipe,3,3,14.1409219785651,Lemur catta,Lemur_catta,MAMMALIA,1,230,25300.8760563097
pipe,3,3,14.1409219785651,Lepidopygia nana,Lepidopygia_nana,AVES,0.997353086017245,36,139692.566254971
pipe,3,3,14.1409219785651,Lepilemur ankaranensis,Lepilemur_ankaranensis,MAMMALIA,0.942459903341432,11,342.092378547278
pipe,3,3,14.1409219785651,Lepilemur edwardsi,Lepilemur_edwardsi,MAMMALIA,1,80,9350.14429507173
pipe,3,3,14.1409219785651,Lepilemur leucopus,Lepilemur_leucopus,MAMMALIA,1,90,21480.0078941368
pipe,3,3,14.1409219785651,Lepilemur microdon,Lepilemur_microdon,MAMMALIA,0.999999999988906,36,4538.52961899105
pipe,3,3,14.1409219785651,Lepilemur mustelinus,Lepilemur_mustelinus,MAMMALIA,1,298,87146.8440336505
pipe,3,3,14.1409219785651,Lepilemur ruficaudatus,Lepilemur_ruficaudatus,MAMMALIA,1,213,16930.0478971883
pipe,3,3,14.1409219785651,Leptopterus chabert,Leptopterus_chabert,AVES,0.999994440191303,13,129428.5593565
pipe,3,3,14.1409219785651,Lophotibis cristata,Lophotibis_cristata,AVES,0.999842598122139,2,83232.5261387801
pipe,3,3,14.1409219785651,Macrotarsomys bastardi,Macrotarsomys_bastardi,MAMMALIA,1,271,8009.38638169383
pipe,3,3,14.1409219785651,Margaroperdix madagarensis,Margaroperdix_madagarensis,AVES,0.999977366868188,2,105319.688156989
pipe,3,3,14.1409219785651,Mentocrex kioloides,Mentocrex_kioloides,AVES,0.997745372881942,1,33668.8999710913
pipe,3,3,14.1409219785651,Mesitornis unicolor,Mesitornis_unicolor,AVES,0,1,89.8278131379881
pipe,3,3,14.1409219785651,Mesitornis variegatus,Mesitornis_variegatus,AVES,0.998762356934088,5,2869.24937298196
pipe,3,3,14.1409219785651,Microcebus berthae,Microcebus_berthae,MAMMALIA,1.52725564417366e-08,2,16.7952443947329
pipe,3,3,14.1409219785651,Microcebus griseorufus,Microcebus_griseorufus,MAMMALIA,0.995769019106106,14,501.433658043836
pipe,3,3,14.1409219785651,Microcebus murinus,Microcebus_murinus,MAMMALIA,1,1635,91310.4319092479
pipe,3,3,14.1409219785651,Microcebus myoxinus,Microcebus_myoxinus,MAMMALIA,0.999999989630853,98,1088.26869839482
pipe,3,3,14.1409219785651,Microcebus ravelobensis,Microcebus_ravelobensis,MAMMALIA,0.778620368188717,12,236.31409286757
pipe,3,3,14.1409219785651,Microcebus rufus,Microcebus_rufus,MAMMALIA,1,1326,70308.3140707685
pipe,3,3,14.1409219785651,Microcebus tavaratra,Microcebus_tavaratra,MAMMALIA,0.993489553700755,41,743.969330465913
pipe,3,3,14.1409219785651,Microgale brevicaudata,Microgale_brevicaudata,MAMMALIA,1,847,31553.6164915014
pipe,3,3,14.1409219785651,Microgale cowani,Microgale_cowani,MAMMALIA,1,607,58966.101945695
pipe,3,3,14.1409219785651,Microgale drouhardi,Microgale_drouhardi,MAMMALIA,1,320,26451.4895691238
pipe,3,3,14.1409219785651,Microgale dryas,Microgale_dryas,MAMMALIA,0.897201398620069,47,1361.01937916703
pipe,3,3,14.1409219785651,Microgale fotsifotsy,Microgale_fotsifotsy,MAMMALIA,1,396,30828.7449386482
pipe,3,3,14.1409219785651,Microgale gracilis,Microgale_gracilis,MAMMALIA,0.99999999999801,122,9461.73890204376
pipe,3,3,14.1409219785651,Microgale gymnorhyncha,Microgale_gymnorhyncha,MAMMALIA,1,149,19182.5878047208
pipe,3,3,14.1409219785651,Microgale longicaudata,Microgale_longicaudata,MAMMALIA,1,1098,62381.7641519237
pipe,3,3,14.1409219785651,Microgale mergulus,Microgale_mergulus,MAMMALIA,0.999999999999529,72,5281.34587308972
pipe,3,3,14.1409219785651,Microgale parvula,Microgale_parvula,MAMMALIA,1,1285,62706.9810120682
pipe,3,3,14.1409219785651,Microgale principula,Microgale_principula,MAMMALIA,1,611,50052.8222208438
pipe,3,3,14.1409219785651,Microgale pusilla,Microgale_pusilla,MAMMALIA,0.999999999565041,408,18409.0580175065
pipe,3,3,14.1409219785651,Microgale soricoides,Microgale_soricoides,MAMMALIA,1,159,27007.446405319
pipe,3,3,14.1409219785651,Microgale taiva,Microgale_taiva,MAMMALIA,1,316,40419.9016902532
pipe,3,3,14.1409219785651,Microgale thomasi,Microgale_thomasi,MAMMALIA,1,117,24163.4437557998
pipe,3,3,14.1409219785651,Mirza coquereli,Mirza_coquereli,MAMMALIA,0.999997019538846,49,2487.1078516914
pipe,3,3,14.1409219785651,Monias benschi,Monias_benschi,AVES,0,1,82.9420458882198
pipe,3,3,14.1409219785651,Monticola erythronotus,Monticola_erythronotus,AVES,0.505764981643122,1,97.497303661992
pipe,3,3,14.1409219785651,Monticola sharpei,Monticola_sharpei,AVES,1,19,103905.361868914
pipe,3,3,14.1409219785651,Monticolomys koopmani,Monticolomys_koopmani,MAMMALIA,0.132627247638879,6,104.060766616412
pipe,3,3,14.1409219785651,Motacilla flaviventris,Motacilla_flaviventris,AVES,1,33,15879.9531246474
pipe,3,3,14.1409219785651,Mystacornis crossleyi,Mystacornis_crossleyi,AVES,0.999999999999988,11,47069.6207777921
pipe,3,3,14.1409219785651,Neodrepanis coruscans,Neodrepanis_coruscans,AVES,0.999998960912454,15,29421.2463268156
pipe,3,3,14.1409219785651,Neodrepanis hypoxantha,Neodrepanis_hypoxantha,AVES,0.0211788109146442,3,88.4296056242715
pipe,3,3,14.1409219785651,Neomixis striatigula,Neomixis_striatigula,AVES,0.999999999997343,22,57604.7755131383
pipe,3,3,14.1409219785651,Neomixis tenella,Neomixis_tenella,AVES,1,66,94212.8134227593
pipe,3,3,14.1409219785651,Neomixis viridis,Neomixis_viridis,AVES,0.999999999940619,25,53227.2915590369
pipe,3,3,14.1409219785651,Nesillas lantzii,Nesillas_lantzii,AVES,0.999982780593027,3,2688.49977370989
pipe,3,3,14.1409219785651,Nesogale dobsoni,Nesogale_dobsoni,MAMMALIA,1,378,67754.5438641471
pipe,3,3,14.1409219785651,Nesogale talazaci,Nesogale_talazaci,MAMMALIA,1,237,63267.6426063482
pipe,3,3,14.1409219785651,Nesomys audeberti,Nesomys_audeberti,MAMMALIA,1,108,4117.48196431182
pipe,3,3,14.1409219785651,Nesomys lambertoni,Nesomys_lambertoni,MAMMALIA,0.999983981685221,26,932.949397609887
pipe,3,3,14.1409219785651,Nesomys rufus,Nesomys_rufus,MAMMALIA,1,255,45716.7895659532
pipe,3,3,14.1409219785651,Newtonia amphichroa,Newtonia_amphichroa,AVES,1,18,42533.7662178329
pipe,3,3,14.1409219785651,Newtonia archboldi,Newtonia_archboldi,AVES,0.999743204888182,9,2043.15272270097
pipe,3,3,14.1409219785651,Newtonia brunneicauda,Newtonia_brunneicauda,AVES,0.999999999999837,24,119603.891505486
pipe,3,3,14.1409219785651,Newtonia fanovanae,Newtonia_fanovanae,AVES,0.353055283448799,2,98.220702482002
pipe,3,3,14.1409219785651,Oriolia bernieri,Oriolia_bernieri,AVES,0.999999971985186,14,14051.8909907503
pipe,3,3,14.1409219785651,Oryzorictes hova,Oryzorictes_hova,MAMMALIA,1,290,62755.8531997501
pipe,3,3,14.1409219785651,Oryzorictes tetradactylus,Oryzorictes_tetradactylus,MAMMALIA,0.999999999999931,152,8965.27115002997
pipe,3,3,14.1409219785651,Otus rutilus,Otus_rutilus,AVES,0.999999882980446,4,111003.328735422
pipe,3,3,14.1409219785651,Oxylabes madagascariensis,Oxylabes_madagascariensis,AVES,0.999999999999997,14,53341.6461398097
pipe,3,3,14.1409219785651,Phaner electromontis,Phaner_electromontis,MAMMALIA,1.1181189119025e-07,1,17.4337788633334
pipe,3,3,14.1409219785651,Phaner furcifer,Phaner_furcifer,MAMMALIA,0.887905465537903,48,806.065158960303
pipe,3,3,14.1409219785651,Phaner pallescens,Phaner_pallescens,MAMMALIA,0.999999999996215,51,3316.02156268082
pipe,3,3,14.1409219785651,Phaner parienti,Phaner_parienti,MAMMALIA,0.00280017666108179,1,24.4501852478606
pipe,3,3,14.1409219785651,Philepitta castanea,Philepitta_castanea,AVES,0.983835197382121,4,38533.17496099
pipe,3,3,14.1409219785651,Philepitta schlegeli,Philepitta_schlegeli,AVES,0.988278027030843,13,4271.80311925886
pipe,3,3,14.1409219785651,Ploceus nelicourvi,Ploceus_nelicourvi,AVES,0.999999998926097,10,61266.4813091421
pipe,3,3,14.1409219785651,Ploceus sakalava,Ploceus_sakalava,AVES,0.999999998225714,22,41339.5103348408
pipe,3,3,14.1409219785651,Polyboroides radiatus,Polyboroides_radiatus,AVES,0.998686402741966,1,115750.958343473
pipe,3,3,14.1409219785651,Pseudobias wardi,Pseudobias_wardi,AVES,0.999999999999995,17,41544.6103831218
pipe,3,3,14.1409219785651,Pterocles personatus,Pterocles_personatus,AVES,0.940123497880855,5,7087.00341547594
pipe,3,3,14.1409219785651,Rallus madagascariensis,Rallus_madagascariensis,AVES,0.999999429242302,5,14528.0828677106
pipe,3,3,14.1409219785651,Randia pseudozosterops,Randia_pseudozosterops,AVES,0.999998847318876,6,45404.2046166979
pipe,3,3,14.1409219785651,Sarothrura insularis,Sarothrura_insularis,AVES,0.999968713591842,5,74126.7658086084
pipe,3,3,14.1409219785651,Schetba rufa,Schetba_rufa,AVES,0.999999999999998,21,28913.1127131509
pipe,3,3,14.1409219785651,Setifer setosus,Setifer_setosus,MAMMALIA,1,242,116099.091323885
pipe,3,3,14.1409219785651,Tenrec ecaudatus,Tenrec_ecaudatus,MAMMALIA,1,90,126105.932828277
pipe,3,3,14.1409219785651,Thamnornis chloropetoides,Thamnornis_chloropetoides,AVES,0.999976954015688,5,3364.07667519472
pipe,3,3,14.1409219785651,Treron australis,Treron_australis,AVES,0.996954968104619,1,121303.492510792
pipe,3,3,14.1409219785651,Turnix nigricollis,Turnix_nigricollis,AVES,0.999947461364333,2,135303.50567703
pipe,3,3,14.1409219785651,Tylas eduardi,Tylas_eduardi,AVES,0.999999988497552,6,59965.1913677797
pipe,3,3,14.1409219785651,Vanga curvirostris,Vanga_curvirostris,AVES,0.999944222602665,7,130350.45205686
pipe,3,3,14.1409219785651,Varecia rubra,Varecia_rubra,MAMMALIA,1,55,72096.783249819
pipe,3,3,14.1409219785651,Varecia variegata,Varecia_variegata,MAMMALIA,0.999999999999995,42,71680.1468020997
pipe,3,3,14.1409219785651,Xanthomixis apperti,Xanthomixis_apperti,AVES,0.441311211243701,1,68.4073900828693
pipe,3,3,14.1409219785651,Xanthomixis cinereiceps,Xanthomixis_cinereiceps,AVES,1,22,17402.8890355918
pipe,3,3,14.1409219785651,Xanthomixis zosterops,Xanthomixis_zosterops,AVES,0.999999999954973,17,61901.289646628
pipe,3,3,14.1409219785651,Xenopirostris damii,Xenopirostris_damii,AVES,0.00179910755944268,1,93.5023436630614
pipe,3,3,14.1409219785651,Xenopirostris polleni,Xenopirostris_polleni,AVES,0.999999969631207,10,17624.5374187224
pipe,3,3,14.1409219785651,Xenopirostris xenopirostris,Xenopirostris_xenopirostris,AVES,0.965058075374104,1,1102.55740261015
pipe,4,4,18.8353199706999,Accipiter henstii,Accipiter_henstii,AVES,0.765875108539227,1,81405.8352855587
pipe,4,4,18.8353199706999,Accipiter madagascariensis,Accipiter_madagascariensis,AVES,0.927685507869511,1,100295.882031971
pipe,4,4,18.8353199706999,Acrocephalus newtoni,Acrocephalus_newtoni,AVES,1,15,101948.755339072
pipe,4,4,18.8353199706999,Alectroenas madagascariensis,Alectroenas_madagascariensis,AVES,0.998474507428268,6,66557.243859743
pipe,4,4,18.8353199706999,Allocebus trichotis,Allocebus_trichotis,MAMMALIA,0.0078347349602923,3,72.1001097191941
pipe,4,4,18.8353199706999,Anas bernieri,Anas_bernieri,AVES,0,0,0
pipe,4,4,18.8353199706999,Apus balstoni,Apus_balstoni,AVES,0.999999946982779,4,93307.7329885898
pipe,4,4,18.8353199706999,Artamella viridis,Artamella_viridis,AVES,0.999992829005191,10,110262.151193627
pipe,4,4,18.8353199706999,Asio madagascariensis,Asio_madagascariensis,AVES,0.880258448741697,2,70836.8714421994
pipe,4,4,18.8353199706999,Atelornis crossleyi,Atelornis_crossleyi,AVES,0.999998758967357,7,11572.6222161697
pipe,4,4,18.8353199706999,Atelornis pittoides,Atelornis_pittoides,AVES,0.999743038545573,3,42432.3648776395
pipe,4,4,18.8353199706999,Athene superciliaris,Athene_superciliaris,AVES,0.99958599781573,1,73690.0320448271
pipe,4,4,18.8353199706999,Avahi laniger,Avahi_laniger,MAMMALIA,1,100,36154.8502945981
pipe,4,4,18.8353199706999,Avahi occidentalis,Avahi_occidentalis,MAMMALIA,0.996177513146535,3,617.947951280703
pipe,4,4,18.8353199706999,Aviceda madagascariensis,Aviceda_madagascariensis,AVES,0.977476873800697,1,107442.680269345
pipe,4,4,18.8353199706999,Bernieria madagascariensis,Bernieria_madagascariensis,AVES,0.999999998747773,18,92116.617020554
pipe,4,4,18.8353199706999,Brachypteracias leptosomus,Brachypteracias_leptosomus,AVES,0.999771336916958,1,37031.6513341992
pipe,4,4,18.8353199706999,Brachytarsomys albicauda,Brachytarsomys_albicauda,MAMMALIA,0.999999989175674,51,1779.27863425202
pipe,4,4,18.8353199706999,Brachyuromys betsileoensis,Brachyuromys_betsileoensis,MAMMALIA,1,115,12857.1185908138
pipe,4,4,18.8353199706999,Brachyuromys ramirohitra,Brachyuromys_ramirohitra,MAMMALIA,0.655414845690046,2,90.5857082152948
pipe,4,4,18.8353199706999,Bradypterus brunneus,Bradypterus_brunneus,AVES,1,37,12547.6497496434
pipe,4,4,18.8353199706999,Bradypterus seebohmi,Bradypterus_seebohmi,AVES,0.452718233996164,1,71.7493427546058
pipe,4,4,18.8353199706999,Buteo brachypterus,Buteo_brachypterus,AVES,0.872058171840981,1,116634.251730965
pipe,4,4,18.8353199706999,Calicalicus madagascariensis,Calicalicus_madagascariensis,AVES,1,26,92986.3048184106
pipe,4,4,18.8353199706999,Cheirogaleus crossleyi,Cheirogaleus_crossleyi,MAMMALIA,1,90,5560.27790696893
pipe,4,4,18.8353199706999,Cheirogaleus major,Cheirogaleus_major,MAMMALIA,1,311,67642.6788618863
pipe,4,4,18.8353199706999,Cheirogaleus medius,Cheirogaleus_medius,MAMMALIA,1,1298,55104.8849876263
pipe,4,4,18.8353199706999,Cinnyris notatus,Cinnyris_notatus,AVES,0.999999999999705,43,102554.939825516
pipe,4,4,18.8353199706999,Copsychus albospecularis,Copsychus_albospecularis,AVES,0.999996805502424,7,55873.5275540688
pipe,4,4,18.8353199706999,Coracopsis nigra,Coracopsis_nigra,AVES,0.995846265852565,3,109205.854313384
pipe,4,4,18.8353199706999,Corythornis madagascariensis,Corythornis_madagascariensis,AVES,0.894443287137072,5,91398.3566045223
pipe,4,4,18.8353199706999,Coua caerulea,Coua_caerulea,AVES,0.999922931837585,6,43182.1543590904
pipe,4,4,18.8353199706999,Coua coquereli,Coua_coquereli,AVES,0.999924212239001,1,28845.2737311506
pipe,4,4,18.8353199706999,Coua cristata,Coua_cristata,AVES,0.999993303144452,4,81381.9082779816
pipe,4,4,18.8353199706999,Coua cursor,Coua_cursor,AVES,0.999717646370524,1,17906.4919143746
pipe,4,4,18.8353199706999,Coua gigas,Coua_gigas,AVES,0.99986778119544,1,30634.6357315625
pipe,4,4,18.8353199706999,Coua reynaudii,Coua_reynaudii,AVES,0.99989334357938,4,36877.2536044109
pipe,4,4,18.8353199706999,Coua ruficeps,Coua_ruficeps,AVES,0.959346120072291,3,1327.46846918482
pipe,4,4,18.8353199706999,Coua serriana,Coua_serriana,AVES,0.991471316214561,1,32261.1250374597
pipe,4,4,18.8353199706999,Crossleyia xanthophrys,Crossleyia_xanthophrys,AVES,1,44,4066.72582632444
pipe,4,4,18.8353199706999,Cryptoprocta ferox,Cryptoprocta_ferox,MAMMALIA,0.0704722846506246,4,37145.8531169558
pipe,4,4,18.8353199706999,Cryptosylvicola randrianasoloi,Cryptosylvicola_randrianasoloi,AVES,1,39,5827.08509027249
pipe,4,4,18.8353199706999,Cyanolanius madagascarinus,Cyanolanius_madagascarinus,AVES,0.999999999898948,14,100990.189848545
pipe,4,4,18.8353199706999,Daubentonia madagascariensis,Daubentonia_madagascariensis,MAMMALIA,1,86,35258.5755647965
pipe,4,4,18.8353199706999,Echinops telfairi,Echinops_telfairi,MAMMALIA,1,424,53697.6636897962
pipe,4,4,18.8353199706999,Eliurus antsingy,Eliurus_antsingy,MAMMALIA,0.0133748649074149,5,69.3900821470956
pipe,4,4,18.8353199706999,Eliurus grandidieri,Eliurus_grandidieri,MAMMALIA,0.999641415738649,25,909.705389651238
pipe,4,4,18.8353199706999,Eliurus majori,Eliurus_majori,MAMMALIA,1,341,43563.0922808996
pipe,4,4,18.8353199706999,Eliurus minor,Eliurus_minor,MAMMALIA,1,1543,72668.346039575
pipe,4,4,18.8353199706999,Eliurus myoxinus,Eliurus_myoxinus,MAMMALIA,1,1127,82381.1267521135
pipe,4,4,18.8353199706999,Eliurus tanala,Eliurus_tanala,MAMMALIA,1,453,46435.3024099438
pipe,4,4,18.8353199706999,Eliurus webbi,Eliurus_webbi,MAMMALIA,1,526,60908.7526363683
pipe,4,4,18.8353199706999,Eremopterix hova,Eremopterix_hova,AVES,0.999999627954006,22,3670.63920434959
pipe,4,4,18.8353199706999,Eulemur albifrons,Eulemur_albifrons,MAMMALIA,1,68,19455.8285654542
pipe,4,4,18.8353199706999,Eulemur cinereiceps,Eulemur_cinereiceps,MAMMALIA,1,239,93039.4610912246
pipe,4,4,18.8353199706999,Eulemur collaris,Eulemur_collaris,MAMMALIA,1,177,92188.5902980664
pipe,4,4,18.8353199706999,Eulemur coronatus,Eulemur_coronatus,MAMMALIA,1,235,27153.7854801021
pipe,4,4,18.8353199706999,Eulemur flavifrons,Eulemur_flavifrons,MAMMALIA,0.000213248908682684,1,25.074716512655
pipe,4,4,18.8353199706999,Eulemur fulvus,Eulemur_fulvus,MAMMALIA,1,217,93464.7527829465
pipe,4,4,18.8353199706999,Eulemur macaco,Eulemur_macaco,MAMMALIA,1,61,37337.4291354149
pipe,4,4,18.8353199706999,Eulemur mongoz,Eulemur_mongoz,MAMMALIA,0.99999989058302,30,2089.6085773972
pipe,4,4,18.8353199706999,Eulemur rubriventer,Eulemur_rubriventer,MAMMALIA,1,338,77734.5683734164
pipe,4,4,18.8353199706999,Eulemur rufus,Eulemur_rufus,MAMMALIA,1,215,46376.2748166009
pipe,4,4,18.8353199706999,Eulemur sanfordi,Eulemur_sanfordi,MAMMALIA,1,312,93680.4982848595
pipe,4,4,18.8353199706999,Euryceros prevostii,Euryceros_prevostii,AVES,0.999000955068605,3,2839.06294695103
pipe,4,4,18.8353199706999,Falco zoniventris,Falco_zoniventris,AVES,0.932961278308184,1,73443.3410411675
pipe,4,4,18.8353199706999,Falculea palliata,Falculea_palliata,AVES,0.999999999996277,7,28718.0989357383
pipe,4,4,18.8353199706999,Fossa fossana,Fossa_fossana,MAMMALIA,0.978483142852742,2,48599.4609223109
pipe,4,4,18.8353199706999,Foudia madagascariensis,Foudia_madagascariensis,AVES,0.999999900957792,27,136248.891480305
pipe,4,4,18.8353199706999,Foudia omissa,Foudia_omissa,AVES,0.999999999958707,18,50073.2510597789
pipe,4,4,18.8353199706999,Gactornis enarratus,Gactornis_enarratus,AVES,0.999999484821457,5,48812.2165276541
pipe,4,4,18.8353199706999,Galidia elegans,Galidia_elegans,MAMMALIA,0.968235456479531,6,49877.3202057595
pipe,4,4,18.8353199706999,Galidictis fasciata,Galidictis_fasciata,MAMMALIA,0,3,4247.07070700451
pipe,4,4,18.8353199706999,Geobiastes squamiger,Geobiastes_squamiger,AVES,0.999651534883248,4,10912.2023785805
pipe,4,4,18.8353199706999,Geogale aurita,Geogale_aurita,MAMMALIA,1,691,31257.0551036538
pipe,4,4,18.8353199706999,Gymnuromys roberti,Gymnuromys_roberti,MAMMALIA,1,163,26019.5998824989
pipe,4,4,18.8353199706999,Haliaeetus vociferoides,Haliaeetus_vociferoides,AVES,0.0115773783592114,1,5133.49426771156
pipe,4,4,18.8353199706999,Hapalemur alaotrensis,Hapalemur_alaotrensis,MAMMALIA,1,56,3792.79566395532
pipe,4,4,18.8353199706999,Hapalemur aureus,Hapalemur_aureus,MAMMALIA,0.999999977278618,26,1705.58628779796
pipe,4,4,18.8353199706999,Hapalemur griseus,Hapalemur_griseus,MAMMALIA,1,248,89061.3366621233
pipe,4,4,18.8353199706999,Hapalemur occidentalis,Hapalemur_occidentalis,MAMMALIA,0.999980202542243,26,928.619128115792
pipe,4,4,18.8353199706999,Hartertula flavoviridis,Hartertula_flavoviridis,AVES,1,43,8024.20134450056
pipe,4,4,18.8353199706999,Hartlaubius auratus,Hartlaubius_auratus,AVES,0.999998749166178,9,93492.935134412
pipe,4,4,18.8353199706999,Hemicentetes nigriceps,Hemicentetes_nigriceps,MAMMALIA,0.99994384558201,28,1850.31293042443
pipe,4,4,18.8353199706999,Hemicentetes semispinosus,Hemicentetes_semispinosus,MAMMALIA,1,136,68737.9325400695
pipe,4,4,18.8353199706999,Hypogeomys antimena,Hypogeomys_antimena,MAMMALIA,0.133821965614829,5,102.721854711814
pipe,4,4,18.8353199706999,Hypositta corallirostris,Hypositta_corallirostris,AVES,0.99998272593013,9,60201.2498004697
pipe,4,4,18.8353199706999,Indri indri,Indri_indri,MAMMALIA,0.999999969981461,17,62897.24464854
pipe,4,4,18.8353199706999,Lemur catta,Lemur_catta,MAMMALIA,1,216,24284.7920960575
pipe,4,4,18.8353199706999,Lepidopygia nana,Lepidopygia_nana,AVES,0.998135413725367,62,131758.894912479
pipe,4,4,18.8353199706999,Lepilemur ankaranensis,Lepilemur_ankaranensis,MAMMALIA,0.942459903341432,11,337.837326840144
pipe,4,4,18.8353199706999,Lepilemur edwardsi,Lepilemur_edwardsi,MAMMALIA,1,80,8845.64091116905
pipe,4,4,18.8353199706999,Lepilemur leucopus,Lepilemur_leucopus,MAMMALIA,1,90,20867.8864140902
pipe,4,4,18.8353199706999,Lepilemur microdon,Lepilemur_microdon,MAMMALIA,0.999999999967494,34,4306.91871749465
pipe,4,4,18.8353199706999,Lepilemur mustelinus,Lepilemur_mustelinus,MAMMALIA,1,298,84516.5331876281
pipe,4,4,18.8353199706999,Lepilemur ruficaudatus,Lepilemur_ruficaudatus,MAMMALIA,1,206,16047.4964974457
pipe,4,4,18.8353199706999,Leptopterus chabert,Leptopterus_chabert,AVES,0.999999961260805,16,123429.087069028
pipe,4,4,18.8353199706999,Lophotibis cristata,Lophotibis_cristata,AVES,0.999842318602477,2,83155.3460094383
pipe,4,4,18.8353199706999,Macrotarsomys bastardi,Macrotarsomys_bastardi,MAMMALIA,1,234,7833.53033567859
pipe,4,4,18.8353199706999,Margaroperdix madagarensis,Margaroperdix_madagarensis,AVES,0.999975537324474,2,100409.457158931
pipe,4,4,18.8353199706999,Mentocrex kioloides,Mentocrex_kioloides,AVES,0.997628765892619,1,32536.7434325392
pipe,4,4,18.8353199706999,Mesitornis unicolor,Mesitornis_unicolor,AVES,0,1,89.8278131379881
pipe,4,4,18.8353199706999,Mesitornis variegatus,Mesitornis_variegatus,AVES,0.998762356934088,5,2869.24937298196
pipe,4,4,18.8353199706999,Microcebus berthae,Microcebus_berthae,MAMMALIA,1.52725564417366e-08,2,16.7952443947329
pipe,4,4,18.8353199706999,Microcebus griseorufus,Microcebus_griseorufus,MAMMALIA,0.995769019106106,14,501.433658043836
pipe,4,4,18.8353199706999,Microcebus murinus,Microcebus_murinus,MAMMALIA,1,1442,88260.0740886497
pipe,4,4,18.8353199706999,Microcebus myoxinus,Microcebus_myoxinus,MAMMALIA,0.99999998961429,81,1036.32813740434
pipe,4,4,18.8353199706999,Microcebus ravelobensis,Microcebus_ravelobensis,MAMMALIA,0.778620368188717,12,236.31409286757
pipe,4,4,18.8353199706999,Microcebus rufus,Microcebus_rufus,MAMMALIA,1,1218,69362.3292485689
pipe,4,4,18.8353199706999,Microcebus tavaratra,Microcebus_tavaratra,MAMMALIA,0.993489486729037,37,712.53863024752
pipe,4,4,18.8353199706999,Microgale brevicaudata,Microgale_brevicaudata,MAMMALIA,1,773,30863.8703887966
pipe,4,4,18.8353199706999,Microgale cowani,Microgale_cowani,MAMMALIA,1,582,57911.7841714825
pipe,4,4,18.8353199706999,Microgale drouhardi,Microgale_drouhardi,MAMMALIA,1,311,26339.3080259566
pipe,4,4,18.8353199706999,Microgale dryas,Microgale_dryas,MAMMALIA,0.897201398108506,47,1354.89734870606
pipe,4,4,18.8353199706999,Microgale fotsifotsy,Microgale_fotsifotsy,MAMMALIA,1,374,30624.4322284328
pipe,4,4,18.8353199706999,Microgale gracilis,Microgale_gracilis,MAMMALIA,0.999999999997094,117,9337.04179988553
pipe,4,4,18.8353199706999,Microgale gymnorhyncha,Microgale_gymnorhyncha,MAMMALIA,1,142,18961.627699211
pipe,4,4,18.8353199706999,Microgale longicaudata,Microgale_longicaudata,MAMMALIA,1,1065,61978.1502324474
pipe,4,4,18.8353199706999,Microgale mergulus,Microgale_mergulus,MAMMALIA,0.999999999997592,74,5116.07462254788
pipe,4,4,18.8353199706999,Microgale parvula,Microgale_parvula,MAMMALIA,1,1220,62194.5609419308
pipe,4,4,18.8353199706999,Microgale principula,Microgale_principula,MAMMALIA,1,591,49779.2139191163
pipe,4,4,18.8353199706999,Microgale pusilla,Microgale_pusilla,MAMMALIA,0.999999999054285,377,17441.2040847291
pipe,4,4,18.8353199706999,Microgale soricoides,Microgale_soricoides,MAMMALIA,1,150,26781.069697971
pipe,4,4,18.8353199706999,Microgale taiva,Microgale_taiva,MAMMALIA,1,312,40331.8475553027
pipe,4,4,18.8353199706999,Microgale thomasi,Microgale_thomasi,MAMMALIA,1,110,24058.3886425159
pipe,4,4,18.8353199706999,Mirza coquereli,Mirza_coquereli,MAMMALIA,0.999996954530665,46,2399.43528049676
pipe,4,4,18.8353199706999,Monias benschi,Monias_benschi,AVES,0,1,82.9420458882198
pipe,4,4,18.8353199706999,Monticola erythronotus,Monticola_erythronotus,AVES,0.505764981643122,1,97.497303661992
pipe,4,4,18.8353199706999,Monticola sharpei,Monticola_sharpei,AVES,1,25,99616.9900656213
pipe,4,4,18.8353199706999,Monticolomys koopmani,Monticolomys_koopmani,MAMMALIA,0.132627247638879,6,104.060766616412
pipe,4,4,18.8353199706999,Motacilla flaviventris,Motacilla_flaviventris,AVES,1,36,14735.7008556257
pipe,4,4,18.8353199706999,Mystacornis crossleyi,Mystacornis_crossleyi,AVES,0.999999999999988,12,46386.052016018
pipe,4,4,18.8353199706999,Neodrepanis coruscans,Neodrepanis_coruscans,AVES,0.999998768373134,15,29330.4465630523
pipe,4,4,18.8353199706999,Neodrepanis hypoxantha,Neodrepanis_hypoxantha,AVES,0.0211788109146442,3,88.4296056242715
pipe,4,4,18.8353199706999,Neomixis striatigula,Neomixis_striatigula,AVES,0.999999999995797,28,56297.35007779
pipe,4,4,18.8353199706999,Neomixis tenella,Neomixis_tenella,AVES,1,96,90498.1940319791
pipe,4,4,18.8353199706999,Neomixis viridis,Neomixis_viridis,AVES,0.99999999999923,29,52259.1130850174
pipe,4,4,18.8353199706999,Nesillas lantzii,Nesillas_lantzii,AVES,0.999982201153661,3,2662.94984287919
pipe,4,4,18.8353199706999,Nesogale dobsoni,Nesogale_dobsoni,MAMMALIA,1,364,66498.4615616858
pipe,4,4,18.8353199706999,Nesogale talazaci,Nesogale_talazaci,MAMMALIA,1,231,62037.6829746553
pipe,4,4,18.8353199706999,Nesomys audeberti,Nesomys_audeberti,MAMMALIA,1,106,4046.64977940621
pipe,4,4,18.8353199706999,Nesomys lambertoni,Nesomys_lambertoni,MAMMALIA,0.999982516617858,24,907.467747374969
pipe,4,4,18.8353199706999,Nesomys rufus,Nesomys_rufus,MAMMALIA,1,248,45021.2362781538
pipe,4,4,18.8353199706999,Newtonia amphichroa,Newtonia_amphichroa,AVES,1,16,42105.9906404768
pipe,4,4,18.8353199706999,Newtonia archboldi,Newtonia_archboldi,AVES,0.999741928196117,9,2034.17561003506
pipe,4,4,18.8353199706999,Newtonia brunneicauda,Newtonia_brunneicauda,AVES,1,41,114586.36012097
pipe,4,4,18.8353199706999,Newtonia fanovanae,Newtonia_fanovanae,AVES,0.353055283448799,2,98.220702482002
pipe,4,4,18.8353199706999,Oriolia bernieri,Oriolia_bernieri,AVES,0.99999996918324,14,13766.0633506095
pipe,4,4,18.8353199706999,Oryzorictes hova,Oryzorictes_hova,MAMMALIA,1,286,60423.8502753621
pipe,4,4,18.8353199706999,Oryzorictes tetradactylus,Oryzorictes_tetradactylus,MAMMALIA,0.999999999999654,146,8672.01642967681
pipe,4,4,18.8353199706999,Otus rutilus,Otus_rutilus,AVES,0.999999875722327,4,108623.134799272
pipe,4,4,18.8353199706999,Oxylabes madagascariensis,Oxylabes_madagascariensis,AVES,1,18,52235.6073019968
pipe,4,4,18.8353199706999,Phaner electromontis,Phaner_electromontis,MAMMALIA,1.1181189119025e-07,1,17.4337788633334
pipe,4,4,18.8353199706999,Phaner furcifer,Phaner_furcifer,MAMMALIA,0.887905465228731,44,760.692849183311
pipe,4,4,18.8353199706999,Phaner pallescens,Phaner_pallescens,MAMMALIA,0.999999999999001,48,3217.39734591368
pipe,4,4,18.8353199706999,Phaner parienti,Phaner_parienti,MAMMALIA,0.00280017666108179,1,24.4501852478606
pipe,4,4,18.8353199706999,Philepitta castanea,Philepitta_castanea,AVES,0.983835197382121,4,38532.9081143783
pipe,4,4,18.8353199706999,Philepitta schlegeli,Philepitta_schlegeli,AVES,0.988278027030843,13,4271.15978816368
pipe,4,4,18.8353199706999,Ploceus nelicourvi,Ploceus_nelicourvi,AVES,0.999999997648338,9,59829.894389109
pipe,4,4,18.8353199706999,Ploceus sakalava,Ploceus_sakalava,AVES,0.999999997557725,24,39077.2745675113
pipe,4,4,18.8353199706999,Polyboroides radiatus,Polyboroides_radiatus,AVES,0.998640809014918,1,113401.670228089
pipe,4,4,18.8353199706999,Pseudobias wardi,Pseudobias_wardi,AVES,1,19,41098.8681840485
pipe,4,4,18.8353199706999,Pterocles personatus,Pterocles_personatus,AVES,0.940123497880855,5,7087.00341547594
pipe,4,4,18.8353199706999,Rallus madagascariensis,Rallus_madagascariensis,AVES,0.999999292733822,5,14440.9762585483
pipe,4,4,18.8353199706999,Randia pseudozosterops,Randia_pseudozosterops,AVES,0.999998362783515,9,44252.904332636
pipe,4,4,18.8353199706999,Sarothrura insularis,Sarothrura_insularis,AVES,0.999968980904355,8,71357.1885761668
pipe,4,4,18.8353199706999,Schetba rufa,Schetba_rufa,AVES,0.999999999999997,22,27920.3868734495
pipe,4,4,18.8353199706999,Setifer setosus,Setifer_setosus,MAMMALIA,1,270,112086.663636939
pipe,4,4,18.8353199706999,Tenrec ecaudatus,Tenrec_ecaudatus,MAMMALIA,1,121,119501.36629233
pipe,4,4,18.8353199706999,Thamnornis chloropetoides,Thamnornis_chloropetoides,AVES,0.999975893673047,5,3307.13851710381
pipe,4,4,18.8353199706999,Treron australis,Treron_australis,AVES,0.996876293324765,2,116356.510075925
pipe,4,4,18.8353199706999,Turnix nigricollis,Turnix_nigricollis,AVES,0.999943854490328,2,129865.076048438
pipe,4,4,18.8353199706999,Tylas eduardi,Tylas_eduardi,AVES,0.999999987712006,6,58401.1910668083
pipe,4,4,18.8353199706999,Vanga curvirostris,Vanga_curvirostris,AVES,0.999940679521118,7,124386.358440753
pipe,4,4,18.8353199706999,Varecia rubra,Varecia_rubra,MAMMALIA,1,71,69777.0803474899
pipe,4,4,18.8353199706999,Varecia variegata,Varecia_variegata,MAMMALIA,0.999999999999586,51,69274.1310177684
pipe,4,4,18.8353199706999,Xanthomixis apperti,Xanthomixis_apperti,AVES,0.441311211243701,1,68.4073900828693
pipe,4,4,18.8353199706999,Xanthomixis cinereiceps,Xanthomixis_cinereiceps,AVES,1,21,17218.770116148
pipe,4,4,18.8353199706999,Xanthomixis zosterops,Xanthomixis_zosterops,AVES,0.999999999851811,22,60362.7621610384
pipe,4,4,18.8353199706999,Xenopirostris damii,Xenopirostris_damii,AVES,0.00179910755944268,1,93.5023436630614
pipe,4,4,18.8353199706999,Xenopirostris polleni,Xenopirostris_polleni,AVES,0.999999967051674,10,17324.3319534596
pipe,4,4,18.8353199706999,Xenopirostris xenopirostris,Xenopirostris_xenopirostris,AVES,0.965058075374104,1,1102.55740261015
pipe,5,5,23.5299055436702,Accipiter henstii,Accipiter_henstii,AVES,0.765875108539227,1,81405.8352855587
pipe,5,5,23.5299055436702,Accipiter madagascariensis,Accipiter_madagascariensis,AVES,0.927584880513239,1,100156.981201099
pipe,5,5,23.5299055436702,Acrocephalus newtoni,Acrocephalus_newtoni,AVES,1,28,96053.061014997
pipe,5,5,23.5299055436702,Alectroenas madagascariensis,Alectroenas_madagascariensis,AVES,0.99844854478798,7,64468.0749558767
pipe,5,5,23.5299055436702,Allocebus trichotis,Allocebus_trichotis,MAMMALIA,0.0078347349602923,3,72.1001097191941
pipe,5,5,23.5299055436702,Anas bernieri,Anas_bernieri,AVES,0,0,0
pipe,5,5,23.5299055436702,Apus balstoni,Apus_balstoni,AVES,0.99999997972787,9,88819.8756135438
pipe,5,5,23.5299055436702,Artamella viridis,Artamella_viridis,AVES,0.999999579976136,11,105594.233053613
pipe,5,5,23.5299055436702,Asio madagascariensis,Asio_madagascariensis,AVES,0.880258448741697,2,70836.8714421994
pipe,5,5,23.5299055436702,Atelornis crossleyi,Atelornis_crossleyi,AVES,0.999998757950016,7,11567.2300289101
pipe,5,5,23.5299055436702,Atelornis pittoides,Atelornis_pittoides,AVES,0.999740451137938,3,42189.1536879075
pipe,5,5,23.5299055436702,Athene superciliaris,Athene_superciliaris,AVES,0.999568947325019,1,71847.3525051137
pipe,5,5,23.5299055436702,Avahi laniger,Avahi_laniger,MAMMALIA,1,119,34629.1429367019
pipe,5,5,23.5299055436702,Avahi occidentalis,Avahi_occidentalis,MAMMALIA,0.996177513146535,3,617.947951280703
pipe,5,5,23.5299055436702,Aviceda madagascariensis,Aviceda_madagascariensis,AVES,0.977305360994148,1,106801.631640122
pipe,5,5,23.5299055436702,Bernieria madagascariensis,Bernieria_madagascariensis,AVES,1,25,86750.3832236846
pipe,5,5,23.5299055436702,Brachypteracias leptosomus,Brachypteracias_leptosomus,AVES,0.999770459055665,1,36954.0531078217
pipe,5,5,23.5299055436702,Brachytarsomys albicauda,Brachytarsomys_albicauda,MAMMALIA,0.999999987683612,45,1736.64307459311
pipe,5,5,23.5299055436702,Brachyuromys betsileoensis,Brachyuromys_betsileoensis,MAMMALIA,1,113,12417.9390327925
pipe,5,5,23.5299055436702,Brachyuromys ramirohitra,Brachyuromys_ramirohitra,MAMMALIA,0.655414845690046,2,90.5857082152948
pipe,5,5,23.5299055436702,Bradypterus brunneus,Bradypterus_brunneus,AVES,1,38,12247.9918039061
pipe,5,5,23.5299055436702,Bradypterus seebohmi,Bradypterus_seebohmi,AVES,0.452718233996164,1,71.7493427546058
pipe,5,5,23.5299055436702,Buteo brachypterus,Buteo_brachypterus,AVES,0.870907178877917,1,115460.609459659
pipe,5,5,23.5299055436702,Calicalicus madagascariensis,Calicalicus_madagascariensis,AVES,1,37,87871.5004086367
pipe,5,5,23.5299055436702,Cheirogaleus crossleyi,Cheirogaleus_crossleyi,MAMMALIA,1,90,5424.7956004337
pipe,5,5,23.5299055436702,Cheirogaleus major,Cheirogaleus_major,MAMMALIA,1,330,64955.1003203023
pipe,5,5,23.5299055436702,Cheirogaleus medius,Cheirogaleus_medius,MAMMALIA,1,962,51839.597633559
pipe,5,5,23.5299055436702,Cinnyris notatus,Cinnyris_notatus,AVES,1,55,96659.9666227504
pipe,5,5,23.5299055436702,Copsychus albospecularis,Copsychus_albospecularis,AVES,0.999995851318907,9,53790.0806403082
pipe,5,5,23.5299055436702,Coracopsis nigra,Coracopsis_nigra,AVES,0.99565442292621,2,104758.037865519
pipe,5,5,23.5299055436702,Corythornis madagascariensis,Corythornis_madagascariensis,AVES,0.892661538590704,7,86886.4109087818
pipe,5,5,23.5299055436702,Coua caerulea,Coua_caerulea,AVES,0.999922415293644,6,43034.1790768379
pipe,5,5,23.5299055436702,Coua coquereli,Coua_coquereli,AVES,0.999912278865624,1,26768.8922287204
pipe,5,5,23.5299055436702,Coua cristata,Coua_cristata,AVES,0.999998458058035,5,78697.4760988693
pipe,5,5,23.5299055436702,Coua cursor,Coua_cursor,AVES,0.999714785657595,1,17818.3018124695
pipe,5,5,23.5299055436702,Coua gigas,Coua_gigas,AVES,0.999858238945007,1,29636.0823659414
pipe,5,5,23.5299055436702,Coua reynaudii,Coua_reynaudii,AVES,0.999892508246437,4,36728.0650826405
pipe,5,5,23.5299055436702,Coua ruficeps,Coua_ruficeps,AVES,0.959346120072291,3,1327.46846918482
pipe,5,5,23.5299055436702,Coua serriana,Coua_serriana,AVES,0.991471316214561,1,32261.1250374597
pipe,5,5,23.5299055436702,Crossleyia xanthophrys,Crossleyia_xanthophrys,AVES,1,42,3972.68180388708
pipe,5,5,23.5299055436702,Cryptoprocta ferox,Cryptoprocta_ferox,MAMMALIA,0.0704722846506246,4,37090.2958127398
pipe,5,5,23.5299055436702,Cryptosylvicola randrianasoloi,Cryptosylvicola_randrianasoloi,AVES,1,38,5764.1452153792
pipe,5,5,23.5299055436702,Cyanolanius madagascarinus,Cyanolanius_madagascarinus,AVES,0.999999999999977,19,95109.7587587378
pipe,5,5,23.5299055436702,Daubentonia madagascariensis,Daubentonia_madagascariensis,MAMMALIA,1,87,33043.6319712352
pipe,5,5,23.5299055436702,Echinops telfairi,Echinops_telfairi,MAMMALIA,1,417,51879.8662150328
pipe,5,5,23.5299055436702,Eliurus antsingy,Eliurus_antsingy,MAMMALIA,0.0133748649074149,5,69.3900821470956
pipe,5,5,23.5299055436702,Eliurus grandidieri,Eliurus_grandidieri,MAMMALIA,0.999641415738649,25,909.705389651238
pipe,5,5,23.5299055436702,Eliurus majori,Eliurus_majori,MAMMALIA,1,339,42275.4475418593
pipe,5,5,23.5299055436702,Eliurus minor,Eliurus_minor,MAMMALIA,1,1273,70954.1775577493
pipe,5,5,23.5299055436702,Eliurus myoxinus,Eliurus_myoxinus,MAMMALIA,1,969,79567.4618192533
pipe,5,5,23.5299055436702,Eliurus tanala,Eliurus_tanala,MAMMALIA,1,469,44943.1931334561
pipe,5,5,23.5299055436702,Eliurus webbi,Eliurus_webbi,MAMMALIA,1,520,59312.5946729324
pipe,5,5,23.5299055436702,Eremopterix hova,Eremopterix_hova,AVES,0.999999140803191,25,3450.6785242483
pipe,5,5,23.5299055436702,Eulemur albifrons,Eulemur_albifrons,MAMMALIA,1,75,18839.9973287843
pipe,5,5,23.5299055436702,Eulemur cinereiceps,Eulemur_cinereiceps,MAMMALIA,1,265,87785.0593303729
pipe,5,5,23.5299055436702,Eulemur collaris,Eulemur_collaris,MAMMALIA,1,205,87210.5184369402
pipe,5,5,23.5299055436702,Eulemur coronatus,Eulemur_coronatus,MAMMALIA,1,253,25540.2737717309
pipe,5,5,23.5299055436702,Eulemur flavifrons,Eulemur_flavifrons,MAMMALIA,0.000213248908682684,1,25.074716512655
pipe,5,5,23.5299055436702,Eulemur fulvus,Eulemur_fulvus,MAMMALIA,1,231,88069.7036679203
pipe,5,5,23.5299055436702,Eulemur macaco,Eulemur_macaco,MAMMALIA,1,81,35532.4933301619
pipe,5,5,23.5299055436702,Eulemur mongoz,Eulemur_mongoz,MAMMALIA,0.999999763052324,27,1896.5641864274
pipe,5,5,23.5299055436702,Eulemur rubriventer,Eulemur_rubriventer,MAMMALIA,1,358,73719.9954366819
pipe,5,5,23.5299055436702,Eulemur rufus,Eulemur_rufus,MAMMALIA,1,218,43471.7008215712
pipe,5,5,23.5299055436702,Eulemur sanfordi,Eulemur_sanfordi,MAMMALIA,1,321,88308.4981477467
pipe,5,5,23.5299055436702,Euryceros prevostii,Euryceros_prevostii,AVES,0.998999571455012,3,2837.05015201021
pipe,5,5,23.5299055436702,Falco zoniventris,Falco_zoniventris,AVES,0.932516389675089,1,72959.9202353515
pipe,5,5,23.5299055436702,Falculea palliata,Falculea_palliata,AVES,0.999999999996497,8,27718.8598273679
pipe,5,5,23.5299055436702,Fossa fossana,Fossa_fossana,MAMMALIA,0.978483142852742,2,48599.4609223109
pipe,5,5,23.5299055436702,Foudia madagascariensis,Foudia_madagascariensis,AVES,0.999999999164405,44,129545.273920372
pipe,5,5,23.5299055436702,Foudia omissa,Foudia_omissa,AVES,0.999999999930433,18,48603.2271015234
pipe,5,5,23.5299055436702,Gactornis enarratus,Gactornis_enarratus,AVES,0.999999420889456,5,48329.476933684
pipe,5,5,23.5299055436702,Galidia elegans,Galidia_elegans,MAMMALIA,0.968235456479531,6,49877.3202057595
pipe,5,5,23.5299055436702,Galidictis fasciata,Galidictis_fasciata,MAMMALIA,0,3,4247.07070700451
pipe,5,5,23.5299055436702,Geobiastes squamiger,Geobiastes_squamiger,AVES,0.999651371391992,4,10909.7760157827
pipe,5,5,23.5299055436702,Geogale aurita,Geogale_aurita,MAMMALIA,1,623,30662.6133596105
pipe,5,5,23.5299055436702,Gymnuromys roberti,Gymnuromys_roberti,MAMMALIA,1,152,25441.9195038355
pipe,5,5,23.5299055436702,Haliaeetus vociferoides,Haliaeetus_vociferoides,AVES,0.0115773783592114,1,5133.49426771156
pipe,5,5,23.5299055436702,Hapalemur alaotrensis,Hapalemur_alaotrensis,MAMMALIA,1,54,3556.42553161266
pipe,5,5,23.5299055436702,Hapalemur aureus,Hapalemur_aureus,MAMMALIA,0.999999968237739,20,1594.48450687388
pipe,5,5,23.5299055436702,Hapalemur griseus,Hapalemur_griseus,MAMMALIA,1,277,84232.7133488327
pipe,5,5,23.5299055436702,Hapalemur occidentalis,Hapalemur_occidentalis,MAMMALIA,0.99995615159883,26,904.586186203987
pipe,5,5,23.5299055436702,Hartertula flavoviridis,Hartertula_flavoviridis,AVES,1,42,7856.46113445006
pipe,5,5,23.5299055436702,Hartlaubius auratus,Hartlaubius_auratus,AVES,0.999999670704258,11,87930.3202205423
pipe,5,5,23.5299055436702,Hemicentetes nigriceps,Hemicentetes_nigriceps,MAMMALIA,0.999887345625754,27,1786.2637694613
pipe,5,5,23.5299055436702,Hemicentetes semispinosus,Hemicentetes_semispinosus,MAMMALIA,1,163,66132.3575427275
pipe,5,5,23.5299055436702,Hypogeomys antimena,Hypogeomys_antimena,MAMMALIA,0.133821965614829,5,102.721854711814
pipe,5,5,23.5299055436702,Hypositta corallirostris,Hypositta_corallirostris,AVES,0.999986431014113,13,58195.2873292449
pipe,5,5,23.5299055436702,Indri indri,Indri_indri,MAMMALIA,0.99999999719102,18,61522.8482649381
pipe,5,5,23.5299055436702,Lemur catta,Lemur_catta,MAMMALIA,1,213,22871.6812137046
pipe,5,5,23.5299055436702,Lepidopygia nana,Lepidopygia_nana,AVES,0.998752256900914,83,123646.509992488
pipe,5,5,23.5299055436702,Lepilemur ankaranensis,Lepilemur_ankaranensis,MAMMALIA,0.942459903341432,10,326.317074209937
pipe,5,5,23.5299055436702,Lepilemur edwardsi,Lepilemur_edwardsi,MAMMALIA,1,80,7990.21963497746
pipe,5,5,23.5299055436702,Lepilemur leucopus,Lepilemur_leucopus,MAMMALIA,1,85,20583.293265485
pipe,5,5,23.5299055436702,Lepilemur microdon,Lepilemur_microdon,MAMMALIA,0.999999999773195,34,4012.13811353708
pipe,5,5,23.5299055436702,Lepilemur mustelinus,Lepilemur_mustelinus,MAMMALIA,1,310,81344.2782017224
pipe,5,5,23.5299055436702,Lepilemur ruficaudatus,Lepilemur_ruficaudatus,MAMMALIA,1,189,15054.4315578838
pipe,5,5,23.5299055436702,Leptopterus chabert,Leptopterus_chabert,AVES,0.999999997974591,28,117779.124095274
pipe,5,5,23.5299055436702,Lophotibis cristata,Lophotibis_cristata,AVES,0.99983970621251,2,82443.994012976
pipe,5,5,23.5299055436702,Macrotarsomys bastardi,Macrotarsomys_bastardi,MAMMALIA,1,218,7743.61846775154
pipe,5,5,23.5299055436702,Margaroperdix madagarensis,Margaroperdix_madagarensis,AVES,0.999973541943398,2,95688.3874625058
pipe,5,5,23.5299055436702,Mentocrex kioloides,Mentocrex_kioloides,AVES,0.997624136769866,1,32493.7292687171
pipe,5,5,23.5299055436702,Mesitornis unicolor,Mesitornis_unicolor,AVES,0,1,89.8278131379881
pipe,5,5,23.5299055436702,Mesitornis variegatus,Mesitornis_variegatus,AVES,0.998762356934088,5,2869.24937298196
pipe,5,5,23.5299055436702,Microcebus berthae,Microcebus_berthae,MAMMALIA,1.52725564417366e-08,2,16.7952443947329
pipe,5,5,23.5299055436702,Microcebus griseorufus,Microcebus_griseorufus,MAMMALIA,0.995769019106106,14,501.433658043836
pipe,5,5,23.5299055436702,Microcebus murinus,Microcebus_murinus,MAMMALIA,1,1200,84112.4929971958
pipe,5,5,23.5299055436702,Microcebus myoxinus,Microcebus_myoxinus,MAMMALIA,0.999999985462267,74,989.788231908457
pipe,5,5,23.5299055436702,Microcebus ravelobensis,Microcebus_ravelobensis,MAMMALIA,0.778620368188717,11,232.554175002825
pipe,5,5,23.5299055436702,Microcebus rufus,Microcebus_rufus,MAMMALIA,1,1042,67856.6044467259
pipe,5,5,23.5299055436702,Microcebus tavaratra,Microcebus_tavaratra,MAMMALIA,0.993489484438584,34,688.882910405007
pipe,5,5,23.5299055436702,Microgale brevicaudata,Microgale_brevicaudata,MAMMALIA,1,665,29885.8803717108
pipe,5,5,23.5299055436702,Microgale cowani,Microgale_cowani,MAMMALIA,1,562,56253.0988265596
pipe,5,5,23.5299055436702,Microgale drouhardi,Microgale_drouhardi,MAMMALIA,1,308,26002.968954566
pipe,5,5,23.5299055436702,Microgale dryas,Microgale_dryas,MAMMALIA,0.8972013977551,46,1324.75894826905
pipe,5,5,23.5299055436702,Microgale fotsifotsy,Microgale_fotsifotsy,MAMMALIA,1,357,30116.8800717043
pipe,5,5,23.5299055436702,Microgale gracilis,Microgale_gracilis,MAMMALIA,0.999999999988073,123,8971.52288262673
pipe,5,5,23.5299055436702,Microgale gymnorhyncha,Microgale_gymnorhyncha,MAMMALIA,1,142,18442.4627295946
pipe,5,5,23.5299055436702,Microgale longicaudata,Microgale_longicaudata,MAMMALIA,1,952,60769.5986039929
pipe,5,5,23.5299055436702,Microgale mergulus,Microgale_mergulus,MAMMALIA,0.999999999976127,72,4818.26848727304
pipe,5,5,23.5299055436702,Microgale parvula,Microgale_parvula,MAMMALIA,1,1037,60886.7327836407
pipe,5,5,23.5299055436702,Microgale principula,Microgale_principula,MAMMALIA,1,577,49245.6913398699
pipe,5,5,23.5299055436702,Microgale pusilla,Microgale_pusilla,MAMMALIA,0.99999999890942,344,17081.7940956282
pipe,5,5,23.5299055436702,Microgale soricoides,Microgale_soricoides,MAMMALIA,1,148,26199.6635420876
pipe,5,5,23.5299055436702,Microgale taiva,Microgale_taiva,MAMMALIA,1,305,39769.9041444707
pipe,5,5,23.5299055436702,Microgale thomasi,Microgale_thomasi,MAMMALIA,1,108,23800.7805569662
pipe,5,5,23.5299055436702,Mirza coquereli,Mirza_coquereli,MAMMALIA,0.999996887198156,41,2306.06131027118
pipe,5,5,23.5299055436702,Monias benschi,Monias_benschi,AVES,0,1,82.9420458882198
pipe,5,5,23.5299055436702,Monticola erythronotus,Monticola_erythronotus,AVES,0.505764981643122,1,97.497303661992
pipe,5,5,23.5299055436702,Monticola sharpei,Monticola_sharpei,AVES,1,29,94630.2148040584
pipe,5,5,23.5299055436702,Monticolomys koopmani,Monticolomys_koopmani,MAMMALIA,0.132627247638879,6,104.060766616412
pipe,5,5,23.5299055436702,Motacilla flaviventris,Motacilla_flaviventris,AVES,1,39,13588.3576688028
pipe,5,5,23.5299055436702,Mystacornis crossleyi,Mystacornis_crossleyi,AVES,0.999999999999975,13,45175.6800258833
pipe,5,5,23.5299055436702,Neodrepanis coruscans,Neodrepanis_coruscans,AVES,0.999998616871908,15,28632.7200799642
pipe,5,5,23.5299055436702,Neodrepanis hypoxantha,Neodrepanis_hypoxantha,AVES,0.0211788109146442,3,88.4296056242715
pipe,5,5,23.5299055436702,Neomixis striatigula,Neomixis_striatigula,AVES,0.999999999999591,32,54193.523974499
pipe,5,5,23.5299055436702,Neomixis tenella,Neomixis_tenella,AVES,1,110,86837.890875038
pipe,5,5,23.5299055436702,Neomixis viridis,Neomixis_viridis,AVES,1,37,50539.0336326378
pipe,5,5,23.5299055436702,Nesillas lantzii,Nesillas_lantzii,AVES,0.999980632598794,3,2630.58677144172
pipe,5,5,23.5299055436702,Nesogale dobsoni,Nesogale_dobsoni,MAMMALIA,1,362,64069.4956424138
pipe,5,5,23.5299055436702,Nesogale talazaci,Nesogale_talazaci,MAMMALIA,1,252,60079.9998423161
pipe,5,5,23.5299055436702,Nesomys audeberti,Nesomys_audeberti,MAMMALIA,1,109,3889.84495969784
pipe,5,5,23.5299055436702,Nesomys lambertoni,Nesomys_lambertoni,MAMMALIA,0.999961789324811,25,886.24634899626
pipe,5,5,23.5299055436702,Nesomys rufus,Nesomys_rufus,MAMMALIA,1,273,43826.9532364799
pipe,5,5,23.5299055436702,Newtonia amphichroa,Newtonia_amphichroa,AVES,1,16,40848.8317873983
pipe,5,5,23.5299055436702,Newtonia archboldi,Newtonia_archboldi,AVES,0.999964343714504,11,1983.69818686476
pipe,5,5,23.5299055436702,Newtonia brunneicauda,Newtonia_brunneicauda,AVES,1,52,108544.877657257
pipe,5,5,23.5299055436702,Newtonia fanovanae,Newtonia_fanovanae,AVES,0.353055283448799,2,98.220702482002
pipe,5,5,23.5299055436702,Oriolia bernieri,Oriolia_bernieri,AVES,0.999999963890829,14,13364.3477831582
pipe,5,5,23.5299055436702,Oryzorictes hova,Oryzorictes_hova,MAMMALIA,1,299,58627.5826327176
pipe,5,5,23.5299055436702,Oryzorictes tetradactylus,Oryzorictes_tetradactylus,MAMMALIA,0.999999999998158,142,8216.11190279643
pipe,5,5,23.5299055436702,Otus rutilus,Otus_rutilus,AVES,0.999999891416954,5,103953.541092586
pipe,5,5,23.5299055436702,Oxylabes madagascariensis,Oxylabes_madagascariensis,AVES,1,21,50735.6782597694
pipe,5,5,23.5299055436702,Phaner electromontis,Phaner_electromontis,MAMMALIA,6.41384153565738e-08,1,17.2483306993491
pipe,5,5,23.5299055436702,Phaner furcifer,Phaner_furcifer,MAMMALIA,0.887905456410234,40,733.284836093332
pipe,5,5,23.5299055436702,Phaner pallescens,Phaner_pallescens,MAMMALIA,0.99999999999892,47,3183.96544717644
pipe,5,5,23.5299055436702,Phaner parienti,Phaner_parienti,MAMMALIA,0.00280017666108179,1,24.4501852478606
pipe,5,5,23.5299055436702,Philepitta castanea,Philepitta_castanea,AVES,0.983291465355687,5,37036.9919742287
pipe,5,5,23.5299055436702,Philepitta schlegeli,Philepitta_schlegeli,AVES,0.988278027030843,13,4271.15978816368
pipe,5,5,23.5299055436702,Ploceus nelicourvi,Ploceus_nelicourvi,AVES,0.999999999994663,13,58098.6228681996
pipe,5,5,23.5299055436702,Ploceus sakalava,Ploceus_sakalava,AVES,0.999999999997199,34,36681.6191421516
pipe,5,5,23.5299055436702,Polyboroides radiatus,Polyboroides_radiatus,AVES,0.998600193537342,1,111412.809228805
pipe,5,5,23.5299055436702,Pseudobias wardi,Pseudobias_wardi,AVES,1,20,39994.2184592823
pipe,5,5,23.5299055436702,Pterocles personatus,Pterocles_personatus,AVES,0.940118142771648,4,6876.15796477548
pipe,5,5,23.5299055436702,Rallus madagascariensis,Rallus_madagascariensis,AVES,0.999999167339213,5,14286.6313129212
pipe,5,5,23.5299055436702,Randia pseudozosterops,Randia_pseudozosterops,AVES,0.999999809865732,13,43014.6253719102
pipe,5,5,23.5299055436702,Sarothrura insularis,Sarothrura_insularis,AVES,0.999962091759096,9,69269.1482165325
pipe,5,5,23.5299055436702,Schetba rufa,Schetba_rufa,AVES,1,27,26965.7297095223
pipe,5,5,23.5299055436702,Setifer setosus,Setifer_setosus,MAMMALIA,1,291,107227.17139756
pipe,5,5,23.5299055436702,Tenrec ecaudatus,Tenrec_ecaudatus,MAMMALIA,1,159,112852.232383093
pipe,5,5,23.5299055436702,Thamnornis chloropetoides,Thamnornis_chloropetoides,AVES,0.99997558627154,5,3291.2059526292
pipe,5,5,23.5299055436702,Treron australis,Treron_australis,AVES,0.996739107433372,2,111989.82301015
pipe,5,5,23.5299055436702,Turnix nigricollis,Turnix_nigricollis,AVES,0.99995716968653,4,123740.503170415
pipe,5,5,23.5299055436702,Tylas eduardi,Tylas_eduardi,AVES,0.999999986869665,6,56822.4315579069
pipe,5,5,23.5299055436702,Vanga curvirostris,Vanga_curvirostris,AVES,0.999998421041137,10,119388.827381217
pipe,5,5,23.5299055436702,Varecia rubra,Varecia_rubra,MAMMALIA,1,77,66820.448756191
pipe,5,5,23.5299055436702,Varecia variegata,Varecia_variegata,MAMMALIA,1,58,66507.4391916214
pipe,5,5,23.5299055436702,Xanthomixis apperti,Xanthomixis_apperti,AVES,0.441311211243701,1,68.4073900828693
pipe,5,5,23.5299055436702,Xanthomixis cinereiceps,Xanthomixis_cinereiceps,AVES,1,20,16626.7125506706
pipe,5,5,23.5299055436702,Xanthomixis zosterops,Xanthomixis_zosterops,AVES,0.99999999999985,25,58390.9758021631
pipe,5,5,23.5299055436702,Xenopirostris damii,Xenopirostris_damii,AVES,0.00179910755944268,1,93.5023436630614
pipe,5,5,23.5299055436702,Xenopirostris polleni,Xenopirostris_polleni,AVES,0.999999962417438,9,16804.2902038118
pipe,5,5,23.5299055436702,Xenopirostris xenopirostris,Xenopirostris_xenopirostris,AVES,0.965058075374104,1,1102.55740261015
pipe,6,6,28.2220994609865,Accipiter henstii,Accipiter_henstii,AVES,0.765875108539227,1,81405.8352855587
pipe,6,6,28.2220994609865,Accipiter madagascariensis,Accipiter_madagascariensis,AVES,0.926839777095274,1,99140.1427484054
pipe,6,6,28.2220994609865,Acrocephalus newtoni,Acrocephalus_newtoni,AVES,1,34,93337.1763016079
pipe,6,6,28.2220994609865,Alectroenas madagascariensis,Alectroenas_madagascariensis,AVES,0.998390766812806,6,63436.1571157528
pipe,6,6,28.2220994609865,Allocebus trichotis,Allocebus_trichotis,MAMMALIA,0.0078347349602923,3,72.1001097191941
pipe,6,6,28.2220994609865,Anas bernieri,Anas_bernieri,AVES,0,0,0
pipe,6,6,28.2220994609865,Apus balstoni,Apus_balstoni,AVES,0.99999996584715,10,86328.4084303735
pipe,6,6,28.2220994609865,Artamella viridis,Artamella_viridis,AVES,0.999999999995094,16,101421.20380639
pipe,6,6,28.2220994609865,Asio madagascariensis,Asio_madagascariensis,AVES,0.879709404346079,2,70428.8896971787
pipe,6,6,28.2220994609865,Atelornis crossleyi,Atelornis_crossleyi,AVES,0.999998752332702,7,11537.2134314604
pipe,6,6,28.2220994609865,Atelornis pittoides,Atelornis_pittoides,AVES,0.999733813614061,3,41581.4804711615
pipe,6,6,28.2220994609865,Athene superciliaris,Athene_superciliaris,AVES,0.999548992715957,1,69836.0172900928
pipe,6,6,28.2220994609865,Avahi laniger,Avahi_laniger,MAMMALIA,1,114,34220.0888949799
pipe,6,6,28.2220994609865,Avahi occidentalis,Avahi_occidentalis,MAMMALIA,0.996177513146535,3,617.947951280703
pipe,6,6,28.2220994609865,Aviceda madagascariensis,Aviceda_madagascariensis,AVES,0.975978819912504,1,102120.125413611
pipe,6,6,28.2220994609865,Bernieria madagascariensis,Bernieria_madagascariensis,AVES,0.999999999999957,27,84807.4089427906
pipe,6,6,28.2220994609865,Brachypteracias leptosomus,Brachypteracias_leptosomus,AVES,0.999767886368497,1,36729.2642496595
pipe,6,6,28.2220994609865,Brachytarsomys albicauda,Brachytarsomys_albicauda,MAMMALIA,0.999999986114462,46,1727.57067772927
pipe,6,6,28.2220994609865,Brachyuromys betsileoensis,Brachyuromys_betsileoensis,MAMMALIA,1,110,12279.9261618472
pipe,6,6,28.2220994609865,Brachyuromys ramirohitra,Brachyuromys_ramirohitra,MAMMALIA,0.655414845690046,2,90.5857082152948
pipe,6,6,28.2220994609865,Bradypterus brunneus,Bradypterus_brunneus,AVES,1,40,12151.7797915331
pipe,6,6,28.2220994609865,Bradypterus seebohmi,Bradypterus_seebohmi,AVES,0.452718233996164,1,71.7493427546058
pipe,6,6,28.2220994609865,Buteo brachypterus,Buteo_brachypterus,AVES,0.86595390432379,1,110646.606730491
pipe,6,6,28.2220994609865,Calicalicus madagascariensis,Calicalicus_madagascariensis,AVES,1,37,85313.9283486887
pipe,6,6,28.2220994609865,Cheirogaleus crossleyi,Cheirogaleus_crossleyi,MAMMALIA,1,90,5404.16400555085
pipe,6,6,28.2220994609865,Cheirogaleus major,Cheirogaleus_major,MAMMALIA,1,317,63767.0016093667
pipe,6,6,28.2220994609865,Cheirogaleus medius,Cheirogaleus_medius,MAMMALIA,1,827,49457.6044682025
pipe,6,6,28.2220994609865,Cinnyris notatus,Cinnyris_notatus,AVES,1,59,93520.4933554421
pipe,6,6,28.2220994609865,Copsychus albospecularis,Copsychus_albospecularis,AVES,0.999995168566837,10,52715.7127886002
pipe,6,6,28.2220994609865,Coracopsis nigra,Coracopsis_nigra,AVES,0.995546591006716,3,102121.210708714
pipe,6,6,28.2220994609865,Corythornis madagascariensis,Corythornis_madagascariensis,AVES,0.891224166980026,6,85076.5358046357
pipe,6,6,28.2220994609865,Coua caerulea,Coua_caerulea,AVES,0.999920941033485,6,42610.113659664
pipe,6,6,28.2220994609865,Coua coquereli,Coua_coquereli,AVES,0.999960172379079,2,25252.2566001715
pipe,6,6,28.2220994609865,Coua cristata,Coua_cristata,AVES,0.999998298367973,6,77488.521119234
pipe,6,6,28.2220994609865,Coua cursor,Coua_cursor,AVES,0.999697472419127,1,17311.4100819395
pipe,6,6,28.2220994609865,Coua gigas,Coua_gigas,AVES,0.999843183574269,1,28247.4613512056
pipe,6,6,28.2220994609865,Coua reynaudii,Coua_reynaudii,AVES,0.999879360430767,4,36544.6081763249
pipe,6,6,28.2220994609865,Coua ruficeps,Coua_ruficeps,AVES,0.959346120072291,3,1327.37713844072
pipe,6,6,28.2220994609865,Coua serriana,Coua_serriana,AVES,0.991246902421283,1,31602.3622201464
pipe,6,6,28.2220994609865,Crossleyia xanthophrys,Crossleyia_xanthophrys,AVES,1,42,3955.25645036168
pipe,6,6,28.2220994609865,Cryptoprocta ferox,Cryptoprocta_ferox,MAMMALIA,0.0704722846506246,4,36599.279533069
pipe,6,6,28.2220994609865,Cryptosylvicola randrianasoloi,Cryptosylvicola_randrianasoloi,AVES,1,39,5693.97106739097
pipe,6,6,28.2220994609865,Cyanolanius madagascarinus,Cyanolanius_madagascarinus,AVES,0.999999999997821,25,92086.9329597363
pipe,6,6,28.2220994609865,Daubentonia madagascariensis,Daubentonia_madagascariensis,MAMMALIA,1,89,32076.3102693406
pipe,6,6,28.2220994609865,Echinops telfairi,Echinops_telfairi,MAMMALIA,1,391,49715.8154560736
pipe,6,6,28.2220994609865,Eliurus antsingy,Eliurus_antsingy,MAMMALIA,0.0133748649074149,5,69.3900821470956
pipe,6,6,28.2220994609865,Eliurus grandidieri,Eliurus_grandidieri,MAMMALIA,0.999641415738649,25,909.705389651238
pipe,6,6,28.2220994609865,Eliurus majori,Eliurus_majori,MAMMALIA,1,317,41890.3269868944
pipe,6,6,28.2220994609865,Eliurus minor,Eliurus_minor,MAMMALIA,1,1106,70105.4413869329
pipe,6,6,28.2220994609865,Eliurus myoxinus,Eliurus_myoxinus,MAMMALIA,1,878,77141.8639519433
pipe,6,6,28.2220994609865,Eliurus tanala,Eliurus_tanala,MAMMALIA,1,449,44492.9693940143
pipe,6,6,28.2220994609865,Eliurus webbi,Eliurus_webbi,MAMMALIA,1,502,58687.6689484709
pipe,6,6,28.2220994609865,Eremopterix hova,Eremopterix_hova,AVES,0.999998817823714,27,3395.43205274165
pipe,6,6,28.2220994609865,Eulemur albifrons,Eulemur_albifrons,MAMMALIA,1,80,18415.6437268407
pipe,6,6,28.2220994609865,Eulemur cinereiceps,Eulemur_cinereiceps,MAMMALIA,1,256,85749.9252151828
pipe,6,6,28.2220994609865,Eulemur collaris,Eulemur_collaris,MAMMALIA,1,204,85237.4244015627
pipe,6,6,28.2220994609865,Eulemur coronatus,Eulemur_coronatus,MAMMALIA,1,251,24831.0983116676
pipe,6,6,28.2220994609865,Eulemur flavifrons,Eulemur_flavifrons,MAMMALIA,0.000213248908682684,1,25.074716512655
pipe,6,6,28.2220994609865,Eulemur fulvus,Eulemur_fulvus,MAMMALIA,1,232,85973.8421066569
pipe,6,6,28.2220994609865,Eulemur macaco,Eulemur_macaco,MAMMALIA,1,77,35001.9667747053
pipe,6,6,28.2220994609865,Eulemur mongoz,Eulemur_mongoz,MAMMALIA,0.999999751138867,25,1861.07608707136
pipe,6,6,28.2220994609865,Eulemur rubriventer,Eulemur_rubriventer,MAMMALIA,1,336,72069.8649481834
pipe,6,6,28.2220994609865,Eulemur rufus,Eulemur_rufus,MAMMALIA,1,221,41617.9497482495
pipe,6,6,28.2220994609865,Eulemur sanfordi,Eulemur_sanfordi,MAMMALIA,1,302,86172.3509879066
pipe,6,6,28.2220994609865,Euryceros prevostii,Euryceros_prevostii,AVES,0.998999571455012,3,2837.05015201021
pipe,6,6,28.2220994609865,Falco zoniventris,Falco_zoniventris,AVES,0.931617171630983,1,72001.7044216331
pipe,6,6,28.2220994609865,Falculea palliata,Falculea_palliata,AVES,0.999999999999531,9,26376.2629956263
pipe,6,6,28.2220994609865,Fossa fossana,Fossa_fossana,MAMMALIA,0.978483142852742,2,48599.4609223109
pipe,6,6,28.2220994609865,Foudia madagascariensis,Foudia_madagascariensis,AVES,0.999999985491552,52,123316.941768912
pipe,6,6,28.2220994609865,Foudia omissa,Foudia_omissa,AVES,0.999999999970834,17,47598.6588655182
pipe,6,6,28.2220994609865,Gactornis enarratus,Gactornis_enarratus,AVES,0.999999308605544,5,47713.8834945031
pipe,6,6,28.2220994609865,Galidia elegans,Galidia_elegans,MAMMALIA,0.968235456479531,6,49873.3017228595
pipe,6,6,28.2220994609865,Galidictis fasciata,Galidictis_fasciata,MAMMALIA,0,3,4247.07070700451
pipe,6,6,28.2220994609865,Geobiastes squamiger,Geobiastes_squamiger,AVES,0.999647398037644,4,10851.3462353121
pipe,6,6,28.2220994609865,Geogale aurita,Geogale_aurita,MAMMALIA,1,568,30021.8197587212
pipe,6,6,28.2220994609865,Gymnuromys roberti,Gymnuromys_roberti,MAMMALIA,1,149,25336.1587837074
pipe,6,6,28.2220994609865,Haliaeetus vociferoides,Haliaeetus_vociferoides,AVES,0.0115773783592114,1,5133.49426771156
pipe,6,6,28.2220994609865,Hapalemur alaotrensis,Hapalemur_alaotrensis,MAMMALIA,1,51,3448.28356547679
pipe,6,6,28.2220994609865,Hapalemur aureus,Hapalemur_aureus,MAMMALIA,0.999999961735178,20,1584.29859167178
pipe,6,6,28.2220994609865,Hapalemur griseus,Hapalemur_griseus,MAMMALIA,1,266,82536.4708455536
pipe,6,6,28.2220994609865,Hapalemur occidentalis,Hapalemur_occidentalis,MAMMALIA,0.999952883195927,27,887.578960322097
pipe,6,6,28.2220994609865,Hartertula flavoviridis,Hartertula_flavoviridis,AVES,1,41,7815.12171779713
pipe,6,6,28.2220994609865,Hartlaubius auratus,Hartlaubius_auratus,AVES,0.99999935923396,15,85967.2082839096
pipe,6,6,28.2220994609865,Hemicentetes nigriceps,Hemicentetes_nigriceps,MAMMALIA,0.999881108793835,26,1757.19879921369
pipe,6,6,28.2220994609865,Hemicentetes semispinosus,Hemicentetes_semispinosus,MAMMALIA,1,162,65168.7252858642
pipe,6,6,28.2220994609865,Hypogeomys antimena,Hypogeomys_antimena,MAMMALIA,0.133821965614829,5,102.721854711814
pipe,6,6,28.2220994609865,Hypositta corallirostris,Hypositta_corallirostris,AVES,0.999976686047352,13,57201.2721370123
pipe,6,6,28.2220994609865,Indri indri,Indri_indri,MAMMALIA,0.999999999999226,19,60169.8530692013
pipe,6,6,28.2220994609865,Lemur catta,Lemur_catta,MAMMALIA,1,192,21620.7084004876
pipe,6,6,28.2220994609865,Lepidopygia nana,Lepidopygia_nana,AVES,0.999771289445347,87,117490.115266451
pipe,6,6,28.2220994609865,Lepilemur ankaranensis,Lepilemur_ankaranensis,MAMMALIA,0.942459903341432,10,326.317074209937
pipe,6,6,28.2220994609865,Lepilemur edwardsi,Lepilemur_edwardsi,MAMMALIA,1,79,7906.84721116841
pipe,6,6,28.2220994609865,Lepilemur leucopus,Lepilemur_leucopus,MAMMALIA,1,89,19633.7807295533
pipe,6,6,28.2220994609865,Lepilemur microdon,Lepilemur_microdon,MAMMALIA,0.999999999832151,34,3921.6938832626
pipe,6,6,28.2220994609865,Lepilemur mustelinus,Lepilemur_mustelinus,MAMMALIA,1,295,79472.4961154237
pipe,6,6,28.2220994609865,Lepilemur ruficaudatus,Lepilemur_ruficaudatus,MAMMALIA,1,179,13695.0840020931
pipe,6,6,28.2220994609865,Leptopterus chabert,Leptopterus_chabert,AVES,0.999999969999825,32,113446.266834561
pipe,6,6,28.2220994609865,Lophotibis cristata,Lophotibis_cristata,AVES,0.999837984962574,2,81984.9090676157
pipe,6,6,28.2220994609865,Macrotarsomys bastardi,Macrotarsomys_bastardi,MAMMALIA,1,196,7575.12017774741
pipe,6,6,28.2220994609865,Margaroperdix madagarensis,Margaroperdix_madagarensis,AVES,0.999971396244639,2,91213.7763558061
pipe,6,6,28.2220994609865,Mentocrex kioloides,Mentocrex_kioloides,AVES,0.997605309098328,1,32320.2209386243
pipe,6,6,28.2220994609865,Mesitornis unicolor,Mesitornis_unicolor,AVES,0,1,89.8278131379881
pipe,6,6,28.2220994609865,Mesitornis variegatus,Mesitornis_variegatus,AVES,0.998762356934088,4,2807.04549820973
pipe,6,6,28.2220994609865,Microcebus berthae,Microcebus_berthae,MAMMALIA,1.52725564417366e-08,2,16.7952443947329
pipe,6,6,28.2220994609865,Microcebus griseorufus,Microcebus_griseorufus,MAMMALIA,0.995769019106106,14,501.173527921157
pipe,6,6,28.2220994609865,Microcebus murinus,Microcebus_murinus,MAMMALIA,1,1100,81133.7715289159
pipe,6,6,28.2220994609865,Microcebus myoxinus,Microcebus_myoxinus,MAMMALIA,0.999999985349531,71,966.787383996515
pipe,6,6,28.2220994609865,Microcebus ravelobensis,Microcebus_ravelobensis,MAMMALIA,0.778620368188717,11,232.554175002825
pipe,6,6,28.2220994609865,Microcebus rufus,Microcebus_rufus,MAMMALIA,1,925,67012.1549432763
pipe,6,6,28.2220994609865,Microcebus tavaratra,Microcebus_tavaratra,MAMMALIA,0.993488585889862,32,672.049122625756
pipe,6,6,28.2220994609865,Microgale brevicaudata,Microgale_brevicaudata,MAMMALIA,1,625,29455.3829172753
pipe,6,6,28.2220994609865,Microgale cowani,Microgale_cowani,MAMMALIA,1,527,55030.5327628707
pipe,6,6,28.2220994609865,Microgale drouhardi,Microgale_drouhardi,MAMMALIA,1,300,25863.442637949
pipe,6,6,28.2220994609865,Microgale dryas,Microgale_dryas,MAMMALIA,0.8972013977551,46,1322.51851573001
pipe,6,6,28.2220994609865,Microgale fotsifotsy,Microgale_fotsifotsy,MAMMALIA,1,339,29825.8087796647
pipe,6,6,28.2220994609865,Microgale gracilis,Microgale_gracilis,MAMMALIA,0.999999999985971,120,8872.56689979683
pipe,6,6,28.2220994609865,Microgale gymnorhyncha,Microgale_gymnorhyncha,MAMMALIA,1,142,18318.010895944
pipe,6,6,28.2220994609865,Microgale longicaudata,Microgale_longicaudata,MAMMALIA,1,878,60216.8208416415
pipe,6,6,28.2220994609865,Microgale mergulus,Microgale_mergulus,MAMMALIA,0.999999999953696,73,4695.6748957202
pipe,6,6,28.2220994609865,Microgale parvula,Microgale_parvula,MAMMALIA,1,932,60357.196868076
pipe,6,6,28.2220994609865,Microgale principula,Microgale_principula,MAMMALIA,1,566,49039.3281631823
pipe,6,6,28.2220994609865,Microgale pusilla,Microgale_pusilla,MAMMALIA,0.999999998831621,311,16908.3126785496
pipe,6,6,28.2220994609865,Microgale soricoides,Microgale_soricoides,MAMMALIA,1,144,25991.272411015
pipe,6,6,28.2220994609865,Microgale taiva,Microgale_taiva,MAMMALIA,1,301,39670.730921989
pipe,6,6,28.2220994609865,Microgale thomasi,Microgale_thomasi,MAMMALIA,1,104,23615.5196173851
pipe,6,6,28.2220994609865,Mirza coquereli,Mirza_coquereli,MAMMALIA,0.999996831550156,37,2235.53553089558
pipe,6,6,28.2220994609865,Monias benschi,Monias_benschi,AVES,0,1,78.2215661596996
pipe,6,6,28.2220994609865,Monticola erythronotus,Monticola_erythronotus,AVES,0.505764981643122,1,97.497303661992
pipe,6,6,28.2220994609865,Monticola sharpei,Monticola_sharpei,AVES,1,31,90021.0665475341
pipe,6,6,28.2220994609865,Monticolomys koopmani,Monticolomys_koopmani,MAMMALIA,0.132627247638879,5,98.0466375863042
pipe,6,6,28.2220994609865,Motacilla flaviventris,Motacilla_flaviventris,AVES,1,40,10631.5956855491
pipe,6,6,28.2220994609865,Mystacornis crossleyi,Mystacornis_crossleyi,AVES,0.999999999999967,12,44683.6655132916
pipe,6,6,28.2220994609865,Neodrepanis coruscans,Neodrepanis_coruscans,AVES,0.99999859713053,14,28526.1345304832
pipe,6,6,28.2220994609865,Neodrepanis hypoxantha,Neodrepanis_hypoxantha,AVES,0.0211788109146442,3,88.4296056242715
pipe,6,6,28.2220994609865,Neomixis striatigula,Neomixis_striatigula,AVES,0.999999999998333,32,53340.1484051311
pipe,6,6,28.2220994609865,Neomixis tenella,Neomixis_tenella,AVES,1,121,84164.0970864901
pipe,6,6,28.2220994609865,Neomixis viridis,Neomixis_viridis,AVES,1,35,49549.0959042348
pipe,6,6,28.2220994609865,Nesillas lantzii,Nesillas_lantzii,AVES,0.999980170051182,3,2619.51301637646
pipe,6,6,28.2220994609865,Nesogale dobsoni,Nesogale_dobsoni,MAMMALIA,1,332,62984.9309984336
pipe,6,6,28.2220994609865,Nesogale talazaci,Nesogale_talazaci,MAMMALIA,1,240,59283.4472038959
pipe,6,6,28.2220994609865,Nesomys audeberti,Nesomys_audeberti,MAMMALIA,1,107,3863.28552918954
pipe,6,6,28.2220994609865,Nesomys lambertoni,Nesomys_lambertoni,MAMMALIA,0.999932079520741,24,854.128980416666
pipe,6,6,28.2220994609865,Nesomys rufus,Nesomys_rufus,MAMMALIA,1,271,43371.3452879392
pipe,6,6,28.2220994609865,Newtonia amphichroa,Newtonia_amphichroa,AVES,1,16,40492.7438351736
pipe,6,6,28.2220994609865,Newtonia archboldi,Newtonia_archboldi,AVES,0.999963274875267,11,1972.98517980819
pipe,6,6,28.2220994609865,Newtonia brunneicauda,Newtonia_brunneicauda,AVES,1,59,105442.207376569
pipe,6,6,28.2220994609865,Newtonia fanovanae,Newtonia_fanovanae,AVES,0.353055283448799,2,98.220702482002
pipe,6,6,28.2220994609865,Oriolia bernieri,Oriolia_bernieri,AVES,0.999999960948315,14,13108.8040888652
pipe,6,6,28.2220994609865,Oryzorictes hova,Oryzorictes_hova,MAMMALIA,1,293,57871.116178305
pipe,6,6,28.2220994609865,Oryzorictes tetradactylus,Oryzorictes_tetradactylus,MAMMALIA,0.999999999995728,135,7919.83846947376
pipe,6,6,28.2220994609865,Otus rutilus,Otus_rutilus,AVES,0.99999983375452,6,100690.92027545
pipe,6,6,28.2220994609865,Oxylabes madagascariensis,Oxylabes_madagascariensis,AVES,1,18,49671.0435943016
pipe,6,6,28.2220994609865,Phaner electromontis,Phaner_electromontis,MAMMALIA,6.41384153565738e-08,1,17.2483306993491
pipe,6,6,28.2220994609865,Phaner furcifer,Phaner_furcifer,MAMMALIA,0.887905456410234,39,726.476848475258
pipe,6,6,28.2220994609865,Phaner pallescens,Phaner_pallescens,MAMMALIA,0.999999999998845,46,3133.17006371224
pipe,6,6,28.2220994609865,Phaner parienti,Phaner_parienti,MAMMALIA,0.00280017666108179,1,24.4501852478606
pipe,6,6,28.2220994609865,Philepitta castanea,Philepitta_castanea,AVES,0.983185133365202,5,36753.2307420338
pipe,6,6,28.2220994609865,Philepitta schlegeli,Philepitta_schlegeli,AVES,0.988278027030843,13,4271.15978816368
pipe,6,6,28.2220994609865,Ploceus nelicourvi,Ploceus_nelicourvi,AVES,0.999999999982846,11,57085.8842737953
pipe,6,6,28.2220994609865,Ploceus sakalava,Ploceus_sakalava,AVES,0.999999999998703,40,34258.9562775487
pipe,6,6,28.2220994609865,Polyboroides radiatus,Polyboroides_radiatus,AVES,0.998464402299051,1,105384.05808352
pipe,6,6,28.2220994609865,Pseudobias wardi,Pseudobias_wardi,AVES,1,20,39623.9936408436
pipe,6,6,28.2220994609865,Pterocles personatus,Pterocles_personatus,AVES,0.940118142771648,4,6876.15796477548
pipe,6,6,28.2220994609865,Rallus madagascariensis,Rallus_madagascariensis,AVES,0.999999129949134,5,14208.5245256758
pipe,6,6,28.2220994609865,Randia pseudozosterops,Randia_pseudozosterops,AVES,0.999999894185239,16,42185.3610936486
pipe,6,6,28.2220994609865,Sarothrura insularis,Sarothrura_insularis,AVES,0.999950166337837,7,67281.3434423464
pipe,6,6,28.2220994609865,Schetba rufa,Schetba_rufa,AVES,1,27,26302.6258140818
pipe,6,6,28.2220994609865,Setifer setosus,Setifer_setosus,MAMMALIA,1,282,104940.708723134
pipe,6,6,28.2220994609865,Tenrec ecaudatus,Tenrec_ecaudatus,MAMMALIA,1,165,108003.87189972
pipe,6,6,28.2220994609865,Thamnornis chloropetoides,Thamnornis_chloropetoides,AVES,0.99997558627154,5,3291.2059526292
pipe,6,6,28.2220994609865,Treron australis,Treron_australis,AVES,0.996541201194602,2,106269.003456184
pipe,6,6,28.2220994609865,Turnix nigricollis,Turnix_nigricollis,AVES,0.999949121184114,4,116033.768228439
pipe,6,6,28.2220994609865,Tylas eduardi,Tylas_eduardi,AVES,0.999999999904391,7,55668.148009589
pipe,6,6,28.2220994609865,Vanga curvirostris,Vanga_curvirostris,AVES,0.999998203602158,11,114732.342565048
pipe,6,6,28.2220994609865,Varecia rubra,Varecia_rubra,MAMMALIA,1,88,65639.7777378661
pipe,6,6,28.2220994609865,Varecia variegata,Varecia_variegata,MAMMALIA,1,63,65232.5395777178
pipe,6,6,28.2220994609865,Xanthomixis apperti,Xanthomixis_apperti,AVES,0.441311211243701,1,68.4073900828693
pipe,6,6,28.2220994609865,Xanthomixis cinereiceps,Xanthomixis_cinereiceps,AVES,1,20,16444.1613111707
pipe,6,6,28.2220994609865,Xanthomixis zosterops,Xanthomixis_zosterops,AVES,0.999999999999817,24,57369.5648159428
pipe,6,6,28.2220994609865,Xenopirostris damii,Xenopirostris_damii,AVES,0.00179910755944268,1,93.5023436630614
pipe,6,6,28.2220994609865,Xenopirostris polleni,Xenopirostris_polleni,AVES,0.999999958871335,10,16589.3441187849
pipe,6,6,28.2220994609865,Xenopirostris xenopirostris,Xenopirostris_xenopirostris,AVES,0.965058075374104,1,1102.55740261015
pipe,7,7,32.9130272076623,Accipiter henstii,Accipiter_henstii,AVES,0.76527870474319,1,81145.9133266379
pipe,7,7,32.9130272076623,Accipiter madagascariensis,Accipiter_madagascariensis,AVES,0.92288751091324,1,94069.0111341217
pipe,7,7,32.9130272076623,Acrocephalus newtoni,Acrocephalus_newtoni,AVES,1,41,90589.9979520098
pipe,7,7,32.9130272076623,Alectroenas madagascariensis,Alectroenas_madagascariensis,AVES,0.998328188157882,6,62064.3803750995
pipe,7,7,32.9130272076623,Allocebus trichotis,Allocebus_trichotis,MAMMALIA,0.0078347349602923,3,72.1001097191941
pipe,7,7,32.9130272076623,Anas bernieri,Anas_bernieri,AVES,0,0,0
pipe,7,7,32.9130272076623,Apus balstoni,Apus_balstoni,AVES,0.999999960096135,9,84027.2461472977
pipe,7,7,32.9130272076623,Artamella viridis,Artamella_viridis,AVES,0.999999999993958,14,97978.7342394677
pipe,7,7,32.9130272076623,Asio madagascariensis,Asio_madagascariensis,AVES,0.878146272971411,2,69289.7624532431
pipe,7,7,32.9130272076623,Atelornis crossleyi,Atelornis_crossleyi,AVES,0.999998692314295,6,11369.3735449732
pipe,7,7,32.9130272076623,Atelornis pittoides,Atelornis_pittoides,AVES,0.999725753993594,3,40876.0513156309
pipe,7,7,32.9130272076623,Athene superciliaris,Athene_superciliaris,AVES,0.999502652142775,3,64752.2762986532
pipe,7,7,32.9130272076623,Avahi laniger,Avahi_laniger,MAMMALIA,1,120,33539.3812268168
pipe,7,7,32.9130272076623,Avahi occidentalis,Avahi_occidentalis,MAMMALIA,0.996177513146535,3,617.947951280703
pipe,7,7,32.9130272076623,Aviceda madagascariensis,Aviceda_madagascariensis,AVES,0.974302911257234,1,96825.3185690619
pipe,7,7,32.9130272076623,Bernieria madagascariensis,Bernieria_madagascariensis,AVES,0.999999999999993,25,82573.8626839328
pipe,7,7,32.9130272076623,Brachypteracias leptosomus,Brachypteracias_leptosomus,AVES,0.999761534884151,1,36190.4627011921
pipe,7,7,32.9130272076623,Brachytarsomys albicauda,Brachytarsomys_albicauda,MAMMALIA,0.999999986114382,46,1724.25881065628
pipe,7,7,32.9130272076623,Brachyuromys betsileoensis,Brachyuromys_betsileoensis,MAMMALIA,1,98,11951.8170908009
pipe,7,7,32.9130272076623,Brachyuromys ramirohitra,Brachyuromys_ramirohitra,MAMMALIA,0.655414845690046,2,90.5857082152948
pipe,7,7,32.9130272076623,Bradypterus brunneus,Bradypterus_brunneus,AVES,1,41,11856.2090054463
pipe,7,7,32.9130272076623,Bradypterus seebohmi,Bradypterus_seebohmi,AVES,0.452718233996164,1,71.7493427546058
pipe,7,7,32.9130272076623,Buteo brachypterus,Buteo_brachypterus,AVES,0.86347018508699,1,108368.071895245
pipe,7,7,32.9130272076623,Calicalicus madagascariensis,Calicalicus_madagascariensis,AVES,1,44,83071.2031783286
pipe,7,7,32.9130272076623,Cheirogaleus crossleyi,Cheirogaleus_crossleyi,MAMMALIA,1,87,5313.2268520697
pipe,7,7,32.9130272076623,Cheirogaleus major,Cheirogaleus_major,MAMMALIA,1,296,62665.6258396855
pipe,7,7,32.9130272076623,Cheirogaleus medius,Cheirogaleus_medius,MAMMALIA,1,712,44562.7563389861
pipe,7,7,32.9130272076623,Cinnyris notatus,Cinnyris_notatus,AVES,1,62,90450.8466590082
pipe,7,7,32.9130272076623,Copsychus albospecularis,Copsychus_albospecularis,AVES,0.999989461322212,12,51515.2103612362
pipe,7,7,32.9130272076623,Coracopsis nigra,Coracopsis_nigra,AVES,0.995327624725859,3,97761.9425016869
pipe,7,7,32.9130272076623,Corythornis madagascariensis,Corythornis_madagascariensis,AVES,0.897670711315383,7,82925.6146692773
pipe,7,7,32.9130272076623,Coua caerulea,Coua_caerulea,AVES,0.999919536449877,6,42157.3319282688
pipe,7,7,32.9130272076623,Coua coquereli,Coua_coquereli,AVES,0.999988776317932,3,22668.2121736555
pipe,7,7,32.9130272076623,Coua cristata,Coua_cristata,AVES,0.999998213665127,6,76019.8348969922
pipe,7,7,32.9130272076623,Coua cursor,Coua_cursor,AVES,0.999677359699481,2,16430.7965525676
pipe,7,7,32.9130272076623,Coua gigas,Coua_gigas,AVES,0.999803668892282,1,25386.0549407092
pipe,7,7,32.9130272076623,Coua reynaudii,Coua_reynaudii,AVES,0.999868846835264,4,35964.6219427865
pipe,7,7,32.9130272076623,Coua ruficeps,Coua_ruficeps,AVES,0.959346120072291,3,1327.28580644745
pipe,7,7,32.9130272076623,Coua serriana,Coua_serriana,AVES,0.991074247930806,1,31115.7830879887
pipe,7,7,32.9130272076623,Crossleyia xanthophrys,Crossleyia_xanthophrys,AVES,1,41,3889.24736457212
pipe,7,7,32.9130272076623,Cryptoprocta ferox,Cryptoprocta_ferox,MAMMALIA,0.0704722846506246,3,31382.0255183108
pipe,7,7,32.9130272076623,Cryptosylvicola randrianasoloi,Cryptosylvicola_randrianasoloi,AVES,1,38,5649.95951368894
pipe,7,7,32.9130272076623,Cyanolanius madagascarinus,Cyanolanius_madagascarinus,AVES,1,32,89429.1517156135
pipe,7,7,32.9130272076623,Daubentonia madagascariensis,Daubentonia_madagascariensis,MAMMALIA,1,88,30982.5598543452
pipe,7,7,32.9130272076623,Echinops telfairi,Echinops_telfairi,MAMMALIA,1,353,44309.3908867972
pipe,7,7,32.9130272076623,Eliurus antsingy,Eliurus_antsingy,MAMMALIA,0.0133748649074149,5,69.3900821470956
pipe,7,7,32.9130272076623,Eliurus grandidieri,Eliurus_grandidieri,MAMMALIA,0.999640446063556,25,909.062290056589
pipe,7,7,32.9130272076623,Eliurus majori,Eliurus_majori,MAMMALIA,1,245,41000.0059571846
pipe,7,7,32.9130272076623,Eliurus minor,Eliurus_minor,MAMMALIA,1,896,68799.9363224377
pipe,7,7,32.9130272076623,Eliurus myoxinus,Eliurus_myoxinus,MAMMALIA,1,746,72201.4320440652
pipe,7,7,32.9130272076623,Eliurus tanala,Eliurus_tanala,MAMMALIA,1,374,43491.6103124968
pipe,7,7,32.9130272076623,Eliurus webbi,Eliurus_webbi,MAMMALIA,1,448,57856.7877305272
pipe,7,7,32.9130272076623,Eremopterix hova,Eremopterix_hova,AVES,0.999997371897684,24,3139.54003010577
pipe,7,7,32.9130272076623,Eulemur albifrons,Eulemur_albifrons,MAMMALIA,1,82,18120.9650408123
pipe,7,7,32.9130272076623,Eulemur cinereiceps,Eulemur_cinereiceps,MAMMALIA,1,252,83311.9535187773
pipe,7,7,32.9130272076623,Eulemur collaris,Eulemur_collaris,MAMMALIA,1,204,82843.1889816919
pipe,7,7,32.9130272076623,Eulemur coronatus,Eulemur_coronatus,MAMMALIA,1,253,24048.6559783099
pipe,7,7,32.9130272076623,Eulemur flavifrons,Eulemur_flavifrons,MAMMALIA,0.000213248908682684,1,25.074716512655
pipe,7,7,32.9130272076623,Eulemur fulvus,Eulemur_fulvus,MAMMALIA,1,230,83487.4446922466
pipe,7,7,32.9130272076623,Eulemur macaco,Eulemur_macaco,MAMMALIA,1,78,34000.5501734217
pipe,7,7,32.9130272076623,Eulemur mongoz,Eulemur_mongoz,MAMMALIA,0.999999566705148,24,1797.83336016671
pipe,7,7,32.9130272076623,Eulemur rubriventer,Eulemur_rubriventer,MAMMALIA,1,309,70314.7176372209
pipe,7,7,32.9130272076623,Eulemur rufus,Eulemur_rufus,MAMMALIA,1,213,38406.0562664964
pipe,7,7,32.9130272076623,Eulemur sanfordi,Eulemur_sanfordi,MAMMALIA,1,283,83632.0159102844
pipe,7,7,32.9130272076623,Euryceros prevostii,Euryceros_prevostii,AVES,0.998999571455012,3,2837.05015201021
pipe,7,7,32.9130272076623,Falco zoniventris,Falco_zoniventris,AVES,0.927271327735491,1,67699.2945660619
pipe,7,7,32.9130272076623,Falculea palliata,Falculea_palliata,AVES,0.999999999999399,11,23239.4201939899
pipe,7,7,32.9130272076623,Fossa fossana,Fossa_fossana,MAMMALIA,0.978483142852742,2,48599.4609223109
pipe,7,7,32.9130272076623,Foudia madagascariensis,Foudia_madagascariensis,AVES,0.999999939269136,56,116724.971121021
pipe,7,7,32.9130272076623,Foudia omissa,Foudia_omissa,AVES,0.999999999981952,21,46744.8921224807
pipe,7,7,32.9130272076623,Gactornis enarratus,Gactornis_enarratus,AVES,0.999999233849466,5,46933.6129349196
pipe,7,7,32.9130272076623,Galidia elegans,Galidia_elegans,MAMMALIA,0.968235456479531,6,49544.7795755114
pipe,7,7,32.9130272076623,Galidictis fasciata,Galidictis_fasciata,MAMMALIA,0,3,4247.07070700451
pipe,7,7,32.9130272076623,Geobiastes squamiger,Geobiastes_squamiger,AVES,0.999617166386497,4,10684.7331345952
pipe,7,7,32.9130272076623,Geogale aurita,Geogale_aurita,MAMMALIA,1,496,27076.9896175431
pipe,7,7,32.9130272076623,Gymnuromys roberti,Gymnuromys_roberti,MAMMALIA,1,131,25044.895291289
pipe,7,7,32.9130272076623,Haliaeetus vociferoides,Haliaeetus_vociferoides,AVES,0.0115773783592114,1,5133.49426771156
pipe,7,7,32.9130272076623,Hapalemur alaotrensis,Hapalemur_alaotrensis,MAMMALIA,1,51,3448.28356547679
pipe,7,7,32.9130272076623,Hapalemur aureus,Hapalemur_aureus,MAMMALIA,0.99999995847237,19,1563.53348564634
pipe,7,7,32.9130272076623,Hapalemur griseus,Hapalemur_griseus,MAMMALIA,1,260,80417.1082044533
pipe,7,7,32.9130272076623,Hapalemur occidentalis,Hapalemur_occidentalis,MAMMALIA,0.999932284217748,27,868.751462579048
pipe,7,7,32.9130272076623,Hartertula flavoviridis,Hartertula_flavoviridis,AVES,1,40,7702.82278424273
pipe,7,7,32.9130272076623,Hartlaubius auratus,Hartlaubius_auratus,AVES,0.99999999942875,17,83763.3117241093
pipe,7,7,32.9130272076623,Hemicentetes nigriceps,Hemicentetes_nigriceps,MAMMALIA,0.999819586544987,24,1678.26441705794
pipe,7,7,32.9130272076623,Hemicentetes semispinosus,Hemicentetes_semispinosus,MAMMALIA,1,165,64112.4065608281
pipe,7,7,32.9130272076623,Hypogeomys antimena,Hypogeomys_antimena,MAMMALIA,0.133821965614829,4,93.1612903583482
pipe,7,7,32.9130272076623,Hypositta corallirostris,Hypositta_corallirostris,AVES,0.999975424000986,14,56072.4498320844
pipe,7,7,32.9130272076623,Indri indri,Indri_indri,MAMMALIA,0.999999999999345,22,59204.6002089882
pipe,7,7,32.9130272076623,Lemur catta,Lemur_catta,MAMMALIA,1,163,18442.5092828508
pipe,7,7,32.9130272076623,Lepidopygia nana,Lepidopygia_nana,AVES,0.999948935519208,93,111892.113674129
pipe,7,7,32.9130272076623,Lepilemur ankaranensis,Lepilemur_ankaranensis,MAMMALIA,0.942459903341432,10,326.317074209937
pipe,7,7,32.9130272076623,Lepilemur edwardsi,Lepilemur_edwardsi,MAMMALIA,1,69,7552.68549050675
pipe,7,7,32.9130272076623,Lepilemur leucopus,Lepilemur_leucopus,MAMMALIA,1,76,16210.0213055873
pipe,7,7,32.9130272076623,Lepilemur microdon,Lepilemur_microdon,MAMMALIA,0.999999999763465,32,3786.01364124332
pipe,7,7,32.9130272076623,Lepilemur mustelinus,Lepilemur_mustelinus,MAMMALIA,1,263,75070.8064371508
pipe,7,7,32.9130272076623,Lepilemur ruficaudatus,Lepilemur_ruficaudatus,MAMMALIA,1,154,11873.5227694528
pipe,7,7,32.9130272076623,Leptopterus chabert,Leptopterus_chabert,AVES,0.999999940123861,37,109328.921749273
pipe,7,7,32.9130272076623,Lophotibis cristata,Lophotibis_cristata,AVES,0.999833500447369,2,80823.0638018169
pipe,7,7,32.9130272076623,Macrotarsomys bastardi,Macrotarsomys_bastardi,MAMMALIA,1,166,6616.28886052942
pipe,7,7,32.9130272076623,Margaroperdix madagarensis,Margaroperdix_madagarensis,AVES,0.999997617261833,4,85050.7341062974
pipe,7,7,32.9130272076623,Mentocrex kioloides,Mentocrex_kioloides,AVES,0.997550546157247,1,31828.3107872445
pipe,7,7,32.9130272076623,Mesitornis unicolor,Mesitornis_unicolor,AVES,0,1,89.8278131379881
pipe,7,7,32.9130272076623,Mesitornis variegatus,Mesitornis_variegatus,AVES,0.998721172425563,4,2783.80263434159
pipe,7,7,32.9130272076623,Microcebus berthae,Microcebus_berthae,MAMMALIA,1.52725564417366e-08,2,16.7952443947329
pipe,7,7,32.9130272076623,Microcebus griseorufus,Microcebus_griseorufus,MAMMALIA,0.995766900373794,13,484.502876857873
pipe,7,7,32.9130272076623,Microcebus murinus,Microcebus_murinus,MAMMALIA,1,955,74892.7212313049
pipe,7,7,32.9130272076623,Microcebus myoxinus,Microcebus_myoxinus,MAMMALIA,0.999999984228967,70,963.13716894955
pipe,7,7,32.9130272076623,Microcebus ravelobensis,Microcebus_ravelobensis,MAMMALIA,0.778620368188717,11,232.554175002825
pipe,7,7,32.9130272076623,Microcebus rufus,Microcebus_rufus,MAMMALIA,1,742,65294.1555012434
pipe,7,7,32.9130272076623,Microcebus tavaratra,Microcebus_tavaratra,MAMMALIA,0.993488585889862,30,660.265351119552
pipe,7,7,32.9130272076623,Microgale brevicaudata,Microgale_brevicaudata,MAMMALIA,1,562,27559.1609636901
pipe,7,7,32.9130272076623,Microgale cowani,Microgale_cowani,MAMMALIA,1,434,53685.7932674453
pipe,7,7,32.9130272076623,Microgale drouhardi,Microgale_drouhardi,MAMMALIA,1,290,25567.4605918677
pipe,7,7,32.9130272076623,Microgale dryas,Microgale_dryas,MAMMALIA,0.897201397748361,47,1315.65322910508
pipe,7,7,32.9130272076623,Microgale fotsifotsy,Microgale_fotsifotsy,MAMMALIA,1,305,29343.0678683078
pipe,7,7,32.9130272076623,Microgale gracilis,Microgale_gracilis,MAMMALIA,0.999999999984327,115,8696.3350575112
pipe,7,7,32.9130272076623,Microgale gymnorhyncha,Microgale_gymnorhyncha,MAMMALIA,1,117,17929.6866747833
pipe,7,7,32.9130272076623,Microgale longicaudata,Microgale_longicaudata,MAMMALIA,1,725,59050.5488404968
pipe,7,7,32.9130272076623,Microgale mergulus,Microgale_mergulus,MAMMALIA,0.99999999991935,71,4614.86006843535
pipe,7,7,32.9130272076623,Microgale parvula,Microgale_parvula,MAMMALIA,1,759,59300.8539731356
pipe,7,7,32.9130272076623,Microgale principula,Microgale_principula,MAMMALIA,1,525,48625.239600414
pipe,7,7,32.9130272076623,Microgale pusilla,Microgale_pusilla,MAMMALIA,0.999999998789165,283,16727.2762042658
pipe,7,7,32.9130272076623,Microgale soricoides,Microgale_soricoides,MAMMALIA,1,119,25637.175000587
pipe,7,7,32.9130272076623,Microgale taiva,Microgale_taiva,MAMMALIA,1,273,39292.1061135981
pipe,7,7,32.9130272076623,Microgale thomasi,Microgale_thomasi,MAMMALIA,1,100,23476.558253364
pipe,7,7,32.9130272076623,Mirza coquereli,Mirza_coquereli,MAMMALIA,0.999996786449683,33,2160.7338679689
pipe,7,7,32.9130272076623,Monias benschi,Monias_benschi,AVES,0,1,78.2215661596996
pipe,7,7,32.9130272076623,Monticola erythronotus,Monticola_erythronotus,AVES,0.505764981643122,1,97.497303661992
pipe,7,7,32.9130272076623,Monticola sharpei,Monticola_sharpei,AVES,1,34,84673.4295506502
pipe,7,7,32.9130272076623,Monticolomys koopmani,Monticolomys_koopmani,MAMMALIA,0.132627247638879,5,98.0466375863042
pipe,7,7,32.9130272076623,Motacilla flaviventris,Motacilla_flaviventris,AVES,1,36,9813.82931902141
pipe,7,7,32.9130272076623,Mystacornis crossleyi,Mystacornis_crossleyi,AVES,0.999999999999958,12,43967.7850335496
pipe,7,7,32.9130272076623,Neodrepanis coruscans,Neodrepanis_coruscans,AVES,0.999998506399139,14,28113.9918076348
pipe,7,7,32.9130272076623,Neodrepanis hypoxantha,Neodrepanis_hypoxantha,AVES,0.0211788109146442,3,88.4296056242715
pipe,7,7,32.9130272076623,Neomixis striatigula,Neomixis_striatigula,AVES,0.999999999999391,37,52246.5390516354
pipe,7,7,32.9130272076623,Neomixis tenella,Neomixis_tenella,AVES,1,117,81625.2948748381
pipe,7,7,32.9130272076623,Neomixis viridis,Neomixis_viridis,AVES,0.999999999999993,35,48660.4275904081
pipe,7,7,32.9130272076623,Nesillas lantzii,Nesillas_lantzii,AVES,0.999978415536205,3,2594.41750693177
pipe,7,7,32.9130272076623,Nesogale dobsoni,Nesogale_dobsoni,MAMMALIA,1,291,61679.1021158497
pipe,7,7,32.9130272076623,Nesogale talazaci,Nesogale_talazaci,MAMMALIA,1,237,58409.5314291108
pipe,7,7,32.9130272076623,Nesomys audeberti,Nesomys_audeberti,MAMMALIA,1,102,3806.05355643625
pipe,7,7,32.9130272076623,Nesomys lambertoni,Nesomys_lambertoni,MAMMALIA,0.999919255854397,24,845.05341483995
pipe,7,7,32.9130272076623,Nesomys rufus,Nesomys_rufus,MAMMALIA,1,277,42965.5251085993
pipe,7,7,32.9130272076623,Newtonia amphichroa,Newtonia_amphichroa,AVES,1,16,39875.8292221931
pipe,7,7,32.9130272076623,Newtonia archboldi,Newtonia_archboldi,AVES,0.999955706405345,11,1932.26968330133
pipe,7,7,32.9130272076623,Newtonia brunneicauda,Newtonia_brunneicauda,AVES,1,65,101852.852527962
pipe,7,7,32.9130272076623,Newtonia fanovanae,Newtonia_fanovanae,AVES,0.353055283448799,2,98.220702482002
pipe,7,7,32.9130272076623,Oriolia bernieri,Oriolia_bernieri,AVES,0.999999956382956,14,12795.3732098619
pipe,7,7,32.9130272076623,Oryzorictes hova,Oryzorictes_hova,MAMMALIA,1,287,57186.0328065456
pipe,7,7,32.9130272076623,Oryzorictes tetradactylus,Oryzorictes_tetradactylus,MAMMALIA,0.999999999991586,116,7579.46904088199
pipe,7,7,32.9130272076623,Otus rutilus,Otus_rutilus,AVES,0.999999787765483,5,96876.6492615359
pipe,7,7,32.9130272076623,Oxylabes madagascariensis,Oxylabes_madagascariensis,AVES,1,20,48768.3967319117
pipe,7,7,32.9130272076623,Phaner electromontis,Phaner_electromontis,MAMMALIA,6.41384153565738e-08,1,17.2483306993491
pipe,7,7,32.9130272076623,Phaner furcifer,Phaner_furcifer,MAMMALIA,0.887904765191739,34,686.188393407905
pipe,7,7,32.9130272076623,Phaner pallescens,Phaner_pallescens,MAMMALIA,0.999999999998475,41,2991.33363314581
pipe,7,7,32.9130272076623,Phaner parienti,Phaner_parienti,MAMMALIA,0.00280017666108179,1,24.4501852478606
pipe,7,7,32.9130272076623,Philepitta castanea,Philepitta_castanea,AVES,0.982968564590619,5,36189.7086684397
pipe,7,7,32.9130272076623,Philepitta schlegeli,Philepitta_schlegeli,AVES,0.988278027030843,13,4271.15978816368
pipe,7,7,32.9130272076623,Ploceus nelicourvi,Ploceus_nelicourvi,AVES,0.999999999962509,13,56193.76978182
pipe,7,7,32.9130272076623,Ploceus sakalava,Ploceus_sakalava,AVES,0.999999999990775,45,30663.2331196908
pipe,7,7,32.9130272076623,Polyboroides radiatus,Polyboroides_radiatus,AVES,0.998293797156683,1,98921.0539044142
pipe,7,7,32.9130272076623,Pseudobias wardi,Pseudobias_wardi,AVES,1,21,38929.2463254974
pipe,7,7,32.9130272076623,Pterocles personatus,Pterocles_personatus,AVES,0.940118142771648,4,6876.15796477548
pipe,7,7,32.9130272076623,Rallus madagascariensis,Rallus_madagascariensis,AVES,0.999998867214041,5,13929.4768892669
pipe,7,7,32.9130272076623,Randia pseudozosterops,Randia_pseudozosterops,AVES,0.999999840738669,18,41501.5092940553
pipe,7,7,32.9130272076623,Sarothrura insularis,Sarothrura_insularis,AVES,0.999947152837127,8,65651.9316715747
pipe,7,7,32.9130272076623,Schetba rufa,Schetba_rufa,AVES,1,27,25340.7856190156
pipe,7,7,32.9130272076623,Setifer setosus,Setifer_setosus,MAMMALIA,1,264,100205.149949421
pipe,7,7,32.9130272076623,Tenrec ecaudatus,Tenrec_ecaudatus,MAMMALIA,1,166,102644.720670765
pipe,7,7,32.9130272076623,Thamnornis chloropetoides,Thamnornis_chloropetoides,AVES,0.999974500565231,5,3218.31668215822
pipe,7,7,32.9130272076623,Treron australis,Treron_australis,AVES,0.996219191309516,2,98851.0099333386
pipe,7,7,32.9130272076623,Turnix nigricollis,Turnix_nigricollis,AVES,0.999991464749401,5,107357.961380732
pipe,7,7,32.9130272076623,Tylas eduardi,Tylas_eduardi,AVES,0.999999999877364,8,54726.632561264
pipe,7,7,32.9130272076623,Vanga curvirostris,Vanga_curvirostris,AVES,0.999997767556915,8,109947.259964114
pipe,7,7,32.9130272076623,Varecia rubra,Varecia_rubra,MAMMALIA,1,90,63935.0395599413
pipe,7,7,32.9130272076623,Varecia variegata,Varecia_variegata,MAMMALIA,1,64,63528.3584857357
pipe,7,7,32.9130272076623,Xanthomixis apperti,Xanthomixis_apperti,AVES,0.441311211243701,1,68.4073900828693
pipe,7,7,32.9130272076623,Xanthomixis cinereiceps,Xanthomixis_cinereiceps,AVES,1,19,16222.7351964889
pipe,7,7,32.9130272076623,Xanthomixis zosterops,Xanthomixis_zosterops,AVES,0.999999999999619,25,56418.873182549
pipe,7,7,32.9130272076623,Xenopirostris damii,Xenopirostris_damii,AVES,0.00179910755944268,1,93.5023436630614
pipe,7,7,32.9130272076623,Xenopirostris polleni,Xenopirostris_polleni,AVES,0.999999955434017,10,16265.4059026241
pipe,7,7,32.9130272076623,Xenopirostris xenopirostris,Xenopirostris_xenopirostris,AVES,0.965058075374104,1,1102.55740261015
pipe,8,8,37.603063945369,Accipiter henstii,Accipiter_henstii,AVES,0.765025528678177,1,81035.9962344405
pipe,8,8,37.603063945369,Accipiter madagascariensis,Accipiter_madagascariensis,AVES,0.91744709988408,1,87868.3375225359
pipe,8,8,37.603063945369,Acrocephalus newtoni,Acrocephalus_newtoni,AVES,1,46,88867.2150645311
pipe,8,8,37.603063945369,Alectroenas madagascariensis,Alectroenas_madagascariensis,AVES,0.998283384830443,6,61105.0636973229
pipe,8,8,37.603063945369,Allocebus trichotis,Allocebus_trichotis,MAMMALIA,0.0078347349602923,3,72.1001097191941
pipe,8,8,37.603063945369,Anas bernieri,Anas_bernieri,AVES,0,0,0
pipe,8,8,37.603063945369,Apus balstoni,Apus_balstoni,AVES,0.99999999988042,12,82571.6528398427
pipe,8,8,37.603063945369,Artamella viridis,Artamella_viridis,AVES,0.999999999999987,17,93261.2586571474
pipe,8,8,37.603063945369,Asio madagascariensis,Asio_madagascariensis,AVES,0.875271015032593,2,67277.2892277978
pipe,8,8,37.603063945369,Atelornis crossleyi,Atelornis_crossleyi,AVES,0.999998686083362,6,11349.834841641
pipe,8,8,37.603063945369,Atelornis pittoides,Atelornis_pittoides,AVES,0.999722535956041,3,40589.9013641229
pipe,8,8,37.603063945369,Athene superciliaris,Athene_superciliaris,AVES,0.999405746409068,2,58056.7750050415
pipe,8,8,37.603063945369,Avahi laniger,Avahi_laniger,MAMMALIA,1,121,33297.9549002683
pipe,8,8,37.603063945369,Avahi occidentalis,Avahi_occidentalis,MAMMALIA,0.996177513146535,3,617.947951280703
pipe,8,8,37.603063945369,Aviceda madagascariensis,Aviceda_madagascariensis,AVES,0.971849646710778,1,90095.9536990826
pipe,8,8,37.603063945369,Bernieria madagascariensis,Bernieria_madagascariensis,AVES,0.999999999999985,32,81277.8647283954
pipe,8,8,37.603063945369,Brachypteracias leptosomus,Brachypteracias_leptosomus,AVES,0.999759362771605,1,36011.2716112108
pipe,8,8,37.603063945369,Brachytarsomys albicauda,Brachytarsomys_albicauda,MAMMALIA,0.999999986113697,43,1700.25746110397
pipe,8,8,37.603063945369,Brachyuromys betsileoensis,Brachyuromys_betsileoensis,MAMMALIA,1,87,11797.0819069556
pipe,8,8,37.603063945369,Brachyuromys ramirohitra,Brachyuromys_ramirohitra,MAMMALIA,0.655414845690046,2,90.5857082152948
pipe,8,8,37.603063945369,Bradypterus brunneus,Bradypterus_brunneus,AVES,1,40,11740.8918665965
pipe,8,8,37.603063945369,Bradypterus seebohmi,Bradypterus_seebohmi,AVES,0.452718233996164,1,71.7493427546058
pipe,8,8,37.603063945369,Buteo brachypterus,Buteo_brachypterus,AVES,0.857573381102215,1,103285.962209507
pipe,8,8,37.603063945369,Calicalicus madagascariensis,Calicalicus_madagascariensis,AVES,1,46,81687.2998062895
pipe,8,8,37.603063945369,Cheirogaleus crossleyi,Cheirogaleus_crossleyi,MAMMALIA,1,84,5260.85145968102
pipe,8,8,37.603063945369,Cheirogaleus major,Cheirogaleus_major,MAMMALIA,1,270,61960.2151769066
pipe,8,8,37.603063945369,Cheirogaleus medius,Cheirogaleus_medius,MAMMALIA,1,633,38747.5269191492
pipe,8,8,37.603063945369,Cinnyris notatus,Cinnyris_notatus,AVES,1,65,88716.5308203155
pipe,8,8,37.603063945369,Copsychus albospecularis,Copsychus_albospecularis,AVES,0.999986619156794,12,51001.5430641558
pipe,8,8,37.603063945369,Coracopsis nigra,Coracopsis_nigra,AVES,0.995041371086079,3,92620.4663956836
pipe,8,8,37.603063945369,Corythornis madagascariensis,Corythornis_madagascariensis,AVES,0.8960900510777,8,81406.6276476659
pipe,8,8,37.603063945369,Coua caerulea,Coua_caerulea,AVES,0.999917979235961,6,41865.9472530522
pipe,8,8,37.603063945369,Coua coquereli,Coua_coquereli,AVES,0.999976329691272,3,20973.8592075618
pipe,8,8,37.603063945369,Coua cristata,Coua_cristata,AVES,0.99999782654233,7,72834.026739919
pipe,8,8,37.603063945369,Coua cursor,Coua_cursor,AVES,0.99930782203405,2,11592.0236331309
pipe,8,8,37.603063945369,Coua gigas,Coua_gigas,AVES,0.999748499423301,1,22569.099491017
pipe,8,8,37.603063945369,Coua reynaudii,Coua_reynaudii,AVES,0.999838786330403,4,35706.4251051867
pipe,8,8,37.603063945369,Coua ruficeps,Coua_ruficeps,AVES,0.959346120072291,3,1327.28580644745
pipe,8,8,37.603063945369,Coua serriana,Coua_serriana,AVES,0.991051777674036,1,31053.6950687844
pipe,8,8,37.603063945369,Crossleyia xanthophrys,Crossleyia_xanthophrys,AVES,1,38,3832.81171680931
pipe,8,8,37.603063945369,Cryptoprocta ferox,Cryptoprocta_ferox,MAMMALIA,0.0704722846506246,3,31358.4746893274
pipe,8,8,37.603063945369,Cryptosylvicola randrianasoloi,Cryptosylvicola_randrianasoloi,AVES,1,36,5621.6843035018
pipe,8,8,37.603063945369,Cyanolanius madagascarinus,Cyanolanius_madagascarinus,AVES,1,36,87694.0094892493
pipe,8,8,37.603063945369,Daubentonia madagascariensis,Daubentonia_madagascariensis,MAMMALIA,1,91,30388.8166953337
pipe,8,8,37.603063945369,Echinops telfairi,Echinops_telfairi,MAMMALIA,1,330,38044.5703462669
pipe,8,8,37.603063945369,Eliurus antsingy,Eliurus_antsingy,MAMMALIA,0.0133748649074149,5,69.3900821470956
pipe,8,8,37.603063945369,Eliurus grandidieri,Eliurus_grandidieri,MAMMALIA,0.999640446063556,24,901.520020315635
pipe,8,8,37.603063945369,Eliurus majori,Eliurus_majori,MAMMALIA,1,202,40496.6552276937
pipe,8,8,37.603063945369,Eliurus minor,Eliurus_minor,MAMMALIA,1,748,67818.1642009579
pipe,8,8,37.603063945369,Eliurus myoxinus,Eliurus_myoxinus,MAMMALIA,1,647,67385.5397527293
pipe,8,8,37.603063945369,Eliurus tanala,Eliurus_tanala,MAMMALIA,1,303,42768.6816747468
pipe,8,8,37.603063945369,Eliurus webbi,Eliurus_webbi,MAMMALIA,1,371,57115.3108797462
pipe,8,8,37.603063945369,Eremopterix hova,Eremopterix_hova,AVES,0.999996327251705,23,3025.04035581331
pipe,8,8,37.603063945369,Eulemur albifrons,Eulemur_albifrons,MAMMALIA,1,75,17895.6870733634
pipe,8,8,37.603063945369,Eulemur cinereiceps,Eulemur_cinereiceps,MAMMALIA,1,249,81889.960080777
pipe,8,8,37.603063945369,Eulemur collaris,Eulemur_collaris,MAMMALIA,1,202,81390.0107729685
pipe,8,8,37.603063945369,Eulemur coronatus,Eulemur_coronatus,MAMMALIA,1,238,23468.1009089399
pipe,8,8,37.603063945369,Eulemur flavifrons,Eulemur_flavifrons,MAMMALIA,0.000213248908682684,1,25.074716512655
pipe,8,8,37.603063945369,Eulemur fulvus,Eulemur_fulvus,MAMMALIA,1,227,82015.0778182902
pipe,8,8,37.603063945369,Eulemur macaco,Eulemur_macaco,MAMMALIA,1,79,33561.3370268937
pipe,8,8,37.603063945369,Eulemur mongoz,Eulemur_mongoz,MAMMALIA,0.99999946821177,24,1740.68502367302
pipe,8,8,37.603063945369,Eulemur rubriventer,Eulemur_rubriventer,MAMMALIA,1,287,69169.5482831505
pipe,8,8,37.603063945369,Eulemur rufus,Eulemur_rufus,MAMMALIA,1,202,36333.0257584688
pipe,8,8,37.603063945369,Eulemur sanfordi,Eulemur_sanfordi,MAMMALIA,1,271,82120.5578234363
pipe,8,8,37.603063945369,Euryceros prevostii,Euryceros_prevostii,AVES,0.998999571455012,3,2837.05015201021
pipe,8,8,37.603063945369,Falco zoniventris,Falco_zoniventris,AVES,0.924028254925131,1,64804.1561987524
pipe,8,8,37.603063945369,Falculea palliata,Falculea_palliata,AVES,0.999999999997318,11,20132.7782093317
pipe,8,8,37.603063945369,Fossa fossana,Fossa_fossana,MAMMALIA,0.978483142852742,2,48599.4609223109
pipe,8,8,37.603063945369,Foudia madagascariensis,Foudia_madagascariensis,AVES,0.999999985085581,59,109158.642841691
pipe,8,8,37.603063945369,Foudia omissa,Foudia_omissa,AVES,0.999999999964723,23,46337.1680351146
pipe,8,8,37.603063945369,Gactornis enarratus,Gactornis_enarratus,AVES,0.999999019403981,4,46528.2239748029
pipe,8,8,37.603063945369,Galidia elegans,Galidia_elegans,MAMMALIA,0.968235456479531,6,49140.519982556
pipe,8,8,37.603063945369,Galidictis fasciata,Galidictis_fasciata,MAMMALIA,0,3,4247.07070700451
pipe,8,8,37.603063945369,Geobiastes squamiger,Geobiastes_squamiger,AVES,0.999613859362225,4,10668.8527299716
pipe,8,8,37.603063945369,Geogale aurita,Geogale_aurita,MAMMALIA,1,431,24990.5165233025
pipe,8,8,37.603063945369,Gymnuromys roberti,Gymnuromys_roberti,MAMMALIA,1,114,24884.4187535423
pipe,8,8,37.603063945369,Haliaeetus vociferoides,Haliaeetus_vociferoides,AVES,0.0115773783592114,1,5133.49426771156
pipe,8,8,37.603063945369,Hapalemur alaotrensis,Hapalemur_alaotrensis,MAMMALIA,1,51,3447.73646027897
pipe,8,8,37.603063945369,Hapalemur aureus,Hapalemur_aureus,MAMMALIA,0.999999957957659,19,1555.81867714459
pipe,8,8,37.603063945369,Hapalemur griseus,Hapalemur_griseus,MAMMALIA,1,261,79134.0221437132
pipe,8,8,37.603063945369,Hapalemur occidentalis,Hapalemur_occidentalis,MAMMALIA,0.999929451802518,25,852.629509823778
pipe,8,8,37.603063945369,Hartertula flavoviridis,Hartertula_flavoviridis,AVES,1,39,7646.72479368055
pipe,8,8,37.603063945369,Hartlaubius auratus,Hartlaubius_auratus,AVES,0.999999999497689,21,82216.0299666437
pipe,8,8,37.603063945369,Hemicentetes nigriceps,Hemicentetes_nigriceps,MAMMALIA,0.999812852363207,23,1664.59633708624
pipe,8,8,37.603063945369,Hemicentetes semispinosus,Hemicentetes_semispinosus,MAMMALIA,1,163,63427.9194668768
pipe,8,8,37.603063945369,Hypogeomys antimena,Hypogeomys_antimena,MAMMALIA,0.133821965614829,4,93.1612903583482
pipe,8,8,37.603063945369,Hypositta corallirostris,Hypositta_corallirostris,AVES,0.999970270381787,14,55426.364100853
pipe,8,8,37.603063945369,Indri indri,Indri_indri,MAMMALIA,0.999999999998593,21,58352.6253512533
pipe,8,8,37.603063945369,Lemur catta,Lemur_catta,MAMMALIA,1,151,16000.9100996954
pipe,8,8,37.603063945369,Lepidopygia nana,Lepidopygia_nana,AVES,0.999920173125553,100,107612.475298438
pipe,8,8,37.603063945369,Lepilemur ankaranensis,Lepilemur_ankaranensis,MAMMALIA,0.942459903341432,10,326.317074209937
pipe,8,8,37.603063945369,Lepilemur edwardsi,Lepilemur_edwardsi,MAMMALIA,1,65,7242.23040267357
pipe,8,8,37.603063945369,Lepilemur leucopus,Lepilemur_leucopus,MAMMALIA,1,66,11161.3030730695
pipe,8,8,37.603063945369,Lepilemur microdon,Lepilemur_microdon,MAMMALIA,0.999999999581581,31,3676.90153212302
pipe,8,8,37.603063945369,Lepilemur mustelinus,Lepilemur_mustelinus,MAMMALIA,1,259,71009.8327248349
pipe,8,8,37.603063945369,Lepilemur ruficaudatus,Lepilemur_ruficaudatus,MAMMALIA,1,141,10385.3832639215
pipe,8,8,37.603063945369,Leptopterus chabert,Leptopterus_chabert,AVES,0.999999999422382,37,103881.426562504
pipe,8,8,37.603063945369,Lophotibis cristata,Lophotibis_cristata,AVES,0.99982993919222,2,79933.9605326509
pipe,8,8,37.603063945369,Macrotarsomys bastardi,Macrotarsomys_bastardi,MAMMALIA,1,143,5910.28269685726
pipe,8,8,37.603063945369,Margaroperdix madagarensis,Margaroperdix_madagarensis,AVES,0.999999752483584,5,80712.7116502857
pipe,8,8,37.603063945369,Mentocrex kioloides,Mentocrex_kioloides,AVES,0.997534050927585,1,31683.7427040615
pipe,8,8,37.603063945369,Mesitornis unicolor,Mesitornis_unicolor,AVES,0,1,89.8278131379881
pipe,8,8,37.603063945369,Mesitornis variegatus,Mesitornis_variegatus,AVES,0.998721172425563,4,2783.80263434159
pipe,8,8,37.603063945369,Microcebus berthae,Microcebus_berthae,MAMMALIA,1.52725564417366e-08,2,16.7952443947329
pipe,8,8,37.603063945369,Microcebus griseorufus,Microcebus_griseorufus,MAMMALIA,0.99576690037371,13,484.242512627561
pipe,8,8,37.603063945369,Microcebus murinus,Microcebus_murinus,MAMMALIA,1,869,67971.881697117
pipe,8,8,37.603063945369,Microcebus myoxinus,Microcebus_myoxinus,MAMMALIA,0.999999976003473,69,938.407879795298
pipe,8,8,37.603063945369,Microcebus ravelobensis,Microcebus_ravelobensis,MAMMALIA,0.778620368188717,11,230.272453169512
pipe,8,8,37.603063945369,Microcebus rufus,Microcebus_rufus,MAMMALIA,1,588,63261.3082694397
pipe,8,8,37.603063945369,Microcebus tavaratra,Microcebus_tavaratra,MAMMALIA,0.993488585889862,30,660.265351119552
pipe,8,8,37.603063945369,Microgale brevicaudata,Microgale_brevicaudata,MAMMALIA,1,498,26468.6911475813
pipe,8,8,37.603063945369,Microgale cowani,Microgale_cowani,MAMMALIA,1,354,52719.5730897302
pipe,8,8,37.603063945369,Microgale drouhardi,Microgale_drouhardi,MAMMALIA,1,268,25290.7755497561
pipe,8,8,37.603063945369,Microgale dryas,Microgale_dryas,MAMMALIA,0.897201397748361,47,1315.65322910508
pipe,8,8,37.603063945369,Microgale fotsifotsy,Microgale_fotsifotsy,MAMMALIA,1,284,29102.9458260599
pipe,8,8,37.603063945369,Microgale gracilis,Microgale_gracilis,MAMMALIA,0.999999999978366,111,8617.97938619571
pipe,8,8,37.603063945369,Microgale gymnorhyncha,Microgale_gymnorhyncha,MAMMALIA,1,94,17596.7747195192
pipe,8,8,37.603063945369,Microgale longicaudata,Microgale_longicaudata,MAMMALIA,1,600,58204.981527183
pipe,8,8,37.603063945369,Microgale mergulus,Microgale_mergulus,MAMMALIA,0.999999999914544,70,4575.79591471436
pipe,8,8,37.603063945369,Microgale parvula,Microgale_parvula,MAMMALIA,1,622,58415.7913409683
pipe,8,8,37.603063945369,Microgale principula,Microgale_principula,MAMMALIA,1,453,48154.9639172694
pipe,8,8,37.603063945369,Microgale pusilla,Microgale_pusilla,MAMMALIA,0.99999999874073,256,16553.1305836873
pipe,8,8,37.603063945369,Microgale soricoides,Microgale_soricoides,MAMMALIA,1,95,25331.4128297211
pipe,8,8,37.603063945369,Microgale taiva,Microgale_taiva,MAMMALIA,1,238,39004.6225775878
pipe,8,8,37.603063945369,Microgale thomasi,Microgale_thomasi,MAMMALIA,1,92,23367.3346918159
pipe,8,8,37.603063945369,Mirza coquereli,Mirza_coquereli,MAMMALIA,0.999972195222589,33,1971.13629904159
pipe,8,8,37.603063945369,Monias benschi,Monias_benschi,AVES,0,1,78.2215661596996
pipe,8,8,37.603063945369,Monticola erythronotus,Monticola_erythronotus,AVES,0.505764981643122,1,97.497303661992
pipe,8,8,37.603063945369,Monticola sharpei,Monticola_sharpei,AVES,1,39,79086.0054613944
pipe,8,8,37.603063945369,Monticolomys koopmani,Monticolomys_koopmani,MAMMALIA,0.132627247638879,5,98.0466375863042
pipe,8,8,37.603063945369,Motacilla flaviventris,Motacilla_flaviventris,AVES,1,35,8829.83142425379
pipe,8,8,37.603063945369,Mystacornis crossleyi,Mystacornis_crossleyi,AVES,0.999999999999907,12,43581.965912659
pipe,8,8,37.603063945369,Neodrepanis coruscans,Neodrepanis_coruscans,AVES,0.999998500960599,14,28064.2633694739
pipe,8,8,37.603063945369,Neodrepanis hypoxantha,Neodrepanis_hypoxantha,AVES,0.0211788109146442,3,88.4296056242715
pipe,8,8,37.603063945369,Neomixis striatigula,Neomixis_striatigula,AVES,0.999999999999438,41,51636.5742704
pipe,8,8,37.603063945369,Neomixis tenella,Neomixis_tenella,AVES,1,113,79480.4691135442
pipe,8,8,37.603063945369,Neomixis viridis,Neomixis_viridis,AVES,0.999999999999997,35,48260.9108510765
pipe,8,8,37.603063945369,Nesillas lantzii,Nesillas_lantzii,AVES,0.99995528247184,5,2458.23992640429
pipe,8,8,37.603063945369,Nesogale dobsoni,Nesogale_dobsoni,MAMMALIA,1,256,60683.2289801527
pipe,8,8,37.603063945369,Nesogale talazaci,Nesogale_talazaci,MAMMALIA,1,229,57850.3414169228
pipe,8,8,37.603063945369,Nesomys audeberti,Nesomys_audeberti,MAMMALIA,1,100,3769.92913694451
pipe,8,8,37.603063945369,Nesomys lambertoni,Nesomys_lambertoni,MAMMALIA,0.999899504534113,24,835.932740620361
pipe,8,8,37.603063945369,Nesomys rufus,Nesomys_rufus,MAMMALIA,1,241,42557.4928930626
pipe,8,8,37.603063945369,Newtonia amphichroa,Newtonia_amphichroa,AVES,1,18,39631.3722996156
pipe,8,8,37.603063945369,Newtonia archboldi,Newtonia_archboldi,AVES,0.999955471870266,9,1890.49053134017
pipe,8,8,37.603063945369,Newtonia brunneicauda,Newtonia_brunneicauda,AVES,1,74,97719.2906238238
pipe,8,8,37.603063945369,Newtonia fanovanae,Newtonia_fanovanae,AVES,0.353055283448799,2,98.220702482002
pipe,8,8,37.603063945369,Oriolia bernieri,Oriolia_bernieri,AVES,0.999999955770597,14,12766.7613442653
pipe,8,8,37.603063945369,Oryzorictes hova,Oryzorictes_hova,MAMMALIA,1,259,56603.8740234369
pipe,8,8,37.603063945369,Oryzorictes tetradactylus,Oryzorictes_tetradactylus,MAMMALIA,0.999999999968493,104,7161.46446142087
pipe,8,8,37.603063945369,Otus rutilus,Otus_rutilus,AVES,0.999999713795818,5,94327.7614442899
pipe,8,8,37.603063945369,Oxylabes madagascariensis,Oxylabes_madagascariensis,AVES,1,22,48269.766930826
pipe,8,8,37.603063945369,Phaner electromontis,Phaner_electromontis,MAMMALIA,6.41384153565738e-08,1,17.2483306993491
pipe,8,8,37.603063945369,Phaner furcifer,Phaner_furcifer,MAMMALIA,0.887904765191739,34,686.188393407905
pipe,8,8,37.603063945369,Phaner pallescens,Phaner_pallescens,MAMMALIA,0.999999999818832,39,2747.11327727988
pipe,8,8,37.603063945369,Phaner parienti,Phaner_parienti,MAMMALIA,0.00280017666108179,1,24.4501852478606
pipe,8,8,37.603063945369,Philepitta castanea,Philepitta_castanea,AVES,0.982939745756594,6,36137.8666722102
pipe,8,8,37.603063945369,Philepitta schlegeli,Philepitta_schlegeli,AVES,0.988278027030843,13,4271.15978816368
pipe,8,8,37.603063945369,Ploceus nelicourvi,Ploceus_nelicourvi,AVES,0.999999999874753,15,55557.3240800693
pipe,8,8,37.603063945369,Ploceus sakalava,Ploceus_sakalava,AVES,0.999999999650669,52,26815.6208796166
pipe,8,8,37.603063945369,Polyboroides radiatus,Polyboroides_radiatus,AVES,0.998056641292313,1,91483.0803202159
pipe,8,8,37.603063945369,Pseudobias wardi,Pseudobias_wardi,AVES,1,21,38703.6083857161
pipe,8,8,37.603063945369,Pterocles personatus,Pterocles_personatus,AVES,0.940118142771648,4,6876.15796477548
pipe,8,8,37.603063945369,Rallus madagascariensis,Rallus_madagascariensis,AVES,0.99999879687005,5,13842.3978310196
pipe,8,8,37.603063945369,Randia pseudozosterops,Randia_pseudozosterops,AVES,0.999999979715776,19,41147.7629804617
pipe,8,8,37.603063945369,Sarothrura insularis,Sarothrura_insularis,AVES,0.999945238135673,8,64626.9803153438
pipe,8,8,37.603063945369,Schetba rufa,Schetba_rufa,AVES,1,25,25080.7551682759
pipe,8,8,37.603063945369,Setifer setosus,Setifer_setosus,MAMMALIA,1,269,95056.6004950914
pipe,8,8,37.603063945369,Tenrec ecaudatus,Tenrec_ecaudatus,MAMMALIA,1,160,98515.3847582811
pipe,8,8,37.603063945369,Thamnornis chloropetoides,Thamnornis_chloropetoides,AVES,0.999973188985144,6,2949.88897624393
pipe,8,8,37.603063945369,Treron australis,Treron_australis,AVES,0.995872441624327,2,91425.1377715166
pipe,8,8,37.603063945369,Turnix nigricollis,Turnix_nigricollis,AVES,0.999987266011564,5,98606.941636603
pipe,8,8,37.603063945369,Tylas eduardi,Tylas_eduardi,AVES,0.999999999882652,10,54140.8790565389
pipe,8,8,37.603063945369,Vanga curvirostris,Vanga_curvirostris,AVES,0.999997424108,10,103231.992587702
pipe,8,8,37.603063945369,Varecia rubra,Varecia_rubra,MAMMALIA,1,89,62833.3281120502
pipe,8,8,37.603063945369,Varecia variegata,Varecia_variegata,MAMMALIA,1,68,62474.2484664185
pipe,8,8,37.603063945369,Xanthomixis apperti,Xanthomixis_apperti,AVES,0.441311211243701,1,68.4073900828693
pipe,8,8,37.603063945369,Xanthomixis cinereiceps,Xanthomixis_cinereiceps,AVES,1,20,16065.5420813405
pipe,8,8,37.603063945369,Xanthomixis zosterops,Xanthomixis_zosterops,AVES,0.99999999999858,29,55787.0181453907
pipe,8,8,37.603063945369,Xenopirostris damii,Xenopirostris_damii,AVES,0.00179910755944268,1,93.5023436630614
pipe,8,8,37.603063945369,Xenopirostris polleni,Xenopirostris_polleni,AVES,0.999999953963482,8,16055.6920070032
pipe,8,8,37.603063945369,Xenopirostris xenopirostris,Xenopirostris_xenopirostris,AVES,0.965058075374104,1,1102.55740261015
pipe,9,9,42.294366853716,Accipiter henstii,Accipiter_henstii,AVES,0.76286516779964,1,80108.1390045304
pipe,9,9,42.294366853716,Accipiter madagascariensis,Accipiter_madagascariensis,AVES,0.915724856678723,1,86069.1438356045
pipe,9,9,42.294366853716,Acrocephalus newtoni,Acrocephalus_newtoni,AVES,1,49,86266.940456514
pipe,9,9,42.294366853716,Alectroenas madagascariensis,Alectroenas_madagascariensis,AVES,0.998245253146744,5,59883.0501432618
pipe,9,9,42.294366853716,Allocebus trichotis,Allocebus_trichotis,MAMMALIA,0.0078347349602923,3,72.1001097191941
pipe,9,9,42.294366853716,Anas bernieri,Anas_bernieri,AVES,0,0,0
pipe,9,9,42.294366853716,Apus balstoni,Apus_balstoni,AVES,0.999999999845522,12,80558.8172994944
pipe,9,9,42.294366853716,Artamella viridis,Artamella_viridis,AVES,0.999999999999989,19,87087.9328924029
pipe,9,9,42.294366853716,Asio madagascariensis,Asio_madagascariensis,AVES,0.873172098330244,2,65872.2429858842
pipe,9,9,42.294366853716,Atelornis crossleyi,Atelornis_crossleyi,AVES,0.999998642297684,6,11216.3544362255
pipe,9,9,42.294366853716,Atelornis pittoides,Atelornis_pittoides,AVES,0.999933816567906,4,39988.6326862967
pipe,9,9,42.294366853716,Athene superciliaris,Athene_superciliaris,AVES,0.999994345836866,3,55723.1692612313
pipe,9,9,42.294366853716,Avahi laniger,Avahi_laniger,MAMMALIA,1,122,32694.8428490292
pipe,9,9,42.294366853716,Avahi occidentalis,Avahi_occidentalis,MAMMALIA,0.996177513146535,3,617.947951280703
pipe,9,9,42.294366853716,Aviceda madagascariensis,Aviceda_madagascariensis,AVES,0.969298667030349,1,84123.6238265436
pipe,9,9,42.294366853716,Bernieria madagascariensis,Bernieria_madagascariensis,AVES,0.999999999999999,31,79024.5439983948
pipe,9,9,42.294366853716,Brachypteracias leptosomus,Brachypteracias_leptosomus,AVES,0.999750555894051,2,35416.5270011097
pipe,9,9,42.294366853716,Brachytarsomys albicauda,Brachytarsomys_albicauda,MAMMALIA,0.999999986113627,42,1689.51280853426
pipe,9,9,42.294366853716,Brachyuromys betsileoensis,Brachyuromys_betsileoensis,MAMMALIA,1,73,11592.0585501146
pipe,9,9,42.294366853716,Brachyuromys ramirohitra,Brachyuromys_ramirohitra,MAMMALIA,0.655414845690046,2,90.5857082152948
pipe,9,9,42.294366853716,Bradypterus brunneus,Bradypterus_brunneus,AVES,1,38,11575.0993380303
pipe,9,9,42.294366853716,Bradypterus seebohmi,Bradypterus_seebohmi,AVES,0.452718233996164,1,71.7493427546058
pipe,9,9,42.294366853716,Buteo brachypterus,Buteo_brachypterus,AVES,0.849085674091131,1,96687.9480458311
pipe,9,9,42.294366853716,Calicalicus madagascariensis,Calicalicus_madagascariensis,AVES,1,49,79520.5546748114
pipe,9,9,42.294366853716,Cheirogaleus crossleyi,Cheirogaleus_crossleyi,MAMMALIA,1,83,5214.55416421042
pipe,9,9,42.294366853716,Cheirogaleus major,Cheirogaleus_major,MAMMALIA,1,240,60637.0447225536
pipe,9,9,42.294366853716,Cheirogaleus medius,Cheirogaleus_medius,MAMMALIA,1,509,36597.9020023416
pipe,9,9,42.294366853716,Cinnyris notatus,Cinnyris_notatus,AVES,1,67,85431.2488591395
pipe,9,9,42.294366853716,Copsychus albospecularis,Copsychus_albospecularis,AVES,0.999985784808577,12,49729.7866224088
pipe,9,9,42.294366853716,Coracopsis nigra,Coracopsis_nigra,AVES,0.994860937179035,3,89602.4558108305
pipe,9,9,42.294366853716,Corythornis madagascariensis,Corythornis_madagascariensis,AVES,0.893844727419016,10,79206.2628162381
pipe,9,9,42.294366853716,Coua caerulea,Coua_caerulea,AVES,0.999914697331781,6,41042.0532449199
pipe,9,9,42.294366853716,Coua coquereli,Coua_coquereli,AVES,0.999973654823927,3,19903.7676589679
pipe,9,9,42.294366853716,Coua cristata,Coua_cristata,AVES,0.999997683923468,6,70534.7426852967
pipe,9,9,42.294366853716,Coua cursor,Coua_cursor,AVES,0.999218883572268,2,10943.3956678346
pipe,9,9,42.294366853716,Coua gigas,Coua_gigas,AVES,0.999729973824846,1,21820.3102545902
pipe,9,9,42.294366853716,Coua reynaudii,Coua_reynaudii,AVES,0.999827197104048,4,35134.4057812873
pipe,9,9,42.294366853716,Coua ruficeps,Coua_ruficeps,AVES,0.959346120072291,3,1327.28580644745
pipe,9,9,42.294366853716,Coua serriana,Coua_serriana,AVES,0.990767075127919,1,30290.5278829052
pipe,9,9,42.294366853716,Crossleyia xanthophrys,Crossleyia_xanthophrys,AVES,0.999999999999999,38,3790.569614513
pipe,9,9,42.294366853716,Cryptoprocta ferox,Cryptoprocta_ferox,MAMMALIA,0.0704722846506246,3,31358.4746893274
pipe,9,9,42.294366853716,Cryptosylvicola randrianasoloi,Cryptosylvicola_randrianasoloi,AVES,1,34,5594.83109163473
pipe,9,9,42.294366853716,Cyanolanius madagascarinus,Cyanolanius_madagascarinus,AVES,1,40,84901.2884118908
pipe,9,9,42.294366853716,Daubentonia madagascariensis,Daubentonia_madagascariensis,MAMMALIA,1,94,29421.282786363
pipe,9,9,42.294366853716,Echinops telfairi,Echinops_telfairi,MAMMALIA,1,305,36138.5515093862
pipe,9,9,42.294366853716,Eliurus antsingy,Eliurus_antsingy,MAMMALIA,0.0133737178280204,5,66.3291121204592
pipe,9,9,42.294366853716,Eliurus grandidieri,Eliurus_grandidieri,MAMMALIA,0.999640446063556,24,901.520020315635
pipe,9,9,42.294366853716,Eliurus majori,Eliurus_majori,MAMMALIA,1,160,39744.8912702228
pipe,9,9,42.294366853716,Eliurus minor,Eliurus_minor,MAMMALIA,1,566,66384.5715496989
pipe,9,9,42.294366853716,Eliurus myoxinus,Eliurus_myoxinus,MAMMALIA,1,536,65002.0703762171
pipe,9,9,42.294366853716,Eliurus tanala,Eliurus_tanala,MAMMALIA,1,234,41922.1152027382
pipe,9,9,42.294366853716,Eliurus webbi,Eliurus_webbi,MAMMALIA,1,267,55862.8421757595
pipe,9,9,42.294366853716,Eremopterix hova,Eremopterix_hova,AVES,0.999990056136463,22,2862.34610812848
pipe,9,9,42.294366853716,Eulemur albifrons,Eulemur_albifrons,MAMMALIA,1,67,17474.0480471045
pipe,9,9,42.294366853716,Eulemur cinereiceps,Eulemur_cinereiceps,MAMMALIA,1,246,79247.2392025323
pipe,9,9,42.294366853716,Eulemur collaris,Eulemur_collaris,MAMMALIA,1,209,78860.9316318483
pipe,9,9,42.294366853716,Eulemur coronatus,Eulemur_coronatus,MAMMALIA,1,236,22597.8354811703
pipe,9,9,42.294366853716,Eulemur flavifrons,Eulemur_flavifrons,MAMMALIA,0.000213248908682684,1,25.074716512655
pipe,9,9,42.294366853716,Eulemur fulvus,Eulemur_fulvus,MAMMALIA,1,223,79337.6904349246
pipe,9,9,42.294366853716,Eulemur macaco,Eulemur_macaco,MAMMALIA,1,82,32841.7988799166
pipe,9,9,42.294366853716,Eulemur mongoz,Eulemur_mongoz,MAMMALIA,0.99999939682773,22,1684.456905702
pipe,9,9,42.294366853716,Eulemur rubriventer,Eulemur_rubriventer,MAMMALIA,1,272,67515.2881309076
pipe,9,9,42.294366853716,Eulemur rufus,Eulemur_rufus,MAMMALIA,1,200,35053.461697408
pipe,9,9,42.294366853716,Eulemur sanfordi,Eulemur_sanfordi,MAMMALIA,1,268,79450.159203172
pipe,9,9,42.294366853716,Euryceros prevostii,Euryceros_prevostii,AVES,0.998901601819684,3,2809.20744913971
pipe,9,9,42.294366853716,Falco zoniventris,Falco_zoniventris,AVES,0.91748641985525,1,59645.6329746951
pipe,9,9,42.294366853716,Falculea palliata,Falculea_palliata,AVES,0.999999999990309,13,18986.5341463704
pipe,9,9,42.294366853716,Fossa fossana,Fossa_fossana,MAMMALIA,0.97847274160129,2,48594.0546410592
pipe,9,9,42.294366853716,Foudia madagascariensis,Foudia_madagascariensis,AVES,0.999999996656414,62,101038.924087292
pipe,9,9,42.294366853716,Foudia omissa,Foudia_omissa,AVES,0.999999999949562,21,45547.5315112669
pipe,9,9,42.294366853716,Gactornis enarratus,Gactornis_enarratus,AVES,0.999998894999952,5,45662.699019248
pipe,9,9,42.294366853716,Galidia elegans,Galidia_elegans,MAMMALIA,0.968235456479531,6,49140.519982556
pipe,9,9,42.294366853716,Galidictis fasciata,Galidictis_fasciata,MAMMALIA,0,3,4247.07070700451
pipe,9,9,42.294366853716,Geobiastes squamiger,Geobiastes_squamiger,AVES,0.999280935846857,5,10466.5279615429
pipe,9,9,42.294366853716,Geogale aurita,Geogale_aurita,MAMMALIA,1,374,24093.8834003688
pipe,9,9,42.294366853716,Gymnuromys roberti,Gymnuromys_roberti,MAMMALIA,1,92,24570.5915627795
pipe,9,9,42.294366853716,Haliaeetus vociferoides,Haliaeetus_vociferoides,AVES,0.0115773783592114,1,5133.49426771156
pipe,9,9,42.294366853716,Hapalemur alaotrensis,Hapalemur_alaotrensis,MAMMALIA,1,51,3444.32737158856
pipe,9,9,42.294366853716,Hapalemur aureus,Hapalemur_aureus,MAMMALIA,0.99999995193295,17,1521.9519091168
pipe,9,9,42.294366853716,Hapalemur griseus,Hapalemur_griseus,MAMMALIA,1,256,77106.5184398165
pipe,9,9,42.294366853716,Hapalemur occidentalis,Hapalemur_occidentalis,MAMMALIA,0.999910050333037,21,810.529821966088
pipe,9,9,42.294366853716,Hartertula flavoviridis,Hartertula_flavoviridis,AVES,1,40,7560.76616764183
pipe,9,9,42.294366853716,Hartlaubius auratus,Hartlaubius_auratus,AVES,0.999999999189275,23,79982.7370906888
pipe,9,9,42.294366853716,Hemicentetes nigriceps,Hemicentetes_nigriceps,MAMMALIA,0.999769445240685,24,1642.85015264118
pipe,9,9,42.294366853716,Hemicentetes semispinosus,Hemicentetes_semispinosus,MAMMALIA,1,163,62362.4334184959
pipe,9,9,42.294366853716,Hypogeomys antimena,Hypogeomys_antimena,MAMMALIA,0.133821965614829,4,93.1612903583482
pipe,9,9,42.294366853716,Hypositta corallirostris,Hypositta_corallirostris,AVES,0.999994037467751,17,54513.4309237686
pipe,9,9,42.294366853716,Indri indri,Indri_indri,MAMMALIA,0.999999999997706,21,57164.2639798844
pipe,9,9,42.294366853716,Lemur catta,Lemur_catta,MAMMALIA,1,147,14992.7124335347
pipe,9,9,42.294366853716,Lepidopygia nana,Lepidopygia_nana,AVES,0.999950176807465,111,101252.349278589
pipe,9,9,42.294366853716,Lepilemur ankaranensis,Lepilemur_ankaranensis,MAMMALIA,0.942459903341432,9,316.5934792843
pipe,9,9,42.294366853716,Lepilemur edwardsi,Lepilemur_edwardsi,MAMMALIA,1,60,6776.01514245364
pipe,9,9,42.294366853716,Lepilemur leucopus,Lepilemur_leucopus,MAMMALIA,1,64,10116.735200808
pipe,9,9,42.294366853716,Lepilemur microdon,Lepilemur_microdon,MAMMALIA,0.999999999428523,32,3638.25888685361
pipe,9,9,42.294366853716,Lepilemur mustelinus,Lepilemur_mustelinus,MAMMALIA,1,253,69017.7359837875
pipe,9,9,42.294366853716,Lepilemur ruficaudatus,Lepilemur_ruficaudatus,MAMMALIA,1,130,9634.81002948261
pipe,9,9,42.294366853716,Leptopterus chabert,Leptopterus_chabert,AVES,0.999999999999996,41,96743.9369941444
pipe,9,9,42.294366853716,Lophotibis cristata,Lophotibis_cristata,AVES,0.999824283487382,2,78578.9469415237
pipe,9,9,42.294366853716,Macrotarsomys bastardi,Macrotarsomys_bastardi,MAMMALIA,1,118,5559.14660004589
pipe,9,9,42.294366853716,Margaroperdix madagarensis,Margaroperdix_madagarensis,AVES,0.999999663425209,5,76664.8536140247
pipe,9,9,42.294366853716,Mentocrex kioloides,Mentocrex_kioloides,AVES,0.99748531911548,1,31265.9674495878
pipe,9,9,42.294366853716,Mesitornis unicolor,Mesitornis_unicolor,AVES,0,1,89.8278131379881
pipe,9,9,42.294366853716,Mesitornis variegatus,Mesitornis_variegatus,AVES,0.998685311697165,4,2766.94465933717
pipe,9,9,42.294366853716,Microcebus berthae,Microcebus_berthae,MAMMALIA,1.52725564417366e-08,2,16.7952443947329
pipe,9,9,42.294366853716,Microcebus griseorufus,Microcebus_griseorufus,MAMMALIA,0.995766326563,11,460.42228269476
pipe,9,9,42.294366853716,Microcebus murinus,Microcebus_murinus,MAMMALIA,1,729,64505.3663853682
pipe,9,9,42.294366853716,Microcebus myoxinus,Microcebus_myoxinus,MAMMALIA,0.999999960375941,56,874.132518560734
pipe,9,9,42.294366853716,Microcebus ravelobensis,Microcebus_ravelobensis,MAMMALIA,0.778620368188717,11,230.272453169512
pipe,9,9,42.294366853716,Microcebus rufus,Microcebus_rufus,MAMMALIA,1,421,61749.7895264408
pipe,9,9,42.294366853716,Microcebus tavaratra,Microcebus_tavaratra,MAMMALIA,0.993485781713749,28,640.719328531557
pipe,9,9,42.294366853716,Microgale brevicaudata,Microgale_brevicaudata,MAMMALIA,1,427,25606.3013698291
pipe,9,9,42.294366853716,Microgale cowani,Microgale_cowani,MAMMALIA,1,286,51534.6683264292
pipe,9,9,42.294366853716,Microgale drouhardi,Microgale_drouhardi,MAMMALIA,1,194,24767.4487594085
pipe,9,9,42.294366853716,Microgale dryas,Microgale_dryas,MAMMALIA,0.897201397748361,46,1300.82646102762
pipe,9,9,42.294366853716,Microgale fotsifotsy,Microgale_fotsifotsy,MAMMALIA,1,207,28500.5450536892
pipe,9,9,42.294366853716,Microgale gracilis,Microgale_gracilis,MAMMALIA,0.999999999967813,102,8411.43289548122
pipe,9,9,42.294366853716,Microgale gymnorhyncha,Microgale_gymnorhyncha,MAMMALIA,1,79,17376.0501593547
pipe,9,9,42.294366853716,Microgale longicaudata,Microgale_longicaudata,MAMMALIA,1,450,56906.1578698231
pipe,9,9,42.294366853716,Microgale mergulus,Microgale_mergulus,MAMMALIA,0.999999999896349,70,4471.73125751592
pipe,9,9,42.294366853716,Microgale parvula,Microgale_parvula,MAMMALIA,1,474,57312.4590226369
pipe,9,9,42.294366853716,Microgale principula,Microgale_principula,MAMMALIA,1,315,47138.7031717481
pipe,9,9,42.294366853716,Microgale pusilla,Microgale_pusilla,MAMMALIA,0.999999998670322,215,16159.4295706989
pipe,9,9,42.294366853716,Microgale soricoides,Microgale_soricoides,MAMMALIA,1,80,25035.7311956996
pipe,9,9,42.294366853716,Microgale taiva,Microgale_taiva,MAMMALIA,1,173,38427.8122826076
pipe,9,9,42.294366853716,Microgale thomasi,Microgale_thomasi,MAMMALIA,1,84,23199.7549573282
pipe,9,9,42.294366853716,Mirza coquereli,Mirza_coquereli,MAMMALIA,0.999943367888378,32,1847.8436064341
pipe,9,9,42.294366853716,Monias benschi,Monias_benschi,AVES,0,1,78.2215661596996
pipe,9,9,42.294366853716,Monticola erythronotus,Monticola_erythronotus,AVES,0.505764981643122,1,97.497303661992
pipe,9,9,42.294366853716,Monticola sharpei,Monticola_sharpei,AVES,1,42,73353.6038012472
pipe,9,9,42.294366853716,Monticolomys koopmani,Monticolomys_koopmani,MAMMALIA,0.132627247638879,5,98.0466375863042
pipe,9,9,42.294366853716,Motacilla flaviventris,Motacilla_flaviventris,AVES,1,35,6439.4161820412
pipe,9,9,42.294366853716,Mystacornis crossleyi,Mystacornis_crossleyi,AVES,0.999999999999971,13,42827.4966455088
pipe,9,9,42.294366853716,Neodrepanis coruscans,Neodrepanis_coruscans,AVES,0.999998300091513,14,27719.1174529324
pipe,9,9,42.294366853716,Neodrepanis hypoxantha,Neodrepanis_hypoxantha,AVES,0.0211788109146442,3,88.4296056242715
pipe,9,9,42.294366853716,Neomixis striatigula,Neomixis_striatigula,AVES,0.999999999999973,43,50673.6972045596
pipe,9,9,42.294366853716,Neomixis tenella,Neomixis_tenella,AVES,1,113,73728.424307863
pipe,9,9,42.294366853716,Neomixis viridis,Neomixis_viridis,AVES,1,36,47478.5066318563
pipe,9,9,42.294366853716,Nesillas lantzii,Nesillas_lantzii,AVES,0.99989960794537,4,2135.9323881063
pipe,9,9,42.294366853716,Nesogale dobsoni,Nesogale_dobsoni,MAMMALIA,1,235,59441.0785853618
pipe,9,9,42.294366853716,Nesogale talazaci,Nesogale_talazaci,MAMMALIA,1,220,57003.8165938378
pipe,9,9,42.294366853716,Nesomys audeberti,Nesomys_audeberti,MAMMALIA,1,92,3691.23238238634
pipe,9,9,42.294366853716,Nesomys lambertoni,Nesomys_lambertoni,MAMMALIA,0.99989321444276,22,823.022525657211
pipe,9,9,42.294366853716,Nesomys rufus,Nesomys_rufus,MAMMALIA,1,187,41688.8920600297
pipe,9,9,42.294366853716,Newtonia amphichroa,Newtonia_amphichroa,AVES,1,19,39095.7083052905
pipe,9,9,42.294366853716,Newtonia archboldi,Newtonia_archboldi,AVES,0.999975058341065,8,1576.37108393793
pipe,9,9,42.294366853716,Newtonia brunneicauda,Newtonia_brunneicauda,AVES,1,81,94132.5199021096
pipe,9,9,42.294366853716,Newtonia fanovanae,Newtonia_fanovanae,AVES,0.353055283448799,2,98.220702482002
pipe,9,9,42.294366853716,Oriolia bernieri,Oriolia_bernieri,AVES,0.999999949637164,14,12396.1951413586
pipe,9,9,42.294366853716,Oryzorictes hova,Oryzorictes_hova,MAMMALIA,1,230,55563.3721384358
pipe,9,9,42.294366853716,Oryzorictes tetradactylus,Oryzorictes_tetradactylus,MAMMALIA,0.99999999996508,99,7026.09410645473
pipe,9,9,42.294366853716,Otus rutilus,Otus_rutilus,AVES,0.999999654883798,5,90148.8116087215
pipe,9,9,42.294366853716,Oxylabes madagascariensis,Oxylabes_madagascariensis,AVES,1,21,47463.988160401
pipe,9,9,42.294366853716,Phaner electromontis,Phaner_electromontis,MAMMALIA,6.41384153565738e-08,1,17.2483306993491
pipe,9,9,42.294366853716,Phaner furcifer,Phaner_furcifer,MAMMALIA,0.887904764954684,32,658.685212673607
pipe,9,9,42.294366853716,Phaner pallescens,Phaner_pallescens,MAMMALIA,0.999999999519788,37,2556.91616310043
pipe,9,9,42.294366853716,Phaner parienti,Phaner_parienti,MAMMALIA,0.00280017666108179,1,24.4501852478606
pipe,9,9,42.294366853716,Philepitta castanea,Philepitta_castanea,AVES,0.990738789405001,7,35584.9624772338
pipe,9,9,42.294366853716,Philepitta schlegeli,Philepitta_schlegeli,AVES,0.996746322282331,15,3760.15899396833
pipe,9,9,42.294366853716,Ploceus nelicourvi,Ploceus_nelicourvi,AVES,0.999999999848557,14,54425.6583116728
pipe,9,9,42.294366853716,Ploceus sakalava,Ploceus_sakalava,AVES,0.999999999614687,53,23854.8162204271
pipe,9,9,42.294366853716,Polyboroides radiatus,Polyboroides_radiatus,AVES,0.997793449738603,1,84765.517198638
pipe,9,9,42.294366853716,Pseudobias wardi,Pseudobias_wardi,AVES,1,22,38146.3166068183
pipe,9,9,42.294366853716,Pterocles personatus,Pterocles_personatus,AVES,0.940118142771648,4,6876.15796477548
pipe,9,9,42.294366853716,Rallus madagascariensis,Rallus_madagascariensis,AVES,0.999998543972119,5,13545.7083987838
pipe,9,9,42.294366853716,Randia pseudozosterops,Randia_pseudozosterops,AVES,0.999999989746102,21,40209.2549680509
pipe,9,9,42.294366853716,Sarothrura insularis,Sarothrura_insularis,AVES,0.999986895984625,10,63212.8681478798
pipe,9,9,42.294366853716,Schetba rufa,Schetba_rufa,AVES,1,27,24381.8471919905
pipe,9,9,42.294366853716,Setifer setosus,Setifer_setosus,MAMMALIA,1,268,92121.7437565271
pipe,9,9,42.294366853716,Tenrec ecaudatus,Tenrec_ecaudatus,MAMMALIA,1,169,92377.2542023814
pipe,9,9,42.294366853716,Thamnornis chloropetoides,Thamnornis_chloropetoides,AVES,0.999997788583013,6,2690.72960365258
pipe,9,9,42.294366853716,Treron australis,Treron_australis,AVES,0.995469977649656,2,84204.6830230268
pipe,9,9,42.294366853716,Turnix nigricollis,Turnix_nigricollis,AVES,0.999982675494018,8,90454.8205641298
pipe,9,9,42.294366853716,Tylas eduardi,Tylas_eduardi,AVES,0.99999999982272,9,53037.3023875284
pipe,9,9,42.294366853716,Vanga curvirostris,Vanga_curvirostris,AVES,0.999996727292328,9,95742.5847329868
pipe,9,9,42.294366853716,Varecia rubra,Varecia_rubra,MAMMALIA,1,93,61620.9355913484
pipe,9,9,42.294366853716,Varecia variegata,Varecia_variegata,MAMMALIA,1,71,61268.7873040522
pipe,9,9,42.294366853716,Xanthomixis apperti,Xanthomixis_apperti,AVES,0.441311211243701,1,68.4073900828693
pipe,9,9,42.294366853716,Xanthomixis cinereiceps,Xanthomixis_cinereiceps,AVES,1,22,15847.2883727788
pipe,9,9,42.294366853716,Xanthomixis zosterops,Xanthomixis_zosterops,AVES,0.999999999999127,30,54636.1445582948
pipe,9,9,42.294366853716,Xenopirostris damii,Xenopirostris_damii,AVES,0.00179910755944268,1,93.5023436630614
pipe,9,9,42.294366853716,Xenopirostris polleni,Xenopirostris_polleni,AVES,0.999999950320795,8,15686.1743078407
pipe,9,9,42.294366853716,Xenopirostris xenopirostris,Xenopirostris_xenopirostris,AVES,0.965058075374104,1,1102.55740261015
pipe,10,10,46.984731857885,Accipiter henstii,Accipiter_henstii,AVES,0.75555545418093,1,77096.8418844097
pipe,10,10,46.984731857885,Accipiter madagascariensis,Accipiter_madagascariensis,AVES,0.910241190613854,1,80791.8514091174
pipe,10,10,46.984731857885,Acrocephalus newtoni,Acrocephalus_newtoni,AVES,1,58,82636.5711278914
pipe,10,10,46.984731857885,Alectroenas madagascariensis,Alectroenas_madagascariensis,AVES,0.99818733613993,5,58150.1192903639
pipe,10,10,46.984731857885,Allocebus trichotis,Allocebus_trichotis,MAMMALIA,0.0078347349602923,3,72.1001097191941
pipe,10,10,46.984731857885,Anas bernieri,Anas_bernieri,AVES,0,0,0
pipe,10,10,46.984731857885,Apus balstoni,Apus_balstoni,AVES,0.999999999999961,13,77490.2407200673
pipe,10,10,46.984731857885,Artamella viridis,Artamella_viridis,AVES,1,19,82014.4511248442
pipe,10,10,46.984731857885,Asio madagascariensis,Asio_madagascariensis,AVES,0.869925592018562,3,64456.5811600342
pipe,10,10,46.984731857885,Atelornis crossleyi,Atelornis_crossleyi,AVES,0.999998331516533,6,11143.5433392492
pipe,10,10,46.984731857885,Atelornis pittoides,Atelornis_pittoides,AVES,0.999923231153688,4,39640.3351641522
pipe,10,10,46.984731857885,Athene superciliaris,Athene_superciliaris,AVES,0.999992873653327,3,50491.4806858267
pipe,10,10,46.984731857885,Avahi laniger,Avahi_laniger,MAMMALIA,1,122,32057.6290963071
pipe,10,10,46.984731857885,Avahi occidentalis,Avahi_occidentalis,MAMMALIA,0.996177513146535,3,617.947951280703
pipe,10,10,46.984731857885,Aviceda madagascariensis,Aviceda_madagascariensis,AVES,0.96600540359962,1,77605.5979250458
pipe,10,10,46.984731857885,Bernieria madagascariensis,Bernieria_madagascariensis,AVES,1,37,76066.6882289266
pipe,10,10,46.984731857885,Brachypteracias leptosomus,Brachypteracias_leptosomus,AVES,0.999745520679553,2,35021.7826498007
pipe,10,10,46.984731857885,Brachytarsomys albicauda,Brachytarsomys_albicauda,MAMMALIA,0.999999986113626,39,1656.93034673279
pipe,10,10,46.984731857885,Brachyuromys betsileoensis,Brachyuromys_betsileoensis,MAMMALIA,1,63,11372.3942622707
pipe,10,10,46.984731857885,Brachyuromys ramirohitra,Brachyuromys_ramirohitra,MAMMALIA,0.655414845690046,2,90.5857082152948
pipe,10,10,46.984731857885,Bradypterus brunneus,Bradypterus_brunneus,AVES,1,39,11524.3102751288
pipe,10,10,46.984731857885,Bradypterus seebohmi,Bradypterus_seebohmi,AVES,0.452718233996164,1,71.7493427546058
pipe,10,10,46.984731857885,Buteo brachypterus,Buteo_brachypterus,AVES,0.838214073208498,1,89276.2616951087
pipe,10,10,46.984731857885,Calicalicus madagascariensis,Calicalicus_madagascariensis,AVES,1,63,76449.7057459852
pipe,10,10,46.984731857885,Cheirogaleus crossleyi,Cheirogaleus_crossleyi,MAMMALIA,1,79,5175.89487869282
pipe,10,10,46.984731857885,Cheirogaleus major,Cheirogaleus_major,MAMMALIA,1,194,59029.5550897379
pipe,10,10,46.984731857885,Cheirogaleus medius,Cheirogaleus_medius,MAMMALIA,1,486,32048.889988499
pipe,10,10,46.984731857885,Cinnyris notatus,Cinnyris_notatus,AVES,1,68,80519.7868444505
pipe,10,10,46.984731857885,Copsychus albospecularis,Copsychus_albospecularis,AVES,0.999978005779983,13,48677.3782165134
pipe,10,10,46.984731857885,Coracopsis nigra,Coracopsis_nigra,AVES,0.994535813934248,3,85020.7464490281
pipe,10,10,46.984731857885,Corythornis madagascariensis,Corythornis_madagascariensis,AVES,0.890981904291628,10,76271.3591897
pipe,10,10,46.984731857885,Coua caerulea,Coua_caerulea,AVES,0.999907450913316,5,40119.8182977228
pipe,10,10,46.984731857885,Coua coquereli,Coua_coquereli,AVES,0.99991045501523,4,17380.8515058859
pipe,10,10,46.984731857885,Coua cristata,Coua_cristata,AVES,0.999997484832797,6,67565.048598193
pipe,10,10,46.984731857885,Coua cursor,Coua_cursor,AVES,0.998948515998149,1,9416.80243886539
pipe,10,10,46.984731857885,Coua gigas,Coua_gigas,AVES,0.999662581177789,1,19631.1904263249
pipe,10,10,46.984731857885,Coua reynaudii,Coua_reynaudii,AVES,0.999823323856152,4,34738.7884278989
pipe,10,10,46.984731857885,Coua ruficeps,Coua_ruficeps,AVES,0.959346120072291,3,1326.55515300157
pipe,10,10,46.984731857885,Coua serriana,Coua_serriana,AVES,0.99056920831336,1,29784.5071972575
pipe,10,10,46.984731857885,Crossleyia xanthophrys,Crossleyia_xanthophrys,AVES,0.999999999999999,38,3788.5613596012
pipe,10,10,46.984731857885,Cryptoprocta ferox,Cryptoprocta_ferox,MAMMALIA,0.0704722846506246,2,26796.670758898
pipe,10,10,46.984731857885,Cryptosylvicola randrianasoloi,Cryptosylvicola_randrianasoloi,AVES,1,32,5486.86963308236
pipe,10,10,46.984731857885,Cyanolanius madagascarinus,Cyanolanius_madagascarinus,AVES,1,43,80195.0797773148
pipe,10,10,46.984731857885,Daubentonia madagascariensis,Daubentonia_madagascariensis,MAMMALIA,1,92,28140.3402076762
pipe,10,10,46.984731857885,Echinops telfairi,Echinops_telfairi,MAMMALIA,1,288,31106.914300689
pipe,10,10,46.984731857885,Eliurus antsingy,Eliurus_antsingy,MAMMALIA,0.0133737178280204,5,66.3291121204592
pipe,10,10,46.984731857885,Eliurus grandidieri,Eliurus_grandidieri,MAMMALIA,0.999640446063556,24,901.520020315635
pipe,10,10,46.984731857885,Eliurus majori,Eliurus_majori,MAMMALIA,1,130,38905.4554913517
pipe,10,10,46.984731857885,Eliurus minor,Eliurus_minor,MAMMALIA,1,459,64427.2084960296
pipe,10,10,46.984731857885,Eliurus myoxinus,Eliurus_myoxinus,MAMMALIA,1,476,59354.1950926369
pipe,10,10,46.984731857885,Eliurus tanala,Eliurus_tanala,MAMMALIA,1,194,41190.9936394894
pipe,10,10,46.984731857885,Eliurus webbi,Eliurus_webbi,MAMMALIA,1,209,54692.2623469904
pipe,10,10,46.984731857885,Eremopterix hova,Eremopterix_hova,AVES,0.999989299243866,21,2808.20558862881
pipe,10,10,46.984731857885,Eulemur albifrons,Eulemur_albifrons,MAMMALIA,1,64,17053.4724625455
pipe,10,10,46.984731857885,Eulemur cinereiceps,Eulemur_cinereiceps,MAMMALIA,1,238,75362.0088184025
pipe,10,10,46.984731857885,Eulemur collaris,Eulemur_collaris,MAMMALIA,1,207,75038.3178282629
pipe,10,10,46.984731857885,Eulemur coronatus,Eulemur_coronatus,MAMMALIA,1,217,21604.411172947
pipe,10,10,46.984731857885,Eulemur flavifrons,Eulemur_flavifrons,MAMMALIA,0.000213248908682684,1,25.074716512655
pipe,10,10,46.984731857885,Eulemur fulvus,Eulemur_fulvus,MAMMALIA,1,213,75442.3338010039
pipe,10,10,46.984731857885,Eulemur macaco,Eulemur_macaco,MAMMALIA,1,78,32273.8664026449
pipe,10,10,46.984731857885,Eulemur mongoz,Eulemur_mongoz,MAMMALIA,0.999999351381777,18,1598.77993451487
pipe,10,10,46.984731857885,Eulemur rubriventer,Eulemur_rubriventer,MAMMALIA,1,240,65602.2742249585
pipe,10,10,46.984731857885,Eulemur rufus,Eulemur_rufus,MAMMALIA,1,205,32468.2873076566
pipe,10,10,46.984731857885,Eulemur sanfordi,Eulemur_sanfordi,MAMMALIA,1,251,75478.5460461347
pipe,10,10,46.984731857885,Euryceros prevostii,Euryceros_prevostii,AVES,0.998879094619477,3,2803.36538461873
pipe,10,10,46.984731857885,Falco zoniventris,Falco_zoniventris,AVES,0.910124756671185,1,54724.4028351274
pipe,10,10,46.984731857885,Falculea palliata,Falculea_palliata,AVES,0.999999999863354,16,16001.5556748232
pipe,10,10,46.984731857885,Fossa fossana,Fossa_fossana,MAMMALIA,0.97847274160129,2,48594.0546410592
pipe,10,10,46.984731857885,Foudia madagascariensis,Foudia_madagascariensis,AVES,0.999999999999993,66,92734.453697607
pipe,10,10,46.984731857885,Foudia omissa,Foudia_omissa,AVES,0.999999999966831,24,45042.8568272175
pipe,10,10,46.984731857885,Gactornis enarratus,Gactornis_enarratus,AVES,0.999998856849539,5,45081.8766377672
pipe,10,10,46.984731857885,Galidia elegans,Galidia_elegans,MAMMALIA,0.968211935532166,5,46860.1385456136
pipe,10,10,46.984731857885,Galidictis fasciata,Galidictis_fasciata,MAMMALIA,0,3,4247.07070700451
pipe,10,10,46.984731857885,Geobiastes squamiger,Geobiastes_squamiger,AVES,0.999252179781419,5,10333.9322147616
pipe,10,10,46.984731857885,Geogale aurita,Geogale_aurita,MAMMALIA,1,337,21282.6805947909
pipe,10,10,46.984731857885,Gymnuromys roberti,Gymnuromys_roberti,MAMMALIA,1,82,24407.904748723
pipe,10,10,46.984731857885,Haliaeetus vociferoides,Haliaeetus_vociferoides,AVES,0.0115773783592114,1,5133.49426771156
pipe,10,10,46.984731857885,Hapalemur alaotrensis,Hapalemur_alaotrensis,MAMMALIA,1,50,3426.76809497623
pipe,10,10,46.984731857885,Hapalemur aureus,Hapalemur_aureus,MAMMALIA,0.99999995193295,17,1521.9519091168
pipe,10,10,46.984731857885,Hapalemur griseus,Hapalemur_griseus,MAMMALIA,1,238,74599.2751800023
pipe,10,10,46.984731857885,Hapalemur occidentalis,Hapalemur_occidentalis,MAMMALIA,0.999864166360028,18,748.219802883358
pipe,10,10,46.984731857885,Hartertula flavoviridis,Hartertula_flavoviridis,AVES,1,40,7528.45579873792
pipe,10,10,46.984731857885,Hartlaubius auratus,Hartlaubius_auratus,AVES,0.999999999983739,25,76928.5816096037
pipe,10,10,46.984731857885,Hemicentetes nigriceps,Hemicentetes_nigriceps,MAMMALIA,0.999717192656545,25,1624.54813984489
pipe,10,10,46.984731857885,Hemicentetes semispinosus,Hemicentetes_semispinosus,MAMMALIA,1,146,61209.0886544059
pipe,10,10,46.984731857885,Hypogeomys antimena,Hypogeomys_antimena,MAMMALIA,0.133821965614829,4,93.1612903583482
pipe,10,10,46.984731857885,Hypositta corallirostris,Hypositta_corallirostris,AVES,0.999999967388389,17,53636.6396168206
pipe,10,10,46.984731857885,Indri indri,Indri_indri,MAMMALIA,0.999999999995485,21,55890.3528301449
pipe,10,10,46.984731857885,Lemur catta,Lemur_catta,MAMMALIA,1,139,13125.6683362982
pipe,10,10,46.984731857885,Lepidopygia nana,Lepidopygia_nana,AVES,0.999998767076827,112,94418.3124549734
pipe,10,10,46.984731857885,Lepilemur ankaranensis,Lepilemur_ankaranensis,MAMMALIA,0.942459903341432,9,316.5934792843
pipe,10,10,46.984731857885,Lepilemur edwardsi,Lepilemur_edwardsi,MAMMALIA,1,58,6008.16467943274
pipe,10,10,46.984731857885,Lepilemur leucopus,Lepilemur_leucopus,MAMMALIA,1,53,8107.08062527814
pipe,10,10,46.984731857885,Lepilemur microdon,Lepilemur_microdon,MAMMALIA,0.999999999238857,31,3577.28437955098
pipe,10,10,46.984731857885,Lepilemur mustelinus,Lepilemur_mustelinus,MAMMALIA,1,239,65040.9815476791
pipe,10,10,46.984731857885,Lepilemur ruficaudatus,Lepilemur_ruficaudatus,MAMMALIA,1,120,8452.25884902567
pipe,10,10,46.984731857885,Leptopterus chabert,Leptopterus_chabert,AVES,1,46,89695.934520306
pipe,10,10,46.984731857885,Lophotibis cristata,Lophotibis_cristata,AVES,0.999809811740625,2,75396.3529380482
pipe,10,10,46.984731857885,Macrotarsomys bastardi,Macrotarsomys_bastardi,MAMMALIA,0.999999999999999,95,4308.24016341517
pipe,10,10,46.984731857885,Margaroperdix madagarensis,Margaroperdix_madagarensis,AVES,0.999998764520475,5,70980.8862865109
pipe,10,10,46.984731857885,Mentocrex kioloides,Mentocrex_kioloides,AVES,0.99744704888953,2,31044.6286944342
pipe,10,10,46.984731857885,Mesitornis unicolor,Mesitornis_unicolor,AVES,0,1,89.8278131379881
pipe,10,10,46.984731857885,Mesitornis variegatus,Mesitornis_variegatus,AVES,0.998683212820021,5,2740.72888936833
pipe,10,10,46.984731857885,Microcebus berthae,Microcebus_berthae,MAMMALIA,1.52725564417366e-08,2,16.7952443947329
pipe,10,10,46.984731857885,Microcebus griseorufus,Microcebus_griseorufus,MAMMALIA,0.995766326563,11,460.42228269476
pipe,10,10,46.984731857885,Microcebus murinus,Microcebus_murinus,MAMMALIA,1,652,58540.5713528292
pipe,10,10,46.984731857885,Microcebus myoxinus,Microcebus_myoxinus,MAMMALIA,0.999999911124906,51,812.726627956026
pipe,10,10,46.984731857885,Microcebus ravelobensis,Microcebus_ravelobensis,MAMMALIA,0.778620368188717,11,230.272453169512
pipe,10,10,46.984731857885,Microcebus rufus,Microcebus_rufus,MAMMALIA,1,320,60140.6728784856
pipe,10,10,46.984731857885,Microcebus tavaratra,Microcebus_tavaratra,MAMMALIA,0.993485781713749,27,635.834888984556
pipe,10,10,46.984731857885,Microgale brevicaudata,Microgale_brevicaudata,MAMMALIA,1,378,23414.2544410157
pipe,10,10,46.984731857885,Microgale cowani,Microgale_cowani,MAMMALIA,1,221,49997.7074864785
pipe,10,10,46.984731857885,Microgale drouhardi,Microgale_drouhardi,MAMMALIA,1,165,24436.9387741864
pipe,10,10,46.984731857885,Microgale dryas,Microgale_dryas,MAMMALIA,0.897201397748361,45,1293.30665845933
pipe,10,10,46.984731857885,Microgale fotsifotsy,Microgale_fotsifotsy,MAMMALIA,1,176,27799.9644363424
pipe,10,10,46.984731857885,Microgale gracilis,Microgale_gracilis,MAMMALIA,0.999999999967306,94,8320.27275846883
pipe,10,10,46.984731857885,Microgale gymnorhyncha,Microgale_gymnorhyncha,MAMMALIA,1,70,17178.4703060859
pipe,10,10,46.984731857885,Microgale longicaudata,Microgale_longicaudata,MAMMALIA,1,362,55233.3480389225
pipe,10,10,46.984731857885,Microgale mergulus,Microgale_mergulus,MAMMALIA,0.999999999892703,64,4378.01809998814
pipe,10,10,46.984731857885,Microgale parvula,Microgale_parvula,MAMMALIA,1,380,56221.1975027013
pipe,10,10,46.984731857885,Microgale principula,Microgale_principula,MAMMALIA,1,246,46418.9419717086
pipe,10,10,46.984731857885,Microgale pusilla,Microgale_pusilla,MAMMALIA,0.999999998544366,177,15703.2266934652
pipe,10,10,46.984731857885,Microgale soricoides,Microgale_soricoides,MAMMALIA,1,71,24714.6599325972
pipe,10,10,46.984731857885,Microgale taiva,Microgale_taiva,MAMMALIA,1,146,38112.8357179474
pipe,10,10,46.984731857885,Microgale thomasi,Microgale_thomasi,MAMMALIA,1,78,22887.3090644965
pipe,10,10,46.984731857885,Mirza coquereli,Mirza_coquereli,MAMMALIA,0.999914222329768,29,1749.26070810568
pipe,10,10,46.984731857885,Monias benschi,Monias_benschi,AVES,0,1,78.2215661596996
pipe,10,10,46.984731857885,Monticola erythronotus,Monticola_erythronotus,AVES,0.505764981643122,1,97.497303661992
pipe,10,10,46.984731857885,Monticola sharpei,Monticola_sharpei,AVES,1,41,69391.2408396952
pipe,10,10,46.984731857885,Monticolomys koopmani,Monticolomys_koopmani,MAMMALIA,0.132627247638879,5,98.0466375863042
pipe,10,10,46.984731857885,Motacilla flaviventris,Motacilla_flaviventris,AVES,0.999999999999997,36,5236.0774564404
pipe,10,10,46.984731857885,Mystacornis crossleyi,Mystacornis_crossleyi,AVES,0.999999999999958,13,42388.6588953679
pipe,10,10,46.984731857885,Neodrepanis coruscans,Neodrepanis_coruscans,AVES,0.999998274679553,14,27576.3123618572
pipe,10,10,46.984731857885,Neodrepanis hypoxantha,Neodrepanis_hypoxantha,AVES,0.0211788109146442,3,88.4296056242715
pipe,10,10,46.984731857885,Neomixis striatigula,Neomixis_striatigula,AVES,1,40,49823.7735106202
pipe,10,10,46.984731857885,Neomixis tenella,Neomixis_tenella,AVES,1,114,68689.7646286308
pipe,10,10,46.984731857885,Neomixis viridis,Neomixis_viridis,AVES,1,30,46996.897369489
pipe,10,10,46.984731857885,Nesillas lantzii,Nesillas_lantzii,AVES,0.999855103324751,4,2095.42718025718
pipe,10,10,46.984731857885,Nesogale dobsoni,Nesogale_dobsoni,MAMMALIA,1,184,57516.6031416097
pipe,10,10,46.984731857885,Nesogale talazaci,Nesogale_talazaci,MAMMALIA,1,175,55892.6524364897
pipe,10,10,46.984731857885,Nesomys audeberti,Nesomys_audeberti,MAMMALIA,1,79,3593.47082806715
pipe,10,10,46.984731857885,Nesomys lambertoni,Nesomys_lambertoni,MAMMALIA,0.999880769916927,20,793.361805072253
pipe,10,10,46.984731857885,Nesomys rufus,Nesomys_rufus,MAMMALIA,1,147,40927.4874247477
pipe,10,10,46.984731857885,Newtonia amphichroa,Newtonia_amphichroa,AVES,1,17,38702.4644417816
pipe,10,10,46.984731857885,Newtonia archboldi,Newtonia_archboldi,AVES,0.99995906367303,8,1519.9804831068
pipe,10,10,46.984731857885,Newtonia brunneicauda,Newtonia_brunneicauda,AVES,1,83,87740.8295943676
pipe,10,10,46.984731857885,Newtonia fanovanae,Newtonia_fanovanae,AVES,0.353055283448799,2,98.220702482002
pipe,10,10,46.984731857885,Oriolia bernieri,Oriolia_bernieri,AVES,0.999999927186664,14,12036.1359083995
pipe,10,10,46.984731857885,Oryzorictes hova,Oryzorictes_hova,MAMMALIA,1,181,54387.1960111962
pipe,10,10,46.984731857885,Oryzorictes tetradactylus,Oryzorictes_tetradactylus,MAMMALIA,0.999999999945797,89,6758.11419627501
pipe,10,10,46.984731857885,Otus rutilus,Otus_rutilus,AVES,0.999999966035895,5,84153.445159512
pipe,10,10,46.984731857885,Oxylabes madagascariensis,Oxylabes_madagascariensis,AVES,1,27,46895.7184941689
pipe,10,10,46.984731857885,Phaner electromontis,Phaner_electromontis,MAMMALIA,6.41384153565738e-08,1,17.2483306993491
pipe,10,10,46.984731857885,Phaner furcifer,Phaner_furcifer,MAMMALIA,0.887904608381639,32,658.502120397017
pipe,10,10,46.984731857885,Phaner pallescens,Phaner_pallescens,MAMMALIA,0.999999993707065,33,2243.14232671289
pipe,10,10,46.984731857885,Phaner parienti,Phaner_parienti,MAMMALIA,0.00280017666108179,1,24.4501852478606
pipe,10,10,46.984731857885,Philepitta castanea,Philepitta_castanea,AVES,0.990684433710084,7,35341.9600953028
pipe,10,10,46.984731857885,Philepitta schlegeli,Philepitta_schlegeli,AVES,0.996396004125122,13,3658.46840227174
pipe,10,10,46.984731857885,Ploceus nelicourvi,Ploceus_nelicourvi,AVES,0.999999999974745,15,53511.5051890107
pipe,10,10,46.984731857885,Ploceus sakalava,Ploceus_sakalava,AVES,0.999999999984995,55,19650.1459896563
pipe,10,10,46.984731857885,Polyboroides radiatus,Polyboroides_radiatus,AVES,0.997406916820673,1,76937.6464984904
pipe,10,10,46.984731857885,Pseudobias wardi,Pseudobias_wardi,AVES,1,20,37822.1599391406
pipe,10,10,46.984731857885,Pterocles personatus,Pterocles_personatus,AVES,0.940118142771648,4,6876.15796477548
pipe,10,10,46.984731857885,Rallus madagascariensis,Rallus_madagascariensis,AVES,0.999998371573555,5,13373.6226126627
pipe,10,10,46.984731857885,Randia pseudozosterops,Randia_pseudozosterops,AVES,0.999999999999474,20,39531.7133369619
pipe,10,10,46.984731857885,Sarothrura insularis,Sarothrura_insularis,AVES,0.999979142028664,8,61076.4339988957
pipe,10,10,46.984731857885,Schetba rufa,Schetba_rufa,AVES,1,28,23507.5999723834
pipe,10,10,46.984731857885,Setifer setosus,Setifer_setosus,MAMMALIA,1,252,86224.9762631462
pipe,10,10,46.984731857885,Tenrec ecaudatus,Tenrec_ecaudatus,MAMMALIA,1,184,86338.9562132404
pipe,10,10,46.984731857885,Thamnornis chloropetoides,Thamnornis_chloropetoides,AVES,0.999996847201181,5,2575.84469626194
pipe,10,10,46.984731857885,Treron australis,Treron_australis,AVES,0.994909258888429,2,76755.5177401997
pipe,10,10,46.984731857885,Turnix nigricollis,Turnix_nigricollis,AVES,0.999997835510203,8,81617.3778270195
pipe,10,10,46.984731857885,Tylas eduardi,Tylas_eduardi,AVES,0.999999999983294,8,52204.5413984811
pipe,10,10,46.984731857885,Vanga curvirostris,Vanga_curvirostris,AVES,0.999998208380409,13,88112.6421933874
pipe,10,10,46.984731857885,Varecia rubra,Varecia_rubra,MAMMALIA,1,95,60412.0409520178
pipe,10,10,46.984731857885,Varecia variegata,Varecia_variegata,MAMMALIA,1,75,60089.0064869787
pipe,10,10,46.984731857885,Xanthomixis apperti,Xanthomixis_apperti,AVES,0.441311211243701,1,68.4073900828693
pipe,10,10,46.984731857885,Xanthomixis cinereiceps,Xanthomixis_cinereiceps,AVES,1,21,15703.3095817263
pipe,10,10,46.984731857885,Xanthomixis zosterops,Xanthomixis_zosterops,AVES,1,26,53750.0847881904
pipe,10,10,46.984731857885,Xenopirostris damii,Xenopirostris_damii,AVES,0.00179910755944268,1,93.5023436630614
pipe,10,10,46.984731857885,Xenopirostris polleni,Xenopirostris_polleni,AVES,0.999999947399134,8,15450.4184468397
pipe,10,10,46.984731857885,Xenopirostris xenopirostris,Xenopirostris_xenopirostris,AVES,0.965058075374104,1,1102.55740261015
pipe,11,11,51.6772071464547,Accipiter henstii,Accipiter_henstii,AVES,0.74799515611707,1,74175.8651166435
pipe,11,11,51.6772071464547,Accipiter madagascariensis,Accipiter_madagascariensis,AVES,0.902610882032234,1,74419.5393344292
pipe,11,11,51.6772071464547,Acrocephalus newtoni,Acrocephalus_newtoni,AVES,1,57,79104.076730072
pipe,11,11,51.6772071464547,Alectroenas madagascariensis,Alectroenas_madagascariensis,AVES,0.999164744849057,6,56518.8166836855
pipe,11,11,51.6772071464547,Allocebus trichotis,Allocebus_trichotis,MAMMALIA,0.0078347349602923,3,72.1001097191941
pipe,11,11,51.6772071464547,Anas bernieri,Anas_bernieri,AVES,0,0,0
pipe,11,11,51.6772071464547,Apus balstoni,Apus_balstoni,AVES,1,16,74628.7403108037
pipe,11,11,51.6772071464547,Artamella viridis,Artamella_viridis,AVES,1,21,77190.0980675752
pipe,11,11,51.6772071464547,Asio madagascariensis,Asio_madagascariensis,AVES,0.865228611563287,3,61613.8940454012
pipe,11,11,51.6772071464547,Atelornis crossleyi,Atelornis_crossleyi,AVES,0.999998315021171,6,11104.0540850055
pipe,11,11,51.6772071464547,Atelornis pittoides,Atelornis_pittoides,AVES,0.999904435045541,4,38996.8824387269
pipe,11,11,51.6772071464547,Athene superciliaris,Athene_superciliaris,AVES,0.99999051025109,3,44853.0154503292
pipe,11,11,51.6772071464547,Avahi laniger,Avahi_laniger,MAMMALIA,1,109,31477.1091544004
pipe,11,11,51.6772071464547,Avahi occidentalis,Avahi_occidentalis,MAMMALIA,0.996177513146535,3,617.947951280703
pipe,11,11,51.6772071464547,Aviceda madagascariensis,Aviceda_madagascariensis,AVES,0.962347763408015,1,71568.75316613
pipe,11,11,51.6772071464547,Bernieria madagascariensis,Bernieria_madagascariensis,AVES,1,35,73378.4782277953
pipe,11,11,51.6772071464547,Brachypteracias leptosomus,Brachypteracias_leptosomus,AVES,0.999739574932253,2,34583.0475336782
pipe,11,11,51.6772071464547,Brachytarsomys albicauda,Brachytarsomys_albicauda,MAMMALIA,0.999999986037982,39,1656.66040545958
pipe,11,11,51.6772071464547,Brachyuromys betsileoensis,Brachyuromys_betsileoensis,MAMMALIA,1,63,11271.3053519293
pipe,11,11,51.6772071464547,Brachyuromys ramirohitra,Brachyuromys_ramirohitra,MAMMALIA,0.655414845690046,2,90.5857082152948
pipe,11,11,51.6772071464547,Bradypterus brunneus,Bradypterus_brunneus,AVES,1,39,11388.8291227701
pipe,11,11,51.6772071464547,Bradypterus seebohmi,Bradypterus_seebohmi,AVES,0.452718233996164,1,71.7493427546058
pipe,11,11,51.6772071464547,Buteo brachypterus,Buteo_brachypterus,AVES,0.825121860471433,1,81607.3188058642
pipe,11,11,51.6772071464547,Calicalicus madagascariensis,Calicalicus_madagascariensis,AVES,1,60,73789.5040733139
pipe,11,11,51.6772071464547,Cheirogaleus crossleyi,Cheirogaleus_crossleyi,MAMMALIA,1,75,5097.61311316707
pipe,11,11,51.6772071464547,Cheirogaleus major,Cheirogaleus_major,MAMMALIA,1,155,57523.2475045505
pipe,11,11,51.6772071464547,Cheirogaleus medius,Cheirogaleus_medius,MAMMALIA,1,411,26964.6398962965
pipe,11,11,51.6772071464547,Cinnyris notatus,Cinnyris_notatus,AVES,1,64,76558.0472728239
pipe,11,11,51.6772071464547,Copsychus albospecularis,Copsychus_albospecularis,AVES,0.999999950289332,11,47111.7153683229
pipe,11,11,51.6772071464547,Coracopsis nigra,Coracopsis_nigra,AVES,0.994116818547111,2,79406.3469633105
pipe,11,11,51.6772071464547,Corythornis madagascariensis,Corythornis_madagascariensis,AVES,0.921167917872197,12,73806.0783031379
pipe,11,11,51.6772071464547,Coua caerulea,Coua_caerulea,AVES,0.999899994066391,5,39371.5010386761
pipe,11,11,51.6772071464547,Coua coquereli,Coua_coquereli,AVES,0.999999087356844,5,15149.267067019
pipe,11,11,51.6772071464547,Coua cristata,Coua_cristata,AVES,0.999999994026873,6,64048.4929535973
pipe,11,11,51.6772071464547,Coua cursor,Coua_cursor,AVES,0.996972148118013,2,5370.4859749334
pipe,11,11,51.6772071464547,Coua gigas,Coua_gigas,AVES,0.999531138465712,1,16796.4972715434
pipe,11,11,51.6772071464547,Coua reynaudii,Coua_reynaudii,AVES,0.999813094914493,4,34228.0959597908
pipe,11,11,51.6772071464547,Coua ruficeps,Coua_ruficeps,AVES,0.959346120072291,3,1326.55515300157
pipe,11,11,51.6772071464547,Coua serriana,Coua_serriana,AVES,0.990369541773342,1,29292.808384646
pipe,11,11,51.6772071464547,Crossleyia xanthophrys,Crossleyia_xanthophrys,AVES,0.999999999999998,38,3765.74928679233
pipe,11,11,51.6772071464547,Cryptoprocta ferox,Cryptoprocta_ferox,MAMMALIA,0.0704722846506246,2,26796.670758898
pipe,11,11,51.6772071464547,Cryptosylvicola randrianasoloi,Cryptosylvicola_randrianasoloi,AVES,1,30,5441.65187626386
pipe,11,11,51.6772071464547,Cyanolanius madagascarinus,Cyanolanius_madagascarinus,AVES,1,43,76379.6956206393
pipe,11,11,51.6772071464547,Daubentonia madagascariensis,Daubentonia_madagascariensis,MAMMALIA,1,85,27224.3150471729
pipe,11,11,51.6772071464547,Echinops telfairi,Echinops_telfairi,MAMMALIA,1,248,25196.2190154523
pipe,11,11,51.6772071464547,Eliurus antsingy,Eliurus_antsingy,MAMMALIA,0.0133737178280204,4,59.4878232162461
pipe,11,11,51.6772071464547,Eliurus grandidieri,Eliurus_grandidieri,MAMMALIA,0.999639968010997,24,901.430484672965
pipe,11,11,51.6772071464547,Eliurus majori,Eliurus_majori,MAMMALIA,1,107,37919.576001946
pipe,11,11,51.6772071464547,Eliurus minor,Eliurus_minor,MAMMALIA,1,368,62907.1584003023
pipe,11,11,51.6772071464547,Eliurus myoxinus,Eliurus_myoxinus,MAMMALIA,1,396,53992.6934691471
pipe,11,11,51.6772071464547,Eliurus tanala,Eliurus_tanala,MAMMALIA,1,162,40087.400515762
pipe,11,11,51.6772071464547,Eliurus webbi,Eliurus_webbi,MAMMALIA,1,167,53652.678116938
pipe,11,11,51.6772071464547,Eremopterix hova,Eremopterix_hova,AVES,0.99997318355737,20,2621.57816138475
pipe,11,11,51.6772071464547,Eulemur albifrons,Eulemur_albifrons,MAMMALIA,1,56,16702.5942728853
pipe,11,11,51.6772071464547,Eulemur cinereiceps,Eulemur_cinereiceps,MAMMALIA,1,201,71906.51677997
pipe,11,11,51.6772071464547,Eulemur collaris,Eulemur_collaris,MAMMALIA,1,185,71714.1912997716
pipe,11,11,51.6772071464547,Eulemur coronatus,Eulemur_coronatus,MAMMALIA,1,197,20808.7332296405
pipe,11,11,51.6772071464547,Eulemur flavifrons,Eulemur_flavifrons,MAMMALIA,0.000213248908682684,1,25.074716512655
pipe,11,11,51.6772071464547,Eulemur fulvus,Eulemur_fulvus,MAMMALIA,1,187,71955.979632919
pipe,11,11,51.6772071464547,Eulemur macaco,Eulemur_macaco,MAMMALIA,1,67,31440.8122455142
pipe,11,11,51.6772071464547,Eulemur mongoz,Eulemur_mongoz,MAMMALIA,0.999999004991649,18,1558.30265450556
pipe,11,11,51.6772071464547,Eulemur rubriventer,Eulemur_rubriventer,MAMMALIA,1,189,63502.1471315333
pipe,11,11,51.6772071464547,Eulemur rufus,Eulemur_rufus,MAMMALIA,1,166,29740.8358723135
pipe,11,11,51.6772071464547,Eulemur sanfordi,Eulemur_sanfordi,MAMMALIA,1,212,71983.7974011808
pipe,11,11,51.6772071464547,Euryceros prevostii,Euryceros_prevostii,AVES,0.998826452680277,3,2790.40519203128
pipe,11,11,51.6772071464547,Falco zoniventris,Falco_zoniventris,AVES,0.900672360814769,1,49458.1781884207
pipe,11,11,51.6772071464547,Falculea palliata,Falculea_palliata,AVES,0.99999999991968,17,12808.6991731515
pipe,11,11,51.6772071464547,Fossa fossana,Fossa_fossana,MAMMALIA,0.978256531662378,2,48482.5009105625
pipe,11,11,51.6772071464547,Foudia madagascariensis,Foudia_madagascariensis,AVES,0.999999999999998,63,84928.1935652584
pipe,11,11,51.6772071464547,Foudia omissa,Foudia_omissa,AVES,0.99999999994858,25,44378.8428783672
pipe,11,11,51.6772071464547,Gactornis enarratus,Gactornis_enarratus,AVES,0.999998787617432,5,44473.6271074001
pipe,11,11,51.6772071464547,Galidia elegans,Galidia_elegans,MAMMALIA,0.967707133164677,5,46656.5199292843
pipe,11,11,51.6772071464547,Galidictis fasciata,Galidictis_fasciata,MAMMALIA,0,3,4247.07070700451
pipe,11,11,51.6772071464547,Geobiastes squamiger,Geobiastes_squamiger,AVES,0.999179316585946,5,10159.1618101466
pipe,11,11,51.6772071464547,Geogale aurita,Geogale_aurita,MAMMALIA,1,286,18095.749148667
pipe,11,11,51.6772071464547,Gymnuromys roberti,Gymnuromys_roberti,MAMMALIA,1,72,24099.8146311706
pipe,11,11,51.6772071464547,Haliaeetus vociferoides,Haliaeetus_vociferoides,AVES,0.0115773783592114,1,5133.49426771156
pipe,11,11,51.6772071464547,Hapalemur alaotrensis,Hapalemur_alaotrensis,MAMMALIA,0.999999999999999,42,3187.62127577975
pipe,11,11,51.6772071464547,Hapalemur aureus,Hapalemur_aureus,MAMMALIA,0.999999951389243,16,1513.43266623406
pipe,11,11,51.6772071464547,Hapalemur griseus,Hapalemur_griseus,MAMMALIA,1,191,72003.8709655354
pipe,11,11,51.6772071464547,Hapalemur occidentalis,Hapalemur_occidentalis,MAMMALIA,0.999855228415505,18,744.45415028689
pipe,11,11,51.6772071464547,Hartertula flavoviridis,Hartertula_flavoviridis,AVES,1,41,7496.93638903524
pipe,11,11,51.6772071464547,Hartlaubius auratus,Hartlaubius_auratus,AVES,0.99999999999742,23,74139.0236225413
pipe,11,11,51.6772071464547,Hemicentetes nigriceps,Hemicentetes_nigriceps,MAMMALIA,0.999669796001954,25,1600.36435605074
pipe,11,11,51.6772071464547,Hemicentetes semispinosus,Hemicentetes_semispinosus,MAMMALIA,1,121,59844.991289011
pipe,11,11,51.6772071464547,Hypogeomys antimena,Hypogeomys_antimena,MAMMALIA,0.133821965614829,4,93.1612903583482
pipe,11,11,51.6772071464547,Hypositta corallirostris,Hypositta_corallirostris,AVES,0.999999954375489,20,52740.3134880397
pipe,11,11,51.6772071464547,Indri indri,Indri_indri,MAMMALIA,0.999999999999245,21,54773.2633656905
pipe,11,11,51.6772071464547,Lemur catta,Lemur_catta,MAMMALIA,1,122,10804.8733915229
pipe,11,11,51.6772071464547,Lepidopygia nana,Lepidopygia_nana,AVES,0.999998448738539,106,88309.11856216
pipe,11,11,51.6772071464547,Lepilemur ankaranensis,Lepilemur_ankaranensis,MAMMALIA,0.942459903341432,9,316.5934792843
pipe,11,11,51.6772071464547,Lepilemur edwardsi,Lepilemur_edwardsi,MAMMALIA,1,51,5449.64284269971
pipe,11,11,51.6772071464547,Lepilemur leucopus,Lepilemur_leucopus,MAMMALIA,1,45,4884.30780170229
pipe,11,11,51.6772071464547,Lepilemur microdon,Lepilemur_microdon,MAMMALIA,0.999999999044492,30,3482.0956089341
pipe,11,11,51.6772071464547,Lepilemur mustelinus,Lepilemur_mustelinus,MAMMALIA,1,201,60340.6071656976
pipe,11,11,51.6772071464547,Lepilemur ruficaudatus,Lepilemur_ruficaudatus,MAMMALIA,1,103,6997.1170811251
pipe,11,11,51.6772071464547,Leptopterus chabert,Leptopterus_chabert,AVES,1,45,82689.8734938227
pipe,11,11,51.6772071464547,Lophotibis cristata,Lophotibis_cristata,AVES,0.999794756975482,2,72882.4607324695
pipe,11,11,51.6772071464547,Macrotarsomys bastardi,Macrotarsomys_bastardi,MAMMALIA,0.999999999999983,84,3466.58658635502
pipe,11,11,51.6772071464547,Margaroperdix madagarensis,Margaroperdix_madagarensis,AVES,0.999999735787142,6,65988.4833612091
pipe,11,11,51.6772071464547,Mentocrex kioloides,Mentocrex_kioloides,AVES,0.997422970473101,2,30848.2055255128
pipe,11,11,51.6772071464547,Mesitornis unicolor,Mesitornis_unicolor,AVES,0,1,89.8278131379881
pipe,11,11,51.6772071464547,Mesitornis variegatus,Mesitornis_variegatus,AVES,0.99860862317718,5,2720.43935337696
pipe,11,11,51.6772071464547,Microcebus berthae,Microcebus_berthae,MAMMALIA,1.52725564417366e-08,2,16.7952443947329
pipe,11,11,51.6772071464547,Microcebus griseorufus,Microcebus_griseorufus,MAMMALIA,0.995763539856305,11,459.298684679831
pipe,11,11,51.6772071464547,Microcebus murinus,Microcebus_murinus,MAMMALIA,1,558,52168.0584760089
pipe,11,11,51.6772071464547,Microcebus myoxinus,Microcebus_myoxinus,MAMMALIA,0.999999911124906,48,808.447384207392
pipe,11,11,51.6772071464547,Microcebus ravelobensis,Microcebus_ravelobensis,MAMMALIA,0.778620368188717,11,230.272453169512
pipe,11,11,51.6772071464547,Microcebus rufus,Microcebus_rufus,MAMMALIA,1,252,57344.205244873
pipe,11,11,51.6772071464547,Microcebus tavaratra,Microcebus_tavaratra,MAMMALIA,0.993485781713749,26,626.948219473148
pipe,11,11,51.6772071464547,Microgale brevicaudata,Microgale_brevicaudata,MAMMALIA,1,327,22142.0485517269
pipe,11,11,51.6772071464547,Microgale cowani,Microgale_cowani,MAMMALIA,1,170,47997.0219784615
pipe,11,11,51.6772071464547,Microgale drouhardi,Microgale_drouhardi,MAMMALIA,1,137,23821.6047663765
pipe,11,11,51.6772071464547,Microgale dryas,Microgale_dryas,MAMMALIA,0.897201397748361,45,1293.30665845933
pipe,11,11,51.6772071464547,Microgale fotsifotsy,Microgale_fotsifotsy,MAMMALIA,1,149,27031.1699218368
pipe,11,11,51.6772071464547,Microgale gracilis,Microgale_gracilis,MAMMALIA,0.999999999966239,85,8110.68115501404
pipe,11,11,51.6772071464547,Microgale gymnorhyncha,Microgale_gymnorhyncha,MAMMALIA,1,62,16765.192843361
pipe,11,11,51.6772071464547,Microgale longicaudata,Microgale_longicaudata,MAMMALIA,1,289,53686.100606771
pipe,11,11,51.6772071464547,Microgale mergulus,Microgale_mergulus,MAMMALIA,0.999999999872023,59,4202.84625555419
pipe,11,11,51.6772071464547,Microgale parvula,Microgale_parvula,MAMMALIA,1,312,55043.2738067298
pipe,11,11,51.6772071464547,Microgale principula,Microgale_principula,MAMMALIA,1,195,45504.9036402166
pipe,11,11,51.6772071464547,Microgale pusilla,Microgale_pusilla,MAMMALIA,0.999999998068304,179,15296.0600078846
pipe,11,11,51.6772071464547,Microgale soricoides,Microgale_soricoides,MAMMALIA,1,65,24314.7254994656
pipe,11,11,51.6772071464547,Microgale taiva,Microgale_taiva,MAMMALIA,1,122,37711.0831254728
pipe,11,11,51.6772071464547,Microgale thomasi,Microgale_thomasi,MAMMALIA,1,73,22511.4521410676
pipe,11,11,51.6772071464547,Mirza coquereli,Mirza_coquereli,MAMMALIA,0.999885359257899,22,1477.22540554064
pipe,11,11,51.6772071464547,Monias benschi,Monias_benschi,AVES,0,1,78.2215661596996
pipe,11,11,51.6772071464547,Monticola erythronotus,Monticola_erythronotus,AVES,0.505764981643122,1,97.497303661992
pipe,11,11,51.6772071464547,Monticola sharpei,Monticola_sharpei,AVES,1,39,63978.0476725935
pipe,11,11,51.6772071464547,Monticolomys koopmani,Monticolomys_koopmani,MAMMALIA,0.132627247638879,5,98.0466375863042
pipe,11,11,51.6772071464547,Motacilla flaviventris,Motacilla_flaviventris,AVES,0.999999999992846,31,4318.69489868934
pipe,11,11,51.6772071464547,Mystacornis crossleyi,Mystacornis_crossleyi,AVES,0.99999999999995,11,41867.1613940709
pipe,11,11,51.6772071464547,Neodrepanis coruscans,Neodrepanis_coruscans,AVES,0.999998881178031,13,27423.655263797
pipe,11,11,51.6772071464547,Neodrepanis hypoxantha,Neodrepanis_hypoxantha,AVES,0.0211788109146442,3,88.4296056242715
pipe,11,11,51.6772071464547,Neomixis striatigula,Neomixis_striatigula,AVES,1,38,48851.3651581905
pipe,11,11,51.6772071464547,Neomixis tenella,Neomixis_tenella,AVES,1,106,63549.348219529
pipe,11,11,51.6772071464547,Neomixis viridis,Neomixis_viridis,AVES,0.999999999999998,29,46355.7909575298
pipe,11,11,51.6772071464547,Nesillas lantzii,Nesillas_lantzii,AVES,0.999765844311714,5,2071.54868198889
pipe,11,11,51.6772071464547,Nesogale dobsoni,Nesogale_dobsoni,MAMMALIA,1,147,55383.4111448635
pipe,11,11,51.6772071464547,Nesogale talazaci,Nesogale_talazaci,MAMMALIA,1,145,54778.2026895399
pipe,11,11,51.6772071464547,Nesomys audeberti,Nesomys_audeberti,MAMMALIA,1,71,3518.63111986446
pipe,11,11,51.6772071464547,Nesomys lambertoni,Nesomys_lambertoni,MAMMALIA,0.999858999090888,20,778.791585380194
pipe,11,11,51.6772071464547,Nesomys rufus,Nesomys_rufus,MAMMALIA,1,118,40212.7693821609
pipe,11,11,51.6772071464547,Newtonia amphichroa,Newtonia_amphichroa,AVES,1,17,38093.7421770121
pipe,11,11,51.6772071464547,Newtonia archboldi,Newtonia_archboldi,AVES,0.999955573539575,6,1464.44119924165
pipe,11,11,51.6772071464547,Newtonia brunneicauda,Newtonia_brunneicauda,AVES,1,83,81242.833256654
pipe,11,11,51.6772071464547,Newtonia fanovanae,Newtonia_fanovanae,AVES,0.353055283448799,2,98.220702482002
pipe,11,11,51.6772071464547,Oriolia bernieri,Oriolia_bernieri,AVES,0.999999916906255,13,11713.9703290897
pipe,11,11,51.6772071464547,Oryzorictes hova,Oryzorictes_hova,MAMMALIA,1,147,53023.4909222239
pipe,11,11,51.6772071464547,Oryzorictes tetradactylus,Oryzorictes_tetradactylus,MAMMALIA,0.999999999849616,83,6435.39163747199
pipe,11,11,51.6772071464547,Otus rutilus,Otus_rutilus,AVES,0.99999999991945,8,79573.5098601467
pipe,11,11,51.6772071464547,Oxylabes madagascariensis,Oxylabes_madagascariensis,AVES,1,27,46226.3319664393
pipe,11,11,51.6772071464547,Phaner electromontis,Phaner_electromontis,MAMMALIA,6.41384153565738e-08,1,17.2483306993491
pipe,11,11,51.6772071464547,Phaner furcifer,Phaner_furcifer,MAMMALIA,0.887904608381639,30,642.341361583547
pipe,11,11,51.6772071464547,Phaner pallescens,Phaner_pallescens,MAMMALIA,0.999999812498026,24,1915.81531526898
pipe,11,11,51.6772071464547,Phaner parienti,Phaner_parienti,MAMMALIA,0.00280017666108179,1,24.4501852478606
pipe,11,11,51.6772071464547,Philepitta castanea,Philepitta_castanea,AVES,0.990607907343268,5,34953.254454813
pipe,11,11,51.6772071464547,Philepitta schlegeli,Philepitta_schlegeli,AVES,0.996234803278652,13,3629.0089612033
pipe,11,11,51.6772071464547,Ploceus nelicourvi,Ploceus_nelicourvi,AVES,0.999999999999997,16,52480.5030329681
pipe,11,11,51.6772071464547,Ploceus sakalava,Ploceus_sakalava,AVES,0.99999999979228,52,16288.0363070148
pipe,11,11,51.6772071464547,Polyboroides radiatus,Polyboroides_radiatus,AVES,0.996951226959313,1,69815.2813283821
pipe,11,11,51.6772071464547,Pseudobias wardi,Pseudobias_wardi,AVES,1,19,37434.2150740909
pipe,11,11,51.6772071464547,Pterocles personatus,Pterocles_personatus,AVES,0.939919864031225,3,6590.36395288397
pipe,11,11,51.6772071464547,Rallus madagascariensis,Rallus_madagascariensis,AVES,0.9999982973805,5,13137.8226022139
pipe,11,11,51.6772071464547,Randia pseudozosterops,Randia_pseudozosterops,AVES,0.999999999999724,22,38907.4669040536
pipe,11,11,51.6772071464547,Sarothrura insularis,Sarothrura_insularis,AVES,0.999973706068318,7,59012.2497145767
pipe,11,11,51.6772071464547,Schetba rufa,Schetba_rufa,AVES,1,27,23006.0565271664
pipe,11,11,51.6772071464547,Setifer setosus,Setifer_setosus,MAMMALIA,1,216,80186.1982746362
pipe,11,11,51.6772071464547,Tenrec ecaudatus,Tenrec_ecaudatus,MAMMALIA,1,164,80814.9231531588
pipe,11,11,51.6772071464547,Thamnornis chloropetoides,Thamnornis_chloropetoides,AVES,0.9999976960987,6,2366.82488545541
pipe,11,11,51.6772071464547,Treron australis,Treron_australis,AVES,0.99437610283989,1,70163.9528451529
pipe,11,11,51.6772071464547,Turnix nigricollis,Turnix_nigricollis,AVES,0.999999997812249,12,73352.4449876812
pipe,11,11,51.6772071464547,Tylas eduardi,Tylas_eduardi,AVES,0.999999999962273,8,51027.686155119
pipe,11,11,51.6772071464547,Vanga curvirostris,Vanga_curvirostris,AVES,0.999999999970951,17,80979.6140343021
pipe,11,11,51.6772071464547,Varecia rubra,Varecia_rubra,MAMMALIA,1,86,58887.889181655
pipe,11,11,51.6772071464547,Varecia variegata,Varecia_variegata,MAMMALIA,1,71,58624.2182404346
pipe,11,11,51.6772071464547,Xanthomixis apperti,Xanthomixis_apperti,AVES,0.441311211243701,1,68.4073900828693
pipe,11,11,51.6772071464547,Xanthomixis cinereiceps,Xanthomixis_cinereiceps,AVES,1,20,15496.9361062582
pipe,11,11,51.6772071464547,Xanthomixis zosterops,Xanthomixis_zosterops,AVES,1,28,52729.9796655314
pipe,11,11,51.6772071464547,Xenopirostris damii,Xenopirostris_damii,AVES,0.00179910755944268,1,93.5023436630614
pipe,11,11,51.6772071464547,Xenopirostris polleni,Xenopirostris_polleni,AVES,0.999999943712475,8,15168.0261676681
pipe,11,11,51.6772071464547,Xenopirostris xenopirostris,Xenopirostris_xenopirostris,AVES,0.965058075374104,1,1102.55740261015
pipe,12,12,56.3696355398155,Accipiter henstii,Accipiter_henstii,AVES,0.728488735321518,1,67429.1476233291
pipe,12,12,56.3696355398155,Accipiter madagascariensis,Accipiter_madagascariensis,AVES,0.893772679966514,1,68161.9586253929
pipe,12,12,56.3696355398155,Acrocephalus newtoni,Acrocephalus_newtoni,AVES,1,46,72411.3771781901
pipe,12,12,56.3696355398155,Alectroenas madagascariensis,Alectroenas_madagascariensis,AVES,0.998625206045974,8,52113.6653357399
pipe,12,12,56.3696355398155,Allocebus trichotis,Allocebus_trichotis,MAMMALIA,0.0078347349602923,3,72.1001097191941
pipe,12,12,56.3696355398155,Anas bernieri,Anas_bernieri,AVES,0,0,0
pipe,12,12,56.3696355398155,Apus balstoni,Apus_balstoni,AVES,1,16,68458.0639913205
pipe,12,12,56.3696355398155,Artamella viridis,Artamella_viridis,AVES,1,23,69492.657409775
pipe,12,12,56.3696355398155,Asio madagascariensis,Asio_madagascariensis,AVES,0.8591334811836,3,58240.4419029567
pipe,12,12,56.3696355398155,Atelornis crossleyi,Atelornis_crossleyi,AVES,0.999998262708505,6,10982.5667040888
pipe,12,12,56.3696355398155,Atelornis pittoides,Atelornis_pittoides,AVES,0.999998818940936,5,37493.7717825434
pipe,12,12,56.3696355398155,Athene superciliaris,Athene_superciliaris,AVES,0.999999981271095,5,39666.1151213752
pipe,12,12,56.3696355398155,Avahi laniger,Avahi_laniger,MAMMALIA,1,85,30262.8027946667
pipe,12,12,56.3696355398155,Avahi occidentalis,Avahi_occidentalis,MAMMALIA,0.996177513146535,3,617.947951280703
pipe,12,12,56.3696355398155,Aviceda madagascariensis,Aviceda_madagascariensis,AVES,0.956777924442861,1,64145.4145914692
pipe,12,12,56.3696355398155,Bernieria madagascariensis,Bernieria_madagascariensis,AVES,1,29,67818.5942754474
pipe,12,12,56.3696355398155,Brachypteracias leptosomus,Brachypteracias_leptosomus,AVES,0.999731447179416,1,33911.5076343878
pipe,12,12,56.3696355398155,Brachytarsomys albicauda,Brachytarsomys_albicauda,MAMMALIA,0.999999984182247,38,1637.48880969617
pipe,12,12,56.3696355398155,Brachyuromys betsileoensis,Brachyuromys_betsileoensis,MAMMALIA,1,43,10525.934486196
pipe,12,12,56.3696355398155,Brachyuromys ramirohitra,Brachyuromys_ramirohitra,MAMMALIA,0.655414845690046,2,90.5857082152948
pipe,12,12,56.3696355398155,Bradypterus brunneus,Bradypterus_brunneus,AVES,1,37,10883.7010341954
pipe,12,12,56.3696355398155,Bradypterus seebohmi,Bradypterus_seebohmi,AVES,0.452718233996164,1,71.7493427546058
pipe,12,12,56.3696355398155,Buteo brachypterus,Buteo_brachypterus,AVES,0.808691299491919,1,73508.0137776004
pipe,12,12,56.3696355398155,Calicalicus madagascariensis,Calicalicus_madagascariensis,AVES,1,45,68037.2755430512
pipe,12,12,56.3696355398155,Cheirogaleus crossleyi,Cheirogaleus_crossleyi,MAMMALIA,1,71,4961.52104680522
pipe,12,12,56.3696355398155,Cheirogaleus major,Cheirogaleus_major,MAMMALIA,1,95,55132.3916825213
pipe,12,12,56.3696355398155,Cheirogaleus medius,Cheirogaleus_medius,MAMMALIA,1,341,23032.8326053553
pipe,12,12,56.3696355398155,Cinnyris notatus,Cinnyris_notatus,AVES,1,53,69621.1443564652
pipe,12,12,56.3696355398155,Copsychus albospecularis,Copsychus_albospecularis,AVES,0.999999841914105,10,45434.0738321126
pipe,12,12,56.3696355398155,Coracopsis nigra,Coracopsis_nigra,AVES,0.999916034291314,9,72106.7859536667
pipe,12,12,56.3696355398155,Corythornis madagascariensis,Corythornis_madagascariensis,AVES,0.911695273672797,12,67450.7996421813
pipe,12,12,56.3696355398155,Coua caerulea,Coua_caerulea,AVES,0.999894624520836,4,38255.6034977525
pipe,12,12,56.3696355398155,Coua coquereli,Coua_coquereli,AVES,0.999999763701666,5,13900.4639797553
pipe,12,12,56.3696355398155,Coua cristata,Coua_cristata,AVES,0.999999999991157,7,59044.5200538309
pipe,12,12,56.3696355398155,Coua cursor,Coua_cursor,AVES,0.995202513570652,2,4369.96401996312
pipe,12,12,56.3696355398155,Coua gigas,Coua_gigas,AVES,0.999380735026406,1,14723.4666074722
pipe,12,12,56.3696355398155,Coua reynaudii,Coua_reynaudii,AVES,0.999701218102869,4,32374.0229193718
pipe,12,12,56.3696355398155,Coua ruficeps,Coua_ruficeps,AVES,0.959346120072291,3,1326.55515300157
pipe,12,12,56.3696355398155,Coua serriana,Coua_serriana,AVES,0.990030953916825,1,28499.4584301127
pipe,12,12,56.3696355398155,Crossleyia xanthophrys,Crossleyia_xanthophrys,AVES,0.999999999999989,37,3578.49694773963
pipe,12,12,56.3696355398155,Cryptoprocta ferox,Cryptoprocta_ferox,MAMMALIA,0.0704722846506246,2,26796.670758898
pipe,12,12,56.3696355398155,Cryptosylvicola randrianasoloi,Cryptosylvicola_randrianasoloi,AVES,1,29,5378.29828326155
pipe,12,12,56.3696355398155,Cyanolanius madagascarinus,Cyanolanius_madagascarinus,AVES,1,34,68817.92082883
pipe,12,12,56.3696355398155,Daubentonia madagascariensis,Daubentonia_madagascariensis,MAMMALIA,1,74,25554.8639446843
pipe,12,12,56.3696355398155,Echinops telfairi,Echinops_telfairi,MAMMALIA,1,222,21975.7469330331
pipe,12,12,56.3696355398155,Eliurus antsingy,Eliurus_antsingy,MAMMALIA,0.0133737178280204,4,59.4878232162461
pipe,12,12,56.3696355398155,Eliurus grandidieri,Eliurus_grandidieri,MAMMALIA,0.999629359821735,24,900.263791531973
pipe,12,12,56.3696355398155,Eliurus majori,Eliurus_majori,MAMMALIA,1,66,36344.0085338975
pipe,12,12,56.3696355398155,Eliurus minor,Eliurus_minor,MAMMALIA,1,252,58894.333869076
pipe,12,12,56.3696355398155,Eliurus myoxinus,Eliurus_myoxinus,MAMMALIA,1,320,48722.1516299549
pipe,12,12,56.3696355398155,Eliurus tanala,Eliurus_tanala,MAMMALIA,1,112,38302.3595119981
pipe,12,12,56.3696355398155,Eliurus webbi,Eliurus_webbi,MAMMALIA,1,99,51262.2075223646
pipe,12,12,56.3696355398155,Eremopterix hova,Eremopterix_hova,AVES,0.999956263377856,21,2571.96337525052
pipe,12,12,56.3696355398155,Eulemur albifrons,Eulemur_albifrons,MAMMALIA,1,39,15826.7511074791
pipe,12,12,56.3696355398155,Eulemur cinereiceps,Eulemur_cinereiceps,MAMMALIA,1,145,65970.990383533
pipe,12,12,56.3696355398155,Eulemur collaris,Eulemur_collaris,MAMMALIA,1,136,65861.4301713123
pipe,12,12,56.3696355398155,Eulemur coronatus,Eulemur_coronatus,MAMMALIA,1,166,17666.3164676374
pipe,12,12,56.3696355398155,Eulemur flavifrons,Eulemur_flavifrons,MAMMALIA,0.000213248908682684,1,25.074716512655
pipe,12,12,56.3696355398155,Eulemur fulvus,Eulemur_fulvus,MAMMALIA,1,138,65983.8532613453
pipe,12,12,56.3696355398155,Eulemur macaco,Eulemur_macaco,MAMMALIA,1,50,29801.9160182843
pipe,12,12,56.3696355398155,Eulemur mongoz,Eulemur_mongoz,MAMMALIA,0.999996580933263,16,1314.08461623204
pipe,12,12,56.3696355398155,Eulemur rubriventer,Eulemur_rubriventer,MAMMALIA,1,127,59308.0384053283
pipe,12,12,56.3696355398155,Eulemur rufus,Eulemur_rufus,MAMMALIA,1,139,27669.6315509357
pipe,12,12,56.3696355398155,Eulemur sanfordi,Eulemur_sanfordi,MAMMALIA,1,152,66019.187004584
pipe,12,12,56.3696355398155,Euryceros prevostii,Euryceros_prevostii,AVES,0.998804606528494,3,2785.29564826215
pipe,12,12,56.3696355398155,Falco zoniventris,Falco_zoniventris,AVES,0.939264482629908,2,45058.8369918617
pipe,12,12,56.3696355398155,Falculea palliata,Falculea_palliata,AVES,0.999999999698945,15,10675.7557886198
pipe,12,12,56.3696355398155,Fossa fossana,Fossa_fossana,MAMMALIA,0.977643376571662,2,48172.9061852121
pipe,12,12,56.3696355398155,Foudia madagascariensis,Foudia_madagascariensis,AVES,1,53,75975.0312870482
pipe,12,12,56.3696355398155,Foudia omissa,Foudia_omissa,AVES,0.999999999390669,18,42754.5464711925
pipe,12,12,56.3696355398155,Gactornis enarratus,Gactornis_enarratus,AVES,0.999999996694959,6,42968.3959755127
pipe,12,12,56.3696355398155,Galidia elegans,Galidia_elegans,MAMMALIA,0.967500746542787,5,46386.7580250505
pipe,12,12,56.3696355398155,Galidictis fasciata,Galidictis_fasciata,MAMMALIA,0,3,4247.07070700451
pipe,12,12,56.3696355398155,Geobiastes squamiger,Geobiastes_squamiger,AVES,0.999052491731398,5,9941.63591219338
pipe,12,12,56.3696355398155,Geogale aurita,Geogale_aurita,MAMMALIA,1,249,16138.9197377314
pipe,12,12,56.3696355398155,Gymnuromys roberti,Gymnuromys_roberti,MAMMALIA,1,50,23430.8220780668
pipe,12,12,56.3696355398155,Haliaeetus vociferoides,Haliaeetus_vociferoides,AVES,0.0115773783592114,1,5133.49426771156
pipe,12,12,56.3696355398155,Hapalemur alaotrensis,Hapalemur_alaotrensis,MAMMALIA,0.999999999999999,42,3187.35242197248
pipe,12,12,56.3696355398155,Hapalemur aureus,Hapalemur_aureus,MAMMALIA,0.999999927750903,15,1473.17810528011
pipe,12,12,56.3696355398155,Hapalemur griseus,Hapalemur_griseus,MAMMALIA,1,137,66221.2662399596
pipe,12,12,56.3696355398155,Hapalemur occidentalis,Hapalemur_occidentalis,MAMMALIA,0.999741741795847,16,703.697294348405
pipe,12,12,56.3696355398155,Hartertula flavoviridis,Hartertula_flavoviridis,AVES,1,35,7171.48446014591
pipe,12,12,56.3696355398155,Hartlaubius auratus,Hartlaubius_auratus,AVES,1,23,67714.8661094229
pipe,12,12,56.3696355398155,Hemicentetes nigriceps,Hemicentetes_nigriceps,MAMMALIA,0.99966823257837,22,1544.66950564516
pipe,12,12,56.3696355398155,Hemicentetes semispinosus,Hemicentetes_semispinosus,MAMMALIA,1,78,55899.7842084299
pipe,12,12,56.3696355398155,Hypogeomys antimena,Hypogeomys_antimena,MAMMALIA,0.133821965614829,3,81.1960723686169
pipe,12,12,56.3696355398155,Hypositta corallirostris,Hypositta_corallirostris,AVES,0.999999818577061,18,50989.3721587019
pipe,12,12,56.3696355398155,Indri indri,Indri_indri,MAMMALIA,0.99999999999815,16,52592.3130309629
pipe,12,12,56.3696355398155,Lemur catta,Lemur_catta,MAMMALIA,1,104,9602.07531932993
pipe,12,12,56.3696355398155,Lepidopygia nana,Lepidopygia_nana,AVES,0.999998071084426,82,79813.0328168379
pipe,12,12,56.3696355398155,Lepilemur ankaranensis,Lepilemur_ankaranensis,MAMMALIA,0.942459903341432,9,316.5934792843
pipe,12,12,56.3696355398155,Lepilemur edwardsi,Lepilemur_edwardsi,MAMMALIA,1,41,4853.56749214191
pipe,12,12,56.3696355398155,Lepilemur leucopus,Lepilemur_leucopus,MAMMALIA,1,45,3928.6458236983
pipe,12,12,56.3696355398155,Lepilemur microdon,Lepilemur_microdon,MAMMALIA,0.999999998743936,29,3364.41418632741
pipe,12,12,56.3696355398155,Lepilemur mustelinus,Lepilemur_mustelinus,MAMMALIA,1,142,56324.7507419143
pipe,12,12,56.3696355398155,Lepilemur ruficaudatus,Lepilemur_ruficaudatus,MAMMALIA,1,86,6230.45487391578
pipe,12,12,56.3696355398155,Leptopterus chabert,Leptopterus_chabert,AVES,1,38,74010.445609144
pipe,12,12,56.3696355398155,Lophotibis cristata,Lophotibis_cristata,AVES,0.999758715184553,1,67086.9124965409
pipe,12,12,56.3696355398155,Macrotarsomys bastardi,Macrotarsomys_bastardi,MAMMALIA,0.999999999999119,69,2953.32740242638
pipe,12,12,56.3696355398155,Margaroperdix madagarensis,Margaroperdix_madagarensis,AVES,0.999999999844301,10,60591.4948459706
pipe,12,12,56.3696355398155,Mentocrex kioloides,Mentocrex_kioloides,AVES,0.997363926678948,1,30281.9933233803
pipe,12,12,56.3696355398155,Mesitornis unicolor,Mesitornis_unicolor,AVES,0,1,89.8278131379881
pipe,12,12,56.3696355398155,Mesitornis variegatus,Mesitornis_variegatus,AVES,0.998460936252824,5,2683.2968111132
pipe,12,12,56.3696355398155,Microcebus berthae,Microcebus_berthae,MAMMALIA,1.52725564417366e-08,1,10.8090685387869
pipe,12,12,56.3696355398155,Microcebus griseorufus,Microcebus_griseorufus,MAMMALIA,0.995763539856305,11,459.298684679831
pipe,12,12,56.3696355398155,Microcebus murinus,Microcebus_murinus,MAMMALIA,1,474,46073.8409332307
pipe,12,12,56.3696355398155,Microcebus myoxinus,Microcebus_myoxinus,MAMMALIA,0.999999873262007,38,780.379742602939
pipe,12,12,56.3696355398155,Microcebus ravelobensis,Microcebus_ravelobensis,MAMMALIA,0.778620368188717,11,230.272453169512
pipe,12,12,56.3696355398155,Microcebus rufus,Microcebus_rufus,MAMMALIA,1,156,53655.2734845104
pipe,12,12,56.3696355398155,Microcebus tavaratra,Microcebus_tavaratra,MAMMALIA,0.993485138533531,23,604.557948940296
pipe,12,12,56.3696355398155,Microgale brevicaudata,Microgale_brevicaudata,MAMMALIA,1,278,19968.2049436621
pipe,12,12,56.3696355398155,Microgale cowani,Microgale_cowani,MAMMALIA,1,108,45034.045299881
pipe,12,12,56.3696355398155,Microgale drouhardi,Microgale_drouhardi,MAMMALIA,1,104,22771.4326017106
pipe,12,12,56.3696355398155,Microgale dryas,Microgale_dryas,MAMMALIA,0.897201397746048,41,1257.07032099477
pipe,12,12,56.3696355398155,Microgale fotsifotsy,Microgale_fotsifotsy,MAMMALIA,1,108,25701.3119363346
pipe,12,12,56.3696355398155,Microgale gracilis,Microgale_gracilis,MAMMALIA,0.999999999962283,69,7866.25805804387
pipe,12,12,56.3696355398155,Microgale gymnorhyncha,Microgale_gymnorhyncha,MAMMALIA,1,44,15792.4066896971
pipe,12,12,56.3696355398155,Microgale longicaudata,Microgale_longicaudata,MAMMALIA,1,185,50022.5817325921
pipe,12,12,56.3696355398155,Microgale mergulus,Microgale_mergulus,MAMMALIA,0.999999999865305,54,4120.3448809317
pipe,12,12,56.3696355398155,Microgale parvula,Microgale_parvula,MAMMALIA,1,197,52352.3115387927
pipe,12,12,56.3696355398155,Microgale principula,Microgale_principula,MAMMALIA,1,132,44272.6919609692
pipe,12,12,56.3696355398155,Microgale pusilla,Microgale_pusilla,MAMMALIA,0.99999999745647,143,14525.2554737759
pipe,12,12,56.3696355398155,Microgale soricoides,Microgale_soricoides,MAMMALIA,1,43,23142.1250283815
pipe,12,12,56.3696355398155,Microgale taiva,Microgale_taiva,MAMMALIA,1,82,36602.646277761
pipe,12,12,56.3696355398155,Microgale thomasi,Microgale_thomasi,MAMMALIA,1,60,22133.4934772399
pipe,12,12,56.3696355398155,Mirza coquereli,Mirza_coquereli,MAMMALIA,0.999856652851297,17,1322.37266242896
pipe,12,12,56.3696355398155,Monias benschi,Monias_benschi,AVES,0,1,78.2215661596996
pipe,12,12,56.3696355398155,Monticola erythronotus,Monticola_erythronotus,AVES,0.505764981643122,1,97.497303661992
pipe,12,12,56.3696355398155,Monticola sharpei,Monticola_sharpei,AVES,1,31,59558.7638236581
pipe,12,12,56.3696355398155,Monticolomys koopmani,Monticolomys_koopmani,MAMMALIA,0.132627247638879,5,98.0466375863042
pipe,12,12,56.3696355398155,Motacilla flaviventris,Motacilla_flaviventris,AVES,0.999999999705593,23,3735.16562361408
pipe,12,12,56.3696355398155,Mystacornis crossleyi,Mystacornis_crossleyi,AVES,0.99999999999541,10,40545.8317938078
pipe,12,12,56.3696355398155,Neodrepanis coruscans,Neodrepanis_coruscans,AVES,0.999998878249812,12,27004.9373347697
pipe,12,12,56.3696355398155,Neodrepanis hypoxantha,Neodrepanis_hypoxantha,AVES,0.0211788109146442,3,88.4296056242715
pipe,12,12,56.3696355398155,Neomixis striatigula,Neomixis_striatigula,AVES,0.999999999999988,24,46942.1494754837
pipe,12,12,56.3696355398155,Neomixis tenella,Neomixis_tenella,AVES,1,87,58812.2889725202
pipe,12,12,56.3696355398155,Neomixis viridis,Neomixis_viridis,AVES,0.999999999999969,21,44774.6988112998
pipe,12,12,56.3696355398155,Nesillas lantzii,Nesillas_lantzii,AVES,0.999614638694508,5,1646.5102872913
pipe,12,12,56.3696355398155,Nesogale dobsoni,Nesogale_dobsoni,MAMMALIA,1,97,51963.6436640516
pipe,12,12,56.3696355398155,Nesogale talazaci,Nesogale_talazaci,MAMMALIA,1,100,52379.2062962704
pipe,12,12,56.3696355398155,Nesomys audeberti,Nesomys_audeberti,MAMMALIA,1,65,3415.62833199044
pipe,12,12,56.3696355398155,Nesomys lambertoni,Nesomys_lambertoni,MAMMALIA,0.99984883647885,12,670.89111574741
pipe,12,12,56.3696355398155,Nesomys rufus,Nesomys_rufus,MAMMALIA,1,82,39119.4084412573
pipe,12,12,56.3696355398155,Newtonia amphichroa,Newtonia_amphichroa,AVES,1,16,36640.0442406261
pipe,12,12,56.3696355398155,Newtonia archboldi,Newtonia_archboldi,AVES,0.999930941501832,6,1382.74815045793
pipe,12,12,56.3696355398155,Newtonia brunneicauda,Newtonia_brunneicauda,AVES,1,67,73963.0390101197
pipe,12,12,56.3696355398155,Newtonia fanovanae,Newtonia_fanovanae,AVES,0.353055283448799,2,98.220702482002
pipe,12,12,56.3696355398155,Oriolia bernieri,Oriolia_bernieri,AVES,0.999999867748497,14,11344.6089626686
pipe,12,12,56.3696355398155,Oryzorictes hova,Oryzorictes_hova,MAMMALIA,1,95,50542.8524339814
pipe,12,12,56.3696355398155,Oryzorictes tetradactylus,Oryzorictes_tetradactylus,MAMMALIA,0.999999999174549,69,5975.38525067801
pipe,12,12,56.3696355398155,Otus rutilus,Otus_rutilus,AVES,0.999999999657343,8,71523.4416062384
pipe,12,12,56.3696355398155,Oxylabes madagascariensis,Oxylabes_madagascariensis,AVES,0.999999999999998,20,43698.3092759103
pipe,12,12,56.3696355398155,Phaner electromontis,Phaner_electromontis,MAMMALIA,6.41384153565738e-08,1,17.2483306993491
pipe,12,12,56.3696355398155,Phaner furcifer,Phaner_furcifer,MAMMALIA,0.887899226004666,24,558.48119512169
pipe,12,12,56.3696355398155,Phaner pallescens,Phaner_pallescens,MAMMALIA,0.999999959729302,21,1788.04035050997
pipe,12,12,56.3696355398155,Phaner parienti,Phaner_parienti,MAMMALIA,0.00280017666108179,1,24.4501852478606
pipe,12,12,56.3696355398155,Philepitta castanea,Philepitta_castanea,AVES,0.998990190591502,6,34107.9364557281
pipe,12,12,56.3696355398155,Philepitta schlegeli,Philepitta_schlegeli,AVES,0.995592562155077,13,3505.46151754365
pipe,12,12,56.3696355398155,Ploceus nelicourvi,Ploceus_nelicourvi,AVES,0.999999999999954,12,50488.2099130344
pipe,12,12,56.3696355398155,Ploceus sakalava,Ploceus_sakalava,AVES,0.999999999862882,39,13244.9408344218
pipe,12,12,56.3696355398155,Polyboroides radiatus,Polyboroides_radiatus,AVES,0.996315345990329,1,62316.7533303399
pipe,12,12,56.3696355398155,Pseudobias wardi,Pseudobias_wardi,AVES,0.999999999999996,20,36416.3596055395
pipe,12,12,56.3696355398155,Pterocles personatus,Pterocles_personatus,AVES,0.939919864031225,3,6590.36395288397
pipe,12,12,56.3696355398155,Rallus madagascariensis,Rallus_madagascariensis,AVES,0.999997905732692,4,12778.6383367183
pipe,12,12,56.3696355398155,Randia pseudozosterops,Randia_pseudozosterops,AVES,0.999999999998421,18,37988.4352998559
pipe,12,12,56.3696355398155,Sarothrura insularis,Sarothrura_insularis,AVES,0.999999600829891,7,55278.3447301958
pipe,12,12,56.3696355398155,Schetba rufa,Schetba_rufa,AVES,1,28,22035.2681565838
pipe,12,12,56.3696355398155,Setifer setosus,Setifer_setosus,MAMMALIA,1,163,72858.1178035883
pipe,12,12,56.3696355398155,Tenrec ecaudatus,Tenrec_ecaudatus,MAMMALIA,1,131,72762.4754891377
pipe,12,12,56.3696355398155,Thamnornis chloropetoides,Thamnornis_chloropetoides,AVES,0.999991306285481,6,1911.93397238564
pipe,12,12,56.3696355398155,Treron australis,Treron_australis,AVES,0.999742719937601,4,62898.2406794669
pipe,12,12,56.3696355398155,Turnix nigricollis,Turnix_nigricollis,AVES,0.99999999584673,13,64934.9211424033
pipe,12,12,56.3696355398155,Tylas eduardi,Tylas_eduardi,AVES,0.999999999999979,9,49090.7579966979
pipe,12,12,56.3696355398155,Vanga curvirostris,Vanga_curvirostris,AVES,0.99999999999998,18,72825.1502655344
pipe,12,12,56.3696355398155,Varecia rubra,Varecia_rubra,MAMMALIA,1,57,54916.3031779845
pipe,12,12,56.3696355398155,Varecia variegata,Varecia_variegata,MAMMALIA,1,55,54856.1194443611
pipe,12,12,56.3696355398155,Xanthomixis apperti,Xanthomixis_apperti,AVES,0.441311211243701,1,68.4073900828693
pipe,12,12,56.3696355398155,Xanthomixis cinereiceps,Xanthomixis_cinereiceps,AVES,1,20,14870.0055024568
pipe,12,12,56.3696355398155,Xanthomixis zosterops,Xanthomixis_zosterops,AVES,0.999999999999998,23,50582.6432395525
pipe,12,12,56.3696355398155,Xenopirostris damii,Xenopirostris_damii,AVES,0.00179910755944268,1,93.5023436630614
pipe,12,12,56.3696355398155,Xenopirostris polleni,Xenopirostris_polleni,AVES,0.999999998951232,8,14794.179198693
pipe,12,12,56.3696355398155,Xenopirostris xenopirostris,Xenopirostris_xenopirostris,AVES,0.965058075374104,1,1102.55740261015
pipe,13,13,61.0801185886043,Accipiter henstii,Accipiter_henstii,AVES,0.711616748474205,1,62366.7546556247
pipe,13,13,61.0801185886043,Accipiter madagascariensis,Accipiter_madagascariensis,AVES,0.884829801187413,1,62789.748134397
pipe,13,13,61.0801185886043,Acrocephalus newtoni,Acrocephalus_newtoni,AVES,1,33,64910.8238708229
pipe,13,13,61.0801185886043,Alectroenas madagascariensis,Alectroenas_madagascariensis,AVES,0.997787398287717,7,48875.1506357104
pipe,13,13,61.0801185886043,Allocebus trichotis,Allocebus_trichotis,MAMMALIA,0.0078347349602923,3,72.1001097191941
pipe,13,13,61.0801185886043,Anas bernieri,Anas_bernieri,AVES,0,0,0
pipe,13,13,61.0801185886043,Apus balstoni,Apus_balstoni,AVES,1,18,62809.0738361904
pipe,13,13,61.0801185886043,Artamella viridis,Artamella_viridis,AVES,1,22,63534.5276577157
pipe,13,13,61.0801185886043,Asio madagascariensis,Asio_madagascariensis,AVES,0.845407935636423,3,53470.838885405
pipe,13,13,61.0801185886043,Atelornis crossleyi,Atelornis_crossleyi,AVES,0.999998246612761,6,10946.2867868533
pipe,13,13,61.0801185886043,Atelornis pittoides,Atelornis_pittoides,AVES,0.999998716616257,3,36353.156041041
pipe,13,13,61.0801185886043,Athene superciliaris,Athene_superciliaris,AVES,0.99999996637369,7,36678.2220485561
pipe,13,13,61.0801185886043,Avahi laniger,Avahi_laniger,MAMMALIA,1,68,28457.7292416799
pipe,13,13,61.0801185886043,Avahi occidentalis,Avahi_occidentalis,MAMMALIA,0.996177513146535,3,617.947951280703
pipe,13,13,61.0801185886043,Aviceda madagascariensis,Aviceda_madagascariensis,AVES,0.951729025079926,1,58749.7948774314
pipe,13,13,61.0801185886043,Bernieria madagascariensis,Bernieria_madagascariensis,AVES,1,24,62228.5778472446
pipe,13,13,61.0801185886043,Brachypteracias leptosomus,Brachypteracias_leptosomus,AVES,0.999719874762502,1,33137.4378338789
pipe,13,13,61.0801185886043,Brachytarsomys albicauda,Brachytarsomys_albicauda,MAMMALIA,0.999999984175033,36,1603.08191085025
pipe,13,13,61.0801185886043,Brachyuromys betsileoensis,Brachyuromys_betsileoensis,MAMMALIA,1,33,10048.9255021301
pipe,13,13,61.0801185886043,Brachyuromys ramirohitra,Brachyuromys_ramirohitra,MAMMALIA,0.655414845690046,2,90.5857082152948
pipe,13,13,61.0801185886043,Bradypterus brunneus,Bradypterus_brunneus,AVES,1,36,10665.8928840048
pipe,13,13,61.0801185886043,Bradypterus seebohmi,Bradypterus_seebohmi,AVES,0.452718233996164,1,71.7493427546058
pipe,13,13,61.0801185886043,Buteo brachypterus,Buteo_brachypterus,AVES,0.794624191888588,1,67630.9894730589
pipe,13,13,61.0801185886043,Calicalicus madagascariensis,Calicalicus_madagascariensis,AVES,1,36,62428.3252003395
pipe,13,13,61.0801185886043,Cheirogaleus crossleyi,Cheirogaleus_crossleyi,MAMMALIA,1,63,4744.82326968932
pipe,13,13,61.0801185886043,Cheirogaleus major,Cheirogaleus_major,MAMMALIA,1,59,51689.5749458003
pipe,13,13,61.0801185886043,Cheirogaleus medius,Cheirogaleus_medius,MAMMALIA,1,260,20355.1350786022
pipe,13,13,61.0801185886043,Cinnyris notatus,Cinnyris_notatus,AVES,1,38,63811.8445759814
pipe,13,13,61.0801185886043,Copsychus albospecularis,Copsychus_albospecularis,AVES,0.999999993574287,7,43594.0571519736
pipe,13,13,61.0801185886043,Coracopsis nigra,Coracopsis_nigra,AVES,0.999984838185237,10,66309.3904907987
pipe,13,13,61.0801185886043,Corythornis madagascariensis,Corythornis_madagascariensis,AVES,0.903705033102508,12,61821.586807762
pipe,13,13,61.0801185886043,Coua caerulea,Coua_caerulea,AVES,0.999880680770311,4,36090.7323881103
pipe,13,13,61.0801185886043,Coua coquereli,Coua_coquereli,AVES,0.999999761946195,7,12510.0668974876
pipe,13,13,61.0801185886043,Coua cristata,Coua_cristata,AVES,0.999999999996503,8,54953.9095629343
pipe,13,13,61.0801185886043,Coua cursor,Coua_cursor,AVES,0.994926025119002,2,4262.87773547645
pipe,13,13,61.0801185886043,Coua gigas,Coua_gigas,AVES,0.999234095562689,1,13315.564282283
pipe,13,13,61.0801185886043,Coua reynaudii,Coua_reynaudii,AVES,0.999640988237132,3,31384.9465592933
pipe,13,13,61.0801185886043,Coua ruficeps,Coua_ruficeps,AVES,0.959346120072291,3,1326.55515300157
pipe,13,13,61.0801185886043,Coua serriana,Coua_serriana,AVES,0.989564187825041,1,27481.7111223861
pipe,13,13,61.0801185886043,Crossleyia xanthophrys,Crossleyia_xanthophrys,AVES,0.999999999999988,36,3544.36897559026
pipe,13,13,61.0801185886043,Cryptoprocta ferox,Cryptoprocta_ferox,MAMMALIA,0.0704722846506246,2,26796.670758898
pipe,13,13,61.0801185886043,Cryptosylvicola randrianasoloi,Cryptosylvicola_randrianasoloi,AVES,1,27,5251.01814652605
pipe,13,13,61.0801185886043,Cyanolanius madagascarinus,Cyanolanius_madagascarinus,AVES,1,30,62934.9674166275
pipe,13,13,61.0801185886043,Daubentonia madagascariensis,Daubentonia_madagascariensis,MAMMALIA,1,59,23530.1943811068
pipe,13,13,61.0801185886043,Echinops telfairi,Echinops_telfairi,MAMMALIA,1,191,19846.2709784131
pipe,13,13,61.0801185886043,Eliurus antsingy,Eliurus_antsingy,MAMMALIA,0.0133737178280204,4,59.4878232162461
pipe,13,13,61.0801185886043,Eliurus grandidieri,Eliurus_grandidieri,MAMMALIA,0.99962687477772,23,879.685595314434
pipe,13,13,61.0801185886043,Eliurus majori,Eliurus_majori,MAMMALIA,1,45,34181.2097114942
pipe,13,13,61.0801185886043,Eliurus minor,Eliurus_minor,MAMMALIA,1,157,54418.0540242164
pipe,13,13,61.0801185886043,Eliurus myoxinus,Eliurus_myoxinus,MAMMALIA,1,241,44295.2998633096
pipe,13,13,61.0801185886043,Eliurus tanala,Eliurus_tanala,MAMMALIA,1,66,35700.1711261742
pipe,13,13,61.0801185886043,Eliurus webbi,Eliurus_webbi,MAMMALIA,1,54,48310.1057522161
pipe,13,13,61.0801185886043,Eremopterix hova,Eremopterix_hova,AVES,0.999956142791264,20,2556.96750780009
pipe,13,13,61.0801185886043,Eulemur albifrons,Eulemur_albifrons,MAMMALIA,1,28,15062.5828481778
pipe,13,13,61.0801185886043,Eulemur cinereiceps,Eulemur_cinereiceps,MAMMALIA,1,105,60531.1401290222
pipe,13,13,61.0801185886043,Eulemur collaris,Eulemur_collaris,MAMMALIA,1,99,60457.6990792509
pipe,13,13,61.0801185886043,Eulemur coronatus,Eulemur_coronatus,MAMMALIA,1,136,16208.3577773361
pipe,13,13,61.0801185886043,Eulemur flavifrons,Eulemur_flavifrons,MAMMALIA,0.000213248908682684,1,25.074716512655
pipe,13,13,61.0801185886043,Eulemur fulvus,Eulemur_fulvus,MAMMALIA,1,100,60546.0915719081
pipe,13,13,61.0801185886043,Eulemur macaco,Eulemur_macaco,MAMMALIA,1,35,28328.1698855675
pipe,13,13,61.0801185886043,Eulemur mongoz,Eulemur_mongoz,MAMMALIA,0.999909633637317,12,1004.75034470629
pipe,13,13,61.0801185886043,Eulemur rubriventer,Eulemur_rubriventer,MAMMALIA,1,85,54667.2470931699
pipe,13,13,61.0801185886043,Eulemur rufus,Eulemur_rufus,MAMMALIA,1,111,24671.1620736098
pipe,13,13,61.0801185886043,Eulemur sanfordi,Eulemur_sanfordi,MAMMALIA,1,108,60554.5986062924
pipe,13,13,61.0801185886043,Euryceros prevostii,Euryceros_prevostii,AVES,0.998686002487138,3,2658.32069339292
pipe,13,13,61.0801185886043,Falco zoniventris,Falco_zoniventris,AVES,0.930849016453247,3,41591.4289135755
pipe,13,13,61.0801185886043,Falculea palliata,Falculea_palliata,AVES,0.999999991465166,15,9721.81915346121
pipe,13,13,61.0801185886043,Fossa fossana,Fossa_fossana,MAMMALIA,0.975653869816293,2,47235.1119066863
pipe,13,13,61.0801185886043,Foudia madagascariensis,Foudia_madagascariensis,AVES,0.999999999999994,42,69435.0503717286
pipe,13,13,61.0801185886043,Foudia omissa,Foudia_omissa,AVES,0.999999996159442,12,40853.7506019866
pipe,13,13,61.0801185886043,Gactornis enarratus,Gactornis_enarratus,AVES,0.999999988654632,4,40925.2441539864
pipe,13,13,61.0801185886043,Galidia elegans,Galidia_elegans,MAMMALIA,0.966747538446534,4,44011.9486164224
pipe,13,13,61.0801185886043,Galidictis fasciata,Galidictis_fasciata,MAMMALIA,0,3,4245.50634234494
pipe,13,13,61.0801185886043,Geobiastes squamiger,Geobiastes_squamiger,AVES,0.998952714942582,5,9678.56144122508
pipe,13,13,61.0801185886043,Geogale aurita,Geogale_aurita,MAMMALIA,1,195,14098.9422476783
pipe,13,13,61.0801185886043,Gymnuromys roberti,Gymnuromys_roberti,MAMMALIA,1,36,22207.3049116909
pipe,13,13,61.0801185886043,Haliaeetus vociferoides,Haliaeetus_vociferoides,AVES,3.29514614483273e-08,1,2177.31484957172
pipe,13,13,61.0801185886043,Hapalemur alaotrensis,Hapalemur_alaotrensis,MAMMALIA,0.999999341887825,17,1416.29265357914
pipe,13,13,61.0801185886043,Hapalemur aureus,Hapalemur_aureus,MAMMALIA,0.999999914613177,13,1387.1199135943
pipe,13,13,61.0801185886043,Hapalemur griseus,Hapalemur_griseus,MAMMALIA,1,94,61033.6809475991
pipe,13,13,61.0801185886043,Hapalemur occidentalis,Hapalemur_occidentalis,MAMMALIA,0.999727891435155,14,666.732867204797
pipe,13,13,61.0801185886043,Hartertula flavoviridis,Hartertula_flavoviridis,AVES,1,33,7092.07464059531
pipe,13,13,61.0801185886043,Hartlaubius auratus,Hartlaubius_auratus,AVES,1,23,61961.9973138524
pipe,13,13,61.0801185886043,Hemicentetes nigriceps,Hemicentetes_nigriceps,MAMMALIA,0.999628092896106,20,1495.16376705438
pipe,13,13,61.0801185886043,Hemicentetes semispinosus,Hemicentetes_semispinosus,MAMMALIA,1,41,51761.3166647665
pipe,13,13,61.0801185886043,Hypogeomys antimena,Hypogeomys_antimena,MAMMALIA,0.133821965614829,3,81.1960723686169
pipe,13,13,61.0801185886043,Hypositta corallirostris,Hypositta_corallirostris,AVES,0.999999439726062,10,48245.3235619247
pipe,13,13,61.0801185886043,Indri indri,Indri_indri,MAMMALIA,0.999999999932139,14,49750.3818430421
pipe,13,13,61.0801185886043,Lemur catta,Lemur_catta,MAMMALIA,1,93,9002.15816691905
pipe,13,13,61.0801185886043,Lepidopygia nana,Lepidopygia_nana,AVES,0.999993576825074,60,71242.0794197259
pipe,13,13,61.0801185886043,Lepilemur ankaranensis,Lepilemur_ankaranensis,MAMMALIA,0.942459903341432,9,316.5934792843
pipe,13,13,61.0801185886043,Lepilemur edwardsi,Lepilemur_edwardsi,MAMMALIA,1,36,4065.8676870379
pipe,13,13,61.0801185886043,Lepilemur leucopus,Lepilemur_leucopus,MAMMALIA,0.999999999999997,39,3702.74790179988
pipe,13,13,61.0801185886043,Lepilemur microdon,Lepilemur_microdon,MAMMALIA,0.999999996951999,20,2937.75332234829
pipe,13,13,61.0801185886043,Lepilemur mustelinus,Lepilemur_mustelinus,MAMMALIA,1,105,52007.7556259759
pipe,13,13,61.0801185886043,Lepilemur ruficaudatus,Lepilemur_ruficaudatus,MAMMALIA,1,76,5648.42095882867
pipe,13,13,61.0801185886043,Leptopterus chabert,Leptopterus_chabert,AVES,1,33,68018.5463382198
pipe,13,13,61.0801185886043,Lophotibis cristata,Lophotibis_cristata,AVES,0.999995534666594,2,61767.4386027592
pipe,13,13,61.0801185886043,Macrotarsomys bastardi,Macrotarsomys_bastardi,MAMMALIA,0.999999999976064,60,2602.96728735243
pipe,13,13,61.0801185886043,Margaroperdix madagarensis,Margaroperdix_madagarensis,AVES,0.99999999999991,12,55892.7099054181
pipe,13,13,61.0801185886043,Mentocrex kioloides,Mentocrex_kioloides,AVES,0.997278637011862,1,29634.9904802034
pipe,13,13,61.0801185886043,Mesitornis unicolor,Mesitornis_unicolor,AVES,0,1,89.8278131379881
pipe,13,13,61.0801185886043,Mesitornis variegatus,Mesitornis_variegatus,AVES,0.998393672332052,5,2663.29845511808
pipe,13,13,61.0801185886043,Microcebus berthae,Microcebus_berthae,MAMMALIA,1.52725564417366e-08,1,10.8090685387869
pipe,13,13,61.0801185886043,Microcebus griseorufus,Microcebus_griseorufus,MAMMALIA,0.995763539856305,11,459.298684679831
pipe,13,13,61.0801185886043,Microcebus murinus,Microcebus_murinus,MAMMALIA,1,391,41804.2854570481
pipe,13,13,61.0801185886043,Microcebus myoxinus,Microcebus_myoxinus,MAMMALIA,0.999999767674718,33,727.27306718117
pipe,13,13,61.0801185886043,Microcebus ravelobensis,Microcebus_ravelobensis,MAMMALIA,0.778620368188717,11,230.272453169512
pipe,13,13,61.0801185886043,Microcebus rufus,Microcebus_rufus,MAMMALIA,1,91,49775.2796329686
pipe,13,13,61.0801185886043,Microcebus tavaratra,Microcebus_tavaratra,MAMMALIA,0.993484536036894,23,604.190735945664
pipe,13,13,61.0801185886043,Microgale brevicaudata,Microgale_brevicaudata,MAMMALIA,1,204,17803.538509962
pipe,13,13,61.0801185886043,Microgale cowani,Microgale_cowani,MAMMALIA,1,63,41643.5070530091
pipe,13,13,61.0801185886043,Microgale drouhardi,Microgale_drouhardi,MAMMALIA,1,72,21762.658652052
pipe,13,13,61.0801185886043,Microgale dryas,Microgale_dryas,MAMMALIA,0.897201396035758,37,1175.20780457434
pipe,13,13,61.0801185886043,Microgale fotsifotsy,Microgale_fotsifotsy,MAMMALIA,1,68,24092.105754572
pipe,13,13,61.0801185886043,Microgale gracilis,Microgale_gracilis,MAMMALIA,0.999999999945895,54,7481.34471205671
pipe,13,13,61.0801185886043,Microgale gymnorhyncha,Microgale_gymnorhyncha,MAMMALIA,1,30,14847.1178295199
pipe,13,13,61.0801185886043,Microgale longicaudata,Microgale_longicaudata,MAMMALIA,1,116,46197.169990167
pipe,13,13,61.0801185886043,Microgale mergulus,Microgale_mergulus,MAMMALIA,0.999999999704557,45,3777.02902774068
pipe,13,13,61.0801185886043,Microgale parvula,Microgale_parvula,MAMMALIA,0.999999999999991,118,49438.5533865902
pipe,13,13,61.0801185886043,Microgale principula,Microgale_principula,MAMMALIA,1,83,42400.7760493263
pipe,13,13,61.0801185886043,Microgale pusilla,Microgale_pusilla,MAMMALIA,0.999999994378427,109,13774.6235879516
pipe,13,13,61.0801185886043,Microgale soricoides,Microgale_soricoides,MAMMALIA,1,28,21830.9849927039
pipe,13,13,61.0801185886043,Microgale taiva,Microgale_taiva,MAMMALIA,1,62,35031.8696886605
pipe,13,13,61.0801185886043,Microgale thomasi,Microgale_thomasi,MAMMALIA,1,52,21494.7332811367
pipe,13,13,61.0801185886043,Mirza coquereli,Mirza_coquereli,MAMMALIA,0.999845308953665,15,1274.82799124586
pipe,13,13,61.0801185886043,Monias benschi,Monias_benschi,AVES,0,1,78.2215661596996
pipe,13,13,61.0801185886043,Monticola erythronotus,Monticola_erythronotus,AVES,0.505764981643122,1,97.497303661992
pipe,13,13,61.0801185886043,Monticola sharpei,Monticola_sharpei,AVES,1,24,55097.4884439076
pipe,13,13,61.0801185886043,Monticolomys koopmani,Monticolomys_koopmani,MAMMALIA,0.132627247638879,4,91.67036602125
pipe,13,13,61.0801185886043,Motacilla flaviventris,Motacilla_flaviventris,AVES,0.999999999291654,20,3403.3020909723
pipe,13,13,61.0801185886043,Mystacornis crossleyi,Mystacornis_crossleyi,AVES,0.99999999995727,6,39149.8568378245
pipe,13,13,61.0801185886043,Neodrepanis coruscans,Neodrepanis_coruscans,AVES,0.999998776273819,13,26468.653255447
pipe,13,13,61.0801185886043,Neodrepanis hypoxantha,Neodrepanis_hypoxantha,AVES,0.0211788109146442,3,88.4296056242715
pipe,13,13,61.0801185886043,Neomixis striatigula,Neomixis_striatigula,AVES,0.999999999997947,16,44464.4869027629
pipe,13,13,61.0801185886043,Neomixis tenella,Neomixis_tenella,AVES,1,69,54067.5096724435
pipe,13,13,61.0801185886043,Neomixis viridis,Neomixis_viridis,AVES,0.999999999978567,13,43038.2113108177
pipe,13,13,61.0801185886043,Nesillas lantzii,Nesillas_lantzii,AVES,0.999587673186048,4,1582.81161049369
pipe,13,13,61.0801185886043,Nesogale dobsoni,Nesogale_dobsoni,MAMMALIA,1,57,48642.878496673
pipe,13,13,61.0801185886043,Nesogale talazaci,Nesogale_talazaci,MAMMALIA,1,52,49171.8753186958
pipe,13,13,61.0801185886043,Nesomys audeberti,Nesomys_audeberti,MAMMALIA,1,57,3272.00728229788
pipe,13,13,61.0801185886043,Nesomys lambertoni,Nesomys_lambertoni,MAMMALIA,0.999667227299884,9,573.09119519269
pipe,13,13,61.0801185886043,Nesomys rufus,Nesomys_rufus,MAMMALIA,1,49,37479.1155192593
pipe,13,13,61.0801185886043,Newtonia amphichroa,Newtonia_amphichroa,AVES,1,13,35440.0342655593
pipe,13,13,61.0801185886043,Newtonia archboldi,Newtonia_archboldi,AVES,0.999900951598717,5,1305.98827048957
pipe,13,13,61.0801185886043,Newtonia brunneicauda,Newtonia_brunneicauda,AVES,1,55,68067.8246994606
pipe,13,13,61.0801185886043,Newtonia fanovanae,Newtonia_fanovanae,AVES,0.353055283448799,2,98.220702482002
pipe,13,13,61.0801185886043,Oriolia bernieri,Oriolia_bernieri,AVES,0.999999648284142,14,10783.221037979
pipe,13,13,61.0801185886043,Oryzorictes hova,Oryzorictes_hova,MAMMALIA,1,52,47530.0785956401
pipe,13,13,61.0801185886043,Oryzorictes tetradactylus,Oryzorictes_tetradactylus,MAMMALIA,0.999999991785726,60,5523.35225634458
pipe,13,13,61.0801185886043,Otus rutilus,Otus_rutilus,AVES,0.99999999999964,11,65631.7890808068
pipe,13,13,61.0801185886043,Oxylabes madagascariensis,Oxylabes_madagascariensis,AVES,0.999999999999409,12,41660.1188309263
pipe,13,13,61.0801185886043,Phaner electromontis,Phaner_electromontis,MAMMALIA,6.41384153565738e-08,1,17.2483306993491
pipe,13,13,61.0801185886043,Phaner furcifer,Phaner_furcifer,MAMMALIA,0.887896749966768,22,510.357693982383
pipe,13,13,61.0801185886043,Phaner pallescens,Phaner_pallescens,MAMMALIA,0.999999953187714,19,1747.6654346547
pipe,13,13,61.0801185886043,Phaner parienti,Phaner_parienti,MAMMALIA,0.00280017666108179,1,24.4501852478606
pipe,13,13,61.0801185886043,Philepitta castanea,Philepitta_castanea,AVES,0.998914971503053,4,33534.6340704121
pipe,13,13,61.0801185886043,Philepitta schlegeli,Philepitta_schlegeli,AVES,0.994096669271778,12,3344.1387490356
pipe,13,13,61.0801185886043,Ploceus nelicourvi,Ploceus_nelicourvi,AVES,0.99999999999735,8,47757.1746141069
pipe,13,13,61.0801185886043,Ploceus sakalava,Ploceus_sakalava,AVES,0.999999998237844,37,12000.92386567
pipe,13,13,61.0801185886043,Polyboroides radiatus,Polyboroides_radiatus,AVES,0.995443066756746,1,54863.9880734768
pipe,13,13,61.0801185886043,Pseudobias wardi,Pseudobias_wardi,AVES,0.999999999999988,14,35200.7136481703
pipe,13,13,61.0801185886043,Pterocles personatus,Pterocles_personatus,AVES,0.939919864031225,3,6590.36395288397
pipe,13,13,61.0801185886043,Rallus madagascariensis,Rallus_madagascariensis,AVES,0.999995097521847,4,12252.8549844998
pipe,13,13,61.0801185886043,Randia pseudozosterops,Randia_pseudozosterops,AVES,0.999999999985419,10,36534.2313192314
pipe,13,13,61.0801185886043,Sarothrura insularis,Sarothrura_insularis,AVES,0.999999106048069,5,51519.8556234565
pipe,13,13,61.0801185886043,Schetba rufa,Schetba_rufa,AVES,1,23,20840.6657644423
pipe,13,13,61.0801185886043,Setifer setosus,Setifer_setosus,MAMMALIA,1,124,67049.6259364179
pipe,13,13,61.0801185886043,Tenrec ecaudatus,Tenrec_ecaudatus,MAMMALIA,1,106,67117.1700975738
pipe,13,13,61.0801185886043,Thamnornis chloropetoides,Thamnornis_chloropetoides,AVES,0.999988379745874,6,1844.13686155901
pipe,13,13,61.0801185886043,Treron australis,Treron_australis,AVES,0.999956344277763,6,57160.9434255459
pipe,13,13,61.0801185886043,Turnix nigricollis,Turnix_nigricollis,AVES,0.999999999978256,15,59328.3977984081
pipe,13,13,61.0801185886043,Tylas eduardi,Tylas_eduardi,AVES,0.999999999997238,7,46553.453956687
pipe,13,13,61.0801185886043,Vanga curvirostris,Vanga_curvirostris,AVES,0.999999999999994,18,66876.0663411125
pipe,13,13,61.0801185886043,Varecia rubra,Varecia_rubra,MAMMALIA,1,30,50826.4257492855
pipe,13,13,61.0801185886043,Varecia variegata,Varecia_variegata,MAMMALIA,1,28,50796.1448261142
pipe,13,13,61.0801185886043,Xanthomixis apperti,Xanthomixis_apperti,AVES,0.441311211243701,1,68.4073900828693
pipe,13,13,61.0801185886043,Xanthomixis cinereiceps,Xanthomixis_cinereiceps,AVES,1,17,14219.9977700309
pipe,13,13,61.0801185886043,Xanthomixis zosterops,Xanthomixis_zosterops,AVES,0.999999999999807,13,47760.5561106031
pipe,13,13,61.0801185886043,Xenopirostris damii,Xenopirostris_damii,AVES,0.00179910755944268,1,93.5023436630614
pipe,13,13,61.0801185886043,Xenopirostris polleni,Xenopirostris_polleni,AVES,0.999999997809589,8,14186.9674693484
pipe,13,13,61.0801185886043,Xenopirostris xenopirostris,Xenopirostris_xenopirostris,AVES,0.965058075374104,1,1102.55740261015
pipe,14,14,65.7855369548315,Accipiter henstii,Accipiter_henstii,AVES,0.685668497277161,1,55693.2732378744
pipe,14,14,65.7855369548315,Accipiter madagascariensis,Accipiter_madagascariensis,AVES,0.870735297228711,1,55803.9843044268
pipe,14,14,65.7855369548315,Acrocephalus newtoni,Acrocephalus_newtoni,AVES,1,37,58201.3017682445
pipe,14,14,65.7855369548315,Alectroenas madagascariensis,Alectroenas_madagascariensis,AVES,0.997237413344742,7,44296.3212893695
pipe,14,14,65.7855369548315,Allocebus trichotis,Allocebus_trichotis,MAMMALIA,0.0078347349602923,3,72.1001097191941
pipe,14,14,65.7855369548315,Anas bernieri,Anas_bernieri,AVES,0,0,0
pipe,14,14,65.7855369548315,Apus balstoni,Apus_balstoni,AVES,1,16,56033.9681340618
pipe,14,14,65.7855369548315,Artamella viridis,Artamella_viridis,AVES,1,23,56234.2169924665
pipe,14,14,65.7855369548315,Asio madagascariensis,Asio_madagascariensis,AVES,0.827281457318128,3,47284.2120705679
pipe,14,14,65.7855369548315,Atelornis crossleyi,Atelornis_crossleyi,AVES,0.999998211211245,6,10868.2238574096
pipe,14,14,65.7855369548315,Atelornis pittoides,Atelornis_pittoides,AVES,0.999998308794629,3,33545.3118336401
pipe,14,14,65.7855369548315,Athene superciliaris,Athene_superciliaris,AVES,0.999999918156009,6,31765.9552195962
pipe,14,14,65.7855369548315,Avahi laniger,Avahi_laniger,MAMMALIA,1,55,27282.2325996231
pipe,14,14,65.7855369548315,Avahi occidentalis,Avahi_occidentalis,MAMMALIA,0.995652526496807,3,589.937683664781
pipe,14,14,65.7855369548315,Aviceda madagascariensis,Aviceda_madagascariensis,AVES,0.943069348116036,1,51507.3836515616
pipe,14,14,65.7855369548315,Bernieria madagascariensis,Bernieria_madagascariensis,AVES,1,29,55679.0291520647
pipe,14,14,65.7855369548315,Brachypteracias leptosomus,Brachypteracias_leptosomus,AVES,0.999669998028416,1,30295.2992778157
pipe,14,14,65.7855369548315,Brachytarsomys albicauda,Brachytarsomys_albicauda,MAMMALIA,0.999999984175033,36,1603.08191085025
pipe,14,14,65.7855369548315,Brachyuromys betsileoensis,Brachyuromys_betsileoensis,MAMMALIA,1,28,9789.83651953006
pipe,14,14,65.7855369548315,Brachyuromys ramirohitra,Brachyuromys_ramirohitra,MAMMALIA,0.655414845690046,2,90.5857082152948
pipe,14,14,65.7855369548315,Bradypterus brunneus,Bradypterus_brunneus,AVES,1,33,10507.6636061124
pipe,14,14,65.7855369548315,Bradypterus seebohmi,Bradypterus_seebohmi,AVES,0.452718233996164,1,71.7493427546058
pipe,14,14,65.7855369548315,Buteo brachypterus,Buteo_brachypterus,AVES,0.773111178581362,1,60089.0633161483
pipe,14,14,65.7855369548315,Calicalicus madagascariensis,Calicalicus_madagascariensis,AVES,1,39,55821.6788611812
pipe,14,14,65.7855369548315,Cheirogaleus crossleyi,Cheirogaleus_crossleyi,MAMMALIA,1,58,4594.41045321513
pipe,14,14,65.7855369548315,Cheirogaleus major,Cheirogaleus_major,MAMMALIA,1,34,47321.3810179072
pipe,14,14,65.7855369548315,Cheirogaleus medius,Cheirogaleus_medius,MAMMALIA,1,206,17458.9871829735
pipe,14,14,65.7855369548315,Cinnyris notatus,Cinnyris_notatus,AVES,1,39,56928.283530277
pipe,14,14,65.7855369548315,Copsychus albospecularis,Copsychus_albospecularis,AVES,0.99999998277395,8,40981.764254569
pipe,14,14,65.7855369548315,Coracopsis nigra,Coracopsis_nigra,AVES,0.999960584446974,10,58986.6311447849
pipe,14,14,65.7855369548315,Corythornis madagascariensis,Corythornis_madagascariensis,AVES,0.890414126381457,10,55229.4115276982
pipe,14,14,65.7855369548315,Coua caerulea,Coua_caerulea,AVES,0.999840264323649,3,33435.2884579002
pipe,14,14,65.7855369548315,Coua coquereli,Coua_coquereli,AVES,0.999998253155215,6,10421.566260314
pipe,14,14,65.7855369548315,Coua cristata,Coua_cristata,AVES,0.999999999999974,12,48973.9675282847
pipe,14,14,65.7855369548315,Coua cursor,Coua_cursor,AVES,0.991756413314101,2,3698.91354939265
pipe,14,14,65.7855369548315,Coua gigas,Coua_gigas,AVES,0.999967945018043,2,11158.1847699727
pipe,14,14,65.7855369548315,Coua reynaudii,Coua_reynaudii,AVES,0.999576074977338,3,28756.4780664953
pipe,14,14,65.7855369548315,Coua ruficeps,Coua_ruficeps,AVES,0.959346120072291,3,1326.55515300157
pipe,14,14,65.7855369548315,Coua serriana,Coua_serriana,AVES,0.988212503065454,1,24945.7448580923
pipe,14,14,65.7855369548315,Crossleyia xanthophrys,Crossleyia_xanthophrys,AVES,0.999999999999979,36,3493.18322212633
pipe,14,14,65.7855369548315,Cryptoprocta ferox,Cryptoprocta_ferox,MAMMALIA,0.0704722846506246,2,26796.670758898
pipe,14,14,65.7855369548315,Cryptosylvicola randrianasoloi,Cryptosylvicola_randrianasoloi,AVES,1,26,5228.73780747763
pipe,14,14,65.7855369548315,Cyanolanius madagascarinus,Cyanolanius_madagascarinus,AVES,1,32,56183.8398079438
pipe,14,14,65.7855369548315,Daubentonia madagascariensis,Daubentonia_madagascariensis,MAMMALIA,1,46,21334.6284196933
pipe,14,14,65.7855369548315,Echinops telfairi,Echinops_telfairi,MAMMALIA,1,164,17292.9782324783
pipe,14,14,65.7855369548315,Eliurus antsingy,Eliurus_antsingy,MAMMALIA,0.0133737178258206,3,49.043584514739
pipe,14,14,65.7855369548315,Eliurus grandidieri,Eliurus_grandidieri,MAMMALIA,0.99962687477772,23,879.685595314434
pipe,14,14,65.7855369548315,Eliurus majori,Eliurus_majori,MAMMALIA,1,32,32219.9151362792
pipe,14,14,65.7855369548315,Eliurus minor,Eliurus_minor,MAMMALIA,1,121,49173.4844189368
pipe,14,14,65.7855369548315,Eliurus myoxinus,Eliurus_myoxinus,MAMMALIA,1,182,39420.0674042596
pipe,14,14,65.7855369548315,Eliurus tanala,Eliurus_tanala,MAMMALIA,1,48,34071.0942378443
pipe,14,14,65.7855369548315,Eliurus webbi,Eliurus_webbi,MAMMALIA,1,34,43395.9243164598
pipe,14,14,65.7855369548315,Eremopterix hova,Eremopterix_hova,AVES,0.999946767081463,17,2455.50029830756
pipe,14,14,65.7855369548315,Eulemur albifrons,Eulemur_albifrons,MAMMALIA,1,19,13813.014653025
pipe,14,14,65.7855369548315,Eulemur cinereiceps,Eulemur_cinereiceps,MAMMALIA,1,86,54076.7394607462
pipe,14,14,65.7855369548315,Eulemur collaris,Eulemur_collaris,MAMMALIA,1,79,53987.0659751004
pipe,14,14,65.7855369548315,Eulemur coronatus,Eulemur_coronatus,MAMMALIA,1,114,13914.8161645044
pipe,14,14,65.7855369548315,Eulemur flavifrons,Eulemur_flavifrons,MAMMALIA,0.000213248908682684,1,25.074716512655
pipe,14,14,65.7855369548315,Eulemur fulvus,Eulemur_fulvus,MAMMALIA,1,79,54078.8409854052
pipe,14,14,65.7855369548315,Eulemur macaco,Eulemur_macaco,MAMMALIA,1,20,27154.5190880348
pipe,14,14,65.7855369548315,Eulemur mongoz,Eulemur_mongoz,MAMMALIA,0.999634409765933,10,884.729314649571
pipe,14,14,65.7855369548315,Eulemur rubriventer,Eulemur_rubriventer,MAMMALIA,1,66,50109.8260555792
pipe,14,14,65.7855369548315,Eulemur rufus,Eulemur_rufus,MAMMALIA,1,80,22255.0780538735
pipe,14,14,65.7855369548315,Eulemur sanfordi,Eulemur_sanfordi,MAMMALIA,1,89,54095.5923618263
pipe,14,14,65.7855369548315,Euryceros prevostii,Euryceros_prevostii,AVES,0.998420394342367,3,2498.58254406362
pipe,14,14,65.7855369548315,Falco zoniventris,Falco_zoniventris,AVES,0.91040949784803,3,37383.618874607
pipe,14,14,65.7855369548315,Falculea palliata,Falculea_palliata,AVES,0.999999906535571,15,8264.51292963174
pipe,14,14,65.7855369548315,Fossa fossana,Fossa_fossana,MAMMALIA,0.95982851236626,2,42056.1314875263
pipe,14,14,65.7855369548315,Foudia madagascariensis,Foudia_madagascariensis,AVES,0.999999999999997,42,61515.17187476
pipe,14,14,65.7855369548315,Foudia omissa,Foudia_omissa,AVES,0.999999998896496,9,36871.495907054
pipe,14,14,65.7855369548315,Gactornis enarratus,Gactornis_enarratus,AVES,0.999999980808573,4,36841.8096882134
pipe,14,14,65.7855369548315,Galidia elegans,Galidia_elegans,MAMMALIA,0.96164667641199,3,40950.6051547707
pipe,14,14,65.7855369548315,Galidictis fasciata,Galidictis_fasciata,MAMMALIA,0,2,2920.77011981549
pipe,14,14,65.7855369548315,Geobiastes squamiger,Geobiastes_squamiger,AVES,0.998441336169016,5,8981.62029984808
pipe,14,14,65.7855369548315,Geogale aurita,Geogale_aurita,MAMMALIA,0.999999999999961,165,12285.779363236
pipe,14,14,65.7855369548315,Gymnuromys roberti,Gymnuromys_roberti,MAMMALIA,1,34,21470.0437031373
pipe,14,14,65.7855369548315,Haliaeetus vociferoides,Haliaeetus_vociferoides,AVES,2.31966967856323e-09,1,2044.75858857331
pipe,14,14,65.7855369548315,Hapalemur alaotrensis,Hapalemur_alaotrensis,MAMMALIA,0.999999341887825,17,1416.29265357914
pipe,14,14,65.7855369548315,Hapalemur aureus,Hapalemur_aureus,MAMMALIA,0.999999906494432,13,1363.08028738916
pipe,14,14,65.7855369548315,Hapalemur griseus,Hapalemur_griseus,MAMMALIA,1,70,55172.0997303162
pipe,14,14,65.7855369548315,Hapalemur occidentalis,Hapalemur_occidentalis,MAMMALIA,0.9995223789822,14,647.380726205093
pipe,14,14,65.7855369548315,Hartertula flavoviridis,Hartertula_flavoviridis,AVES,1,31,6975.39829061959
pipe,14,14,65.7855369548315,Hartlaubius auratus,Hartlaubius_auratus,AVES,0.999999999999978,23,55443.9009988071
pipe,14,14,65.7855369548315,Hemicentetes nigriceps,Hemicentetes_nigriceps,MAMMALIA,0.999554137506906,18,1389.32335969427
pipe,14,14,65.7855369548315,Hemicentetes semispinosus,Hemicentetes_semispinosus,MAMMALIA,1,29,46437.3938255448
pipe,14,14,65.7855369548315,Hypogeomys antimena,Hypogeomys_antimena,MAMMALIA,0.133821965614829,3,81.1960723686169
pipe,14,14,65.7855369548315,Hypositta corallirostris,Hypositta_corallirostris,AVES,0.99999989153866,8,43976.3144388534
pipe,14,14,65.7855369548315,Indri indri,Indri_indri,MAMMALIA,0.999999999989562,11,45246.8656581338
pipe,14,14,65.7855369548315,Lemur catta,Lemur_catta,MAMMALIA,1,76,8037.28307514022
pipe,14,14,65.7855369548315,Lepidopygia nana,Lepidopygia_nana,AVES,0.999989548450265,59,63461.4033678388
pipe,14,14,65.7855369548315,Lepilemur ankaranensis,Lepilemur_ankaranensis,MAMMALIA,0.942459903341343,9,315.213818007167
pipe,14,14,65.7855369548315,Lepilemur edwardsi,Lepilemur_edwardsi,MAMMALIA,0.999999999999998,32,3642.12716637409
pipe,14,14,65.7855369548315,Lepilemur leucopus,Lepilemur_leucopus,MAMMALIA,0.999999999996673,28,2756.13112566605
pipe,14,14,65.7855369548315,Lepilemur microdon,Lepilemur_microdon,MAMMALIA,0.999999996185048,18,2856.18104631906
pipe,14,14,65.7855369548315,Lepilemur mustelinus,Lepilemur_mustelinus,MAMMALIA,1,75,46272.940023974
pipe,14,14,65.7855369548315,Lepilemur ruficaudatus,Lepilemur_ruficaudatus,MAMMALIA,1,58,4602.28385365311
pipe,14,14,65.7855369548315,Leptopterus chabert,Leptopterus_chabert,AVES,1,36,60527.2341662368
pipe,14,14,65.7855369548315,Lophotibis cristata,Lophotibis_cristata,AVES,0.999998403232438,3,55267.7300634213
pipe,14,14,65.7855369548315,Macrotarsomys bastardi,Macrotarsomys_bastardi,MAMMALIA,0.999999999726454,47,2201.4972450202
pipe,14,14,65.7855369548315,Margaroperdix madagarensis,Margaroperdix_madagarensis,AVES,0.999999999977426,12,50780.9184388837
pipe,14,14,65.7855369548315,Mentocrex kioloides,Mentocrex_kioloides,AVES,0.996942340974397,1,27383.2066624245
pipe,14,14,65.7855369548315,Mesitornis unicolor,Mesitornis_unicolor,AVES,0,0,0
pipe,14,14,65.7855369548315,Mesitornis variegatus,Mesitornis_variegatus,AVES,0.998302900599906,5,2634.71751237997
pipe,14,14,65.7855369548315,Microcebus berthae,Microcebus_berthae,MAMMALIA,1.52725564417366e-08,1,10.8090685387869
pipe,14,14,65.7855369548315,Microcebus griseorufus,Microcebus_griseorufus,MAMMALIA,0.995763539856305,11,459.298684679831
pipe,14,14,65.7855369548315,Microcebus murinus,Microcebus_murinus,MAMMALIA,1,319,35780.4782215749
pipe,14,14,65.7855369548315,Microcebus myoxinus,Microcebus_myoxinus,MAMMALIA,0.999999581293979,28,670.041025191566
pipe,14,14,65.7855369548315,Microcebus ravelobensis,Microcebus_ravelobensis,MAMMALIA,0.778620368188717,9,218.856960565414
pipe,14,14,65.7855369548315,Microcebus rufus,Microcebus_rufus,MAMMALIA,1,62,45363.4318059459
pipe,14,14,65.7855369548315,Microcebus tavaratra,Microcebus_tavaratra,MAMMALIA,0.993455720807786,19,570.618823575543
pipe,14,14,65.7855369548315,Microgale brevicaudata,Microgale_brevicaudata,MAMMALIA,1,171,16388.4127973592
pipe,14,14,65.7855369548315,Microgale cowani,Microgale_cowani,MAMMALIA,0.999999999999999,38,38860.620679538
pipe,14,14,65.7855369548315,Microgale drouhardi,Microgale_drouhardi,MAMMALIA,1,52,20999.2052970244
pipe,14,14,65.7855369548315,Microgale dryas,Microgale_dryas,MAMMALIA,0.897201396035758,32,1125.93689495235
pipe,14,14,65.7855369548315,Microgale fotsifotsy,Microgale_fotsifotsy,MAMMALIA,1,49,23339.7572648272
pipe,14,14,65.7855369548315,Microgale gracilis,Microgale_gracilis,MAMMALIA,0.999999999944987,49,7394.1123566551
pipe,14,14,65.7855369548315,Microgale gymnorhyncha,Microgale_gymnorhyncha,MAMMALIA,0.999999999999998,30,14190.1335934168
pipe,14,14,65.7855369548315,Microgale longicaudata,Microgale_longicaudata,MAMMALIA,1,85,42489.628082005
pipe,14,14,65.7855369548315,Microgale mergulus,Microgale_mergulus,MAMMALIA,0.999999999685413,37,3632.50547524569
pipe,14,14,65.7855369548315,Microgale parvula,Microgale_parvula,MAMMALIA,0.999999999999954,79,45800.9558173433
pipe,14,14,65.7855369548315,Microgale principula,Microgale_principula,MAMMALIA,1,51,39631.6340110158
pipe,14,14,65.7855369548315,Microgale pusilla,Microgale_pusilla,MAMMALIA,0.999999996267675,93,13369.1439214115
pipe,14,14,65.7855369548315,Microgale soricoides,Microgale_soricoides,MAMMALIA,1,25,20819.3942640234
pipe,14,14,65.7855369548315,Microgale taiva,Microgale_taiva,MAMMALIA,1,43,33282.1079495455
pipe,14,14,65.7855369548315,Microgale thomasi,Microgale_thomasi,MAMMALIA,1,48,20541.3823619434
pipe,14,14,65.7855369548315,Mirza coquereli,Mirza_coquereli,MAMMALIA,0.999677947978835,14,1135.11337116334
pipe,14,14,65.7855369548315,Monias benschi,Monias_benschi,AVES,0,0,0
pipe,14,14,65.7855369548315,Monticola erythronotus,Monticola_erythronotus,AVES,0.505764981643122,1,97.497303661992
pipe,14,14,65.7855369548315,Monticola sharpei,Monticola_sharpei,AVES,0.999999999999998,22,49386.7169697828
pipe,14,14,65.7855369548315,Monticolomys koopmani,Monticolomys_koopmani,MAMMALIA,0.132627247638879,4,91.67036602125
pipe,14,14,65.7855369548315,Motacilla flaviventris,Motacilla_flaviventris,AVES,0.999999992218557,17,2903.38765396387
pipe,14,14,65.7855369548315,Mystacornis crossleyi,Mystacornis_crossleyi,AVES,0.999999999987974,5,36146.3788898334
pipe,14,14,65.7855369548315,Neodrepanis coruscans,Neodrepanis_coruscans,AVES,0.99999916383183,12,24649.972362757
pipe,14,14,65.7855369548315,Neodrepanis hypoxantha,Neodrepanis_hypoxantha,AVES,0.0211788109146442,3,88.4296056242715
pipe,14,14,65.7855369548315,Neomixis striatigula,Neomixis_striatigula,AVES,0.999999999999942,11,40601.5387161288
pipe,14,14,65.7855369548315,Neomixis tenella,Neomixis_tenella,AVES,1,67,49333.7671137486
pipe,14,14,65.7855369548315,Neomixis viridis,Neomixis_viridis,AVES,0.999999999996542,7,39690.1452426827
pipe,14,14,65.7855369548315,Nesillas lantzii,Nesillas_lantzii,AVES,0.999368023432817,4,1295.43348112363
pipe,14,14,65.7855369548315,Nesogale dobsoni,Nesogale_dobsoni,MAMMALIA,1,42,44540.6189152345
pipe,14,14,65.7855369548315,Nesogale talazaci,Nesogale_talazaci,MAMMALIA,1,36,44671.0293392293
pipe,14,14,65.7855369548315,Nesomys audeberti,Nesomys_audeberti,MAMMALIA,1,51,3173.61321176556
pipe,14,14,65.7855369548315,Nesomys lambertoni,Nesomys_lambertoni,MAMMALIA,0.999484452930528,8,537.174862519303
pipe,14,14,65.7855369548315,Nesomys rufus,Nesomys_rufus,MAMMALIA,1,36,34281.0496054736
pipe,14,14,65.7855369548315,Newtonia amphichroa,Newtonia_amphichroa,AVES,1,11,32763.0386785669
pipe,14,14,65.7855369548315,Newtonia archboldi,Newtonia_archboldi,AVES,0.999666095012044,5,1010.91658881536
pipe,14,14,65.7855369548315,Newtonia brunneicauda,Newtonia_brunneicauda,AVES,1,57,60744.636945266
pipe,14,14,65.7855369548315,Newtonia fanovanae,Newtonia_fanovanae,AVES,0.353055283448799,2,98.220702482002
pipe,14,14,65.7855369548315,Oriolia bernieri,Oriolia_bernieri,AVES,0.999999271339594,11,9656.58507758954
pipe,14,14,65.7855369548315,Oryzorictes hova,Oryzorictes_hova,MAMMALIA,1,36,43174.5680525758
pipe,14,14,65.7855369548315,Oryzorictes tetradactylus,Oryzorictes_tetradactylus,MAMMALIA,0.999999988042398,56,5335.6920304976
pipe,14,14,65.7855369548315,Otus rutilus,Otus_rutilus,AVES,0.999999999996384,10,58441.2563225764
pipe,14,14,65.7855369548315,Oxylabes madagascariensis,Oxylabes_madagascariensis,AVES,0.999999999999967,10,37704.4232070746
pipe,14,14,65.7855369548315,Phaner electromontis,Phaner_electromontis,MAMMALIA,0,0,0
pipe,14,14,65.7855369548315,Phaner furcifer,Phaner_furcifer,MAMMALIA,0.887896737361262,19,468.166934086511
pipe,14,14,65.7855369548315,Phaner pallescens,Phaner_pallescens,MAMMALIA,0.999999282409101,18,1509.85587003462
pipe,14,14,65.7855369548315,Phaner parienti,Phaner_parienti,MAMMALIA,0.00280017666108179,1,24.4501852478606
pipe,14,14,65.7855369548315,Philepitta castanea,Philepitta_castanea,AVES,0.9988212385335,3,31834.73501035
pipe,14,14,65.7855369548315,Philepitta schlegeli,Philepitta_schlegeli,AVES,0.992363686246473,14,3109.38168556887
pipe,14,14,65.7855369548315,Ploceus nelicourvi,Ploceus_nelicourvi,AVES,0.999999999999946,8,42961.5428473012
pipe,14,14,65.7855369548315,Ploceus sakalava,Ploceus_sakalava,AVES,0.999999996016535,35,10052.5735691759
pipe,14,14,65.7855369548315,Polyboroides radiatus,Polyboroides_radiatus,AVES,0.998598719523982,2,47315.816289201
pipe,14,14,65.7855369548315,Pseudobias wardi,Pseudobias_wardi,AVES,1,12,32857.7010248792
pipe,14,14,65.7855369548315,Pterocles personatus,Pterocles_personatus,AVES,0.928156203730188,3,5970.16433732325
pipe,14,14,65.7855369548315,Rallus madagascariensis,Rallus_madagascariensis,AVES,0.999999916284482,5,11906.6496086545
pipe,14,14,65.7855369548315,Randia pseudozosterops,Randia_pseudozosterops,AVES,0.999999999998633,8,33068.7911014784
pipe,14,14,65.7855369548315,Sarothrura insularis,Sarothrura_insularis,AVES,0.999999647373422,6,46449.3187752173
pipe,14,14,65.7855369548315,Schetba rufa,Schetba_rufa,AVES,0.999999999999998,20,19239.0227285993
pipe,14,14,65.7855369548315,Setifer setosus,Setifer_setosus,MAMMALIA,1,96,59303.8505010029
pipe,14,14,65.7855369548315,Tenrec ecaudatus,Tenrec_ecaudatus,MAMMALIA,1,81,59750.7604475017
pipe,14,14,65.7855369548315,Thamnornis chloropetoides,Thamnornis_chloropetoides,AVES,0.999883989271514,5,1499.18228158942
pipe,14,14,65.7855369548315,Treron australis,Treron_australis,AVES,0.999923456914394,7,49962.3438891926
pipe,14,14,65.7855369548315,Turnix nigricollis,Turnix_nigricollis,AVES,0.999999999930093,14,52936.5661587097
pipe,14,14,65.7855369548315,Tylas eduardi,Tylas_eduardi,AVES,0.999999999994493,6,42156.6676858767
pipe,14,14,65.7855369548315,Vanga curvirostris,Vanga_curvirostris,AVES,0.999999999999908,19,59244.1446755232
pipe,14,14,65.7855369548315,Varecia rubra,Varecia_rubra,MAMMALIA,1,20,46357.6354723568
pipe,14,14,65.7855369548315,Varecia variegata,Varecia_variegata,MAMMALIA,1,16,46297.4464472228
pipe,14,14,65.7855369548315,Xanthomixis apperti,Xanthomixis_apperti,AVES,0.441311211243701,1,68.4073900828693
pipe,14,14,65.7855369548315,Xanthomixis cinereiceps,Xanthomixis_cinereiceps,AVES,1,18,13671.4706412069
pipe,14,14,65.7855369548315,Xanthomixis zosterops,Xanthomixis_zosterops,AVES,1,11,42946.1980291156
pipe,14,14,65.7855369548315,Xenopirostris damii,Xenopirostris_damii,AVES,0.00179910755944268,1,93.5023436630614
pipe,14,14,65.7855369548315,Xenopirostris polleni,Xenopirostris_polleni,AVES,0.999999999841037,8,13597.5881783262
pipe,14,14,65.7855369548315,Xenopirostris xenopirostris,Xenopirostris_xenopirostris,AVES,0.965058075374104,1,1102.55740261015
pipe,15,15,70.4793253092505,Accipiter henstii,Accipiter_henstii,AVES,0.649318850863723,1,48081.6688257302
pipe,15,15,70.4793253092505,Accipiter madagascariensis,Accipiter_madagascariensis,AVES,0.873809673622931,3,48130.8602347527
pipe,15,15,70.4793253092505,Acrocephalus newtoni,Acrocephalus_newtoni,AVES,1,35,50074.4368323369
pipe,15,15,70.4793253092505,Alectroenas madagascariensis,Alectroenas_madagascariensis,AVES,0.997191112982702,8,38932.0053844879
pipe,15,15,70.4793253092505,Allocebus trichotis,Allocebus_trichotis,MAMMALIA,0.0078347349602923,3,72.1001097191941
pipe,15,15,70.4793253092505,Anas bernieri,Anas_bernieri,AVES,0,0,0
pipe,15,15,70.4793253092505,Apus balstoni,Apus_balstoni,AVES,1,23,48122.7823041196
pipe,15,15,70.4793253092505,Artamella viridis,Artamella_viridis,AVES,1,25,48742.4882166025
pipe,15,15,70.4793253092505,Asio madagascariensis,Asio_madagascariensis,AVES,0.809128879923684,2,41139.7235491573
pipe,15,15,70.4793253092505,Atelornis crossleyi,Atelornis_crossleyi,AVES,0.999995854779092,6,10182.8828083438
pipe,15,15,70.4793253092505,Atelornis pittoides,Atelornis_pittoides,AVES,0.999998457218222,4,30343.0032740975
pipe,15,15,70.4793253092505,Athene superciliaris,Athene_superciliaris,AVES,0.99999975751178,7,27313.9623912129
pipe,15,15,70.4793253092505,Avahi laniger,Avahi_laniger,MAMMALIA,1,52,24973.0343431771
pipe,15,15,70.4793253092505,Avahi occidentalis,Avahi_occidentalis,MAMMALIA,0.995267895145549,4,574.880980554762
pipe,15,15,70.4793253092505,Aviceda madagascariensis,Aviceda_madagascariensis,AVES,0.932590293552044,1,44993.4789366843
pipe,15,15,70.4793253092505,Bernieria madagascariensis,Bernieria_madagascariensis,AVES,1,32,47925.4853575149
pipe,15,15,70.4793253092505,Brachypteracias leptosomus,Brachypteracias_leptosomus,AVES,0.999681134443987,2,26485.0660739862
pipe,15,15,70.4793253092505,Brachytarsomys albicauda,Brachytarsomys_albicauda,MAMMALIA,0.99999995425103,36,1504.52056397017
pipe,15,15,70.4793253092505,Brachyuromys betsileoensis,Brachyuromys_betsileoensis,MAMMALIA,1,29,9040.35184892821
pipe,15,15,70.4793253092505,Brachyuromys ramirohitra,Brachyuromys_ramirohitra,MAMMALIA,0.655414845690046,2,90.5857082152948
pipe,15,15,70.4793253092505,Bradypterus brunneus,Bradypterus_brunneus,AVES,1,32,9749.77139132318
pipe,15,15,70.4793253092505,Bradypterus seebohmi,Bradypterus_seebohmi,AVES,0.452718233996164,1,71.7493427546058
pipe,15,15,70.4793253092505,Buteo brachypterus,Buteo_brachypterus,AVES,0.743897134857891,1,51925.5183612277
pipe,15,15,70.4793253092505,Calicalicus madagascariensis,Calicalicus_madagascariensis,AVES,1,41,48011.6331550279
pipe,15,15,70.4793253092505,Cheirogaleus crossleyi,Cheirogaleus_crossleyi,MAMMALIA,1,53,4464.00114162627
pipe,15,15,70.4793253092505,Cheirogaleus major,Cheirogaleus_major,MAMMALIA,1,28,41006.7851874369
pipe,15,15,70.4793253092505,Cheirogaleus medius,Cheirogaleus_medius,MAMMALIA,1,175,15180.7307088432
pipe,15,15,70.4793253092505,Cinnyris notatus,Cinnyris_notatus,AVES,1,44,48894.0866654643
pipe,15,15,70.4793253092505,Copsychus albospecularis,Copsychus_albospecularis,AVES,0.999999823817855,7,36453.5385303782
pipe,15,15,70.4793253092505,Coracopsis nigra,Coracopsis_nigra,AVES,0.999940549228461,12,50784.688501693
pipe,15,15,70.4793253092505,Corythornis madagascariensis,Corythornis_madagascariensis,AVES,0.845531312562387,12,47575.1833944648
pipe,15,15,70.4793253092505,Coua caerulea,Coua_caerulea,AVES,0.99985560781289,3,30021.9857114951
pipe,15,15,70.4793253092505,Coua coquereli,Coua_coquereli,AVES,0.999992610495401,6,8941.30620268323
pipe,15,15,70.4793253092505,Coua cristata,Coua_cristata,AVES,0.999999999999682,11,42590.8523660135
pipe,15,15,70.4793253092505,Coua cursor,Coua_cursor,AVES,0.991383504214668,2,3584.0046436879
pipe,15,15,70.4793253092505,Coua gigas,Coua_gigas,AVES,0.999934726894597,2,9988.0524125369
pipe,15,15,70.4793253092505,Coua reynaudii,Coua_reynaudii,AVES,0.999454810817866,2,25051.1910588774
pipe,15,15,70.4793253092505,Coua ruficeps,Coua_ruficeps,AVES,0.959346120072291,3,1326.55515300157
pipe,15,15,70.4793253092505,Coua serriana,Coua_serriana,AVES,0.99892378016018,2,22061.5644311892
pipe,15,15,70.4793253092505,Crossleyia xanthophrys,Crossleyia_xanthophrys,AVES,0.999999999999925,32,3295.24164661886
pipe,15,15,70.4793253092505,Cryptoprocta ferox,Cryptoprocta_ferox,MAMMALIA,0.0541957287396089,2,25921.5863563384
pipe,15,15,70.4793253092505,Cryptosylvicola randrianasoloi,Cryptosylvicola_randrianasoloi,AVES,1,25,4839.79315895309
pipe,15,15,70.4793253092505,Cyanolanius madagascarinus,Cyanolanius_madagascarinus,AVES,1,34,48422.5888175322
pipe,15,15,70.4793253092505,Daubentonia madagascariensis,Daubentonia_madagascariensis,MAMMALIA,1,40,18361.9311076849
pipe,15,15,70.4793253092505,Echinops telfairi,Echinops_telfairi,MAMMALIA,1,145,15132.4143589567
pipe,15,15,70.4793253092505,Eliurus antsingy,Eliurus_antsingy,MAMMALIA,0.0133737178258206,3,49.043584514739
pipe,15,15,70.4793253092505,Eliurus grandidieri,Eliurus_grandidieri,MAMMALIA,0.99962687477772,23,879.685595314434
pipe,15,15,70.4793253092505,Eliurus majori,Eliurus_majori,MAMMALIA,1,35,29575.6895201415
pipe,15,15,70.4793253092505,Eliurus minor,Eliurus_minor,MAMMALIA,1,101,43090.2934319348
pipe,15,15,70.4793253092505,Eliurus myoxinus,Eliurus_myoxinus,MAMMALIA,1,150,35114.9205523564
pipe,15,15,70.4793253092505,Eliurus tanala,Eliurus_tanala,MAMMALIA,1,41,30897.6921307989
pipe,15,15,70.4793253092505,Eliurus webbi,Eliurus_webbi,MAMMALIA,1,32,37945.7841965175
pipe,15,15,70.4793253092505,Eremopterix hova,Eremopterix_hova,AVES,0.999986672475387,17,2357.18369846122
pipe,15,15,70.4793253092505,Eulemur albifrons,Eulemur_albifrons,MAMMALIA,1,20,12012.3757354262
pipe,15,15,70.4793253092505,Eulemur cinereiceps,Eulemur_cinereiceps,MAMMALIA,1,82,46792.482252165
pipe,15,15,70.4793253092505,Eulemur collaris,Eulemur_collaris,MAMMALIA,1,75,46715.99208344
pipe,15,15,70.4793253092505,Eulemur coronatus,Eulemur_coronatus,MAMMALIA,1,102,11469.2536746413
pipe,15,15,70.4793253092505,Eulemur flavifrons,Eulemur_flavifrons,MAMMALIA,0.000213248908682684,1,25.074716512655
pipe,15,15,70.4793253092505,Eulemur fulvus,Eulemur_fulvus,MAMMALIA,1,78,46793.6693296303
pipe,15,15,70.4793253092505,Eulemur macaco,Eulemur_macaco,MAMMALIA,1,22,24806.1308081777
pipe,15,15,70.4793253092505,Eulemur mongoz,Eulemur_mongoz,MAMMALIA,0.99906703710951,9,839.995115269005
pipe,15,15,70.4793253092505,Eulemur rubriventer,Eulemur_rubriventer,MAMMALIA,1,60,43848.9029910059
pipe,15,15,70.4793253092505,Eulemur rufus,Eulemur_rufus,MAMMALIA,1,74,19865.8382432118
pipe,15,15,70.4793253092505,Eulemur sanfordi,Eulemur_sanfordi,MAMMALIA,1,83,46804.1087913727
pipe,15,15,70.4793253092505,Euryceros prevostii,Euryceros_prevostii,AVES,0.997434721298649,3,2192.93372457917
pipe,15,15,70.4793253092505,Falco zoniventris,Falco_zoniventris,AVES,0.892905739048788,3,33529.1621832173
pipe,15,15,70.4793253092505,Falculea palliata,Falculea_palliata,AVES,0.999999979933757,16,7607.66280728679
pipe,15,15,70.4793253092505,Fossa fossana,Fossa_fossana,MAMMALIA,0.933208674832813,2,37250.4096954145
pipe,15,15,70.4793253092505,Foudia madagascariensis,Foudia_madagascariensis,AVES,1,45,53288.4414120014
pipe,15,15,70.4793253092505,Foudia omissa,Foudia_omissa,AVES,0.999999992967495,9,32195.5292418549
pipe,15,15,70.4793253092505,Gactornis enarratus,Gactornis_enarratus,AVES,0.999999977054189,4,32058.9717659754
pipe,15,15,70.4793253092505,Galidia elegans,Galidia_elegans,MAMMALIA,0.941195710301174,3,37089.9061175467
pipe,15,15,70.4793253092505,Galidictis fasciata,Galidictis_fasciata,MAMMALIA,0,1,1584.28545674432
pipe,15,15,70.4793253092505,Geobiastes squamiger,Geobiastes_squamiger,AVES,0.997895386048929,5,8451.25425941496
pipe,15,15,70.4793253092505,Geogale aurita,Geogale_aurita,MAMMALIA,0.999999999999584,149,11089.3597070683
pipe,15,15,70.4793253092505,Gymnuromys roberti,Gymnuromys_roberti,MAMMALIA,1,34,19929.6081497665
pipe,15,15,70.4793253092505,Haliaeetus vociferoides,Haliaeetus_vociferoides,AVES,2.39580355554381e-10,1,1957.03667520732
pipe,15,15,70.4793253092505,Hapalemur alaotrensis,Hapalemur_alaotrensis,MAMMALIA,0.999999341887825,17,1416.0187452056
pipe,15,15,70.4793253092505,Hapalemur aureus,Hapalemur_aureus,MAMMALIA,0.999998416926612,12,922.597882726157
pipe,15,15,70.4793253092505,Hapalemur griseus,Hapalemur_griseus,MAMMALIA,1,72,47376.6658984754
pipe,15,15,70.4793253092505,Hapalemur occidentalis,Hapalemur_occidentalis,MAMMALIA,0.999279376994694,13,628.448956599466
pipe,15,15,70.4793253092505,Hartertula flavoviridis,Hartertula_flavoviridis,AVES,1,31,6504.86345631521
pipe,15,15,70.4793253092505,Hartlaubius auratus,Hartlaubius_auratus,AVES,0.999999999999998,28,48032.2833650145
pipe,15,15,70.4793253092505,Hemicentetes nigriceps,Hemicentetes_nigriceps,MAMMALIA,0.999553645514391,17,1376.65238451264
pipe,15,15,70.4793253092505,Hemicentetes semispinosus,Hemicentetes_semispinosus,MAMMALIA,0.999999999999993,23,40377.4667925689
pipe,15,15,70.4793253092505,Hypogeomys antimena,Hypogeomys_antimena,MAMMALIA,0.133821965614829,3,81.1960723686169
pipe,15,15,70.4793253092505,Hypositta corallirostris,Hypositta_corallirostris,AVES,0.999999626915649,9,38705.4014188787
pipe,15,15,70.4793253092505,Indri indri,Indri_indri,MAMMALIA,0.999999999905891,10,39478.5158514125
pipe,15,15,70.4793253092505,Lemur catta,Lemur_catta,MAMMALIA,1,67,7278.30030755443
pipe,15,15,70.4793253092505,Lepidopygia nana,Lepidopygia_nana,AVES,0.999975877676001,61,54834.0177964599
pipe,15,15,70.4793253092505,Lepilemur ankaranensis,Lepilemur_ankaranensis,MAMMALIA,0.942459903341341,6,281.192858119976
pipe,15,15,70.4793253092505,Lepilemur edwardsi,Lepilemur_edwardsi,MAMMALIA,0.999999999502517,30,2771.75354157147
pipe,15,15,70.4793253092505,Lepilemur leucopus,Lepilemur_leucopus,MAMMALIA,0.9999999999869,23,2559.61844262689
pipe,15,15,70.4793253092505,Lepilemur microdon,Lepilemur_microdon,MAMMALIA,0.999999846975279,19,2430.5712031146
pipe,15,15,70.4793253092505,Lepilemur mustelinus,Lepilemur_mustelinus,MAMMALIA,1,61,41196.7115331536
pipe,15,15,70.4793253092505,Lepilemur ruficaudatus,Lepilemur_ruficaudatus,MAMMALIA,1,43,3871.86534719286
pipe,15,15,70.4793253092505,Leptopterus chabert,Leptopterus_chabert,AVES,1,38,52270.0983077822
pipe,15,15,70.4793253092505,Lophotibis cristata,Lophotibis_cristata,AVES,0.999994994331813,3,47426.3455245409
pipe,15,15,70.4793253092505,Macrotarsomys bastardi,Macrotarsomys_bastardi,MAMMALIA,0.999999998453718,40,1968.23625930281
pipe,15,15,70.4793253092505,Margaroperdix madagarensis,Margaroperdix_madagarensis,AVES,0.999999999928872,12,44757.4373693481
pipe,15,15,70.4793253092505,Mentocrex kioloides,Mentocrex_kioloides,AVES,0.996733977931672,2,24386.1059313037
pipe,15,15,70.4793253092505,Mesitornis unicolor,Mesitornis_unicolor,AVES,0,0,0
pipe,15,15,70.4793253092505,Mesitornis variegatus,Mesitornis_variegatus,AVES,0.997648279662333,4,2387.96407538951
pipe,15,15,70.4793253092505,Microcebus berthae,Microcebus_berthae,MAMMALIA,1.52725564417366e-08,1,10.8090685387869
pipe,15,15,70.4793253092505,Microcebus griseorufus,Microcebus_griseorufus,MAMMALIA,0.995763539856305,11,459.298684679831
pipe,15,15,70.4793253092505,Microcebus murinus,Microcebus_murinus,MAMMALIA,1,288,29741.3098650659
pipe,15,15,70.4793253092505,Microcebus myoxinus,Microcebus_myoxinus,MAMMALIA,0.999997709660429,21,577.849908813544
pipe,15,15,70.4793253092505,Microcebus ravelobensis,Microcebus_ravelobensis,MAMMALIA,0.778620368188717,9,218.856960565414
pipe,15,15,70.4793253092505,Microcebus rufus,Microcebus_rufus,MAMMALIA,1,48,39657.1157895128
pipe,15,15,70.4793253092505,Microcebus tavaratra,Microcebus_tavaratra,MAMMALIA,0.993389601969015,17,547.071764066312
pipe,15,15,70.4793253092505,Microgale brevicaudata,Microgale_brevicaudata,MAMMALIA,1,147,14545.3121250203
pipe,15,15,70.4793253092505,Microgale cowani,Microgale_cowani,MAMMALIA,0.999999999999959,29,34605.7138716797
pipe,15,15,70.4793253092505,Microgale drouhardi,Microgale_drouhardi,MAMMALIA,1,47,18775.0825566161
pipe,15,15,70.4793253092505,Microgale dryas,Microgale_dryas,MAMMALIA,0.897173527007963,26,1055.73738193587
pipe,15,15,70.4793253092505,Microgale fotsifotsy,Microgale_fotsifotsy,MAMMALIA,1,45,21102.592436764
pipe,15,15,70.4793253092505,Microgale gracilis,Microgale_gracilis,MAMMALIA,0.999999999873936,48,6807.58967347119
pipe,15,15,70.4793253092505,Microgale gymnorhyncha,Microgale_gymnorhyncha,MAMMALIA,0.999999999999991,27,13327.0154663894
pipe,15,15,70.4793253092505,Microgale longicaudata,Microgale_longicaudata,MAMMALIA,1,57,37803.0679402833
pipe,15,15,70.4793253092505,Microgale mergulus,Microgale_mergulus,MAMMALIA,0.999999999080175,34,3271.4089132657
pipe,15,15,70.4793253092505,Microgale parvula,Microgale_parvula,MAMMALIA,0.999999999998343,59,40201.7681632552
pipe,15,15,70.4793253092505,Microgale principula,Microgale_principula,MAMMALIA,1,37,35408.009903428
pipe,15,15,70.4793253092505,Microgale pusilla,Microgale_pusilla,MAMMALIA,0.999999989424612,88,12800.5873954748
pipe,15,15,70.4793253092505,Microgale soricoides,Microgale_soricoides,MAMMALIA,1,24,19440.9719752778
pipe,15,15,70.4793253092505,Microgale taiva,Microgale_taiva,MAMMALIA,1,44,30368.8965240833
pipe,15,15,70.4793253092505,Microgale thomasi,Microgale_thomasi,MAMMALIA,1,40,18145.3278882608
pipe,15,15,70.4793253092505,Mirza coquereli,Mirza_coquereli,MAMMALIA,0.999537790365722,11,1058.0124427911
pipe,15,15,70.4793253092505,Monias benschi,Monias_benschi,AVES,0,0,0
pipe,15,15,70.4793253092505,Monticola erythronotus,Monticola_erythronotus,AVES,0.505764981643122,1,97.497303661992
pipe,15,15,70.4793253092505,Monticola sharpei,Monticola_sharpei,AVES,0.999999999999807,17,42707.4180300893
pipe,15,15,70.4793253092505,Monticolomys koopmani,Monticolomys_koopmani,MAMMALIA,0.132627247638879,4,91.67036602125
pipe,15,15,70.4793253092505,Motacilla flaviventris,Motacilla_flaviventris,AVES,0.999999949569891,15,2577.5971807103
pipe,15,15,70.4793253092505,Mystacornis crossleyi,Mystacornis_crossleyi,AVES,0.999999999946603,4,32554.6561363331
pipe,15,15,70.4793253092505,Neodrepanis coruscans,Neodrepanis_coruscans,AVES,0.999998192951784,11,22178.9264166778
pipe,15,15,70.4793253092505,Neodrepanis hypoxantha,Neodrepanis_hypoxantha,AVES,0.0211788109146442,3,88.4296056242715
pipe,15,15,70.4793253092505,Neomixis striatigula,Neomixis_striatigula,AVES,0.999999999999421,8,36169.6648022146
pipe,15,15,70.4793253092505,Neomixis tenella,Neomixis_tenella,AVES,1,57,44603.4614128667
pipe,15,15,70.4793253092505,Neomixis viridis,Neomixis_viridis,AVES,0.999999999997161,6,35531.4047413418
pipe,15,15,70.4793253092505,Nesillas lantzii,Nesillas_lantzii,AVES,0.998749974783892,4,1246.07556980157
pipe,15,15,70.4793253092505,Nesogale dobsoni,Nesogale_dobsoni,MAMMALIA,1,34,38890.3496111063
pipe,15,15,70.4793253092505,Nesogale talazaci,Nesogale_talazaci,MAMMALIA,1,28,39211.7132332639
pipe,15,15,70.4793253092505,Nesomys audeberti,Nesomys_audeberti,MAMMALIA,0.999999999999997,47,2834.80155348828
pipe,15,15,70.4793253092505,Nesomys lambertoni,Nesomys_lambertoni,MAMMALIA,0.999439784474524,8,528.723915307986
pipe,15,15,70.4793253092505,Nesomys rufus,Nesomys_rufus,MAMMALIA,1,28,30537.894638378
pipe,15,15,70.4793253092505,Newtonia amphichroa,Newtonia_amphichroa,AVES,1,12,29660.5098351051
pipe,15,15,70.4793253092505,Newtonia archboldi,Newtonia_archboldi,AVES,0.999236633491821,5,942.286452663309
pipe,15,15,70.4793253092505,Newtonia brunneicauda,Newtonia_brunneicauda,AVES,1,55,52475.8404438869
pipe,15,15,70.4793253092505,Newtonia fanovanae,Newtonia_fanovanae,AVES,0.353055283448799,2,98.220702482002
pipe,15,15,70.4793253092505,Oriolia bernieri,Oriolia_bernieri,AVES,0.999999920732255,13,8265.74744351844
pipe,15,15,70.4793253092505,Oryzorictes hova,Oryzorictes_hova,MAMMALIA,1,29,37910.2868085165
pipe,15,15,70.4793253092505,Oryzorictes tetradactylus,Oryzorictes_tetradactylus,MAMMALIA,0.999999881569527,53,4927.11860128804
pipe,15,15,70.4793253092505,Otus rutilus,Otus_rutilus,AVES,0.999999999988388,10,50243.2112115204
pipe,15,15,70.4793253092505,Oxylabes madagascariensis,Oxylabes_madagascariensis,AVES,0.999999999997316,9,33265.2554873105
pipe,15,15,70.4793253092505,Phaner electromontis,Phaner_electromontis,MAMMALIA,0,0,0
pipe,15,15,70.4793253092505,Phaner furcifer,Phaner_furcifer,MAMMALIA,0.887896737361262,19,468.166934086511
pipe,15,15,70.4793253092505,Phaner pallescens,Phaner_pallescens,MAMMALIA,0.999998531322649,14,1394.12525509061
pipe,15,15,70.4793253092505,Phaner parienti,Phaner_parienti,MAMMALIA,0.00280017666108179,1,24.4501852478606
pipe,15,15,70.4793253092505,Philepitta castanea,Philepitta_castanea,AVES,0.999339921239313,3,28994.5643473366
pipe,15,15,70.4793253092505,Philepitta schlegeli,Philepitta_schlegeli,AVES,0.990148270616655,13,2989.985067236
pipe,15,15,70.4793253092505,Ploceus nelicourvi,Ploceus_nelicourvi,AVES,0.999999999993529,6,37420.9062805408
pipe,15,15,70.4793253092505,Ploceus sakalava,Ploceus_sakalava,AVES,0.999999993710848,37,9038.46210897436
pipe,15,15,70.4793253092505,Polyboroides radiatus,Polyboroides_radiatus,AVES,0.999519899915735,3,39884.1545305322
pipe,15,15,70.4793253092505,Pseudobias wardi,Pseudobias_wardi,AVES,1,11,29802.8996080155
pipe,15,15,70.4793253092505,Pterocles personatus,Pterocles_personatus,AVES,0.908933455454788,3,5280.92411778237
pipe,15,15,70.4793253092505,Rallus madagascariensis,Rallus_madagascariensis,AVES,0.999999828249679,5,10840.4467322129
pipe,15,15,70.4793253092505,Randia pseudozosterops,Randia_pseudozosterops,AVES,0.999999999999799,9,28690.7519344129
pipe,15,15,70.4793253092505,Sarothrura insularis,Sarothrura_insularis,AVES,0.999998601816075,5,40343.6448319974
pipe,15,15,70.4793253092505,Schetba rufa,Schetba_rufa,AVES,0.999999999999994,19,17273.9387573607
pipe,15,15,70.4793253092505,Setifer setosus,Setifer_setosus,MAMMALIA,1,92,51301.1294303526
pipe,15,15,70.4793253092505,Tenrec ecaudatus,Tenrec_ecaudatus,MAMMALIA,1,82,51636.8587787932
pipe,15,15,70.4793253092505,Thamnornis chloropetoides,Thamnornis_chloropetoides,AVES,0.999883677549942,5,1497.44451481902
pipe,15,15,70.4793253092505,Treron australis,Treron_australis,AVES,0.999904513517254,9,43401.0389149802
pipe,15,15,70.4793253092505,Turnix nigricollis,Turnix_nigricollis,AVES,0.999999999877074,13,46462.6090168262
pipe,15,15,70.4793253092505,Tylas eduardi,Tylas_eduardi,AVES,0.999999999993535,6,36697.5289413319
pipe,15,15,70.4793253092505,Vanga curvirostris,Vanga_curvirostris,AVES,0.999999999999935,23,51012.2699965743
pipe,15,15,70.4793253092505,Varecia rubra,Varecia_rubra,MAMMALIA,1,19,40408.5840306885
pipe,15,15,70.4793253092505,Varecia variegata,Varecia_variegata,MAMMALIA,0.999999999999998,18,40389.5212628984
pipe,15,15,70.4793253092505,Xanthomixis apperti,Xanthomixis_apperti,AVES,0.441311211243701,1,68.4073900828693
pipe,15,15,70.4793253092505,Xanthomixis cinereiceps,Xanthomixis_cinereiceps,AVES,1,16,12785.7998923754
pipe,15,15,70.4793253092505,Xanthomixis zosterops,Xanthomixis_zosterops,AVES,0.999999999999908,10,37369.4964214304
pipe,15,15,70.4793253092505,Xenopirostris damii,Xenopirostris_damii,AVES,0.00179910755944268,1,93.5023436630614
pipe,15,15,70.4793253092505,Xenopirostris polleni,Xenopirostris_polleni,AVES,0.999999999725473,8,12833.2692895821
pipe,15,15,70.4793253092505,Xenopirostris xenopirostris,Xenopirostris_xenopirostris,AVES,0.965058075374104,1,1102.55740261015
pipe,16,16,75.1702061607174,Accipiter henstii,Accipiter_henstii,AVES,0.597803542370432,1,39749.396455522
pipe,16,16,75.1702061607174,Accipiter madagascariensis,Accipiter_madagascariensis,AVES,0.849265779837186,3,40942.1702141266
pipe,16,16,75.1702061607174,Acrocephalus newtoni,Acrocephalus_newtoni,AVES,1,37,41535.8873389313
pipe,16,16,75.1702061607174,Alectroenas madagascariensis,Alectroenas_madagascariensis,AVES,0.994253309737497,8,34044.5911732725
pipe,16,16,75.1702061607174,Allocebus trichotis,Allocebus_trichotis,MAMMALIA,0.0078347349602923,3,72.1001097191941
pipe,16,16,75.1702061607174,Anas bernieri,Anas_bernieri,AVES,0,0,0
pipe,16,16,75.1702061607174,Apus balstoni,Apus_balstoni,AVES,0.999999999999959,15,39551.105002403
pipe,16,16,75.1702061607174,Artamella viridis,Artamella_viridis,AVES,0.999999999999996,30,41651.8098209368
pipe,16,16,75.1702061607174,Asio madagascariensis,Asio_madagascariensis,AVES,0.782609235877046,2,34493.3026431008
pipe,16,16,75.1702061607174,Atelornis crossleyi,Atelornis_crossleyi,AVES,0.999992888726988,5,9522.59699726019
pipe,16,16,75.1702061607174,Atelornis pittoides,Atelornis_pittoides,AVES,0.999996302335976,5,27030.2278164854
pipe,16,16,75.1702061607174,Athene superciliaris,Athene_superciliaris,AVES,0.999996294693386,10,24077.8915222287
pipe,16,16,75.1702061607174,Avahi laniger,Avahi_laniger,MAMMALIA,1,50,21440.1388501516
pipe,16,16,75.1702061607174,Avahi occidentalis,Avahi_occidentalis,MAMMALIA,0.994846163128801,4,560.183920699711
pipe,16,16,75.1702061607174,Aviceda madagascariensis,Aviceda_madagascariensis,AVES,0.945177400720295,2,38666.5848933873
pipe,16,16,75.1702061607174,Bernieria madagascariensis,Bernieria_madagascariensis,AVES,1,29,39621.1095903942
pipe,16,16,75.1702061607174,Brachypteracias leptosomus,Brachypteracias_leptosomus,AVES,0.999996543110932,3,23714.4366049651
pipe,16,16,75.1702061607174,Brachytarsomys albicauda,Brachytarsomys_albicauda,MAMMALIA,0.999999191947601,33,1281.0156782805
pipe,16,16,75.1702061607174,Brachyuromys betsileoensis,Brachyuromys_betsileoensis,MAMMALIA,1,28,7812.62061376029
pipe,16,16,75.1702061607174,Brachyuromys ramirohitra,Brachyuromys_ramirohitra,MAMMALIA,0.655414845690046,2,90.5857082152948
pipe,16,16,75.1702061607174,Bradypterus brunneus,Bradypterus_brunneus,AVES,1,31,8797.62172519794
pipe,16,16,75.1702061607174,Bradypterus seebohmi,Bradypterus_seebohmi,AVES,0.452718233996164,1,71.7493427546058
pipe,16,16,75.1702061607174,Buteo brachypterus,Buteo_brachypterus,AVES,0.704075927838269,1,43452.2222046065
pipe,16,16,75.1702061607174,Calicalicus madagascariensis,Calicalicus_madagascariensis,AVES,0.999999999999994,34,39923.4835705941
pipe,16,16,75.1702061607174,Cheirogaleus crossleyi,Cheirogaleus_crossleyi,MAMMALIA,1,52,4166.36076330109
pipe,16,16,75.1702061607174,Cheirogaleus major,Cheirogaleus_major,MAMMALIA,1,42,34573.2314260302
pipe,16,16,75.1702061607174,Cheirogaleus medius,Cheirogaleus_medius,MAMMALIA,1,147,12151.0069119282
pipe,16,16,75.1702061607174,Cinnyris notatus,Cinnyris_notatus,AVES,1,38,40451.0693649695
pipe,16,16,75.1702061607174,Copsychus albospecularis,Copsychus_albospecularis,AVES,0.999999939251657,8,31268.0104270429
pipe,16,16,75.1702061607174,Coracopsis nigra,Coracopsis_nigra,AVES,0.999759683914279,12,42180.525515269
pipe,16,16,75.1702061607174,Corythornis madagascariensis,Corythornis_madagascariensis,AVES,0.816710087601005,11,39207.2626570072
pipe,16,16,75.1702061607174,Coua caerulea,Coua_caerulea,AVES,0.999754957138746,3,26829.2642575112
pipe,16,16,75.1702061607174,Coua coquereli,Coua_coquereli,AVES,0.999954481486021,7,7204.72404300455
pipe,16,16,75.1702061607174,Coua cristata,Coua_cristata,AVES,0.999999999963827,13,37335.4924133021
pipe,16,16,75.1702061607174,Coua cursor,Coua_cursor,AVES,0.990778862666733,2,3467.19181897763
pipe,16,16,75.1702061607174,Coua gigas,Coua_gigas,AVES,0.99940369323768,3,8479.87325789458
pipe,16,16,75.1702061607174,Coua reynaudii,Coua_reynaudii,AVES,0.999297807347574,1,21674.5413949579
pipe,16,16,75.1702061607174,Coua ruficeps,Coua_ruficeps,AVES,0.959346120072291,2,1243.60641534433
pipe,16,16,75.1702061607174,Coua serriana,Coua_serriana,AVES,0.998551173590467,2,19633.7517851052
pipe,16,16,75.1702061607174,Crossleyia xanthophrys,Crossleyia_xanthophrys,AVES,0.999999999999061,31,3063.5886024354
pipe,16,16,75.1702061607174,Cryptoprocta ferox,Cryptoprocta_ferox,MAMMALIA,0.0118790024667249,2,19454.5280420919
pipe,16,16,75.1702061607174,Cryptosylvicola randrianasoloi,Cryptosylvicola_randrianasoloi,AVES,1,23,4208.80272847216
pipe,16,16,75.1702061607174,Cyanolanius madagascarinus,Cyanolanius_madagascarinus,AVES,1,32,39986.1936891271
pipe,16,16,75.1702061607174,Daubentonia madagascariensis,Daubentonia_madagascariensis,MAMMALIA,1,38,15419.8032009423
pipe,16,16,75.1702061607174,Echinops telfairi,Echinops_telfairi,MAMMALIA,1,118,12258.3026097892
pipe,16,16,75.1702061607174,Eliurus antsingy,Eliurus_antsingy,MAMMALIA,0.0133737178258206,3,49.043584514739
pipe,16,16,75.1702061607174,Eliurus grandidieri,Eliurus_grandidieri,MAMMALIA,0.99962687477772,23,879.685595314434
pipe,16,16,75.1702061607174,Eliurus majori,Eliurus_majori,MAMMALIA,1,51,24092.2116982791
pipe,16,16,75.1702061607174,Eliurus minor,Eliurus_minor,MAMMALIA,1,101,36244.3569319167
pipe,16,16,75.1702061607174,Eliurus myoxinus,Eliurus_myoxinus,MAMMALIA,1,144,29394.5933320145
pipe,16,16,75.1702061607174,Eliurus tanala,Eliurus_tanala,MAMMALIA,1,57,26018.1589159913
pipe,16,16,75.1702061607174,Eliurus webbi,Eliurus_webbi,MAMMALIA,1,47,33297.818510484
pipe,16,16,75.1702061607174,Eremopterix hova,Eremopterix_hova,AVES,0.999984943511387,17,2319.01647293855
pipe,16,16,75.1702061607174,Eulemur albifrons,Eulemur_albifrons,MAMMALIA,1,17,11320.111692689
pipe,16,16,75.1702061607174,Eulemur cinereiceps,Eulemur_cinereiceps,MAMMALIA,1,78,38425.5566609147
pipe,16,16,75.1702061607174,Eulemur collaris,Eulemur_collaris,MAMMALIA,1,73,38357.9763139007
pipe,16,16,75.1702061607174,Eulemur coronatus,Eulemur_coronatus,MAMMALIA,1,83,9762.08070845561
pipe,16,16,75.1702061607174,Eulemur flavifrons,Eulemur_flavifrons,MAMMALIA,0.000213248908682684,1,25.074716512655
pipe,16,16,75.1702061607174,Eulemur fulvus,Eulemur_fulvus,MAMMALIA,1,75,38425.7397058287
pipe,16,16,75.1702061607174,Eulemur macaco,Eulemur_macaco,MAMMALIA,1,28,20721.6935847833
pipe,16,16,75.1702061607174,Eulemur mongoz,Eulemur_mongoz,MAMMALIA,0.998449660133789,5,688.45164359319
pipe,16,16,75.1702061607174,Eulemur rubriventer,Eulemur_rubriventer,MAMMALIA,1,68,36725.1836571163
pipe,16,16,75.1702061607174,Eulemur rufus,Eulemur_rufus,MAMMALIA,1,64,16923.3277733655
pipe,16,16,75.1702061607174,Eulemur sanfordi,Eulemur_sanfordi,MAMMALIA,1,80,38437.1832001223
pipe,16,16,75.1702061607174,Euryceros prevostii,Euryceros_prevostii,AVES,0.996344870213456,3,2078.93771899723
pipe,16,16,75.1702061607174,Falco zoniventris,Falco_zoniventris,AVES,0.878951181131879,4,30899.5160482051
pipe,16,16,75.1702061607174,Falculea palliata,Falculea_palliata,AVES,0.999999074599417,16,6571.41493690743
pipe,16,16,75.1702061607174,Fossa fossana,Fossa_fossana,MAMMALIA,0.807214832761414,3,30386.3947580318
pipe,16,16,75.1702061607174,Foudia madagascariensis,Foudia_madagascariensis,AVES,0.999999999999927,46,44872.1735314084
pipe,16,16,75.1702061607174,Foudia omissa,Foudia_omissa,AVES,0.9999999947234,12,28218.7601019232
pipe,16,16,75.1702061607174,Gactornis enarratus,Gactornis_enarratus,AVES,0.999999924355516,4,28429.8348514821
pipe,16,16,75.1702061607174,Galidia elegans,Galidia_elegans,MAMMALIA,0.816803655755876,4,30031.9985880726
pipe,16,16,75.1702061607174,Galidictis fasciata,Galidictis_fasciata,MAMMALIA,0,1,1529.64931621576
pipe,16,16,75.1702061607174,Geobiastes squamiger,Geobiastes_squamiger,AVES,0.997490190195292,4,7925.78709684939
pipe,16,16,75.1702061607174,Geogale aurita,Geogale_aurita,MAMMALIA,0.99999999997439,137,9611.44575079823
pipe,16,16,75.1702061607174,Gymnuromys roberti,Gymnuromys_roberti,MAMMALIA,1,35,17404.2508971074
pipe,16,16,75.1702061607174,Haliaeetus vociferoides,Haliaeetus_vociferoides,AVES,0,1,1567.07698088194
pipe,16,16,75.1702061607174,Hapalemur alaotrensis,Hapalemur_alaotrensis,MAMMALIA,0.999999341887825,17,1416.0187452056
pipe,16,16,75.1702061607174,Hapalemur aureus,Hapalemur_aureus,MAMMALIA,0.999894354815804,9,640.841536354817
pipe,16,16,75.1702061607174,Hapalemur griseus,Hapalemur_griseus,MAMMALIA,1,69,39148.7937923653
pipe,16,16,75.1702061607174,Hapalemur occidentalis,Hapalemur_occidentalis,MAMMALIA,0.999279376994694,13,628.448956599466
pipe,16,16,75.1702061607174,Hartertula flavoviridis,Hartertula_flavoviridis,AVES,1,33,5667.28850238606
pipe,16,16,75.1702061607174,Hartlaubius auratus,Hartlaubius_auratus,AVES,0.999999999998904,32,40050.0194248552
pipe,16,16,75.1702061607174,Hemicentetes nigriceps,Hemicentetes_nigriceps,MAMMALIA,0.998929113287798,16,1210.60632267986
pipe,16,16,75.1702061607174,Hemicentetes semispinosus,Hemicentetes_semispinosus,MAMMALIA,1,39,34210.1751297429
pipe,16,16,75.1702061607174,Hypogeomys antimena,Hypogeomys_antimena,MAMMALIA,0.133821965614829,3,81.1960723686169
pipe,16,16,75.1702061607174,Hypositta corallirostris,Hypositta_corallirostris,AVES,0.999999917099243,12,33213.2751602731
pipe,16,16,75.1702061607174,Indri indri,Indri_indri,MAMMALIA,0.999999999999975,14,33468.3630183477
pipe,16,16,75.1702061607174,Lemur catta,Lemur_catta,MAMMALIA,1,60,5465.04876030217
pipe,16,16,75.1702061607174,Lepidopygia nana,Lepidopygia_nana,AVES,0.9999597552072,61,45834.7017039821
pipe,16,16,75.1702061607174,Lepilemur ankaranensis,Lepilemur_ankaranensis,MAMMALIA,0.942459903341341,5,274.237082094521
pipe,16,16,75.1702061607174,Lepilemur edwardsi,Lepilemur_edwardsi,MAMMALIA,0.999999880118327,14,1809.42700494314
pipe,16,16,75.1702061607174,Lepilemur leucopus,Lepilemur_leucopus,MAMMALIA,0.999999999978517,22,2486.93146090779
pipe,16,16,75.1702061607174,Lepilemur microdon,Lepilemur_microdon,MAMMALIA,0.99999562234665,18,1929.16395172018
pipe,16,16,75.1702061607174,Lepilemur mustelinus,Lepilemur_mustelinus,MAMMALIA,1,80,34405.8357847735
pipe,16,16,75.1702061607174,Lepilemur ruficaudatus,Lepilemur_ruficaudatus,MAMMALIA,0.999999999999641,27,2830.98592715687
pipe,16,16,75.1702061607174,Leptopterus chabert,Leptopterus_chabert,AVES,1,41,43719.1082137348
pipe,16,16,75.1702061607174,Lophotibis cristata,Lophotibis_cristata,AVES,0.999963591593078,4,38838.063940722
pipe,16,16,75.1702061607174,Macrotarsomys bastardi,Macrotarsomys_bastardi,MAMMALIA,0.999999993883809,39,1824.53988311158
pipe,16,16,75.1702061607174,Margaroperdix madagarensis,Margaroperdix_madagarensis,AVES,0.999999998032236,15,38366.0579354527
pipe,16,16,75.1702061607174,Mentocrex kioloides,Mentocrex_kioloides,AVES,0.995768546044929,2,22074.9527050778
pipe,16,16,75.1702061607174,Mesitornis unicolor,Mesitornis_unicolor,AVES,0,0,0
pipe,16,16,75.1702061607174,Mesitornis variegatus,Mesitornis_variegatus,AVES,0.997073716342095,4,2341.08658593949
pipe,16,16,75.1702061607174,Microcebus berthae,Microcebus_berthae,MAMMALIA,1.52725564417366e-08,1,10.8090685387869
pipe,16,16,75.1702061607174,Microcebus griseorufus,Microcebus_griseorufus,MAMMALIA,0.995742518239646,11,458.692135120759
pipe,16,16,75.1702061607174,Microcebus murinus,Microcebus_murinus,MAMMALIA,1,250,24972.74232095
pipe,16,16,75.1702061607174,Microcebus myoxinus,Microcebus_myoxinus,MAMMALIA,0.999854601999335,9,374.83480196268
pipe,16,16,75.1702061607174,Microcebus ravelobensis,Microcebus_ravelobensis,MAMMALIA,0.778620368188717,8,213.92547160288
pipe,16,16,75.1702061607174,Microcebus rufus,Microcebus_rufus,MAMMALIA,1,62,33180.9932210185
pipe,16,16,75.1702061607174,Microcebus tavaratra,Microcebus_tavaratra,MAMMALIA,0.993270649626589,14,496.485403796988
pipe,16,16,75.1702061607174,Microgale brevicaudata,Microgale_brevicaudata,MAMMALIA,1,115,12048.2177690844
pipe,16,16,75.1702061607174,Microgale cowani,Microgale_cowani,MAMMALIA,1,52,28032.242697818
pipe,16,16,75.1702061607174,Microgale drouhardi,Microgale_drouhardi,MAMMALIA,1,53,16166.0554022089
pipe,16,16,75.1702061607174,Microgale dryas,Microgale_dryas,MAMMALIA,0.897173527007963,26,1055.73738193587
pipe,16,16,75.1702061607174,Microgale fotsifotsy,Microgale_fotsifotsy,MAMMALIA,1,47,18507.8342872835
pipe,16,16,75.1702061607174,Microgale gracilis,Microgale_gracilis,MAMMALIA,0.99999999974075,44,5937.99855031745
pipe,16,16,75.1702061607174,Microgale gymnorhyncha,Microgale_gymnorhyncha,MAMMALIA,1,31,11912.2319326706
pipe,16,16,75.1702061607174,Microgale longicaudata,Microgale_longicaudata,MAMMALIA,1,74,31096.745919016
pipe,16,16,75.1702061607174,Microgale mergulus,Microgale_mergulus,MAMMALIA,0.999999970545152,33,2872.43254978552
pipe,16,16,75.1702061607174,Microgale parvula,Microgale_parvula,MAMMALIA,0.999999999999889,70,34161.6666320915
pipe,16,16,75.1702061607174,Microgale principula,Microgale_principula,MAMMALIA,1,51,31346.0623900214
pipe,16,16,75.1702061607174,Microgale pusilla,Microgale_pusilla,MAMMALIA,0.999999774343428,85,11372.1293449755
pipe,16,16,75.1702061607174,Microgale soricoides,Microgale_soricoides,MAMMALIA,1,30,16443.2289257599
pipe,16,16,75.1702061607174,Microgale taiva,Microgale_taiva,MAMMALIA,1,53,26542.8831605231
pipe,16,16,75.1702061607174,Microgale thomasi,Microgale_thomasi,MAMMALIA,1,36,15458.7752499481
pipe,16,16,75.1702061607174,Mirza coquereli,Mirza_coquereli,MAMMALIA,0.999190979281903,11,1023.85435719874
pipe,16,16,75.1702061607174,Monias benschi,Monias_benschi,AVES,0,0,0
pipe,16,16,75.1702061607174,Monticola erythronotus,Monticola_erythronotus,AVES,0.505764981643122,1,97.497303661992
pipe,16,16,75.1702061607174,Monticola sharpei,Monticola_sharpei,AVES,0.999999999998566,18,35843.6013359497
pipe,16,16,75.1702061607174,Monticolomys koopmani,Monticolomys_koopmani,MAMMALIA,0.132627247638879,4,91.67036602125
pipe,16,16,75.1702061607174,Motacilla flaviventris,Motacilla_flaviventris,AVES,0.999998789827604,13,2223.13790971612
pipe,16,16,75.1702061607174,Mystacornis crossleyi,Mystacornis_crossleyi,AVES,0.999999999908731,6,28969.3636959326
pipe,16,16,75.1702061607174,Neodrepanis coruscans,Neodrepanis_coruscans,AVES,0.999999349392946,15,19968.2946265635
pipe,16,16,75.1702061607174,Neodrepanis hypoxantha,Neodrepanis_hypoxantha,AVES,0.0211788109146442,3,88.4296056242715
pipe,16,16,75.1702061607174,Neomixis striatigula,Neomixis_striatigula,AVES,1,12,31681.4041029739
pipe,16,16,75.1702061607174,Neomixis tenella,Neomixis_tenella,AVES,1,51,38832.7667029019
pipe,16,16,75.1702061607174,Neomixis viridis,Neomixis_viridis,AVES,1,11,31189.0962491221
pipe,16,16,75.1702061607174,Nesillas lantzii,Nesillas_lantzii,AVES,0.998558327324299,4,1235.24315366881
pipe,16,16,75.1702061607174,Nesogale dobsoni,Nesogale_dobsoni,MAMMALIA,1,51,32154.7858223904
pipe,16,16,75.1702061607174,Nesogale talazaci,Nesogale_talazaci,MAMMALIA,1,44,33461.5599841033
pipe,16,16,75.1702061607174,Nesomys audeberti,Nesomys_audeberti,MAMMALIA,0.999999999993029,48,2453.02979633019
pipe,16,16,75.1702061607174,Nesomys lambertoni,Nesomys_lambertoni,MAMMALIA,0.999393690729264,8,520.992712159106
pipe,16,16,75.1702061607174,Nesomys rufus,Nesomys_rufus,MAMMALIA,1,44,26626.8663622497
pipe,16,16,75.1702061607174,Newtonia amphichroa,Newtonia_amphichroa,AVES,1,15,25884.9868784175
pipe,16,16,75.1702061607174,Newtonia archboldi,Newtonia_archboldi,AVES,0.99914311993348,5,934.247475323978
pipe,16,16,75.1702061607174,Newtonia brunneicauda,Newtonia_brunneicauda,AVES,1,51,43892.0714783745
pipe,16,16,75.1702061607174,Newtonia fanovanae,Newtonia_fanovanae,AVES,0.353055283448799,2,98.220702482002
pipe,16,16,75.1702061607174,Oriolia bernieri,Oriolia_bernieri,AVES,0.999999374186756,14,6958.17165128886
pipe,16,16,75.1702061607174,Oryzorictes hova,Oryzorictes_hova,MAMMALIA,1,45,32794.814440691
pipe,16,16,75.1702061607174,Oryzorictes tetradactylus,Oryzorictes_tetradactylus,MAMMALIA,0.999999014584943,45,3823.56308044543
pipe,16,16,75.1702061607174,Otus rutilus,Otus_rutilus,AVES,0.999999999450534,12,41735.1665519449
pipe,16,16,75.1702061607174,Oxylabes madagascariensis,Oxylabes_madagascariensis,AVES,0.999999999996157,11,29354.3435233229
pipe,16,16,75.1702061607174,Phaner electromontis,Phaner_electromontis,MAMMALIA,0,0,0
pipe,16,16,75.1702061607174,Phaner furcifer,Phaner_furcifer,MAMMALIA,0.887896690644765,17,444.167946474382
pipe,16,16,75.1702061607174,Phaner pallescens,Phaner_pallescens,MAMMALIA,0.999993012043941,8,1257.00914036843
pipe,16,16,75.1702061607174,Phaner parienti,Phaner_parienti,MAMMALIA,0.00280017666108179,1,24.4501852478606
pipe,16,16,75.1702061607174,Philepitta castanea,Philepitta_castanea,AVES,0.999130390373741,5,25850.0653191206
pipe,16,16,75.1702061607174,Philepitta schlegeli,Philepitta_schlegeli,AVES,0.984185525615474,11,2643.62128809844
pipe,16,16,75.1702061607174,Ploceus nelicourvi,Ploceus_nelicourvi,AVES,0.999999999931023,7,32677.8654832808
pipe,16,16,75.1702061607174,Ploceus sakalava,Ploceus_sakalava,AVES,0.999999546175378,33,7569.0384953581
pipe,16,16,75.1702061607174,Polyboroides radiatus,Polyboroides_radiatus,AVES,0.998142680636524,4,32983.0033056149
pipe,16,16,75.1702061607174,Pseudobias wardi,Pseudobias_wardi,AVES,1,11,26930.8185847371
pipe,16,16,75.1702061607174,Pterocles personatus,Pterocles_personatus,AVES,0.889390378336015,3,4809.36740972748
pipe,16,16,75.1702061607174,Rallus madagascariensis,Rallus_madagascariensis,AVES,0.999999485858345,5,9519.00745747333
pipe,16,16,75.1702061607174,Randia pseudozosterops,Randia_pseudozosterops,AVES,0.999999999999588,10,25740.4188865349
pipe,16,16,75.1702061607174,Sarothrura insularis,Sarothrura_insularis,AVES,0.999994104129478,5,34020.594600568
pipe,16,16,75.1702061607174,Schetba rufa,Schetba_rufa,AVES,0.999999999999857,19,16094.9624720925
pipe,16,16,75.1702061607174,Setifer setosus,Setifer_setosus,MAMMALIA,1,89,43188.6860780776
pipe,16,16,75.1702061607174,Tenrec ecaudatus,Tenrec_ecaudatus,MAMMALIA,1,81,43128.4309449234
pipe,16,16,75.1702061607174,Thamnornis chloropetoides,Thamnornis_chloropetoides,AVES,0.999882700116865,5,1492.04293063486
pipe,16,16,75.1702061607174,Treron australis,Treron_australis,AVES,0.999667778162147,11,37677.2751215802
pipe,16,16,75.1702061607174,Turnix nigricollis,Turnix_nigricollis,AVES,0.999999995242265,14,38346.7943048815
pipe,16,16,75.1702061607174,Tylas eduardi,Tylas_eduardi,AVES,0.999999999996876,8,32532.6805024383
pipe,16,16,75.1702061607174,Vanga curvirostris,Vanga_curvirostris,AVES,0.999999999915591,27,42989.5344402296
pipe,16,16,75.1702061607174,Varecia rubra,Varecia_rubra,MAMMALIA,1,30,34096.9449436314
pipe,16,16,75.1702061607174,Varecia variegata,Varecia_variegata,MAMMALIA,1,29,34077.0680522992
pipe,16,16,75.1702061607174,Xanthomixis apperti,Xanthomixis_apperti,AVES,0.441311211243701,1,68.4073900828693
pipe,16,16,75.1702061607174,Xanthomixis cinereiceps,Xanthomixis_cinereiceps,AVES,1,16,11232.0931439349
pipe,16,16,75.1702061607174,Xanthomixis zosterops,Xanthomixis_zosterops,AVES,1,14,32676.6365586441
pipe,16,16,75.1702061607174,Xenopirostris damii,Xenopirostris_damii,AVES,0.00179910755944268,1,93.5023436630614
pipe,16,16,75.1702061607174,Xenopirostris polleni,Xenopirostris_polleni,AVES,0.999999998596473,9,11546.6793447632
pipe,16,16,75.1702061607174,Xenopirostris xenopirostris,Xenopirostris_xenopirostris,AVES,0.9648318696822,1,1097.85632808227
pipe,17,17,79.8661985899549,Accipiter henstii,Accipiter_henstii,AVES,0.536809531219416,1,32366.3724566511
pipe,17,17,79.8661985899549,Accipiter madagascariensis,Accipiter_madagascariensis,AVES,0.7965650608877,5,33630.9970377955
pipe,17,17,79.8661985899549,Acrocephalus newtoni,Acrocephalus_newtoni,AVES,1,39,33729.0119861264
pipe,17,17,79.8661985899549,Alectroenas madagascariensis,Alectroenas_madagascariensis,AVES,0.999682727225436,10,28508.2455872989
pipe,17,17,79.8661985899549,Allocebus trichotis,Allocebus_trichotis,MAMMALIA,0.00778449824080152,2,50.1575095088342
pipe,17,17,79.8661985899549,Anas bernieri,Anas_bernieri,AVES,0,0,0
pipe,17,17,79.8661985899549,Apus balstoni,Apus_balstoni,AVES,0.999999999987805,17,31989.2454775606
pipe,17,17,79.8661985899549,Artamella viridis,Artamella_viridis,AVES,0.999999999999968,33,33909.7160785113
pipe,17,17,79.8661985899549,Asio madagascariensis,Asio_madagascariensis,AVES,0.751684833728428,3,28986.1175412753
pipe,17,17,79.8661985899549,Atelornis crossleyi,Atelornis_crossleyi,AVES,0.999998603522806,6,7885.55036337942
pipe,17,17,79.8661985899549,Atelornis pittoides,Atelornis_pittoides,AVES,0.999993434390985,5,22658.4498421672
pipe,17,17,79.8661985899549,Athene superciliaris,Athene_superciliaris,AVES,0.99999595617549,11,19906.3703294693
pipe,17,17,79.8661985899549,Avahi laniger,Avahi_laniger,MAMMALIA,1,34,18239.5114180359
pipe,17,17,79.8661985899549,Avahi occidentalis,Avahi_occidentalis,MAMMALIA,0.993835251823593,4,531.152959347392
pipe,17,17,79.8661985899549,Aviceda madagascariensis,Aviceda_madagascariensis,AVES,0.90529995228674,2,31029.1355462279
pipe,17,17,79.8661985899549,Bernieria madagascariensis,Bernieria_madagascariensis,AVES,1,31,32112.634904433
pipe,17,17,79.8661985899549,Brachypteracias leptosomus,Brachypteracias_leptosomus,AVES,0.999993170591294,4,19960.7381477604
pipe,17,17,79.8661985899549,Brachytarsomys albicauda,Brachytarsomys_albicauda,MAMMALIA,0.999992538341123,26,1063.95598555117
pipe,17,17,79.8661985899549,Brachyuromys betsileoensis,Brachyuromys_betsileoensis,MAMMALIA,1,24,7241.21691606946
pipe,17,17,79.8661985899549,Brachyuromys ramirohitra,Brachyuromys_ramirohitra,MAMMALIA,0.655414845690046,2,90.5857082152948
pipe,17,17,79.8661985899549,Bradypterus brunneus,Bradypterus_brunneus,AVES,1,29,6586.02157966418
pipe,17,17,79.8661985899549,Bradypterus seebohmi,Bradypterus_seebohmi,AVES,0.452718233996164,1,71.7493427546058
pipe,17,17,79.8661985899549,Buteo brachypterus,Buteo_brachypterus,AVES,0.652078348357511,1,35365.1778521086
pipe,17,17,79.8661985899549,Calicalicus madagascariensis,Calicalicus_madagascariensis,AVES,0.999999999999558,37,32394.2153830453
pipe,17,17,79.8661985899549,Cheirogaleus crossleyi,Cheirogaleus_crossleyi,MAMMALIA,1,38,3577.43888520726
pipe,17,17,79.8661985899549,Cheirogaleus major,Cheirogaleus_major,MAMMALIA,1,28,27968.9301714407
pipe,17,17,79.8661985899549,Cheirogaleus medius,Cheirogaleus_medius,MAMMALIA,1,114,7789.67333397857
pipe,17,17,79.8661985899549,Cinnyris notatus,Cinnyris_notatus,AVES,1,37,32808.8066925709
pipe,17,17,79.8661985899549,Copsychus albospecularis,Copsychus_albospecularis,AVES,0.999999991995601,8,26152.951196054
pipe,17,17,79.8661985899549,Coracopsis nigra,Coracopsis_nigra,AVES,0.999919156776733,14,34087.4820509711
pipe,17,17,79.8661985899549,Corythornis madagascariensis,Corythornis_madagascariensis,AVES,0.855449942885598,15,31638.7093536681
pipe,17,17,79.8661985899549,Coua caerulea,Coua_caerulea,AVES,0.999992325112229,3,21848.344177449
pipe,17,17,79.8661985899549,Coua coquereli,Coua_coquereli,AVES,0.999910296489506,8,4795.16753469046
pipe,17,17,79.8661985899549,Coua cristata,Coua_cristata,AVES,0.99999999999788,15,30808.1171940294
pipe,17,17,79.8661985899549,Coua cursor,Coua_cursor,AVES,0.986971075296988,2,2948.95252535611
pipe,17,17,79.8661985899549,Coua gigas,Coua_gigas,AVES,0.999681175672278,4,5751.06265345063
pipe,17,17,79.8661985899549,Coua reynaudii,Coua_reynaudii,AVES,0.999984686290924,2,17492.8378749488
pipe,17,17,79.8661985899549,Coua ruficeps,Coua_ruficeps,AVES,0.959346120072291,2,1243.60641534433
pipe,17,17,79.8661985899549,Coua serriana,Coua_serriana,AVES,0.997813958404037,2,17065.784826055
pipe,17,17,79.8661985899549,Crossleyia xanthophrys,Crossleyia_xanthophrys,AVES,0.999999999895685,25,2579.52872566402
pipe,17,17,79.8661985899549,Cryptoprocta ferox,Cryptoprocta_ferox,MAMMALIA,0.00286787201648542,2,18348.2221114449
pipe,17,17,79.8661985899549,Cryptosylvicola randrianasoloi,Cryptosylvicola_randrianasoloi,AVES,0.999999999999487,22,3487.20345588802
pipe,17,17,79.8661985899549,Cyanolanius madagascarinus,Cyanolanius_madagascarinus,AVES,1,35,32433.9917729737
pipe,17,17,79.8661985899549,Daubentonia madagascariensis,Daubentonia_madagascariensis,MAMMALIA,0.999999999999679,28,12404.0704545453
pipe,17,17,79.8661985899549,Echinops telfairi,Echinops_telfairi,MAMMALIA,1,101,9422.20218969582
pipe,17,17,79.8661985899549,Eliurus antsingy,Eliurus_antsingy,MAMMALIA,0.0133737178258206,3,49.043584514739
pipe,17,17,79.8661985899549,Eliurus grandidieri,Eliurus_grandidieri,MAMMALIA,0.998083670624146,19,714.948795121971
pipe,17,17,79.8661985899549,Eliurus majori,Eliurus_majori,MAMMALIA,1,33,19390.8424871051
pipe,17,17,79.8661985899549,Eliurus minor,Eliurus_minor,MAMMALIA,1,66,29897.944288799
pipe,17,17,79.8661985899549,Eliurus myoxinus,Eliurus_myoxinus,MAMMALIA,1,109,22932.6342086379
pipe,17,17,79.8661985899549,Eliurus tanala,Eliurus_tanala,MAMMALIA,1,36,20808.2169037255
pipe,17,17,79.8661985899549,Eliurus webbi,Eliurus_webbi,MAMMALIA,1,27,28141.5671414841
pipe,17,17,79.8661985899549,Eremopterix hova,Eremopterix_hova,AVES,0.999981184669899,13,2240.57971090161
pipe,17,17,79.8661985899549,Eulemur albifrons,Eulemur_albifrons,MAMMALIA,1,13,11113.161944327
pipe,17,17,79.8661985899549,Eulemur cinereiceps,Eulemur_cinereiceps,MAMMALIA,1,63,30656.3183137257
pipe,17,17,79.8661985899549,Eulemur collaris,Eulemur_collaris,MAMMALIA,1,60,30612.8387712546
pipe,17,17,79.8661985899549,Eulemur coronatus,Eulemur_coronatus,MAMMALIA,1,61,7834.94387582772
pipe,17,17,79.8661985899549,Eulemur flavifrons,Eulemur_flavifrons,MAMMALIA,0.000213248908682684,1,25.074716512655
pipe,17,17,79.8661985899549,Eulemur fulvus,Eulemur_fulvus,MAMMALIA,1,62,30656.5013586397
pipe,17,17,79.8661985899549,Eulemur macaco,Eulemur_macaco,MAMMALIA,1,21,17006.0590407564
pipe,17,17,79.8661985899549,Eulemur mongoz,Eulemur_mongoz,MAMMALIA,0.997469406518488,3,581.41989294858
pipe,17,17,79.8661985899549,Eulemur rubriventer,Eulemur_rubriventer,MAMMALIA,1,55,29531.1436597906
pipe,17,17,79.8661985899549,Eulemur rufus,Eulemur_rufus,MAMMALIA,1,53,12686.5767347974
pipe,17,17,79.8661985899549,Eulemur sanfordi,Eulemur_sanfordi,MAMMALIA,1,65,30667.9448529334
pipe,17,17,79.8661985899549,Euryceros prevostii,Euryceros_prevostii,AVES,0.996344870213456,3,2078.93771899723
pipe,17,17,79.8661985899549,Falco zoniventris,Falco_zoniventris,AVES,0.799922329735172,6,24471.8551747669
pipe,17,17,79.8661985899549,Falculea palliata,Falculea_palliata,AVES,0.999999375096514,16,5409.65324677939
pipe,17,17,79.8661985899549,Fossa fossana,Fossa_fossana,MAMMALIA,0.78420418995628,2,27687.511043091
pipe,17,17,79.8661985899549,Foudia madagascariensis,Foudia_madagascariensis,AVES,0.999999999998,49,36647.3134257217
pipe,17,17,79.8661985899549,Foudia omissa,Foudia_omissa,AVES,0.999999982855032,11,23793.4202142696
pipe,17,17,79.8661985899549,Gactornis enarratus,Gactornis_enarratus,AVES,0.999999842918048,5,23764.7608888028
pipe,17,17,79.8661985899549,Galidia elegans,Galidia_elegans,MAMMALIA,0.816803655755876,2,26639.8349938352
pipe,17,17,79.8661985899549,Galidictis fasciata,Galidictis_fasciata,MAMMALIA,0,1,1529.64931621576
pipe,17,17,79.8661985899549,Geobiastes squamiger,Geobiastes_squamiger,AVES,0.999562864565298,2,6490.66657342778
pipe,17,17,79.8661985899549,Geogale aurita,Geogale_aurita,MAMMALIA,0.999999999635949,111,8232.80725207495
pipe,17,17,79.8661985899549,Gymnuromys roberti,Gymnuromys_roberti,MAMMALIA,1,30,14281.4636895803
pipe,17,17,79.8661985899549,Haliaeetus vociferoides,Haliaeetus_vociferoides,AVES,0,1,1312.70090999357
pipe,17,17,79.8661985899549,Hapalemur alaotrensis,Hapalemur_alaotrensis,MAMMALIA,0.999998749069358,15,1335.08403425705
pipe,17,17,79.8661985899549,Hapalemur aureus,Hapalemur_aureus,MAMMALIA,0.998687552346831,8,507.628741411826
pipe,17,17,79.8661985899549,Hapalemur griseus,Hapalemur_griseus,MAMMALIA,1,56,31673.8477005614
pipe,17,17,79.8661985899549,Hapalemur occidentalis,Hapalemur_occidentalis,MAMMALIA,0.999279376994694,13,628.448956599466
pipe,17,17,79.8661985899549,Hartertula flavoviridis,Hartertula_flavoviridis,AVES,0.99999999999984,31,4478.30062879079
pipe,17,17,79.8661985899549,Hartlaubius auratus,Hartlaubius_auratus,AVES,0.999999999974476,34,32481.8375164403
pipe,17,17,79.8661985899549,Hemicentetes nigriceps,Hemicentetes_nigriceps,MAMMALIA,0.99825495298592,12,1048.66435500952
pipe,17,17,79.8661985899549,Hemicentetes semispinosus,Hemicentetes_semispinosus,MAMMALIA,0.999999999999677,25,28789.3956027501
pipe,17,17,79.8661985899549,Hypogeomys antimena,Hypogeomys_antimena,MAMMALIA,0.133821965614829,3,81.1960723686169
pipe,17,17,79.8661985899549,Hypositta corallirostris,Hypositta_corallirostris,AVES,0.999994227789631,10,27846.1718692264
pipe,17,17,79.8661985899549,Indri indri,Indri_indri,MAMMALIA,0.999999994273186,10,27830.5348779883
pipe,17,17,79.8661985899549,Lemur catta,Lemur_catta,MAMMALIA,1,47,4892.15839956137
pipe,17,17,79.8661985899549,Lepidopygia nana,Lepidopygia_nana,AVES,0.999560537644215,61,37042.6310099929
pipe,17,17,79.8661985899549,Lepilemur ankaranensis,Lepilemur_ankaranensis,MAMMALIA,0.942459903341341,5,274.237082094521
pipe,17,17,79.8661985899549,Lepilemur edwardsi,Lepilemur_edwardsi,MAMMALIA,0.999991868210497,13,1449.13916084442
pipe,17,17,79.8661985899549,Lepilemur leucopus,Lepilemur_leucopus,MAMMALIA,0.999999998956044,18,2074.43912751556
pipe,17,17,79.8661985899549,Lepilemur microdon,Lepilemur_microdon,MAMMALIA,0.999978195424922,15,1634.72796290025
pipe,17,17,79.8661985899549,Lepilemur mustelinus,Lepilemur_mustelinus,MAMMALIA,1,64,27261.7591548489
pipe,17,17,79.8661985899549,Lepilemur ruficaudatus,Lepilemur_ruficaudatus,MAMMALIA,0.999999999984534,21,2226.9933020626
pipe,17,17,79.8661985899549,Leptopterus chabert,Leptopterus_chabert,AVES,1,45,35551.4032041071
pipe,17,17,79.8661985899549,Lophotibis cristata,Lophotibis_cristata,AVES,0.999993883067546,5,31158.1136674627
pipe,17,17,79.8661985899549,Macrotarsomys bastardi,Macrotarsomys_bastardi,MAMMALIA,0.999999760727832,33,1491.97403305151
pipe,17,17,79.8661985899549,Margaroperdix madagarensis,Margaroperdix_madagarensis,AVES,0.999999999996441,19,31275.9614802885
pipe,17,17,79.8661985899549,Mentocrex kioloides,Mentocrex_kioloides,AVES,0.999767088890678,4,18687.2643559274
pipe,17,17,79.8661985899549,Mesitornis unicolor,Mesitornis_unicolor,AVES,0,0,0
pipe,17,17,79.8661985899549,Mesitornis variegatus,Mesitornis_variegatus,AVES,0.993402670948119,4,2083.36416977485
pipe,17,17,79.8661985899549,Microcebus berthae,Microcebus_berthae,MAMMALIA,1.52725564417366e-08,1,10.8090685387869
pipe,17,17,79.8661985899549,Microcebus griseorufus,Microcebus_griseorufus,MAMMALIA,0.995631125035089,10,441.053799327669
pipe,17,17,79.8661985899549,Microcebus murinus,Microcebus_murinus,MAMMALIA,1,204,20239.310828307
pipe,17,17,79.8661985899549,Microcebus myoxinus,Microcebus_myoxinus,MAMMALIA,0.99970716897606,9,343.600203046525
pipe,17,17,79.8661985899549,Microcebus ravelobensis,Microcebus_ravelobensis,MAMMALIA,0.778620368188717,8,213.92547160288
pipe,17,17,79.8661985899549,Microcebus rufus,Microcebus_rufus,MAMMALIA,1,40,27768.2862796159
pipe,17,17,79.8661985899549,Microcebus tavaratra,Microcebus_tavaratra,MAMMALIA,0.993146486960404,13,474.745401202096
pipe,17,17,79.8661985899549,Microgale brevicaudata,Microgale_brevicaudata,MAMMALIA,0.9999999999987,94,8833.09795765743
pipe,17,17,79.8661985899549,Microgale cowani,Microgale_cowani,MAMMALIA,0.999999999908898,31,22623.9360555643
pipe,17,17,79.8661985899549,Microgale drouhardi,Microgale_drouhardi,MAMMALIA,0.99999999999989,40,11980.1556414888
pipe,17,17,79.8661985899549,Microgale dryas,Microgale_dryas,MAMMALIA,0.897171369579189,23,987.588139430487
pipe,17,17,79.8661985899549,Microgale fotsifotsy,Microgale_fotsifotsy,MAMMALIA,0.999999999975778,35,14352.5454805729
pipe,17,17,79.8661985899549,Microgale gracilis,Microgale_gracilis,MAMMALIA,0.999999996511102,32,5185.9600684648
pipe,17,17,79.8661985899549,Microgale gymnorhyncha,Microgale_gymnorhyncha,MAMMALIA,0.999999999992406,26,9620.20818494708
pipe,17,17,79.8661985899549,Microgale longicaudata,Microgale_longicaudata,MAMMALIA,0.999999999960024,51,25387.5235400656
pipe,17,17,79.8661985899549,Microgale mergulus,Microgale_mergulus,MAMMALIA,0.999886471045314,20,1582.69379970188
pipe,17,17,79.8661985899549,Microgale parvula,Microgale_parvula,MAMMALIA,0.999999995529462,44,28654.5313008514
pipe,17,17,79.8661985899549,Microgale principula,Microgale_principula,MAMMALIA,0.999999999999007,30,26303.627496494
pipe,17,17,79.8661985899549,Microgale pusilla,Microgale_pusilla,MAMMALIA,0.999996905206361,60,9757.06525897397
pipe,17,17,79.8661985899549,Microgale soricoides,Microgale_soricoides,MAMMALIA,0.999999999999642,25,13366.3503133821
pipe,17,17,79.8661985899549,Microgale taiva,Microgale_taiva,MAMMALIA,0.999999999998018,34,22223.3313260204
pipe,17,17,79.8661985899549,Microgale thomasi,Microgale_thomasi,MAMMALIA,1,30,12784.1937749072
pipe,17,17,79.8661985899549,Mirza coquereli,Mirza_coquereli,MAMMALIA,0.997151123074506,8,848.635657277717
pipe,17,17,79.8661985899549,Monias benschi,Monias_benschi,AVES,0,0,0
pipe,17,17,79.8661985899549,Monticola erythronotus,Monticola_erythronotus,AVES,0.505764981643122,1,97.497303661992
pipe,17,17,79.8661985899549,Monticola sharpei,Monticola_sharpei,AVES,0.999999999940162,18,29355.6543009165
pipe,17,17,79.8661985899549,Monticolomys koopmani,Monticolomys_koopmani,MAMMALIA,0.132607629821117,3,77.5173760962128
pipe,17,17,79.8661985899549,Motacilla flaviventris,Motacilla_flaviventris,AVES,0.999996277104706,10,1788.78273775119
pipe,17,17,79.8661985899549,Mystacornis crossleyi,Mystacornis_crossleyi,AVES,0.999999999477006,5,24495.9682175162
pipe,17,17,79.8661985899549,Neodrepanis coruscans,Neodrepanis_coruscans,AVES,0.999970233501655,11,17040.6913357239
pipe,17,17,79.8661985899549,Neodrepanis hypoxantha,Neodrepanis_hypoxantha,AVES,0.0211788109146442,3,88.4296056242715
pipe,17,17,79.8661985899549,Neomixis striatigula,Neomixis_striatigula,AVES,0.999999999978804,9,26485.1622345417
pipe,17,17,79.8661985899549,Neomixis tenella,Neomixis_tenella,AVES,1,50,31736.8994187158
pipe,17,17,79.8661985899549,Neomixis viridis,Neomixis_viridis,AVES,0.999999999999758,8,26167.2334172775
pipe,17,17,79.8661985899549,Nesillas lantzii,Nesillas_lantzii,AVES,0.997229954797722,5,1019.37211981559
pipe,17,17,79.8661985899549,Nesogale dobsoni,Nesogale_dobsoni,MAMMALIA,0.999999999999944,34,26808.7392274352
pipe,17,17,79.8661985899549,Nesogale talazaci,Nesogale_talazaci,MAMMALIA,0.999999999998532,28,27865.4823398274
pipe,17,17,79.8661985899549,Nesomys audeberti,Nesomys_audeberti,MAMMALIA,0.999999999726847,36,2075.85906148293
pipe,17,17,79.8661985899549,Nesomys lambertoni,Nesomys_lambertoni,MAMMALIA,0.997990863354288,8,431.24727836473
pipe,17,17,79.8661985899549,Nesomys rufus,Nesomys_rufus,MAMMALIA,1,29,21932.9528498764
pipe,17,17,79.8661985899549,Newtonia amphichroa,Newtonia_amphichroa,AVES,1,11,21497.309087801
pipe,17,17,79.8661985899549,Newtonia archboldi,Newtonia_archboldi,AVES,0.994783037879128,6,727.447611096087
pipe,17,17,79.8661985899549,Newtonia brunneicauda,Newtonia_brunneicauda,AVES,1,53,35774.3520091969
pipe,17,17,79.8661985899549,Newtonia fanovanae,Newtonia_fanovanae,AVES,0.353006673268258,2,91.7273518166186
pipe,17,17,79.8661985899549,Oriolia bernieri,Oriolia_bernieri,AVES,0.999997070759948,12,5581.97770282162
pipe,17,17,79.8661985899549,Oryzorictes hova,Oryzorictes_hova,MAMMALIA,0.999999999998843,28,27491.3607138633
pipe,17,17,79.8661985899549,Oryzorictes tetradactylus,Oryzorictes_tetradactylus,MAMMALIA,0.999997339606164,38,3491.88752460463
pipe,17,17,79.8661985899549,Otus rutilus,Otus_rutilus,AVES,0.999999999978132,14,33776.2096141
pipe,17,17,79.8661985899549,Oxylabes madagascariensis,Oxylabes_madagascariensis,AVES,0.999999999979262,11,24832.633341654
pipe,17,17,79.8661985899549,Phaner electromontis,Phaner_electromontis,MAMMALIA,0,0,0
pipe,17,17,79.8661985899549,Phaner furcifer,Phaner_furcifer,MAMMALIA,0.887896689584288,13,394.018951903066
pipe,17,17,79.8661985899549,Phaner pallescens,Phaner_pallescens,MAMMALIA,0.999987142472503,9,1137.7219354355
pipe,17,17,79.8661985899549,Phaner parienti,Phaner_parienti,MAMMALIA,0.00280017666108179,1,24.4501852478606
pipe,17,17,79.8661985899549,Philepitta castanea,Philepitta_castanea,AVES,0.998317211844812,5,21534.0313686045
pipe,17,17,79.8661985899549,Philepitta schlegeli,Philepitta_schlegeli,AVES,0.979232709454891,11,2428.05609782862
pipe,17,17,79.8661985899549,Ploceus nelicourvi,Ploceus_nelicourvi,AVES,0.999999999963125,8,27547.1287374601
pipe,17,17,79.8661985899549,Ploceus sakalava,Ploceus_sakalava,AVES,0.999997036675769,33,6288.03229098848
pipe,17,17,79.8661985899549,Polyboroides radiatus,Polyboroides_radiatus,AVES,0.995763810375052,5,26335.8508099376
pipe,17,17,79.8661985899549,Pseudobias wardi,Pseudobias_wardi,AVES,0.999999999999998,10,22758.7015754854
pipe,17,17,79.8661985899549,Pterocles personatus,Pterocles_personatus,AVES,0.804874799509126,4,4070.37044715376
pipe,17,17,79.8661985899549,Rallus madagascariensis,Rallus_madagascariensis,AVES,0.99999958742962,5,8741.44004082295
pipe,17,17,79.8661985899549,Randia pseudozosterops,Randia_pseudozosterops,AVES,0.999999999930215,9,21978.2366708243
pipe,17,17,79.8661985899549,Sarothrura insularis,Sarothrura_insularis,AVES,0.999989369105806,7,28570.1893951285
pipe,17,17,79.8661985899549,Schetba rufa,Schetba_rufa,AVES,0.999999999989235,18,14333.1990185496
pipe,17,17,79.8661985899549,Setifer setosus,Setifer_setosus,MAMMALIA,1,80,35110.0057356542
pipe,17,17,79.8661985899549,Tenrec ecaudatus,Tenrec_ecaudatus,MAMMALIA,1,77,35015.7031679352
pipe,17,17,79.8661985899549,Thamnornis chloropetoides,Thamnornis_chloropetoides,AVES,0.999450940886462,5,1294.36362659117
pipe,17,17,79.8661985899549,Treron australis,Treron_australis,AVES,0.999966943198677,15,30594.3366773723
pipe,17,17,79.8661985899549,Turnix nigricollis,Turnix_nigricollis,AVES,0.999999999272048,17,30133.8750029234
pipe,17,17,79.8661985899549,Tylas eduardi,Tylas_eduardi,AVES,0.999999999942796,7,27677.6992462133
pipe,17,17,79.8661985899549,Vanga curvirostris,Vanga_curvirostris,AVES,0.999999999995657,30,34890.0329694194
pipe,17,17,79.8661985899549,Varecia rubra,Varecia_rubra,MAMMALIA,1,24,28699.4381041036
pipe,17,17,79.8661985899549,Varecia variegata,Varecia_variegata,MAMMALIA,0.99999999999999,24,28694.5283262385
pipe,17,17,79.8661985899549,Xanthomixis apperti,Xanthomixis_apperti,AVES,0.441311211243701,1,68.4073900828693
pipe,17,17,79.8661985899549,Xanthomixis cinereiceps,Xanthomixis_cinereiceps,AVES,1,15,8964.27990873457
pipe,17,17,79.8661985899549,Xanthomixis zosterops,Xanthomixis_zosterops,AVES,0.999999999995621,12,27544.2317331932
pipe,17,17,79.8661985899549,Xenopirostris damii,Xenopirostris_damii,AVES,0.00179910755944268,1,93.5023436630614
pipe,17,17,79.8661985899549,Xenopirostris polleni,Xenopirostris_polleni,AVES,0.9999998840345,10,9534.72420233557
pipe,17,17,79.8661985899549,Xenopirostris xenopirostris,Xenopirostris_xenopirostris,AVES,0.963808362075027,1,1077.19526262666
pipe,18,18,84.5572201270485,Accipiter henstii,Accipiter_henstii,AVES,0.417140424661787,2,23762.8788274713
pipe,18,18,84.5572201270485,Accipiter madagascariensis,Accipiter_madagascariensis,AVES,0.66832030476309,5,25661.4474513066
pipe,18,18,84.5572201270485,Acrocephalus newtoni,Acrocephalus_newtoni,AVES,1,41,25553.4096680906
pipe,18,18,84.5572201270485,Alectroenas madagascariensis,Alectroenas_madagascariensis,AVES,0.999204623360145,8,21098.0769097954
pipe,18,18,84.5572201270485,Allocebus trichotis,Allocebus_trichotis,MAMMALIA,0.00778449824080152,2,50.1575095088342
pipe,18,18,84.5572201270485,Anas bernieri,Anas_bernieri,AVES,0,0,0
pipe,18,18,84.5572201270485,Apus balstoni,Apus_balstoni,AVES,0.999999999996334,18,23755.8268320617
pipe,18,18,84.5572201270485,Artamella viridis,Artamella_viridis,AVES,0.999999999999998,34,25366.6449524086
pipe,18,18,84.5572201270485,Asio madagascariensis,Asio_madagascariensis,AVES,0.693813562684203,3,21490.4224608611
pipe,18,18,84.5572201270485,Atelornis crossleyi,Atelornis_crossleyi,AVES,0.999877066718605,7,4496.07373418462
pipe,18,18,84.5572201270485,Atelornis pittoides,Atelornis_pittoides,AVES,0.999986394387186,7,15942.2109428759
pipe,18,18,84.5572201270485,Athene superciliaris,Athene_superciliaris,AVES,0.999973777284986,9,16840.5678611214
pipe,18,18,84.5572201270485,Avahi laniger,Avahi_laniger,MAMMALIA,1,47,13560.1873340737
pipe,18,18,84.5572201270485,Avahi occidentalis,Avahi_occidentalis,MAMMALIA,0.993437613615702,4,527.953912486798
pipe,18,18,84.5572201270485,Aviceda madagascariensis,Aviceda_madagascariensis,AVES,0.83498535889884,3,25476.4515786062
pipe,18,18,84.5572201270485,Bernieria madagascariensis,Bernieria_madagascariensis,AVES,1,32,23911.1516556729
pipe,18,18,84.5572201270485,Brachypteracias leptosomus,Brachypteracias_leptosomus,AVES,0.999968172132177,4,14964.2790365169
pipe,18,18,84.5572201270485,Brachytarsomys albicauda,Brachytarsomys_albicauda,MAMMALIA,0.999229475138578,23,816.054046709303
pipe,18,18,84.5572201270485,Brachyuromys betsileoensis,Brachyuromys_betsileoensis,MAMMALIA,1,32,5468.01764037639
pipe,18,18,84.5572201270485,Brachyuromys ramirohitra,Brachyuromys_ramirohitra,MAMMALIA,0.655414845690046,2,90.5857082152948
pipe,18,18,84.5572201270485,Bradypterus brunneus,Bradypterus_brunneus,AVES,1,27,5195.84528954757
pipe,18,18,84.5572201270485,Bradypterus seebohmi,Bradypterus_seebohmi,AVES,0.452718233996164,1,71.7493427546058
pipe,18,18,84.5572201270485,Buteo brachypterus,Buteo_brachypterus,AVES,0.524964189135695,2,26436.0043454881
pipe,18,18,84.5572201270485,Calicalicus madagascariensis,Calicalicus_madagascariensis,AVES,0.999999999999953,35,24087.0651099803
pipe,18,18,84.5572201270485,Cheirogaleus crossleyi,Cheirogaleus_crossleyi,MAMMALIA,0.999999999931675,36,2440.85207615677
pipe,18,18,84.5572201270485,Cheirogaleus major,Cheirogaleus_major,MAMMALIA,1,56,20781.4653082064
pipe,18,18,84.5572201270485,Cheirogaleus medius,Cheirogaleus_medius,MAMMALIA,1,102,6348.22749028883
pipe,18,18,84.5572201270485,Cinnyris notatus,Cinnyris_notatus,AVES,1,38,24516.7919003861
pipe,18,18,84.5572201270485,Copsychus albospecularis,Copsychus_albospecularis,AVES,0.999999998583036,12,20161.7618809243
pipe,18,18,84.5572201270485,Coracopsis nigra,Coracopsis_nigra,AVES,0.999634422571919,13,25594.6267945383
pipe,18,18,84.5572201270485,Corythornis madagascariensis,Corythornis_madagascariensis,AVES,0.762277959559758,15,23314.5493430098
pipe,18,18,84.5572201270485,Coua caerulea,Coua_caerulea,AVES,0.99996512984428,3,17085.91038476
pipe,18,18,84.5572201270485,Coua coquereli,Coua_coquereli,AVES,0.999669557479402,8,3629.02553803459
pipe,18,18,84.5572201270485,Coua cristata,Coua_cristata,AVES,0.999999999939381,15,24438.2577196296
pipe,18,18,84.5572201270485,Coua cursor,Coua_cursor,AVES,0.983124941921827,2,2599.13466692408
pipe,18,18,84.5572201270485,Coua gigas,Coua_gigas,AVES,0.999076829662886,3,4562.80930670281
pipe,18,18,84.5572201270485,Coua reynaudii,Coua_reynaudii,AVES,0.999907187304924,3,12637.9369489475
pipe,18,18,84.5572201270485,Coua ruficeps,Coua_ruficeps,AVES,0.958576342169654,2,1237.0290386683
pipe,18,18,84.5572201270485,Coua serriana,Coua_serriana,AVES,0.99504928181135,3,13859.820062573
pipe,18,18,84.5572201270485,Crossleyia xanthophrys,Crossleyia_xanthophrys,AVES,0.999999871108166,20,1705.19913812543
pipe,18,18,84.5572201270485,Cryptoprocta ferox,Cryptoprocta_ferox,MAMMALIA,0,1,6306.43482832215
pipe,18,18,84.5572201270485,Cryptosylvicola randrianasoloi,Cryptosylvicola_randrianasoloi,AVES,0.999999996360731,23,2173.94446350216
pipe,18,18,84.5572201270485,Cyanolanius madagascarinus,Cyanolanius_madagascarinus,AVES,1,34,24202.0181117909
pipe,18,18,84.5572201270485,Daubentonia madagascariensis,Daubentonia_madagascariensis,MAMMALIA,0.999999999999418,24,11916.3137476245
pipe,18,18,84.5572201270485,Echinops telfairi,Echinops_telfairi,MAMMALIA,0.999999999999965,97,7641.80711504842
pipe,18,18,84.5572201270485,Eliurus antsingy,Eliurus_antsingy,MAMMALIA,0.0133737178258206,3,49.043584514739
pipe,18,18,84.5572201270485,Eliurus grandidieri,Eliurus_grandidieri,MAMMALIA,0.996874506492361,18,670.499050544585
pipe,18,18,84.5572201270485,Eliurus majori,Eliurus_majori,MAMMALIA,1,61,12322.5380360948
pipe,18,18,84.5572201270485,Eliurus minor,Eliurus_minor,MAMMALIA,1,91,22259.8659660679
pipe,18,18,84.5572201270485,Eliurus myoxinus,Eliurus_myoxinus,MAMMALIA,1,114,19017.8041110976
pipe,18,18,84.5572201270485,Eliurus tanala,Eliurus_tanala,MAMMALIA,1,65,13634.1628415245
pipe,18,18,84.5572201270485,Eliurus webbi,Eliurus_webbi,MAMMALIA,1,55,20890.4153472306
pipe,18,18,84.5572201270485,Eremopterix hova,Eremopterix_hova,AVES,0.999915705358736,13,2020.80406228444
pipe,18,18,84.5572201270485,Eulemur albifrons,Eulemur_albifrons,MAMMALIA,0.999999999999991,14,10637.6722554588
pipe,18,18,84.5572201270485,Eulemur cinereiceps,Eulemur_cinereiceps,MAMMALIA,1,77,22280.9659503309
pipe,18,18,84.5572201270485,Eulemur collaris,Eulemur_collaris,MAMMALIA,1,71,22204.8843989281
pipe,18,18,84.5572201270485,Eulemur coronatus,Eulemur_coronatus,MAMMALIA,1,55,6867.1677543139
pipe,18,18,84.5572201270485,Eulemur flavifrons,Eulemur_flavifrons,MAMMALIA,0.000213248908682684,1,25.074716512655
pipe,18,18,84.5572201270485,Eulemur fulvus,Eulemur_fulvus,MAMMALIA,1,76,22288.2530671334
pipe,18,18,84.5572201270485,Eulemur macaco,Eulemur_macaco,MAMMALIA,1,41,10304.8098190905
pipe,18,18,84.5572201270485,Eulemur mongoz,Eulemur_mongoz,MAMMALIA,0.997469406518488,3,581.41989294858
pipe,18,18,84.5572201270485,Eulemur rubriventer,Eulemur_rubriventer,MAMMALIA,1,75,21656.9251197939
pipe,18,18,84.5572201270485,Eulemur rufus,Eulemur_rufus,MAMMALIA,1,59,8923.12220987097
pipe,18,18,84.5572201270485,Eulemur sanfordi,Eulemur_sanfordi,MAMMALIA,1,81,22307.1737540829
pipe,18,18,84.5572201270485,Euryceros prevostii,Euryceros_prevostii,AVES,0.996173786139108,3,2070.54031113952
pipe,18,18,84.5572201270485,Falco zoniventris,Falco_zoniventris,AVES,0.772507726478193,6,22861.3736797861
pipe,18,18,84.5572201270485,Falculea palliata,Falculea_palliata,AVES,0.999996627489855,14,4349.38415933167
pipe,18,18,84.5572201270485,Fossa fossana,Fossa_fossana,MAMMALIA,0.613482365350749,2,18177.9244443574
pipe,18,18,84.5572201270485,Foudia madagascariensis,Foudia_madagascariensis,AVES,0.999999999998159,53,27766.6535055873
pipe,18,18,84.5572201270485,Foudia omissa,Foudia_omissa,AVES,0.999999999791874,17,16783.5482384833
pipe,18,18,84.5572201270485,Gactornis enarratus,Gactornis_enarratus,AVES,0.999999975653738,9,16754.0708118761
pipe,18,18,84.5572201270485,Galidia elegans,Galidia_elegans,MAMMALIA,0.670074813970892,2,17491.8552006951
pipe,18,18,84.5572201270485,Galidictis fasciata,Galidictis_fasciata,MAMMALIA,0,1,1529.64931621576
pipe,18,18,84.5572201270485,Geobiastes squamiger,Geobiastes_squamiger,AVES,0.997984155502474,3,5084.96780726489
pipe,18,18,84.5572201270485,Geogale aurita,Geogale_aurita,MAMMALIA,0.999999994654462,106,7528.27779463853
pipe,18,18,84.5572201270485,Gymnuromys roberti,Gymnuromys_roberti,MAMMALIA,1,54,8101.90725909763
pipe,18,18,84.5572201270485,Haliaeetus vociferoides,Haliaeetus_vociferoides,AVES,0,0,0
pipe,18,18,84.5572201270485,Hapalemur alaotrensis,Hapalemur_alaotrensis,MAMMALIA,0.999998729347312,15,1333.08199389879
pipe,18,18,84.5572201270485,Hapalemur aureus,Hapalemur_aureus,MAMMALIA,0.997485225415688,7,434.463298515449
pipe,18,18,84.5572201270485,Hapalemur griseus,Hapalemur_griseus,MAMMALIA,1,72,23590.5697157704
pipe,18,18,84.5572201270485,Hapalemur occidentalis,Hapalemur_occidentalis,MAMMALIA,0.998701788992582,12,572.340124804694
pipe,18,18,84.5572201270485,Hartertula flavoviridis,Hartertula_flavoviridis,AVES,0.999999999889069,27,2919.99208977476
pipe,18,18,84.5572201270485,Hartlaubius auratus,Hartlaubius_auratus,AVES,0.999999999998716,33,24233.972604035
pipe,18,18,84.5572201270485,Hemicentetes nigriceps,Hemicentetes_nigriceps,MAMMALIA,0.993084456672035,11,899.690159832674
pipe,18,18,84.5572201270485,Hemicentetes semispinosus,Hemicentetes_semispinosus,MAMMALIA,1,51,21379.7082718318
pipe,18,18,84.5572201270485,Hypogeomys antimena,Hypogeomys_antimena,MAMMALIA,0.133821965614829,3,81.1960723686169
pipe,18,18,84.5572201270485,Hypositta corallirostris,Hypositta_corallirostris,AVES,0.99999987573541,13,20521.6547847287
pipe,18,18,84.5572201270485,Indri indri,Indri_indri,MAMMALIA,0.999999996739764,16,20512.8303651809
pipe,18,18,84.5572201270485,Lemur catta,Lemur_catta,MAMMALIA,1,46,4466.88811042331
pipe,18,18,84.5572201270485,Lepidopygia nana,Lepidopygia_nana,AVES,0.999557599954627,68,28297.5771401687
pipe,18,18,84.5572201270485,Lepilemur ankaranensis,Lepilemur_ankaranensis,MAMMALIA,0.942459903341341,5,274.237082094521
pipe,18,18,84.5572201270485,Lepilemur edwardsi,Lepilemur_edwardsi,MAMMALIA,0.999980551840452,12,1367.0876461783
pipe,18,18,84.5572201270485,Lepilemur leucopus,Lepilemur_leucopus,MAMMALIA,0.999999930013785,18,1594.12577671628
pipe,18,18,84.5572201270485,Lepilemur microdon,Lepilemur_microdon,MAMMALIA,0.999664396624482,16,1374.72550945322
pipe,18,18,84.5572201270485,Lepilemur mustelinus,Lepilemur_mustelinus,MAMMALIA,1,88,19323.0989783949
pipe,18,18,84.5572201270485,Lepilemur ruficaudatus,Lepilemur_ruficaudatus,MAMMALIA,0.999999973609261,14,1494.56265710178
pipe,18,18,84.5572201270485,Leptopterus chabert,Leptopterus_chabert,AVES,1,46,26833.2137479688
pipe,18,18,84.5572201270485,Lophotibis cristata,Lophotibis_cristata,AVES,0.999938731606183,4,23076.5635418229
pipe,18,18,84.5572201270485,Macrotarsomys bastardi,Macrotarsomys_bastardi,MAMMALIA,0.99998381497832,34,1184.53850532215
pipe,18,18,84.5572201270485,Margaroperdix madagarensis,Margaroperdix_madagarensis,AVES,0.999999999955777,17,24184.9242440783
pipe,18,18,84.5572201270485,Mentocrex kioloides,Mentocrex_kioloides,AVES,0.999425995355617,5,13766.7052164427
pipe,18,18,84.5572201270485,Mesitornis unicolor,Mesitornis_unicolor,AVES,0,0,0
pipe,18,18,84.5572201270485,Mesitornis variegatus,Mesitornis_variegatus,AVES,0.979847639662817,4,1685.08304943456
pipe,18,18,84.5572201270485,Microcebus berthae,Microcebus_berthae,MAMMALIA,1.52725564417366e-08,1,10.8090685387869
pipe,18,18,84.5572201270485,Microcebus griseorufus,Microcebus_griseorufus,MAMMALIA,0.990600922542795,10,381.006332823613
pipe,18,18,84.5572201270485,Microcebus murinus,Microcebus_murinus,MAMMALIA,1,188,18055.6594226483
pipe,18,18,84.5572201270485,Microcebus myoxinus,Microcebus_myoxinus,MAMMALIA,0.996299366003383,7,232.047636686355
pipe,18,18,84.5572201270485,Microcebus ravelobensis,Microcebus_ravelobensis,MAMMALIA,0.778620368188717,8,213.92547160288
pipe,18,18,84.5572201270485,Microcebus rufus,Microcebus_rufus,MAMMALIA,1,69,20441.053503871
pipe,18,18,84.5572201270485,Microcebus tavaratra,Microcebus_tavaratra,MAMMALIA,0.992586476201909,10,420.003251237278
pipe,18,18,84.5572201270485,Microgale brevicaudata,Microgale_brevicaudata,MAMMALIA,0.999999999898492,89,7927.52782926021
pipe,18,18,84.5572201270485,Microgale cowani,Microgale_cowani,MAMMALIA,0.999999999999729,65,15237.6165722337
pipe,18,18,84.5572201270485,Microgale drouhardi,Microgale_drouhardi,MAMMALIA,0.999999999870581,52,7280.49094443292
pipe,18,18,84.5572201270485,Microgale dryas,Microgale_dryas,MAMMALIA,0.896755683241292,20,898.246072358893
pipe,18,18,84.5572201270485,Microgale fotsifotsy,Microgale_fotsifotsy,MAMMALIA,0.99999999902476,57,9134.97539623116
pipe,18,18,84.5572201270485,Microgale gracilis,Microgale_gracilis,MAMMALIA,0.999998747967929,39,3481.51142364845
pipe,18,18,84.5572201270485,Microgale gymnorhyncha,Microgale_gymnorhyncha,MAMMALIA,0.999999969567195,39,4501.92391063679
pipe,18,18,84.5572201270485,Microgale longicaudata,Microgale_longicaudata,MAMMALIA,0.999999999992145,80,17935.361668061
pipe,18,18,84.5572201270485,Microgale mergulus,Microgale_mergulus,MAMMALIA,0.999261674568132,16,1225.74134275313
pipe,18,18,84.5572201270485,Microgale parvula,Microgale_parvula,MAMMALIA,0.999999997407617,73,21273.3203235547
pipe,18,18,84.5572201270485,Microgale principula,Microgale_principula,MAMMALIA,0.999999999999681,58,19252.7305084891
pipe,18,18,84.5572201270485,Microgale pusilla,Microgale_pusilla,MAMMALIA,0.999985492626535,55,8417.36071534644
pipe,18,18,84.5572201270485,Microgale soricoides,Microgale_soricoides,MAMMALIA,0.999999999993806,49,6988.0055846977
pipe,18,18,84.5572201270485,Microgale taiva,Microgale_taiva,MAMMALIA,0.999999999999743,61,15347.2011452771
pipe,18,18,84.5572201270485,Microgale thomasi,Microgale_thomasi,MAMMALIA,0.999999999999811,50,8037.42673459224
pipe,18,18,84.5572201270485,Mirza coquereli,Mirza_coquereli,MAMMALIA,0.990122024038805,7,676.260683793965
pipe,18,18,84.5572201270485,Monias benschi,Monias_benschi,AVES,0,0,0
pipe,18,18,84.5572201270485,Monticola erythronotus,Monticola_erythronotus,AVES,0.505764981643122,1,97.497303661992
pipe,18,18,84.5572201270485,Monticola sharpei,Monticola_sharpei,AVES,0.999999999999975,21,21889.0918833888
pipe,18,18,84.5572201270485,Monticolomys koopmani,Monticolomys_koopmani,MAMMALIA,0.132607629821117,3,77.5173760962128
pipe,18,18,84.5572201270485,Motacilla flaviventris,Motacilla_flaviventris,AVES,0.99999904105926,12,1764.31836560993
pipe,18,18,84.5572201270485,Mystacornis crossleyi,Mystacornis_crossleyi,AVES,0.999999999999985,10,17573.4768987009
pipe,18,18,84.5572201270485,Neodrepanis coruscans,Neodrepanis_coruscans,AVES,0.999998666862668,21,11740.0349105989
pipe,18,18,84.5572201270485,Neodrepanis hypoxantha,Neodrepanis_hypoxantha,AVES,0.0211788109146442,3,88.4296056242715
pipe,18,18,84.5572201270485,Neomixis striatigula,Neomixis_striatigula,AVES,1,16,19264.2006572949
pipe,18,18,84.5572201270485,Neomixis tenella,Neomixis_tenella,AVES,1,53,24888.057700544
pipe,18,18,84.5572201270485,Neomixis viridis,Neomixis_viridis,AVES,1,16,18913.7524856522
pipe,18,18,84.5572201270485,Nesillas lantzii,Nesillas_lantzii,AVES,0.993818355143431,4,913.880206102499
pipe,18,18,84.5572201270485,Nesogale dobsoni,Nesogale_dobsoni,MAMMALIA,1,65,19452.179845329
pipe,18,18,84.5572201270485,Nesogale talazaci,Nesogale_talazaci,MAMMALIA,0.999999999999999,57,20442.4881127209
pipe,18,18,84.5572201270485,Nesomys audeberti,Nesomys_audeberti,MAMMALIA,0.999999999255524,31,1927.18419571488
pipe,18,18,84.5572201270485,Nesomys lambertoni,Nesomys_lambertoni,MAMMALIA,0.990526420505947,7,333.962628475814
pipe,18,18,84.5572201270485,Nesomys rufus,Nesomys_rufus,MAMMALIA,1,52,15055.1808947285
pipe,18,18,84.5572201270485,Newtonia amphichroa,Newtonia_amphichroa,AVES,1,17,14448.4936214974
pipe,18,18,84.5572201270485,Newtonia archboldi,Newtonia_archboldi,AVES,0.993726915265799,6,695.123956971585
pipe,18,18,84.5572201270485,Newtonia brunneicauda,Newtonia_brunneicauda,AVES,1,58,27020.5108498948
pipe,18,18,84.5572201270485,Newtonia fanovanae,Newtonia_fanovanae,AVES,0.35300667308126,1,71.3810832753727
pipe,18,18,84.5572201270485,Oriolia bernieri,Oriolia_bernieri,AVES,0.999894632618526,16,4133.32012386933
pipe,18,18,84.5572201270485,Oryzorictes hova,Oryzorictes_hova,MAMMALIA,0.999999999999997,57,20162.8250897823
pipe,18,18,84.5572201270485,Oryzorictes tetradactylus,Oryzorictes_tetradactylus,MAMMALIA,0.999977062531351,35,3036.71125653085
pipe,18,18,84.5572201270485,Otus rutilus,Otus_rutilus,AVES,0.999999999896893,15,25272.7704812154
pipe,18,18,84.5572201270485,Oxylabes madagascariensis,Oxylabes_madagascariensis,AVES,1,15,17741.5459932866
pipe,18,18,84.5572201270485,Phaner electromontis,Phaner_electromontis,MAMMALIA,0,0,0
pipe,18,18,84.5572201270485,Phaner furcifer,Phaner_furcifer,MAMMALIA,0.887896689584288,13,394.018951903066
pipe,18,18,84.5572201270485,Phaner pallescens,Phaner_pallescens,MAMMALIA,0.999949056901699,7,903.117811361846
pipe,18,18,84.5572201270485,Phaner parienti,Phaner_parienti,MAMMALIA,0.00280017666108179,1,24.4501852478606
pipe,18,18,84.5572201270485,Philepitta castanea,Philepitta_castanea,AVES,0.999592909257045,10,14904.215382818
pipe,18,18,84.5572201270485,Philepitta schlegeli,Philepitta_schlegeli,AVES,0.962694276439401,8,2014.26472235555
pipe,18,18,84.5572201270485,Ploceus nelicourvi,Ploceus_nelicourvi,AVES,1,12,20185.6304850943
pipe,18,18,84.5572201270485,Ploceus sakalava,Ploceus_sakalava,AVES,0.999993051140938,30,5110.99104780537
pipe,18,18,84.5572201270485,Polyboroides radiatus,Polyboroides_radiatus,AVES,0.987919827492402,5,23219.495876147
pipe,18,18,84.5572201270485,Pseudobias wardi,Pseudobias_wardi,AVES,1,15,16145.9086731982
pipe,18,18,84.5572201270485,Pterocles personatus,Pterocles_personatus,AVES,0.779451239013855,4,3845.8942939525
pipe,18,18,84.5572201270485,Rallus madagascariensis,Rallus_madagascariensis,AVES,0.999980375326397,5,5625.04627266932
pipe,18,18,84.5572201270485,Randia pseudozosterops,Randia_pseudozosterops,AVES,1,16,16443.2225732191
pipe,18,18,84.5572201270485,Sarothrura insularis,Sarothrura_insularis,AVES,0.999994676893707,9,21113.4174815113
pipe,18,18,84.5572201270485,Schetba rufa,Schetba_rufa,AVES,0.999999999762674,25,12545.4066453562
pipe,18,18,84.5572201270485,Setifer setosus,Setifer_setosus,MAMMALIA,1,93,26564.868996262
pipe,18,18,84.5572201270485,Tenrec ecaudatus,Tenrec_ecaudatus,MAMMALIA,1,80,26339.4797507
pipe,18,18,84.5572201270485,Thamnornis chloropetoides,Thamnornis_chloropetoides,AVES,0.998791027936208,5,1092.82122278943
pipe,18,18,84.5572201270485,Treron australis,Treron_australis,AVES,0.999892073303035,13,25891.0450417661
pipe,18,18,84.5572201270485,Turnix nigricollis,Turnix_nigricollis,AVES,0.99999999566734,21,21406.5281767995
pipe,18,18,84.5572201270485,Tylas eduardi,Tylas_eduardi,AVES,0.999999999999999,10,20395.3680981637
pipe,18,18,84.5572201270485,Vanga curvirostris,Vanga_curvirostris,AVES,0.999999999992739,29,26132.6347592272
pipe,18,18,84.5572201270485,Varecia rubra,Varecia_rubra,MAMMALIA,1,40,21294.1608610352
pipe,18,18,84.5572201270485,Varecia variegata,Varecia_variegata,MAMMALIA,1,37,21250.8099254539
pipe,18,18,84.5572201270485,Xanthomixis apperti,Xanthomixis_apperti,AVES,0.441311211243701,1,68.4073900828693
pipe,18,18,84.5572201270485,Xanthomixis cinereiceps,Xanthomixis_cinereiceps,AVES,0.999999999999995,20,4283.83230097714
pipe,18,18,84.5572201270485,Xanthomixis zosterops,Xanthomixis_zosterops,AVES,1,18,20192.641400301
pipe,18,18,84.5572201270485,Xenopirostris damii,Xenopirostris_damii,AVES,0.00179910755944268,1,93.5023436630614
pipe,18,18,84.5572201270485,Xenopirostris polleni,Xenopirostris_polleni,AVES,0.999992061884957,13,6610.12590747727
pipe,18,18,84.5572201270485,Xenopirostris xenopirostris,Xenopirostris_xenopirostris,AVES,0.950543574444237,1,875.664526040274
pipe,19,19,89.261981960351,Accipiter henstii,Accipiter_henstii,AVES,0.285691889174712,2,16443.1411668137
pipe,19,19,89.261981960351,Accipiter madagascariensis,Accipiter_madagascariensis,AVES,0.536953451916778,5,17701.298037878
pipe,19,19,89.261981960351,Acrocephalus newtoni,Acrocephalus_newtoni,AVES,1,38,17936.3670700789
pipe,19,19,89.261981960351,Alectroenas madagascariensis,Alectroenas_madagascariensis,AVES,0.993972894019792,10,14466.6459705512
pipe,19,19,89.261981960351,Allocebus trichotis,Allocebus_trichotis,MAMMALIA,0.00778449824080152,2,50.1575095088342
pipe,19,19,89.261981960351,Anas bernieri,Anas_bernieri,AVES,0,0,0
pipe,19,19,89.261981960351,Apus balstoni,Apus_balstoni,AVES,0.999999900895178,20,16635.7499147803
pipe,19,19,89.261981960351,Artamella viridis,Artamella_viridis,AVES,0.999999999856866,33,17944.5478194185
pipe,19,19,89.261981960351,Asio madagascariensis,Asio_madagascariensis,AVES,0.596831562853169,3,14394.0686193417
pipe,19,19,89.261981960351,Atelornis crossleyi,Atelornis_crossleyi,AVES,0.986706001661149,5,2406.2448346921
pipe,19,19,89.261981960351,Atelornis pittoides,Atelornis_pittoides,AVES,0.998754087114162,5,10136.4334351095
pipe,19,19,89.261981960351,Athene superciliaris,Athene_superciliaris,AVES,0.999463210138587,9,12693.9616631413
pipe,19,19,89.261981960351,Avahi laniger,Avahi_laniger,MAMMALIA,0.999999999999756,34,8918.35182557011
pipe,19,19,89.261981960351,Avahi occidentalis,Avahi_occidentalis,MAMMALIA,0.989359902334482,4,483.948541472143
pipe,19,19,89.261981960351,Aviceda madagascariensis,Aviceda_madagascariensis,AVES,0.736693417488796,3,17757.093355908
pipe,19,19,89.261981960351,Bernieria madagascariensis,Bernieria_madagascariensis,AVES,0.999999999998279,31,16777.4031004189
pipe,19,19,89.261981960351,Brachypteracias leptosomus,Brachypteracias_leptosomus,AVES,0.997761780913796,4,10533.3408323564
pipe,19,19,89.261981960351,Brachytarsomys albicauda,Brachytarsomys_albicauda,MAMMALIA,0.996076597348402,11,566.840488935244
pipe,19,19,89.261981960351,Brachyuromys betsileoensis,Brachyuromys_betsileoensis,MAMMALIA,1,23,3111.23537316897
pipe,19,19,89.261981960351,Brachyuromys ramirohitra,Brachyuromys_ramirohitra,MAMMALIA,0.655414845690046,2,90.5857082152948
pipe,19,19,89.261981960351,Bradypterus brunneus,Bradypterus_brunneus,AVES,0.999999999918659,24,3604.99686129549
pipe,19,19,89.261981960351,Bradypterus seebohmi,Bradypterus_seebohmi,AVES,0.452718233996164,1,71.7493427546058
pipe,19,19,89.261981960351,Buteo brachypterus,Buteo_brachypterus,AVES,0.385757027284217,2,18548.787458524
pipe,19,19,89.261981960351,Calicalicus madagascariensis,Calicalicus_madagascariensis,AVES,0.999999997259813,36,16822.895110901
pipe,19,19,89.261981960351,Cheirogaleus crossleyi,Cheirogaleus_crossleyi,MAMMALIA,0.999999984556868,25,1879.26157490557
pipe,19,19,89.261981960351,Cheirogaleus major,Cheirogaleus_major,MAMMALIA,1,40,14062.2111025258
pipe,19,19,89.261981960351,Cheirogaleus medius,Cheirogaleus_medius,MAMMALIA,1,78,4569.7560032281
pipe,19,19,89.261981960351,Cinnyris notatus,Cinnyris_notatus,AVES,1,37,17236.2192163823
pipe,19,19,89.261981960351,Copsychus albospecularis,Copsychus_albospecularis,AVES,0.999995000598875,12,13823.3942275841
pipe,19,19,89.261981960351,Coracopsis nigra,Coracopsis_nigra,AVES,0.996242907262963,15,18246.2134590939
pipe,19,19,89.261981960351,Corythornis madagascariensis,Corythornis_madagascariensis,AVES,0.613066212270462,10,15972.7301876202
pipe,19,19,89.261981960351,Coua caerulea,Coua_caerulea,AVES,0.998257156196195,4,12306.4566362627
pipe,19,19,89.261981960351,Coua coquereli,Coua_coquereli,AVES,0.998874896272831,8,2865.25589693274
pipe,19,19,89.261981960351,Coua cristata,Coua_cristata,AVES,0.999999987694009,14,17275.4280655385
pipe,19,19,89.261981960351,Coua cursor,Coua_cursor,AVES,0.97754112926372,2,2248.72973734123
pipe,19,19,89.261981960351,Coua gigas,Coua_gigas,AVES,0.995338735502335,4,3624.97029662753
pipe,19,19,89.261981960351,Coua reynaudii,Coua_reynaudii,AVES,0.996165284275654,4,9133.88594589779
pipe,19,19,89.261981960351,Coua ruficeps,Coua_ruficeps,AVES,0.948025725453459,2,1169.65998012544
pipe,19,19,89.261981960351,Coua serriana,Coua_serriana,AVES,0.9636067050377,3,10253.925824458
pipe,19,19,89.261981960351,Crossleyia xanthophrys,Crossleyia_xanthophrys,AVES,0.999936124839696,16,1110.17502613819
pipe,19,19,89.261981960351,Cryptoprocta ferox,Cryptoprocta_ferox,MAMMALIA,0,0,0
pipe,19,19,89.261981960351,Cryptosylvicola randrianasoloi,Cryptosylvicola_randrianasoloi,AVES,0.999875703316544,17,1167.8755738972
pipe,19,19,89.261981960351,Cyanolanius madagascarinus,Cyanolanius_madagascarinus,AVES,0.999999999999999,36,17016.9933430667
pipe,19,19,89.261981960351,Daubentonia madagascariensis,Daubentonia_madagascariensis,MAMMALIA,0.999999999994436,22,9061.04562812766
pipe,19,19,89.261981960351,Echinops telfairi,Echinops_telfairi,MAMMALIA,0.999999999821052,74,5328.469275152
pipe,19,19,89.261981960351,Eliurus antsingy,Eliurus_antsingy,MAMMALIA,0.0133737178258206,3,49.043584514739
pipe,19,19,89.261981960351,Eliurus grandidieri,Eliurus_grandidieri,MAMMALIA,0.990751580465996,16,579.34054649377
pipe,19,19,89.261981960351,Eliurus majori,Eliurus_majori,MAMMALIA,1,45,6680.19438058228
pipe,19,19,89.261981960351,Eliurus minor,Eliurus_minor,MAMMALIA,1,70,15356.7921753761
pipe,19,19,89.261981960351,Eliurus myoxinus,Eliurus_myoxinus,MAMMALIA,1,91,13328.1143462174
pipe,19,19,89.261981960351,Eliurus tanala,Eliurus_tanala,MAMMALIA,1,44,7740.76418901011
pipe,19,19,89.261981960351,Eliurus webbi,Eliurus_webbi,MAMMALIA,1,40,14250.7401924164
pipe,19,19,89.261981960351,Eremopterix hova,Eremopterix_hova,AVES,0.999611377647096,5,1620.06881620384
pipe,19,19,89.261981960351,Eulemur albifrons,Eulemur_albifrons,MAMMALIA,0.999999999999962,10,8981.41692035818
pipe,19,19,89.261981960351,Eulemur cinereiceps,Eulemur_cinereiceps,MAMMALIA,1,65,15315.4088905273
pipe,19,19,89.261981960351,Eulemur collaris,Eulemur_collaris,MAMMALIA,1,64,15287.8150461029
pipe,19,19,89.261981960351,Eulemur coronatus,Eulemur_coronatus,MAMMALIA,1,39,4974.64052290309
pipe,19,19,89.261981960351,Eulemur flavifrons,Eulemur_flavifrons,MAMMALIA,0.000213248908682684,1,25.074716512655
pipe,19,19,89.261981960351,Eulemur fulvus,Eulemur_fulvus,MAMMALIA,1,64,15315.8660149503
pipe,19,19,89.261981960351,Eulemur macaco,Eulemur_macaco,MAMMALIA,1,27,5129.87802386721
pipe,19,19,89.261981960351,Eulemur mongoz,Eulemur_mongoz,MAMMALIA,0.989432014009544,5,537.595664231913
pipe,19,19,89.261981960351,Eulemur rubriventer,Eulemur_rubriventer,MAMMALIA,1,58,14857.3265479291
pipe,19,19,89.261981960351,Eulemur rufus,Eulemur_rufus,MAMMALIA,1,45,4767.39214436833
pipe,19,19,89.261981960351,Eulemur sanfordi,Eulemur_sanfordi,MAMMALIA,1,66,15321.1782590302
pipe,19,19,89.261981960351,Euryceros prevostii,Euryceros_prevostii,AVES,0.995160815152895,3,1828.02105363584
pipe,19,19,89.261981960351,Falco zoniventris,Falco_zoniventris,AVES,0.649252351290519,5,15862.4274720627
pipe,19,19,89.261981960351,Falculea palliata,Falculea_palliata,AVES,0.999980776639906,11,3315.6350265928
pipe,19,19,89.261981960351,Fossa fossana,Fossa_fossana,MAMMALIA,0.440598797931207,1,12385.0624278761
pipe,19,19,89.261981960351,Foudia madagascariensis,Foudia_madagascariensis,AVES,0.99999999480586,44,19742.4642266871
pipe,19,19,89.261981960351,Foudia omissa,Foudia_omissa,AVES,0.999999421102967,19,11200.8477871
pipe,19,19,89.261981960351,Gactornis enarratus,Gactornis_enarratus,AVES,0.999642270512567,11,11821.6209290989
pipe,19,19,89.261981960351,Galidia elegans,Galidia_elegans,MAMMALIA,0.517811932546201,1,12353.3465169897
pipe,19,19,89.261981960351,Galidictis fasciata,Galidictis_fasciata,MAMMALIA,0,0,0
pipe,19,19,89.261981960351,Geobiastes squamiger,Geobiastes_squamiger,AVES,0.98253267671932,1,3508.59167307472
pipe,19,19,89.261981960351,Geogale aurita,Geogale_aurita,MAMMALIA,0.999999586451681,90,5511.71115400099
pipe,19,19,89.261981960351,Gymnuromys roberti,Gymnuromys_roberti,MAMMALIA,1,33,4527.69647075641
pipe,19,19,89.261981960351,Haliaeetus vociferoides,Haliaeetus_vociferoides,AVES,0,0,0
pipe,19,19,89.261981960351,Hapalemur alaotrensis,Hapalemur_alaotrensis,MAMMALIA,0.999982329767396,5,889.299780218168
pipe,19,19,89.261981960351,Hapalemur aureus,Hapalemur_aureus,MAMMALIA,0.991842018397262,6,370.66265091309
pipe,19,19,89.261981960351,Hapalemur griseus,Hapalemur_griseus,MAMMALIA,1,60,16560.7627231749
pipe,19,19,89.261981960351,Hapalemur occidentalis,Hapalemur_occidentalis,MAMMALIA,0.998466202477323,11,535.340831583801
pipe,19,19,89.261981960351,Hartertula flavoviridis,Hartertula_flavoviridis,AVES,0.999999169813472,23,1798.70924921932
pipe,19,19,89.261981960351,Hartlaubius auratus,Hartlaubius_auratus,AVES,0.999999982684941,34,16926.6634762771
pipe,19,19,89.261981960351,Hemicentetes nigriceps,Hemicentetes_nigriceps,MAMMALIA,0.981418369458137,8,678.865517351391
pipe,19,19,89.261981960351,Hemicentetes semispinosus,Hemicentetes_semispinosus,MAMMALIA,0.999999999967721,36,14578.6013723561
pipe,19,19,89.261981960351,Hypogeomys antimena,Hypogeomys_antimena,MAMMALIA,0.133657837801919,2,56.7325883825327
pipe,19,19,89.261981960351,Hypositta corallirostris,Hypositta_corallirostris,AVES,0.999817481406684,15,13880.9424859807
pipe,19,19,89.261981960351,Indri indri,Indri_indri,MAMMALIA,0.999987738932062,14,13846.9222890586
pipe,19,19,89.261981960351,Lemur catta,Lemur_catta,MAMMALIA,1,41,2893.31177776733
pipe,19,19,89.261981960351,Lepidopygia nana,Lepidopygia_nana,AVES,0.992869906715869,54,19569.9348140147
pipe,19,19,89.261981960351,Lepilemur ankaranensis,Lepilemur_ankaranensis,MAMMALIA,0.942459903341341,5,274.237082094521
pipe,19,19,89.261981960351,Lepilemur edwardsi,Lepilemur_edwardsi,MAMMALIA,0.999934612230958,10,1266.91637444613
pipe,19,19,89.261981960351,Lepilemur leucopus,Lepilemur_leucopus,MAMMALIA,0.999981772581494,16,1136.46338450739
pipe,19,19,89.261981960351,Lepilemur microdon,Lepilemur_microdon,MAMMALIA,0.997687992028535,8,884.713415640452
pipe,19,19,89.261981960351,Lepilemur mustelinus,Lepilemur_mustelinus,MAMMALIA,1,69,12706.6322646793
pipe,19,19,89.261981960351,Lepilemur ruficaudatus,Lepilemur_ruficaudatus,MAMMALIA,0.999997350395039,13,1204.13887248581
pipe,19,19,89.261981960351,Leptopterus chabert,Leptopterus_chabert,AVES,0.999999999994859,43,19180.7760012951
pipe,19,19,89.261981960351,Lophotibis cristata,Lophotibis_cristata,AVES,0.996534556000202,5,15804.7366842204
pipe,19,19,89.261981960351,Macrotarsomys bastardi,Macrotarsomys_bastardi,MAMMALIA,0.999731203702354,23,844.451412636253
pipe,19,19,89.261981960351,Margaroperdix madagarensis,Margaroperdix_madagarensis,AVES,0.999999995969322,19,16986.0217685908
pipe,19,19,89.261981960351,Mentocrex kioloides,Mentocrex_kioloides,AVES,0.984818232622187,4,9558.34107301385
pipe,19,19,89.261981960351,Mesitornis unicolor,Mesitornis_unicolor,AVES,0,0,0
pipe,19,19,89.261981960351,Mesitornis variegatus,Mesitornis_variegatus,AVES,0.971604936666356,4,1502.05634959977
pipe,19,19,89.261981960351,Microcebus berthae,Microcebus_berthae,MAMMALIA,1.52725564417366e-08,1,10.8090685387869
pipe,19,19,89.261981960351,Microcebus griseorufus,Microcebus_griseorufus,MAMMALIA,0.962437630681045,12,344.647506392836
pipe,19,19,89.261981960351,Microcebus murinus,Microcebus_murinus,MAMMALIA,1,139,13916.4863772609
pipe,19,19,89.261981960351,Microcebus myoxinus,Microcebus_myoxinus,MAMMALIA,0.990517413069795,6,199.042903154257
pipe,19,19,89.261981960351,Microcebus ravelobensis,Microcebus_ravelobensis,MAMMALIA,0.778620368188717,8,211.643664129648
pipe,19,19,89.261981960351,Microcebus rufus,Microcebus_rufus,MAMMALIA,1,49,13738.056602507
pipe,19,19,89.261981960351,Microcebus tavaratra,Microcebus_tavaratra,MAMMALIA,0.986346512404753,8,344.879175723018
pipe,19,19,89.261981960351,Microgale brevicaudata,Microgale_brevicaudata,MAMMALIA,0.999999935986082,70,5520.87779827073
pipe,19,19,89.261981960351,Microgale cowani,Microgale_cowani,MAMMALIA,0.999999985256642,40,9239.33032693076
pipe,19,19,89.261981960351,Microgale drouhardi,Microgale_drouhardi,MAMMALIA,0.99999450700293,32,3953.06238784543
pipe,19,19,89.261981960351,Microgale dryas,Microgale_dryas,MAMMALIA,0.89675469821697,17,827.051753405772
pipe,19,19,89.261981960351,Microgale fotsifotsy,Microgale_fotsifotsy,MAMMALIA,0.999989740642983,34,4848.0016310161
pipe,19,19,89.261981960351,Microgale gracilis,Microgale_gracilis,MAMMALIA,0.999296708891034,18,2045.93224491819
pipe,19,19,89.261981960351,Microgale gymnorhyncha,Microgale_gymnorhyncha,MAMMALIA,0.999579467473369,23,2494.8241473642
pipe,19,19,89.261981960351,Microgale longicaudata,Microgale_longicaudata,MAMMALIA,0.999999902133774,55,11565.4839707626
pipe,19,19,89.261981960351,Microgale mergulus,Microgale_mergulus,MAMMALIA,0.998033794905297,8,909.527315799377
pipe,19,19,89.261981960351,Microgale parvula,Microgale_parvula,MAMMALIA,0.999999897367757,51,14471.9798614175
pipe,19,19,89.261981960351,Microgale principula,Microgale_principula,MAMMALIA,0.999999998440885,40,13034.8321585967
pipe,19,19,89.261981960351,Microgale pusilla,Microgale_pusilla,MAMMALIA,0.999914193989929,42,6728.01076799076
pipe,19,19,89.261981960351,Microgale soricoides,Microgale_soricoides,MAMMALIA,0.999997988724231,35,3865.73444457387
pipe,19,19,89.261981960351,Microgale taiva,Microgale_taiva,MAMMALIA,0.99999968085033,39,9796.41023365346
pipe,19,19,89.261981960351,Microgale thomasi,Microgale_thomasi,MAMMALIA,0.99999978459001,36,4839.69019835497
pipe,19,19,89.261981960351,Mirza coquereli,Mirza_coquereli,MAMMALIA,0.978463021836958,5,539.344263578115
pipe,19,19,89.261981960351,Monias benschi,Monias_benschi,AVES,0,0,0
pipe,19,19,89.261981960351,Monticola erythronotus,Monticola_erythronotus,AVES,0.505764981643122,1,97.497303661992
pipe,19,19,89.261981960351,Monticola sharpei,Monticola_sharpei,AVES,0.99999999963673,20,15038.0379780583
pipe,19,19,89.261981960351,Monticolomys koopmani,Monticolomys_koopmani,MAMMALIA,0.132607629821117,3,77.5173760962128
pipe,19,19,89.261981960351,Motacilla flaviventris,Motacilla_flaviventris,AVES,0.999496685467348,4,909.312805159396
pipe,19,19,89.261981960351,Mystacornis crossleyi,Mystacornis_crossleyi,AVES,0.999999994061214,11,11828.6808618712
pipe,19,19,89.261981960351,Neodrepanis coruscans,Neodrepanis_coruscans,AVES,0.999447102532956,14,7699.91223002747
pipe,19,19,89.261981960351,Neodrepanis hypoxantha,Neodrepanis_hypoxantha,AVES,0.0211788109146442,3,88.4296056242715
pipe,19,19,89.261981960351,Neomixis striatigula,Neomixis_striatigula,AVES,0.999999999997776,16,13035.6428245919
pipe,19,19,89.261981960351,Neomixis tenella,Neomixis_tenella,AVES,1,48,17489.3668332082
pipe,19,19,89.261981960351,Neomixis viridis,Neomixis_viridis,AVES,0.999999999999789,14,12724.9836657825
pipe,19,19,89.261981960351,Nesillas lantzii,Nesillas_lantzii,AVES,0.998667374913778,4,742.537412491226
pipe,19,19,89.261981960351,Nesogale dobsoni,Nesogale_dobsoni,MAMMALIA,0.999999999997608,45,12936.978134009
pipe,19,19,89.261981960351,Nesogale talazaci,Nesogale_talazaci,MAMMALIA,0.999999999999199,39,13735.1789756104
pipe,19,19,89.261981960351,Nesomys audeberti,Nesomys_audeberti,MAMMALIA,0.999999997910568,20,1680.63825918676
pipe,19,19,89.261981960351,Nesomys lambertoni,Nesomys_lambertoni,MAMMALIA,0.987637248634297,5,293.172349624758
pipe,19,19,89.261981960351,Nesomys rufus,Nesomys_rufus,MAMMALIA,1,35,9751.45088623158
pipe,19,19,89.261981960351,Newtonia amphichroa,Newtonia_amphichroa,AVES,0.999999999999976,18,8963.61225084744
pipe,19,19,89.261981960351,Newtonia archboldi,Newtonia_archboldi,AVES,0.992210685503433,5,616.676767239891
pipe,19,19,89.261981960351,Newtonia brunneicauda,Newtonia_brunneicauda,AVES,1,49,19323.7834849225
pipe,19,19,89.261981960351,Newtonia fanovanae,Newtonia_fanovanae,AVES,0.35300667308126,1,71.3810832753727
pipe,19,19,89.261981960351,Oriolia bernieri,Oriolia_bernieri,AVES,0.998174774156423,8,3271.86069728309
pipe,19,19,89.261981960351,Oryzorictes hova,Oryzorictes_hova,MAMMALIA,0.999999999998561,41,13572.1982312337
pipe,19,19,89.261981960351,Oryzorictes tetradactylus,Oryzorictes_tetradactylus,MAMMALIA,0.997369848845788,22,1534.24545277242
pipe,19,19,89.261981960351,Otus rutilus,Otus_rutilus,AVES,0.99999987224643,11,17414.5669167295
pipe,19,19,89.261981960351,Oxylabes madagascariensis,Oxylabes_madagascariensis,AVES,0.999999999936068,17,11938.5170627343
pipe,19,19,89.261981960351,Phaner electromontis,Phaner_electromontis,MAMMALIA,0,0,0
pipe,19,19,89.261981960351,Phaner furcifer,Phaner_furcifer,MAMMALIA,0.887084180799965,10,333.547577033373
pipe,19,19,89.261981960351,Phaner pallescens,Phaner_pallescens,MAMMALIA,0.999839331935616,5,795.41038694844
pipe,19,19,89.261981960351,Phaner parienti,Phaner_parienti,MAMMALIA,0.00280017666108179,1,24.4501852478606
pipe,19,19,89.261981960351,Philepitta castanea,Philepitta_castanea,AVES,0.983928902549243,10,9646.41107282096
pipe,19,19,89.261981960351,Philepitta schlegeli,Philepitta_schlegeli,AVES,0.942569798129947,9,1829.38806253044
pipe,19,19,89.261981960351,Ploceus nelicourvi,Ploceus_nelicourvi,AVES,0.99999999968029,14,13869.769696666
pipe,19,19,89.261981960351,Ploceus sakalava,Ploceus_sakalava,AVES,0.999941611514213,24,3976.67590093851
pipe,19,19,89.261981960351,Polyboroides radiatus,Polyboroides_radiatus,AVES,0.952557480769943,4,16032.4584171781
pipe,19,19,89.261981960351,Pseudobias wardi,Pseudobias_wardi,AVES,0.999999999999681,16,10700.9843034589
pipe,19,19,89.261981960351,Pterocles personatus,Pterocles_personatus,AVES,0.598836024816671,3,2530.70375389927
pipe,19,19,89.261981960351,Rallus madagascariensis,Rallus_madagascariensis,AVES,0.993166158806019,5,2976.81040842539
pipe,19,19,89.261981960351,Randia pseudozosterops,Randia_pseudozosterops,AVES,0.999999994716283,12,11663.1389570329
pipe,19,19,89.261981960351,Sarothrura insularis,Sarothrura_insularis,AVES,0.997600693251739,11,14330.9931960053
pipe,19,19,89.261981960351,Schetba rufa,Schetba_rufa,AVES,0.999996902505231,22,9586.61582912998
pipe,19,19,89.261981960351,Setifer setosus,Setifer_setosus,MAMMALIA,1,75,18955.066750237
pipe,19,19,89.261981960351,Tenrec ecaudatus,Tenrec_ecaudatus,MAMMALIA,1,66,18566.8601609376
pipe,19,19,89.261981960351,Thamnornis chloropetoides,Thamnornis_chloropetoides,AVES,0.997352681274283,5,786.291737408697
pipe,19,19,89.261981960351,Treron australis,Treron_australis,AVES,0.997901095530871,16,18420.5280866601
pipe,19,19,89.261981960351,Turnix nigricollis,Turnix_nigricollis,AVES,0.999999230902161,19,13919.4968494105
pipe,19,19,89.261981960351,Tylas eduardi,Tylas_eduardi,AVES,0.999999997138202,10,13909.0834453303
pipe,19,19,89.261981960351,Vanga curvirostris,Vanga_curvirostris,AVES,0.999999995639268,29,18494.8572991926
pipe,19,19,89.261981960351,Varecia rubra,Varecia_rubra,MAMMALIA,1,30,14486.4937999712
pipe,19,19,89.261981960351,Varecia variegata,Varecia_variegata,MAMMALIA,0.999999999995996,30,14483.7501682238
pipe,19,19,89.261981960351,Xanthomixis apperti,Xanthomixis_apperti,AVES,0.441311211243701,1,68.4073900828693
pipe,19,19,89.261981960351,Xanthomixis cinereiceps,Xanthomixis_cinereiceps,AVES,0.999999723080241,14,2377.73733520433
pipe,19,19,89.261981960351,Xanthomixis zosterops,Xanthomixis_zosterops,AVES,0.999999999979135,18,13893.9441871186
pipe,19,19,89.261981960351,Xenopirostris damii,Xenopirostris_damii,AVES,0.00179910755944268,1,93.5023436630614
pipe,19,19,89.261981960351,Xenopirostris polleni,Xenopirostris_polleni,AVES,0.999722258286784,9,4722.14327271914
pipe,19,19,89.261981960351,Xenopirostris xenopirostris,Xenopirostris_xenopirostris,AVES,0.91280486175997,1,599.646948629051
pipe,20,20,93.953331763907,Accipiter henstii,Accipiter_henstii,AVES,0.0850297931905031,2,8684.38529012287
pipe,20,20,93.953331763907,Accipiter madagascariensis,Accipiter_madagascariensis,AVES,0.208285326304595,4,8868.30288126335
pipe,20,20,93.953331763907,Acrocephalus newtoni,Acrocephalus_newtoni,AVES,1,44,9664.12137179433
pipe,20,20,93.953331763907,Alectroenas madagascariensis,Alectroenas_madagascariensis,AVES,0.982736697860013,10,7275.65599783451
pipe,20,20,93.953331763907,Allocebus trichotis,Allocebus_trichotis,MAMMALIA,0.00777699443301827,1,29.7379084643255
pipe,20,20,93.953331763907,Anas bernieri,Anas_bernieri,AVES,0,0,0
pipe,20,20,93.953331763907,Apus balstoni,Apus_balstoni,AVES,0.999999897846319,21,8907.20179187953
pipe,20,20,93.953331763907,Artamella viridis,Artamella_viridis,AVES,0.999999999968095,36,10232.2137959756
pipe,20,20,93.953331763907,Asio madagascariensis,Asio_madagascariensis,AVES,0.376149290554947,3,6974.89147507266
pipe,20,20,93.953331763907,Atelornis crossleyi,Atelornis_crossleyi,AVES,0.969288247821313,5,1935.99824054466
pipe,20,20,93.953331763907,Atelornis pittoides,Atelornis_pittoides,AVES,0.995664475200138,5,5688.9070469804
pipe,20,20,93.953331763907,Athene superciliaris,Athene_superciliaris,AVES,0.995526088117259,9,7048.16421737612
pipe,20,20,93.953331763907,Avahi laniger,Avahi_laniger,MAMMALIA,0.99999999999979,47,4623.88147425194
pipe,20,20,93.953331763907,Avahi occidentalis,Avahi_occidentalis,MAMMALIA,0.974306937373857,4,430.886544767126
pipe,20,20,93.953331763907,Aviceda madagascariensis,Aviceda_madagascariensis,AVES,0.451688256484515,3,9836.7302535691
pipe,20,20,93.953331763907,Bernieria madagascariensis,Bernieria_madagascariensis,AVES,0.999999999999524,34,9101.51673790538
pipe,20,20,93.953331763907,Brachypteracias leptosomus,Brachypteracias_leptosomus,AVES,0.98912973465534,4,4959.92487293296
pipe,20,20,93.953331763907,Brachytarsomys albicauda,Brachytarsomys_albicauda,MAMMALIA,0.989069149065334,10,432.022320698226
pipe,20,20,93.953331763907,Brachyuromys betsileoensis,Brachyuromys_betsileoensis,MAMMALIA,0.999999999998391,20,2051.26238139006
pipe,20,20,93.953331763907,Brachyuromys ramirohitra,Brachyuromys_ramirohitra,MAMMALIA,0.655414845690046,2,90.5857082152948
pipe,20,20,93.953331763907,Bradypterus brunneus,Bradypterus_brunneus,AVES,0.999999902136646,21,2123.23838014146
pipe,20,20,93.953331763907,Bradypterus seebohmi,Bradypterus_seebohmi,AVES,0.452718233996164,1,71.7493427546058
pipe,20,20,93.953331763907,Buteo brachypterus,Buteo_brachypterus,AVES,0.143477226448717,2,10202.034353625
pipe,20,20,93.953331763907,Calicalicus madagascariensis,Calicalicus_madagascariensis,AVES,0.999999998384284,41,9102.5599236315
pipe,20,20,93.953331763907,Cheirogaleus crossleyi,Cheirogaleus_crossleyi,MAMMALIA,0.99997466743878,19,1096.03109921134
pipe,20,20,93.953331763907,Cheirogaleus major,Cheirogaleus_major,MAMMALIA,1,53,7001.09025644483
pipe,20,20,93.953331763907,Cheirogaleus medius,Cheirogaleus_medius,MAMMALIA,1,60,3975.29471984566
pipe,20,20,93.953331763907,Cinnyris notatus,Cinnyris_notatus,AVES,1,42,9520.90291130201
pipe,20,20,93.953331763907,Copsychus albospecularis,Copsychus_albospecularis,AVES,0.999999444413718,17,6853.03192416082
pipe,20,20,93.953331763907,Coracopsis nigra,Coracopsis_nigra,AVES,0.982669274820127,15,10277.2586988694
pipe,20,20,93.953331763907,Corythornis madagascariensis,Corythornis_madagascariensis,AVES,0.37027129034657,11,8311.48339656173
pipe,20,20,93.953331763907,Coua caerulea,Coua_caerulea,AVES,0.990977686067766,4,5875.28735804228
pipe,20,20,93.953331763907,Coua coquereli,Coua_coquereli,AVES,0.993356247011031,6,2076.21363831567
pipe,20,20,93.953331763907,Coua cristata,Coua_cristata,AVES,0.999999717019979,11,9421.99391945563
pipe,20,20,93.953331763907,Coua cursor,Coua_cursor,AVES,0.924679624941159,3,1537.40675641484
pipe,20,20,93.953331763907,Coua gigas,Coua_gigas,AVES,0.979760968284248,3,2719.97852160293
pipe,20,20,93.953331763907,Coua reynaudii,Coua_reynaudii,AVES,0.9829443128695,5,4689.88397268654
pipe,20,20,93.953331763907,Coua ruficeps,Coua_ruficeps,AVES,0.920609316287728,2,1043.59061333929
pipe,20,20,93.953331763907,Coua serriana,Coua_serriana,AVES,0.893649375394762,3,4682.60240286396
pipe,20,20,93.953331763907,Crossleyia xanthophrys,Crossleyia_xanthophrys,AVES,0.998840169434659,16,937.366128522087
pipe,20,20,93.953331763907,Cryptoprocta ferox,Cryptoprocta_ferox,MAMMALIA,0,0,0
pipe,20,20,93.953331763907,Cryptosylvicola randrianasoloi,Cryptosylvicola_randrianasoloi,AVES,0.999320271758555,17,994.135959849011
pipe,20,20,93.953331763907,Cyanolanius madagascarinus,Cyanolanius_madagascarinus,AVES,1,41,9278.99399414424
pipe,20,20,93.953331763907,Daubentonia madagascariensis,Daubentonia_madagascariensis,MAMMALIA,0.99987111617769,39,3628.89073332672
pipe,20,20,93.953331763907,Echinops telfairi,Echinops_telfairi,MAMMALIA,0.999999781250317,61,4092.91573586174
pipe,20,20,93.953331763907,Eliurus antsingy,Eliurus_antsingy,MAMMALIA,0.0133737178258206,3,49.043584514739
pipe,20,20,93.953331763907,Eliurus grandidieri,Eliurus_grandidieri,MAMMALIA,0.987849867283944,15,548.360680336861
pipe,20,20,93.953331763907,Eliurus majori,Eliurus_majori,MAMMALIA,1,39,4400.22035503197
pipe,20,20,93.953331763907,Eliurus minor,Eliurus_minor,MAMMALIA,1,85,8079.00548208257
pipe,20,20,93.953331763907,Eliurus myoxinus,Eliurus_myoxinus,MAMMALIA,1,93,8107.58964014042
pipe,20,20,93.953331763907,Eliurus tanala,Eliurus_tanala,MAMMALIA,1,40,4542.17550800026
pipe,20,20,93.953331763907,Eliurus webbi,Eliurus_webbi,MAMMALIA,1,58,7023.74944173187
pipe,20,20,93.953331763907,Eremopterix hova,Eremopterix_hova,AVES,0.99311404256374,4,947.141712272136
pipe,20,20,93.953331763907,Eulemur albifrons,Eulemur_albifrons,MAMMALIA,1,27,3848.45408583309
pipe,20,20,93.953331763907,Eulemur cinereiceps,Eulemur_cinereiceps,MAMMALIA,1,76,8928.04295501782
pipe,20,20,93.953331763907,Eulemur collaris,Eulemur_collaris,MAMMALIA,1,73,8890.29998486567
pipe,20,20,93.953331763907,Eulemur coronatus,Eulemur_coronatus,MAMMALIA,1,40,2457.17882661972
pipe,20,20,93.953331763907,Eulemur flavifrons,Eulemur_flavifrons,MAMMALIA,0,0,0
pipe,20,20,93.953331763907,Eulemur fulvus,Eulemur_fulvus,MAMMALIA,1,75,8928.04295501782
pipe,20,20,93.953331763907,Eulemur macaco,Eulemur_macaco,MAMMALIA,1,24,3778.1386268601
pipe,20,20,93.953331763907,Eulemur mongoz,Eulemur_mongoz,MAMMALIA,0.987412640873916,5,513.951134141225
pipe,20,20,93.953331763907,Eulemur rubriventer,Eulemur_rubriventer,MAMMALIA,1,68,7927.82993559014
pipe,20,20,93.953331763907,Eulemur rufus,Eulemur_rufus,MAMMALIA,1,43,4062.73598875784
pipe,20,20,93.953331763907,Eulemur sanfordi,Eulemur_sanfordi,MAMMALIA,1,76,8928.04295501782
pipe,20,20,93.953331763907,Euryceros prevostii,Euryceros_prevostii,AVES,0.980237936856381,3,983.182541024328
pipe,20,20,93.953331763907,Falco zoniventris,Falco_zoniventris,AVES,0.348913286620284,5,8012.20961754352
pipe,20,20,93.953331763907,Falculea palliata,Falculea_palliata,AVES,0.999843323015577,14,2466.11861052933
pipe,20,20,93.953331763907,Fossa fossana,Fossa_fossana,MAMMALIA,0,1,2442.11858080574
pipe,20,20,93.953331763907,Foudia madagascariensis,Foudia_madagascariensis,AVES,0.999999985286311,51,11238.0340102903
pipe,20,20,93.953331763907,Foudia omissa,Foudia_omissa,AVES,0.999998536829029,22,6119.82291249661
pipe,20,20,93.953331763907,Gactornis enarratus,Gactornis_enarratus,AVES,0.999750644425444,13,5977.30101929348
pipe,20,20,93.953331763907,Galidia elegans,Galidia_elegans,MAMMALIA,0,1,2140.64798049506
pipe,20,20,93.953331763907,Galidictis fasciata,Galidictis_fasciata,MAMMALIA,0,0,0
pipe,20,20,93.953331763907,Geobiastes squamiger,Geobiastes_squamiger,AVES,0.954197787561503,2,2187.3761561823
pipe,20,20,93.953331763907,Geogale aurita,Geogale_aurita,MAMMALIA,0.99963405456916,68,3460.13148279846
pipe,20,20,93.953331763907,Gymnuromys roberti,Gymnuromys_roberti,MAMMALIA,1,29,3036.20755900049
pipe,20,20,93.953331763907,Haliaeetus vociferoides,Haliaeetus_vociferoides,AVES,0,0,0
pipe,20,20,93.953331763907,Hapalemur alaotrensis,Hapalemur_alaotrensis,MAMMALIA,0.977845968363082,5,289.129997539608
pipe,20,20,93.953331763907,Hapalemur aureus,Hapalemur_aureus,MAMMALIA,0.991842018397262,6,370.66265091309
pipe,20,20,93.953331763907,Hapalemur griseus,Hapalemur_griseus,MAMMALIA,1,74,9002.06736002468
pipe,20,20,93.953331763907,Hapalemur occidentalis,Hapalemur_occidentalis,MAMMALIA,0.995877887240539,10,468.227512657398
pipe,20,20,93.953331763907,Hartertula flavoviridis,Hartertula_flavoviridis,AVES,0.999974971315928,20,1391.53042184244
pipe,20,20,93.953331763907,Hartlaubius auratus,Hartlaubius_auratus,AVES,0.999999992342425,34,9136.84590540068
pipe,20,20,93.953331763907,Hemicentetes nigriceps,Hemicentetes_nigriceps,MAMMALIA,0.975844159793596,5,574.816522549658
pipe,20,20,93.953331763907,Hemicentetes semispinosus,Hemicentetes_semispinosus,MAMMALIA,0.999999999999996,54,7270.74706648463
pipe,20,20,93.953331763907,Hypogeomys antimena,Hypogeomys_antimena,MAMMALIA,0.133657837801919,2,56.7325883825327
pipe,20,20,93.953331763907,Hypositta corallirostris,Hypositta_corallirostris,AVES,0.999942358317094,22,6978.62371231274
pipe,20,20,93.953331763907,Indri indri,Indri_indri,MAMMALIA,0.999988073158357,25,6490.50735732118
pipe,20,20,93.953331763907,Lemur catta,Lemur_catta,MAMMALIA,1,28,1599.1028027512
pipe,20,20,93.953331763907,Lepidopygia nana,Lepidopygia_nana,AVES,0.985808261165002,56,10907.3218976533
pipe,20,20,93.953331763907,Lepilemur ankaranensis,Lepilemur_ankaranensis,MAMMALIA,0.940198910572926,2,187.693890485166
pipe,20,20,93.953331763907,Lepilemur edwardsi,Lepilemur_edwardsi,MAMMALIA,0.999611741255419,10,1028.0922529884
pipe,20,20,93.953331763907,Lepilemur leucopus,Lepilemur_leucopus,MAMMALIA,0.99994868715907,15,1043.29602786009
pipe,20,20,93.953331763907,Lepilemur microdon,Lepilemur_microdon,MAMMALIA,0.974405257289974,9,696.594819096914
pipe,20,20,93.953331763907,Lepilemur mustelinus,Lepilemur_mustelinus,MAMMALIA,1,76,7528.44278396976
pipe,20,20,93.953331763907,Lepilemur ruficaudatus,Lepilemur_ruficaudatus,MAMMALIA,0.999947993151975,12,1029.9431826162
pipe,20,20,93.953331763907,Leptopterus chabert,Leptopterus_chabert,AVES,0.999999999989608,48,10958.2039641801
pipe,20,20,93.953331763907,Lophotibis cristata,Lophotibis_cristata,AVES,0.977496908067326,5,8219.96303102628
pipe,20,20,93.953331763907,Macrotarsomys bastardi,Macrotarsomys_bastardi,MAMMALIA,0.998712061106069,17,663.730412638928
pipe,20,20,93.953331763907,Margaroperdix madagarensis,Margaroperdix_madagarensis,AVES,0.99999968251035,18,9210.60577454729
pipe,20,20,93.953331763907,Mentocrex kioloides,Mentocrex_kioloides,AVES,0.95423380673906,4,4904.67723916929
pipe,20,20,93.953331763907,Mesitornis unicolor,Mesitornis_unicolor,AVES,0,0,0
pipe,20,20,93.953331763907,Mesitornis variegatus,Mesitornis_variegatus,AVES,0.963020562005737,4,1380.76057738527
pipe,20,20,93.953331763907,Microcebus berthae,Microcebus_berthae,MAMMALIA,1.52725564417366e-08,1,10.8090685387869
pipe,20,20,93.953331763907,Microcebus griseorufus,Microcebus_griseorufus,MAMMALIA,0.961833202005612,8,299.66346713943
pipe,20,20,93.953331763907,Microcebus murinus,Microcebus_murinus,MAMMALIA,1,118,7661.81335156329
pipe,20,20,93.953331763907,Microcebus myoxinus,Microcebus_myoxinus,MAMMALIA,0.982752344588742,5,170.347664163714
pipe,20,20,93.953331763907,Microcebus ravelobensis,Microcebus_ravelobensis,MAMMALIA,0.778620368188717,8,211.643664129648
pipe,20,20,93.953331763907,Microcebus rufus,Microcebus_rufus,MAMMALIA,1,65,6796.11897154581
pipe,20,20,93.953331763907,Microcebus tavaratra,Microcebus_tavaratra,MAMMALIA,0.972283797509903,7,306.287750023105
pipe,20,20,93.953331763907,Microgale brevicaudata,Microgale_brevicaudata,MAMMALIA,0.999996249629205,63,4202.03861343381
pipe,20,20,93.953331763907,Microgale cowani,Microgale_cowani,MAMMALIA,0.9999994837542,50,5177.59450020038
pipe,20,20,93.953331763907,Microgale drouhardi,Microgale_drouhardi,MAMMALIA,0.999808615574898,27,3004.98243115789
pipe,20,20,93.953331763907,Microgale dryas,Microgale_dryas,MAMMALIA,0.896754662794905,12,748.467184632362
pipe,20,20,93.953331763907,Microgale fotsifotsy,Microgale_fotsifotsy,MAMMALIA,0.998611883047071,36,3426.08328557016
pipe,20,20,93.953331763907,Microgale gracilis,Microgale_gracilis,MAMMALIA,0.997594150868904,16,1741.83335094309
pipe,20,20,93.953331763907,Microgale gymnorhyncha,Microgale_gymnorhyncha,MAMMALIA,0.997637224058316,23,1995.02750561396
pipe,20,20,93.953331763907,Microgale longicaudata,Microgale_longicaudata,MAMMALIA,0.999999733159125,65,6341.90757654974
pipe,20,20,93.953331763907,Microgale mergulus,Microgale_mergulus,MAMMALIA,0.994322204018733,8,791.482746422524
pipe,20,20,93.953331763907,Microgale parvula,Microgale_parvula,MAMMALIA,0.999999083148777,68,7286.98647719803
pipe,20,20,93.953331763907,Microgale principula,Microgale_principula,MAMMALIA,0.999999991557239,57,6545.45592611561
pipe,20,20,93.953331763907,Microgale pusilla,Microgale_pusilla,MAMMALIA,0.998170799128339,34,3382.62720052769
pipe,20,20,93.953331763907,Microgale soricoides,Microgale_soricoides,MAMMALIA,0.999687716986713,33,2648.1973363376
pipe,20,20,93.953331763907,Microgale taiva,Microgale_taiva,MAMMALIA,0.999999924320879,44,5499.73605116356
pipe,20,20,93.953331763907,Microgale thomasi,Microgale_thomasi,MAMMALIA,0.999998240238324,37,3187.02614733309
pipe,20,20,93.953331763907,Mirza coquereli,Mirza_coquereli,MAMMALIA,0.924962859425975,5,459.462621335339
pipe,20,20,93.953331763907,Monias benschi,Monias_benschi,AVES,0,0,0
pipe,20,20,93.953331763907,Monticola erythronotus,Monticola_erythronotus,AVES,0.505764981643122,1,97.497303661992
pipe,20,20,93.953331763907,Monticola sharpei,Monticola_sharpei,AVES,0.999999999976631,24,7781.9676438515
pipe,20,20,93.953331763907,Monticolomys koopmani,Monticolomys_koopmani,MAMMALIA,0.132607629821117,3,77.5173760962128
pipe,20,20,93.953331763907,Motacilla flaviventris,Motacilla_flaviventris,AVES,0.938323618163981,3,297.367713362991
pipe,20,20,93.953331763907,Mystacornis crossleyi,Mystacornis_crossleyi,AVES,0.999999999944533,15,6209.10448798473
pipe,20,20,93.953331763907,Neodrepanis coruscans,Neodrepanis_coruscans,AVES,0.999109133924578,17,4596.81798058343
pipe,20,20,93.953331763907,Neodrepanis hypoxantha,Neodrepanis_hypoxantha,AVES,0.0211788109146442,3,88.4296056242715
pipe,20,20,93.953331763907,Neomixis striatigula,Neomixis_striatigula,AVES,0.999999999999999,22,6781.04762529519
pipe,20,20,93.953331763907,Neomixis tenella,Neomixis_tenella,AVES,1,51,9757.32695692446
pipe,20,20,93.953331763907,Neomixis viridis,Neomixis_viridis,AVES,0.999999999999999,19,6492.92123195382
pipe,20,20,93.953331763907,Nesillas lantzii,Nesillas_lantzii,AVES,0.997869955610517,4,673.972080042991
pipe,20,20,93.953331763907,Nesogale dobsoni,Nesogale_dobsoni,MAMMALIA,0.999999999996608,52,6553.03666104356
pipe,20,20,93.953331763907,Nesogale talazaci,Nesogale_talazaci,MAMMALIA,0.999999999999907,52,6886.55193280464
pipe,20,20,93.953331763907,Nesomys audeberti,Nesomys_audeberti,MAMMALIA,0.999972725294461,15,981.912869639661
pipe,20,20,93.953331763907,Nesomys lambertoni,Nesomys_lambertoni,MAMMALIA,0.978918799578786,5,273.238551272161
pipe,20,20,93.953331763907,Nesomys rufus,Nesomys_rufus,MAMMALIA,1,42,5365.74320712144
pipe,20,20,93.953331763907,Newtonia amphichroa,Newtonia_amphichroa,AVES,0.999999999994736,23,5392.30244448887
pipe,20,20,93.953331763907,Newtonia archboldi,Newtonia_archboldi,AVES,0.988065449333231,4,552.034106504504
pipe,20,20,93.953331763907,Newtonia brunneicauda,Newtonia_brunneicauda,AVES,1,50,10974.0951285052
pipe,20,20,93.953331763907,Newtonia fanovanae,Newtonia_fanovanae,AVES,0.35300667308126,1,71.3810832753727
pipe,20,20,93.953331763907,Oriolia bernieri,Oriolia_bernieri,AVES,0.989880820866117,9,2240.70229625302
pipe,20,20,93.953331763907,Oryzorictes hova,Oryzorictes_hova,MAMMALIA,0.999999999995902,53,6665.70421383946
pipe,20,20,93.953331763907,Oryzorictes tetradactylus,Oryzorictes_tetradactylus,MAMMALIA,0.988636595725765,17,1174.21202412738
pipe,20,20,93.953331763907,Otus rutilus,Otus_rutilus,AVES,0.99998883457983,13,9484.92649585454
pipe,20,20,93.953331763907,Oxylabes madagascariensis,Oxylabes_madagascariensis,AVES,0.999999999999959,22,6460.62097381514
pipe,20,20,93.953331763907,Phaner electromontis,Phaner_electromontis,MAMMALIA,0,0,0
pipe,20,20,93.953331763907,Phaner furcifer,Phaner_furcifer,MAMMALIA,0.887083920250157,8,297.273791391403
pipe,20,20,93.953331763907,Phaner pallescens,Phaner_pallescens,MAMMALIA,0.999304288389027,5,703.186918529054
pipe,20,20,93.953331763907,Phaner parienti,Phaner_parienti,MAMMALIA,0.00280017666108179,1,24.4501852478606
pipe,20,20,93.953331763907,Philepitta castanea,Philepitta_castanea,AVES,0.985282567279795,14,5292.10712505397
pipe,20,20,93.953331763907,Philepitta schlegeli,Philepitta_schlegeli,AVES,0.930566688629571,8,1633.09013223759
pipe,20,20,93.953331763907,Ploceus nelicourvi,Ploceus_nelicourvi,AVES,0.999999999998797,19,6885.75245935436
pipe,20,20,93.953331763907,Ploceus sakalava,Ploceus_sakalava,AVES,0.999216425562243,23,2957.18322138664
pipe,20,20,93.953331763907,Polyboroides radiatus,Polyboroides_radiatus,AVES,0.771549584265834,4,8342.25485490364
pipe,20,20,93.953331763907,Pseudobias wardi,Pseudobias_wardi,AVES,0.999999999863201,19,6007.03953823383
pipe,20,20,93.953331763907,Pterocles personatus,Pterocles_personatus,AVES,0.273836297660036,5,1254.75201854629
pipe,20,20,93.953331763907,Rallus madagascariensis,Rallus_madagascariensis,AVES,0.978158028409392,4,2106.56304729992
pipe,20,20,93.953331763907,Randia pseudozosterops,Randia_pseudozosterops,AVES,0.999999994279565,17,5518.75161099039
pipe,20,20,93.953331763907,Sarothrura insularis,Sarothrura_insularis,AVES,0.997737185321151,14,7062.00389833727
pipe,20,20,93.953331763907,Schetba rufa,Schetba_rufa,AVES,0.99999944850983,22,5119.70132955622
pipe,20,20,93.953331763907,Setifer setosus,Setifer_setosus,MAMMALIA,1,88,10799.3262279431
pipe,20,20,93.953331763907,Tenrec ecaudatus,Tenrec_ecaudatus,MAMMALIA,1,78,10525.9205249515
pipe,20,20,93.953331763907,Thamnornis chloropetoides,Thamnornis_chloropetoides,AVES,0.996896832523215,5,741.770736727179
pipe,20,20,93.953331763907,Treron australis,Treron_australis,AVES,0.989224652831565,16,10364.1237105711
pipe,20,20,93.953331763907,Turnix nigricollis,Turnix_nigricollis,AVES,0.999992683952978,22,8594.2385991123
pipe,20,20,93.953331763907,Tylas eduardi,Tylas_eduardi,AVES,0.999999999962947,13,6812.82767089549
pipe,20,20,93.953331763907,Vanga curvirostris,Vanga_curvirostris,AVES,0.999999987170676,30,10704.1488558965
pipe,20,20,93.953331763907,Varecia rubra,Varecia_rubra,MAMMALIA,1,48,7213.40422881392
pipe,20,20,93.953331763907,Varecia variegata,Varecia_variegata,MAMMALIA,1,47,7197.62618819719
pipe,20,20,93.953331763907,Xanthomixis apperti,Xanthomixis_apperti,AVES,0.441311211243701,1,68.4073900828693
pipe,20,20,93.953331763907,Xanthomixis cinereiceps,Xanthomixis_cinereiceps,AVES,0.999999291004244,15,1893.96622345155
pipe,20,20,93.953331763907,Xanthomixis zosterops,Xanthomixis_zosterops,AVES,0.999999999999796,25,6910.47712609493
pipe,20,20,93.953331763907,Xenopirostris damii,Xenopirostris_damii,AVES,0,0,0
pipe,20,20,93.953331763907,Xenopirostris polleni,Xenopirostris_polleni,AVES,0.999419444593035,12,2176.34908343589
pipe,20,20,93.953331763907,Xenopirostris xenopirostris,Xenopirostris_xenopirostris,AVES,0.930097662134669,2,557.13153658133
pipe,21,21,98.6595004534767,Accipiter henstii,Accipiter_henstii,AVES,4.66293670342566e-15,1,1240.59956729311
pipe,21,21,98.6595004534767,Accipiter madagascariensis,Accipiter_madagascariensis,AVES,3.68528860106299e-06,2,1671.9414174111
pipe,21,21,98.6595004534767,Acrocephalus newtoni,Acrocephalus_newtoni,AVES,0.999999988637253,18,2117.11870327886
pipe,21,21,98.6595004534767,Alectroenas madagascariensis,Alectroenas_madagascariensis,AVES,0.65521495223394,8,1471.70401524867
pipe,21,21,98.6595004534767,Allocebus trichotis,Allocebus_trichotis,MAMMALIA,0,0,0
pipe,21,21,98.6595004534767,Anas bernieri,Anas_bernieri,AVES,0,0,0
pipe,21,21,98.6595004534767,Apus balstoni,Apus_balstoni,AVES,0.978011020175221,12,1997.54869280022
pipe,21,21,98.6595004534767,Artamella viridis,Artamella_viridis,AVES,0.999082499447641,15,2133.67305576241
pipe,21,21,98.6595004534767,Asio madagascariensis,Asio_madagascariensis,AVES,0.0122079493514177,1,1194.04170160354
pipe,21,21,98.6595004534767,Atelornis crossleyi,Atelornis_crossleyi,AVES,0.710055038035658,3,690.791667849887
pipe,21,21,98.6595004534767,Atelornis pittoides,Atelornis_pittoides,AVES,0.700684925762284,5,1166.10079535536
pipe,21,21,98.6595004534767,Athene superciliaris,Athene_superciliaris,AVES,0.360677045636036,5,1396.13105163508
pipe,21,21,98.6595004534767,Avahi laniger,Avahi_laniger,MAMMALIA,0.999861095918595,14,1015.21134544857
pipe,21,21,98.6595004534767,Avahi occidentalis,Avahi_occidentalis,MAMMALIA,0.305697639584908,2,110.145425909347
pipe,21,21,98.6595004534767,Aviceda madagascariensis,Aviceda_madagascariensis,AVES,1.44321413719783e-06,1,1270.802654621
pipe,21,21,98.6595004534767,Bernieria madagascariensis,Bernieria_madagascariensis,AVES,0.999974653306479,15,1966.01982920323
pipe,21,21,98.6595004534767,Brachypteracias leptosomus,Brachypteracias_leptosomus,AVES,0.670719795125327,4,1106.94930008798
pipe,21,21,98.6595004534767,Brachytarsomys albicauda,Brachytarsomys_albicauda,MAMMALIA,0.730233103782912,2,96.6463669796621
pipe,21,21,98.6595004534767,Brachyuromys betsileoensis,Brachyuromys_betsileoensis,MAMMALIA,0.978982615247573,8,323.605563357531
pipe,21,21,98.6595004534767,Brachyuromys ramirohitra,Brachyuromys_ramirohitra,MAMMALIA,0.2273513835634,3,78.9566395801807
pipe,21,21,98.6595004534767,Bradypterus brunneus,Bradypterus_brunneus,AVES,0.996962092694546,8,711.946780918497
pipe,21,21,98.6595004534767,Bradypterus seebohmi,Bradypterus_seebohmi,AVES,0.452718233996164,1,71.7493427546058
pipe,21,21,98.6595004534767,Buteo brachypterus,Buteo_brachypterus,AVES,3.05437264369601e-09,1,1270.802654621
pipe,21,21,98.6595004534767,Calicalicus madagascariensis,Calicalicus_madagascariensis,AVES,0.999525523022878,17,1995.21584975252
pipe,21,21,98.6595004534767,Cheirogaleus crossleyi,Cheirogaleus_crossleyi,MAMMALIA,0.908992233471062,7,334.669661034883
pipe,21,21,98.6595004534767,Cheirogaleus major,Cheirogaleus_major,MAMMALIA,0.999999997627972,20,1374.42850749267
pipe,21,21,98.6595004534767,Cheirogaleus medius,Cheirogaleus_medius,MAMMALIA,1,28,1009.70856403136
pipe,21,21,98.6595004534767,Cinnyris notatus,Cinnyris_notatus,AVES,0.999999910868519,17,2109.51276326146
pipe,21,21,98.6595004534767,Copsychus albospecularis,Copsychus_albospecularis,AVES,0.997364279336876,11,1403.35702979931
pipe,21,21,98.6595004534767,Coracopsis nigra,Coracopsis_nigra,AVES,0.428097041043095,12,2153.8961268392
pipe,21,21,98.6595004534767,Corythornis madagascariensis,Corythornis_madagascariensis,AVES,0.0157172651975122,7,1577.90364102733
pipe,21,21,98.6595004534767,Coua caerulea,Coua_caerulea,AVES,0.541596295905064,4,1168.41169928009
pipe,21,21,98.6595004534767,Coua coquereli,Coua_coquereli,AVES,0.682831625444918,3,631.733616545762
pipe,21,21,98.6595004534767,Coua cristata,Coua_cristata,AVES,0.968478269875658,7,1697.38170636808
pipe,21,21,98.6595004534767,Coua cursor,Coua_cursor,AVES,0,1,106.6436460227
pipe,21,21,98.6595004534767,Coua gigas,Coua_gigas,AVES,0.201502012538023,1,491.387608302976
pipe,21,21,98.6595004534767,Coua reynaudii,Coua_reynaudii,AVES,0.477269235786141,3,866.148521792468
pipe,21,21,98.6595004534767,Coua ruficeps,Coua_ruficeps,AVES,0.230652169641884,2,383.319476456291
pipe,21,21,98.6595004534767,Coua serriana,Coua_serriana,AVES,0.247671118674224,5,1130.95959353585
pipe,21,21,98.6595004534767,Crossleyia xanthophrys,Crossleyia_xanthophrys,AVES,0.832289737863215,7,315.62570533296
pipe,21,21,98.6595004534767,Cryptoprocta ferox,Cryptoprocta_ferox,MAMMALIA,0,0,0
pipe,21,21,98.6595004534767,Cryptosylvicola randrianasoloi,Cryptosylvicola_randrianasoloi,AVES,0.951381280241427,5,353.429693309926
pipe,21,21,98.6595004534767,Cyanolanius madagascarinus,Cyanolanius_madagascarinus,AVES,0.999999745143549,17,2093.52604540163
pipe,21,21,98.6595004534767,Daubentonia madagascariensis,Daubentonia_madagascariensis,MAMMALIA,0.26048808752577,10,685.359143784537
pipe,21,21,98.6595004534767,Echinops telfairi,Echinops_telfairi,MAMMALIA,0.665734503634651,17,830.371965311431
pipe,21,21,98.6595004534767,Eliurus antsingy,Eliurus_antsingy,MAMMALIA,0,0,0
pipe,21,21,98.6595004534767,Eliurus grandidieri,Eliurus_grandidieri,MAMMALIA,0.719252697026183,5,174.508979165574
pipe,21,21,98.6595004534767,Eliurus majori,Eliurus_majori,MAMMALIA,0.999997783643415,18,1065.24519771818
pipe,21,21,98.6595004534767,Eliurus minor,Eliurus_minor,MAMMALIA,0.999999975279718,31,1583.96899025813
pipe,21,21,98.6595004534767,Eliurus myoxinus,Eliurus_myoxinus,MAMMALIA,0.999999999989821,41,1981.66386147971
pipe,21,21,98.6595004534767,Eliurus tanala,Eliurus_tanala,MAMMALIA,0.999999299679232,19,1131.71754269879
pipe,21,21,98.6595004534767,Eliurus webbi,Eliurus_webbi,MAMMALIA,0.99999999242108,22,1444.65500151075
pipe,21,21,98.6595004534767,Eremopterix hova,Eremopterix_hova,AVES,0.00663415585979466,1,35.3607803652933
pipe,21,21,98.6595004534767,Eulemur albifrons,Eulemur_albifrons,MAMMALIA,0.999973747561302,8,764.092263852949
pipe,21,21,98.6595004534767,Eulemur cinereiceps,Eulemur_cinereiceps,MAMMALIA,0.999999999884961,25,2025.86081886391
pipe,21,21,98.6595004534767,Eulemur collaris,Eulemur_collaris,MAMMALIA,0.999999203663187,25,2024.32997919911
pipe,21,21,98.6595004534767,Eulemur coronatus,Eulemur_coronatus,MAMMALIA,0.999903396555967,12,529.67264678345
pipe,21,21,98.6595004534767,Eulemur flavifrons,Eulemur_flavifrons,MAMMALIA,0,0,0
pipe,21,21,98.6595004534767,Eulemur fulvus,Eulemur_fulvus,MAMMALIA,0.999999999995572,24,2035.1000983146
pipe,21,21,98.6595004534767,Eulemur macaco,Eulemur_macaco,MAMMALIA,0.999999814178846,7,890.86963877762
pipe,21,21,98.6595004534767,Eulemur mongoz,Eulemur_mongoz,MAMMALIA,0.484924846033233,3,116.619593316739
pipe,21,21,98.6595004534767,Eulemur rubriventer,Eulemur_rubriventer,MAMMALIA,0.999999999998756,23,1626.63380261755
pipe,21,21,98.6595004534767,Eulemur rufus,Eulemur_rufus,MAMMALIA,0.999999332553393,18,1276.45930662401
pipe,21,21,98.6595004534767,Eulemur sanfordi,Eulemur_sanfordi,MAMMALIA,1,27,2039.30047110823
pipe,21,21,98.6595004534767,Euryceros prevostii,Euryceros_prevostii,AVES,0.284817542233541,2,149.97362405726
pipe,21,21,98.6595004534767,Falco zoniventris,Falco_zoniventris,AVES,0.0010324044626151,2,1655.32360367326
pipe,21,21,98.6595004534767,Falculea palliata,Falculea_palliata,AVES,0.896868856943738,6,776.177436782909
pipe,21,21,98.6595004534767,Fossa fossana,Fossa_fossana,MAMMALIA,0,0,0
pipe,21,21,98.6595004534767,Foudia madagascariensis,Foudia_madagascariensis,AVES,0.997025131601138,19,2408.24793046223
pipe,21,21,98.6595004534767,Foudia omissa,Foudia_omissa,AVES,0.988861134378491,11,1356.18538833861
pipe,21,21,98.6595004534767,Gactornis enarratus,Gactornis_enarratus,AVES,0.90250454591908,5,1176.41048862325
pipe,21,21,98.6595004534767,Galidia elegans,Galidia_elegans,MAMMALIA,0,0,0
pipe,21,21,98.6595004534767,Galidictis fasciata,Galidictis_fasciata,MAMMALIA,0,0,0
pipe,21,21,98.6595004534767,Geobiastes squamiger,Geobiastes_squamiger,AVES,0.120899838356236,1,325.461837644444
pipe,21,21,98.6595004534767,Geogale aurita,Geogale_aurita,MAMMALIA,0.718124895198397,22,1049.64245607655
pipe,21,21,98.6595004534767,Gymnuromys roberti,Gymnuromys_roberti,MAMMALIA,0.99999366079334,13,800.366208496677
pipe,21,21,98.6595004534767,Haliaeetus vociferoides,Haliaeetus_vociferoides,AVES,0,0,0
pipe,21,21,98.6595004534767,Hapalemur alaotrensis,Hapalemur_alaotrensis,MAMMALIA,0.777273299486297,2,122.496798298315
pipe,21,21,98.6595004534767,Hapalemur aureus,Hapalemur_aureus,MAMMALIA,0.665114965255815,2,88.8032579129206
pipe,21,21,98.6595004534767,Hapalemur griseus,Hapalemur_griseus,MAMMALIA,0.999999942132408,27,1881.42687450607
pipe,21,21,98.6595004534767,Hapalemur occidentalis,Hapalemur_occidentalis,MAMMALIA,0.691801235267925,6,198.443820852566
pipe,21,21,98.6595004534767,Hartertula flavoviridis,Hartertula_flavoviridis,AVES,0.935504213864705,8,405.841244615218
pipe,21,21,98.6595004534767,Hartlaubius auratus,Hartlaubius_auratus,AVES,0.998806575044593,16,2004.06899206384
pipe,21,21,98.6595004534767,Hemicentetes nigriceps,Hemicentetes_nigriceps,MAMMALIA,0.441835175719491,2,147.261124939034
pipe,21,21,98.6595004534767,Hemicentetes semispinosus,Hemicentetes_semispinosus,MAMMALIA,0.999619041697791,16,1470.75350771055
pipe,21,21,98.6595004534767,Hypogeomys antimena,Hypogeomys_antimena,MAMMALIA,0.133657837801919,2,56.7325883825327
pipe,21,21,98.6595004534767,Hypositta corallirostris,Hypositta_corallirostris,AVES,0.979104649349182,11,1455.16140370248
pipe,21,21,98.6595004534767,Indri indri,Indri_indri,MAMMALIA,0.842910230144605,6,1176.81577456697
pipe,21,21,98.6595004534767,Lemur catta,Lemur_catta,MAMMALIA,0.999980113155347,7,339.007934017951
pipe,21,21,98.6595004534767,Lepidopygia nana,Lepidopygia_nana,AVES,0.658455202620558,26,2414.41642499577
pipe,21,21,98.6595004534767,Lepilemur ankaranensis,Lepilemur_ankaranensis,MAMMALIA,0.419524318733811,2,87.7328078461546
pipe,21,21,98.6595004534767,Lepilemur edwardsi,Lepilemur_edwardsi,MAMMALIA,0.809358394847867,3,182.721078976557
pipe,21,21,98.6595004534767,Lepilemur leucopus,Lepilemur_leucopus,MAMMALIA,0.973369491783113,5,377.773397098037
pipe,21,21,98.6595004534767,Lepilemur microdon,Lepilemur_microdon,MAMMALIA,0.709201764883858,5,326.237274831307
pipe,21,21,98.6595004534767,Lepilemur mustelinus,Lepilemur_mustelinus,MAMMALIA,0.999999772796536,26,1887.05439461443
pipe,21,21,98.6595004534767,Lepilemur ruficaudatus,Lepilemur_ruficaudatus,MAMMALIA,0.997034738780226,6,410.096323149123
pipe,21,21,98.6595004534767,Leptopterus chabert,Leptopterus_chabert,AVES,0.999698955484855,19,2356.68681826885
pipe,21,21,98.6595004534767,Lophotibis cristata,Lophotibis_cristata,AVES,0.36081542653833,2,1340.68323545813
pipe,21,21,98.6595004534767,Macrotarsomys bastardi,Macrotarsomys_bastardi,MAMMALIA,0.975826922563151,7,337.141996707295
pipe,21,21,98.6595004534767,Margaroperdix madagarensis,Margaroperdix_madagarensis,AVES,0.996544529792096,11,2117.39007910765
pipe,21,21,98.6595004534767,Mentocrex kioloides,Mentocrex_kioloides,AVES,0.425388426181173,4,1072.12227366459
pipe,21,21,98.6595004534767,Mesitornis unicolor,Mesitornis_unicolor,AVES,0,0,0
pipe,21,21,98.6595004534767,Mesitornis variegatus,Mesitornis_variegatus,AVES,0.46312444867756,2,467.355464439704
pipe,21,21,98.6595004534767,Microcebus berthae,Microcebus_berthae,MAMMALIA,1.52725564417366e-08,1,10.8090685387869
pipe,21,21,98.6595004534767,Microcebus griseorufus,Microcebus_griseorufus,MAMMALIA,0.777894772997145,3,93.3417616856249
pipe,21,21,98.6595004534767,Microcebus murinus,Microcebus_murinus,MAMMALIA,0.99999999777281,35,1512.81314243192
pipe,21,21,98.6595004534767,Microcebus myoxinus,Microcebus_myoxinus,MAMMALIA,0.891238544883714,3,97.5943734090487
pipe,21,21,98.6595004534767,Microcebus ravelobensis,Microcebus_ravelobensis,MAMMALIA,0.605601805040051,3,108.410010798653
pipe,21,21,98.6595004534767,Microcebus rufus,Microcebus_rufus,MAMMALIA,0.999999354147797,25,1361.17764920686
pipe,21,21,98.6595004534767,Microcebus tavaratra,Microcebus_tavaratra,MAMMALIA,0.469023951382363,2,67.7224165696717
pipe,21,21,98.6595004534767,Microgale brevicaudata,Microgale_brevicaudata,MAMMALIA,0.814140154505534,24,1086.90288766302
pipe,21,21,98.6595004534767,Microgale cowani,Microgale_cowani,MAMMALIA,0.983196446509895,20,1251.46023430432
pipe,21,21,98.6595004534767,Microgale drouhardi,Microgale_drouhardi,MAMMALIA,0.969706690234295,11,959.735472275516
pipe,21,21,98.6595004534767,Microgale dryas,Microgale_dryas,MAMMALIA,0.297456034875282,4,226.994612355845
pipe,21,21,98.6595004534767,Microgale fotsifotsy,Microgale_fotsifotsy,MAMMALIA,0.937139579218641,15,1008.18958831313
pipe,21,21,98.6595004534767,Microgale gracilis,Microgale_gracilis,MAMMALIA,0.962416668812192,7,675.99614419388
pipe,21,21,98.6595004534767,Microgale gymnorhyncha,Microgale_gymnorhyncha,MAMMALIA,0.869835918891205,11,601.284843873085
pipe,21,21,98.6595004534767,Microgale longicaudata,Microgale_longicaudata,MAMMALIA,0.973248539106819,23,1351.44572724363
pipe,21,21,98.6595004534767,Microgale mergulus,Microgale_mergulus,MAMMALIA,0.736914085524806,7,372.23373069426
pipe,21,21,98.6595004534767,Microgale parvula,Microgale_parvula,MAMMALIA,0.940480683695639,26,1497.39748157763
pipe,21,21,98.6595004534767,Microgale principula,Microgale_principula,MAMMALIA,0.985410326560034,22,1337.97551914237
pipe,21,21,98.6595004534767,Microgale pusilla,Microgale_pusilla,MAMMALIA,0.853720527898892,15,919.759045795704
pipe,21,21,98.6595004534767,Microgale soricoides,Microgale_soricoides,MAMMALIA,0.919486413012029,13,697.91504865879
pipe,21,21,98.6595004534767,Microgale taiva,Microgale_taiva,MAMMALIA,0.98636909884582,17,1250.99787026438
pipe,21,21,98.6595004534767,Microgale thomasi,Microgale_thomasi,MAMMALIA,0.978562414259128,12,895.60679759803
pipe,21,21,98.6595004534767,Mirza coquereli,Mirza_coquereli,MAMMALIA,0.568421396731283,4,251.045630625429
pipe,21,21,98.6595004534767,Monias benschi,Monias_benschi,AVES,0,0,0
pipe,21,21,98.6595004534767,Monticola erythronotus,Monticola_erythronotus,AVES,0.0164720124042121,1,35.6183483139301
pipe,21,21,98.6595004534767,Monticola sharpei,Monticola_sharpei,AVES,0.999938256424321,14,1638.48846568315
pipe,21,21,98.6595004534767,Monticolomys koopmani,Monticolomys_koopmani,MAMMALIA,0.0778418166018948,2,36.0786869649071
pipe,21,21,98.6595004534767,Motacilla flaviventris,Motacilla_flaviventris,AVES,0.471408260412683,2,122.131489605623
pipe,21,21,98.6595004534767,Mystacornis crossleyi,Mystacornis_crossleyi,AVES,0.999973203315227,10,1329.33469870397
pipe,21,21,98.6595004534767,Neodrepanis coruscans,Neodrepanis_coruscans,AVES,0.916376100087435,12,1190.05887354291
pipe,21,21,98.6595004534767,Neodrepanis hypoxantha,Neodrepanis_hypoxantha,AVES,0.00743096424008805,2,36.5412536163936
pipe,21,21,98.6595004534767,Neomixis striatigula,Neomixis_striatigula,AVES,0.999999898253801,15,1453.43097488017
pipe,21,21,98.6595004534767,Neomixis tenella,Neomixis_tenella,AVES,0.999999999998975,25,2230.46920202466
pipe,21,21,98.6595004534767,Neomixis viridis,Neomixis_viridis,AVES,0.999999844713934,14,1427.1630961475
pipe,21,21,98.6595004534767,Nesillas lantzii,Nesillas_lantzii,AVES,0.717310420386824,2,144.439052518148
pipe,21,21,98.6595004534767,Nesogale dobsoni,Nesogale_dobsoni,MAMMALIA,0.998041874062561,20,1322.44043579823
pipe,21,21,98.6595004534767,Nesogale talazaci,Nesogale_talazaci,MAMMALIA,0.998754830620457,22,1412.4504166887
pipe,21,21,98.6595004534767,Nesomys audeberti,Nesomys_audeberti,MAMMALIA,0.993138243174365,12,449.569606525855
pipe,21,21,98.6595004534767,Nesomys lambertoni,Nesomys_lambertoni,MAMMALIA,0.64492776968794,2,90.2308760598928
pipe,21,21,98.6595004534767,Nesomys rufus,Nesomys_rufus,MAMMALIA,0.999999929287783,18,1238.78931744625
pipe,21,21,98.6595004534767,Newtonia amphichroa,Newtonia_amphichroa,AVES,0.999717358037779,11,1222.68227411343
pipe,21,21,98.6595004534767,Newtonia archboldi,Newtonia_archboldi,AVES,0.61036354055194,1,109.252739375702
pipe,21,21,98.6595004534767,Newtonia brunneicauda,Newtonia_brunneicauda,AVES,0.999999999981963,22,2223.15051297199
pipe,21,21,98.6595004534767,Newtonia fanovanae,Newtonia_fanovanae,AVES,0,1,17.2876126066317
pipe,21,21,98.6595004534767,Oriolia bernieri,Oriolia_bernieri,AVES,0.916690606032551,4,702.16026828553
pipe,21,21,98.6595004534767,Oryzorictes hova,Oryzorictes_hova,MAMMALIA,0.997993297831286,21,1363.61393153439
pipe,21,21,98.6595004534767,Oryzorictes tetradactylus,Oryzorictes_tetradactylus,MAMMALIA,0.0690045913100189,7,210.192370789895
pipe,21,21,98.6595004534767,Otus rutilus,Otus_rutilus,AVES,0.927127851497836,7,1866.40934941831
pipe,21,21,98.6595004534767,Oxylabes madagascariensis,Oxylabes_madagascariensis,AVES,0.999996232475737,11,1366.50690984608
pipe,21,21,98.6595004534767,Phaner electromontis,Phaner_electromontis,MAMMALIA,0,0,0
pipe,21,21,98.6595004534767,Phaner furcifer,Phaner_furcifer,MAMMALIA,0.412536439428175,3,70.3705843427093
pipe,21,21,98.6595004534767,Phaner pallescens,Phaner_pallescens,MAMMALIA,0.998919200013145,4,347.31054187732
pipe,21,21,98.6595004534767,Phaner parienti,Phaner_parienti,MAMMALIA,0,0,0
pipe,21,21,98.6595004534767,Philepitta castanea,Philepitta_castanea,AVES,0.781623128245542,7,1259.03314424917
pipe,21,21,98.6595004534767,Philepitta schlegeli,Philepitta_schlegeli,AVES,0.645142274075497,3,545.880180539053
pipe,21,21,98.6595004534767,Ploceus nelicourvi,Ploceus_nelicourvi,AVES,0.999992572837725,11,1420.01051906494
pipe,21,21,98.6595004534767,Ploceus sakalava,Ploceus_sakalava,AVES,0.890927528403348,8,859.11503878854
pipe,21,21,98.6595004534767,Polyboroides radiatus,Polyboroides_radiatus,AVES,1.47014387230637e-06,2,1382.07639239028
pipe,21,21,98.6595004534767,Pseudobias wardi,Pseudobias_wardi,AVES,0.999936264037722,12,1359.66704385897
pipe,21,21,98.6595004534767,Pterocles personatus,Pterocles_personatus,AVES,0,0,0
pipe,21,21,98.6595004534767,Rallus madagascariensis,Rallus_madagascariensis,AVES,0.575017577174191,3,668.949069572949
pipe,21,21,98.6595004534767,Randia pseudozosterops,Randia_pseudozosterops,AVES,0.999991734386827,11,1349.40803597934
pipe,21,21,98.6595004534767,Sarothrura insularis,Sarothrura_insularis,AVES,0.780000766726363,8,1456.10638148179
pipe,21,21,98.6595004534767,Schetba rufa,Schetba_rufa,AVES,0.996122162014692,11,1409.89800987265
pipe,21,21,98.6595004534767,Setifer setosus,Setifer_setosus,MAMMALIA,0.999985453703101,28,2329.64732061702
pipe,21,21,98.6595004534767,Tenrec ecaudatus,Tenrec_ecaudatus,MAMMALIA,0.999907892387524,25,2246.21967473488
pipe,21,21,98.6595004534767,Thamnornis chloropetoides,Thamnornis_chloropetoides,AVES,0.784833861872126,4,213.690386256203
pipe,21,21,98.6595004534767,Treron australis,Treron_australis,AVES,0.473715441907992,13,2312.0904880097
pipe,21,21,98.6595004534767,Turnix nigricollis,Turnix_nigricollis,AVES,0.863365181581468,8,1849.18916518007
pipe,21,21,98.6595004534767,Tylas eduardi,Tylas_eduardi,AVES,0.999949897847587,9,1404.25101675652
pipe,21,21,98.6595004534767,Vanga curvirostris,Vanga_curvirostris,AVES,0.997080653517241,17,2388.13462807178
pipe,21,21,98.6595004534767,Varecia rubra,Varecia_rubra,MAMMALIA,0.999999753824574,15,1488.38197940978
pipe,21,21,98.6595004534767,Varecia variegata,Varecia_variegata,MAMMALIA,0.999863645910165,13,1451.4932706915
pipe,21,21,98.6595004534767,Xanthomixis apperti,Xanthomixis_apperti,AVES,0.252605267768747,1,52.9723472372855
pipe,21,21,98.6595004534767,Xanthomixis cinereiceps,Xanthomixis_cinereiceps,AVES,0.997212870994125,6,601.100975589077
pipe,21,21,98.6595004534767,Xanthomixis zosterops,Xanthomixis_zosterops,AVES,0.999994730134862,12,1436.16956804181
pipe,21,21,98.6595004534767,Xenopirostris damii,Xenopirostris_damii,AVES,0,0,0
pipe,21,21,98.6595004534767,Xenopirostris polleni,Xenopirostris_polleni,AVES,0.744326050399988,5,539.396867829393
pipe,21,21,98.6595004534767,Xenopirostris xenopirostris,Xenopirostris_xenopirostris,AVES,0.275185163976046,1,118.378226508927
pipe,22,22,99.7962403173118,Accipiter henstii,Accipiter_henstii,AVES,0,0,0
pipe,22,22,99.7962403173118,Accipiter madagascariensis,Accipiter_madagascariensis,AVES,0,0,0
pipe,22,22,99.7962403173118,Acrocephalus newtoni,Acrocephalus_newtoni,AVES,0.962670678883541,4,360.784250483114
pipe,22,22,99.7962403173118,Alectroenas madagascariensis,Alectroenas_madagascariensis,AVES,0.279139723721686,1,332.533483779729
pipe,22,22,99.7962403173118,Allocebus trichotis,Allocebus_trichotis,MAMMALIA,0,0,0
pipe,22,22,99.7962403173118,Anas bernieri,Anas_bernieri,AVES,0,0,0
pipe,22,22,99.7962403173118,Apus balstoni,Apus_balstoni,AVES,0.651157817403413,1,332.533483779729
pipe,22,22,99.7962403173118,Artamella viridis,Artamella_viridis,AVES,0.798649916944255,2,361.390087417088
pipe,22,22,99.7962403173118,Asio madagascariensis,Asio_madagascariensis,AVES,5.3855053749885e-10,1,330.048082499236
pipe,22,22,99.7962403173118,Atelornis crossleyi,Atelornis_crossleyi,AVES,0.110368095637566,1,230.045744404075
pipe,22,22,99.7962403173118,Atelornis pittoides,Atelornis_pittoides,AVES,0.192659143717437,1,332.533483779729
pipe,22,22,99.7962403173118,Athene superciliaris,Athene_superciliaris,AVES,0.00339312226591537,1,283.57479439571
pipe,22,22,99.7962403173118,Avahi laniger,Avahi_laniger,MAMMALIA,0.599077192654432,5,228.43694115418
pipe,22,22,99.7962403173118,Avahi occidentalis,Avahi_occidentalis,MAMMALIA,0,0,0
pipe,22,22,99.7962403173118,Aviceda madagascariensis,Aviceda_madagascariensis,AVES,0,0,0
pipe,22,22,99.7962403173118,Bernieria madagascariensis,Bernieria_madagascariensis,AVES,0.891980244042567,4,360.784250483114
pipe,22,22,99.7962403173118,Brachypteracias leptosomus,Brachypteracias_leptosomus,AVES,0.113541989099985,1,332.533483779729
pipe,22,22,99.7962403173118,Brachytarsomys albicauda,Brachytarsomys_albicauda,MAMMALIA,0,0,0
pipe,22,22,99.7962403173118,Brachyuromys betsileoensis,Brachyuromys_betsileoensis,MAMMALIA,0.521568782997748,4,90.7820766343742
pipe,22,22,99.7962403173118,Brachyuromys ramirohitra,Brachyuromys_ramirohitra,MAMMALIA,1.37432233149326e-07,1,12.9611063527919
pipe,22,22,99.7962403173118,Bradypterus brunneus,Bradypterus_brunneus,AVES,0.946043366340623,3,313.950981343751
pipe,22,22,99.7962403173118,Bradypterus seebohmi,Bradypterus_seebohmi,AVES,0,1,13.924747047738
pipe,22,22,99.7962403173118,Buteo brachypterus,Buteo_brachypterus,AVES,0,0,0
pipe,22,22,99.7962403173118,Calicalicus madagascariensis,Calicalicus_madagascariensis,AVES,0.784789858881004,5,372.756753734517
pipe,22,22,99.7962403173118,Cheirogaleus crossleyi,Cheirogaleus_crossleyi,MAMMALIA,0.425088313155544,4,148.142278433046
pipe,22,22,99.7962403173118,Cheirogaleus major,Cheirogaleus_major,MAMMALIA,0.996340364866339,8,344.340943678687
pipe,22,22,99.7962403173118,Cheirogaleus medius,Cheirogaleus_medius,MAMMALIA,0.705327174158548,3,48.3105552232605
pipe,22,22,99.7962403173118,Cinnyris notatus,Cinnyris_notatus,AVES,0.946003327811889,5,385.370753223988
pipe,22,22,99.7962403173118,Copsychus albospecularis,Copsychus_albospecularis,AVES,0.79422399485946,3,346.458230827467
pipe,22,22,99.7962403173118,Coracopsis nigra,Coracopsis_nigra,AVES,0.0569309282036764,1,332.533483779729
pipe,22,22,99.7962403173118,Corythornis madagascariensis,Corythornis_madagascariensis,AVES,0.000221704508877707,1,332.533483779729
pipe,22,22,99.7962403173118,Coua caerulea,Coua_caerulea,AVES,0.00937086792169983,1,330.048082499236
pipe,22,22,99.7962403173118,Coua coquereli,Coua_coquereli,AVES,0,0,0
pipe,22,22,99.7962403173118,Coua cristata,Coua_cristata,AVES,0.548151234205463,1,332.533483779729
pipe,22,22,99.7962403173118,Coua cursor,Coua_cursor,AVES,0,0,0
pipe,22,22,99.7962403173118,Coua gigas,Coua_gigas,AVES,0,0,0
pipe,22,22,99.7962403173118,Coua reynaudii,Coua_reynaudii,AVES,0.0225817442165723,1,316.997380199273
pipe,22,22,99.7962403173118,Coua ruficeps,Coua_ruficeps,AVES,0,0,0
pipe,22,22,99.7962403173118,Coua serriana,Coua_serriana,AVES,0.0148133023823461,1,311.663287761476
pipe,22,22,99.7962403173118,Crossleyia xanthophrys,Crossleyia_xanthophrys,AVES,0.479602570973571,3,149.649768759793
pipe,22,22,99.7962403173118,Cryptoprocta ferox,Cryptoprocta_ferox,MAMMALIA,0,0,0
pipe,22,22,99.7962403173118,Cryptosylvicola randrianasoloi,Cryptosylvicola_randrianasoloi,AVES,0.440316019811434,6,164.844675843402
pipe,22,22,99.7962403173118,Cyanolanius madagascarinus,Cyanolanius_madagascarinus,AVES,0.936664704184745,5,389.640854120473
pipe,22,22,99.7962403173118,Daubentonia madagascariensis,Daubentonia_madagascariensis,MAMMALIA,0,1,34.3316626834618
pipe,22,22,99.7962403173118,Echinops telfairi,Echinops_telfairi,MAMMALIA,7.89368570508486e-14,1,28.8566036373596
pipe,22,22,99.7962403173118,Eliurus antsingy,Eliurus_antsingy,MAMMALIA,0,0,0
pipe,22,22,99.7962403173118,Eliurus grandidieri,Eliurus_grandidieri,MAMMALIA,0.222890187467993,4,97.0344869167808
pipe,22,22,99.7962403173118,Eliurus majori,Eliurus_majori,MAMMALIA,0.980562086563192,7,276.368911116806
pipe,22,22,99.7962403173118,Eliurus minor,Eliurus_minor,MAMMALIA,0.986570131798439,9,346.642303081641
pipe,22,22,99.7962403173118,Eliurus myoxinus,Eliurus_myoxinus,MAMMALIA,0.985633692323649,9,350.801340469465
pipe,22,22,99.7962403173118,Eliurus tanala,Eliurus_tanala,MAMMALIA,0.979810797284249,7,276.368911116806
pipe,22,22,99.7962403173118,Eliurus webbi,Eliurus_webbi,MAMMALIA,0.992791796486676,8,344.524987808999
pipe,22,22,99.7962403173118,Eremopterix hova,Eremopterix_hova,AVES,0,0,0
pipe,22,22,99.7962403173118,Eulemur albifrons,Eulemur_albifrons,MAMMALIA,0.924916754809025,3,209.813544290232
pipe,22,22,99.7962403173118,Eulemur cinereiceps,Eulemur_cinereiceps,MAMMALIA,0.98663373174161,8,382.200928433418
pipe,22,22,99.7962403173118,Eulemur collaris,Eulemur_collaris,MAMMALIA,0.921625189228504,6,362.746618899117
pipe,22,22,99.7962403173118,Eulemur coronatus,Eulemur_coronatus,MAMMALIA,0.325864606288523,1,34.5157045610005
pipe,22,22,99.7962403173118,Eulemur flavifrons,Eulemur_flavifrons,MAMMALIA,0,0,0
pipe,22,22,99.7962403173118,Eulemur fulvus,Eulemur_fulvus,MAMMALIA,0.992390311909918,8,382.200928433418
pipe,22,22,99.7962403173118,Eulemur macaco,Eulemur_macaco,MAMMALIA,0.99558077150804,5,250.262661147914
pipe,22,22,99.7962403173118,Eulemur mongoz,Eulemur_mongoz,MAMMALIA,0,1,14.3260196556467
pipe,22,22,99.7962403173118,Eulemur rubriventer,Eulemur_rubriventer,MAMMALIA,0.999077672708837,8,358.666963334334
pipe,22,22,99.7962403173118,Eulemur rufus,Eulemur_rufus,MAMMALIA,0.714379994196349,7,186.961338498788
pipe,22,22,99.7962403173118,Eulemur sanfordi,Eulemur_sanfordi,MAMMALIA,0.999336230732852,8,382.200928433418
pipe,22,22,99.7962403173118,Euryceros prevostii,Euryceros_prevostii,AVES,0,0,0
pipe,22,22,99.7962403173118,Falco zoniventris,Falco_zoniventris,AVES,0,0,0
pipe,22,22,99.7962403173118,Falculea palliata,Falculea_palliata,AVES,0,1,28.8566036373596
pipe,22,22,99.7962403173118,Fossa fossana,Fossa_fossana,MAMMALIA,0,0,0
pipe,22,22,99.7962403173118,Foudia madagascariensis,Foudia_madagascariensis,AVES,0.613998858014243,6,397.484592800289
pipe,22,22,99.7962403173118,Foudia omissa,Foudia_omissa,AVES,0.726053989555546,3,346.82634495918
pipe,22,22,99.7962403173118,Gactornis enarratus,Gactornis_enarratus,AVES,0.585170452502565,1,332.533483779729
pipe,22,22,99.7962403173118,Galidia elegans,Galidia_elegans,MAMMALIA,0,0,0
pipe,22,22,99.7962403173118,Galidictis fasciata,Galidictis_fasciata,MAMMALIA,0,0,0
pipe,22,22,99.7962403173118,Geobiastes squamiger,Geobiastes_squamiger,AVES,0,1,101.706940103583
pipe,22,22,99.7962403173118,Geogale aurita,Geogale_aurita,MAMMALIA,8.14867552867415e-06,9,166.829286321692
pipe,22,22,99.7962403173118,Gymnuromys roberti,Gymnuromys_roberti,MAMMALIA,0.953583395015844,7,240.932866667429
pipe,22,22,99.7962403173118,Haliaeetus vociferoides,Haliaeetus_vociferoides,AVES,0,0,0
pipe,22,22,99.7962403173118,Hapalemur alaotrensis,Hapalemur_alaotrensis,MAMMALIA,0,0,0
pipe,22,22,99.7962403173118,Hapalemur aureus,Hapalemur_aureus,MAMMALIA,0,1,8.60210850946224
pipe,22,22,99.7962403173118,Hapalemur griseus,Hapalemur_griseus,MAMMALIA,0.970618860936297,6,344.742216286596
pipe,22,22,99.7962403173118,Hapalemur occidentalis,Hapalemur_occidentalis,MAMMALIA,0.0242133479273589,2,51.1778311210927
pipe,22,22,99.7962403173118,Hartertula flavoviridis,Hartertula_flavoviridis,AVES,0.544777952309325,4,154.929921967226
pipe,22,22,99.7962403173118,Hartlaubius auratus,Hartlaubius_auratus,AVES,0.773169849160774,4,390.008968252186
pipe,22,22,99.7962403173118,Hemicentetes nigriceps,Hemicentetes_nigriceps,MAMMALIA,0,0,0
pipe,22,22,99.7962403173118,Hemicentetes semispinosus,Hemicentetes_semispinosus,MAMMALIA,0.560371488532846,7,339.018305140411
pipe,22,22,99.7962403173118,Hypogeomys antimena,Hypogeomys_antimena,MAMMALIA,0,1,11.9697989235625
pipe,22,22,99.7962403173118,Hypositta corallirostris,Hypositta_corallirostris,AVES,0.645692319331595,3,346.458230827467
pipe,22,22,99.7962403173118,Indri indri,Indri_indri,MAMMALIA,0.0110050781383225,2,241.078084777254
pipe,22,22,99.7962403173118,Lemur catta,Lemur_catta,MAMMALIA,0,1,5.12793193025422
pipe,22,22,99.7962403173118,Lepidopygia nana,Lepidopygia_nana,AVES,0.143777296242331,7,390.008968252186
pipe,22,22,99.7962403173118,Lepilemur ankaranensis,Lepilemur_ankaranensis,MAMMALIA,0,0,0
pipe,22,22,99.7962403173118,Lepilemur edwardsi,Lepilemur_edwardsi,MAMMALIA,0,1,14.3260196556467
pipe,22,22,99.7962403173118,Lepilemur leucopus,Lepilemur_leucopus,MAMMALIA,0.000138952697818162,1,28.8566036373596
pipe,22,22,99.7962403173118,Lepilemur microdon,Lepilemur_microdon,MAMMALIA,0.000135310009522049,2,73.2552484934586
pipe,22,22,99.7962403173118,Lepilemur mustelinus,Lepilemur_mustelinus,MAMMALIA,0.926526148942234,7,347.303001344746
pipe,22,22,99.7962403173118,Lepilemur ruficaudatus,Lepilemur_ruficaudatus,MAMMALIA,0.0163943729235689,1,28.8566036373596
pipe,22,22,99.7962403173118,Leptopterus chabert,Leptopterus_chabert,AVES,0.747629173621798,5,389.640854120473
pipe,22,22,99.7962403173118,Lophotibis cristata,Lophotibis_cristata,AVES,0,1,330.048082499236
pipe,22,22,99.7962403173118,Macrotarsomys bastardi,Macrotarsomys_bastardi,MAMMALIA,0.0708945726420602,1,28.8566036373596
pipe,22,22,99.7962403173118,Margaroperdix madagarensis,Margaroperdix_madagarensis,AVES,0.736969424835095,2,361.390087417088
pipe,22,22,99.7962403173118,Mentocrex kioloides,Mentocrex_kioloides,AVES,0.0268742424591047,1,305.196011291395
pipe,22,22,99.7962403173118,Mesitornis unicolor,Mesitornis_unicolor,AVES,0,0,0
pipe,22,22,99.7962403173118,Mesitornis variegatus,Mesitornis_variegatus,AVES,0,0,0
pipe,22,22,99.7962403173118,Microcebus berthae,Microcebus_berthae,MAMMALIA,0,0,0
pipe,22,22,99.7962403173118,Microcebus griseorufus,Microcebus_griseorufus,MAMMALIA,0,1,5.12793193025422
pipe,22,22,99.7962403173118,Microcebus murinus,Microcebus_murinus,MAMMALIA,0.167196145257417,5,83.0103039145733
pipe,22,22,99.7962403173118,Microcebus myoxinus,Microcebus_myoxinus,MAMMALIA,0,0,0
pipe,22,22,99.7962403173118,Microcebus ravelobensis,Microcebus_ravelobensis,MAMMALIA,4.10867489112343e-05,1,14.3260196556467
pipe,22,22,99.7962403173118,Microcebus rufus,Microcebus_rufus,MAMMALIA,0.981518357950848,8,344.156901801148
pipe,22,22,99.7962403173118,Microcebus tavaratra,Microcebus_tavaratra,MAMMALIA,0,0,0
pipe,22,22,99.7962403173118,Microgale brevicaudata,Microgale_brevicaudata,MAMMALIA,0.0838838614305729,5,146.663036257255
pipe,22,22,99.7962403173118,Microgale cowani,Microgale_cowani,MAMMALIA,0.372531385637125,8,344.524987808999
pipe,22,22,99.7962403173118,Microgale drouhardi,Microgale_drouhardi,MAMMALIA,0.326128010531657,8,344.156901801148
pipe,22,22,99.7962403173118,Microgale dryas,Microgale_dryas,MAMMALIA,0.113713279394524,2,81.1171761779814
pipe,22,22,99.7962403173118,Microgale fotsifotsy,Microgale_fotsifotsy,MAMMALIA,0.209487112964661,8,309.053256090964
pipe,22,22,99.7962403173118,Microgale gracilis,Microgale_gracilis,MAMMALIA,0.387889536799389,7,261.935500275442
pipe,22,22,99.7962403173118,Microgale gymnorhyncha,Microgale_gymnorhyncha,MAMMALIA,0.029846378583682,7,176.886020446076
pipe,22,22,99.7962403173118,Microgale longicaudata,Microgale_longicaudata,MAMMALIA,0.267455288023824,8,344.156901801148
pipe,22,22,99.7962403173118,Microgale mergulus,Microgale_mergulus,MAMMALIA,4.13191275860925e-07,5,96.884476749911
pipe,22,22,99.7962403173118,Microgale parvula,Microgale_parvula,MAMMALIA,0.163687482082781,9,346.642303081641
pipe,22,22,99.7962403173118,Microgale principula,Microgale_principula,MAMMALIA,0.321376154758573,8,344.156901801148
pipe,22,22,99.7962403173118,Microgale pusilla,Microgale_pusilla,MAMMALIA,0.141681091154713,7,292.670934856768
pipe,22,22,99.7962403173118,Microgale soricoides,Microgale_soricoides,MAMMALIA,0.0922469482633179,7,219.122721107669
pipe,22,22,99.7962403173118,Microgale taiva,Microgale_taiva,MAMMALIA,0.353380927433298,8,344.156901801148
pipe,22,22,99.7962403173118,Microgale thomasi,Microgale_thomasi,MAMMALIA,0.297095299082988,8,307.892682446625
pipe,22,22,99.7962403173118,Mirza coquereli,Mirza_coquereli,MAMMALIA,1.2214133038313e-09,1,28.8566036373596
pipe,22,22,99.7962403173118,Monias benschi,Monias_benschi,AVES,0,0,0
pipe,22,22,99.7962403173118,Monticola erythronotus,Monticola_erythronotus,AVES,0,0,0
pipe,22,22,99.7962403173118,Monticola sharpei,Monticola_sharpei,AVES,0.903844020719683,3,346.82634495918
pipe,22,22,99.7962403173118,Monticolomys koopmani,Monticolomys_koopmani,MAMMALIA,0,0,0
pipe,22,22,99.7962403173118,Motacilla flaviventris,Motacilla_flaviventris,AVES,0,0,0
pipe,22,22,99.7962403173118,Mystacornis crossleyi,Mystacornis_crossleyi,AVES,0.946346228243623,3,346.458230827467
pipe,22,22,99.7962403173118,Neodrepanis coruscans,Neodrepanis_coruscans,AVES,0.433134431108881,6,319.764958905042
pipe,22,22,99.7962403173118,Neodrepanis hypoxantha,Neodrepanis_hypoxantha,AVES,4.18555461523251e-06,1,12.9611063527919
pipe,22,22,99.7962403173118,Neomixis striatigula,Neomixis_striatigula,AVES,0.982346024388308,5,346.82634495918
pipe,22,22,99.7962403173118,Neomixis tenella,Neomixis_tenella,AVES,0.991267976085443,7,381.68294617692
pipe,22,22,99.7962403173118,Neomixis viridis,Neomixis_viridis,AVES,0.980360040234358,5,346.82634495918
pipe,22,22,99.7962403173118,Nesillas lantzii,Nesillas_lantzii,AVES,0,0,0
pipe,22,22,99.7962403173118,Nesogale dobsoni,Nesogale_dobsoni,MAMMALIA,0.511610607697879,7,338.834263262873
pipe,22,22,99.7962403173118,Nesogale talazaci,Nesogale_talazaci,MAMMALIA,0.534329213571891,7,338.834263262873
pipe,22,22,99.7962403173118,Nesomys audeberti,Nesomys_audeberti,MAMMALIA,0.787952140064729,5,148.733156476681
pipe,22,22,99.7962403173118,Nesomys lambertoni,Nesomys_lambertoni,MAMMALIA,0,0,0
pipe,22,22,99.7962403173118,Nesomys rufus,Nesomys_rufus,MAMMALIA,0.994502422116941,8,344.524987808999
pipe,22,22,99.7962403173118,Newtonia amphichroa,Newtonia_amphichroa,AVES,0.927740597035431,4,346.458230827467
pipe,22,22,99.7962403173118,Newtonia archboldi,Newtonia_archboldi,AVES,0,0,0
pipe,22,22,99.7962403173118,Newtonia brunneicauda,Newtonia_brunneicauda,AVES,0.980804496416851,5,361.152364614827
pipe,22,22,99.7962403173118,Newtonia fanovanae,Newtonia_fanovanae,AVES,0,0,0
pipe,22,22,99.7962403173118,Oriolia bernieri,Oriolia_bernieri,AVES,0.623969419860336,1,215.257049422005
pipe,22,22,99.7962403173118,Oryzorictes hova,Oryzorictes_hova,MAMMALIA,0.507252363021268,7,338.834263262873
pipe,22,22,99.7962403173118,Oryzorictes tetradactylus,Oryzorictes_tetradactylus,MAMMALIA,3.97728828316346e-07,3,57.0567077135486
pipe,22,22,99.7962403173118,Otus rutilus,Otus_rutilus,AVES,0.316240159547639,1,332.533483779729
pipe,22,22,99.7962403173118,Oxylabes madagascariensis,Oxylabes_madagascariensis,AVES,0.967659046638507,3,346.458230827467
pipe,22,22,99.7962403173118,Phaner electromontis,Phaner_electromontis,MAMMALIA,0,0,0
pipe,22,22,99.7962403173118,Phaner furcifer,Phaner_furcifer,MAMMALIA,0,0,0
pipe,22,22,99.7962403173118,Phaner pallescens,Phaner_pallescens,MAMMALIA,0.097056564599301,1,28.8566036373596
pipe,22,22,99.7962403173118,Phaner parienti,Phaner_parienti,MAMMALIA,0,0,0
pipe,22,22,99.7962403173118,Philepitta castanea,Philepitta_castanea,AVES,0.362765850016257,3,346.82634495918
pipe,22,22,99.7962403173118,Philepitta schlegeli,Philepitta_schlegeli,AVES,6.32282136092677e-07,2,31.2128243694438
pipe,22,22,99.7962403173118,Ploceus nelicourvi,Ploceus_nelicourvi,AVES,0.954657101903447,3,346.458230827467
pipe,22,22,99.7962403173118,Ploceus sakalava,Ploceus_sakalava,AVES,0.000487549213629146,2,43.1826232930063
pipe,22,22,99.7962403173118,Polyboroides radiatus,Polyboroides_radiatus,AVES,0,0,0
pipe,22,22,99.7962403173118,Pseudobias wardi,Pseudobias_wardi,AVES,0.928381353804303,4,346.458230827467
pipe,22,22,99.7962403173118,Pterocles personatus,Pterocles_personatus,AVES,0,0,0
pipe,22,22,99.7962403173118,Rallus madagascariensis,Rallus_madagascariensis,AVES,0.0214802324059028,1,216.645055689196
pipe,22,22,99.7962403173118,Randia pseudozosterops,Randia_pseudozosterops,AVES,0.953031450294587,4,346.82634495918
pipe,22,22,99.7962403173118,Sarothrura insularis,Sarothrura_insularis,AVES,0.217199303608747,2,332.533483779729
pipe,22,22,99.7962403173118,Schetba rufa,Schetba_rufa,AVES,0.803235477536779,3,314.784914437314
pipe,22,22,99.7962403173118,Setifer setosus,Setifer_setosus,MAMMALIA,0.775746342152592,6,362.746618899117
pipe,22,22,99.7962403173118,Tenrec ecaudatus,Tenrec_ecaudatus,MAMMALIA,0.726561143446248,5,350.906000523963
pipe,22,22,99.7962403173118,Thamnornis chloropetoides,Thamnornis_chloropetoides,AVES,0,0,0
pipe,22,22,99.7962403173118,Treron australis,Treron_australis,AVES,0.0643700033833345,1,332.533483779729
pipe,22,22,99.7962403173118,Turnix nigricollis,Turnix_nigricollis,AVES,0.292298236057225,1,332.533483779729
pipe,22,22,99.7962403173118,Tylas eduardi,Tylas_eduardi,AVES,0.953858245770477,1,332.533483779729
pipe,22,22,99.7962403173118,Vanga curvirostris,Vanga_curvirostris,AVES,0.704298370545211,4,389.640854120473
pipe,22,22,99.7962403173118,Varecia rubra,Varecia_rubra,MAMMALIA,0.969610304748349,4,319.563995606111
pipe,22,22,99.7962403173118,Varecia variegata,Varecia_variegata,MAMMALIA,0.817170518850897,4,319.563995606111
pipe,22,22,99.7962403173118,Xanthomixis apperti,Xanthomixis_apperti,AVES,0,0,0
pipe,22,22,99.7962403173118,Xanthomixis cinereiceps,Xanthomixis_cinereiceps,AVES,0.807172598873198,3,176.793984880805
pipe,22,22,99.7962403173118,Xanthomixis zosterops,Xanthomixis_zosterops,AVES,0.952784162804807,4,346.82634495918
pipe,22,22,99.7962403173118,Xenopirostris damii,Xenopirostris_damii,AVES,0,0,0
pipe,22,22,99.7962403173118,Xenopirostris polleni,Xenopirostris_polleni,AVES,0.1399793994221,2,141.01168850189
pipe,22,22,99.7962403173118,Xenopirostris xenopirostris,Xenopirostris_xenopirostris,AVES,0,0,0
rank,0,0,0,Accipiter henstii,Accipiter_henstii,AVES,0.765875108539227,1,81405.8352855587
rank,0,0,0,Accipiter madagascariensis,Accipiter_madagascariensis,AVES,0.927685507869511,1,100295.882031971
rank,0,0,0,Acrocephalus newtoni,Acrocephalus_newtoni,AVES,0.999999999999481,10,119748.628033797
rank,0,0,0,Alectroenas madagascariensis,Alectroenas_madagascariensis,AVES,0.998532955338285,6,68964.4888693073
rank,0,0,0,Allocebus trichotis,Allocebus_trichotis,MAMMALIA,0.00783473496029241,3,72.1001097191941
rank,0,0,0,Anas bernieri,Anas_bernieri,AVES,0,1,161.555721101997
rank,0,0,0,Apus balstoni,Apus_balstoni,AVES,0.999999002903074,6,96782.468488452
rank,0,0,0,Artamella viridis,Artamella_viridis,AVES,0.999991790126899,10,118037.351054388
rank,0,0,0,Asio madagascariensis,Asio_madagascariensis,AVES,0.880258448741697,2,70836.8714421994
rank,0,0,0,Atelornis crossleyi,Atelornis_crossleyi,AVES,0.999998758967357,7,11572.6222161697
rank,0,0,0,Atelornis pittoides,Atelornis_pittoides,AVES,0.999745020877506,3,42621.3326259036
rank,0,0,0,Athene superciliaris,Athene_superciliaris,AVES,0.999598784043913,1,75154.9789321164
rank,0,0,0,Avahi laniger,Avahi_laniger,MAMMALIA,1,111,38253.4654300891
rank,0,0,0,Avahi occidentalis,Avahi_occidentalis,MAMMALIA,0.996177513146535,4,630.90092483603
rank,0,0,0,Aviceda madagascariensis,Aviceda_madagascariensis,AVES,0.97750066274377,1,107532.281324075
rank,0,0,0,Bernieria madagascariensis,Bernieria_madagascariensis,AVES,0.999999520455142,10,99394.0554042342
rank,0,0,0,Brachypteracias leptosomus,Brachypteracias_leptosomus,AVES,0.999771336916958,1,37031.6513341992
rank,0,0,0,Brachytarsomys albicauda,Brachytarsomys_albicauda,MAMMALIA,0.999999991596676,50,1815.1748536385
rank,0,0,0,Brachyuromys betsileoensis,Brachyuromys_betsileoensis,MAMMALIA,1,117,14393.3535845593
rank,0,0,0,Brachyuromys ramirohitra,Brachyuromys_ramirohitra,MAMMALIA,0.655414845690046,2,90.5857082152947
rank,0,0,0,Bradypterus brunneus,Bradypterus_brunneus,AVES,1,38,12772.3634521563
rank,0,0,0,Bradypterus seebohmi,Bradypterus_seebohmi,AVES,0.452718233996164,1,71.7493427546057
rank,0,0,0,Buteo brachypterus,Buteo_brachypterus,AVES,0.872058171840981,1,116634.251730965
rank,0,0,0,Calicalicus madagascariensis,Calicalicus_madagascariensis,AVES,0.999999999949407,13,101012.694085224
rank,0,0,0,Cheirogaleus crossleyi,Cheirogaleus_crossleyi,MAMMALIA,1,92,5731.87398069381
rank,0,0,0,Cheirogaleus major,Cheirogaleus_major,MAMMALIA,1,281,72957.4461733377
rank,0,0,0,Cheirogaleus medius,Cheirogaleus_medius,MAMMALIA,1,1693,63243.3814837725
rank,0,0,0,Cinnyris notatus,Cinnyris_notatus,AVES,0.99999995559106,16,117370.484149475
rank,0,0,0,Copsychus albospecularis,Copsychus_albospecularis,AVES,0.999995735454347,5,59545.5432791211
rank,0,0,0,Coracopsis nigra,Coracopsis_nigra,AVES,0.995976861693383,3,112428.519988189
rank,0,0,0,Corythornis madagascariensis,Corythornis_madagascariensis,AVES,0.894443720384505,5,91413.3850066191
rank,0,0,0,Coua caerulea,Coua_caerulea,AVES,0.999923357849972,6,43261.1604187311
rank,0,0,0,Coua coquereli,Coua_coquereli,AVES,0.999934088614735,1,30978.4157262958
rank,0,0,0,Coua cristata,Coua_cristata,AVES,0.999993467101693,4,82457.7263657002
rank,0,0,0,Coua cursor,Coua_cursor,AVES,0.999730982957567,1,18335.9341827981
rank,0,0,0,Coua gigas,Coua_gigas,AVES,0.999875333122457,1,31503.665529228
rank,0,0,0,Coua reynaudii,Coua_reynaudii,AVES,0.999893536909553,4,36912.0383393462
rank,0,0,0,Coua ruficeps,Coua_ruficeps,AVES,0.959346120072291,3,1327.46846918481
rank,0,0,0,Coua serriana,Coua_serriana,AVES,0.991471316214561,1,32261.1250374597
rank,0,0,0,Crossleyia xanthophrys,Crossleyia_xanthophrys,AVES,1,45,4117.99735246585
rank,0,0,0,Cryptoprocta ferox,Cryptoprocta_ferox,MAMMALIA,0.0704722846506252,4,37156.8714485855
rank,0,0,0,Cryptosylvicola randrianasoloi,Cryptosylvicola_randrianasoloi,AVES,1,39,5909.73895894305
rank,0,0,0,Cyanolanius madagascarinus,Cyanolanius_madagascarinus,AVES,0.999999763216334,6,111472.310295942
rank,0,0,0,Daubentonia madagascariensis,Daubentonia_madagascariensis,MAMMALIA,1,66,38656.9744324359
rank,0,0,0,Echinops telfairi,Echinops_telfairi,MAMMALIA,1,464,58756.346735598
rank,0,0,0,Eliurus antsingy,Eliurus_antsingy,MAMMALIA,0.0133748649074148,5,69.4813072094932
rank,0,0,0,Eliurus grandidieri,Eliurus_grandidieri,MAMMALIA,0.999641415738649,27,917.641006159522
rank,0,0,0,Eliurus majori,Eliurus_majori,MAMMALIA,1,340,45494.3563680893
rank,0,0,0,Eliurus minor,Eliurus_minor,MAMMALIA,1,1650,74538.857621201
rank,0,0,0,Eliurus myoxinus,Eliurus_myoxinus,MAMMALIA,1,1287,89581.4926753732
rank,0,0,0,Eliurus tanala,Eliurus_tanala,MAMMALIA,1,439,48738.095486133
rank,0,0,0,Eliurus webbi,Eliurus_webbi,MAMMALIA,1,509,64109.5950543302
rank,0,0,0,Eremopterix hova,Eremopterix_hova,AVES,0.999999862347247,22,4111.79749526026
rank,0,0,0,Eulemur albifrons,Eulemur_albifrons,MAMMALIA,1,44,21033.6387743731
rank,0,0,0,Eulemur cinereiceps,Eulemur_cinereiceps,MAMMALIA,1,124,104254.75479417
rank,0,0,0,Eulemur collaris,Eulemur_collaris,MAMMALIA,1,110,101994.593872544
rank,0,0,0,Eulemur coronatus,Eulemur_coronatus,MAMMALIA,1,168,30700.3288804389
rank,0,0,0,Eulemur flavifrons,Eulemur_flavifrons,MAMMALIA,0.000213248908682684,1,25.074716512655
rank,0,0,0,Eulemur fulvus,Eulemur_fulvus,MAMMALIA,1,92,104848.149055385
rank,0,0,0,Eulemur macaco,Eulemur_macaco,MAMMALIA,1,43,39376.352313315
rank,0,0,0,Eulemur mongoz,Eulemur_mongoz,MAMMALIA,0.999999952898049,33,2266.66703720268
rank,0,0,0,Eulemur rubriventer,Eulemur_rubriventer,MAMMALIA,1,215,85220.055789026
rank,0,0,0,Eulemur rufus,Eulemur_rufus,MAMMALIA,1,146,52873.432817392
rank,0,0,0,Eulemur sanfordi,Eulemur_sanfordi,MAMMALIA,1,158,104692.318662475
rank,0,0,0,Euryceros prevostii,Euryceros_prevostii,AVES,0.999000955068605,3,2839.06294695103
rank,0,0,0,Falco zoniventris,Falco_zoniventris,AVES,0.932961278308184,1,73443.3410411674
rank,0,0,0,Falculea palliata,Falculea_palliata,AVES,0.999999999468312,6,31125.8546995143
rank,0,0,0,Fossa fossana,Fossa_fossana,MAMMALIA,0.978483142852742,2,48599.460922311
rank,0,0,0,Foudia madagascariensis,Foudia_madagascariensis,AVES,0.999964283013746,16,151696.571517404
rank,0,0,0,Foudia omissa,Foudia_omissa,AVES,0.999999999964813,15,51695.3683697188
rank,0,0,0,Gactornis enarratus,Gactornis_enarratus,AVES,0.999999514554391,5,49094.8953315527
rank,0,0,0,Galidia elegans,Galidia_elegans,MAMMALIA,0.968235456479531,6,49877.3202057596
rank,0,0,0,Galidictis fasciata,Galidictis_fasciata,MAMMALIA,0,3,4247.07070700451
rank,0,0,0,Geobiastes squamiger,Geobiastes_squamiger,AVES,0.999652519491142,4,10926.8523774886
rank,0,0,0,Geogale aurita,Geogale_aurita,MAMMALIA,1,795,32511.8284537484
rank,0,0,0,Gymnuromys roberti,Gymnuromys_roberti,MAMMALIA,1,172,26603.2793134595
rank,0,0,0,Haliaeetus vociferoides,Haliaeetus_vociferoides,AVES,0.0115773783592114,1,5133.49426771155
rank,0,0,0,Hapalemur alaotrensis,Hapalemur_alaotrensis,MAMMALIA,1,141,11439.9057848001
rank,0,0,0,Hapalemur aureus,Hapalemur_aureus,MAMMALIA,0.999999995692329,24,1820.55619313019
rank,0,0,0,Hapalemur griseus,Hapalemur_griseus,MAMMALIA,1,165,96797.1992744246
rank,0,0,0,Hapalemur occidentalis,Hapalemur_occidentalis,MAMMALIA,0.999995100328246,28,1026.71440945896
rank,0,0,0,Hartertula flavoviridis,Hartertula_flavoviridis,AVES,1,45,8110.84595378394
rank,0,0,0,Hartlaubius auratus,Hartlaubius_auratus,AVES,0.999908849362027,4,102250.658932244
rank,0,0,0,Hemicentetes nigriceps,Hemicentetes_nigriceps,MAMMALIA,0.999953127257988,35,2052.96238155247
rank,0,0,0,Hemicentetes semispinosus,Hemicentetes_semispinosus,MAMMALIA,0.999999999999998,82,73146.0227469838
rank,0,0,0,Hypogeomys antimena,Hypogeomys_antimena,MAMMALIA,0.13382196561483,5,104.686912753015
rank,0,0,0,Hypositta corallirostris,Hypositta_corallirostris,AVES,0.999989919803511,10,62434.9575957259
rank,0,0,0,Indri indri,Indri_indri,MAMMALIA,0.999999981093542,19,63643.0065547893
rank,0,0,0,Lemur catta,Lemur_catta,MAMMALIA,1,172,28828.0651897789
rank,0,0,0,Lepidopygia nana,Lepidopygia_nana,AVES,0.993565759031579,24,160602.278061778
rank,0,0,0,Lepilemur ankaranensis,Lepilemur_ankaranensis,MAMMALIA,0.942459903341432,13,361.823311685573
rank,0,0,0,Lepilemur edwardsi,Lepilemur_edwardsi,MAMMALIA,1,56,10363.7149847007
rank,0,0,0,Lepilemur leucopus,Lepilemur_leucopus,MAMMALIA,1,82,22553.130172594
rank,0,0,0,Lepilemur microdon,Lepilemur_microdon,MAMMALIA,0.999999999997001,34,4773.54297635564
rank,0,0,0,Lepilemur mustelinus,Lepilemur_mustelinus,MAMMALIA,1,248,91970.6800562632
rank,0,0,0,Lepilemur ruficaudatus,Lepilemur_ruficaudatus,MAMMALIA,1,182,19221.242925611
rank,0,0,0,Leptopterus chabert,Leptopterus_chabert,AVES,0.999990744115013,11,135294.726469808
rank,0,0,0,Lophotibis cristata,Lophotibis_cristata,AVES,0.99984262942438,2,83241.1822643856
rank,0,0,0,Macrotarsomys bastardi,Macrotarsomys_bastardi,MAMMALIA,1,277,8155.32697095479
rank,0,0,0,Margaroperdix madagarensis,Margaroperdix_madagarensis,AVES,0.999978649954335,2,109163.465616219
rank,0,0,0,Mentocrex kioloides,Mentocrex_kioloides,AVES,0.997745372881942,1,33668.8999710913
rank,0,0,0,Mesitornis unicolor,Mesitornis_unicolor,AVES,0,1,89.8278131379881
rank,0,0,0,Mesitornis variegatus,Mesitornis_variegatus,AVES,0.998762356934088,5,2869.24937298196
rank,0,0,0,Microcebus berthae,Microcebus_berthae,MAMMALIA,1.52725564417366e-08,2,17.7781751306701
rank,0,0,0,Microcebus griseorufus,Microcebus_griseorufus,MAMMALIA,0.995769019106106,14,501.433658043837
rank,0,0,0,Microcebus murinus,Microcebus_murinus,MAMMALIA,1,1713,98648.0994171873
rank,0,0,0,Microcebus myoxinus,Microcebus_myoxinus,MAMMALIA,0.999999992654343,102,1124.39007911773
rank,0,0,0,Microcebus ravelobensis,Microcebus_ravelobensis,MAMMALIA,0.778620368188717,15,246.875988043963
rank,0,0,0,Microcebus rufus,Microcebus_rufus,MAMMALIA,1,1410,72064.129868253
rank,0,0,0,Microcebus tavaratra,Microcebus_tavaratra,MAMMALIA,0.993489557216144,45,767.433244596441
rank,0,0,0,Microgale brevicaudata,Microgale_brevicaudata,MAMMALIA,1,899,32538.4482627255
rank,0,0,0,Microgale cowani,Microgale_cowani,MAMMALIA,1,614,61599.7511156241
rank,0,0,0,Microgale drouhardi,Microgale_drouhardi,MAMMALIA,1,318,26763.011032268
rank,0,0,0,Microgale dryas,Microgale_dryas,MAMMALIA,0.897201399235291,47,1369.92029440591
rank,0,0,0,Microgale fotsifotsy,Microgale_fotsifotsy,MAMMALIA,1,406,31282.5520477908
rank,0,0,0,Microgale gracilis,Microgale_gracilis,MAMMALIA,0.999999999998795,118,9616.30546971176
rank,0,0,0,Microgale gymnorhyncha,Microgale_gymnorhyncha,MAMMALIA,1,131,19647.1566155424
rank,0,0,0,Microgale longicaudata,Microgale_longicaudata,MAMMALIA,1,1118,63542.4841558526
rank,0,0,0,Microgale mergulus,Microgale_mergulus,MAMMALIA,0.999999999999896,71,5562.61775285837
rank,0,0,0,Microgale parvula,Microgale_parvula,MAMMALIA,0.999999999999961,1319,63644.5861034212
rank,0,0,0,Microgale principula,Microgale_principula,MAMMALIA,1,617,50694.3369124667
rank,0,0,0,Microgale pusilla,Microgale_pusilla,MAMMALIA,0.999999999978931,415,19934.6384600131
rank,0,0,0,Microgale soricoides,Microgale_soricoides,MAMMALIA,1,143,27525.3521029543
rank,0,0,0,Microgale taiva,Microgale_taiva,MAMMALIA,1,310,40793.1049467723
rank,0,0,0,Microgale thomasi,Microgale_thomasi,MAMMALIA,1,129,24416.4063766389
rank,0,0,0,Mirza coquereli,Mirza_coquereli,MAMMALIA,0.999997589067307,53,2653.00074277788
rank,0,0,0,Monias benschi,Monias_benschi,AVES,0,1,82.9420458882198
rank,0,0,0,Monticola erythronotus,Monticola_erythronotus,AVES,0.505764981643123,1,97.4973036619921
rank,0,0,0,Monticola sharpei,Monticola_sharpei,AVES,0.999999999999973,10,112347.531793114
rank,0,0,0,Monticolomys koopmani,Monticolomys_koopmani,MAMMALIA,0.132627247638879,6,104.060766616412
rank,0,0,0,Motacilla flaviventris,Motacilla_flaviventris,AVES,1,23,20547.3955734012
rank,0,0,0,Mystacornis crossleyi,Mystacornis_crossleyi,AVES,0.99999999999998,10,47378.6432934249
rank,0,0,0,Neodrepanis coruscans,Neodrepanis_coruscans,AVES,0.99999845514974,15,29636.806082244
rank,0,0,0,Neodrepanis hypoxantha,Neodrepanis_hypoxantha,AVES,0.0211788109146441,3,88.4296056242715
rank,0,0,0,Neomixis striatigula,Neomixis_striatigula,AVES,0.999999999993975,21,58553.2749873828
rank,0,0,0,Neomixis tenella,Neomixis_tenella,AVES,1,46,100872.507958581
rank,0,0,0,Neomixis viridis,Neomixis_viridis,AVES,0.999999999968365,24,53773.2576753967
rank,0,0,0,Nesillas lantzii,Nesillas_lantzii,AVES,0.999983000083555,3,2703.93284842042
rank,0,0,0,Nesogale dobsoni,Nesogale_dobsoni,MAMMALIA,1,401,70569.9395597334
rank,0,0,0,Nesogale talazaci,Nesogale_talazaci,MAMMALIA,1,209,64825.7784003662
rank,0,0,0,Nesomys audeberti,Nesomys_audeberti,MAMMALIA,1,111,4404.70734705306
rank,0,0,0,Nesomys lambertoni,Nesomys_lambertoni,MAMMALIA,0.99998398237535,29,958.575495315822
rank,0,0,0,Nesomys rufus,Nesomys_rufus,MAMMALIA,1,228,47158.8717763674
rank,0,0,0,Newtonia amphichroa,Newtonia_amphichroa,AVES,1,15,42707.2911220113
rank,0,0,0,Newtonia archboldi,Newtonia_archboldi,AVES,0.999743205924592,10,2057.60292387806
rank,0,0,0,Newtonia brunneicauda,Newtonia_brunneicauda,AVES,0.999999976025883,11,128214.085634947
rank,0,0,0,Newtonia fanovanae,Newtonia_fanovanae,AVES,0.3530552834488,2,98.220702482002
rank,0,0,0,Oriolia bernieri,Oriolia_bernieri,AVES,0.999997529517173,13,14262.3456490558
rank,0,0,0,Oryzorictes hova,Oryzorictes_hova,MAMMALIA,1,265,66233.2154541267
rank,0,0,0,Oryzorictes tetradactylus,Oryzorictes_tetradactylus,MAMMALIA,1,155,10717.5339834055
rank,0,0,0,Otus rutilus,Otus_rutilus,AVES,0.999999884940967,4,111949.764996871
rank,0,0,0,Oxylabes madagascariensis,Oxylabes_madagascariensis,AVES,0.999999999999997,14,53797.7359975744
rank,0,0,0,Phaner electromontis,Phaner_electromontis,MAMMALIA,1.1181189119025e-07,1,17.4337788633334
rank,0,0,0,Phaner furcifer,Phaner_furcifer,MAMMALIA,0.887905466959624,58,892.662774423233
rank,0,0,0,Phaner pallescens,Phaner_pallescens,MAMMALIA,0.999999999997009,57,3504.1481557881
rank,0,0,0,Phaner parienti,Phaner_parienti,MAMMALIA,0.00280017666108179,1,24.4501852478606
rank,0,0,0,Philepitta castanea,Philepitta_castanea,AVES,0.983835197382121,4,38533.17496099
rank,0,0,0,Philepitta schlegeli,Philepitta_schlegeli,AVES,0.988278027030843,14,4281.37986122647
rank,0,0,0,Ploceus nelicourvi,Ploceus_nelicourvi,AVES,0.999999997546978,9,62225.2788867866
rank,0,0,0,Ploceus sakalava,Ploceus_sakalava,AVES,0.999999986026268,18,45935.1176779656
rank,0,0,0,Polyboroides radiatus,Polyboroides_radiatus,AVES,0.998872473273459,1,126880.731002869
rank,0,0,0,Pseudobias wardi,Pseudobias_wardi,AVES,0.999999999999996,19,41782.4877384969
rank,0,0,0,Pterocles personatus,Pterocles_personatus,AVES,0.940123497880855,5,7087.00341547594
rank,0,0,0,Rallus madagascariensis,Rallus_madagascariensis,AVES,0.999999431971117,5,14553.5629941738
rank,0,0,0,Randia pseudozosterops,Randia_pseudozosterops,AVES,0.999998919608882,6,46653.22527701
rank,0,0,0,Sarothrura insularis,Sarothrura_insularis,AVES,0.999970539243504,7,77231.7846360684
rank,0,0,0,Schetba rufa,Schetba_rufa,AVES,1,20,29985.5572878945
rank,0,0,0,Setifer setosus,Setifer_setosus,MAMMALIA,1,197,121768.247863368
rank,0,0,0,Tenrec ecaudatus,Tenrec_ecaudatus,MAMMALIA,1,54,133405.07041149
rank,0,0,0,Thamnornis chloropetoides,Thamnornis_chloropetoides,AVES,0.999977507869305,5,3407.17432487525
rank,0,0,0,Treron australis,Treron_australis,AVES,0.996979772420716,1,122191.673916884
rank,0,0,0,Turnix nigricollis,Turnix_nigricollis,AVES,0.999949079462136,2,137927.251420088
rank,0,0,0,Tylas eduardi,Tylas_eduardi,AVES,0.999999989122082,6,60620.0089657779
rank,0,0,0,Vanga curvirostris,Vanga_curvirostris,AVES,0.999946694822322,7,134928.457939634
rank,0,0,0,Varecia rubra,Varecia_rubra,MAMMALIA,1,47,74463.7318670284
rank,0,0,0,Varecia variegata,Varecia_variegata,MAMMALIA,0.999999999999927,38,73381.7001135045
rank,0,0,0,Xanthomixis apperti,Xanthomixis_apperti,AVES,0.441311211243701,1,68.4073900828693
rank,0,0,0,Xanthomixis cinereiceps,Xanthomixis_cinereiceps,AVES,1,21,17538.7243960844
rank,0,0,0,Xanthomixis zosterops,Xanthomixis_zosterops,AVES,0.999999999983305,14,63332.6962077734
rank,0,0,0,Xenopirostris damii,Xenopirostris_damii,AVES,0.00179910755944279,1,93.5023436630615
rank,0,0,0,Xenopirostris polleni,Xenopirostris_polleni,AVES,0.999999970589095,10,17756.9551348295
rank,0,0,0,Xenopirostris xenopirostris,Xenopirostris_xenopirostris,AVES,0.965058075374104,1,1102.55740261015
rank,1,1,4.74865574883676,Accipiter henstii,Accipiter_henstii,AVES,0.765179787145583,1,81102.9382071109
rank,1,1,4.74865574883676,Accipiter madagascariensis,Accipiter_madagascariensis,AVES,0.92758071092731,1,100151.233888716
rank,1,1,4.74865574883676,Acrocephalus newtoni,Acrocephalus_newtoni,AVES,0.999999999999884,10,118738.031286586
rank,1,1,4.74865574883676,Alectroenas madagascariensis,Alectroenas_madagascariensis,AVES,0.998526581400443,6,68790.9395198402
rank,1,1,4.74865574883676,Allocebus trichotis,Allocebus_trichotis,MAMMALIA,0.00783473494650444,3,72.1001097112894
rank,1,1,4.74865574883676,Anas bernieri,Anas_bernieri,AVES,0,1,161.555721102021
rank,1,1,4.74865574883676,Apus balstoni,Apus_balstoni,AVES,0.999999951954554,4,96091.7076033743
rank,1,1,4.74865574883676,Artamella viridis,Artamella_viridis,AVES,0.999991108586587,9,114377.791006984
rank,1,1,4.74865574883676,Asio madagascariensis,Asio_madagascariensis,AVES,0.880087093046523,2,70733.4518030867
rank,1,1,4.74865574883676,Atelornis crossleyi,Atelornis_crossleyi,AVES,0.999998758967357,7,11572.6222161697
rank,1,1,4.74865574883676,Atelornis pittoides,Atelornis_pittoides,AVES,0.999745020877893,3,42621.3326636851
rank,1,1,4.74865574883676,Athene superciliaris,Athene_superciliaris,AVES,0.999598313347665,1,75099.7066481486
rank,1,1,4.74865574883676,Avahi laniger,Avahi_laniger,MAMMALIA,1,111,38253.4654725269
rank,1,1,4.74865574883676,Avahi occidentalis,Avahi_occidentalis,MAMMALIA,0.996177513156648,4,630.900925964117
rank,1,1,4.74865574883676,Aviceda madagascariensis,Aviceda_madagascariensis,AVES,0.976736189984286,1,104734.739926979
rank,1,1,4.74865574883676,Bernieria madagascariensis,Bernieria_madagascariensis,AVES,0.999999997825463,12,98766.9925004395
rank,1,1,4.74865574883676,Brachypteracias leptosomus,Brachypteracias_leptosomus,AVES,0.999771336917406,1,37031.6513739303
rank,1,1,4.74865574883676,Brachytarsomys albicauda,Brachytarsomys_albicauda,MAMMALIA,0.999999991596676,50,1815.17485363856
rank,1,1,4.74865574883676,Brachyuromys betsileoensis,Brachyuromys_betsileoensis,MAMMALIA,1,117,14393.3535949588
rank,1,1,4.74865574883676,Brachyuromys ramirohitra,Brachyuromys_ramirohitra,MAMMALIA,0.65541484639138,2,90.5857082977891
rank,1,1,4.74865574883676,Bradypterus brunneus,Bradypterus_brunneus,AVES,1,38,12772.3634521564
rank,1,1,4.74865574883676,Bradypterus seebohmi,Bradypterus_seebohmi,AVES,0.452718231585579,1,71.7493425011635
rank,1,1,4.74865574883676,Buteo brachypterus,Buteo_brachypterus,AVES,0.868225756571549,1,112808.298997901
rank,1,1,4.74865574883676,Calicalicus madagascariensis,Calicalicus_madagascariensis,AVES,0.999999999999997,18,100333.475033791
rank,1,1,4.74865574883676,Cheirogaleus crossleyi,Cheirogaleus_crossleyi,MAMMALIA,1,92,5731.87398069368
rank,1,1,4.74865574883676,Cheirogaleus major,Cheirogaleus_major,MAMMALIA,1,277,72862.958986614
rank,1,1,4.74865574883676,Cheirogaleus medius,Cheirogaleus_medius,MAMMALIA,1,1693,63243.3814837731
rank,1,1,4.74865574883676,Cinnyris notatus,Cinnyris_notatus,AVES,0.99999998895923,26,114926.062550329
rank,1,1,4.74865574883676,Copsychus albospecularis,Copsychus_albospecularis,AVES,0.999995735454347,5,59545.5432791226
rank,1,1,4.74865574883676,Coracopsis nigra,Coracopsis_nigra,AVES,0.99596266509599,3,112068.552099258
rank,1,1,4.74865574883676,Corythornis madagascariensis,Corythornis_madagascariensis,AVES,0.894241433763213,5,91160.1401196196
rank,1,1,4.74865574883676,Coua caerulea,Coua_caerulea,AVES,0.999923357849972,6,43261.1604187338
rank,1,1,4.74865574883676,Coua coquereli,Coua_coquereli,AVES,0.999934088614954,1,30978.4157788232
rank,1,1,4.74865574883676,Coua cristata,Coua_cristata,AVES,0.999993450971275,4,82350.0556831733
rank,1,1,4.74865574883676,Coua cursor,Coua_cursor,AVES,0.999730982957735,1,18335.9341884106
rank,1,1,4.74865574883676,Coua gigas,Coua_gigas,AVES,0.99987533312277,1,31503.6655668765
rank,1,1,4.74865574883676,Coua reynaudii,Coua_reynaudii,AVES,0.999893536910276,4,36912.0383724868
rank,1,1,4.74865574883676,Coua ruficeps,Coua_ruficeps,AVES,0.959346120072314,3,1327.46846918499
rank,1,1,4.74865574883676,Coua serriana,Coua_serriana,AVES,0.991471316214562,1,32261.1250374622
rank,1,1,4.74865574883676,Crossleyia xanthophrys,Crossleyia_xanthophrys,AVES,1,45,4117.99735637009
rank,1,1,4.74865574883676,Cryptoprocta ferox,Cryptoprocta_ferox,MAMMALIA,0.0704722846506335,4,37156.871448586
rank,1,1,4.74865574883676,Cryptosylvicola randrianasoloi,Cryptosylvicola_randrianasoloi,AVES,1,39,5909.73896991462
rank,1,1,4.74865574883676,Cyanolanius madagascarinus,Cyanolanius_madagascarinus,AVES,0.999999951986338,10,110196.960031083
rank,1,1,4.74865574883676,Daubentonia madagascariensis,Daubentonia_madagascariensis,MAMMALIA,1,66,38656.9744688794
rank,1,1,4.74865574883676,Echinops telfairi,Echinops_telfairi,MAMMALIA,1,464,58756.346791096
rank,1,1,4.74865574883676,Eliurus antsingy,Eliurus_antsingy,MAMMALIA,0.0133748649300235,5,69.4813072830439
rank,1,1,4.74865574883676,Eliurus grandidieri,Eliurus_grandidieri,MAMMALIA,0.999641415738649,27,917.641006159482
rank,1,1,4.74865574883676,Eliurus majori,Eliurus_majori,MAMMALIA,1,340,45494.3564085439
rank,1,1,4.74865574883676,Eliurus minor,Eliurus_minor,MAMMALIA,1,1646,74513.1177144229
rank,1,1,4.74865574883676,Eliurus myoxinus,Eliurus_myoxinus,MAMMALIA,1,1280,89459.5109517872
rank,1,1,4.74865574883676,Eliurus tanala,Eliurus_tanala,MAMMALIA,1,439,48738.0954861324
rank,1,1,4.74865574883676,Eliurus webbi,Eliurus_webbi,MAMMALIA,1,509,64109.5951105952
rank,1,1,4.74865574883676,Eremopterix hova,Eremopterix_hova,AVES,0.999999862347248,22,4111.79749785364
rank,1,1,4.74865574883676,Eulemur albifrons,Eulemur_albifrons,MAMMALIA,1,44,21033.6387743737
rank,1,1,4.74865574883676,Eulemur cinereiceps,Eulemur_cinereiceps,MAMMALIA,1,120,103514.464252281
rank,1,1,4.74865574883676,Eulemur collaris,Eulemur_collaris,MAMMALIA,1,105,101449.697358506
rank,1,1,4.74865574883676,Eulemur coronatus,Eulemur_coronatus,MAMMALIA,1,168,30700.328880439
rank,1,1,4.74865574883676,Eulemur flavifrons,Eulemur_flavifrons,MAMMALIA,0.000213248908682684,1,25.074716512655
rank,1,1,4.74865574883676,Eulemur fulvus,Eulemur_fulvus,MAMMALIA,1,95,104036.981348694
rank,1,1,4.74865574883676,Eulemur macaco,Eulemur_macaco,MAMMALIA,1,43,39376.3523133128
rank,1,1,4.74865574883676,Eulemur mongoz,Eulemur_mongoz,MAMMALIA,0.99999995289805,33,2266.66703993082
rank,1,1,4.74865574883676,Eulemur rubriventer,Eulemur_rubriventer,MAMMALIA,1,213,84827.4672432035
rank,1,1,4.74865574883676,Eulemur rufus,Eulemur_rufus,MAMMALIA,1,146,52873.4328173925
rank,1,1,4.74865574883676,Eulemur sanfordi,Eulemur_sanfordi,MAMMALIA,1,154,103931.244568175
rank,1,1,4.74865574883676,Euryceros prevostii,Euryceros_prevostii,AVES,0.999000955070916,3,2839.0629478842
rank,1,1,4.74865574883676,Falco zoniventris,Falco_zoniventris,AVES,0.931356428097219,1,71728.4697900489
rank,1,1,4.74865574883676,Falculea palliata,Falculea_palliata,AVES,0.999999999468312,6,31125.8547431603
rank,1,1,4.74865574883676,Fossa fossana,Fossa_fossana,MAMMALIA,0.978483142936644,2,48599.4609659314
rank,1,1,4.74865574883676,Foudia madagascariensis,Foudia_madagascariensis,AVES,0.999976351082158,14,146942.092743762
rank,1,1,4.74865574883676,Foudia omissa,Foudia_omissa,AVES,0.999999999964813,15,51695.3684146702
rank,1,1,4.74865574883676,Gactornis enarratus,Gactornis_enarratus,AVES,0.999999514554395,5,49094.8953740671
rank,1,1,4.74865574883676,Galidia elegans,Galidia_elegans,MAMMALIA,0.968235456479524,6,49877.3202057579
rank,1,1,4.74865574883676,Galidictis fasciata,Galidictis_fasciata,MAMMALIA,0,3,4247.07071315497
rank,1,1,4.74865574883676,Geobiastes squamiger,Geobiastes_squamiger,AVES,0.999652519491625,4,10926.8523845822
rank,1,1,4.74865574883676,Geogale aurita,Geogale_aurita,MAMMALIA,1,795,32511.8284881488
rank,1,1,4.74865574883676,Gymnuromys roberti,Gymnuromys_roberti,MAMMALIA,1,172,26603.2793134592
rank,1,1,4.74865574883676,Haliaeetus vociferoides,Haliaeetus_vociferoides,AVES,0.0115773784314965,1,5133.49427342415
rank,1,1,4.74865574883676,Hapalemur alaotrensis,Hapalemur_alaotrensis,MAMMALIA,1,141,11439.9057848001
rank,1,1,4.74865574883676,Hapalemur aureus,Hapalemur_aureus,MAMMALIA,0.999999995692329,24,1820.55619611591
rank,1,1,4.74865574883676,Hapalemur griseus,Hapalemur_griseus,MAMMALIA,1,163,96462.5591915401
rank,1,1,4.74865574883676,Hapalemur occidentalis,Hapalemur_occidentalis,MAMMALIA,0.999995100328248,28,1026.71440970898
rank,1,1,4.74865574883676,Hartertula flavoviridis,Hartertula_flavoviridis,AVES,1,45,8110.84596121311
rank,1,1,4.74865574883676,Hartlaubius auratus,Hartlaubius_auratus,AVES,0.999965308810578,7,101420.748436116
rank,1,1,4.74865574883676,Hemicentetes nigriceps,Hemicentetes_nigriceps,MAMMALIA,0.999953127257988,35,2052.96238155258
rank,1,1,4.74865574883676,Hemicentetes semispinosus,Hemicentetes_semispinosus,MAMMALIA,0.999999999999998,80,73037.8766902313
rank,1,1,4.74865574883676,Hypogeomys antimena,Hypogeomys_antimena,MAMMALIA,0.133821965840603,5,104.686912983656
rank,1,1,4.74865574883676,Hypositta corallirostris,Hypositta_corallirostris,AVES,0.999989919803522,10,62434.9576523677
rank,1,1,4.74865574883676,Indri indri,Indri_indri,MAMMALIA,0.999999981093542,19,63643.0066137314
rank,1,1,4.74865574883676,Lemur catta,Lemur_catta,MAMMALIA,1,172,28828.0652023107
rank,1,1,4.74865574883676,Lepidopygia nana,Lepidopygia_nana,AVES,0.998128830627855,29,153765.896797659
rank,1,1,4.74865574883676,Lepilemur ankaranensis,Lepilemur_ankaranensis,MAMMALIA,0.942459903341428,13,361.823311685567
rank,1,1,4.74865574883676,Lepilemur edwardsi,Lepilemur_edwardsi,MAMMALIA,1,56,10363.7149990052
rank,1,1,4.74865574883676,Lepilemur leucopus,Lepilemur_leucopus,MAMMALIA,1,82,22553.1301788166
rank,1,1,4.74865574883676,Lepilemur microdon,Lepilemur_microdon,MAMMALIA,0.999999999997001,34,4773.54297635564
rank,1,1,4.74865574883676,Lepilemur mustelinus,Lepilemur_mustelinus,MAMMALIA,1,242,91705.2149525732
rank,1,1,4.74865574883676,Lepilemur ruficaudatus,Lepilemur_ruficaudatus,MAMMALIA,1,182,19221.2429256109
rank,1,1,4.74865574883676,Leptopterus chabert,Leptopterus_chabert,AVES,0.99999476873758,12,132040.780435145
rank,1,1,4.74865574883676,Lophotibis cristata,Lophotibis_cristata,AVES,0.999842260961904,2,83139.4564731779
rank,1,1,4.74865574883676,Macrotarsomys bastardi,Macrotarsomys_bastardi,MAMMALIA,1,277,8155.32697095466
rank,1,1,4.74865574883676,Margaroperdix madagarensis,Margaroperdix_madagarensis,AVES,0.999978352233822,2,108238.867301472
rank,1,1,4.74865574883676,Mentocrex kioloides,Mentocrex_kioloides,AVES,0.997745372885209,1,33668.9000041857
rank,1,1,4.74865574883676,Mesitornis unicolor,Mesitornis_unicolor,AVES,0,1,89.8278131379858
rank,1,1,4.74865574883676,Mesitornis variegatus,Mesitornis_variegatus,AVES,0.998762356946553,5,2869.24937690049
rank,1,1,4.74865574883676,Microcebus berthae,Microcebus_berthae,MAMMALIA,1.52725555535582e-08,2,17.7781751081347
rank,1,1,4.74865574883676,Microcebus griseorufus,Microcebus_griseorufus,MAMMALIA,0.995769019106108,14,501.433658043884
rank,1,1,4.74865574883676,Microcebus murinus,Microcebus_murinus,MAMMALIA,1,1684,98275.3893385232
rank,1,1,4.74865574883676,Microcebus myoxinus,Microcebus_myoxinus,MAMMALIA,0.999999992654343,102,1124.39007911777
rank,1,1,4.74865574883676,Microcebus ravelobensis,Microcebus_ravelobensis,MAMMALIA,0.778620368188765,15,246.875988043973
rank,1,1,4.74865574883676,Microcebus rufus,Microcebus_rufus,MAMMALIA,1,1390,71797.5814513976
rank,1,1,4.74865574883676,Microcebus tavaratra,Microcebus_tavaratra,MAMMALIA,0.99348955741329,45,767.433245509863
rank,1,1,4.74865574883676,Microgale brevicaudata,Microgale_brevicaudata,MAMMALIA,1,899,32538.4482943863
rank,1,1,4.74865574883676,Microgale cowani,Microgale_cowani,MAMMALIA,1,614,61599.751175113
rank,1,1,4.74865574883676,Microgale drouhardi,Microgale_drouhardi,MAMMALIA,1,318,26763.0110322682
rank,1,1,4.74865574883676,Microgale dryas,Microgale_dryas,MAMMALIA,0.897201399235259,47,1369.92029440585
rank,1,1,4.74865574883676,Microgale fotsifotsy,Microgale_fotsifotsy,MAMMALIA,1,406,31282.5520477905
rank,1,1,4.74865574883676,Microgale gracilis,Microgale_gracilis,MAMMALIA,0.999999999998795,118,9616.30546971204
rank,1,1,4.74865574883676,Microgale gymnorhyncha,Microgale_gymnorhyncha,MAMMALIA,1,131,19647.1566155426
rank,1,1,4.74865574883676,Microgale longicaudata,Microgale_longicaudata,MAMMALIA,1,1118,63542.4842147529
rank,1,1,4.74865574883676,Microgale mergulus,Microgale_mergulus,MAMMALIA,0.999999999999896,71,5562.61775285862
rank,1,1,4.74865574883676,Microgale parvula,Microgale_parvula,MAMMALIA,0.999999999999961,1319,63644.5861034197
rank,1,1,4.74865574883676,Microgale principula,Microgale_principula,MAMMALIA,1,617,50694.3369674981
rank,1,1,4.74865574883676,Microgale pusilla,Microgale_pusilla,MAMMALIA,0.999999999978931,415,19934.6384756789
rank,1,1,4.74865574883676,Microgale soricoides,Microgale_soricoides,MAMMALIA,1,143,27525.3521029544
rank,1,1,4.74865574883676,Microgale taiva,Microgale_taiva,MAMMALIA,1,310,40793.1049931124
rank,1,1,4.74865574883676,Microgale thomasi,Microgale_thomasi,MAMMALIA,1,129,24416.4064041078
rank,1,1,4.74865574883676,Mirza coquereli,Mirza_coquereli,MAMMALIA,0.999997589067307,53,2653.0007427779
rank,1,1,4.74865574883676,Monias benschi,Monias_benschi,AVES,0,1,82.9420458882274
rank,1,1,4.74865574883676,Monticola erythronotus,Monticola_erythronotus,AVES,0.505764981643065,1,97.4973036619822
rank,1,1,4.74865574883676,Monticola sharpei,Monticola_sharpei,AVES,0.999999999999973,14,108828.78329131
rank,1,1,4.74865574883676,Monticolomys koopmani,Monticolomys_koopmani,MAMMALIA,0.132627251095215,6,104.060766987503
rank,1,1,4.74865574883676,Motacilla flaviventris,Motacilla_flaviventris,AVES,1,23,20547.395573401
rank,1,1,4.74865574883676,Mystacornis crossleyi,Mystacornis_crossleyi,AVES,0.99999999999998,10,47378.6432934275
rank,1,1,4.74865574883676,Neodrepanis coruscans,Neodrepanis_coruscans,AVES,0.99999845514974,15,29636.8060822453
rank,1,1,4.74865574883676,Neodrepanis hypoxantha,Neodrepanis_hypoxantha,AVES,0.0211788111247608,3,88.4296057149768
rank,1,1,4.74865574883676,Neomixis striatigula,Neomixis_striatigula,AVES,0.999999999993975,21,58553.2749873809
rank,1,1,4.74865574883676,Neomixis tenella,Neomixis_tenella,AVES,1,43,97709.6237707064
rank,1,1,4.74865574883676,Neomixis viridis,Neomixis_viridis,AVES,0.999999999968365,24,53773.2576753949
rank,1,1,4.74865574883676,Nesillas lantzii,Nesillas_lantzii,AVES,0.999983000083502,3,2703.9328436479
rank,1,1,4.74865574883676,Nesogale dobsoni,Nesogale_dobsoni,MAMMALIA,1,400,70359.0552229239
rank,1,1,4.74865574883676,Nesogale talazaci,Nesogale_talazaci,MAMMALIA,1,209,64825.7784595043
rank,1,1,4.74865574883676,Nesomys audeberti,Nesomys_audeberti,MAMMALIA,1,111,4404.70734705302
rank,1,1,4.74865574883676,Nesomys lambertoni,Nesomys_lambertoni,MAMMALIA,0.999983982375401,29,958.575495295227
rank,1,1,4.74865574883676,Nesomys rufus,Nesomys_rufus,MAMMALIA,1,228,47158.8717763673
rank,1,1,4.74865574883676,Newtonia amphichroa,Newtonia_amphichroa,AVES,1,15,42707.2911220102
rank,1,1,4.74865574883676,Newtonia archboldi,Newtonia_archboldi,AVES,0.999743205924592,10,2057.60292387809
rank,1,1,4.74865574883676,Newtonia brunneicauda,Newtonia_brunneicauda,AVES,0.999999999864946,15,126953.866833054
rank,1,1,4.74865574883676,Newtonia fanovanae,Newtonia_fanovanae,AVES,0.353055283448657,2,98.2207024819943
rank,1,1,4.74865574883676,Oriolia bernieri,Oriolia_bernieri,AVES,0.999997529517201,13,14262.3456658348
rank,1,1,4.74865574883676,Oryzorictes hova,Oryzorictes_hova,MAMMALIA,1,266,66064.1240781397
rank,1,1,4.74865574883676,Oryzorictes tetradactylus,Oryzorictes_tetradactylus,MAMMALIA,1,155,10717.5339834051
rank,1,1,4.74865574883676,Otus rutilus,Otus_rutilus,AVES,0.9999998807604,4,110581.000312798
rank,1,1,4.74865574883676,Oxylabes madagascariensis,Oxylabes_madagascariensis,AVES,0.999999999999997,14,53797.736041911
rank,1,1,4.74865574883676,Phaner electromontis,Phaner_electromontis,MAMMALIA,1.1181189119025e-07,1,17.4337788633315
rank,1,1,4.74865574883676,Phaner furcifer,Phaner_furcifer,MAMMALIA,0.887905466959644,58,892.662774423171
rank,1,1,4.74865574883676,Phaner pallescens,Phaner_pallescens,MAMMALIA,0.999999999997009,57,3504.14815962315
rank,1,1,4.74865574883676,Phaner parienti,Phaner_parienti,MAMMALIA,0.00280017666108967,1,24.4501852478648
rank,1,1,4.74865574883676,Philepitta castanea,Philepitta_castanea,AVES,0.98383519739787,4,38533.1749999672
rank,1,1,4.74865574883676,Philepitta schlegeli,Philepitta_schlegeli,AVES,0.988278027030843,14,4281.37986122647
rank,1,1,4.74865574883676,Ploceus nelicourvi,Ploceus_nelicourvi,AVES,0.999999997546978,9,62225.2789443433
rank,1,1,4.74865574883676,Ploceus sakalava,Ploceus_sakalava,AVES,0.999999986026268,18,45935.1177419499
rank,1,1,4.74865574883676,Polyboroides radiatus,Polyboroides_radiatus,AVES,0.998783472095316,1,121216.719428256
rank,1,1,4.74865574883676,Pseudobias wardi,Pseudobias_wardi,AVES,0.999999999999996,19,41782.4877384977
rank,1,1,4.74865574883676,Pterocles personatus,Pterocles_personatus,AVES,0.940123497880854,5,7087.00341547594
rank,1,1,4.74865574883676,Rallus madagascariensis,Rallus_madagascariensis,AVES,0.999999431971117,5,14553.5629941739
rank,1,1,4.74865574883676,Randia pseudozosterops,Randia_pseudozosterops,AVES,0.999998919608882,6,46653.2252770077
rank,1,1,4.74865574883676,Sarothrura insularis,Sarothrura_insularis,AVES,0.999969350306819,7,76962.615018338
rank,1,1,4.74865574883676,Schetba rufa,Schetba_rufa,AVES,1,20,29985.5573220253
rank,1,1,4.74865574883676,Setifer setosus,Setifer_setosus,MAMMALIA,1,198,121215.009420939
rank,1,1,4.74865574883676,Tenrec ecaudatus,Tenrec_ecaudatus,MAMMALIA,1,56,130463.299233779
rank,1,1,4.74865574883676,Thamnornis chloropetoides,Thamnornis_chloropetoides,AVES,0.999977507869225,5,3407.17432130128
rank,1,1,4.74865574883676,Treron australis,Treron_australis,AVES,0.996897337579693,1,119291.762174353
rank,1,1,4.74865574883676,Turnix nigricollis,Turnix_nigricollis,AVES,0.999947115443187,2,134745.620073877
rank,1,1,4.74865574883676,Tylas eduardi,Tylas_eduardi,AVES,0.999999989122082,6,60620.0090219379
rank,1,1,4.74865574883676,Vanga curvirostris,Vanga_curvirostris,AVES,0.999944478312707,7,131898.394340629
rank,1,1,4.74865574883676,Varecia rubra,Varecia_rubra,MAMMALIA,1,44,74348.3970297151
rank,1,1,4.74865574883676,Varecia variegata,Varecia_variegata,MAMMALIA,0.999999999999922,38,73340.9211604972
rank,1,1,4.74865574883676,Xanthomixis apperti,Xanthomixis_apperti,AVES,0.441311210122258,1,68.4073899760842
rank,1,1,4.74865574883676,Xanthomixis cinereiceps,Xanthomixis_cinereiceps,AVES,1,21,17538.7244135588
rank,1,1,4.74865574883676,Xanthomixis zosterops,Xanthomixis_zosterops,AVES,0.999999999983305,14,63332.696267128
rank,1,1,4.74865574883676,Xenopirostris damii,Xenopirostris_damii,AVES,0.00179910766481406,1,93.5023440420628
rank,1,1,4.74865574883676,Xenopirostris polleni,Xenopirostris_polleni,AVES,0.999999970589095,10,17756.9551348298
rank,1,1,4.74865574883676,Xenopirostris xenopirostris,Xenopirostris_xenopirostris,AVES,0.96505807541122,1,1102.55740338564
rank,2,2,9.45013491751602,Accipiter henstii,Accipiter_henstii,AVES,0.759730543917334,1,78793.128746426
rank,2,2,9.45013491751602,Accipiter madagascariensis,Accipiter_madagascariensis,AVES,0.926502391886826,1,98686.3675674871
rank,2,2,9.45013491751602,Acrocephalus newtoni,Acrocephalus_newtoni,AVES,0.999999999999836,19,114539.842943473
rank,2,2,9.45013491751602,Alectroenas madagascariensis,Alectroenas_madagascariensis,AVES,0.998362686400385,6,66368.2310706766
rank,2,2,9.45013491751602,Allocebus trichotis,Allocebus_trichotis,MAMMALIA,0.00783473494650444,3,72.1001097112894
rank,2,2,9.45013491751602,Anas bernieri,Anas_bernieri,AVES,0,1,161.555721102021
rank,2,2,9.45013491751602,Apus balstoni,Apus_balstoni,AVES,0.99999991173928,6,93111.109392725
rank,2,2,9.45013491751602,Artamella viridis,Artamella_viridis,AVES,0.999990208746489,8,109950.677806139
rank,2,2,9.45013491751602,Asio madagascariensis,Asio_madagascariensis,AVES,0.87762017121786,2,69059.5777382034
rank,2,2,9.45013491751602,Atelornis crossleyi,Atelornis_crossleyi,AVES,0.999998758967357,7,11572.6222161697
rank,2,2,9.45013491751602,Atelornis pittoides,Atelornis_pittoides,AVES,0.999737799085741,3,41943.9946658909
rank,2,2,9.45013491751602,Athene superciliaris,Athene_superciliaris,AVES,0.99959100032492,1,74254.2974402681
rank,2,2,9.45013491751602,Avahi laniger,Avahi_laniger,MAMMALIA,1,106,38071.261537388
rank,2,2,9.45013491751602,Avahi occidentalis,Avahi_occidentalis,MAMMALIA,0.996177513156648,4,630.900925964117
rank,2,2,9.45013491751602,Aviceda madagascariensis,Aviceda_madagascariensis,AVES,0.975721472351772,1,101264.835793369
rank,2,2,9.45013491751602,Bernieria madagascariensis,Bernieria_madagascariensis,AVES,0.999999993386125,16,95680.5380295136
rank,2,2,9.45013491751602,Brachypteracias leptosomus,Brachypteracias_leptosomus,AVES,0.999771336917406,1,37031.6513739303
rank,2,2,9.45013491751602,Brachytarsomys albicauda,Brachytarsomys_albicauda,MAMMALIA,0.999999991596676,50,1815.17485363856
rank,2,2,9.45013491751602,Brachyuromys betsileoensis,Brachyuromys_betsileoensis,MAMMALIA,1,117,14393.3535949588
rank,2,2,9.45013491751602,Brachyuromys ramirohitra,Brachyuromys_ramirohitra,MAMMALIA,0.65541484639138,2,90.5857082977891
rank,2,2,9.45013491751602,Bradypterus brunneus,Bradypterus_brunneus,AVES,1,38,12772.3634521564
rank,2,2,9.45013491751602,Bradypterus seebohmi,Bradypterus_seebohmi,AVES,0.452718231585579,1,71.7493425011635
rank,2,2,9.45013491751602,Buteo brachypterus,Buteo_brachypterus,AVES,0.863309118358842,1,108223.255585581
rank,2,2,9.45013491751602,Calicalicus madagascariensis,Calicalicus_madagascariensis,AVES,0.999999999999988,24,96456.7360009119
rank,2,2,9.45013491751602,Cheirogaleus crossleyi,Cheirogaleus_crossleyi,MAMMALIA,1,92,5731.87398069368
rank,2,2,9.45013491751602,Cheirogaleus major,Cheirogaleus_major,MAMMALIA,1,260,71303.0275961942
rank,2,2,9.45013491751602,Cheirogaleus medius,Cheirogaleus_medius,MAMMALIA,1,1492,60750.5343839016
rank,2,2,9.45013491751602,Cinnyris notatus,Cinnyris_notatus,AVES,0.999999999931468,28,108383.833331124
rank,2,2,9.45013491751602,Copsychus albospecularis,Copsychus_albospecularis,AVES,0.999995261411199,5,58223.6207517472
rank,2,2,9.45013491751602,Coracopsis nigra,Coracopsis_nigra,AVES,0.995853340818257,3,109375.471121759
rank,2,2,9.45013491751602,Corythornis madagascariensis,Corythornis_madagascariensis,AVES,0.892579324836055,5,89126.4564419309
rank,2,2,9.45013491751602,Coua caerulea,Coua_caerulea,AVES,0.999921478818545,6,42792.4565695744
rank,2,2,9.45013491751602,Coua coquereli,Coua_coquereli,AVES,0.999934088614954,1,30978.4157788232
rank,2,2,9.45013491751602,Coua cristata,Coua_cristata,AVES,0.999993231061441,4,80921.624407284
rank,2,2,9.45013491751602,Coua cursor,Coua_cursor,AVES,0.999730982957735,1,18335.9341884106
rank,2,2,9.45013491751602,Coua gigas,Coua_gigas,AVES,0.99987533312277,1,31503.6655668765
rank,2,2,9.45013491751602,Coua reynaudii,Coua_reynaudii,AVES,0.999893536910276,4,36912.0383724868
rank,2,2,9.45013491751602,Coua ruficeps,Coua_ruficeps,AVES,0.959346120072314,3,1327.46846918499
rank,2,2,9.45013491751602,Coua serriana,Coua_serriana,AVES,0.991471316214562,1,32261.1250374622
rank,2,2,9.45013491751602,Crossleyia xanthophrys,Crossleyia_xanthophrys,AVES,1,45,4117.99735637009
rank,2,2,9.45013491751602,Cryptoprocta ferox,Cryptoprocta_ferox,MAMMALIA,0.0704722846506335,4,37156.871448586
rank,2,2,9.45013491751602,Cryptosylvicola randrianasoloi,Cryptosylvicola_randrianasoloi,AVES,1,39,5909.73896991462
rank,2,2,9.45013491751602,Cyanolanius madagascarinus,Cyanolanius_madagascarinus,AVES,0.999999992192434,14,104655.323172538
rank,2,2,9.45013491751602,Daubentonia madagascariensis,Daubentonia_madagascariensis,MAMMALIA,1,64,37574.3750699908
rank,2,2,9.45013491751602,Echinops telfairi,Echinops_telfairi,MAMMALIA,1,449,57882.7320166975
rank,2,2,9.45013491751602,Eliurus antsingy,Eliurus_antsingy,MAMMALIA,0.0133748649300235,5,69.4813072830439
rank,2,2,9.45013491751602,Eliurus grandidieri,Eliurus_grandidieri,MAMMALIA,0.999641415738649,27,917.641006159482
rank,2,2,9.45013491751602,Eliurus majori,Eliurus_majori,MAMMALIA,1,309,44214.0544949919
rank,2,2,9.45013491751602,Eliurus minor,Eliurus_minor,MAMMALIA,1,1582,72816.4165625895
rank,2,2,9.45013491751602,Eliurus myoxinus,Eliurus_myoxinus,MAMMALIA,1,1253,86959.1004210934
rank,2,2,9.45013491751602,Eliurus tanala,Eliurus_tanala,MAMMALIA,1,411,48378.0524588343
rank,2,2,9.45013491751602,Eliurus webbi,Eliurus_webbi,MAMMALIA,1,515,62879.1096781418
rank,2,2,9.45013491751602,Eremopterix hova,Eremopterix_hova,AVES,0.999999862347248,22,4111.79749785364
rank,2,2,9.45013491751602,Eulemur albifrons,Eulemur_albifrons,MAMMALIA,1,44,21033.6387743737
rank,2,2,9.45013491751602,Eulemur cinereiceps,Eulemur_cinereiceps,MAMMALIA,1,127,99819.757801465
rank,2,2,9.45013491751602,Eulemur collaris,Eulemur_collaris,MAMMALIA,1,112,98079.9406299435
rank,2,2,9.45013491751602,Eulemur coronatus,Eulemur_coronatus,MAMMALIA,1,168,30700.328880439
rank,2,2,9.45013491751602,Eulemur flavifrons,Eulemur_flavifrons,MAMMALIA,0.000213248908682684,1,25.074716512655
rank,2,2,9.45013491751602,Eulemur fulvus,Eulemur_fulvus,MAMMALIA,1,98,100191.047317448
rank,2,2,9.45013491751602,Eulemur macaco,Eulemur_macaco,MAMMALIA,1,46,38966.8312360153
rank,2,2,9.45013491751602,Eulemur mongoz,Eulemur_mongoz,MAMMALIA,0.99999995289805,33,2266.66703993082
rank,2,2,9.45013491751602,Eulemur rubriventer,Eulemur_rubriventer,MAMMALIA,1,217,83102.6655058431
rank,2,2,9.45013491751602,Eulemur rufus,Eulemur_rufus,MAMMALIA,1,155,52247.609621125
rank,2,2,9.45013491751602,Eulemur sanfordi,Eulemur_sanfordi,MAMMALIA,1,163,100215.181980849
rank,2,2,9.45013491751602,Euryceros prevostii,Euryceros_prevostii,AVES,0.999000955070916,3,2839.0629478842
rank,2,2,9.45013491751602,Falco zoniventris,Falco_zoniventris,AVES,0.930027496253778,1,70366.9837431461
rank,2,2,9.45013491751602,Falculea palliata,Falculea_palliata,AVES,0.999999999468312,6,31125.8547431603
rank,2,2,9.45013491751602,Fossa fossana,Fossa_fossana,MAMMALIA,0.977790335976422,2,48246.3498127162
rank,2,2,9.45013491751602,Foudia madagascariensis,Foudia_madagascariensis,AVES,0.999998104533067,16,140578.998529688
rank,2,2,9.45013491751602,Foudia omissa,Foudia_omissa,AVES,0.999999999943748,16,50528.2493225634
rank,2,2,9.45013491751602,Gactornis enarratus,Gactornis_enarratus,AVES,0.999999382822552,5,48649.0067806095
rank,2,2,9.45013491751602,Galidia elegans,Galidia_elegans,MAMMALIA,0.96813625514038,6,49774.7065072274
rank,2,2,9.45013491751602,Galidictis fasciata,Galidictis_fasciata,MAMMALIA,0,3,4247.07071315497
rank,2,2,9.45013491751602,Geobiastes squamiger,Geobiastes_squamiger,AVES,0.999652519491625,4,10926.8523845822
rank,2,2,9.45013491751602,Geogale aurita,Geogale_aurita,MAMMALIA,1,795,32511.8284881488
rank,2,2,9.45013491751602,Gymnuromys roberti,Gymnuromys_roberti,MAMMALIA,1,172,26603.2793134592
rank,2,2,9.45013491751602,Haliaeetus vociferoides,Haliaeetus_vociferoides,AVES,0.0115773784314965,1,5133.49427342415
rank,2,2,9.45013491751602,Hapalemur alaotrensis,Hapalemur_alaotrensis,MAMMALIA,1,141,11439.9057848001
rank,2,2,9.45013491751602,Hapalemur aureus,Hapalemur_aureus,MAMMALIA,0.999999995692329,24,1820.55619611591
rank,2,2,9.45013491751602,Hapalemur griseus,Hapalemur_griseus,MAMMALIA,1,167,94576.4254063197
rank,2,2,9.45013491751602,Hapalemur occidentalis,Hapalemur_occidentalis,MAMMALIA,0.999995100328248,28,1026.71440970898
rank,2,2,9.45013491751602,Hartertula flavoviridis,Hartertula_flavoviridis,AVES,1,45,8110.84596121311
rank,2,2,9.45013491751602,Hartlaubius auratus,Hartlaubius_auratus,AVES,0.999966618949636,11,97983.2849644736
rank,2,2,9.45013491751602,Hemicentetes nigriceps,Hemicentetes_nigriceps,MAMMALIA,0.999953127257988,35,2052.96238155258
rank,2,2,9.45013491751602,Hemicentetes semispinosus,Hemicentetes_semispinosus,MAMMALIA,0.999999999999997,86,71859.9476484731
rank,2,2,9.45013491751602,Hypogeomys antimena,Hypogeomys_antimena,MAMMALIA,0.133821965840603,5,104.686912983656
rank,2,2,9.45013491751602,Hypositta corallirostris,Hypositta_corallirostris,AVES,0.999984815571283,10,61424.4386818707
rank,2,2,9.45013491751602,Indri indri,Indri_indri,MAMMALIA,0.99999999728811,19,63021.48104693
rank,2,2,9.45013491751602,Lemur catta,Lemur_catta,MAMMALIA,1,172,28828.0652023107
rank,2,2,9.45013491751602,Lepidopygia nana,Lepidopygia_nana,AVES,0.998176363106179,37,145943.800629142
rank,2,2,9.45013491751602,Lepilemur ankaranensis,Lepilemur_ankaranensis,MAMMALIA,0.942459903341428,13,361.823311685567
rank,2,2,9.45013491751602,Lepilemur edwardsi,Lepilemur_edwardsi,MAMMALIA,1,56,10363.7149990052
rank,2,2,9.45013491751602,Lepilemur leucopus,Lepilemur_leucopus,MAMMALIA,1,82,22553.1301788166
rank,2,2,9.45013491751602,Lepilemur microdon,Lepilemur_microdon,MAMMALIA,0.999999999997001,34,4773.54297635564
rank,2,2,9.45013491751602,Lepilemur mustelinus,Lepilemur_mustelinus,MAMMALIA,1,243,89454.5324798599
rank,2,2,9.45013491751602,Lepilemur ruficaudatus,Lepilemur_ruficaudatus,MAMMALIA,1,182,19221.2429256109
rank,2,2,9.45013491751602,Leptopterus chabert,Leptopterus_chabert,AVES,0.999994332244313,11,126806.186434314
rank,2,2,9.45013491751602,Lophotibis cristata,Lophotibis_cristata,AVES,0.999835856222718,2,81427.3475014376
rank,2,2,9.45013491751602,Macrotarsomys bastardi,Macrotarsomys_bastardi,MAMMALIA,1,277,8155.32697095466
rank,2,2,9.45013491751602,Margaroperdix madagarensis,Margaroperdix_madagarensis,AVES,0.999977385420683,2,105372.748463459
rank,2,2,9.45013491751602,Mentocrex kioloides,Mentocrex_kioloides,AVES,0.997745372885209,1,33668.9000041857
rank,2,2,9.45013491751602,Mesitornis unicolor,Mesitornis_unicolor,AVES,0,1,89.8278131379858
rank,2,2,9.45013491751602,Mesitornis variegatus,Mesitornis_variegatus,AVES,0.998762356946553,5,2869.24937690049
rank,2,2,9.45013491751602,Microcebus berthae,Microcebus_berthae,MAMMALIA,1.52725555535582e-08,2,17.7781751081347
rank,2,2,9.45013491751602,Microcebus griseorufus,Microcebus_griseorufus,MAMMALIA,0.995769019106108,14,501.433658043884
rank,2,2,9.45013491751602,Microcebus murinus,Microcebus_murinus,MAMMALIA,1,1636,95022.1694331989
rank,2,2,9.45013491751602,Microcebus myoxinus,Microcebus_myoxinus,MAMMALIA,0.999999992654343,102,1124.39007911777
rank,2,2,9.45013491751602,Microcebus ravelobensis,Microcebus_ravelobensis,MAMMALIA,0.778620368188765,15,246.875988043973
rank,2,2,9.45013491751602,Microcebus rufus,Microcebus_rufus,MAMMALIA,1,1323,70024.4207238074
rank,2,2,9.45013491751602,Microcebus tavaratra,Microcebus_tavaratra,MAMMALIA,0.99348955741329,45,767.433245509863
rank,2,2,9.45013491751602,Microgale brevicaudata,Microgale_brevicaudata,MAMMALIA,1,899,32538.4482943863
rank,2,2,9.45013491751602,Microgale cowani,Microgale_cowani,MAMMALIA,1,572,58580.0910722017
rank,2,2,9.45013491751602,Microgale drouhardi,Microgale_drouhardi,MAMMALIA,1,318,26763.0110322682
rank,2,2,9.45013491751602,Microgale dryas,Microgale_dryas,MAMMALIA,0.897201399235259,47,1369.92029440585
rank,2,2,9.45013491751602,Microgale fotsifotsy,Microgale_fotsifotsy,MAMMALIA,1,406,31282.5520477905
rank,2,2,9.45013491751602,Microgale gracilis,Microgale_gracilis,MAMMALIA,0.999999999998795,118,9616.30546971204
rank,2,2,9.45013491751602,Microgale gymnorhyncha,Microgale_gymnorhyncha,MAMMALIA,1,131,19647.1566155426
rank,2,2,9.45013491751602,Microgale longicaudata,Microgale_longicaudata,MAMMALIA,1,1076,61814.1462873593
rank,2,2,9.45013491751602,Microgale mergulus,Microgale_mergulus,MAMMALIA,0.999999999999896,71,5562.61775285862
rank,2,2,9.45013491751602,Microgale parvula,Microgale_parvula,MAMMALIA,0.999999999999959,1266,63355.6797922877
rank,2,2,9.45013491751602,Microgale principula,Microgale_principula,MAMMALIA,1,616,50606.9028144106
rank,2,2,9.45013491751602,Microgale pusilla,Microgale_pusilla,MAMMALIA,0.999999999978931,415,19934.6384756789
rank,2,2,9.45013491751602,Microgale soricoides,Microgale_soricoides,MAMMALIA,1,143,27525.3521029544
rank,2,2,9.45013491751602,Microgale taiva,Microgale_taiva,MAMMALIA,1,310,40786.2757701352
rank,2,2,9.45013491751602,Microgale thomasi,Microgale_thomasi,MAMMALIA,1,129,24416.4064041078
rank,2,2,9.45013491751602,Mirza coquereli,Mirza_coquereli,MAMMALIA,0.999997589067307,53,2653.0007427779
rank,2,2,9.45013491751602,Monias benschi,Monias_benschi,AVES,0,1,82.9420458882274
rank,2,2,9.45013491751602,Monticola erythronotus,Monticola_erythronotus,AVES,0.505764981643065,1,97.4973036619822
rank,2,2,9.45013491751602,Monticola sharpei,Monticola_sharpei,AVES,1,21,102922.257438853
rank,2,2,9.45013491751602,Monticolomys koopmani,Monticolomys_koopmani,MAMMALIA,0.132627251095215,6,104.060766987503
rank,2,2,9.45013491751602,Motacilla flaviventris,Motacilla_flaviventris,AVES,1,23,20547.395573401
rank,2,2,9.45013491751602,Mystacornis crossleyi,Mystacornis_crossleyi,AVES,0.999999999999961,10,47211.0183512744
rank,2,2,9.45013491751602,Neodrepanis coruscans,Neodrepanis_coruscans,AVES,0.99999845514974,15,29636.8060822453
rank,2,2,9.45013491751602,Neodrepanis hypoxantha,Neodrepanis_hypoxantha,AVES,0.0211788111247608,3,88.4296057149768
rank,2,2,9.45013491751602,Neomixis striatigula,Neomixis_striatigula,AVES,0.999999999999396,22,57534.7713245676
rank,2,2,9.45013491751602,Neomixis tenella,Neomixis_tenella,AVES,1,50,94817.3782044277
rank,2,2,9.45013491751602,Neomixis viridis,Neomixis_viridis,AVES,0.999999999994224,27,52729.4811140351
rank,2,2,9.45013491751602,Nesillas lantzii,Nesillas_lantzii,AVES,0.999983000083502,3,2703.9328436479
rank,2,2,9.45013491751602,Nesogale dobsoni,Nesogale_dobsoni,MAMMALIA,1,385,67157.6471761951
rank,2,2,9.45013491751602,Nesogale talazaci,Nesogale_talazaci,MAMMALIA,1,210,63763.2706818059
rank,2,2,9.45013491751602,Nesomys audeberti,Nesomys_audeberti,MAMMALIA,1,111,4404.70734705302
rank,2,2,9.45013491751602,Nesomys lambertoni,Nesomys_lambertoni,MAMMALIA,0.999983982375401,29,958.575495295227
rank,2,2,9.45013491751602,Nesomys rufus,Nesomys_rufus,MAMMALIA,1,230,46487.1251012146
rank,2,2,9.45013491751602,Newtonia amphichroa,Newtonia_amphichroa,AVES,1,15,42005.5542411959
rank,2,2,9.45013491751602,Newtonia archboldi,Newtonia_archboldi,AVES,0.999743205924592,10,2057.60292387809
rank,2,2,9.45013491751602,Newtonia brunneicauda,Newtonia_brunneicauda,AVES,0.999999999878778,26,122090.58906427
rank,2,2,9.45013491751602,Newtonia fanovanae,Newtonia_fanovanae,AVES,0.353055283448657,2,98.2207024819943
rank,2,2,9.45013491751602,Oriolia bernieri,Oriolia_bernieri,AVES,0.999997529517201,13,14262.3456658348
rank,2,2,9.45013491751602,Oryzorictes hova,Oryzorictes_hova,MAMMALIA,1,279,64313.5330922678
rank,2,2,9.45013491751602,Oryzorictes tetradactylus,Oryzorictes_tetradactylus,MAMMALIA,1,155,10717.5339834051
rank,2,2,9.45013491751602,Otus rutilus,Otus_rutilus,AVES,0.999999865117656,4,106091.282622501
rank,2,2,9.45013491751602,Oxylabes madagascariensis,Oxylabes_madagascariensis,AVES,0.999999999999996,14,52516.0637758076
rank,2,2,9.45013491751602,Phaner electromontis,Phaner_electromontis,MAMMALIA,1.1181189119025e-07,1,17.4337788633315
rank,2,2,9.45013491751602,Phaner furcifer,Phaner_furcifer,MAMMALIA,0.887905466959644,58,892.662774423171
rank,2,2,9.45013491751602,Phaner pallescens,Phaner_pallescens,MAMMALIA,0.999999999997009,57,3504.14815962315
rank,2,2,9.45013491751602,Phaner parienti,Phaner_parienti,MAMMALIA,0.00280017666108967,1,24.4501852478648
rank,2,2,9.45013491751602,Philepitta castanea,Philepitta_castanea,AVES,0.983740127338304,4,38261.3062377721
rank,2,2,9.45013491751602,Philepitta schlegeli,Philepitta_schlegeli,AVES,0.988278027030843,14,4281.37986122647
rank,2,2,9.45013491751602,Ploceus nelicourvi,Ploceus_nelicourvi,AVES,0.999999996478151,11,61234.5692125633
rank,2,2,9.45013491751602,Ploceus sakalava,Ploceus_sakalava,AVES,0.999999973926599,18,43635.1145918071
rank,2,2,9.45013491751602,Polyboroides radiatus,Polyboroides_radiatus,AVES,0.998713047122902,1,117185.296866806
rank,2,2,9.45013491751602,Pseudobias wardi,Pseudobias_wardi,AVES,0.999999999999994,19,41717.4537418112
rank,2,2,9.45013491751602,Pterocles personatus,Pterocles_personatus,AVES,0.940123497880854,5,7087.00341547594
rank,2,2,9.45013491751602,Rallus madagascariensis,Rallus_madagascariensis,AVES,0.999999431971117,5,14553.5629941739
rank,2,2,9.45013491751602,Randia pseudozosterops,Randia_pseudozosterops,AVES,0.999998912046203,6,46460.1798942122
rank,2,2,9.45013491751602,Sarothrura insularis,Sarothrura_insularis,AVES,0.999957842068505,7,73703.126924336
rank,2,2,9.45013491751602,Schetba rufa,Schetba_rufa,AVES,1,20,29985.5573220253
rank,2,2,9.45013491751602,Setifer setosus,Setifer_setosus,MAMMALIA,1,196,117834.809146494
rank,2,2,9.45013491751602,Tenrec ecaudatus,Tenrec_ecaudatus,MAMMALIA,1,66,124596.753288493
rank,2,2,9.45013491751602,Thamnornis chloropetoides,Thamnornis_chloropetoides,AVES,0.999977507869225,5,3407.17432130128
rank,2,2,9.45013491751602,Treron australis,Treron_australis,AVES,0.996779772997687,1,115399.321137436
rank,2,2,9.45013491751602,Turnix nigricollis,Turnix_nigricollis,AVES,0.999943535419438,2,129396.30790478
rank,2,2,9.45013491751602,Tylas eduardi,Tylas_eduardi,AVES,0.999999985591152,6,59098.8003467545
rank,2,2,9.45013491751602,Vanga curvirostris,Vanga_curvirostris,AVES,0.999941589584126,7,127214.528554208
rank,2,2,9.45013491751602,Varecia rubra,Varecia_rubra,MAMMALIA,1,45,73555.7954297786
rank,2,2,9.45013491751602,Varecia variegata,Varecia_variegata,MAMMALIA,0.999999999999998,41,72676.6703226223
rank,2,2,9.45013491751602,Xanthomixis apperti,Xanthomixis_apperti,AVES,0.441311210122258,1,68.4073899760842
rank,2,2,9.45013491751602,Xanthomixis cinereiceps,Xanthomixis_cinereiceps,AVES,1,21,17538.7244135588
rank,2,2,9.45013491751602,Xanthomixis zosterops,Xanthomixis_zosterops,AVES,0.999999999992993,17,62287.137201041
rank,2,2,9.45013491751602,Xenopirostris damii,Xenopirostris_damii,AVES,0.00179910766481406,1,93.5023440420628
rank,2,2,9.45013491751602,Xenopirostris polleni,Xenopirostris_polleni,AVES,0.999999970589095,10,17756.9551348298
rank,2,2,9.45013491751602,Xenopirostris xenopirostris,Xenopirostris_xenopirostris,AVES,0.96505807541122,1,1102.55740338564
rank,3,3,14.1409219785651,Accipiter henstii,Accipiter_henstii,AVES,0.750103305774807,1,74971.6252188799
rank,3,3,14.1409219785651,Accipiter madagascariensis,Accipiter_madagascariensis,AVES,0.923111244348691,1,94342.4243407473
rank,3,3,14.1409219785651,Acrocephalus newtoni,Acrocephalus_newtoni,AVES,0.999999999999274,19,108692.395863597
rank,3,3,14.1409219785651,Alectroenas madagascariensis,Alectroenas_madagascariensis,AVES,0.997920419314555,6,64183.6729837261
rank,3,3,14.1409219785651,Allocebus trichotis,Allocebus_trichotis,MAMMALIA,0.00783473494650444,3,72.1001097112894
rank,3,3,14.1409219785651,Anas bernieri,Anas_bernieri,AVES,0,1,161.555721102021
rank,3,3,14.1409219785651,Apus balstoni,Apus_balstoni,AVES,0.999999792196251,5,88344.2511445872
rank,3,3,14.1409219785651,Artamella viridis,Artamella_viridis,AVES,0.999988165920719,9,104656.554640529
rank,3,3,14.1409219785651,Asio madagascariensis,Asio_madagascariensis,AVES,0.873898986732691,2,67201.9129106553
rank,3,3,14.1409219785651,Atelornis crossleyi,Atelornis_crossleyi,AVES,0.999998758967357,7,11572.6222161697
rank,3,3,14.1409219785651,Atelornis pittoides,Atelornis_pittoides,AVES,0.999725449695776,3,40851.0863292143
rank,3,3,14.1409219785651,Athene superciliaris,Athene_superciliaris,AVES,0.999557193831664,1,70644.7818903402
rank,3,3,14.1409219785651,Avahi laniger,Avahi_laniger,MAMMALIA,1,100,37356.0942721994
rank,3,3,14.1409219785651,Avahi occidentalis,Avahi_occidentalis,MAMMALIA,0.996177513156648,4,630.900925964117
rank,3,3,14.1409219785651,Aviceda madagascariensis,Aviceda_madagascariensis,AVES,0.974284895405596,1,96771.7471712828
rank,3,3,14.1409219785651,Bernieria madagascariensis,Bernieria_madagascariensis,AVES,0.999999943457567,18,90646.1197228003
rank,3,3,14.1409219785651,Brachypteracias leptosomus,Brachypteracias_leptosomus,AVES,0.999756642103219,1,35790.3291974813
rank,3,3,14.1409219785651,Brachytarsomys albicauda,Brachytarsomys_albicauda,MAMMALIA,0.999999991596676,50,1815.17485363856
rank,3,3,14.1409219785651,Brachyuromys betsileoensis,Brachyuromys_betsileoensis,MAMMALIA,1,117,14393.3535949588
rank,3,3,14.1409219785651,Brachyuromys ramirohitra,Brachyuromys_ramirohitra,MAMMALIA,0.65541484639138,2,90.5857082977891
rank,3,3,14.1409219785651,Bradypterus brunneus,Bradypterus_brunneus,AVES,1,38,12772.3634521564
rank,3,3,14.1409219785651,Bradypterus seebohmi,Bradypterus_seebohmi,AVES,0.452718231585579,1,71.7493425011635
rank,3,3,14.1409219785651,Buteo brachypterus,Buteo_brachypterus,AVES,0.857614465598008,1,103319.871217899
rank,3,3,14.1409219785651,Calicalicus madagascariensis,Calicalicus_madagascariensis,AVES,0.999999999999999,24,91198.4401360436
rank,3,3,14.1409219785651,Cheirogaleus crossleyi,Cheirogaleus_crossleyi,MAMMALIA,1,92,5731.87398069368
rank,3,3,14.1409219785651,Cheirogaleus major,Cheirogaleus_major,MAMMALIA,1,272,68407.2875211835
rank,3,3,14.1409219785651,Cheirogaleus medius,Cheirogaleus_medius,MAMMALIA,1,1331,55883.4745118761
rank,3,3,14.1409219785651,Cinnyris notatus,Cinnyris_notatus,AVES,0.999999999908183,31,102394.909441019
rank,3,3,14.1409219785651,Copsychus albospecularis,Copsychus_albospecularis,AVES,0.99999510459302,5,57317.2905319991
rank,3,3,14.1409219785651,Coracopsis nigra,Coracopsis_nigra,AVES,0.995626386290572,3,104196.095895955
rank,3,3,14.1409219785651,Corythornis madagascariensis,Corythornis_madagascariensis,AVES,0.890071885076483,6,84492.867228596
rank,3,3,14.1409219785651,Coua caerulea,Coua_caerulea,AVES,0.999792464529762,6,41912.8644340709
rank,3,3,14.1409219785651,Coua coquereli,Coua_coquereli,AVES,0.999922842302851,1,28582.4566404522
rank,3,3,14.1409219785651,Coua cristata,Coua_cristata,AVES,0.99999769737942,5,77073.3793512657
rank,3,3,14.1409219785651,Coua cursor,Coua_cursor,AVES,0.999730982957735,1,18335.9341884106
rank,3,3,14.1409219785651,Coua gigas,Coua_gigas,AVES,0.999861460946996,1,29961.8604386747
rank,3,3,14.1409219785651,Coua reynaudii,Coua_reynaudii,AVES,0.999881759657361,4,36129.2717007101
rank,3,3,14.1409219785651,Coua ruficeps,Coua_ruficeps,AVES,0.959346120072314,3,1327.46846918499
rank,3,3,14.1409219785651,Coua serriana,Coua_serriana,AVES,0.991177894915813,1,31405.8368139363
rank,3,3,14.1409219785651,Crossleyia xanthophrys,Crossleyia_xanthophrys,AVES,1,45,4117.99735637009
rank,3,3,14.1409219785651,Cryptoprocta ferox,Cryptoprocta_ferox,MAMMALIA,0.0665048740494063,3,31847.9358273552
rank,3,3,14.1409219785651,Cryptosylvicola randrianasoloi,Cryptosylvicola_randrianasoloi,AVES,1,39,5909.73896991462
rank,3,3,14.1409219785651,Cyanolanius madagascarinus,Cyanolanius_madagascarinus,AVES,0.999999997289385,14,98796.511945333
rank,3,3,14.1409219785651,Daubentonia madagascariensis,Daubentonia_madagascariensis,MAMMALIA,1,70,35130.5945134014
rank,3,3,14.1409219785651,Echinops telfairi,Echinops_telfairi,MAMMALIA,1,447,55003.3308955506
rank,3,3,14.1409219785651,Eliurus antsingy,Eliurus_antsingy,MAMMALIA,0.0133748649300235,5,69.4813072830439
rank,3,3,14.1409219785651,Eliurus grandidieri,Eliurus_grandidieri,MAMMALIA,0.999641415738649,27,917.641006159482
rank,3,3,14.1409219785651,Eliurus majori,Eliurus_majori,MAMMALIA,1,305,43734.2092405632
rank,3,3,14.1409219785651,Eliurus minor,Eliurus_minor,MAMMALIA,1,1531,70390.2205712015
rank,3,3,14.1409219785651,Eliurus myoxinus,Eliurus_myoxinus,MAMMALIA,1,1202,82192.3869576901
rank,3,3,14.1409219785651,Eliurus tanala,Eliurus_tanala,MAMMALIA,1,406,47731.1359712929
rank,3,3,14.1409219785651,Eliurus webbi,Eliurus_webbi,MAMMALIA,1,522,61053.3575310856
rank,3,3,14.1409219785651,Eremopterix hova,Eremopterix_hova,AVES,0.999999862347248,22,4111.79749785364
rank,3,3,14.1409219785651,Eulemur albifrons,Eulemur_albifrons,MAMMALIA,1,44,21033.6387743737
rank,3,3,14.1409219785651,Eulemur cinereiceps,Eulemur_cinereiceps,MAMMALIA,1,164,93824.9771057259
rank,3,3,14.1409219785651,Eulemur collaris,Eulemur_collaris,MAMMALIA,1,133,92555.9802600735
rank,3,3,14.1409219785651,Eulemur coronatus,Eulemur_coronatus,MAMMALIA,1,190,28139.2461442739
rank,3,3,14.1409219785651,Eulemur flavifrons,Eulemur_flavifrons,MAMMALIA,0.000213248908682684,1,25.074716512655
rank,3,3,14.1409219785651,Eulemur fulvus,Eulemur_fulvus,MAMMALIA,1,135,94117.0312743681
rank,3,3,14.1409219785651,Eulemur macaco,Eulemur_macaco,MAMMALIA,1,50,38570.421775938
rank,3,3,14.1409219785651,Eulemur mongoz,Eulemur_mongoz,MAMMALIA,0.99999995289805,33,2266.66703993082
rank,3,3,14.1409219785651,Eulemur rubriventer,Eulemur_rubriventer,MAMMALIA,1,230,79655.0271205932
rank,3,3,14.1409219785651,Eulemur rufus,Eulemur_rufus,MAMMALIA,1,187,49406.0268027801
rank,3,3,14.1409219785651,Eulemur sanfordi,Eulemur_sanfordi,MAMMALIA,1,188,94113.3597535716
rank,3,3,14.1409219785651,Euryceros prevostii,Euryceros_prevostii,AVES,0.999000955070916,3,2839.0629478842
rank,3,3,14.1409219785651,Falco zoniventris,Falco_zoniventris,AVES,0.927874298179986,1,68265.7794528976
rank,3,3,14.1409219785651,Falculea palliata,Falculea_palliata,AVES,0.999999999997535,7,29917.2987342179
rank,3,3,14.1409219785651,Fossa fossana,Fossa_fossana,MAMMALIA,0.971927999892106,2,45734.8951756656
rank,3,3,14.1409219785651,Foudia madagascariensis,Foudia_madagascariensis,AVES,0.999996478899053,18,133247.566219702
rank,3,3,14.1409219785651,Foudia omissa,Foudia_omissa,AVES,0.999999999971691,18,48990.9162068293
rank,3,3,14.1409219785651,Gactornis enarratus,Gactornis_enarratus,AVES,0.999999030467509,5,47206.832469143
rank,3,3,14.1409219785651,Galidia elegans,Galidia_elegans,MAMMALIA,0.965368872709792,5,46632.4478841744
rank,3,3,14.1409219785651,Galidictis fasciata,Galidictis_fasciata,MAMMALIA,0,3,4247.07071315497
rank,3,3,14.1409219785651,Geobiastes squamiger,Geobiastes_squamiger,AVES,0.999652519491625,4,10926.8523845822
rank,3,3,14.1409219785651,Geogale aurita,Geogale_aurita,MAMMALIA,1,782,31541.6290609911
rank,3,3,14.1409219785651,Gymnuromys roberti,Gymnuromys_roberti,MAMMALIA,1,172,26603.2793134592
rank,3,3,14.1409219785651,Haliaeetus vociferoides,Haliaeetus_vociferoides,AVES,0.0115773784314965,1,5133.49427342415
rank,3,3,14.1409219785651,Hapalemur alaotrensis,Hapalemur_alaotrensis,MAMMALIA,1,141,11439.9057848001
rank,3,3,14.1409219785651,Hapalemur aureus,Hapalemur_aureus,MAMMALIA,0.999999995692329,24,1820.55619611591
rank,3,3,14.1409219785651,Hapalemur griseus,Hapalemur_griseus,MAMMALIA,1,188,89466.8693669162
rank,3,3,14.1409219785651,Hapalemur occidentalis,Hapalemur_occidentalis,MAMMALIA,0.999995100328248,28,1026.71440970898
rank,3,3,14.1409219785651,Hartertula flavoviridis,Hartertula_flavoviridis,AVES,1,45,8110.84596121311
rank,3,3,14.1409219785651,Hartlaubius auratus,Hartlaubius_auratus,AVES,0.999951288407577,12,92092.0871137403
rank,3,3,14.1409219785651,Hemicentetes nigriceps,Hemicentetes_nigriceps,MAMMALIA,0.999953127257988,35,2052.96238155258
rank,3,3,14.1409219785651,Hemicentetes semispinosus,Hemicentetes_semispinosus,MAMMALIA,1,112,69334.1324074417
rank,3,3,14.1409219785651,Hypogeomys antimena,Hypogeomys_antimena,MAMMALIA,0.133821965840603,5,104.686912983656
rank,3,3,14.1409219785651,Hypositta corallirostris,Hypositta_corallirostris,AVES,0.999977543665901,10,59778.8214393631
rank,3,3,14.1409219785651,Indri indri,Indri_indri,MAMMALIA,0.999999989337293,19,61518.7757296264
rank,3,3,14.1409219785651,Lemur catta,Lemur_catta,MAMMALIA,1,198,27603.8274474144
rank,3,3,14.1409219785651,Lepidopygia nana,Lepidopygia_nana,AVES,0.998663486012542,36,138325.180552944
rank,3,3,14.1409219785651,Lepilemur ankaranensis,Lepilemur_ankaranensis,MAMMALIA,0.942459903341428,13,361.823311685567
rank,3,3,14.1409219785651,Lepilemur edwardsi,Lepilemur_edwardsi,MAMMALIA,1,56,10363.7149990052
rank,3,3,14.1409219785651,Lepilemur leucopus,Lepilemur_leucopus,MAMMALIA,1,82,22553.1301788166
rank,3,3,14.1409219785651,Lepilemur microdon,Lepilemur_microdon,MAMMALIA,0.999999999997001,34,4773.54297635564
rank,3,3,14.1409219785651,Lepilemur mustelinus,Lepilemur_mustelinus,MAMMALIA,1,264,85994.8942744732
rank,3,3,14.1409219785651,Lepilemur ruficaudatus,Lepilemur_ruficaudatus,MAMMALIA,1,182,19221.2429256109
rank,3,3,14.1409219785651,Leptopterus chabert,Leptopterus_chabert,AVES,0.999987892175109,11,120397.321864627
rank,3,3,14.1409219785651,Lophotibis cristata,Lophotibis_cristata,AVES,0.999818220299949,2,78011.5455648045
rank,3,3,14.1409219785651,Macrotarsomys bastardi,Macrotarsomys_bastardi,MAMMALIA,1,277,8155.32697095466
rank,3,3,14.1409219785651,Margaroperdix madagarensis,Margaroperdix_madagarensis,AVES,0.99997599693923,1,101555.818843178
rank,3,3,14.1409219785651,Mentocrex kioloides,Mentocrex_kioloides,AVES,0.997632833366708,1,32574.6552356035
rank,3,3,14.1409219785651,Mesitornis unicolor,Mesitornis_unicolor,AVES,0,1,89.8278131379858
rank,3,3,14.1409219785651,Mesitornis variegatus,Mesitornis_variegatus,AVES,0.998762356946553,5,2869.24937690049
rank,3,3,14.1409219785651,Microcebus berthae,Microcebus_berthae,MAMMALIA,1.52725555535582e-08,2,17.7781751081347
rank,3,3,14.1409219785651,Microcebus griseorufus,Microcebus_griseorufus,MAMMALIA,0.995769019106108,14,501.433658043884
rank,3,3,14.1409219785651,Microcebus murinus,Microcebus_murinus,MAMMALIA,1,1568,88835.4051717222
rank,3,3,14.1409219785651,Microcebus myoxinus,Microcebus_myoxinus,MAMMALIA,0.999999992654343,102,1124.39007911777
rank,3,3,14.1409219785651,Microcebus ravelobensis,Microcebus_ravelobensis,MAMMALIA,0.778620368188765,15,246.875988043973
rank,3,3,14.1409219785651,Microcebus rufus,Microcebus_rufus,MAMMALIA,1,1311,68519.6091912636
rank,3,3,14.1409219785651,Microcebus tavaratra,Microcebus_tavaratra,MAMMALIA,0.99348955741329,45,767.433245509863
rank,3,3,14.1409219785651,Microgale brevicaudata,Microgale_brevicaudata,MAMMALIA,1,855,30283.0155789331
rank,3,3,14.1409219785651,Microgale cowani,Microgale_cowani,MAMMALIA,1,569,57565.281835556
rank,3,3,14.1409219785651,Microgale drouhardi,Microgale_drouhardi,MAMMALIA,1,318,26763.0110322682
rank,3,3,14.1409219785651,Microgale dryas,Microgale_dryas,MAMMALIA,0.897201399235259,47,1369.92029440585
rank,3,3,14.1409219785651,Microgale fotsifotsy,Microgale_fotsifotsy,MAMMALIA,1,395,30782.6394169917
rank,3,3,14.1409219785651,Microgale gracilis,Microgale_gracilis,MAMMALIA,0.999999999998795,118,9616.30546971204
rank,3,3,14.1409219785651,Microgale gymnorhyncha,Microgale_gymnorhyncha,MAMMALIA,1,131,19647.1566155426
rank,3,3,14.1409219785651,Microgale longicaudata,Microgale_longicaudata,MAMMALIA,1,1037,60243.6283310279
rank,3,3,14.1409219785651,Microgale mergulus,Microgale_mergulus,MAMMALIA,0.999999999999896,71,5562.61775285862
rank,3,3,14.1409219785651,Microgale parvula,Microgale_parvula,MAMMALIA,0.999999999999969,1236,62091.4253029754
rank,3,3,14.1409219785651,Microgale principula,Microgale_principula,MAMMALIA,1,617,49785.9947164729
rank,3,3,14.1409219785651,Microgale pusilla,Microgale_pusilla,MAMMALIA,0.999999999978931,415,19934.6384756789
rank,3,3,14.1409219785651,Microgale soricoides,Microgale_soricoides,MAMMALIA,1,143,27525.3521029544
rank,3,3,14.1409219785651,Microgale taiva,Microgale_taiva,MAMMALIA,1,311,40511.7932923138
rank,3,3,14.1409219785651,Microgale thomasi,Microgale_thomasi,MAMMALIA,1,129,24416.4064041078
rank,3,3,14.1409219785651,Mirza coquereli,Mirza_coquereli,MAMMALIA,0.999997589067307,53,2653.0007427779
rank,3,3,14.1409219785651,Monias benschi,Monias_benschi,AVES,0,1,82.9420458882274
rank,3,3,14.1409219785651,Monticola erythronotus,Monticola_erythronotus,AVES,0.505764981643065,1,97.4973036619822
rank,3,3,14.1409219785651,Monticola sharpei,Monticola_sharpei,AVES,0.999999999999994,21,98447.1822658852
rank,3,3,14.1409219785651,Monticolomys koopmani,Monticolomys_koopmani,MAMMALIA,0.132627251095215,6,104.060766987503
rank,3,3,14.1409219785651,Motacilla flaviventris,Motacilla_flaviventris,AVES,1,23,20547.395573401
rank,3,3,14.1409219785651,Mystacornis crossleyi,Mystacornis_crossleyi,AVES,0.999999999999991,12,45923.464302648
rank,3,3,14.1409219785651,Neodrepanis coruscans,Neodrepanis_coruscans,AVES,0.999998787696746,16,28618.7469777819
rank,3,3,14.1409219785651,Neodrepanis hypoxantha,Neodrepanis_hypoxantha,AVES,0.0211788111247608,3,88.4296057149768
rank,3,3,14.1409219785651,Neomixis striatigula,Neomixis_striatigula,AVES,0.999999999999399,27,55800.4794703296
rank,3,3,14.1409219785651,Neomixis tenella,Neomixis_tenella,AVES,1,60,90601.7227663249
rank,3,3,14.1409219785651,Neomixis viridis,Neomixis_viridis,AVES,0.999999999982976,25,51335.7243323628
rank,3,3,14.1409219785651,Nesillas lantzii,Nesillas_lantzii,AVES,0.999983000083502,3,2703.9328436479
rank,3,3,14.1409219785651,Nesogale dobsoni,Nesogale_dobsoni,MAMMALIA,1,383,65719.4920113652
rank,3,3,14.1409219785651,Nesogale talazaci,Nesogale_talazaci,MAMMALIA,1,216,62234.9775039479
rank,3,3,14.1409219785651,Nesomys audeberti,Nesomys_audeberti,MAMMALIA,1,111,4404.70734705302
rank,3,3,14.1409219785651,Nesomys lambertoni,Nesomys_lambertoni,MAMMALIA,0.999983982375401,29,958.575495295227
rank,3,3,14.1409219785651,Nesomys rufus,Nesomys_rufus,MAMMALIA,1,236,45445.6830335697
rank,3,3,14.1409219785651,Newtonia amphichroa,Newtonia_amphichroa,AVES,1,15,40915.4400914913
rank,3,3,14.1409219785651,Newtonia archboldi,Newtonia_archboldi,AVES,0.999743205924592,10,2057.60292387809
rank,3,3,14.1409219785651,Newtonia brunneicauda,Newtonia_brunneicauda,AVES,0.999999999999652,30,114980.027387217
rank,3,3,14.1409219785651,Newtonia fanovanae,Newtonia_fanovanae,AVES,0.353055283448657,2,98.2207024819943
rank,3,3,14.1409219785651,Oriolia bernieri,Oriolia_bernieri,AVES,0.999997529517201,13,14262.3456658348
rank,3,3,14.1409219785651,Oryzorictes hova,Oryzorictes_hova,MAMMALIA,1,281,62919.9977175742
rank,3,3,14.1409219785651,Oryzorictes tetradactylus,Oryzorictes_tetradactylus,MAMMALIA,1,155,10717.5339834051
rank,3,3,14.1409219785651,Otus rutilus,Otus_rutilus,AVES,0.999999827181959,4,100692.837538213
rank,3,3,14.1409219785651,Oxylabes madagascariensis,Oxylabes_madagascariensis,AVES,1,15,51017.2797512934
rank,3,3,14.1409219785651,Phaner electromontis,Phaner_electromontis,MAMMALIA,1.1181189119025e-07,1,17.4337788633315
rank,3,3,14.1409219785651,Phaner furcifer,Phaner_furcifer,MAMMALIA,0.887905466959644,58,892.662774423171
rank,3,3,14.1409219785651,Phaner pallescens,Phaner_pallescens,MAMMALIA,0.999999999997009,57,3504.14815962315
rank,3,3,14.1409219785651,Phaner parienti,Phaner_parienti,MAMMALIA,0.00280017666108967,1,24.4501852478648
rank,3,3,14.1409219785651,Philepitta castanea,Philepitta_castanea,AVES,0.983533649072164,4,37682.7321452424
rank,3,3,14.1409219785651,Philepitta schlegeli,Philepitta_schlegeli,AVES,0.988278027030843,14,4281.37986122647
rank,3,3,14.1409219785651,Ploceus nelicourvi,Ploceus_nelicourvi,AVES,0.99999999379444,10,59402.7720071375
rank,3,3,14.1409219785651,Ploceus sakalava,Ploceus_sakalava,AVES,0.999999933762124,22,41000.874326773
rank,3,3,14.1409219785651,Polyboroides radiatus,Polyboroides_radiatus,AVES,0.998620273343908,1,112384.350321723
rank,3,3,14.1409219785651,Pseudobias wardi,Pseudobias_wardi,AVES,0.999999999999993,19,40544.8188103363
rank,3,3,14.1409219785651,Pterocles personatus,Pterocles_personatus,AVES,0.940123497880854,5,7087.00341547594
rank,3,3,14.1409219785651,Rallus madagascariensis,Rallus_madagascariensis,AVES,0.999999431971117,5,14553.5629941739
rank,3,3,14.1409219785651,Randia pseudozosterops,Randia_pseudozosterops,AVES,0.999998211913154,6,44750.6029850186
rank,3,3,14.1409219785651,Sarothrura insularis,Sarothrura_insularis,AVES,0.999932126401546,6,71747.7861408368
rank,3,3,14.1409219785651,Schetba rufa,Schetba_rufa,AVES,1,25,29068.3424961865
rank,3,3,14.1409219785651,Setifer setosus,Setifer_setosus,MAMMALIA,1,211,111595.158127844
rank,3,3,14.1409219785651,Tenrec ecaudatus,Tenrec_ecaudatus,MAMMALIA,1,86,117770.215083309
rank,3,3,14.1409219785651,Thamnornis chloropetoides,Thamnornis_chloropetoides,AVES,0.999977507869225,5,3407.17432130128
rank,3,3,14.1409219785651,Treron australis,Treron_australis,AVES,0.996605208970718,1,110091.07669729
rank,3,3,14.1409219785651,Turnix nigricollis,Turnix_nigricollis,AVES,0.999939391923536,2,123889.433852926
rank,3,3,14.1409219785651,Tylas eduardi,Tylas_eduardi,AVES,0.999999975079997,6,57383.3881388456
rank,3,3,14.1409219785651,Vanga curvirostris,Vanga_curvirostris,AVES,0.999937345209563,8,120764.620419442
rank,3,3,14.1409219785651,Varecia rubra,Varecia_rubra,MAMMALIA,1,54,71644.3605512906
rank,3,3,14.1409219785651,Varecia variegata,Varecia_variegata,MAMMALIA,0.999999999999998,44,70854.2054741023
rank,3,3,14.1409219785651,Xanthomixis apperti,Xanthomixis_apperti,AVES,0.441311210122258,1,68.4073899760842
rank,3,3,14.1409219785651,Xanthomixis cinereiceps,Xanthomixis_cinereiceps,AVES,1,21,17538.7244135588
rank,3,3,14.1409219785651,Xanthomixis zosterops,Xanthomixis_zosterops,AVES,0.999999999969225,20,60256.0595347956
rank,3,3,14.1409219785651,Xenopirostris damii,Xenopirostris_damii,AVES,0.00179910766481406,1,93.5023440420628
rank,3,3,14.1409219785651,Xenopirostris polleni,Xenopirostris_polleni,AVES,0.999999970589095,10,17756.9551348298
rank,3,3,14.1409219785651,Xenopirostris xenopirostris,Xenopirostris_xenopirostris,AVES,0.96505807541122,1,1102.55740338564
rank,4,4,18.8353199706999,Accipiter henstii,Accipiter_henstii,AVES,0.736214852255725,1,69975.619016854
rank,4,4,18.8353199706999,Accipiter madagascariensis,Accipiter_madagascariensis,AVES,0.918815780821145,1,89351.5371486247
rank,4,4,18.8353199706999,Acrocephalus newtoni,Acrocephalus_newtoni,AVES,0.999999999999237,25,101124.758452319
rank,4,4,18.8353199706999,Alectroenas madagascariensis,Alectroenas_madagascariensis,AVES,0.997259107573748,6,60351.3978610809
rank,4,4,18.8353199706999,Allocebus trichotis,Allocebus_trichotis,MAMMALIA,0.00783473494650444,3,72.1001097112894
rank,4,4,18.8353199706999,Anas bernieri,Anas_bernieri,AVES,0,1,161.555721102021
rank,4,4,18.8353199706999,Apus balstoni,Apus_balstoni,AVES,0.999999129778835,5,81796.9400990988
rank,4,4,18.8353199706999,Artamella viridis,Artamella_viridis,AVES,0.999999961980043,10,98267.3199483954
rank,4,4,18.8353199706999,Asio madagascariensis,Asio_madagascariensis,AVES,0.869073961885847,2,64215.344247711
rank,4,4,18.8353199706999,Atelornis crossleyi,Atelornis_crossleyi,AVES,0.999998758967357,7,11572.6222161697
rank,4,4,18.8353199706999,Atelornis pittoides,Atelornis_pittoides,AVES,0.999720319689729,3,40371.938178353
rank,4,4,18.8353199706999,Athene superciliaris,Athene_superciliaris,AVES,0.999520660432969,1,67216.8305667192
rank,4,4,18.8353199706999,Avahi laniger,Avahi_laniger,MAMMALIA,1,79,35828.5379156839
rank,4,4,18.8353199706999,Avahi occidentalis,Avahi_occidentalis,MAMMALIA,0.996177513156648,4,630.900925964117
rank,4,4,18.8353199706999,Aviceda madagascariensis,Aviceda_madagascariensis,AVES,0.972439786979831,1,91617.1102464497
rank,4,4,18.8353199706999,Bernieria madagascariensis,Bernieria_madagascariensis,AVES,0.999999924971363,16,83670.3599214305
rank,4,4,18.8353199706999,Brachypteracias leptosomus,Brachypteracias_leptosomus,AVES,0.999752465099568,1,35458.4634386152
rank,4,4,18.8353199706999,Brachytarsomys albicauda,Brachytarsomys_albicauda,MAMMALIA,0.999999991596676,50,1815.17485363856
rank,4,4,18.8353199706999,Brachyuromys betsileoensis,Brachyuromys_betsileoensis,MAMMALIA,1,117,14393.3535949588
rank,4,4,18.8353199706999,Brachyuromys ramirohitra,Brachyuromys_ramirohitra,MAMMALIA,0.65541484639138,2,90.5857082977891
rank,4,4,18.8353199706999,Bradypterus brunneus,Bradypterus_brunneus,AVES,1,38,12772.3634521564
rank,4,4,18.8353199706999,Bradypterus seebohmi,Bradypterus_seebohmi,AVES,0.452718231585579,1,71.7493425011635
rank,4,4,18.8353199706999,Buteo brachypterus,Buteo_brachypterus,AVES,0.850890360109502,1,98026.1038430259
rank,4,4,18.8353199706999,Calicalicus madagascariensis,Calicalicus_madagascariensis,AVES,1,37,83760.4760111045
rank,4,4,18.8353199706999,Cheirogaleus crossleyi,Cheirogaleus_crossleyi,MAMMALIA,1,92,5731.87398069368
rank,4,4,18.8353199706999,Cheirogaleus major,Cheirogaleus_major,MAMMALIA,1,229,64124.4655068889
rank,4,4,18.8353199706999,Cheirogaleus medius,Cheirogaleus_medius,MAMMALIA,1,1072,51696.8041264267
rank,4,4,18.8353199706999,Cinnyris notatus,Cinnyris_notatus,AVES,0.999999999999374,39,94798.4939919951
rank,4,4,18.8353199706999,Copsychus albospecularis,Copsychus_albospecularis,AVES,0.999999637133507,7,55306.018148513
rank,4,4,18.8353199706999,Coracopsis nigra,Coracopsis_nigra,AVES,0.99570050451502,4,97301.0981885179
rank,4,4,18.8353199706999,Corythornis madagascariensis,Corythornis_madagascariensis,AVES,0.882024039880471,6,78263.6366122718
rank,4,4,18.8353199706999,Coua caerulea,Coua_caerulea,AVES,0.999784818644163,5,40870.9616081938
rank,4,4,18.8353199706999,Coua coquereli,Coua_coquereli,AVES,0.999918826379499,1,27851.0350865722
rank,4,4,18.8353199706999,Coua cristata,Coua_cristata,AVES,0.999995214936925,5,72040.2903626934
rank,4,4,18.8353199706999,Coua cursor,Coua_cursor,AVES,0.999730982957735,1,18335.9341884106
rank,4,4,18.8353199706999,Coua gigas,Coua_gigas,AVES,0.999856073897732,1,29423.2560030073
rank,4,4,18.8353199706999,Coua reynaudii,Coua_reynaudii,AVES,0.999858547226112,5,34725.251406014
rank,4,4,18.8353199706999,Coua ruficeps,Coua_ruficeps,AVES,0.959346120072314,3,1327.46846918499
rank,4,4,18.8353199706999,Coua serriana,Coua_serriana,AVES,0.990995307041944,1,30898.8860851014
rank,4,4,18.8353199706999,Crossleyia xanthophrys,Crossleyia_xanthophrys,AVES,1,45,4117.99735637009
rank,4,4,18.8353199706999,Cryptoprocta ferox,Cryptoprocta_ferox,MAMMALIA,0.0519308844180815,3,31152.9278569796
rank,4,4,18.8353199706999,Cryptosylvicola randrianasoloi,Cryptosylvicola_randrianasoloi,AVES,1,39,5909.73896991462
rank,4,4,18.8353199706999,Cyanolanius madagascarinus,Cyanolanius_madagascarinus,AVES,0.999999994676802,18,91295.2102753741
rank,4,4,18.8353199706999,Daubentonia madagascariensis,Daubentonia_madagascariensis,MAMMALIA,1,65,31538.9683984444
rank,4,4,18.8353199706999,Echinops telfairi,Echinops_telfairi,MAMMALIA,1,416,52487.5514970198
rank,4,4,18.8353199706999,Eliurus antsingy,Eliurus_antsingy,MAMMALIA,0.0133748649300235,5,69.4813072830439
rank,4,4,18.8353199706999,Eliurus grandidieri,Eliurus_grandidieri,MAMMALIA,0.999641415738649,27,917.641006159482
rank,4,4,18.8353199706999,Eliurus majori,Eliurus_majori,MAMMALIA,1,268,41136.2937992513
rank,4,4,18.8353199706999,Eliurus minor,Eliurus_minor,MAMMALIA,1,1383,65620.7087282465
rank,4,4,18.8353199706999,Eliurus myoxinus,Eliurus_myoxinus,MAMMALIA,1,1046,75779.7056909651
rank,4,4,18.8353199706999,Eliurus tanala,Eliurus_tanala,MAMMALIA,1,382,46023.3995953128
rank,4,4,18.8353199706999,Eliurus webbi,Eliurus_webbi,MAMMALIA,1,493,58061.113800019
rank,4,4,18.8353199706999,Eremopterix hova,Eremopterix_hova,AVES,0.999999862347248,22,4111.79749785364
rank,4,4,18.8353199706999,Eulemur albifrons,Eulemur_albifrons,MAMMALIA,1,44,21033.6387743737
rank,4,4,18.8353199706999,Eulemur cinereiceps,Eulemur_cinereiceps,MAMMALIA,1,165,86188.7875274017
rank,4,4,18.8353199706999,Eulemur collaris,Eulemur_collaris,MAMMALIA,1,124,85013.896496303
rank,4,4,18.8353199706999,Eulemur coronatus,Eulemur_coronatus,MAMMALIA,1,185,24204.1143090971
rank,4,4,18.8353199706999,Eulemur flavifrons,Eulemur_flavifrons,MAMMALIA,0.000213248908682684,1,25.074716512655
rank,4,4,18.8353199706999,Eulemur fulvus,Eulemur_fulvus,MAMMALIA,1,141,86359.2695932619
rank,4,4,18.8353199706999,Eulemur macaco,Eulemur_macaco,MAMMALIA,1,54,37702.0791537315
rank,4,4,18.8353199706999,Eulemur mongoz,Eulemur_mongoz,MAMMALIA,0.99999995289805,33,2266.66703993082
rank,4,4,18.8353199706999,Eulemur rubriventer,Eulemur_rubriventer,MAMMALIA,1,210,74031.4120188881
rank,4,4,18.8353199706999,Eulemur rufus,Eulemur_rufus,MAMMALIA,1,162,46654.3080778867
rank,4,4,18.8353199706999,Eulemur sanfordi,Eulemur_sanfordi,MAMMALIA,1,186,86423.7455646234
rank,4,4,18.8353199706999,Euryceros prevostii,Euryceros_prevostii,AVES,0.999000955070916,3,2839.0629478842
rank,4,4,18.8353199706999,Falco zoniventris,Falco_zoniventris,AVES,0.925021230217913,1,65664.4491895512
rank,4,4,18.8353199706999,Falculea palliata,Falculea_palliata,AVES,0.999999999995006,8,29488.8587921262
rank,4,4,18.8353199706999,Fossa fossana,Fossa_fossana,MAMMALIA,0.967091918670959,2,44061.1155129299
rank,4,4,18.8353199706999,Foudia madagascariensis,Foudia_madagascariensis,AVES,0.999998819629614,24,125339.159288861
rank,4,4,18.8353199706999,Foudia omissa,Foudia_omissa,AVES,0.99999999999887,22,47276.7388195694
rank,4,4,18.8353199706999,Gactornis enarratus,Gactornis_enarratus,AVES,0.999998321221776,6,45901.8915969208
rank,4,4,18.8353199706999,Galidia elegans,Galidia_elegans,MAMMALIA,0.96059310976169,4,43695.6508504036
rank,4,4,18.8353199706999,Galidictis fasciata,Galidictis_fasciata,MAMMALIA,0,3,4247.07071315497
rank,4,4,18.8353199706999,Geobiastes squamiger,Geobiastes_squamiger,AVES,0.999652519491625,4,10926.8523845822
rank,4,4,18.8353199706999,Geogale aurita,Geogale_aurita,MAMMALIA,1,700,29580.8930109292
rank,4,4,18.8353199706999,Gymnuromys roberti,Gymnuromys_roberti,MAMMALIA,1,153,26045.9501407521
rank,4,4,18.8353199706999,Haliaeetus vociferoides,Haliaeetus_vociferoides,AVES,0.0115773784314965,1,5133.49427342415
rank,4,4,18.8353199706999,Hapalemur alaotrensis,Hapalemur_alaotrensis,MAMMALIA,1,141,11439.9057848001
rank,4,4,18.8353199706999,Hapalemur aureus,Hapalemur_aureus,MAMMALIA,0.999999995692329,24,1820.55619611591
rank,4,4,18.8353199706999,Hapalemur griseus,Hapalemur_griseus,MAMMALIA,1,176,82553.5931909158
rank,4,4,18.8353199706999,Hapalemur occidentalis,Hapalemur_occidentalis,MAMMALIA,0.999995100328248,28,1026.71440970898
rank,4,4,18.8353199706999,Hartertula flavoviridis,Hartertula_flavoviridis,AVES,1,45,8110.84596121311
rank,4,4,18.8353199706999,Hartlaubius auratus,Hartlaubius_auratus,AVES,0.999988171977215,14,84618.6157259929
rank,4,4,18.8353199706999,Hemicentetes nigriceps,Hemicentetes_nigriceps,MAMMALIA,0.999953127257988,35,2052.96238155258
rank,4,4,18.8353199706999,Hemicentetes semispinosus,Hemicentetes_semispinosus,MAMMALIA,1,101,65135.1985517517
rank,4,4,18.8353199706999,Hypogeomys antimena,Hypogeomys_antimena,MAMMALIA,0.133821965840603,5,104.686912983656
rank,4,4,18.8353199706999,Hypositta corallirostris,Hypositta_corallirostris,AVES,0.999946356440136,12,57460.9753861651
rank,4,4,18.8353199706999,Indri indri,Indri_indri,MAMMALIA,0.9999999236019,16,58220.905787997
rank,4,4,18.8353199706999,Lemur catta,Lemur_catta,MAMMALIA,1,180,23894.3627272919
rank,4,4,18.8353199706999,Lepidopygia nana,Lepidopygia_nana,AVES,0.998460339821533,52,129689.13228597
rank,4,4,18.8353199706999,Lepilemur ankaranensis,Lepilemur_ankaranensis,MAMMALIA,0.942459903341428,13,361.823311685567
rank,4,4,18.8353199706999,Lepilemur edwardsi,Lepilemur_edwardsi,MAMMALIA,1,56,10363.7149990052
rank,4,4,18.8353199706999,Lepilemur leucopus,Lepilemur_leucopus,MAMMALIA,1,82,22553.1301788166
rank,4,4,18.8353199706999,Lepilemur microdon,Lepilemur_microdon,MAMMALIA,0.999999999997001,34,4773.54297635564
rank,4,4,18.8353199706999,Lepilemur mustelinus,Lepilemur_mustelinus,MAMMALIA,1,234,80467.3818423674
rank,4,4,18.8353199706999,Lepilemur ruficaudatus,Lepilemur_ruficaudatus,MAMMALIA,1,182,19221.2429256109
rank,4,4,18.8353199706999,Leptopterus chabert,Leptopterus_chabert,AVES,0.999999319223192,14,112625.327089675
rank,4,4,18.8353199706999,Lophotibis cristata,Lophotibis_cristata,AVES,0.999793660613127,2,73011.7276877853
rank,4,4,18.8353199706999,Macrotarsomys bastardi,Macrotarsomys_bastardi,MAMMALIA,1,277,8155.32697095466
rank,4,4,18.8353199706999,Margaroperdix madagarensis,Margaroperdix_madagarensis,AVES,0.999973886596831,1,96431.8859841228
rank,4,4,18.8353199706999,Mentocrex kioloides,Mentocrex_kioloides,AVES,0.997617936416444,1,32436.3350587562
rank,4,4,18.8353199706999,Mesitornis unicolor,Mesitornis_unicolor,AVES,0,1,89.8278131379858
rank,4,4,18.8353199706999,Mesitornis variegatus,Mesitornis_variegatus,AVES,0.998762356946553,5,2869.24937690049
rank,4,4,18.8353199706999,Microcebus berthae,Microcebus_berthae,MAMMALIA,1.52725555535582e-08,2,17.7781751081347
rank,4,4,18.8353199706999,Microcebus griseorufus,Microcebus_griseorufus,MAMMALIA,0.995769019106108,14,501.433658043884
rank,4,4,18.8353199706999,Microcebus murinus,Microcebus_murinus,MAMMALIA,1,1384,82482.0487702415
rank,4,4,18.8353199706999,Microcebus myoxinus,Microcebus_myoxinus,MAMMALIA,0.999999992654343,102,1124.39007911777
rank,4,4,18.8353199706999,Microcebus ravelobensis,Microcebus_ravelobensis,MAMMALIA,0.778620368188765,15,246.875988043973
rank,4,4,18.8353199706999,Microcebus rufus,Microcebus_rufus,MAMMALIA,1,1242,65001.7515568682
rank,4,4,18.8353199706999,Microcebus tavaratra,Microcebus_tavaratra,MAMMALIA,0.99348955741329,45,767.433245509863
rank,4,4,18.8353199706999,Microgale brevicaudata,Microgale_brevicaudata,MAMMALIA,1,738,27821.974267289
rank,4,4,18.8353199706999,Microgale cowani,Microgale_cowani,MAMMALIA,1,524,54138.0382152945
rank,4,4,18.8353199706999,Microgale drouhardi,Microgale_drouhardi,MAMMALIA,1,308,25422.2127570137
rank,4,4,18.8353199706999,Microgale dryas,Microgale_dryas,MAMMALIA,0.897201399235259,47,1369.92029440585
rank,4,4,18.8353199706999,Microgale fotsifotsy,Microgale_fotsifotsy,MAMMALIA,1,379,29439.0058072073
rank,4,4,18.8353199706999,Microgale gracilis,Microgale_gracilis,MAMMALIA,0.999999999998795,118,9616.30546971204
rank,4,4,18.8353199706999,Microgale gymnorhyncha,Microgale_gymnorhyncha,MAMMALIA,1,131,19647.1566155426
rank,4,4,18.8353199706999,Microgale longicaudata,Microgale_longicaudata,MAMMALIA,1,928,55722.4754735455
rank,4,4,18.8353199706999,Microgale mergulus,Microgale_mergulus,MAMMALIA,0.999999999999896,71,5562.61775285862
rank,4,4,18.8353199706999,Microgale parvula,Microgale_parvula,MAMMALIA,0.999999999999551,1134,59157.9292017966
rank,4,4,18.8353199706999,Microgale principula,Microgale_principula,MAMMALIA,1,597,48716.4430676177
rank,4,4,18.8353199706999,Microgale pusilla,Microgale_pusilla,MAMMALIA,0.999999999978931,415,19934.6384756789
rank,4,4,18.8353199706999,Microgale soricoides,Microgale_soricoides,MAMMALIA,1,136,26615.3715594782
rank,4,4,18.8353199706999,Microgale taiva,Microgale_taiva,MAMMALIA,1,301,39826.6859705225
rank,4,4,18.8353199706999,Microgale thomasi,Microgale_thomasi,MAMMALIA,1,126,24358.5741876662
rank,4,4,18.8353199706999,Mirza coquereli,Mirza_coquereli,MAMMALIA,0.999997589067307,53,2653.0007427779
rank,4,4,18.8353199706999,Monias benschi,Monias_benschi,AVES,0,1,82.9420458882274
rank,4,4,18.8353199706999,Monticola erythronotus,Monticola_erythronotus,AVES,0.505764981643065,1,97.4973036619822
rank,4,4,18.8353199706999,Monticola sharpei,Monticola_sharpei,AVES,0.999999999999998,27,91815.7326449305
rank,4,4,18.8353199706999,Monticolomys koopmani,Monticolomys_koopmani,MAMMALIA,0.132627251095215,6,104.060766987503
rank,4,4,18.8353199706999,Motacilla flaviventris,Motacilla_flaviventris,AVES,1,23,20547.395573401
rank,4,4,18.8353199706999,Mystacornis crossleyi,Mystacornis_crossleyi,AVES,0.999999999999695,12,45200.832461983
rank,4,4,18.8353199706999,Neodrepanis coruscans,Neodrepanis_coruscans,AVES,0.999998693282803,16,28442.5698233321
rank,4,4,18.8353199706999,Neodrepanis hypoxantha,Neodrepanis_hypoxantha,AVES,0.0211788111247608,3,88.4296057149768
rank,4,4,18.8353199706999,Neomixis striatigula,Neomixis_striatigula,AVES,0.999999999996213,29,53771.5281494483
rank,4,4,18.8353199706999,Neomixis tenella,Neomixis_tenella,AVES,1,75,85931.6766856387
rank,4,4,18.8353199706999,Neomixis viridis,Neomixis_viridis,AVES,0.999999999854069,24,50147.2799725682
rank,4,4,18.8353199706999,Nesillas lantzii,Nesillas_lantzii,AVES,0.999983000083502,3,2703.9328436479
rank,4,4,18.8353199706999,Nesogale dobsoni,Nesogale_dobsoni,MAMMALIA,1,349,61775.3441770386
rank,4,4,18.8353199706999,Nesogale talazaci,Nesogale_talazaci,MAMMALIA,1,199,59188.1937853769
rank,4,4,18.8353199706999,Nesomys audeberti,Nesomys_audeberti,MAMMALIA,1,111,4404.70734705302
rank,4,4,18.8353199706999,Nesomys lambertoni,Nesomys_lambertoni,MAMMALIA,0.999983982375401,29,958.575495295227
rank,4,4,18.8353199706999,Nesomys rufus,Nesomys_rufus,MAMMALIA,1,238,43623.0610638988
rank,4,4,18.8353199706999,Newtonia amphichroa,Newtonia_amphichroa,AVES,1,16,39882.8513162458
rank,4,4,18.8353199706999,Newtonia archboldi,Newtonia_archboldi,AVES,0.999743205924592,10,2057.60292387809
rank,4,4,18.8353199706999,Newtonia brunneicauda,Newtonia_brunneicauda,AVES,1,49,106855.162794113
rank,4,4,18.8353199706999,Newtonia fanovanae,Newtonia_fanovanae,AVES,0.353055283448657,2,98.2207024819943
rank,4,4,18.8353199706999,Oriolia bernieri,Oriolia_bernieri,AVES,0.999997529517201,13,14262.3456658348
rank,4,4,18.8353199706999,Oryzorictes hova,Oryzorictes_hova,MAMMALIA,1,283,60293.6304996908
rank,4,4,18.8353199706999,Oryzorictes tetradactylus,Oryzorictes_tetradactylus,MAMMALIA,1,155,10717.5339834051
rank,4,4,18.8353199706999,Otus rutilus,Otus_rutilus,AVES,0.99999977617711,4,93903.1328152046
rank,4,4,18.8353199706999,Oxylabes madagascariensis,Oxylabes_madagascariensis,AVES,0.999999999999997,15,48638.27508609
rank,4,4,18.8353199706999,Phaner electromontis,Phaner_electromontis,MAMMALIA,1.1181189119025e-07,1,17.4337788633315
rank,4,4,18.8353199706999,Phaner furcifer,Phaner_furcifer,MAMMALIA,0.887905466959644,58,892.662774423171
rank,4,4,18.8353199706999,Phaner pallescens,Phaner_pallescens,MAMMALIA,0.999999999997009,57,3504.14815962315
rank,4,4,18.8353199706999,Phaner parienti,Phaner_parienti,MAMMALIA,0.00280017666108967,1,24.4501852478648
rank,4,4,18.8353199706999,Philepitta castanea,Philepitta_castanea,AVES,0.983796995723576,5,37303.2952927351
rank,4,4,18.8353199706999,Philepitta schlegeli,Philepitta_schlegeli,AVES,0.988278027030843,14,4281.37986122647
rank,4,4,18.8353199706999,Ploceus nelicourvi,Ploceus_nelicourvi,AVES,0.99999999983835,14,57138.8974662274
rank,4,4,18.8353199706999,Ploceus sakalava,Ploceus_sakalava,AVES,0.999999998504187,21,39946.6447351873
rank,4,4,18.8353199706999,Polyboroides radiatus,Polyboroides_radiatus,AVES,0.99849845301587,1,106813.470248569
rank,4,4,18.8353199706999,Pseudobias wardi,Pseudobias_wardi,AVES,0.999999999999986,17,40087.8297873139
rank,4,4,18.8353199706999,Pterocles personatus,Pterocles_personatus,AVES,0.940123497880854,5,7087.00341547594
rank,4,4,18.8353199706999,Rallus madagascariensis,Rallus_madagascariensis,AVES,0.999999431971117,5,14553.5629941739
rank,4,4,18.8353199706999,Randia pseudozosterops,Randia_pseudozosterops,AVES,0.999998712196349,11,43737.7546067129
rank,4,4,18.8353199706999,Sarothrura insularis,Sarothrura_insularis,AVES,0.99987927852904,7,68282.8550491482
rank,4,4,18.8353199706999,Schetba rufa,Schetba_rufa,AVES,1,24,27585.3512889519
rank,4,4,18.8353199706999,Setifer setosus,Setifer_setosus,MAMMALIA,1,203,103748.70719593
rank,4,4,18.8353199706999,Tenrec ecaudatus,Tenrec_ecaudatus,MAMMALIA,1,103,109515.318697922
rank,4,4,18.8353199706999,Thamnornis chloropetoides,Thamnornis_chloropetoides,AVES,0.999977507869225,5,3407.17432130128
rank,4,4,18.8353199706999,Treron australis,Treron_australis,AVES,0.996378025863401,1,103909.531511657
rank,4,4,18.8353199706999,Turnix nigricollis,Turnix_nigricollis,AVES,0.999933224797581,2,116731.867998108
rank,4,4,18.8353199706999,Tylas eduardi,Tylas_eduardi,AVES,0.999999985610777,9,55591.4745860621
rank,4,4,18.8353199706999,Vanga curvirostris,Vanga_curvirostris,AVES,0.99997177049674,8,113499.479096831
rank,4,4,18.8353199706999,Varecia rubra,Varecia_rubra,MAMMALIA,1,57,66743.5718608919
rank,4,4,18.8353199706999,Varecia variegata,Varecia_variegata,MAMMALIA,0.999999999999749,44,66012.5706052573
rank,4,4,18.8353199706999,Xanthomixis apperti,Xanthomixis_apperti,AVES,0.441311210122258,1,68.4073899760842
rank,4,4,18.8353199706999,Xanthomixis cinereiceps,Xanthomixis_cinereiceps,AVES,1,21,17538.7244135588
rank,4,4,18.8353199706999,Xanthomixis zosterops,Xanthomixis_zosterops,AVES,0.999999999994976,26,57868.6506277546
rank,4,4,18.8353199706999,Xenopirostris damii,Xenopirostris_damii,AVES,0.00179910766481406,1,93.5023440420628
rank,4,4,18.8353199706999,Xenopirostris polleni,Xenopirostris_polleni,AVES,0.999999970589095,10,17756.9551348298
rank,4,4,18.8353199706999,Xenopirostris xenopirostris,Xenopirostris_xenopirostris,AVES,0.96505807541122,1,1102.55740338564
rank,5,5,23.5299055436702,Accipiter henstii,Accipiter_henstii,AVES,0.725194180007121,1,66389.1377526201
rank,5,5,23.5299055436702,Accipiter madagascariensis,Accipiter_madagascariensis,AVES,0.913929643904284,1,84268.9069012478
rank,5,5,23.5299055436702,Acrocephalus newtoni,Acrocephalus_newtoni,AVES,0.999999999996939,27,95964.609175507
rank,5,5,23.5299055436702,Alectroenas madagascariensis,Alectroenas_madagascariensis,AVES,0.996492712622247,6,56825.0612851684
rank,5,5,23.5299055436702,Allocebus trichotis,Allocebus_trichotis,MAMMALIA,0.00783473494650444,3,72.1001097112894
rank,5,5,23.5299055436702,Anas bernieri,Anas_bernieri,AVES,0,1,161.555721102021
rank,5,5,23.5299055436702,Apus balstoni,Apus_balstoni,AVES,0.99999863601546,8,77381.8110437043
rank,5,5,23.5299055436702,Artamella viridis,Artamella_viridis,AVES,0.999999932083712,13,93068.0163990497
rank,5,5,23.5299055436702,Asio madagascariensis,Asio_madagascariensis,AVES,0.862487403350344,2,61003.9214090089
rank,5,5,23.5299055436702,Atelornis crossleyi,Atelornis_crossleyi,AVES,0.999998758967357,7,11572.6222161697
rank,5,5,23.5299055436702,Atelornis pittoides,Atelornis_pittoides,AVES,0.999700419186429,3,38785.5388888176
rank,5,5,23.5299055436702,Athene superciliaris,Athene_superciliaris,AVES,0.999479694866489,1,63845.9808718041
rank,5,5,23.5299055436702,Avahi laniger,Avahi_laniger,MAMMALIA,1,78,35101.3687989629
rank,5,5,23.5299055436702,Avahi occidentalis,Avahi_occidentalis,MAMMALIA,0.996177513156648,4,630.900925964117
rank,5,5,23.5299055436702,Aviceda madagascariensis,Aviceda_madagascariensis,AVES,0.970649377194993,1,87170.7789417952
rank,5,5,23.5299055436702,Bernieria madagascariensis,Bernieria_madagascariensis,AVES,0.999999999523119,22,78917.764836537
rank,5,5,23.5299055436702,Brachypteracias leptosomus,Brachypteracias_leptosomus,AVES,0.999725450175852,1,33504.0641310171
rank,5,5,23.5299055436702,Brachytarsomys albicauda,Brachytarsomys_albicauda,MAMMALIA,0.999999991596676,50,1815.17485363856
rank,5,5,23.5299055436702,Brachyuromys betsileoensis,Brachyuromys_betsileoensis,MAMMALIA,1,117,14393.3535949588
rank,5,5,23.5299055436702,Brachyuromys ramirohitra,Brachyuromys_ramirohitra,MAMMALIA,0.65541484639138,2,90.5857082977891
rank,5,5,23.5299055436702,Bradypterus brunneus,Bradypterus_brunneus,AVES,1,38,12772.3634521564
rank,5,5,23.5299055436702,Bradypterus seebohmi,Bradypterus_seebohmi,AVES,0.452718231585579,1,71.7493425011635
rank,5,5,23.5299055436702,Buteo brachypterus,Buteo_brachypterus,AVES,0.844630224715629,1,93521.2700673193
rank,5,5,23.5299055436702,Calicalicus madagascariensis,Calicalicus_madagascariensis,AVES,1,37,78710.1695981201
rank,5,5,23.5299055436702,Cheirogaleus crossleyi,Cheirogaleus_crossleyi,MAMMALIA,1,92,5731.87398069368
rank,5,5,23.5299055436702,Cheirogaleus major,Cheirogaleus_major,MAMMALIA,1,213,59726.2473990653
rank,5,5,23.5299055436702,Cheirogaleus medius,Cheirogaleus_medius,MAMMALIA,1,1050,48626.9794389732
rank,5,5,23.5299055436702,Cinnyris notatus,Cinnyris_notatus,AVES,0.999999999999189,42,89704.4586838493
rank,5,5,23.5299055436702,Copsychus albospecularis,Copsychus_albospecularis,AVES,0.999999542862664,8,52843.5509816582
rank,5,5,23.5299055436702,Coracopsis nigra,Coracopsis_nigra,AVES,0.995104557778201,3,91799.6817076154
rank,5,5,23.5299055436702,Corythornis madagascariensis,Corythornis_madagascariensis,AVES,0.875724825980531,6,74081.5432798106
rank,5,5,23.5299055436702,Coua caerulea,Coua_caerulea,AVES,0.999776296302902,4,39683.7401021313
rank,5,5,23.5299055436702,Coua coquereli,Coua_coquereli,AVES,0.999912616863444,1,26821.7368204892
rank,5,5,23.5299055436702,Coua cristata,Coua_cristata,AVES,0.999991279946834,5,68483.2520263791
rank,5,5,23.5299055436702,Coua cursor,Coua_cursor,AVES,0.999730982957735,1,18335.9341884106
rank,5,5,23.5299055436702,Coua gigas,Coua_gigas,AVES,0.999841796506289,1,28129.4525798187
rank,5,5,23.5299055436702,Coua reynaudii,Coua_reynaudii,AVES,0.999838796191125,4,32489.376163736
rank,5,5,23.5299055436702,Coua ruficeps,Coua_ruficeps,AVES,0.959346120072314,3,1327.46846918499
rank,5,5,23.5299055436702,Coua serriana,Coua_serriana,AVES,0.990237549075499,1,28977.6725521748
rank,5,5,23.5299055436702,Crossleyia xanthophrys,Crossleyia_xanthophrys,AVES,1,45,4117.99735637009
rank,5,5,23.5299055436702,Cryptoprocta ferox,Cryptoprocta_ferox,MAMMALIA,0.0401868111131792,3,30519.3748595042
rank,5,5,23.5299055436702,Cryptosylvicola randrianasoloi,Cryptosylvicola_randrianasoloi,AVES,1,39,5909.73896991462
rank,5,5,23.5299055436702,Cyanolanius madagascarinus,Cyanolanius_madagascarinus,AVES,0.999999996721388,21,86442.2721961159
rank,5,5,23.5299055436702,Daubentonia madagascariensis,Daubentonia_madagascariensis,MAMMALIA,1,65,29881.5990217856
rank,5,5,23.5299055436702,Echinops telfairi,Echinops_telfairi,MAMMALIA,1,407,49432.1218839735
rank,5,5,23.5299055436702,Eliurus antsingy,Eliurus_antsingy,MAMMALIA,0.0133748649300235,5,69.4813072830439
rank,5,5,23.5299055436702,Eliurus grandidieri,Eliurus_grandidieri,MAMMALIA,0.999641415738649,27,917.641006159482
rank,5,5,23.5299055436702,Eliurus majori,Eliurus_majori,MAMMALIA,1,253,39591.9952498898
rank,5,5,23.5299055436702,Eliurus minor,Eliurus_minor,MAMMALIA,1,1307,61887.276417937
rank,5,5,23.5299055436702,Eliurus myoxinus,Eliurus_myoxinus,MAMMALIA,1,1008,70178.2071691975
rank,5,5,23.5299055436702,Eliurus tanala,Eliurus_tanala,MAMMALIA,1,374,44491.3023101687
rank,5,5,23.5299055436702,Eliurus webbi,Eliurus_webbi,MAMMALIA,1,453,54896.3786111325
rank,5,5,23.5299055436702,Eremopterix hova,Eremopterix_hova,AVES,0.999999862347248,22,4111.79749785364
rank,5,5,23.5299055436702,Eulemur albifrons,Eulemur_albifrons,MAMMALIA,1,45,19805.2278331317
rank,5,5,23.5299055436702,Eulemur cinereiceps,Eulemur_cinereiceps,MAMMALIA,1,163,81185.4725583101
rank,5,5,23.5299055436702,Eulemur collaris,Eulemur_collaris,MAMMALIA,1,122,80148.2060408308
rank,5,5,23.5299055436702,Eulemur coronatus,Eulemur_coronatus,MAMMALIA,1,197,21566.1565693846
rank,5,5,23.5299055436702,Eulemur flavifrons,Eulemur_flavifrons,MAMMALIA,0.000213248908682684,1,25.074716512655
rank,5,5,23.5299055436702,Eulemur fulvus,Eulemur_fulvus,MAMMALIA,1,139,81364.2385595577
rank,5,5,23.5299055436702,Eulemur macaco,Eulemur_macaco,MAMMALIA,1,53,36780.360591501
rank,5,5,23.5299055436702,Eulemur mongoz,Eulemur_mongoz,MAMMALIA,0.99999995289805,33,2266.66703993082
rank,5,5,23.5299055436702,Eulemur rubriventer,Eulemur_rubriventer,MAMMALIA,1,203,69340.8641324903
rank,5,5,23.5299055436702,Eulemur rufus,Eulemur_rufus,MAMMALIA,1,157,45157.3617881611
rank,5,5,23.5299055436702,Eulemur sanfordi,Eulemur_sanfordi,MAMMALIA,1,190,81467.4829736068
rank,5,5,23.5299055436702,Euryceros prevostii,Euryceros_prevostii,AVES,0.999000955070916,3,2839.0629478842
rank,5,5,23.5299055436702,Falco zoniventris,Falco_zoniventris,AVES,0.920752301150453,1,62116.2931804061
rank,5,5,23.5299055436702,Falculea palliata,Falculea_palliata,AVES,0.99999999998821,8,28055.6308805496
rank,5,5,23.5299055436702,Fossa fossana,Fossa_fossana,MAMMALIA,0.95772606418306,2,41544.0895909667
rank,5,5,23.5299055436702,Foudia madagascariensis,Foudia_madagascariensis,AVES,0.999997969932704,27,118535.500994489
rank,5,5,23.5299055436702,Foudia omissa,Foudia_omissa,AVES,0.999999999998465,21,44458.4161063805
rank,5,5,23.5299055436702,Gactornis enarratus,Gactornis_enarratus,AVES,0.999996706706548,6,43533.3239872977
rank,5,5,23.5299055436702,Galidia elegans,Galidia_elegans,MAMMALIA,0.951678258797214,4,41793.0418589922
rank,5,5,23.5299055436702,Galidictis fasciata,Galidictis_fasciata,MAMMALIA,0,3,4247.07071315497
rank,5,5,23.5299055436702,Geobiastes squamiger,Geobiastes_squamiger,AVES,0.999652519491625,4,10926.8523845822
rank,5,5,23.5299055436702,Geogale aurita,Geogale_aurita,MAMMALIA,1,667,27927.9036408507
rank,5,5,23.5299055436702,Gymnuromys roberti,Gymnuromys_roberti,MAMMALIA,1,145,25418.2133943199
rank,5,5,23.5299055436702,Haliaeetus vociferoides,Haliaeetus_vociferoides,AVES,0.0115773784314965,1,5133.49427342415
rank,5,5,23.5299055436702,Hapalemur alaotrensis,Hapalemur_alaotrensis,MAMMALIA,1,141,11439.9057848001
rank,5,5,23.5299055436702,Hapalemur aureus,Hapalemur_aureus,MAMMALIA,0.999999995692329,24,1820.55619611591
rank,5,5,23.5299055436702,Hapalemur griseus,Hapalemur_griseus,MAMMALIA,1,165,77641.9212585975
rank,5,5,23.5299055436702,Hapalemur occidentalis,Hapalemur_occidentalis,MAMMALIA,0.999995100328248,28,1026.71440970898
rank,5,5,23.5299055436702,Hartertula flavoviridis,Hartertula_flavoviridis,AVES,1,45,8110.84596121311
rank,5,5,23.5299055436702,Hartlaubius auratus,Hartlaubius_auratus,AVES,0.999981890243511,15,79754.4781561707
rank,5,5,23.5299055436702,Hemicentetes nigriceps,Hemicentetes_nigriceps,MAMMALIA,0.999953127257988,35,2052.96238155258
rank,5,5,23.5299055436702,Hemicentetes semispinosus,Hemicentetes_semispinosus,MAMMALIA,0.999999999999994,95,61132.0300101116
rank,5,5,23.5299055436702,Hypogeomys antimena,Hypogeomys_antimena,MAMMALIA,0.133821965840603,5,104.686912983656
rank,5,5,23.5299055436702,Hypositta corallirostris,Hypositta_corallirostris,AVES,0.999874257710999,11,54579.2907334119
rank,5,5,23.5299055436702,Indri indri,Indri_indri,MAMMALIA,0.999999580477583,10,54397.4248383813
rank,5,5,23.5299055436702,Lemur catta,Lemur_catta,MAMMALIA,1,189,21499.3816472963
rank,5,5,23.5299055436702,Lepidopygia nana,Lepidopygia_nana,AVES,0.997474842929424,61,122728.446802818
rank,5,5,23.5299055436702,Lepilemur ankaranensis,Lepilemur_ankaranensis,MAMMALIA,0.942459903341428,13,361.823311685567
rank,5,5,23.5299055436702,Lepilemur edwardsi,Lepilemur_edwardsi,MAMMALIA,1,56,10363.7149990052
rank,5,5,23.5299055436702,Lepilemur leucopus,Lepilemur_leucopus,MAMMALIA,1,88,19797.7409839779
rank,5,5,23.5299055436702,Lepilemur microdon,Lepilemur_microdon,MAMMALIA,0.999999999997001,34,4773.54297635564
rank,5,5,23.5299055436702,Lepilemur mustelinus,Lepilemur_mustelinus,MAMMALIA,1,230,74398.3426584974
rank,5,5,23.5299055436702,Lepilemur ruficaudatus,Lepilemur_ruficaudatus,MAMMALIA,1,182,19221.2429256109
rank,5,5,23.5299055436702,Leptopterus chabert,Leptopterus_chabert,AVES,0.999998812188506,18,106937.22455471
rank,5,5,23.5299055436702,Lophotibis cristata,Lophotibis_cristata,AVES,0.999770947377787,2,69136.0237439005
rank,5,5,23.5299055436702,Macrotarsomys bastardi,Macrotarsomys_bastardi,MAMMALIA,1,277,8155.32697095466
rank,5,5,23.5299055436702,Margaroperdix madagarensis,Margaroperdix_madagarensis,AVES,0.999971457639515,1,91304.0268257633
rank,5,5,23.5299055436702,Mentocrex kioloides,Mentocrex_kioloides,AVES,0.997472878693178,1,31161.486791601
rank,5,5,23.5299055436702,Mesitornis unicolor,Mesitornis_unicolor,AVES,0,1,89.8278131379858
rank,5,5,23.5299055436702,Mesitornis variegatus,Mesitornis_variegatus,AVES,0.998762356946553,5,2869.24937690049
rank,5,5,23.5299055436702,Microcebus berthae,Microcebus_berthae,MAMMALIA,1.52725555535582e-08,2,17.7781751081347
rank,5,5,23.5299055436702,Microcebus griseorufus,Microcebus_griseorufus,MAMMALIA,0.995769019106108,14,501.433658043884
rank,5,5,23.5299055436702,Microcebus murinus,Microcebus_murinus,MAMMALIA,1,1322,76750.2124444023
rank,5,5,23.5299055436702,Microcebus myoxinus,Microcebus_myoxinus,MAMMALIA,0.999999992654343,102,1124.39007911777
rank,5,5,23.5299055436702,Microcebus ravelobensis,Microcebus_ravelobensis,MAMMALIA,0.778620368188765,15,246.875988043973
rank,5,5,23.5299055436702,Microcebus rufus,Microcebus_rufus,MAMMALIA,1,1181,61535.0833054392
rank,5,5,23.5299055436702,Microcebus tavaratra,Microcebus_tavaratra,MAMMALIA,0.99348955741329,45,767.433245509863
rank,5,5,23.5299055436702,Microgale brevicaudata,Microgale_brevicaudata,MAMMALIA,1,723,26201.9594381675
rank,5,5,23.5299055436702,Microgale cowani,Microgale_cowani,MAMMALIA,1,499,51504.3067654073
rank,5,5,23.5299055436702,Microgale drouhardi,Microgale_drouhardi,MAMMALIA,1,303,24852.8598647118
rank,5,5,23.5299055436702,Microgale dryas,Microgale_dryas,MAMMALIA,0.897201399235259,47,1369.92029440585
rank,5,5,23.5299055436702,Microgale fotsifotsy,Microgale_fotsifotsy,MAMMALIA,1,374,28763.5735083193
rank,5,5,23.5299055436702,Microgale gracilis,Microgale_gracilis,MAMMALIA,0.999999999998795,118,9616.30546971204
rank,5,5,23.5299055436702,Microgale gymnorhyncha,Microgale_gymnorhyncha,MAMMALIA,1,132,19534.8528488056
rank,5,5,23.5299055436702,Microgale longicaudata,Microgale_longicaudata,MAMMALIA,1,883,52554.3063854501
rank,5,5,23.5299055436702,Microgale mergulus,Microgale_mergulus,MAMMALIA,0.999999999999896,71,5562.61775285862
rank,5,5,23.5299055436702,Microgale parvula,Microgale_parvula,MAMMALIA,0.999999999999176,1073,55898.5753029783
rank,5,5,23.5299055436702,Microgale principula,Microgale_principula,MAMMALIA,1,583,46407.2516688854
rank,5,5,23.5299055436702,Microgale pusilla,Microgale_pusilla,MAMMALIA,0.999999999939416,418,19715.0405565724
rank,5,5,23.5299055436702,Microgale soricoides,Microgale_soricoides,MAMMALIA,1,128,26059.5262366826
rank,5,5,23.5299055436702,Microgale taiva,Microgale_taiva,MAMMALIA,1,296,37960.4149594083
rank,5,5,23.5299055436702,Microgale thomasi,Microgale_thomasi,MAMMALIA,1,98,21645.3177084774
rank,5,5,23.5299055436702,Mirza coquereli,Mirza_coquereli,MAMMALIA,0.999997589067307,53,2653.0007427779
rank,5,5,23.5299055436702,Monias benschi,Monias_benschi,AVES,0,1,82.9420458882274
rank,5,5,23.5299055436702,Monticola erythronotus,Monticola_erythronotus,AVES,0.505764981643065,1,97.4973036619822
rank,5,5,23.5299055436702,Monticola sharpei,Monticola_sharpei,AVES,0.999999999999624,28,85059.4179541618
rank,5,5,23.5299055436702,Monticolomys koopmani,Monticolomys_koopmani,MAMMALIA,0.132627251095215,6,104.060766987503
rank,5,5,23.5299055436702,Motacilla flaviventris,Motacilla_flaviventris,AVES,1,23,19514.4213310618
rank,5,5,23.5299055436702,Mystacornis crossleyi,Mystacornis_crossleyi,AVES,0.999999999999269,11,43039.8407524377
rank,5,5,23.5299055436702,Neodrepanis coruscans,Neodrepanis_coruscans,AVES,0.999997700753,17,27596.366088639
rank,5,5,23.5299055436702,Neodrepanis hypoxantha,Neodrepanis_hypoxantha,AVES,0.0211788111247608,3,88.4296057149768
rank,5,5,23.5299055436702,Neomixis striatigula,Neomixis_striatigula,AVES,0.999999999630997,27,50848.906343773
rank,5,5,23.5299055436702,Neomixis tenella,Neomixis_tenella,AVES,1,78,82523.8205193728
rank,5,5,23.5299055436702,Neomixis viridis,Neomixis_viridis,AVES,0.999999999299816,27,47728.7601369768
rank,5,5,23.5299055436702,Nesillas lantzii,Nesillas_lantzii,AVES,0.999983000083502,3,2703.9328436479
rank,5,5,23.5299055436702,Nesogale dobsoni,Nesogale_dobsoni,MAMMALIA,1,338,58244.9189069801
rank,5,5,23.5299055436702,Nesogale talazaci,Nesogale_talazaci,MAMMALIA,1,197,55762.6989955753
rank,5,5,23.5299055436702,Nesomys audeberti,Nesomys_audeberti,MAMMALIA,1,111,4404.70734705302
rank,5,5,23.5299055436702,Nesomys lambertoni,Nesomys_lambertoni,MAMMALIA,0.999983982375401,29,958.575495295227
rank,5,5,23.5299055436702,Nesomys rufus,Nesomys_rufus,MAMMALIA,1,228,41252.9964625082
rank,5,5,23.5299055436702,Newtonia amphichroa,Newtonia_amphichroa,AVES,1,15,38260.158500864
rank,5,5,23.5299055436702,Newtonia archboldi,Newtonia_archboldi,AVES,0.999743205924592,10,2057.60292387809
rank,5,5,23.5299055436702,Newtonia brunneicauda,Newtonia_brunneicauda,AVES,1,54,101099.746556275
rank,5,5,23.5299055436702,Newtonia fanovanae,Newtonia_fanovanae,AVES,0.353055283448657,2,98.2207024819943
rank,5,5,23.5299055436702,Oriolia bernieri,Oriolia_bernieri,AVES,0.999997529517201,13,14262.3456658348
rank,5,5,23.5299055436702,Oryzorictes hova,Oryzorictes_hova,MAMMALIA,1,284,56922.4373736829
rank,5,5,23.5299055436702,Oryzorictes tetradactylus,Oryzorictes_tetradactylus,MAMMALIA,1,155,10717.5339834051
rank,5,5,23.5299055436702,Otus rutilus,Otus_rutilus,AVES,0.999999752152181,4,89278.8569877073
rank,5,5,23.5299055436702,Oxylabes madagascariensis,Oxylabes_madagascariensis,AVES,0.999999999999983,18,45679.7438022494
rank,5,5,23.5299055436702,Phaner electromontis,Phaner_electromontis,MAMMALIA,1.1181189119025e-07,1,17.4337788633315
rank,5,5,23.5299055436702,Phaner furcifer,Phaner_furcifer,MAMMALIA,0.887905466959644,58,892.662774423171
rank,5,5,23.5299055436702,Phaner pallescens,Phaner_pallescens,MAMMALIA,0.999999999997009,57,3504.14815962315
rank,5,5,23.5299055436702,Phaner parienti,Phaner_parienti,MAMMALIA,0.00280017666108967,1,24.4501852478648
rank,5,5,23.5299055436702,Philepitta castanea,Philepitta_castanea,AVES,0.983199764256319,5,35705.2893483341
rank,5,5,23.5299055436702,Philepitta schlegeli,Philepitta_schlegeli,AVES,0.988278027030843,14,4281.37986122647
rank,5,5,23.5299055436702,Ploceus nelicourvi,Ploceus_nelicourvi,AVES,0.999999996391612,13,53938.1270261407
rank,5,5,23.5299055436702,Ploceus sakalava,Ploceus_sakalava,AVES,0.999999998369542,23,38794.4571282789
rank,5,5,23.5299055436702,Polyboroides radiatus,Polyboroides_radiatus,AVES,0.998344977879011,1,100747.479476004
rank,5,5,23.5299055436702,Pseudobias wardi,Pseudobias_wardi,AVES,0.999999999999997,17,38685.9594968334
rank,5,5,23.5299055436702,Pterocles personatus,Pterocles_personatus,AVES,0.940123497880854,5,7087.00341547594
rank,5,5,23.5299055436702,Rallus madagascariensis,Rallus_madagascariensis,AVES,0.999999431971117,5,14553.5629941739
rank,5,5,23.5299055436702,Randia pseudozosterops,Randia_pseudozosterops,AVES,0.999997605593412,9,41085.7990572973
rank,5,5,23.5299055436702,Sarothrura insularis,Sarothrura_insularis,AVES,0.999697817275709,8,64606.5064020455
rank,5,5,23.5299055436702,Schetba rufa,Schetba_rufa,AVES,0.999999999999965,25,26559.4550580755
rank,5,5,23.5299055436702,Setifer setosus,Setifer_setosus,MAMMALIA,1,202,96881.1403592452
rank,5,5,23.5299055436702,Tenrec ecaudatus,Tenrec_ecaudatus,MAMMALIA,1,96,103389.590798467
rank,5,5,23.5299055436702,Thamnornis chloropetoides,Thamnornis_chloropetoides,AVES,0.999977507869225,5,3407.17432130128
rank,5,5,23.5299055436702,Treron australis,Treron_australis,AVES,0.996161089426974,1,98654.4617152214
rank,5,5,23.5299055436702,Turnix nigricollis,Turnix_nigricollis,AVES,0.999927767596047,1,111168.828585759
rank,5,5,23.5299055436702,Tylas eduardi,Tylas_eduardi,AVES,0.999999921400336,10,52776.2473748028
rank,5,5,23.5299055436702,Vanga curvirostris,Vanga_curvirostris,AVES,0.999947233433032,9,107732.721168281
rank,5,5,23.5299055436702,Varecia rubra,Varecia_rubra,MAMMALIA,0.999999999999995,55,62439.2071262359
rank,5,5,23.5299055436702,Varecia variegata,Varecia_variegata,MAMMALIA,0.999999999989404,38,61863.5286767354
rank,5,5,23.5299055436702,Xanthomixis apperti,Xanthomixis_apperti,AVES,0.441311210122258,1,68.4073899760842
rank,5,5,23.5299055436702,Xanthomixis cinereiceps,Xanthomixis_cinereiceps,AVES,1,21,17538.7244135588
rank,5,5,23.5299055436702,Xanthomixis zosterops,Xanthomixis_zosterops,AVES,0.999999999839581,23,54484.2010583207
rank,5,5,23.5299055436702,Xenopirostris damii,Xenopirostris_damii,AVES,0.00179910766481406,1,93.5023440420628
rank,5,5,23.5299055436702,Xenopirostris polleni,Xenopirostris_polleni,AVES,0.999999970589095,10,17756.9551348298
rank,5,5,23.5299055436702,Xenopirostris xenopirostris,Xenopirostris_xenopirostris,AVES,0.96505807541122,1,1102.55740338564
rank,6,6,28.2220994609865,Accipiter henstii,Accipiter_henstii,AVES,0.716520067240286,1,63772.5805503016
rank,6,6,28.2220994609865,Accipiter madagascariensis,Accipiter_madagascariensis,AVES,0.9103382551258,1,80879.7583574951
rank,6,6,28.2220994609865,Acrocephalus newtoni,Acrocephalus_newtoni,AVES,0.99999999999996,29,92258.3555939847
rank,6,6,28.2220994609865,Alectroenas madagascariensis,Alectroenas_madagascariensis,AVES,0.99622356285615,7,53740.8064939545
rank,6,6,28.2220994609865,Allocebus trichotis,Allocebus_trichotis,MAMMALIA,0.00783473494650444,3,72.1001097112894
rank,6,6,28.2220994609865,Anas bernieri,Anas_bernieri,AVES,0,1,161.555721102021
rank,6,6,28.2220994609865,Apus balstoni,Apus_balstoni,AVES,0.999998463622727,8,74066.9284642444
rank,6,6,28.2220994609865,Artamella viridis,Artamella_viridis,AVES,0.999999923546732,15,88080.9806391995
rank,6,6,28.2220994609865,Asio madagascariensis,Asio_madagascariensis,AVES,0.855126835355776,2,57771.9177870973
rank,6,6,28.2220994609865,Atelornis crossleyi,Atelornis_crossleyi,AVES,0.999998758967357,7,11572.6222161697
rank,6,6,28.2220994609865,Atelornis pittoides,Atelornis_pittoides,AVES,0.999686423207288,3,37781.3820240001
rank,6,6,28.2220994609865,Athene superciliaris,Athene_superciliaris,AVES,0.999433712090702,1,60542.4450923801
rank,6,6,28.2220994609865,Avahi laniger,Avahi_laniger,MAMMALIA,1,79,34484.7411549538
rank,6,6,28.2220994609865,Avahi occidentalis,Avahi_occidentalis,MAMMALIA,0.996177513156648,4,630.900925964117
rank,6,6,28.2220994609865,Aviceda madagascariensis,Aviceda_madagascariensis,AVES,0.969161817869895,1,83828.1799413934
rank,6,6,28.2220994609865,Bernieria madagascariensis,Bernieria_madagascariensis,AVES,0.999999999304858,23,75437.323588666
rank,6,6,28.2220994609865,Brachypteracias leptosomus,Brachypteracias_leptosomus,AVES,0.999706891234227,1,32325.8758984688
rank,6,6,28.2220994609865,Brachytarsomys albicauda,Brachytarsomys_albicauda,MAMMALIA,0.999999991596676,50,1815.17485363856
rank,6,6,28.2220994609865,Brachyuromys betsileoensis,Brachyuromys_betsileoensis,MAMMALIA,1,117,14393.3535949588
rank,6,6,28.2220994609865,Brachyuromys ramirohitra,Brachyuromys_ramirohitra,MAMMALIA,0.65541484639138,2,90.5857082977891
rank,6,6,28.2220994609865,Bradypterus brunneus,Bradypterus_brunneus,AVES,1,38,12772.3634521564
rank,6,6,28.2220994609865,Bradypterus seebohmi,Bradypterus_seebohmi,AVES,0.452718231585579,1,71.7493425011635
rank,6,6,28.2220994609865,Buteo brachypterus,Buteo_brachypterus,AVES,0.837275103183505,1,88683.9261887744
rank,6,6,28.2220994609865,Calicalicus madagascariensis,Calicalicus_madagascariensis,AVES,1,39,75248.3720759238
rank,6,6,28.2220994609865,Cheirogaleus crossleyi,Cheirogaleus_crossleyi,MAMMALIA,1,92,5731.87398069368
rank,6,6,28.2220994609865,Cheirogaleus major,Cheirogaleus_major,MAMMALIA,1,204,57160.6667156692
rank,6,6,28.2220994609865,Cheirogaleus medius,Cheirogaleus_medius,MAMMALIA,1,954,46509.8764431639
rank,6,6,28.2220994609865,Cinnyris notatus,Cinnyris_notatus,AVES,0.999999999999729,48,85370.2011850798
rank,6,6,28.2220994609865,Copsychus albospecularis,Copsychus_albospecularis,AVES,0.999999411036726,7,51040.7141033441
rank,6,6,28.2220994609865,Coracopsis nigra,Coracopsis_nigra,AVES,0.99481679412863,3,87391.0903620017
rank,6,6,28.2220994609865,Corythornis madagascariensis,Corythornis_madagascariensis,AVES,0.871961080647168,6,70949.8507990263
rank,6,6,28.2220994609865,Coua caerulea,Coua_caerulea,AVES,0.99975645473178,4,37967.279464232
rank,6,6,28.2220994609865,Coua coquereli,Coua_coquereli,AVES,0.999908202230996,1,26154.8768348992
rank,6,6,28.2220994609865,Coua cristata,Coua_cristata,AVES,0.999990544439456,5,65616.9594064802
rank,6,6,28.2220994609865,Coua cursor,Coua_cursor,AVES,0.99968836514883,1,17061.8046908528
rank,6,6,28.2220994609865,Coua gigas,Coua_gigas,AVES,0.99983971105519,1,27954.8757881895
rank,6,6,28.2220994609865,Coua reynaudii,Coua_reynaudii,AVES,0.999792415099946,4,31732.0553068742
rank,6,6,28.2220994609865,Coua ruficeps,Coua_ruficeps,AVES,0.959346120072314,3,1327.46846918499
rank,6,6,28.2220994609865,Coua serriana,Coua_serriana,AVES,0.989577962061298,1,27510.5735938824
rank,6,6,28.2220994609865,Crossleyia xanthophrys,Crossleyia_xanthophrys,AVES,1,45,4117.99735637009
rank,6,6,28.2220994609865,Cryptoprocta ferox,Cryptoprocta_ferox,MAMMALIA,0.0383724877558563,3,30354.6510042842
rank,6,6,28.2220994609865,Cryptosylvicola randrianasoloi,Cryptosylvicola_randrianasoloi,AVES,1,39,5909.73896991462
rank,6,6,28.2220994609865,Cyanolanius madagascarinus,Cyanolanius_madagascarinus,AVES,0.999999995967677,23,82357.706946376
rank,6,6,28.2220994609865,Daubentonia madagascariensis,Daubentonia_madagascariensis,MAMMALIA,1,64,27740.5189918534
rank,6,6,28.2220994609865,Echinops telfairi,Echinops_telfairi,MAMMALIA,1,385,46745.8303504437
rank,6,6,28.2220994609865,Eliurus antsingy,Eliurus_antsingy,MAMMALIA,0.0133748649300235,5,69.4813072830439
rank,6,6,28.2220994609865,Eliurus grandidieri,Eliurus_grandidieri,MAMMALIA,0.999641415738649,27,917.641006159482
rank,6,6,28.2220994609865,Eliurus majori,Eliurus_majori,MAMMALIA,1,266,38447.2932492942
rank,6,6,28.2220994609865,Eliurus minor,Eliurus_minor,MAMMALIA,1,1218,59110.3540689654
rank,6,6,28.2220994609865,Eliurus myoxinus,Eliurus_myoxinus,MAMMALIA,1,949,67650.8199052736
rank,6,6,28.2220994609865,Eliurus tanala,Eliurus_tanala,MAMMALIA,1,370,42985.9232587367
rank,6,6,28.2220994609865,Eliurus webbi,Eliurus_webbi,MAMMALIA,1,440,52099.5692281649
rank,6,6,28.2220994609865,Eremopterix hova,Eremopterix_hova,AVES,0.999999862347248,22,4111.79749785364
rank,6,6,28.2220994609865,Eulemur albifrons,Eulemur_albifrons,MAMMALIA,1,43,17755.5601868666
rank,6,6,28.2220994609865,Eulemur cinereiceps,Eulemur_cinereiceps,MAMMALIA,1,167,78301.9405273471
rank,6,6,28.2220994609865,Eulemur collaris,Eulemur_collaris,MAMMALIA,1,119,77333.7499419961
rank,6,6,28.2220994609865,Eulemur coronatus,Eulemur_coronatus,MAMMALIA,1,194,20142.3640626399
rank,6,6,28.2220994609865,Eulemur flavifrons,Eulemur_flavifrons,MAMMALIA,0.000213248908682684,1,25.074716512655
rank,6,6,28.2220994609865,Eulemur fulvus,Eulemur_fulvus,MAMMALIA,1,149,78505.8560342582
rank,6,6,28.2220994609865,Eulemur macaco,Eulemur_macaco,MAMMALIA,1,50,36332.7336998731
rank,6,6,28.2220994609865,Eulemur mongoz,Eulemur_mongoz,MAMMALIA,0.99999995289805,33,2266.66703993082
rank,6,6,28.2220994609865,Eulemur rubriventer,Eulemur_rubriventer,MAMMALIA,1,207,66206.6272016963
rank,6,6,28.2220994609865,Eulemur rufus,Eulemur_rufus,MAMMALIA,1,158,43451.689926073
rank,6,6,28.2220994609865,Eulemur sanfordi,Eulemur_sanfordi,MAMMALIA,1,194,78574.475252057
rank,6,6,28.2220994609865,Euryceros prevostii,Euryceros_prevostii,AVES,0.999000955070916,3,2839.0629478842
rank,6,6,28.2220994609865,Falco zoniventris,Falco_zoniventris,AVES,0.918336028935579,1,60269.6760471165
rank,6,6,28.2220994609865,Falculea palliata,Falculea_palliata,AVES,0.999999999987673,8,27776.6055886969
rank,6,6,28.2220994609865,Fossa fossana,Fossa_fossana,MAMMALIA,0.94935724724365,2,39795.0855534971
rank,6,6,28.2220994609865,Foudia madagascariensis,Foudia_madagascariensis,AVES,0.999997586850793,30,112692.210140124
rank,6,6,28.2220994609865,Foudia omissa,Foudia_omissa,AVES,0.999999999992209,20,42671.0548809618
rank,6,6,28.2220994609865,Gactornis enarratus,Gactornis_enarratus,AVES,0.999995444219684,6,41817.1214887723
rank,6,6,28.2220994609865,Galidia elegans,Galidia_elegans,MAMMALIA,0.946698165397409,4,40885.8029959971
rank,6,6,28.2220994609865,Galidictis fasciata,Galidictis_fasciata,MAMMALIA,0,3,4247.07071315497
rank,6,6,28.2220994609865,Geobiastes squamiger,Geobiastes_squamiger,AVES,0.999652519491625,4,10926.8523845822
rank,6,6,28.2220994609865,Geogale aurita,Geogale_aurita,MAMMALIA,1,631,27151.5517402559
rank,6,6,28.2220994609865,Gymnuromys roberti,Gymnuromys_roberti,MAMMALIA,1,150,25035.919477678
rank,6,6,28.2220994609865,Haliaeetus vociferoides,Haliaeetus_vociferoides,AVES,0.0115773784314965,1,5133.49427342415
rank,6,6,28.2220994609865,Hapalemur alaotrensis,Hapalemur_alaotrensis,MAMMALIA,1,141,11439.9057848001
rank,6,6,28.2220994609865,Hapalemur aureus,Hapalemur_aureus,MAMMALIA,0.999999995692329,24,1820.55619611591
rank,6,6,28.2220994609865,Hapalemur griseus,Hapalemur_griseus,MAMMALIA,1,171,74414.7539775949
rank,6,6,28.2220994609865,Hapalemur occidentalis,Hapalemur_occidentalis,MAMMALIA,0.999995100328248,28,1026.71440970898
rank,6,6,28.2220994609865,Hartertula flavoviridis,Hartertula_flavoviridis,AVES,1,45,8110.84596121311
rank,6,6,28.2220994609865,Hartlaubius auratus,Hartlaubius_auratus,AVES,0.999982210639354,16,76235.1538750264
rank,6,6,28.2220994609865,Hemicentetes nigriceps,Hemicentetes_nigriceps,MAMMALIA,0.999953127257988,35,2052.96238155258
rank,6,6,28.2220994609865,Hemicentetes semispinosus,Hemicentetes_semispinosus,MAMMALIA,0.999999999999995,100,57733.8948399127
rank,6,6,28.2220994609865,Hypogeomys antimena,Hypogeomys_antimena,MAMMALIA,0.133821965840603,5,104.686912983656
rank,6,6,28.2220994609865,Hypositta corallirostris,Hypositta_corallirostris,AVES,0.999917264890513,12,52489.1506872475
rank,6,6,28.2220994609865,Indri indri,Indri_indri,MAMMALIA,0.999999999884938,12,52021.5494284034
rank,6,6,28.2220994609865,Lemur catta,Lemur_catta,MAMMALIA,1,192,20843.2543043718
rank,6,6,28.2220994609865,Lepidopygia nana,Lepidopygia_nana,AVES,0.997154120364608,67,116915.466726313
rank,6,6,28.2220994609865,Lepilemur ankaranensis,Lepilemur_ankaranensis,MAMMALIA,0.942459903341428,13,361.823311685567
rank,6,6,28.2220994609865,Lepilemur edwardsi,Lepilemur_edwardsi,MAMMALIA,1,56,10363.7149990052
rank,6,6,28.2220994609865,Lepilemur leucopus,Lepilemur_leucopus,MAMMALIA,1,87,18586.915753223
rank,6,6,28.2220994609865,Lepilemur microdon,Lepilemur_microdon,MAMMALIA,0.999999999997001,34,4773.54297635564
rank,6,6,28.2220994609865,Lepilemur mustelinus,Lepilemur_mustelinus,MAMMALIA,1,228,71010.6062190235
rank,6,6,28.2220994609865,Lepilemur ruficaudatus,Lepilemur_ruficaudatus,MAMMALIA,1,171,17411.1058006851
rank,6,6,28.2220994609865,Leptopterus chabert,Leptopterus_chabert,AVES,0.999998599201441,20,101497.762399122
rank,6,6,28.2220994609865,Lophotibis cristata,Lophotibis_cristata,AVES,0.999752727195872,2,66428.1927225079
rank,6,6,28.2220994609865,Macrotarsomys bastardi,Macrotarsomys_bastardi,MAMMALIA,1,277,8155.32697095466
rank,6,6,28.2220994609865,Margaroperdix madagarensis,Margaroperdix_madagarensis,AVES,0.999969444553123,1,87559.9949076995
rank,6,6,28.2220994609865,Mentocrex kioloides,Mentocrex_kioloides,AVES,0.997381843318341,1,30422.394183885
rank,6,6,28.2220994609865,Mesitornis unicolor,Mesitornis_unicolor,AVES,0,1,89.8278131379858
rank,6,6,28.2220994609865,Mesitornis variegatus,Mesitornis_variegatus,AVES,0.998762356946553,5,2869.24937690049
rank,6,6,28.2220994609865,Microcebus berthae,Microcebus_berthae,MAMMALIA,1.52725555535582e-08,2,17.7781751081347
rank,6,6,28.2220994609865,Microcebus griseorufus,Microcebus_griseorufus,MAMMALIA,0.995769019106108,14,501.433658043884
rank,6,6,28.2220994609865,Microcebus murinus,Microcebus_murinus,MAMMALIA,1,1239,71937.5564850643
rank,6,6,28.2220994609865,Microcebus myoxinus,Microcebus_myoxinus,MAMMALIA,0.999999992654343,102,1124.39007911777
rank,6,6,28.2220994609865,Microcebus ravelobensis,Microcebus_ravelobensis,MAMMALIA,0.778620368188765,15,246.875988043973
rank,6,6,28.2220994609865,Microcebus rufus,Microcebus_rufus,MAMMALIA,1,1089,58330.9580309857
rank,6,6,28.2220994609865,Microcebus tavaratra,Microcebus_tavaratra,MAMMALIA,0.99348955741329,45,767.433245509863
rank,6,6,28.2220994609865,Microgale brevicaudata,Microgale_brevicaudata,MAMMALIA,1,702,25633.4328389093
rank,6,6,28.2220994609865,Microgale cowani,Microgale_cowani,MAMMALIA,1,486,49583.0194760934
rank,6,6,28.2220994609865,Microgale drouhardi,Microgale_drouhardi,MAMMALIA,1,300,24499.2116177753
rank,6,6,28.2220994609865,Microgale dryas,Microgale_dryas,MAMMALIA,0.897201399235259,47,1369.92029440585
rank,6,6,28.2220994609865,Microgale fotsifotsy,Microgale_fotsifotsy,MAMMALIA,1,375,28319.2387281768
rank,6,6,28.2220994609865,Microgale gracilis,Microgale_gracilis,MAMMALIA,0.999999999998795,118,9616.30546971204
rank,6,6,28.2220994609865,Microgale gymnorhyncha,Microgale_gymnorhyncha,MAMMALIA,1,140,18851.2810493964
rank,6,6,28.2220994609865,Microgale longicaudata,Microgale_longicaudata,MAMMALIA,1,843,50737.5311692038
rank,6,6,28.2220994609865,Microgale mergulus,Microgale_mergulus,MAMMALIA,0.999999999999896,71,5562.61775285862
rank,6,6,28.2220994609865,Microgale parvula,Microgale_parvula,MAMMALIA,0.999999999997564,991,53343.7539285133
rank,6,6,28.2220994609865,Microgale principula,Microgale_principula,MAMMALIA,1,547,44923.1704001948
rank,6,6,28.2220994609865,Microgale pusilla,Microgale_pusilla,MAMMALIA,0.99999999943983,406,18107.7233073821
rank,6,6,28.2220994609865,Microgale soricoides,Microgale_soricoides,MAMMALIA,1,142,25574.2812499717
rank,6,6,28.2220994609865,Microgale taiva,Microgale_taiva,MAMMALIA,1,294,37135.4248207212
rank,6,6,28.2220994609865,Microgale thomasi,Microgale_thomasi,MAMMALIA,1,100,21280.5996628255
rank,6,6,28.2220994609865,Mirza coquereli,Mirza_coquereli,MAMMALIA,0.999997589067307,53,2653.0007427779
rank,6,6,28.2220994609865,Monias benschi,Monias_benschi,AVES,0,1,82.9420458882274
rank,6,6,28.2220994609865,Monticola erythronotus,Monticola_erythronotus,AVES,0.505764981643065,1,97.4973036619822
rank,6,6,28.2220994609865,Monticola sharpei,Monticola_sharpei,AVES,0.999999999999744,29,79731.0822132155
rank,6,6,28.2220994609865,Monticolomys koopmani,Monticolomys_koopmani,MAMMALIA,0.132627251095215,6,104.060766987503
rank,6,6,28.2220994609865,Motacilla flaviventris,Motacilla_flaviventris,AVES,1,29,17447.102958442
rank,6,6,28.2220994609865,Mystacornis crossleyi,Mystacornis_crossleyi,AVES,0.999999999998237,11,41829.1169977859
rank,6,6,28.2220994609865,Neodrepanis coruscans,Neodrepanis_coruscans,AVES,0.999997189932077,18,27097.9437194705
rank,6,6,28.2220994609865,Neodrepanis hypoxantha,Neodrepanis_hypoxantha,AVES,0.0211788111247608,3,88.4296057149768
rank,6,6,28.2220994609865,Neomixis striatigula,Neomixis_striatigula,AVES,0.99999999917241,30,49000.1709473431
rank,6,6,28.2220994609865,Neomixis tenella,Neomixis_tenella,AVES,1,81,79561.0705890283
rank,6,6,28.2220994609865,Neomixis viridis,Neomixis_viridis,AVES,0.999999999465437,29,46334.9246864468
rank,6,6,28.2220994609865,Nesillas lantzii,Nesillas_lantzii,AVES,0.999983000083502,3,2703.9328436479
rank,6,6,28.2220994609865,Nesogale dobsoni,Nesogale_dobsoni,MAMMALIA,1,329,55752.4864039485
rank,6,6,28.2220994609865,Nesogale talazaci,Nesogale_talazaci,MAMMALIA,1,185,53376.258476533
rank,6,6,28.2220994609865,Nesomys audeberti,Nesomys_audeberti,MAMMALIA,1,111,4404.70734705302
rank,6,6,28.2220994609865,Nesomys lambertoni,Nesomys_lambertoni,MAMMALIA,0.999983982375401,29,958.575495295227
rank,6,6,28.2220994609865,Nesomys rufus,Nesomys_rufus,MAMMALIA,1,197,39804.7630822158
rank,6,6,28.2220994609865,Newtonia amphichroa,Newtonia_amphichroa,AVES,1,15,37537.1807173831
rank,6,6,28.2220994609865,Newtonia archboldi,Newtonia_archboldi,AVES,0.999743205924592,10,2057.60292387809
rank,6,6,28.2220994609865,Newtonia brunneicauda,Newtonia_brunneicauda,AVES,1,58,96207.2729437426
rank,6,6,28.2220994609865,Newtonia fanovanae,Newtonia_fanovanae,AVES,0.353055283448657,2,98.2207024819943
rank,6,6,28.2220994609865,Oriolia bernieri,Oriolia_bernieri,AVES,0.999997529517201,13,14262.3456658348
rank,6,6,28.2220994609865,Oryzorictes hova,Oryzorictes_hova,MAMMALIA,1,293,53986.9467366487
rank,6,6,28.2220994609865,Oryzorictes tetradactylus,Oryzorictes_tetradactylus,MAMMALIA,1,155,10717.5339834051
rank,6,6,28.2220994609865,Otus rutilus,Otus_rutilus,AVES,0.999999713183984,4,85461.6925001145
rank,6,6,28.2220994609865,Oxylabes madagascariensis,Oxylabes_madagascariensis,AVES,0.999999999999872,17,43899.7575501576
rank,6,6,28.2220994609865,Phaner electromontis,Phaner_electromontis,MAMMALIA,1.1181189119025e-07,1,17.4337788633315
rank,6,6,28.2220994609865,Phaner furcifer,Phaner_furcifer,MAMMALIA,0.887905466959644,58,892.662774423171
rank,6,6,28.2220994609865,Phaner pallescens,Phaner_pallescens,MAMMALIA,0.999999999997009,57,3504.14815962315
rank,6,6,28.2220994609865,Phaner parienti,Phaner_parienti,MAMMALIA,0.00280017666108967,1,24.4501852478648
rank,6,6,28.2220994609865,Philepitta castanea,Philepitta_castanea,AVES,0.98297481597485,5,35147.6332757697
rank,6,6,28.2220994609865,Philepitta schlegeli,Philepitta_schlegeli,AVES,0.988278027030843,14,4281.37986122647
rank,6,6,28.2220994609865,Ploceus nelicourvi,Ploceus_nelicourvi,AVES,0.999999986493994,12,51347.9300976247
rank,6,6,28.2220994609865,Ploceus sakalava,Ploceus_sakalava,AVES,0.999999998379851,23,37060.5016748533
rank,6,6,28.2220994609865,Polyboroides radiatus,Polyboroides_radiatus,AVES,0.99817165981227,1,94897.2157633029
rank,6,6,28.2220994609865,Pseudobias wardi,Pseudobias_wardi,AVES,0.999999999999998,19,37746.4413906857
rank,6,6,28.2220994609865,Pterocles personatus,Pterocles_personatus,AVES,0.940123497880854,5,7087.00341547594
rank,6,6,28.2220994609865,Rallus madagascariensis,Rallus_madagascariensis,AVES,0.999999431971117,5,14553.5629941739
rank,6,6,28.2220994609865,Randia pseudozosterops,Randia_pseudozosterops,AVES,0.999998265075495,11,38720.0803724837
rank,6,6,28.2220994609865,Sarothrura insularis,Sarothrura_insularis,AVES,0.999668129449678,8,61350.5560441092
rank,6,6,28.2220994609865,Schetba rufa,Schetba_rufa,AVES,0.999999999999942,26,25545.1698874533
rank,6,6,28.2220994609865,Setifer setosus,Setifer_setosus,MAMMALIA,1,211,92056.5469699353
rank,6,6,28.2220994609865,Tenrec ecaudatus,Tenrec_ecaudatus,MAMMALIA,1,100,98236.0215239748
rank,6,6,28.2220994609865,Thamnornis chloropetoides,Thamnornis_chloropetoides,AVES,0.999977507869225,5,3407.17432130128
rank,6,6,28.2220994609865,Treron australis,Treron_australis,AVES,0.995939282015,1,93831.8928733617
rank,6,6,28.2220994609865,Turnix nigricollis,Turnix_nigricollis,AVES,0.999921063982516,1,105269.18594221
rank,6,6,28.2220994609865,Tylas eduardi,Tylas_eduardi,AVES,0.999999917417849,11,50124.0582125187
rank,6,6,28.2220994609865,Vanga curvirostris,Vanga_curvirostris,AVES,0.999937973944393,11,102378.208986994
rank,6,6,28.2220994609865,Varecia rubra,Varecia_rubra,MAMMALIA,0.999999999999997,60,59233.652016313
rank,6,6,28.2220994609865,Varecia variegata,Varecia_variegata,MAMMALIA,0.999999999999664,38,58615.9559832707
rank,6,6,28.2220994609865,Xanthomixis apperti,Xanthomixis_apperti,AVES,0.441311210122258,1,68.4073899760842
rank,6,6,28.2220994609865,Xanthomixis cinereiceps,Xanthomixis_cinereiceps,AVES,1,21,17538.7244135588
rank,6,6,28.2220994609865,Xanthomixis zosterops,Xanthomixis_zosterops,AVES,0.999999999625022,24,51764.026869081
rank,6,6,28.2220994609865,Xenopirostris damii,Xenopirostris_damii,AVES,0.00179910766481406,1,93.5023440420628
rank,6,6,28.2220994609865,Xenopirostris polleni,Xenopirostris_polleni,AVES,0.999999969202279,10,17614.1160323745
rank,6,6,28.2220994609865,Xenopirostris xenopirostris,Xenopirostris_xenopirostris,AVES,0.96505807541122,1,1102.55740338564
rank,7,7,32.9130272076623,Accipiter henstii,Accipiter_henstii,AVES,0.704567263561652,1,60431.6084982486
rank,7,7,32.9130272076623,Accipiter madagascariensis,Accipiter_madagascariensis,AVES,0.904306292525768,1,75749.3194779083
rank,7,7,32.9130272076623,Acrocephalus newtoni,Acrocephalus_newtoni,AVES,1,34,87849.0924555709
rank,7,7,32.9130272076623,Alectroenas madagascariensis,Alectroenas_madagascariensis,AVES,0.995948815019503,7,50392.6792236738
rank,7,7,32.9130272076623,Allocebus trichotis,Allocebus_trichotis,MAMMALIA,0.00783473494650444,3,72.1001097112894
rank,7,7,32.9130272076623,Anas bernieri,Anas_bernieri,AVES,0,1,161.555721102021
rank,7,7,32.9130272076623,Apus balstoni,Apus_balstoni,AVES,0.999998287611736,9,70092.3869808471
rank,7,7,32.9130272076623,Artamella viridis,Artamella_viridis,AVES,0.999999908194361,15,82599.1024756554
rank,7,7,32.9130272076623,Asio madagascariensis,Asio_madagascariensis,AVES,0.845892452660241,2,54129.8949817527
rank,7,7,32.9130272076623,Atelornis crossleyi,Atelornis_crossleyi,AVES,0.999998758967357,7,11572.6222161697
rank,7,7,32.9130272076623,Atelornis pittoides,Atelornis_pittoides,AVES,0.999664920824404,3,36369.3269608105
rank,7,7,32.9130272076623,Athene superciliaris,Athene_superciliaris,AVES,0.99937676791273,1,57010.6342034713
rank,7,7,32.9130272076623,Avahi laniger,Avahi_laniger,MAMMALIA,1,77,33187.9133960937
rank,7,7,32.9130272076623,Avahi occidentalis,Avahi_occidentalis,MAMMALIA,0.996177513156648,4,630.900925964117
rank,7,7,32.9130272076623,Aviceda madagascariensis,Aviceda_madagascariensis,AVES,0.966374935173125,1,78280.2068724111
rank,7,7,32.9130272076623,Bernieria madagascariensis,Bernieria_madagascariensis,AVES,0.999999999972754,26,71080.0987073989
rank,7,7,32.9130272076623,Brachypteracias leptosomus,Brachypteracias_leptosomus,AVES,0.999667525659641,1,30171.8225227317
rank,7,7,32.9130272076623,Brachytarsomys albicauda,Brachytarsomys_albicauda,MAMMALIA,0.999999991596676,50,1815.17485363856
rank,7,7,32.9130272076623,Brachyuromys betsileoensis,Brachyuromys_betsileoensis,MAMMALIA,1,117,14393.3535949588
rank,7,7,32.9130272076623,Brachyuromys ramirohitra,Brachyuromys_ramirohitra,MAMMALIA,0.65541484639138,2,90.5857082977891
rank,7,7,32.9130272076623,Bradypterus brunneus,Bradypterus_brunneus,AVES,1,38,12772.3634521564
rank,7,7,32.9130272076623,Bradypterus seebohmi,Bradypterus_seebohmi,AVES,0.452718231585579,1,71.7493425011635
rank,7,7,32.9130272076623,Buteo brachypterus,Buteo_brachypterus,AVES,0.828589866146085,1,83521.3689316288
rank,7,7,32.9130272076623,Calicalicus madagascariensis,Calicalicus_madagascariensis,AVES,1,43,70952.3945887166
rank,7,7,32.9130272076623,Cheirogaleus crossleyi,Cheirogaleus_crossleyi,MAMMALIA,1,92,5731.87398069368
rank,7,7,32.9130272076623,Cheirogaleus major,Cheirogaleus_major,MAMMALIA,1,197,53349.1638205133
rank,7,7,32.9130272076623,Cheirogaleus medius,Cheirogaleus_medius,MAMMALIA,1,913,43790.0741795931
rank,7,7,32.9130272076623,Cinnyris notatus,Cinnyris_notatus,AVES,0.999999999998781,50,80452.7497351258
rank,7,7,32.9130272076623,Copsychus albospecularis,Copsychus_albospecularis,AVES,0.999999334360268,7,48511.0533415802
rank,7,7,32.9130272076623,Coracopsis nigra,Coracopsis_nigra,AVES,0.994441380669891,3,82014.9109849985
rank,7,7,32.9130272076623,Corythornis madagascariensis,Corythornis_madagascariensis,AVES,0.867061235630749,6,67196.5302998299
rank,7,7,32.9130272076623,Coua caerulea,Coua_caerulea,AVES,0.999731522985251,4,36098.4843229962
rank,7,7,32.9130272076623,Coua coquereli,Coua_coquereli,AVES,0.999965454925267,2,24851.7108037248
rank,7,7,32.9130272076623,Coua cristata,Coua_cristata,AVES,0.999989435580415,5,62092.0551018342
rank,7,7,32.9130272076623,Coua cursor,Coua_cursor,AVES,0.99962085176687,1,15500.1379366815
rank,7,7,32.9130272076623,Coua gigas,Coua_gigas,AVES,0.99982515804108,1,26823.6614061073
rank,7,7,32.9130272076623,Coua reynaudii,Coua_reynaudii,AVES,0.999731464545291,4,30271.3156522512
rank,7,7,32.9130272076623,Coua ruficeps,Coua_ruficeps,AVES,0.959346120072314,3,1327.46846918499
rank,7,7,32.9130272076623,Coua serriana,Coua_serriana,AVES,0.988508564719036,1,25455.3798238602
rank,7,7,32.9130272076623,Crossleyia xanthophrys,Crossleyia_xanthophrys,AVES,1,45,4117.99735637009
rank,7,7,32.9130272076623,Cryptoprocta ferox,Cryptoprocta_ferox,MAMMALIA,0.0281155459566992,3,29344.9067246491
rank,7,7,32.9130272076623,Cryptosylvicola randrianasoloi,Cryptosylvicola_randrianasoloi,AVES,1,39,5909.73896991462
rank,7,7,32.9130272076623,Cyanolanius madagascarinus,Cyanolanius_madagascarinus,AVES,0.999999993994758,21,77590.1502808154
rank,7,7,32.9130272076623,Daubentonia madagascariensis,Daubentonia_madagascariensis,MAMMALIA,1,61,25751.0862114301
rank,7,7,32.9130272076623,Echinops telfairi,Echinops_telfairi,MAMMALIA,1,373,43236.1005253792
rank,7,7,32.9130272076623,Eliurus antsingy,Eliurus_antsingy,MAMMALIA,0.0133748649300235,5,69.4813072830439
rank,7,7,32.9130272076623,Eliurus grandidieri,Eliurus_grandidieri,MAMMALIA,0.999641415738649,27,917.641006159482
rank,7,7,32.9130272076623,Eliurus majori,Eliurus_majori,MAMMALIA,1,259,36773.4516267702
rank,7,7,32.9130272076623,Eliurus minor,Eliurus_minor,MAMMALIA,1,1126,55588.3123872883
rank,7,7,32.9130272076623,Eliurus myoxinus,Eliurus_myoxinus,MAMMALIA,1,894,63599.0739783943
rank,7,7,32.9130272076623,Eliurus tanala,Eliurus_tanala,MAMMALIA,1,341,41002.7634595484
rank,7,7,32.9130272076623,Eliurus webbi,Eliurus_webbi,MAMMALIA,1,409,49233.1485251486
rank,7,7,32.9130272076623,Eremopterix hova,Eremopterix_hova,AVES,0.999999862347248,22,4111.79749785364
rank,7,7,32.9130272076623,Eulemur albifrons,Eulemur_albifrons,MAMMALIA,1,39,16163.639817238
rank,7,7,32.9130272076623,Eulemur cinereiceps,Eulemur_cinereiceps,MAMMALIA,1,173,74097.8033247098
rank,7,7,32.9130272076623,Eulemur collaris,Eulemur_collaris,MAMMALIA,1,128,73132.0167067391
rank,7,7,32.9130272076623,Eulemur coronatus,Eulemur_coronatus,MAMMALIA,1,183,18860.4092158325
rank,7,7,32.9130272076623,Eulemur flavifrons,Eulemur_flavifrons,MAMMALIA,0.000213248908682684,1,25.074716512655
rank,7,7,32.9130272076623,Eulemur fulvus,Eulemur_fulvus,MAMMALIA,1,153,74267.7141202172
rank,7,7,32.9130272076623,Eulemur macaco,Eulemur_macaco,MAMMALIA,1,54,35235.8363328427
rank,7,7,32.9130272076623,Eulemur mongoz,Eulemur_mongoz,MAMMALIA,0.99999995289805,33,2266.66703993082
rank,7,7,32.9130272076623,Eulemur rubriventer,Eulemur_rubriventer,MAMMALIA,1,206,62133.5135228012
rank,7,7,32.9130272076623,Eulemur rufus,Eulemur_rufus,MAMMALIA,1,170,41668.3089997768
rank,7,7,32.9130272076623,Eulemur sanfordi,Eulemur_sanfordi,MAMMALIA,1,201,74374.8366149276
rank,7,7,32.9130272076623,Euryceros prevostii,Euryceros_prevostii,AVES,0.999000955070916,3,2839.0629478842
rank,7,7,32.9130272076623,Falco zoniventris,Falco_zoniventris,AVES,0.914240108801054,1,57373.166195266
rank,7,7,32.9130272076623,Falculea palliata,Falculea_palliata,AVES,0.999999999998889,9,26961.3692135587
rank,7,7,32.9130272076623,Fossa fossana,Fossa_fossana,MAMMALIA,0.93196465267844,2,37115.4538903832
rank,7,7,32.9130272076623,Foudia madagascariensis,Foudia_madagascariensis,AVES,0.999998153873368,39,105970.555803314
rank,7,7,32.9130272076623,Foudia omissa,Foudia_omissa,AVES,0.999999999986349,18,40530.3103998154
rank,7,7,32.9130272076623,Gactornis enarratus,Gactornis_enarratus,AVES,0.999993727643243,5,39622.0403742343
rank,7,7,32.9130272076623,Galidia elegans,Galidia_elegans,MAMMALIA,0.924530091611615,4,37662.3299514242
rank,7,7,32.9130272076623,Galidictis fasciata,Galidictis_fasciata,MAMMALIA,0,3,4247.07071315497
rank,7,7,32.9130272076623,Geobiastes squamiger,Geobiastes_squamiger,AVES,0.999652519491625,4,10926.8523845822
rank,7,7,32.9130272076623,Geogale aurita,Geogale_aurita,MAMMALIA,1,592,25895.3317998191
rank,7,7,32.9130272076623,Gymnuromys roberti,Gymnuromys_roberti,MAMMALIA,1,141,24347.4401191028
rank,7,7,32.9130272076623,Haliaeetus vociferoides,Haliaeetus_vociferoides,AVES,0.0115773784314965,1,5133.49427342415
rank,7,7,32.9130272076623,Hapalemur alaotrensis,Hapalemur_alaotrensis,MAMMALIA,1,141,11439.9057848001
rank,7,7,32.9130272076623,Hapalemur aureus,Hapalemur_aureus,MAMMALIA,0.999999995692329,24,1820.55619611591
rank,7,7,32.9130272076623,Hapalemur griseus,Hapalemur_griseus,MAMMALIA,1,175,70249.6726178806
rank,7,7,32.9130272076623,Hapalemur occidentalis,Hapalemur_occidentalis,MAMMALIA,0.999995100328248,28,1026.71440970898
rank,7,7,32.9130272076623,Hartertula flavoviridis,Hartertula_flavoviridis,AVES,1,45,8110.84596121311
rank,7,7,32.9130272076623,Hartlaubius auratus,Hartlaubius_auratus,AVES,0.999981413143421,18,71880.6079318239
rank,7,7,32.9130272076623,Hemicentetes nigriceps,Hemicentetes_nigriceps,MAMMALIA,0.999953127257988,35,2052.96238155258
rank,7,7,32.9130272076623,Hemicentetes semispinosus,Hemicentetes_semispinosus,MAMMALIA,0.999999999999998,93,54055.5724000037
rank,7,7,32.9130272076623,Hypogeomys antimena,Hypogeomys_antimena,MAMMALIA,0.133821965840603,5,104.686912983656
rank,7,7,32.9130272076623,Hypositta corallirostris,Hypositta_corallirostris,AVES,0.99986343974956,13,48879.7448977977
rank,7,7,32.9130272076623,Indri indri,Indri_indri,MAMMALIA,0.999999999539775,13,48671.2659748902
rank,7,7,32.9130272076623,Lemur catta,Lemur_catta,MAMMALIA,1,194,19928.122950688
rank,7,7,32.9130272076623,Lepidopygia nana,Lepidopygia_nana,AVES,0.998462305288182,75,111175.739523616
rank,7,7,32.9130272076623,Lepilemur ankaranensis,Lepilemur_ankaranensis,MAMMALIA,0.942459903341428,13,361.823311685567
rank,7,7,32.9130272076623,Lepilemur edwardsi,Lepilemur_edwardsi,MAMMALIA,1,56,10363.7149990052
rank,7,7,32.9130272076623,Lepilemur leucopus,Lepilemur_leucopus,MAMMALIA,1,91,16710.734637022
rank,7,7,32.9130272076623,Lepilemur microdon,Lepilemur_microdon,MAMMALIA,0.999999999997001,34,4773.54297635564
rank,7,7,32.9130272076623,Lepilemur mustelinus,Lepilemur_mustelinus,MAMMALIA,1,232,65951.6918991879
rank,7,7,32.9130272076623,Lepilemur ruficaudatus,Lepilemur_ruficaudatus,MAMMALIA,1,176,15836.8218398263
rank,7,7,32.9130272076623,Leptopterus chabert,Leptopterus_chabert,AVES,0.999999009094402,24,95403.4719879404
rank,7,7,32.9130272076623,Lophotibis cristata,Lophotibis_cristata,AVES,0.999726261275061,2,62996.2416713483
rank,7,7,32.9130272076623,Macrotarsomys bastardi,Macrotarsomys_bastardi,MAMMALIA,1,277,8155.32697095466
rank,7,7,32.9130272076623,Margaroperdix madagarensis,Margaroperdix_madagarensis,AVES,0.99996617084841,1,82252.6769630984
rank,7,7,32.9130272076623,Mentocrex kioloides,Mentocrex_kioloides,AVES,0.997162168326688,1,28804.5145459597
rank,7,7,32.9130272076623,Mesitornis unicolor,Mesitornis_unicolor,AVES,0,1,89.8278131379858
rank,7,7,32.9130272076623,Mesitornis variegatus,Mesitornis_variegatus,AVES,0.998762356946553,5,2869.24937690049
rank,7,7,32.9130272076623,Microcebus berthae,Microcebus_berthae,MAMMALIA,1.52725555535582e-08,2,17.7781751081347
rank,7,7,32.9130272076623,Microcebus griseorufus,Microcebus_griseorufus,MAMMALIA,0.995769019106108,14,501.433658043884
rank,7,7,32.9130272076623,Microcebus murinus,Microcebus_murinus,MAMMALIA,1,1192,66629.0508443415
rank,7,7,32.9130272076623,Microcebus myoxinus,Microcebus_myoxinus,MAMMALIA,0.999999992654343,102,1124.39007911777
rank,7,7,32.9130272076623,Microcebus ravelobensis,Microcebus_ravelobensis,MAMMALIA,0.778620368188765,15,246.875988043973
rank,7,7,32.9130272076623,Microcebus rufus,Microcebus_rufus,MAMMALIA,1,1012,54724.0740639116
rank,7,7,32.9130272076623,Microcebus tavaratra,Microcebus_tavaratra,MAMMALIA,0.99348955741329,45,767.433245509863
rank,7,7,32.9130272076623,Microgale brevicaudata,Microgale_brevicaudata,MAMMALIA,1,682,25276.5839358568
rank,7,7,32.9130272076623,Microgale cowani,Microgale_cowani,MAMMALIA,1,464,46960.456718348
rank,7,7,32.9130272076623,Microgale drouhardi,Microgale_drouhardi,MAMMALIA,1,295,24195.0707617551
rank,7,7,32.9130272076623,Microgale dryas,Microgale_dryas,MAMMALIA,0.897201399235259,47,1369.92029440585
rank,7,7,32.9130272076623,Microgale fotsifotsy,Microgale_fotsifotsy,MAMMALIA,1,367,28055.685119762
rank,7,7,32.9130272076623,Microgale gracilis,Microgale_gracilis,MAMMALIA,0.999999999998795,118,9616.30546971204
rank,7,7,32.9130272076623,Microgale gymnorhyncha,Microgale_gymnorhyncha,MAMMALIA,1,127,17789.2234985268
rank,7,7,32.9130272076623,Microgale longicaudata,Microgale_longicaudata,MAMMALIA,1,798,47797.3250208558
rank,7,7,32.9130272076623,Microgale mergulus,Microgale_mergulus,MAMMALIA,0.999999999999896,71,5562.61775285862
rank,7,7,32.9130272076623,Microgale parvula,Microgale_parvula,MAMMALIA,0.999999999999817,911,49926.0558723589
rank,7,7,32.9130272076623,Microgale principula,Microgale_principula,MAMMALIA,1,511,42503.3685982674
rank,7,7,32.9130272076623,Microgale pusilla,Microgale_pusilla,MAMMALIA,0.99999999901257,376,16903.3929092225
rank,7,7,32.9130272076623,Microgale soricoides,Microgale_soricoides,MAMMALIA,1,135,24254.8324877077
rank,7,7,32.9130272076623,Microgale taiva,Microgale_taiva,MAMMALIA,1,284,35744.127205506
rank,7,7,32.9130272076623,Microgale thomasi,Microgale_thomasi,MAMMALIA,1,95,20681.2644683495
rank,7,7,32.9130272076623,Mirza coquereli,Mirza_coquereli,MAMMALIA,0.999997589067307,53,2653.0007427779
rank,7,7,32.9130272076623,Monias benschi,Monias_benschi,AVES,0,1,82.9420458882274
rank,7,7,32.9130272076623,Monticola erythronotus,Monticola_erythronotus,AVES,0.505764981643065,1,97.4973036619822
rank,7,7,32.9130272076623,Monticola sharpei,Monticola_sharpei,AVES,0.999999999999996,32,73229.1700239331
rank,7,7,32.9130272076623,Monticolomys koopmani,Monticolomys_koopmani,MAMMALIA,0.132627251095215,6,104.060766987503
rank,7,7,32.9130272076623,Motacilla flaviventris,Motacilla_flaviventris,AVES,1,34,15798.750876372
rank,7,7,32.9130272076623,Mystacornis crossleyi,Mystacornis_crossleyi,AVES,0.999999999996584,11,39632.3223378509
rank,7,7,32.9130272076623,Neodrepanis coruscans,Neodrepanis_coruscans,AVES,0.999998833107574,15,26264.2114223686
rank,7,7,32.9130272076623,Neodrepanis hypoxantha,Neodrepanis_hypoxantha,AVES,0.0211788111247608,3,88.4296057149768
rank,7,7,32.9130272076623,Neomixis striatigula,Neomixis_striatigula,AVES,0.999999977012468,25,45646.635405384
rank,7,7,32.9130272076623,Neomixis tenella,Neomixis_tenella,AVES,1,83,75785.7773972675
rank,7,7,32.9130272076623,Neomixis viridis,Neomixis_viridis,AVES,0.999999990716558,23,43297.1844898909
rank,7,7,32.9130272076623,Nesillas lantzii,Nesillas_lantzii,AVES,0.999983000083502,3,2703.9328436479
rank,7,7,32.9130272076623,Nesogale dobsoni,Nesogale_dobsoni,MAMMALIA,1,319,52135.1828726976
rank,7,7,32.9130272076623,Nesogale talazaci,Nesogale_talazaci,MAMMALIA,1,180,49837.5635846481
rank,7,7,32.9130272076623,Nesomys audeberti,Nesomys_audeberti,MAMMALIA,1,111,4404.70734705302
rank,7,7,32.9130272076623,Nesomys lambertoni,Nesomys_lambertoni,MAMMALIA,0.999983982375401,29,958.575495295227
rank,7,7,32.9130272076623,Nesomys rufus,Nesomys_rufus,MAMMALIA,1,186,37760.2188693881
rank,7,7,32.9130272076623,Newtonia amphichroa,Newtonia_amphichroa,AVES,1,17,35910.1933058873
rank,7,7,32.9130272076623,Newtonia archboldi,Newtonia_archboldi,AVES,0.999743205924592,10,2057.60292387809
rank,7,7,32.9130272076623,Newtonia brunneicauda,Newtonia_brunneicauda,AVES,1,62,90365.1637694314
rank,7,7,32.9130272076623,Newtonia fanovanae,Newtonia_fanovanae,AVES,0.353055283448657,2,98.2207024819943
rank,7,7,32.9130272076623,Oriolia bernieri,Oriolia_bernieri,AVES,0.999997529517201,13,14262.3456658348
rank,7,7,32.9130272076623,Oryzorictes hova,Oryzorictes_hova,MAMMALIA,1,278,50774.9982449636
rank,7,7,32.9130272076623,Oryzorictes tetradactylus,Oryzorictes_tetradactylus,MAMMALIA,1,155,10717.5339834051
rank,7,7,32.9130272076623,Otus rutilus,Otus_rutilus,AVES,0.999999680438688,4,81155.4014330357
rank,7,7,32.9130272076623,Oxylabes madagascariensis,Oxylabes_madagascariensis,AVES,0.99999999999984,17,41531.5421845764
rank,7,7,32.9130272076623,Phaner electromontis,Phaner_electromontis,MAMMALIA,1.1181189119025e-07,1,17.4337788633315
rank,7,7,32.9130272076623,Phaner furcifer,Phaner_furcifer,MAMMALIA,0.887905466959644,58,892.662774423171
rank,7,7,32.9130272076623,Phaner pallescens,Phaner_pallescens,MAMMALIA,0.999999999997009,57,3504.14815962315
rank,7,7,32.9130272076623,Phaner parienti,Phaner_parienti,MAMMALIA,0.00280017666108967,1,24.4501852478648
rank,7,7,32.9130272076623,Philepitta castanea,Philepitta_castanea,AVES,0.98211574517246,4,33738.0790612698
rank,7,7,32.9130272076623,Philepitta schlegeli,Philepitta_schlegeli,AVES,0.988278027030843,14,4281.37986122647
rank,7,7,32.9130272076623,Ploceus nelicourvi,Ploceus_nelicourvi,AVES,0.999999999824918,14,47985.0862089545
rank,7,7,32.9130272076623,Ploceus sakalava,Ploceus_sakalava,AVES,0.999999999751695,35,34952.2329376265
rank,7,7,32.9130272076623,Polyboroides radiatus,Polyboroides_radiatus,AVES,0.997938690832978,1,88302.6963021405
rank,7,7,32.9130272076623,Pseudobias wardi,Pseudobias_wardi,AVES,0.999999999999991,15,36143.2622340098
rank,7,7,32.9130272076623,Pterocles personatus,Pterocles_personatus,AVES,0.940123497880854,5,7087.00341547594
rank,7,7,32.9130272076623,Rallus madagascariensis,Rallus_madagascariensis,AVES,0.999999431971117,5,14553.5629941739
rank,7,7,32.9130272076623,Randia pseudozosterops,Randia_pseudozosterops,AVES,0.999993848256796,7,36245.7739677834
rank,7,7,32.9130272076623,Sarothrura insularis,Sarothrura_insularis,AVES,0.999623064016667,8,57466.8423687294
rank,7,7,32.9130272076623,Schetba rufa,Schetba_rufa,AVES,0.999999999999924,25,24227.249326773
rank,7,7,32.9130272076623,Setifer setosus,Setifer_setosus,MAMMALIA,1,214,85918.3695316017
rank,7,7,32.9130272076623,Tenrec ecaudatus,Tenrec_ecaudatus,MAMMALIA,1,108,92571.8206359819
rank,7,7,32.9130272076623,Thamnornis chloropetoides,Thamnornis_chloropetoides,AVES,0.999977507869225,5,3407.17432130128
rank,7,7,32.9130272076623,Treron australis,Treron_australis,AVES,0.995608143216445,1,87492.4020080715
rank,7,7,32.9130272076623,Turnix nigricollis,Turnix_nigricollis,AVES,0.999911364514301,2,98138.2225411013
rank,7,7,32.9130272076623,Tylas eduardi,Tylas_eduardi,AVES,0.999999891455754,10,47106.5359233916
rank,7,7,32.9130272076623,Vanga curvirostris,Vanga_curvirostris,AVES,0.99992837439233,11,96380.9616105405
rank,7,7,32.9130272076623,Varecia rubra,Varecia_rubra,MAMMALIA,1,56,55210.7637620265
rank,7,7,32.9130272076623,Varecia variegata,Varecia_variegata,MAMMALIA,1,35,54666.1977017446
rank,7,7,32.9130272076623,Xanthomixis apperti,Xanthomixis_apperti,AVES,0.441311210122258,1,68.4073899760842
rank,7,7,32.9130272076623,Xanthomixis cinereiceps,Xanthomixis_cinereiceps,AVES,1,22,15960.0952549502
rank,7,7,32.9130272076623,Xanthomixis zosterops,Xanthomixis_zosterops,AVES,0.999999998592872,21,48471.8829278946
rank,7,7,32.9130272076623,Xenopirostris damii,Xenopirostris_damii,AVES,0.00179910766481406,1,93.5023440420628
rank,7,7,32.9130272076623,Xenopirostris polleni,Xenopirostris_polleni,AVES,0.999999951752024,8,15978.2143715838
rank,7,7,32.9130272076623,Xenopirostris xenopirostris,Xenopirostris_xenopirostris,AVES,0.96505807541122,1,1102.55740338564
rank,8,8,37.603063945369,Accipiter henstii,Accipiter_henstii,AVES,0.693704528668961,1,57632.9274021094
rank,8,8,37.603063945369,Accipiter madagascariensis,Accipiter_madagascariensis,AVES,0.897087524197648,1,70385.447310485
rank,8,8,37.603063945369,Acrocephalus newtoni,Acrocephalus_newtoni,AVES,1,38,84399.5589742272
rank,8,8,37.603063945369,Alectroenas madagascariensis,Alectroenas_madagascariensis,AVES,0.995712123109323,7,47935.9825773458
rank,8,8,37.603063945369,Allocebus trichotis,Allocebus_trichotis,MAMMALIA,0.00783473494650444,3,72.1001097112894
rank,8,8,37.603063945369,Anas bernieri,Anas_bernieri,AVES,0,1,161.555721102021
rank,8,8,37.603063945369,Apus balstoni,Apus_balstoni,AVES,0.999999262136044,11,67020.3168215557
rank,8,8,37.603063945369,Artamella viridis,Artamella_viridis,AVES,0.99999995259971,16,77132.2779146982
rank,8,8,37.603063945369,Asio madagascariensis,Asio_madagascariensis,AVES,0.838161715930528,2,51245.852533055
rank,8,8,37.603063945369,Atelornis crossleyi,Atelornis_crossleyi,AVES,0.999998758967357,7,11572.6222161697
rank,8,8,37.603063945369,Atelornis pittoides,Atelornis_pittoides,AVES,0.999631739411087,3,34450.3207824589
rank,8,8,37.603063945369,Athene superciliaris,Athene_superciliaris,AVES,0.999991214030062,2,52826.2271948755
rank,8,8,37.603063945369,Avahi laniger,Avahi_laniger,MAMMALIA,1,80,31792.0185072009
rank,8,8,37.603063945369,Avahi occidentalis,Avahi_occidentalis,MAMMALIA,0.996177513156648,4,630.900925964117
rank,8,8,37.603063945369,Aviceda madagascariensis,Aviceda_madagascariensis,AVES,0.962453621210812,1,71728.7102394551
rank,8,8,37.603063945369,Bernieria madagascariensis,Bernieria_madagascariensis,AVES,0.999999999941225,30,67998.1858077687
rank,8,8,37.603063945369,Brachypteracias leptosomus,Brachypteracias_leptosomus,AVES,0.999639561992718,1,28867.7041380927
rank,8,8,37.603063945369,Brachytarsomys albicauda,Brachytarsomys_albicauda,MAMMALIA,0.999999991596676,50,1815.17485363856
rank,8,8,37.603063945369,Brachyuromys betsileoensis,Brachyuromys_betsileoensis,MAMMALIA,1,120,14052.1809424758
rank,8,8,37.603063945369,Brachyuromys ramirohitra,Brachyuromys_ramirohitra,MAMMALIA,0.65541484639138,2,90.5857082977891
rank,8,8,37.603063945369,Bradypterus brunneus,Bradypterus_brunneus,AVES,1,38,12772.3634521564
rank,8,8,37.603063945369,Bradypterus seebohmi,Bradypterus_seebohmi,AVES,0.452718231585579,1,71.7493425011635
rank,8,8,37.603063945369,Buteo brachypterus,Buteo_brachypterus,AVES,0.816687291370598,1,77262.9301923216
rank,8,8,37.603063945369,Calicalicus madagascariensis,Calicalicus_madagascariensis,AVES,1,46,67745.1730424076
rank,8,8,37.603063945369,Cheirogaleus crossleyi,Cheirogaleus_crossleyi,MAMMALIA,1,92,5731.87398069368
rank,8,8,37.603063945369,Cheirogaleus major,Cheirogaleus_major,MAMMALIA,1,200,50691.4497866684
rank,8,8,37.603063945369,Cheirogaleus medius,Cheirogaleus_medius,MAMMALIA,1,852,40285.9989009798
rank,8,8,37.603063945369,Cinnyris notatus,Cinnyris_notatus,AVES,0.999999999999998,52,76643.8026306039
rank,8,8,37.603063945369,Copsychus albospecularis,Copsychus_albospecularis,AVES,0.999999161638097,7,46673.9303656275
rank,8,8,37.603063945369,Coracopsis nigra,Coracopsis_nigra,AVES,0.994051722022953,3,77122.3128993777
rank,8,8,37.603063945369,Corythornis madagascariensis,Corythornis_madagascariensis,AVES,0.862702206730353,7,64436.0454575409
rank,8,8,37.603063945369,Coua caerulea,Coua_caerulea,AVES,0.999710600670192,3,34571.2943091589
rank,8,8,37.603063945369,Coua coquereli,Coua_coquereli,AVES,0.999995678076262,4,22996.7012363002
rank,8,8,37.603063945369,Coua cristata,Coua_cristata,AVES,0.99998791107411,4,58972.7039473578
rank,8,8,37.603063945369,Coua cursor,Coua_cursor,AVES,0.999501795061449,1,13561.8018578589
rank,8,8,37.603063945369,Coua gigas,Coua_gigas,AVES,0.999797621670777,1,25022.7962746546
rank,8,8,37.603063945369,Coua reynaudii,Coua_reynaudii,AVES,0.999683825753356,4,29211.8684182465
rank,8,8,37.603063945369,Coua ruficeps,Coua_ruficeps,AVES,0.959346120072314,3,1327.46846918499
rank,8,8,37.603063945369,Coua serriana,Coua_serriana,AVES,0.987859056498963,1,24366.5691364766
rank,8,8,37.603063945369,Crossleyia xanthophrys,Crossleyia_xanthophrys,AVES,1,45,4117.99735637009
rank,8,8,37.603063945369,Cryptoprocta ferox,Cryptoprocta_ferox,MAMMALIA,0.0152322356768699,3,27490.703845457
rank,8,8,37.603063945369,Cryptosylvicola randrianasoloi,Cryptosylvicola_randrianasoloi,AVES,1,39,5909.73896991462
rank,8,8,37.603063945369,Cyanolanius madagascarinus,Cyanolanius_madagascarinus,AVES,0.999999999970165,22,73994.1570949946
rank,8,8,37.603063945369,Daubentonia madagascariensis,Daubentonia_madagascariensis,MAMMALIA,1,66,24832.4861857609
rank,8,8,37.603063945369,Echinops telfairi,Echinops_telfairi,MAMMALIA,1,356,39231.808063753
rank,8,8,37.603063945369,Eliurus antsingy,Eliurus_antsingy,MAMMALIA,0.0133748649300235,5,69.4813072830439
rank,8,8,37.603063945369,Eliurus grandidieri,Eliurus_grandidieri,MAMMALIA,0.999641415738649,27,917.641006159482
rank,8,8,37.603063945369,Eliurus majori,Eliurus_majori,MAMMALIA,1,259,34899.9501450583
rank,8,8,37.603063945369,Eliurus minor,Eliurus_minor,MAMMALIA,1,1105,53026.4078658773
rank,8,8,37.603063945369,Eliurus myoxinus,Eliurus_myoxinus,MAMMALIA,1,855,59143.651085034
rank,8,8,37.603063945369,Eliurus tanala,Eliurus_tanala,MAMMALIA,1,342,38905.2650959268
rank,8,8,37.603063945369,Eliurus webbi,Eliurus_webbi,MAMMALIA,1,401,46894.3675844669
rank,8,8,37.603063945369,Eremopterix hova,Eremopterix_hova,AVES,0.999999862347248,22,4111.79749785364
rank,8,8,37.603063945369,Eulemur albifrons,Eulemur_albifrons,MAMMALIA,1,36,15125.2178714161
rank,8,8,37.603063945369,Eulemur cinereiceps,Eulemur_cinereiceps,MAMMALIA,1,173,70613.9038146386
rank,8,8,37.603063945369,Eulemur collaris,Eulemur_collaris,MAMMALIA,1,134,69706.3787197286
rank,8,8,37.603063945369,Eulemur coronatus,Eulemur_coronatus,MAMMALIA,1,184,18367.801314745
rank,8,8,37.603063945369,Eulemur flavifrons,Eulemur_flavifrons,MAMMALIA,0.000213248908682684,1,25.074716512655
rank,8,8,37.603063945369,Eulemur fulvus,Eulemur_fulvus,MAMMALIA,1,154,70778.8345824695
rank,8,8,37.603063945369,Eulemur macaco,Eulemur_macaco,MAMMALIA,1,58,34170.2128538266
rank,8,8,37.603063945369,Eulemur mongoz,Eulemur_mongoz,MAMMALIA,0.99999995289805,33,2266.66703993082
rank,8,8,37.603063945369,Eulemur rubriventer,Eulemur_rubriventer,MAMMALIA,1,216,59315.4602335973
rank,8,8,37.603063945369,Eulemur rufus,Eulemur_rufus,MAMMALIA,1,161,39513.5629416853
rank,8,8,37.603063945369,Eulemur sanfordi,Eulemur_sanfordi,MAMMALIA,1,204,70893.2661715043
rank,8,8,37.603063945369,Euryceros prevostii,Euryceros_prevostii,AVES,0.999000955070916,3,2839.0629478842
rank,8,8,37.603063945369,Falco zoniventris,Falco_zoniventris,AVES,0.908848839430261,1,53950.9303414077
rank,8,8,37.603063945369,Falculea palliata,Falculea_palliata,AVES,0.999999999996762,9,25423.9659666643
rank,8,8,37.603063945369,Fossa fossana,Fossa_fossana,MAMMALIA,0.869709051637213,3,35014.7978456199
rank,8,8,37.603063945369,Foudia madagascariensis,Foudia_madagascariensis,AVES,0.999999919509138,43,98812.9477838203
rank,8,8,37.603063945369,Foudia omissa,Foudia_omissa,AVES,0.999999999977736,19,38538.5847308636
rank,8,8,37.603063945369,Gactornis enarratus,Gactornis_enarratus,AVES,0.999990178546054,5,37904.3033107743
rank,8,8,37.603063945369,Galidia elegans,Galidia_elegans,MAMMALIA,0.631930072103571,6,35832.5317086585
rank,8,8,37.603063945369,Galidictis fasciata,Galidictis_fasciata,MAMMALIA,0,3,4247.07071315497
rank,8,8,37.603063945369,Geobiastes squamiger,Geobiastes_squamiger,AVES,0.999652519491625,4,10926.8523845822
rank,8,8,37.603063945369,Geogale aurita,Geogale_aurita,MAMMALIA,1,573,24301.4730796441
rank,8,8,37.603063945369,Gymnuromys roberti,Gymnuromys_roberti,MAMMALIA,1,143,22974.8127456005
rank,8,8,37.603063945369,Haliaeetus vociferoides,Haliaeetus_vociferoides,AVES,0.0115773784314965,1,5133.49427342415
rank,8,8,37.603063945369,Hapalemur alaotrensis,Hapalemur_alaotrensis,MAMMALIA,1,141,11439.9057848001
rank,8,8,37.603063945369,Hapalemur aureus,Hapalemur_aureus,MAMMALIA,0.999999995692329,24,1820.55619611591
rank,8,8,37.603063945369,Hapalemur griseus,Hapalemur_griseus,MAMMALIA,1,184,67133.7688046543
rank,8,8,37.603063945369,Hapalemur occidentalis,Hapalemur_occidentalis,MAMMALIA,0.999995100328248,28,1026.71440970898
rank,8,8,37.603063945369,Hartertula flavoviridis,Hartertula_flavoviridis,AVES,1,45,8110.84596121311
rank,8,8,37.603063945369,Hartlaubius auratus,Hartlaubius_auratus,AVES,0.999994159840732,21,68778.2564403018
rank,8,8,37.603063945369,Hemicentetes nigriceps,Hemicentetes_nigriceps,MAMMALIA,0.999953127257988,35,2052.96238155258
rank,8,8,37.603063945369,Hemicentetes semispinosus,Hemicentetes_semispinosus,MAMMALIA,1,97,51432.7797378972
rank,8,8,37.603063945369,Hypogeomys antimena,Hypogeomys_antimena,MAMMALIA,0.133821965840603,5,104.686912983656
rank,8,8,37.603063945369,Hypositta corallirostris,Hypositta_corallirostris,AVES,0.999928922032629,15,46372.1543697864
rank,8,8,37.603063945369,Indri indri,Indri_indri,MAMMALIA,0.999999999438302,13,45939.7125675218
rank,8,8,37.603063945369,Lemur catta,Lemur_catta,MAMMALIA,1,188,17931.2427154183
rank,8,8,37.603063945369,Lepidopygia nana,Lepidopygia_nana,AVES,0.997906379353975,75,106194.365894926
rank,8,8,37.603063945369,Lepilemur ankaranensis,Lepilemur_ankaranensis,MAMMALIA,0.942459903341428,13,361.823311685567
rank,8,8,37.603063945369,Lepilemur edwardsi,Lepilemur_edwardsi,MAMMALIA,1,56,10363.7149990052
rank,8,8,37.603063945369,Lepilemur leucopus,Lepilemur_leucopus,MAMMALIA,1,80,14004.4768072739
rank,8,8,37.603063945369,Lepilemur microdon,Lepilemur_microdon,MAMMALIA,0.999999999997001,34,4773.54297635564
rank,8,8,37.603063945369,Lepilemur mustelinus,Lepilemur_mustelinus,MAMMALIA,1,229,60965.6743163318
rank,8,8,37.603063945369,Lepilemur ruficaudatus,Lepilemur_ruficaudatus,MAMMALIA,1,157,13902.4305131087
rank,8,8,37.603063945369,Leptopterus chabert,Leptopterus_chabert,AVES,0.999999867798675,26,88955.2763807103
rank,8,8,37.603063945369,Lophotibis cristata,Lophotibis_cristata,AVES,0.99970238903021,2,60309.1203936619
rank,8,8,37.603063945369,Macrotarsomys bastardi,Macrotarsomys_bastardi,MAMMALIA,1,277,8155.32697095466
rank,8,8,37.603063945369,Margaroperdix madagarensis,Margaroperdix_madagarensis,AVES,0.999962687360584,1,77446.341014117
rank,8,8,37.603063945369,Mentocrex kioloides,Mentocrex_kioloides,AVES,0.999922017379037,2,27524.2273584157
rank,8,8,37.603063945369,Mesitornis unicolor,Mesitornis_unicolor,AVES,0,1,89.8278131379858
rank,8,8,37.603063945369,Mesitornis variegatus,Mesitornis_variegatus,AVES,0.998762356946553,5,2869.24937690049
rank,8,8,37.603063945369,Microcebus berthae,Microcebus_berthae,MAMMALIA,1.52725555535582e-08,2,17.7781751081347
rank,8,8,37.603063945369,Microcebus griseorufus,Microcebus_griseorufus,MAMMALIA,0.995769019106108,14,501.433658043884
rank,8,8,37.603063945369,Microcebus murinus,Microcebus_murinus,MAMMALIA,1,1130,61806.0135753751
rank,8,8,37.603063945369,Microcebus myoxinus,Microcebus_myoxinus,MAMMALIA,0.999999992654343,102,1124.39007911777
rank,8,8,37.603063945369,Microcebus ravelobensis,Microcebus_ravelobensis,MAMMALIA,0.778620368188765,15,246.875988043973
rank,8,8,37.603063945369,Microcebus rufus,Microcebus_rufus,MAMMALIA,1,1004,51934.619063009
rank,8,8,37.603063945369,Microcebus tavaratra,Microcebus_tavaratra,MAMMALIA,0.99348955741329,45,767.433245509863
rank,8,8,37.603063945369,Microgale brevicaudata,Microgale_brevicaudata,MAMMALIA,1,658,24533.4739816561
rank,8,8,37.603063945369,Microgale cowani,Microgale_cowani,MAMMALIA,1,463,44455.2301784977
rank,8,8,37.603063945369,Microgale drouhardi,Microgale_drouhardi,MAMMALIA,1,293,23666.999620162
rank,8,8,37.603063945369,Microgale dryas,Microgale_dryas,MAMMALIA,0.897201399235259,47,1369.92029440585
rank,8,8,37.603063945369,Microgale fotsifotsy,Microgale_fotsifotsy,MAMMALIA,1,358,27468.8154462057
rank,8,8,37.603063945369,Microgale gracilis,Microgale_gracilis,MAMMALIA,0.999999999998795,118,9616.30546971204
rank,8,8,37.603063945369,Microgale gymnorhyncha,Microgale_gymnorhyncha,MAMMALIA,1,124,16380.8880637939
rank,8,8,37.603063945369,Microgale longicaudata,Microgale_longicaudata,MAMMALIA,1,795,45351.7462449161
rank,8,8,37.603063945369,Microgale mergulus,Microgale_mergulus,MAMMALIA,0.999999999999896,71,5562.61775285862
rank,8,8,37.603063945369,Microgale parvula,Microgale_parvula,MAMMALIA,1,900,47455.3845092864
rank,8,8,37.603063945369,Microgale principula,Microgale_principula,MAMMALIA,1,505,40247.1662426069
rank,8,8,37.603063945369,Microgale pusilla,Microgale_pusilla,MAMMALIA,0.999999997663171,373,15940.7193263738
rank,8,8,37.603063945369,Microgale soricoides,Microgale_soricoides,MAMMALIA,1,135,22756.8484161534
rank,8,8,37.603063945369,Microgale taiva,Microgale_taiva,MAMMALIA,1,288,33769.9852741435
rank,8,8,37.603063945369,Microgale thomasi,Microgale_thomasi,MAMMALIA,1,95,19811.3921149895
rank,8,8,37.603063945369,Mirza coquereli,Mirza_coquereli,MAMMALIA,0.999997589067307,53,2653.0007427779
rank,8,8,37.603063945369,Monias benschi,Monias_benschi,AVES,0,1,82.9420458882274
rank,8,8,37.603063945369,Monticola erythronotus,Monticola_erythronotus,AVES,0.505764981643065,1,97.4973036619822
rank,8,8,37.603063945369,Monticola sharpei,Monticola_sharpei,AVES,0.999999999999995,34,67044.3499757201
rank,8,8,37.603063945369,Monticolomys koopmani,Monticolomys_koopmani,MAMMALIA,0.132627251095215,6,104.060766987503
rank,8,8,37.603063945369,Motacilla flaviventris,Motacilla_flaviventris,AVES,1,35,13837.4658601309
rank,8,8,37.603063945369,Mystacornis crossleyi,Mystacornis_crossleyi,AVES,0.999999999994483,12,37700.9240529984
rank,8,8,37.603063945369,Neodrepanis coruscans,Neodrepanis_coruscans,AVES,0.999998224049067,14,25068.3916868567
rank,8,8,37.603063945369,Neodrepanis hypoxantha,Neodrepanis_hypoxantha,AVES,0.0211788111247608,3,88.4296057149768
rank,8,8,37.603063945369,Neomixis striatigula,Neomixis_striatigula,AVES,0.999999999770379,27,43263.6655297205
rank,8,8,37.603063945369,Neomixis tenella,Neomixis_tenella,AVES,1,85,71682.5914107859
rank,8,8,37.603063945369,Neomixis viridis,Neomixis_viridis,AVES,0.999999999342562,24,40928.4727574736
rank,8,8,37.603063945369,Nesillas lantzii,Nesillas_lantzii,AVES,0.999983000083502,3,2703.9328436479
rank,8,8,37.603063945369,Nesogale dobsoni,Nesogale_dobsoni,MAMMALIA,1,326,49584.1163852951
rank,8,8,37.603063945369,Nesogale talazaci,Nesogale_talazaci,MAMMALIA,1,185,47315.2947107032
rank,8,8,37.603063945369,Nesomys audeberti,Nesomys_audeberti,MAMMALIA,1,111,4404.70734705302
rank,8,8,37.603063945369,Nesomys lambertoni,Nesomys_lambertoni,MAMMALIA,0.999983982375401,29,958.575495295227
rank,8,8,37.603063945369,Nesomys rufus,Nesomys_rufus,MAMMALIA,1,183,35807.6883027224
rank,8,8,37.603063945369,Newtonia amphichroa,Newtonia_amphichroa,AVES,1,18,33926.2332983241
rank,8,8,37.603063945369,Newtonia archboldi,Newtonia_archboldi,AVES,0.999743205924592,10,2057.60292387809
rank,8,8,37.603063945369,Newtonia brunneicauda,Newtonia_brunneicauda,AVES,1,64,85216.47270374
rank,8,8,37.603063945369,Newtonia fanovanae,Newtonia_fanovanae,AVES,0.353055283448657,2,98.2207024819943
rank,8,8,37.603063945369,Oriolia bernieri,Oriolia_bernieri,AVES,0.999999947719613,15,13988.7819090337
rank,8,8,37.603063945369,Oryzorictes hova,Oryzorictes_hova,MAMMALIA,1,283,48438.3407212645
rank,8,8,37.603063945369,Oryzorictes tetradactylus,Oryzorictes_tetradactylus,MAMMALIA,1,155,10717.5339834051
rank,8,8,37.603063945369,Otus rutilus,Otus_rutilus,AVES,0.999999624589138,4,77490.3902615532
rank,8,8,37.603063945369,Oxylabes madagascariensis,Oxylabes_madagascariensis,AVES,0.999999999999891,20,39508.8871189058
rank,8,8,37.603063945369,Phaner electromontis,Phaner_electromontis,MAMMALIA,1.1181189119025e-07,1,17.4337788633315
rank,8,8,37.603063945369,Phaner furcifer,Phaner_furcifer,MAMMALIA,0.887905466959644,58,892.662774423171
rank,8,8,37.603063945369,Phaner pallescens,Phaner_pallescens,MAMMALIA,0.999999999997009,57,3504.14815962315
rank,8,8,37.603063945369,Phaner parienti,Phaner_parienti,MAMMALIA,0.00280017666108967,1,24.4501852478648
rank,8,8,37.603063945369,Philepitta castanea,Philepitta_castanea,AVES,0.981182006201324,4,31727.7979868352
rank,8,8,37.603063945369,Philepitta schlegeli,Philepitta_schlegeli,AVES,0.988278027030843,14,4281.37986122647
rank,8,8,37.603063945369,Ploceus nelicourvi,Ploceus_nelicourvi,AVES,0.999999999776461,15,45569.8494227082
rank,8,8,37.603063945369,Ploceus sakalava,Ploceus_sakalava,AVES,0.999999999979521,37,32281.9337264076
rank,8,8,37.603063945369,Polyboroides radiatus,Polyboroides_radiatus,AVES,0.997649848006087,1,81617.0383548234
rank,8,8,37.603063945369,Pseudobias wardi,Pseudobias_wardi,AVES,0.999999999999907,14,34425.9760665372
rank,8,8,37.603063945369,Pterocles personatus,Pterocles_personatus,AVES,0.940123497880854,5,7087.00341547594
rank,8,8,37.603063945369,Rallus madagascariensis,Rallus_madagascariensis,AVES,0.999999267470356,5,14144.4398790755
rank,8,8,37.603063945369,Randia pseudozosterops,Randia_pseudozosterops,AVES,0.999993327538983,7,34535.531855115
rank,8,8,37.603063945369,Sarothrura insularis,Sarothrura_insularis,AVES,0.999586352611863,10,54774.3816125244
rank,8,8,37.603063945369,Schetba rufa,Schetba_rufa,AVES,0.999999999999996,26,23271.4719036967
rank,8,8,37.603063945369,Setifer setosus,Setifer_setosus,MAMMALIA,1,221,80499.4378204718
rank,8,8,37.603063945369,Tenrec ecaudatus,Tenrec_ecaudatus,MAMMALIA,1,116,87756.1624533981
rank,8,8,37.603063945369,Thamnornis chloropetoides,Thamnornis_chloropetoides,AVES,0.999977507869225,5,3407.17432130128
rank,8,8,37.603063945369,Treron australis,Treron_australis,AVES,0.995163159494211,1,80271.875037849
rank,8,8,37.603063945369,Turnix nigricollis,Turnix_nigricollis,AVES,0.999950358311042,3,89986.3305721209
rank,8,8,37.603063945369,Tylas eduardi,Tylas_eduardi,AVES,0.999999875360005,11,44725.7641728371
rank,8,8,37.603063945369,Vanga curvirostris,Vanga_curvirostris,AVES,0.999889637958276,12,89724.9168202825
rank,8,8,37.603063945369,Varecia rubra,Varecia_rubra,MAMMALIA,1,58,52506.8395697051
rank,8,8,37.603063945369,Varecia variegata,Varecia_variegata,MAMMALIA,1,39,51983.909272457
rank,8,8,37.603063945369,Xanthomixis apperti,Xanthomixis_apperti,AVES,0.441311210122258,1,68.4073899760842
rank,8,8,37.603063945369,Xanthomixis cinereiceps,Xanthomixis_cinereiceps,AVES,1,24,14533.351640366
rank,8,8,37.603063945369,Xanthomixis zosterops,Xanthomixis_zosterops,AVES,0.999999999358091,22,46060.4607178271
rank,8,8,37.603063945369,Xenopirostris damii,Xenopirostris_damii,AVES,0.00179910766481406,1,93.5023440420628
rank,8,8,37.603063945369,Xenopirostris polleni,Xenopirostris_polleni,AVES,0.999999996473387,9,15305.3743712087
rank,8,8,37.603063945369,Xenopirostris xenopirostris,Xenopirostris_xenopirostris,AVES,0.96505807541122,1,1102.55740338564
rank,9,9,42.294366853716,Accipiter henstii,Accipiter_henstii,AVES,0.67985258774446,1,54353.2822625028
rank,9,9,42.294366853716,Accipiter madagascariensis,Accipiter_madagascariensis,AVES,0.888851567513735,1,65100.912185438
rank,9,9,42.294366853716,Acrocephalus newtoni,Acrocephalus_newtoni,AVES,1,42,79642.7347844982
rank,9,9,42.294366853716,Alectroenas madagascariensis,Alectroenas_madagascariensis,AVES,0.994992533786937,7,45837.9249437022
rank,9,9,42.294366853716,Allocebus trichotis,Allocebus_trichotis,MAMMALIA,0.00783473494650444,3,72.1001097112894
rank,9,9,42.294366853716,Anas bernieri,Anas_bernieri,AVES,0,1,161.555721102021
rank,9,9,42.294366853716,Apus balstoni,Apus_balstoni,AVES,0.99999678258232,11,62842.7385259587
rank,9,9,42.294366853716,Artamella viridis,Artamella_viridis,AVES,0.99999999992675,20,71503.2867823612
rank,9,9,42.294366853716,Asio madagascariensis,Asio_madagascariensis,AVES,0.830834354626695,2,48498.8574562296
rank,9,9,42.294366853716,Atelornis crossleyi,Atelornis_crossleyi,AVES,0.999998758967357,7,11572.6222161697
rank,9,9,42.294366853716,Atelornis pittoides,Atelornis_pittoides,AVES,0.999615882421626,4,33698.8307993435
rank,9,9,42.294366853716,Athene superciliaris,Athene_superciliaris,AVES,0.999999802562768,3,48385.6246199012
rank,9,9,42.294366853716,Avahi laniger,Avahi_laniger,MAMMALIA,1,84,30230.7726040081
rank,9,9,42.294366853716,Avahi occidentalis,Avahi_occidentalis,MAMMALIA,0.996177513156648,4,630.900925964117
rank,9,9,42.294366853716,Aviceda madagascariensis,Aviceda_madagascariensis,AVES,0.957878117708709,1,65472.8759090677
rank,9,9,42.294366853716,Bernieria madagascariensis,Bernieria_madagascariensis,AVES,0.99999999984868,35,63759.7094663481
rank,9,9,42.294366853716,Brachypteracias leptosomus,Brachypteracias_leptosomus,AVES,0.999634221457908,1,28636.3463459387
rank,9,9,42.294366853716,Brachytarsomys albicauda,Brachytarsomys_albicauda,MAMMALIA,0.999999991596676,50,1815.17485363856
rank,9,9,42.294366853716,Brachyuromys betsileoensis,Brachyuromys_betsileoensis,MAMMALIA,1,112,12271.9449661151
rank,9,9,42.294366853716,Brachyuromys ramirohitra,Brachyuromys_ramirohitra,MAMMALIA,0.65541484639138,2,90.5857082977891
rank,9,9,42.294366853716,Bradypterus brunneus,Bradypterus_brunneus,AVES,1,40,12265.5948413393
rank,9,9,42.294366853716,Bradypterus seebohmi,Bradypterus_seebohmi,AVES,0.452718231585579,1,71.7493425011635
rank,9,9,42.294366853716,Buteo brachypterus,Buteo_brachypterus,AVES,0.802978107077409,1,71017.0029470995
rank,9,9,42.294366853716,Calicalicus madagascariensis,Calicalicus_madagascariensis,AVES,1,52,63434.1628645774
rank,9,9,42.294366853716,Cheirogaleus crossleyi,Cheirogaleus_crossleyi,MAMMALIA,1,92,5731.87398069368
rank,9,9,42.294366853716,Cheirogaleus major,Cheirogaleus_major,MAMMALIA,1,196,47712.0012763622
rank,9,9,42.294366853716,Cheirogaleus medius,Cheirogaleus_medius,MAMMALIA,1,804,36848.6930331845
rank,9,9,42.294366853716,Cinnyris notatus,Cinnyris_notatus,AVES,0.99999999999999,59,71655.7849245279
rank,9,9,42.294366853716,Copsychus albospecularis,Copsychus_albospecularis,AVES,0.999996712640935,9,43711.6196029977
rank,9,9,42.294366853716,Coracopsis nigra,Coracopsis_nigra,AVES,0.993381242967808,3,71533.1728128358
rank,9,9,42.294366853716,Corythornis madagascariensis,Corythornis_madagascariensis,AVES,0.855922771807934,8,60570.076087072
rank,9,9,42.294366853716,Coua caerulea,Coua_caerulea,AVES,0.999680682948997,2,32581.5883687114
rank,9,9,42.294366853716,Coua coquereli,Coua_coquereli,AVES,0.99999399300277,4,21401.7552560642
rank,9,9,42.294366853716,Coua cristata,Coua_cristata,AVES,0.999983407219988,4,55386.4293419048
rank,9,9,42.294366853716,Coua cursor,Coua_cursor,AVES,0.999343801639507,1,11853.5289727896
rank,9,9,42.294366853716,Coua gigas,Coua_gigas,AVES,0.999758206109948,1,22994.841229789
rank,9,9,42.294366853716,Coua reynaudii,Coua_reynaudii,AVES,0.999591702276278,4,28355.2843500227
rank,9,9,42.294366853716,Coua ruficeps,Coua_ruficeps,AVES,0.959346120072314,3,1327.46846918499
rank,9,9,42.294366853716,Coua serriana,Coua_serriana,AVES,0.987199760727531,1,23363.1326675631
rank,9,9,42.294366853716,Crossleyia xanthophrys,Crossleyia_xanthophrys,AVES,1,45,4117.99735637009
rank,9,9,42.294366853716,Cryptoprocta ferox,Cryptoprocta_ferox,MAMMALIA,0.00933673692189063,3,25956.2027150127
rank,9,9,42.294366853716,Cryptosylvicola randrianasoloi,Cryptosylvicola_randrianasoloi,AVES,1,39,5909.73896991462
rank,9,9,42.294366853716,Cyanolanius madagascarinus,Cyanolanius_madagascarinus,AVES,0.99999999999885,32,68934.7106914261
rank,9,9,42.294366853716,Daubentonia madagascariensis,Daubentonia_madagascariensis,MAMMALIA,1,67,22468.4235455188
rank,9,9,42.294366853716,Echinops telfairi,Echinops_telfairi,MAMMALIA,1,349,35944.0251656324
rank,9,9,42.294366853716,Eliurus antsingy,Eliurus_antsingy,MAMMALIA,0.0133748649300235,5,69.4813072830439
rank,9,9,42.294366853716,Eliurus grandidieri,Eliurus_grandidieri,MAMMALIA,0.999641415738649,27,917.641006159482
rank,9,9,42.294366853716,Eliurus majori,Eliurus_majori,MAMMALIA,1,255,33378.0480448082
rank,9,9,42.294366853716,Eliurus minor,Eliurus_minor,MAMMALIA,1,1032,50444.4924005663
rank,9,9,42.294366853716,Eliurus myoxinus,Eliurus_myoxinus,MAMMALIA,1,823,54472.330712684
rank,9,9,42.294366853716,Eliurus tanala,Eliurus_tanala,MAMMALIA,1,338,37464.0724801198
rank,9,9,42.294366853716,Eliurus webbi,Eliurus_webbi,MAMMALIA,1,392,44518.4036507234
rank,9,9,42.294366853716,Eremopterix hova,Eremopterix_hova,AVES,0.999999862347248,22,4111.79749785364
rank,9,9,42.294366853716,Eulemur albifrons,Eulemur_albifrons,MAMMALIA,1,50,13823.6814480408
rank,9,9,42.294366853716,Eulemur cinereiceps,Eulemur_cinereiceps,MAMMALIA,1,188,66392.1135375149
rank,9,9,42.294366853716,Eulemur collaris,Eulemur_collaris,MAMMALIA,1,143,65473.146588446
rank,9,9,42.294366853716,Eulemur coronatus,Eulemur_coronatus,MAMMALIA,1,191,16689.0774414864
rank,9,9,42.294366853716,Eulemur flavifrons,Eulemur_flavifrons,MAMMALIA,0.000213248908682684,1,25.074716512655
rank,9,9,42.294366853716,Eulemur fulvus,Eulemur_fulvus,MAMMALIA,1,170,66554.8356643705
rank,9,9,42.294366853716,Eulemur macaco,Eulemur_macaco,MAMMALIA,1,72,31963.8475550264
rank,9,9,42.294366853716,Eulemur mongoz,Eulemur_mongoz,MAMMALIA,0.99999995289805,33,2266.66703993082
rank,9,9,42.294366853716,Eulemur rubriventer,Eulemur_rubriventer,MAMMALIA,1,218,55745.3829442622
rank,9,9,42.294366853716,Eulemur rufus,Eulemur_rufus,MAMMALIA,1,154,37181.3728906065
rank,9,9,42.294366853716,Eulemur sanfordi,Eulemur_sanfordi,MAMMALIA,1,213,66651.9114849525
rank,9,9,42.294366853716,Euryceros prevostii,Euryceros_prevostii,AVES,0.999000955070916,3,2839.0629478842
rank,9,9,42.294366853716,Falco zoniventris,Falco_zoniventris,AVES,0.900864244322178,1,49555.2669040933
rank,9,9,42.294366853716,Falculea palliata,Falculea_palliata,AVES,0.999999999994203,9,23192.363678664
rank,9,9,42.294366853716,Fossa fossana,Fossa_fossana,MAMMALIA,0.862085129761458,3,34194.0093453418
rank,9,9,42.294366853716,Foudia madagascariensis,Foudia_madagascariensis,AVES,0.999999637331448,52,90632.5070668981
rank,9,9,42.294366853716,Foudia omissa,Foudia_omissa,AVES,0.999999999964204,21,36947.4355034456
rank,9,9,42.294366853716,Gactornis enarratus,Gactornis_enarratus,AVES,0.999981688698191,5,36251.5756980032
rank,9,9,42.294366853716,Galidia elegans,Galidia_elegans,MAMMALIA,0.599843640570601,6,34496.2576381051
rank,9,9,42.294366853716,Galidictis fasciata,Galidictis_fasciata,MAMMALIA,0,3,4247.07071315497
rank,9,9,42.294366853716,Geobiastes squamiger,Geobiastes_squamiger,AVES,0.999652519491625,4,10926.8523845822
rank,9,9,42.294366853716,Geogale aurita,Geogale_aurita,MAMMALIA,1,542,23007.2643632775
rank,9,9,42.294366853716,Gymnuromys roberti,Gymnuromys_roberti,MAMMALIA,1,131,22104.0032959564
rank,9,9,42.294366853716,Haliaeetus vociferoides,Haliaeetus_vociferoides,AVES,0.0115773784314965,1,5133.49427342415
rank,9,9,42.294366853716,Hapalemur alaotrensis,Hapalemur_alaotrensis,MAMMALIA,1,141,11439.9057848001
rank,9,9,42.294366853716,Hapalemur aureus,Hapalemur_aureus,MAMMALIA,0.999999995692329,24,1820.55619611591
rank,9,9,42.294366853716,Hapalemur griseus,Hapalemur_griseus,MAMMALIA,1,197,62712.0952037785
rank,9,9,42.294366853716,Hapalemur occidentalis,Hapalemur_occidentalis,MAMMALIA,0.999995100328248,28,1026.71440970898
rank,9,9,42.294366853716,Hartertula flavoviridis,Hartertula_flavoviridis,AVES,1,45,8110.84596121311
rank,9,9,42.294366853716,Hartlaubius auratus,Hartlaubius_auratus,AVES,0.999999843708409,24,64456.9383910796
rank,9,9,42.294366853716,Hemicentetes nigriceps,Hemicentetes_nigriceps,MAMMALIA,0.999953127257988,35,2052.96238155258
rank,9,9,42.294366853716,Hemicentetes semispinosus,Hemicentetes_semispinosus,MAMMALIA,1,112,48241.643528752
rank,9,9,42.294366853716,Hypogeomys antimena,Hypogeomys_antimena,MAMMALIA,0.133821965840603,5,104.686912983656
rank,9,9,42.294366853716,Hypositta corallirostris,Hypositta_corallirostris,AVES,0.99989345875157,18,44407.1695736572
rank,9,9,42.294366853716,Indri indri,Indri_indri,MAMMALIA,0.999999999933766,17,43066.439518947
rank,9,9,42.294366853716,Lemur catta,Lemur_catta,MAMMALIA,1,190,15878.658286877
rank,9,9,42.294366853716,Lepidopygia nana,Lepidopygia_nana,AVES,0.996559534635287,85,99870.7762872777
rank,9,9,42.294366853716,Lepilemur ankaranensis,Lepilemur_ankaranensis,MAMMALIA,0.942459903341428,13,361.823311685567
rank,9,9,42.294366853716,Lepilemur edwardsi,Lepilemur_edwardsi,MAMMALIA,1,56,10363.7149990052
rank,9,9,42.294366853716,Lepilemur leucopus,Lepilemur_leucopus,MAMMALIA,1,77,11889.212122798
rank,9,9,42.294366853716,Lepilemur microdon,Lepilemur_microdon,MAMMALIA,0.999999999997001,34,4773.54297635564
rank,9,9,42.294366853716,Lepilemur mustelinus,Lepilemur_mustelinus,MAMMALIA,1,235,56463.0844508173
rank,9,9,42.294366853716,Lepilemur ruficaudatus,Lepilemur_ruficaudatus,MAMMALIA,1,154,12367.8324856311
rank,9,9,42.294366853716,Leptopterus chabert,Leptopterus_chabert,AVES,0.999999334372449,32,81632.2251511142
rank,9,9,42.294366853716,Lophotibis cristata,Lophotibis_cristata,AVES,0.999668134663426,2,57011.7829643421
rank,9,9,42.294366853716,Macrotarsomys bastardi,Macrotarsomys_bastardi,MAMMALIA,1,277,8155.32697095466
rank,9,9,42.294366853716,Margaroperdix madagarensis,Margaroperdix_madagarensis,AVES,0.999958034726406,1,72052.5730573982
rank,9,9,42.294366853716,Mentocrex kioloides,Mentocrex_kioloides,AVES,0.999920643452353,2,27385.1536678597
rank,9,9,42.294366853716,Mesitornis unicolor,Mesitornis_unicolor,AVES,0,1,89.8278131379858
rank,9,9,42.294366853716,Mesitornis variegatus,Mesitornis_variegatus,AVES,0.998762356946553,5,2869.24937690049
rank,9,9,42.294366853716,Microcebus berthae,Microcebus_berthae,MAMMALIA,1.52725555535582e-08,2,17.7781751081347
rank,9,9,42.294366853716,Microcebus griseorufus,Microcebus_griseorufus,MAMMALIA,0.995769019106108,14,501.433658043884
rank,9,9,42.294366853716,Microcebus murinus,Microcebus_murinus,MAMMALIA,1,1089,56622.4841793478
rank,9,9,42.294366853716,Microcebus myoxinus,Microcebus_myoxinus,MAMMALIA,0.999999992654343,102,1124.39007911777
rank,9,9,42.294366853716,Microcebus ravelobensis,Microcebus_ravelobensis,MAMMALIA,0.778620368188765,15,246.875988043973
rank,9,9,42.294366853716,Microcebus rufus,Microcebus_rufus,MAMMALIA,1,945,48738.9355984984
rank,9,9,42.294366853716,Microcebus tavaratra,Microcebus_tavaratra,MAMMALIA,0.99348955741329,45,767.433245509863
rank,9,9,42.294366853716,Microgale brevicaudata,Microgale_brevicaudata,MAMMALIA,1,636,23196.1628227755
rank,9,9,42.294366853716,Microgale cowani,Microgale_cowani,MAMMALIA,1,457,42458.8454254717
rank,9,9,42.294366853716,Microgale drouhardi,Microgale_drouhardi,MAMMALIA,1,293,22781.7402455583
rank,9,9,42.294366853716,Microgale dryas,Microgale_dryas,MAMMALIA,0.897201399235259,47,1369.92029440585
rank,9,9,42.294366853716,Microgale fotsifotsy,Microgale_fotsifotsy,MAMMALIA,1,370,26221.7723935518
rank,9,9,42.294366853716,Microgale gracilis,Microgale_gracilis,MAMMALIA,0.999999999998795,118,9616.30546971204
rank,9,9,42.294366853716,Microgale gymnorhyncha,Microgale_gymnorhyncha,MAMMALIA,1,130,15668.3270163409
rank,9,9,42.294366853716,Microgale longicaudata,Microgale_longicaudata,MAMMALIA,1,766,43205.6139543548
rank,9,9,42.294366853716,Microgale mergulus,Microgale_mergulus,MAMMALIA,0.999999999999896,71,5562.61775285862
rank,9,9,42.294366853716,Microgale parvula,Microgale_parvula,MAMMALIA,1,847,45425.1528799988
rank,9,9,42.294366853716,Microgale principula,Microgale_principula,MAMMALIA,1,474,38795.9270836487
rank,9,9,42.294366853716,Microgale pusilla,Microgale_pusilla,MAMMALIA,0.99999999084395,356,14976.3377634756
rank,9,9,42.294366853716,Microgale soricoides,Microgale_soricoides,MAMMALIA,1,140,21677.8166800569
rank,9,9,42.294366853716,Microgale taiva,Microgale_taiva,MAMMALIA,1,282,32831.4842480347
rank,9,9,42.294366853716,Microgale thomasi,Microgale_thomasi,MAMMALIA,1,95,18934.4427606761
rank,9,9,42.294366853716,Mirza coquereli,Mirza_coquereli,MAMMALIA,0.999997589067307,53,2653.0007427779
rank,9,9,42.294366853716,Monias benschi,Monias_benschi,AVES,0,1,82.9420458882274
rank,9,9,42.294366853716,Monticola erythronotus,Monticola_erythronotus,AVES,0.505764981643065,1,97.4973036619822
rank,9,9,42.294366853716,Monticola sharpei,Monticola_sharpei,AVES,0.99999999999993,38,61174.9547539651
rank,9,9,42.294366853716,Monticolomys koopmani,Monticolomys_koopmani,MAMMALIA,0.132627251095215,6,104.060766987503
rank,9,9,42.294366853716,Motacilla flaviventris,Motacilla_flaviventris,AVES,1,40,12076.3925254904
rank,9,9,42.294366853716,Mystacornis crossleyi,Mystacornis_crossleyi,AVES,0.99999999998755,10,36698.5913782939
rank,9,9,42.294366853716,Neodrepanis coruscans,Neodrepanis_coruscans,AVES,0.999998081543132,14,24845.4521520808
rank,9,9,42.294366853716,Neodrepanis hypoxantha,Neodrepanis_hypoxantha,AVES,0.0211788111247608,3,88.4296057149768
rank,9,9,42.294366853716,Neomixis striatigula,Neomixis_striatigula,AVES,0.999999999965707,29,41795.0912723765
rank,9,9,42.294366853716,Neomixis tenella,Neomixis_tenella,AVES,1,89,66395.2120127231
rank,9,9,42.294366853716,Neomixis viridis,Neomixis_viridis,AVES,0.999999999995813,25,39572.1152479127
rank,9,9,42.294366853716,Nesillas lantzii,Nesillas_lantzii,AVES,0.999983000083502,3,2703.9328436479
rank,9,9,42.294366853716,Nesogale dobsoni,Nesogale_dobsoni,MAMMALIA,1,331,47224.3450917899
rank,9,9,42.294366853716,Nesogale talazaci,Nesogale_talazaci,MAMMALIA,1,183,44533.3595162779
rank,9,9,42.294366853716,Nesomys audeberti,Nesomys_audeberti,MAMMALIA,1,111,4404.70734705302
rank,9,9,42.294366853716,Nesomys lambertoni,Nesomys_lambertoni,MAMMALIA,0.999983982375401,29,958.575495295227
rank,9,9,42.294366853716,Nesomys rufus,Nesomys_rufus,MAMMALIA,1,190,34580.140677805
rank,9,9,42.294366853716,Newtonia amphichroa,Newtonia_amphichroa,AVES,1,19,32944.1030169949
rank,9,9,42.294366853716,Newtonia archboldi,Newtonia_archboldi,AVES,0.999743205924592,10,2057.60292387809
rank,9,9,42.294366853716,Newtonia brunneicauda,Newtonia_brunneicauda,AVES,1,70,79242.027997911
rank,9,9,42.294366853716,Newtonia fanovanae,Newtonia_fanovanae,AVES,0.353055283448657,2,98.2207024819943
rank,9,9,42.294366853716,Oriolia bernieri,Oriolia_bernieri,AVES,0.99999977664747,14,12212.3780638948
rank,9,9,42.294366853716,Oryzorictes hova,Oryzorictes_hova,MAMMALIA,1,282,45941.0618563145
rank,9,9,42.294366853716,Oryzorictes tetradactylus,Oryzorictes_tetradactylus,MAMMALIA,1,155,10717.5339834051
rank,9,9,42.294366853716,Otus rutilus,Otus_rutilus,AVES,0.999999558224319,3,72535.9837669134
rank,9,9,42.294366853716,Oxylabes madagascariensis,Oxylabes_madagascariensis,AVES,0.999999999999739,21,38062.9712052867
rank,9,9,42.294366853716,Phaner electromontis,Phaner_electromontis,MAMMALIA,1.1181189119025e-07,1,17.4337788633315
rank,9,9,42.294366853716,Phaner furcifer,Phaner_furcifer,MAMMALIA,0.887905466959644,58,892.662774423171
rank,9,9,42.294366853716,Phaner pallescens,Phaner_pallescens,MAMMALIA,0.999999999997009,57,3504.14815962315
rank,9,9,42.294366853716,Phaner parienti,Phaner_parienti,MAMMALIA,0.00280017666108967,1,24.4501852478648
rank,9,9,42.294366853716,Philepitta castanea,Philepitta_castanea,AVES,0.982040032212559,5,31140.4474766254
rank,9,9,42.294366853716,Philepitta schlegeli,Philepitta_schlegeli,AVES,0.988278027030843,14,4281.37986122647
rank,9,9,42.294366853716,Ploceus nelicourvi,Ploceus_nelicourvi,AVES,0.99999999952898,15,42830.9877463654
rank,9,9,42.294366853716,Ploceus sakalava,Ploceus_sakalava,AVES,0.999999999965709,36,29652.9587306082
rank,9,9,42.294366853716,Polyboroides radiatus,Polyboroides_radiatus,AVES,0.997295244164458,1,75015.2477125475
rank,9,9,42.294366853716,Pseudobias wardi,Pseudobias_wardi,AVES,0.999999999999919,16,33721.2774794102
rank,9,9,42.294366853716,Pterocles personatus,Pterocles_personatus,AVES,0.940123497880854,5,7087.00341547594
rank,9,9,42.294366853716,Rallus madagascariensis,Rallus_madagascariensis,AVES,0.999997069468662,4,13096.4776300158
rank,9,9,42.294366853716,Randia pseudozosterops,Randia_pseudozosterops,AVES,0.999999673196607,9,33083.11206763
rank,9,9,42.294366853716,Sarothrura insularis,Sarothrura_insularis,AVES,0.999525653645605,8,51542.0724956766
rank,9,9,42.294366853716,Schetba rufa,Schetba_rufa,AVES,0.999999999999991,23,21581.3610499278
rank,9,9,42.294366853716,Setifer setosus,Setifer_setosus,MAMMALIA,1,241,74485.0927005112
rank,9,9,42.294366853716,Tenrec ecaudatus,Tenrec_ecaudatus,MAMMALIA,1,135,81525.8145894557
rank,9,9,42.294366853716,Thamnornis chloropetoides,Thamnornis_chloropetoides,AVES,0.999977507869225,5,3407.17432130128
rank,9,9,42.294366853716,Treron australis,Treron_australis,AVES,0.994637928709568,1,73214.8107696474
rank,9,9,42.294366853716,Turnix nigricollis,Turnix_nigricollis,AVES,0.999895725925391,5,82784.0442313552
rank,9,9,42.294366853716,Tylas eduardi,Tylas_eduardi,AVES,0.999999748862089,9,42217.7026610896
rank,9,9,42.294366853716,Vanga curvirostris,Vanga_curvirostris,AVES,0.999953512198154,13,82328.6278331911
rank,9,9,42.294366853716,Varecia rubra,Varecia_rubra,MAMMALIA,1,77,49029.0240850788
rank,9,9,42.294366853716,Varecia variegata,Varecia_variegata,MAMMALIA,1,54,48472.1869014455
rank,9,9,42.294366853716,Xanthomixis apperti,Xanthomixis_apperti,AVES,0.441311210122258,1,68.4073899760842
rank,9,9,42.294366853716,Xanthomixis cinereiceps,Xanthomixis_cinereiceps,AVES,1,24,13880.7275215382
rank,9,9,42.294366853716,Xanthomixis zosterops,Xanthomixis_zosterops,AVES,0.999999999973364,21,43294.0619744808
rank,9,9,42.294366853716,Xenopirostris damii,Xenopirostris_damii,AVES,0.00179910766481406,1,93.5023440420628
rank,9,9,42.294366853716,Xenopirostris polleni,Xenopirostris_polleni,AVES,0.999999994982071,9,14854.6016233651
rank,9,9,42.294366853716,Xenopirostris xenopirostris,Xenopirostris_xenopirostris,AVES,0.96505807541122,1,1102.55740338564
rank,10,10,46.984731857885,Accipiter henstii,Accipiter_henstii,AVES,0.659271612224436,1,49996.4330497951
rank,10,10,46.984731857885,Accipiter madagascariensis,Accipiter_madagascariensis,AVES,0.879202505229651,1,59809.2062371746
rank,10,10,46.984731857885,Acrocephalus newtoni,Acrocephalus_newtoni,AVES,1,46,74056.2285653269
rank,10,10,46.984731857885,Alectroenas madagascariensis,Alectroenas_madagascariensis,AVES,0.994314158532528,7,41204.2590754944
rank,10,10,46.984731857885,Allocebus trichotis,Allocebus_trichotis,MAMMALIA,0.00783473494650444,3,72.1001097112894
rank,10,10,46.984731857885,Anas bernieri,Anas_bernieri,AVES,0,1,161.555721102021
rank,10,10,46.984731857885,Apus balstoni,Apus_balstoni,AVES,0.999999823974956,13,58101.3985845914
rank,10,10,46.984731857885,Artamella viridis,Artamella_viridis,AVES,0.999999999999993,23,65427.7113712725
rank,10,10,46.984731857885,Asio madagascariensis,Asio_madagascariensis,AVES,0.817100294315874,2,43806.3310204819
rank,10,10,46.984731857885,Atelornis crossleyi,Atelornis_crossleyi,AVES,0.999997673052587,6,10498.1558453176
rank,10,10,46.984731857885,Atelornis pittoides,Atelornis_pittoides,AVES,0.999534515423416,2,29986.5688966714
rank,10,10,46.984731857885,Athene superciliaris,Athene_superciliaris,AVES,0.999999975853422,6,44675.8479875922
rank,10,10,46.984731857885,Avahi laniger,Avahi_laniger,MAMMALIA,1,90,28354.4503716521
rank,10,10,46.984731857885,Avahi occidentalis,Avahi_occidentalis,MAMMALIA,0.996177513156648,4,630.900925964117
rank,10,10,46.984731857885,Aviceda madagascariensis,Aviceda_madagascariensis,AVES,0.952565567761757,1,59572.9963594452
rank,10,10,46.984731857885,Bernieria madagascariensis,Bernieria_madagascariensis,AVES,0.999999999984747,35,59033.6589894415
rank,10,10,46.984731857885,Brachypteracias leptosomus,Brachypteracias_leptosomus,AVES,0.999554265996004,1,25701.2021799386
rank,10,10,46.984731857885,Brachytarsomys albicauda,Brachytarsomys_albicauda,MAMMALIA,0.999999991596676,50,1815.17485363856
rank,10,10,46.984731857885,Brachyuromys betsileoensis,Brachyuromys_betsileoensis,MAMMALIA,1,113,11349.4559755623
rank,10,10,46.984731857885,Brachyuromys ramirohitra,Brachyuromys_ramirohitra,MAMMALIA,0.65541484639138,2,90.5857082977891
rank,10,10,46.984731857885,Bradypterus brunneus,Bradypterus_brunneus,AVES,1,44,10558.5541886781
rank,10,10,46.984731857885,Bradypterus seebohmi,Bradypterus_seebohmi,AVES,0.452718231585579,1,71.7493425011635
rank,10,10,46.984731857885,Buteo brachypterus,Buteo_brachypterus,AVES,0.785574860133815,1,64268.9133281112
rank,10,10,46.984731857885,Calicalicus madagascariensis,Calicalicus_madagascariensis,AVES,1,52,58693.0050062502
rank,10,10,46.984731857885,Cheirogaleus crossleyi,Cheirogaleus_crossleyi,MAMMALIA,1,92,5731.87398069368
rank,10,10,46.984731857885,Cheirogaleus major,Cheirogaleus_major,MAMMALIA,1,206,43214.5890584174
rank,10,10,46.984731857885,Cheirogaleus medius,Cheirogaleus_medius,MAMMALIA,1,788,34727.1988214208
rank,10,10,46.984731857885,Cinnyris notatus,Cinnyris_notatus,AVES,1,64,66557.6380922382
rank,10,10,46.984731857885,Copsychus albospecularis,Copsychus_albospecularis,AVES,0.999996541285915,9,39913.5476055208
rank,10,10,46.984731857885,Coracopsis nigra,Coracopsis_nigra,AVES,0.992800270744864,3,66230.8931374427
rank,10,10,46.984731857885,Corythornis madagascariensis,Corythornis_madagascariensis,AVES,0.847911108736149,8,55921.7907398407
rank,10,10,46.984731857885,Coua caerulea,Coua_caerulea,AVES,0.999611047542263,1,29251.0424420135
rank,10,10,46.984731857885,Coua coquereli,Coua_coquereli,AVES,0.999992872367782,4,21009.1654234454
rank,10,10,46.984731857885,Coua cristata,Coua_cristata,AVES,0.99998083456365,3,51226.5842822194
rank,10,10,46.984731857885,Coua cursor,Coua_cursor,AVES,0.999675311183045,4,10224.1506347358
rank,10,10,46.984731857885,Coua gigas,Coua_gigas,AVES,0.999726522546834,1,21689.1652173027
rank,10,10,46.984731857885,Coua reynaudii,Coua_reynaudii,AVES,0.999971009451873,3,24598.4441170543
rank,10,10,46.984731857885,Coua ruficeps,Coua_ruficeps,AVES,0.959346120072314,3,1327.46846918499
rank,10,10,46.984731857885,Coua serriana,Coua_serriana,AVES,0.985202864703186,1,20818.1744333417
rank,10,10,46.984731857885,Crossleyia xanthophrys,Crossleyia_xanthophrys,AVES,1,45,4117.99735637009
rank,10,10,46.984731857885,Cryptoprocta ferox,Cryptoprocta_ferox,MAMMALIA,0.00132086265503195,2,16116.0861513143
rank,10,10,46.984731857885,Cryptosylvicola randrianasoloi,Cryptosylvicola_randrianasoloi,AVES,1,39,5909.73896991462
rank,10,10,46.984731857885,Cyanolanius madagascarinus,Cyanolanius_madagascarinus,AVES,0.999999999999995,35,63901.8313837299
rank,10,10,46.984731857885,Daubentonia madagascariensis,Daubentonia_madagascariensis,MAMMALIA,1,69,20671.9806412063
rank,10,10,46.984731857885,Echinops telfairi,Echinops_telfairi,MAMMALIA,1,340,34042.6888692379
rank,10,10,46.984731857885,Eliurus antsingy,Eliurus_antsingy,MAMMALIA,0.0133748649300235,5,69.4813072830439
rank,10,10,46.984731857885,Eliurus grandidieri,Eliurus_grandidieri,MAMMALIA,0.999641415738649,27,917.641006159482
rank,10,10,46.984731857885,Eliurus majori,Eliurus_majori,MAMMALIA,1,252,30376.1454510167
rank,10,10,46.984731857885,Eliurus minor,Eliurus_minor,MAMMALIA,1,986,45955.7738876214
rank,10,10,46.984731857885,Eliurus myoxinus,Eliurus_myoxinus,MAMMALIA,1,792,50027.8715730333
rank,10,10,46.984731857885,Eliurus tanala,Eliurus_tanala,MAMMALIA,1,333,33982.3451004252
rank,10,10,46.984731857885,Eliurus webbi,Eliurus_webbi,MAMMALIA,1,370,40139.0275127739
rank,10,10,46.984731857885,Eremopterix hova,Eremopterix_hova,AVES,0.999999862347248,22,4111.79749785364
rank,10,10,46.984731857885,Eulemur albifrons,Eulemur_albifrons,MAMMALIA,1,46,12592.464901124
rank,10,10,46.984731857885,Eulemur cinereiceps,Eulemur_cinereiceps,MAMMALIA,1,189,61784.9991622519
rank,10,10,46.984731857885,Eulemur collaris,Eulemur_collaris,MAMMALIA,1,149,60884.3446548064
rank,10,10,46.984731857885,Eulemur coronatus,Eulemur_coronatus,MAMMALIA,1,186,15522.4000124898
rank,10,10,46.984731857885,Eulemur flavifrons,Eulemur_flavifrons,MAMMALIA,0.000213248908682684,1,25.074716512655
rank,10,10,46.984731857885,Eulemur fulvus,Eulemur_fulvus,MAMMALIA,1,172,61928.1914451026
rank,10,10,46.984731857885,Eulemur macaco,Eulemur_macaco,MAMMALIA,1,73,29372.4732364714
rank,10,10,46.984731857885,Eulemur mongoz,Eulemur_mongoz,MAMMALIA,0.99999995289805,33,2266.66703993082
rank,10,10,46.984731857885,Eulemur rubriventer,Eulemur_rubriventer,MAMMALIA,1,222,51134.1037046095
rank,10,10,46.984731857885,Eulemur rufus,Eulemur_rufus,MAMMALIA,1,162,35464.3414270654
rank,10,10,46.984731857885,Eulemur sanfordi,Eulemur_sanfordi,MAMMALIA,1,213,62029.8103727593
rank,10,10,46.984731857885,Euryceros prevostii,Euryceros_prevostii,AVES,0.999000955070916,3,2839.0629478842
rank,10,10,46.984731857885,Falco zoniventris,Falco_zoniventris,AVES,0.891074623713883,1,45031.0732305571
rank,10,10,46.984731857885,Falculea palliata,Falculea_palliata,AVES,0.999999999992296,8,21702.0403012037
rank,10,10,46.984731857885,Fossa fossana,Fossa_fossana,MAMMALIA,0.395157922693365,5,29527.9720452784
rank,10,10,46.984731857885,Foudia madagascariensis,Foudia_madagascariensis,AVES,0.9999999980076,57,82912.9694617689
rank,10,10,46.984731857885,Foudia omissa,Foudia_omissa,AVES,0.999999999909909,24,32703.9252580777
rank,10,10,46.984731857885,Gactornis enarratus,Gactornis_enarratus,AVES,0.99999964165882,4,31813.0300207883
rank,10,10,46.984731857885,Galidia elegans,Galidia_elegans,MAMMALIA,0.376631613601015,7,29799.4649132771
rank,10,10,46.984731857885,Galidictis fasciata,Galidictis_fasciata,MAMMALIA,0,3,4247.07071315497
rank,10,10,46.984731857885,Geobiastes squamiger,Geobiastes_squamiger,AVES,0.99961022140896,3,10565.7973696217
rank,10,10,46.984731857885,Geogale aurita,Geogale_aurita,MAMMALIA,1,529,21473.4098702459
rank,10,10,46.984731857885,Gymnuromys roberti,Gymnuromys_roberti,MAMMALIA,1,124,20409.3174200592
rank,10,10,46.984731857885,Haliaeetus vociferoides,Haliaeetus_vociferoides,AVES,0.0115773784314965,1,5133.49427342415
rank,10,10,46.984731857885,Hapalemur alaotrensis,Hapalemur_alaotrensis,MAMMALIA,1,135,10616.4706880091
rank,10,10,46.984731857885,Hapalemur aureus,Hapalemur_aureus,MAMMALIA,0.999999995692329,24,1820.55619611591
rank,10,10,46.984731857885,Hapalemur griseus,Hapalemur_griseus,MAMMALIA,1,205,58030.2214029987
rank,10,10,46.984731857885,Hapalemur occidentalis,Hapalemur_occidentalis,MAMMALIA,0.999995100328248,28,1026.71440970898
rank,10,10,46.984731857885,Hartertula flavoviridis,Hartertula_flavoviridis,AVES,1,45,8110.84596121311
rank,10,10,46.984731857885,Hartlaubius auratus,Hartlaubius_auratus,AVES,0.99999999769996,26,59745.9157011679
rank,10,10,46.984731857885,Hemicentetes nigriceps,Hemicentetes_nigriceps,MAMMALIA,0.999953127257988,35,2052.96238155258
rank,10,10,46.984731857885,Hemicentetes semispinosus,Hemicentetes_semispinosus,MAMMALIA,1,114,43533.807142593
rank,10,10,46.984731857885,Hypogeomys antimena,Hypogeomys_antimena,MAMMALIA,0.133821965840603,5,104.686912983656
rank,10,10,46.984731857885,Hypositta corallirostris,Hypositta_corallirostris,AVES,0.999961200437431,21,39997.9528736323
rank,10,10,46.984731857885,Indri indri,Indri_indri,MAMMALIA,1,13,38203.9604418268
rank,10,10,46.984731857885,Lemur catta,Lemur_catta,MAMMALIA,1,188,14659.4661437646
rank,10,10,46.984731857885,Lepidopygia nana,Lepidopygia_nana,AVES,0.999983908406299,96,93106.4501586001
rank,10,10,46.984731857885,Lepilemur ankaranensis,Lepilemur_ankaranensis,MAMMALIA,0.942459903341428,13,361.823311685567
rank,10,10,46.984731857885,Lepilemur edwardsi,Lepilemur_edwardsi,MAMMALIA,1,56,10363.7149990052
rank,10,10,46.984731857885,Lepilemur leucopus,Lepilemur_leucopus,MAMMALIA,1,69,10676.2655194998
rank,10,10,46.984731857885,Lepilemur microdon,Lepilemur_microdon,MAMMALIA,0.999999999997001,34,4773.54297635564
rank,10,10,46.984731857885,Lepilemur mustelinus,Lepilemur_mustelinus,MAMMALIA,1,238,51424.0476944192
rank,10,10,46.984731857885,Lepilemur ruficaudatus,Lepilemur_ruficaudatus,MAMMALIA,1,151,11973.2061864957
rank,10,10,46.984731857885,Leptopterus chabert,Leptopterus_chabert,AVES,0.999999999955176,37,74883.0231561884
rank,10,10,46.984731857885,Lophotibis cristata,Lophotibis_cristata,AVES,0.999613088567255,2,52634.9332360729
rank,10,10,46.984731857885,Macrotarsomys bastardi,Macrotarsomys_bastardi,MAMMALIA,1,277,8155.32697095466
rank,10,10,46.984731857885,Margaroperdix madagarensis,Margaroperdix_madagarensis,AVES,0.999952164065255,1,66484.045731023
rank,10,10,46.984731857885,Mentocrex kioloides,Mentocrex_kioloides,AVES,0.999896551649967,2,24901.4313150421
rank,10,10,46.984731857885,Mesitornis unicolor,Mesitornis_unicolor,AVES,0,1,89.8278131379858
rank,10,10,46.984731857885,Mesitornis variegatus,Mesitornis_variegatus,AVES,0.998762356946553,5,2869.24937690049
rank,10,10,46.984731857885,Microcebus berthae,Microcebus_berthae,MAMMALIA,1.52725555535582e-08,2,17.7781751081347
rank,10,10,46.984731857885,Microcebus griseorufus,Microcebus_griseorufus,MAMMALIA,0.995769019106108,14,501.433658043884
rank,10,10,46.984731857885,Microcebus murinus,Microcebus_murinus,MAMMALIA,1,1053,52713.2198762894
rank,10,10,46.984731857885,Microcebus myoxinus,Microcebus_myoxinus,MAMMALIA,0.999999992654343,102,1124.39007911777
rank,10,10,46.984731857885,Microcebus ravelobensis,Microcebus_ravelobensis,MAMMALIA,0.778620368188765,15,246.875988043973
rank,10,10,46.984731857885,Microcebus rufus,Microcebus_rufus,MAMMALIA,1,898,43936.37578244
rank,10,10,46.984731857885,Microcebus tavaratra,Microcebus_tavaratra,MAMMALIA,0.99348955741329,45,767.433245509863
rank,10,10,46.984731857885,Microgale brevicaudata,Microgale_brevicaudata,MAMMALIA,1,639,22435.1714023873
rank,10,10,46.984731857885,Microgale cowani,Microgale_cowani,MAMMALIA,1,454,38619.1439374834
rank,10,10,46.984731857885,Microgale drouhardi,Microgale_drouhardi,MAMMALIA,1,297,21030.1768514961
rank,10,10,46.984731857885,Microgale dryas,Microgale_dryas,MAMMALIA,0.897201399235259,47,1369.92029440585
rank,10,10,46.984731857885,Microgale fotsifotsy,Microgale_fotsifotsy,MAMMALIA,1,365,24248.2665149409
rank,10,10,46.984731857885,Microgale gracilis,Microgale_gracilis,MAMMALIA,0.999999999998795,118,9616.30546971204
rank,10,10,46.984731857885,Microgale gymnorhyncha,Microgale_gymnorhyncha,MAMMALIA,1,124,14367.4002331907
rank,10,10,46.984731857885,Microgale longicaudata,Microgale_longicaudata,MAMMALIA,1,733,39238.4252992047
rank,10,10,46.984731857885,Microgale mergulus,Microgale_mergulus,MAMMALIA,0.999999999999896,71,5562.61775285862
rank,10,10,46.984731857885,Microgale parvula,Microgale_parvula,MAMMALIA,1,798,40988.7619307278
rank,10,10,46.984731857885,Microgale principula,Microgale_principula,MAMMALIA,1,460,34809.8562381938
rank,10,10,46.984731857885,Microgale pusilla,Microgale_pusilla,MAMMALIA,0.999999944626574,341,13446.6618469265
rank,10,10,46.984731857885,Microgale soricoides,Microgale_soricoides,MAMMALIA,1,138,19797.9430659617
rank,10,10,46.984731857885,Microgale taiva,Microgale_taiva,MAMMALIA,1,274,29691.4881374687
rank,10,10,46.984731857885,Microgale thomasi,Microgale_thomasi,MAMMALIA,1,95,17278.2817828059
rank,10,10,46.984731857885,Mirza coquereli,Mirza_coquereli,MAMMALIA,0.999997589067307,53,2653.0007427779
rank,10,10,46.984731857885,Monias benschi,Monias_benschi,AVES,0,1,82.9420458882274
rank,10,10,46.984731857885,Monticola erythronotus,Monticola_erythronotus,AVES,0.505764981643065,1,97.4973036619822
rank,10,10,46.984731857885,Monticola sharpei,Monticola_sharpei,AVES,1,46,54932.7504549623
rank,10,10,46.984731857885,Monticolomys koopmani,Monticolomys_koopmani,MAMMALIA,0.132627251095215,6,104.060766987503
rank,10,10,46.984731857885,Motacilla flaviventris,Motacilla_flaviventris,AVES,1,40,10412.1083939896
rank,10,10,46.984731857885,Mystacornis crossleyi,Mystacornis_crossleyi,AVES,0.999999999999996,10,32799.2058098763
rank,10,10,46.984731857885,Neodrepanis coruscans,Neodrepanis_coruscans,AVES,0.999999466167316,14,22397.8396158144
rank,10,10,46.984731857885,Neodrepanis hypoxantha,Neodrepanis_hypoxantha,AVES,0.0211788111247608,3,88.4296057149768
rank,10,10,46.984731857885,Neomixis striatigula,Neomixis_striatigula,AVES,0.999999999999994,32,37663.1335167587
rank,10,10,46.984731857885,Neomixis tenella,Neomixis_tenella,AVES,1,103,60521.5834865719
rank,10,10,46.984731857885,Neomixis viridis,Neomixis_viridis,AVES,0.999999999999953,27,35656.9862369895
rank,10,10,46.984731857885,Nesillas lantzii,Nesillas_lantzii,AVES,0.999983000083502,3,2703.9328436479
rank,10,10,46.984731857885,Nesogale dobsoni,Nesogale_dobsoni,MAMMALIA,1,332,42932.5615762184
rank,10,10,46.984731857885,Nesogale talazaci,Nesogale_talazaci,MAMMALIA,1,192,40045.8019375876
rank,10,10,46.984731857885,Nesomys audeberti,Nesomys_audeberti,MAMMALIA,1,111,4404.70734705302
rank,10,10,46.984731857885,Nesomys lambertoni,Nesomys_lambertoni,MAMMALIA,0.999983982375401,29,958.575495295227
rank,10,10,46.984731857885,Nesomys rufus,Nesomys_rufus,MAMMALIA,1,186,31006.4018286998
rank,10,10,46.984731857885,Newtonia amphichroa,Newtonia_amphichroa,AVES,1,21,29476.1667375267
rank,10,10,46.984731857885,Newtonia archboldi,Newtonia_archboldi,AVES,0.999743205924592,10,2057.60292387809
rank,10,10,46.984731857885,Newtonia brunneicauda,Newtonia_brunneicauda,AVES,1,76,73494.7669232935
rank,10,10,46.984731857885,Newtonia fanovanae,Newtonia_fanovanae,AVES,0.353055283448657,2,98.2207024819943
rank,10,10,46.984731857885,Oriolia bernieri,Oriolia_bernieri,AVES,0.999999890630491,16,10532.4721570909
rank,10,10,46.984731857885,Oryzorictes hova,Oryzorictes_hova,MAMMALIA,1,284,41403.9530880153
rank,10,10,46.984731857885,Oryzorictes tetradactylus,Oryzorictes_tetradactylus,MAMMALIA,1,154,10585.9128820554
rank,10,10,46.984731857885,Otus rutilus,Otus_rutilus,AVES,0.999999461806511,3,67190.6905229688
rank,10,10,46.984731857885,Oxylabes madagascariensis,Oxylabes_madagascariensis,AVES,1,22,33971.1301512346
rank,10,10,46.984731857885,Phaner electromontis,Phaner_electromontis,MAMMALIA,1.1181189119025e-07,1,17.4337788633315
rank,10,10,46.984731857885,Phaner furcifer,Phaner_furcifer,MAMMALIA,0.887905466959644,58,892.662774423171
rank,10,10,46.984731857885,Phaner pallescens,Phaner_pallescens,MAMMALIA,0.999999999997009,57,3504.14815962315
rank,10,10,46.984731857885,Phaner parienti,Phaner_parienti,MAMMALIA,0.00280017666108967,1,24.4501852478648
rank,10,10,46.984731857885,Philepitta castanea,Philepitta_castanea,AVES,0.991105414574531,7,28047.3730364293
rank,10,10,46.984731857885,Philepitta schlegeli,Philepitta_schlegeli,AVES,0.988278027030843,14,4281.37986122647
rank,10,10,46.984731857885,Ploceus nelicourvi,Ploceus_nelicourvi,AVES,0.999999999999618,17,38117.0210711136
rank,10,10,46.984731857885,Ploceus sakalava,Ploceus_sakalava,AVES,0.999999999952929,36,27920.5286534652
rank,10,10,46.984731857885,Polyboroides radiatus,Polyboroides_radiatus,AVES,0.996852378970782,1,68491.6098962293
rank,10,10,46.984731857885,Pseudobias wardi,Pseudobias_wardi,AVES,1,18,30200.0804026723
rank,10,10,46.984731857885,Pterocles personatus,Pterocles_personatus,AVES,0.940123497880854,5,7087.00341547594
rank,10,10,46.984731857885,Rallus madagascariensis,Rallus_madagascariensis,AVES,0.999995259166892,4,12218.8087658389
rank,10,10,46.984731857885,Randia pseudozosterops,Randia_pseudozosterops,AVES,0.999999999477497,11,29826.0310234811
rank,10,10,46.984731857885,Sarothrura insularis,Sarothrura_insularis,AVES,0.999916748621837,10,46739.800319463
rank,10,10,46.984731857885,Schetba rufa,Schetba_rufa,AVES,0.999999999999999,26,19687.3201178461
rank,10,10,46.984731857885,Setifer setosus,Setifer_setosus,MAMMALIA,1,245,68909.6488021389
rank,10,10,46.984731857885,Tenrec ecaudatus,Tenrec_ecaudatus,MAMMALIA,1,128,75642.1205507517
rank,10,10,46.984731857885,Thamnornis chloropetoides,Thamnornis_chloropetoides,AVES,0.999977507869225,5,3407.17432130128
rank,10,10,46.984731857885,Treron australis,Treron_australis,AVES,0.994061833346796,1,66838.7897277251
rank,10,10,46.984731857885,Turnix nigricollis,Turnix_nigricollis,AVES,0.999975761582041,6,75553.4066284001
rank,10,10,46.984731857885,Tylas eduardi,Tylas_eduardi,AVES,0.999999969180334,10,37623.1414813399
rank,10,10,46.984731857885,Vanga curvirostris,Vanga_curvirostris,AVES,0.999931174195691,15,75012.5805465438
rank,10,10,46.984731857885,Varecia rubra,Varecia_rubra,MAMMALIA,1,78,44263.1967477821
rank,10,10,46.984731857885,Varecia variegata,Varecia_variegata,MAMMALIA,1,57,43721.6426507248
rank,10,10,46.984731857885,Xanthomixis apperti,Xanthomixis_apperti,AVES,0.441311210122258,1,68.4073899760842
rank,10,10,46.984731857885,Xanthomixis cinereiceps,Xanthomixis_cinereiceps,AVES,1,25,12494.4697564309
rank,10,10,46.984731857885,Xanthomixis zosterops,Xanthomixis_zosterops,AVES,0.999999999999969,24,38520.5251240209
rank,10,10,46.984731857885,Xenopirostris damii,Xenopirostris_damii,AVES,0.00179910766481406,1,93.5023440420628
rank,10,10,46.984731857885,Xenopirostris polleni,Xenopirostris_polleni,AVES,0.999999993926235,11,13626.812966432
rank,10,10,46.984731857885,Xenopirostris xenopirostris,Xenopirostris_xenopirostris,AVES,0.96505807541122,1,1102.55740338564
rank,11,11,51.6772071464547,Accipiter henstii,Accipiter_henstii,AVES,0.643771868055352,1,47063.1470043036
rank,11,11,51.6772071464547,Accipiter madagascariensis,Accipiter_madagascariensis,AVES,0.870754957320641,1,55812.6885991097
rank,11,11,51.6772071464547,Acrocephalus newtoni,Acrocephalus_newtoni,AVES,1,55,67895.3957904068
rank,11,11,51.6772071464547,Alectroenas madagascariensis,Alectroenas_madagascariensis,AVES,0.993909692842327,6,38654.772011957
rank,11,11,51.6772071464547,Allocebus trichotis,Allocebus_trichotis,MAMMALIA,0.00783473494650444,3,72.1001097112894
rank,11,11,51.6772071464547,Anas bernieri,Anas_bernieri,AVES,0,1,161.555721102021
rank,11,11,51.6772071464547,Apus balstoni,Apus_balstoni,AVES,0.999999631646697,13,54813.6930915308
rank,11,11,51.6772071464547,Artamella viridis,Artamella_viridis,AVES,0.99999999999998,24,61187.2776558821
rank,11,11,51.6772071464547,Asio madagascariensis,Asio_madagascariensis,AVES,0.806173977637744,2,40525.106169492
rank,11,11,51.6772071464547,Atelornis crossleyi,Atelornis_crossleyi,AVES,0.99999647249606,6,10125.5850467594
rank,11,11,51.6772071464547,Atelornis pittoides,Atelornis_pittoides,AVES,0.999684585760273,3,28445.6395495846
rank,11,11,51.6772071464547,Athene superciliaris,Athene_superciliaris,AVES,0.999999954522598,6,41685.5453763902
rank,11,11,51.6772071464547,Avahi laniger,Avahi_laniger,MAMMALIA,1,92,26656.6746952939
rank,11,11,51.6772071464547,Avahi occidentalis,Avahi_occidentalis,MAMMALIA,0.996177513156648,4,630.900925964117
rank,11,11,51.6772071464547,Aviceda madagascariensis,Aviceda_madagascariensis,AVES,0.947719191511457,1,55131.1665863469
rank,11,11,51.6772071464547,Bernieria madagascariensis,Bernieria_madagascariensis,AVES,0.999999999952356,36,55378.2959817543
rank,11,11,51.6772071464547,Brachypteracias leptosomus,Brachypteracias_leptosomus,AVES,0.999642301090748,2,23857.9955169261
rank,11,11,51.6772071464547,Brachytarsomys albicauda,Brachytarsomys_albicauda,MAMMALIA,0.999999991596676,50,1815.17485363856
rank,11,11,51.6772071464547,Brachyuromys betsileoensis,Brachyuromys_betsileoensis,MAMMALIA,1,116,10602.8904202634
rank,11,11,51.6772071464547,Brachyuromys ramirohitra,Brachyuromys_ramirohitra,MAMMALIA,0.65541484639138,2,90.5857082977891
rank,11,11,51.6772071464547,Bradypterus brunneus,Bradypterus_brunneus,AVES,1,46,10190.2889574718
rank,11,11,51.6772071464547,Bradypterus seebohmi,Bradypterus_seebohmi,AVES,0.452718231585579,1,71.7493425011635
rank,11,11,51.6772071464547,Buteo brachypterus,Buteo_brachypterus,AVES,0.772338168006704,1,59845.3070880994
rank,11,11,51.6772071464547,Calicalicus madagascariensis,Calicalicus_madagascariensis,AVES,1,55,55225.7657169436
rank,11,11,51.6772071464547,Cheirogaleus crossleyi,Cheirogaleus_crossleyi,MAMMALIA,1,92,5731.87398069368
rank,11,11,51.6772071464547,Cheirogaleus major,Cheirogaleus_major,MAMMALIA,1,207,40223.8951920507
rank,11,11,51.6772071464547,Cheirogaleus medius,Cheirogaleus_medius,MAMMALIA,1,783,32438.6361484733
rank,11,11,51.6772071464547,Cinnyris notatus,Cinnyris_notatus,AVES,1,67,62272.6053956499
rank,11,11,51.6772071464547,Copsychus albospecularis,Copsychus_albospecularis,AVES,0.999988114156577,10,37361.8607775843
rank,11,11,51.6772071464547,Coracopsis nigra,Coracopsis_nigra,AVES,0.992298187786119,2,62136.1141262162
rank,11,11,51.6772071464547,Corythornis madagascariensis,Corythornis_madagascariensis,AVES,0.841875225049905,10,52448.0273472731
rank,11,11,51.6772071464547,Coua caerulea,Coua_caerulea,AVES,0.999540157253078,1,26788.7270026791
rank,11,11,51.6772071464547,Coua coquereli,Coua_coquereli,AVES,0.99999007786077,4,19647.3869561777
rank,11,11,51.6772071464547,Coua cristata,Coua_cristata,AVES,0.999977755400125,3,48347.8625277877
rank,11,11,51.6772071464547,Coua cursor,Coua_cursor,AVES,0.999544099688096,3,8797.15848683566
rank,11,11,51.6772071464547,Coua gigas,Coua_gigas,AVES,0.99968915734508,1,20410.2577962801
rank,11,11,51.6772071464547,Coua reynaudii,Coua_reynaudii,AVES,0.999960756965003,3,23024.2460184005
rank,11,11,51.6772071464547,Coua ruficeps,Coua_ruficeps,AVES,0.959346120072314,3,1327.46846918499
rank,11,11,51.6772071464547,Coua serriana,Coua_serriana,AVES,0.983468192983022,1,19059.8512517959
rank,11,11,51.6772071464547,Crossleyia xanthophrys,Crossleyia_xanthophrys,AVES,1,45,4117.99735637009
rank,11,11,51.6772071464547,Cryptoprocta ferox,Cryptoprocta_ferox,MAMMALIA,1.59723345660723e-11,2,12849.2299009453
rank,11,11,51.6772071464547,Cryptosylvicola randrianasoloi,Cryptosylvicola_randrianasoloi,AVES,1,39,5909.73896991462
rank,11,11,51.6772071464547,Cyanolanius madagascarinus,Cyanolanius_madagascarinus,AVES,0.999999999999996,38,59528.3606291543
rank,11,11,51.6772071464547,Daubentonia madagascariensis,Daubentonia_madagascariensis,MAMMALIA,1,66,18720.6375494616
rank,11,11,51.6772071464547,Echinops telfairi,Echinops_telfairi,MAMMALIA,1,328,31990.5915065482
rank,11,11,51.6772071464547,Eliurus antsingy,Eliurus_antsingy,MAMMALIA,0.0133748649300235,5,69.4813072830439
rank,11,11,51.6772071464547,Eliurus grandidieri,Eliurus_grandidieri,MAMMALIA,0.999641415738649,27,917.641006159482
rank,11,11,51.6772071464547,Eliurus majori,Eliurus_majori,MAMMALIA,1,245,28917.4731631101
rank,11,11,51.6772071464547,Eliurus minor,Eliurus_minor,MAMMALIA,1,933,43124.8817788996
rank,11,11,51.6772071464547,Eliurus myoxinus,Eliurus_myoxinus,MAMMALIA,1,759,46779.4689161451
rank,11,11,51.6772071464547,Eliurus tanala,Eliurus_tanala,MAMMALIA,1,331,32203.5798547936
rank,11,11,51.6772071464547,Eliurus webbi,Eliurus_webbi,MAMMALIA,1,356,37302.1265632883
rank,11,11,51.6772071464547,Eremopterix hova,Eremopterix_hova,AVES,0.999999862347248,22,4111.79749785364
rank,11,11,51.6772071464547,Eulemur albifrons,Eulemur_albifrons,MAMMALIA,1,50,11431.8078905894
rank,11,11,51.6772071464547,Eulemur cinereiceps,Eulemur_cinereiceps,MAMMALIA,1,199,57512.945550367
rank,11,11,51.6772071464547,Eulemur collaris,Eulemur_collaris,MAMMALIA,1,151,56742.5294879833
rank,11,11,51.6772071464547,Eulemur coronatus,Eulemur_coronatus,MAMMALIA,1,188,14161.9841976684
rank,11,11,51.6772071464547,Eulemur flavifrons,Eulemur_flavifrons,MAMMALIA,0.000213248908682684,1,25.074716512655
rank,11,11,51.6772071464547,Eulemur fulvus,Eulemur_fulvus,MAMMALIA,1,186,57670.814982095
rank,11,11,51.6772071464547,Eulemur macaco,Eulemur_macaco,MAMMALIA,1,64,27590.0619197637
rank,11,11,51.6772071464547,Eulemur mongoz,Eulemur_mongoz,MAMMALIA,0.99999995289805,33,2266.66703993082
rank,11,11,51.6772071464547,Eulemur rubriventer,Eulemur_rubriventer,MAMMALIA,1,219,47829.507714277
rank,11,11,51.6772071464547,Eulemur rufus,Eulemur_rufus,MAMMALIA,1,164,32925.5355840698
rank,11,11,51.6772071464547,Eulemur sanfordi,Eulemur_sanfordi,MAMMALIA,1,221,57759.3396574738
rank,11,11,51.6772071464547,Euryceros prevostii,Euryceros_prevostii,AVES,0.999000955070916,3,2839.0629478842
rank,11,11,51.6772071464547,Falco zoniventris,Falco_zoniventris,AVES,0.883782007834646,1,42147.9369734451
rank,11,11,51.6772071464547,Falculea palliata,Falculea_palliata,AVES,0.999999999998599,9,20322.952716969
rank,11,11,51.6772071464547,Fossa fossana,Fossa_fossana,MAMMALIA,0.322913973059824,4,25452.2036598921
rank,11,11,51.6772071464547,Foudia madagascariensis,Foudia_madagascariensis,AVES,0.999999999677438,60,76630.4266069383
rank,11,11,51.6772071464547,Foudia omissa,Foudia_omissa,AVES,0.999999999997262,23,30783.4995589221
rank,11,11,51.6772071464547,Gactornis enarratus,Gactornis_enarratus,AVES,0.999999782708373,5,29333.6504980477
rank,11,11,51.6772071464547,Galidia elegans,Galidia_elegans,MAMMALIA,0.317142912767698,6,26011.3085539062
rank,11,11,51.6772071464547,Galidictis fasciata,Galidictis_fasciata,MAMMALIA,0,3,4247.07071315497
rank,11,11,51.6772071464547,Geobiastes squamiger,Geobiastes_squamiger,AVES,0.999347144118565,3,9238.98026935522
rank,11,11,51.6772071464547,Geogale aurita,Geogale_aurita,MAMMALIA,1,515,20356.2691841723
rank,11,11,51.6772071464547,Gymnuromys roberti,Gymnuromys_roberti,MAMMALIA,1,124,19600.4365292652
rank,11,11,51.6772071464547,Haliaeetus vociferoides,Haliaeetus_vociferoides,AVES,0.0115773784314965,1,5133.49427342415
rank,11,11,51.6772071464547,Hapalemur alaotrensis,Hapalemur_alaotrensis,MAMMALIA,1,126,9209.91089991659
rank,11,11,51.6772071464547,Hapalemur aureus,Hapalemur_aureus,MAMMALIA,0.999999995692329,24,1820.55619611591
rank,11,11,51.6772071464547,Hapalemur griseus,Hapalemur_griseus,MAMMALIA,1,212,54185.4769729494
rank,11,11,51.6772071464547,Hapalemur occidentalis,Hapalemur_occidentalis,MAMMALIA,0.999995100328248,28,1026.71440970898
rank,11,11,51.6772071464547,Hartertula flavoviridis,Hartertula_flavoviridis,AVES,1,45,8110.84596121311
rank,11,11,51.6772071464547,Hartlaubius auratus,Hartlaubius_auratus,AVES,0.999999994766537,28,56060.7445827556
rank,11,11,51.6772071464547,Hemicentetes nigriceps,Hemicentetes_nigriceps,MAMMALIA,0.999953127257988,35,2052.96238155258
rank,11,11,51.6772071464547,Hemicentetes semispinosus,Hemicentetes_semispinosus,MAMMALIA,1,117,40567.7164236075
rank,11,11,51.6772071464547,Hypogeomys antimena,Hypogeomys_antimena,MAMMALIA,0.133821965840603,5,104.686912983656
rank,11,11,51.6772071464547,Hypositta corallirostris,Hypositta_corallirostris,AVES,0.999999646342352,21,37539.3744016162
rank,11,11,51.6772071464547,Indri indri,Indri_indri,MAMMALIA,1,16,35376.5128557521
rank,11,11,51.6772071464547,Lemur catta,Lemur_catta,MAMMALIA,1,174,13750.9599649385
rank,11,11,51.6772071464547,Lepidopygia nana,Lepidopygia_nana,AVES,0.999989880370611,104,85000.3914564426
rank,11,11,51.6772071464547,Lepilemur ankaranensis,Lepilemur_ankaranensis,MAMMALIA,0.942459903341428,13,361.823311685567
rank,11,11,51.6772071464547,Lepilemur edwardsi,Lepilemur_edwardsi,MAMMALIA,1,71,9161.9198293714
rank,11,11,51.6772071464547,Lepilemur leucopus,Lepilemur_leucopus,MAMMALIA,1,68,9714.5675849244
rank,11,11,51.6772071464547,Lepilemur microdon,Lepilemur_microdon,MAMMALIA,0.999999999997001,34,4773.54297635564
rank,11,11,51.6772071464547,Lepilemur mustelinus,Lepilemur_mustelinus,MAMMALIA,1,239,47818.5206672175
rank,11,11,51.6772071464547,Lepilemur ruficaudatus,Lepilemur_ruficaudatus,MAMMALIA,1,151,10814.7471867651
rank,11,11,51.6772071464547,Leptopterus chabert,Leptopterus_chabert,AVES,0.999999999999963,43,69700.527464062
rank,11,11,51.6772071464547,Lophotibis cristata,Lophotibis_cristata,AVES,0.999569514761293,2,49794.009516712
rank,11,11,51.6772071464547,Macrotarsomys bastardi,Macrotarsomys_bastardi,MAMMALIA,1,277,8155.32697095466
rank,11,11,51.6772071464547,Margaroperdix madagarensis,Margaroperdix_madagarensis,AVES,0.999995971945703,2,62032.4368510671
rank,11,11,51.6772071464547,Mentocrex kioloides,Mentocrex_kioloides,AVES,0.999879251622947,2,23633.662748836
rank,11,11,51.6772071464547,Mesitornis unicolor,Mesitornis_unicolor,AVES,0,1,89.8278131379858
rank,11,11,51.6772071464547,Mesitornis variegatus,Mesitornis_variegatus,AVES,0.998762356946553,5,2869.24937690049
rank,11,11,51.6772071464547,Microcebus berthae,Microcebus_berthae,MAMMALIA,1.52725555535582e-08,2,17.7781751081347
rank,11,11,51.6772071464547,Microcebus griseorufus,Microcebus_griseorufus,MAMMALIA,0.995769019106108,14,501.433658043884
rank,11,11,51.6772071464547,Microcebus murinus,Microcebus_murinus,MAMMALIA,1,1017,48249.6266760975
rank,11,11,51.6772071464547,Microcebus myoxinus,Microcebus_myoxinus,MAMMALIA,0.999999992654343,102,1124.39007911777
rank,11,11,51.6772071464547,Microcebus ravelobensis,Microcebus_ravelobensis,MAMMALIA,0.778620368188765,15,246.875988043973
rank,11,11,51.6772071464547,Microcebus rufus,Microcebus_rufus,MAMMALIA,1,816,40592.1261194831
rank,11,11,51.6772071464547,Microcebus tavaratra,Microcebus_tavaratra,MAMMALIA,0.99348955741329,45,767.433245509863
rank,11,11,51.6772071464547,Microgale brevicaudata,Microgale_brevicaudata,MAMMALIA,1,630,22223.7027861849
rank,11,11,51.6772071464547,Microgale cowani,Microgale_cowani,MAMMALIA,1,428,36345.9312505176
rank,11,11,51.6772071464547,Microgale drouhardi,Microgale_drouhardi,MAMMALIA,1,272,19943.8536887494
rank,11,11,51.6772071464547,Microgale dryas,Microgale_dryas,MAMMALIA,0.897201399235259,47,1369.92029440585
rank,11,11,51.6772071464547,Microgale fotsifotsy,Microgale_fotsifotsy,MAMMALIA,1,336,23187.1626098938
rank,11,11,51.6772071464547,Microgale gracilis,Microgale_gracilis,MAMMALIA,0.999999999994527,115,9164.29948366943
rank,11,11,51.6772071464547,Microgale gymnorhyncha,Microgale_gymnorhyncha,MAMMALIA,1,121,13750.0159659707
rank,11,11,51.6772071464547,Microgale longicaudata,Microgale_longicaudata,MAMMALIA,1,677,36752.9567723521
rank,11,11,51.6772071464547,Microgale mergulus,Microgale_mergulus,MAMMALIA,0.999999999999896,71,5562.61775285862
rank,11,11,51.6772071464547,Microgale parvula,Microgale_parvula,MAMMALIA,1,743,38370.8900676678
rank,11,11,51.6772071464547,Microgale principula,Microgale_principula,MAMMALIA,1,424,32507.9599643573
rank,11,11,51.6772071464547,Microgale pusilla,Microgale_pusilla,MAMMALIA,0.999999972966977,332,12918.6584413927
rank,11,11,51.6772071464547,Microgale soricoides,Microgale_soricoides,MAMMALIA,1,133,18982.7230956635
rank,11,11,51.6772071464547,Microgale taiva,Microgale_taiva,MAMMALIA,1,257,28143.3537413982
rank,11,11,51.6772071464547,Microgale thomasi,Microgale_thomasi,MAMMALIA,1,93,16711.8365808949
rank,11,11,51.6772071464547,Mirza coquereli,Mirza_coquereli,MAMMALIA,0.999997589067307,53,2653.0007427779
rank,11,11,51.6772071464547,Monias benschi,Monias_benschi,AVES,0,1,82.9420458882274
rank,11,11,51.6772071464547,Monticola erythronotus,Monticola_erythronotus,AVES,0.505764981643065,1,97.4973036619822
rank,11,11,51.6772071464547,Monticola sharpei,Monticola_sharpei,AVES,1,45,50930.6583050192
rank,11,11,51.6772071464547,Monticolomys koopmani,Monticolomys_koopmani,MAMMALIA,0.132627251095215,6,104.060766987503
rank,11,11,51.6772071464547,Motacilla flaviventris,Motacilla_flaviventris,AVES,1,39,9021.06581087446
rank,11,11,51.6772071464547,Mystacornis crossleyi,Mystacornis_crossleyi,AVES,1,10,31018.7904393844
rank,11,11,51.6772071464547,Neodrepanis coruscans,Neodrepanis_coruscans,AVES,0.999999236485285,15,21245.7682316825
rank,11,11,51.6772071464547,Neodrepanis hypoxantha,Neodrepanis_hypoxantha,AVES,0.0211788111247608,3,88.4296057149768
rank,11,11,51.6772071464547,Neomixis striatigula,Neomixis_striatigula,AVES,1,32,35422.8796149007
rank,11,11,51.6772071464547,Neomixis tenella,Neomixis_tenella,AVES,1,107,56601.8421666697
rank,11,11,51.6772071464547,Neomixis viridis,Neomixis_viridis,AVES,1,27,33706.7075919211
rank,11,11,51.6772071464547,Nesillas lantzii,Nesillas_lantzii,AVES,0.999983000083502,3,2703.9328436479
rank,11,11,51.6772071464547,Nesogale dobsoni,Nesogale_dobsoni,MAMMALIA,1,316,39831.5872318296
rank,11,11,51.6772071464547,Nesogale talazaci,Nesogale_talazaci,MAMMALIA,1,193,37264.5428578097
rank,11,11,51.6772071464547,Nesomys audeberti,Nesomys_audeberti,MAMMALIA,1,111,4404.70734705302
rank,11,11,51.6772071464547,Nesomys lambertoni,Nesomys_lambertoni,MAMMALIA,0.999983982375401,29,958.575495295227
rank,11,11,51.6772071464547,Nesomys rufus,Nesomys_rufus,MAMMALIA,1,183,28813.6184616387
rank,11,11,51.6772071464547,Newtonia amphichroa,Newtonia_amphichroa,AVES,1,22,28061.7454528883
rank,11,11,51.6772071464547,Newtonia archboldi,Newtonia_archboldi,AVES,0.999743205924592,10,2057.60292387809
rank,11,11,51.6772071464547,Newtonia brunneicauda,Newtonia_brunneicauda,AVES,1,74,68272.8613578528
rank,11,11,51.6772071464547,Newtonia fanovanae,Newtonia_fanovanae,AVES,0.353055283448657,2,98.2207024819943
rank,11,11,51.6772071464547,Oriolia bernieri,Oriolia_bernieri,AVES,0.999999180965632,15,9163.83250005976
rank,11,11,51.6772071464547,Oryzorictes hova,Oryzorictes_hova,MAMMALIA,1,281,38543.5220957845
rank,11,11,51.6772071464547,Oryzorictes tetradactylus,Oryzorictes_tetradactylus,MAMMALIA,0.999999999999994,140,9137.91412930076
rank,11,11,51.6772071464547,Otus rutilus,Otus_rutilus,AVES,0.999999960107838,4,62760.6888047457
rank,11,11,51.6772071464547,Oxylabes madagascariensis,Oxylabes_madagascariensis,AVES,1,21,32053.2541522235
rank,11,11,51.6772071464547,Phaner electromontis,Phaner_electromontis,MAMMALIA,1.1181189119025e-07,1,17.4337788633315
rank,11,11,51.6772071464547,Phaner furcifer,Phaner_furcifer,MAMMALIA,0.887905466959644,58,892.662774423171
rank,11,11,51.6772071464547,Phaner pallescens,Phaner_pallescens,MAMMALIA,0.999999999997009,57,3504.14815962315
rank,11,11,51.6772071464547,Phaner parienti,Phaner_parienti,MAMMALIA,0.00280017666108967,1,24.4501852478648
rank,11,11,51.6772071464547,Philepitta castanea,Philepitta_castanea,AVES,0.999619127206309,7,26632.657696682
rank,11,11,51.6772071464547,Philepitta schlegeli,Philepitta_schlegeli,AVES,0.988278027030843,14,4281.37986122647
rank,11,11,51.6772071464547,Ploceus nelicourvi,Ploceus_nelicourvi,AVES,0.999999999999229,17,35401.3539497554
rank,11,11,51.6772071464547,Ploceus sakalava,Ploceus_sakalava,AVES,0.9999999998223,37,25807.9221391976
rank,11,11,51.6772071464547,Polyboroides radiatus,Polyboroides_radiatus,AVES,0.996261737138138,1,61779.3357778186
rank,11,11,51.6772071464547,Pseudobias wardi,Pseudobias_wardi,AVES,1,19,28814.0932907372
rank,11,11,51.6772071464547,Pterocles personatus,Pterocles_personatus,AVES,0.940123497880854,5,7087.00341547594
rank,11,11,51.6772071464547,Rallus madagascariensis,Rallus_madagascariensis,AVES,0.999992918672352,4,11663.2884146006
rank,11,11,51.6772071464547,Randia pseudozosterops,Randia_pseudozosterops,AVES,0.999999998543427,10,27425.5987113363
rank,11,11,51.6772071464547,Sarothrura insularis,Sarothrura_insularis,AVES,0.999882476276148,9,43713.6007884981
rank,11,11,51.6772071464547,Schetba rufa,Schetba_rufa,AVES,0.999999999999997,28,18119.8079914376
rank,11,11,51.6772071464547,Setifer setosus,Setifer_setosus,MAMMALIA,1,242,64567.5291477516
rank,11,11,51.6772071464547,Tenrec ecaudatus,Tenrec_ecaudatus,MAMMALIA,1,132,69823.6404008716
rank,11,11,51.6772071464547,Thamnornis chloropetoides,Thamnornis_chloropetoides,AVES,0.999977507869225,5,3407.17432130128
rank,11,11,51.6772071464547,Treron australis,Treron_australis,AVES,0.993517091420655,1,61799.9821244106
rank,11,11,51.6772071464547,Turnix nigricollis,Turnix_nigricollis,AVES,0.999999217859439,7,70226.9934202135
rank,11,11,51.6772071464547,Tylas eduardi,Tylas_eduardi,AVES,0.999999998365869,11,34939.2629066777
rank,11,11,51.6772071464547,Vanga curvirostris,Vanga_curvirostris,AVES,0.999998503944978,17,69325.1398411633
rank,11,11,51.6772071464547,Varecia rubra,Varecia_rubra,MAMMALIA,1,84,41091.5198358766
rank,11,11,51.6772071464547,Varecia variegata,Varecia_variegata,MAMMALIA,1,59,40521.206709061
rank,11,11,51.6772071464547,Xanthomixis apperti,Xanthomixis_apperti,AVES,0.441311210122258,1,68.4073899760842
rank,11,11,51.6772071464547,Xanthomixis cinereiceps,Xanthomixis_cinereiceps,AVES,1,25,11947.6508705728
rank,11,11,51.6772071464547,Xanthomixis zosterops,Xanthomixis_zosterops,AVES,1,24,35779.5906954176
rank,11,11,51.6772071464547,Xenopirostris damii,Xenopirostris_damii,AVES,0.00179910766481406,1,93.5023440420628
rank,11,11,51.6772071464547,Xenopirostris polleni,Xenopirostris_polleni,AVES,0.999999995770212,12,12994.8947710815
rank,11,11,51.6772071464547,Xenopirostris xenopirostris,Xenopirostris_xenopirostris,AVES,0.96505807541122,1,1102.55740338564
rank,12,12,56.3696355398155,Accipiter henstii,Accipiter_henstii,AVES,0.62060703820373,1,43146.0184097049
rank,12,12,56.3696355398155,Accipiter madagascariensis,Accipiter_madagascariensis,AVES,0.860579162265111,1,51629.0715724826
rank,12,12,56.3696355398155,Acrocephalus newtoni,Acrocephalus_newtoni,AVES,1,59,61498.1092172422
rank,12,12,56.3696355398155,Alectroenas madagascariensis,Alectroenas_madagascariensis,AVES,0.996749948421506,7,35544.2805090143
rank,12,12,56.3696355398155,Allocebus trichotis,Allocebus_trichotis,MAMMALIA,0.00783473494650444,3,72.1001097112894
rank,12,12,56.3696355398155,Anas bernieri,Anas_bernieri,AVES,0,1,161.555721102021
rank,12,12,56.3696355398155,Apus balstoni,Apus_balstoni,AVES,0.999999468566755,12,50271.5080936534
rank,12,12,56.3696355398155,Artamella viridis,Artamella_viridis,AVES,0.999999999999995,23,56195.5269546375
rank,12,12,56.3696355398155,Asio madagascariensis,Asio_madagascariensis,AVES,0.792671621846427,2,37022.9991713464
rank,12,12,56.3696355398155,Atelornis crossleyi,Atelornis_crossleyi,AVES,0.999995666766436,6,9645.30279500037
rank,12,12,56.3696355398155,Atelornis pittoides,Atelornis_pittoides,AVES,0.999607766011937,3,26342.4884025953
rank,12,12,56.3696355398155,Athene superciliaris,Athene_superciliaris,AVES,0.999999922096194,6,38432.1589644924
rank,12,12,56.3696355398155,Avahi laniger,Avahi_laniger,MAMMALIA,1,97,24358.4206082155
rank,12,12,56.3696355398155,Avahi occidentalis,Avahi_occidentalis,MAMMALIA,0.996177513156648,4,630.900925964117
rank,12,12,56.3696355398155,Aviceda madagascariensis,Aviceda_madagascariensis,AVES,0.94122084362913,1,50209.0644932017
rank,12,12,56.3696355398155,Bernieria madagascariensis,Bernieria_madagascariensis,AVES,0.999999999977549,33,50824.5272270131
rank,12,12,56.3696355398155,Brachypteracias leptosomus,Brachypteracias_leptosomus,AVES,0.999542513685868,2,21818.5507276207
rank,12,12,56.3696355398155,Brachytarsomys albicauda,Brachytarsomys_albicauda,MAMMALIA,0.999999991596676,50,1815.17485363856
rank,12,12,56.3696355398155,Brachyuromys betsileoensis,Brachyuromys_betsileoensis,MAMMALIA,1,104,9961.36642400275
rank,12,12,56.3696355398155,Brachyuromys ramirohitra,Brachyuromys_ramirohitra,MAMMALIA,0.65541484639138,2,90.5857082977891
rank,12,12,56.3696355398155,Bradypterus brunneus,Bradypterus_brunneus,AVES,1,46,9818.11478232647
rank,12,12,56.3696355398155,Bradypterus seebohmi,Bradypterus_seebohmi,AVES,0.452718231585579,1,71.7493425011635
rank,12,12,56.3696355398155,Buteo brachypterus,Buteo_brachypterus,AVES,0.753606693381873,1,54418.2933567315
rank,12,12,56.3696355398155,Calicalicus madagascariensis,Calicalicus_madagascariensis,AVES,1,57,50931.0560948606
rank,12,12,56.3696355398155,Cheirogaleus crossleyi,Cheirogaleus_crossleyi,MAMMALIA,1,92,5731.87398069368
rank,12,12,56.3696355398155,Cheirogaleus major,Cheirogaleus_major,MAMMALIA,1,212,36922.4436313532
rank,12,12,56.3696355398155,Cheirogaleus medius,Cheirogaleus_medius,MAMMALIA,1,731,29367.9293414903
rank,12,12,56.3696355398155,Cinnyris notatus,Cinnyris_notatus,AVES,1,68,56402.610387561
rank,12,12,56.3696355398155,Copsychus albospecularis,Copsychus_albospecularis,AVES,0.999967853966574,10,34289.8214485119
rank,12,12,56.3696355398155,Coracopsis nigra,Coracopsis_nigra,AVES,0.998227571207049,2,57303.6294930781
rank,12,12,56.3696355398155,Corythornis madagascariensis,Corythornis_madagascariensis,AVES,0.832159854981235,9,48201.629179077
rank,12,12,56.3696355398155,Coua caerulea,Coua_caerulea,AVES,0.999449264180475,1,24368.3701372046
rank,12,12,56.3696355398155,Coua coquereli,Coua_coquereli,AVES,0.99998788314771,4,17929.4400323108
rank,12,12,56.3696355398155,Coua cristata,Coua_cristata,AVES,0.999999637132025,3,45033.8577081338
rank,12,12,56.3696355398155,Coua cursor,Coua_cursor,AVES,0.999359418250316,3,7582.1002657786
rank,12,12,56.3696355398155,Coua gigas,Coua_gigas,AVES,0.99963852782939,1,19000.4333305433
rank,12,12,56.3696355398155,Coua reynaudii,Coua_reynaudii,AVES,0.999927042306724,4,20764.227796644
rank,12,12,56.3696355398155,Coua ruficeps,Coua_ruficeps,AVES,0.959346120072314,3,1327.46846918499
rank,12,12,56.3696355398155,Coua serriana,Coua_serriana,AVES,0.981409895098076,1,17359.1309495568
rank,12,12,56.3696355398155,Crossleyia xanthophrys,Crossleyia_xanthophrys,AVES,1,45,4117.99735637009
rank,12,12,56.3696355398155,Cryptoprocta ferox,Cryptoprocta_ferox,MAMMALIA,1.11022302462516e-16,2,12142.4815304243
rank,12,12,56.3696355398155,Cryptosylvicola randrianasoloi,Cryptosylvicola_randrianasoloi,AVES,1,39,5909.73896991462
rank,12,12,56.3696355398155,Cyanolanius madagascarinus,Cyanolanius_madagascarinus,AVES,0.99999999999998,36,53960.8302130306
rank,12,12,56.3696355398155,Daubentonia madagascariensis,Daubentonia_madagascariensis,MAMMALIA,1,76,16999.0061650666
rank,12,12,56.3696355398155,Echinops telfairi,Echinops_telfairi,MAMMALIA,1,315,29054.1686608791
rank,12,12,56.3696355398155,Eliurus antsingy,Eliurus_antsingy,MAMMALIA,0.0133748649300235,5,69.4813072830439
rank,12,12,56.3696355398155,Eliurus grandidieri,Eliurus_grandidieri,MAMMALIA,0.999641415738649,27,917.641006159482
rank,12,12,56.3696355398155,Eliurus majori,Eliurus_majori,MAMMALIA,1,243,26586.7475785219
rank,12,12,56.3696355398155,Eliurus minor,Eliurus_minor,MAMMALIA,1,873,39791.2276541067
rank,12,12,56.3696355398155,Eliurus myoxinus,Eliurus_myoxinus,MAMMALIA,1,725,42737.3859936533
rank,12,12,56.3696355398155,Eliurus tanala,Eliurus_tanala,MAMMALIA,1,318,29718.3169200123
rank,12,12,56.3696355398155,Eliurus webbi,Eliurus_webbi,MAMMALIA,1,354,34515.3980841115
rank,12,12,56.3696355398155,Eremopterix hova,Eremopterix_hova,AVES,0.999999862347248,22,4111.79749785364
rank,12,12,56.3696355398155,Eulemur albifrons,Eulemur_albifrons,MAMMALIA,1,48,10568.9749768227
rank,12,12,56.3696355398155,Eulemur cinereiceps,Eulemur_cinereiceps,MAMMALIA,1,220,52224.0064076727
rank,12,12,56.3696355398155,Eulemur collaris,Eulemur_collaris,MAMMALIA,1,173,51522.6072494665
rank,12,12,56.3696355398155,Eulemur coronatus,Eulemur_coronatus,MAMMALIA,1,186,12951.1651962076
rank,12,12,56.3696355398155,Eulemur flavifrons,Eulemur_flavifrons,MAMMALIA,0.000213248908682684,1,25.074716512655
rank,12,12,56.3696355398155,Eulemur fulvus,Eulemur_fulvus,MAMMALIA,1,199,52351.7321609076
rank,12,12,56.3696355398155,Eulemur macaco,Eulemur_macaco,MAMMALIA,1,71,25318.5809854642
rank,12,12,56.3696355398155,Eulemur mongoz,Eulemur_mongoz,MAMMALIA,0.99999995289805,33,2266.66703993082
rank,12,12,56.3696355398155,Eulemur rubriventer,Eulemur_rubriventer,MAMMALIA,1,229,43995.3290411662
rank,12,12,56.3696355398155,Eulemur rufus,Eulemur_rufus,MAMMALIA,1,172,30012.2516050264
rank,12,12,56.3696355398155,Eulemur sanfordi,Eulemur_sanfordi,MAMMALIA,1,242,52490.3268787483
rank,12,12,56.3696355398155,Euryceros prevostii,Euryceros_prevostii,AVES,0.999000955070916,3,2839.0629478842
rank,12,12,56.3696355398155,Falco zoniventris,Falco_zoniventris,AVES,0.874218696395509,1,38865.1330233067
rank,12,12,56.3696355398155,Falculea palliata,Falculea_palliata,AVES,0.999999999998028,9,18809.2664257064
rank,12,12,56.3696355398155,Fossa fossana,Fossa_fossana,MAMMALIA,0.260934673148068,3,20019.376478672
rank,12,12,56.3696355398155,Foudia madagascariensis,Foudia_madagascariensis,AVES,0.999999997671259,66,69617.1731788516
rank,12,12,56.3696355398155,Foudia omissa,Foudia_omissa,AVES,0.999999999991872,28,28187.2448474796
rank,12,12,56.3696355398155,Gactornis enarratus,Gactornis_enarratus,AVES,0.999999536455885,5,26721.0663362071
rank,12,12,56.3696355398155,Galidia elegans,Galidia_elegans,MAMMALIA,0.270682347905621,6,23417.6128767713
rank,12,12,56.3696355398155,Galidictis fasciata,Galidictis_fasciata,MAMMALIA,0,3,4247.07071315497
rank,12,12,56.3696355398155,Geobiastes squamiger,Geobiastes_squamiger,AVES,0.998004364223949,4,8016.92872528444
rank,12,12,56.3696355398155,Geogale aurita,Geogale_aurita,MAMMALIA,1,476,18894.2029237779
rank,12,12,56.3696355398155,Gymnuromys roberti,Gymnuromys_roberti,MAMMALIA,1,130,18271.5084155598
rank,12,12,56.3696355398155,Haliaeetus vociferoides,Haliaeetus_vociferoides,AVES,0.0115773784314965,1,5133.49427342415
rank,12,12,56.3696355398155,Hapalemur alaotrensis,Hapalemur_alaotrensis,MAMMALIA,1,115,7969.09220807404
rank,12,12,56.3696355398155,Hapalemur aureus,Hapalemur_aureus,MAMMALIA,0.999999995692329,24,1820.55619611591
rank,12,12,56.3696355398155,Hapalemur griseus,Hapalemur_griseus,MAMMALIA,1,221,49574.3752795348
rank,12,12,56.3696355398155,Hapalemur occidentalis,Hapalemur_occidentalis,MAMMALIA,0.999995100328248,28,1026.71440970898
rank,12,12,56.3696355398155,Hartertula flavoviridis,Hartertula_flavoviridis,AVES,1,43,7991.5475955233
rank,12,12,56.3696355398155,Hartlaubius auratus,Hartlaubius_auratus,AVES,0.999999985293974,27,51464.0607240589
rank,12,12,56.3696355398155,Hemicentetes nigriceps,Hemicentetes_nigriceps,MAMMALIA,0.999953127257988,35,2052.96238155258
rank,12,12,56.3696355398155,Hemicentetes semispinosus,Hemicentetes_semispinosus,MAMMALIA,1,121,37343.8894940362
rank,12,12,56.3696355398155,Hypogeomys antimena,Hypogeomys_antimena,MAMMALIA,0.133821965840603,5,104.686912983656
rank,12,12,56.3696355398155,Hypositta corallirostris,Hypositta_corallirostris,AVES,0.99999955322834,22,34531.5520713046
rank,12,12,56.3696355398155,Indri indri,Indri_indri,MAMMALIA,1,22,32628.8878899593
rank,12,12,56.3696355398155,Lemur catta,Lemur_catta,MAMMALIA,1,166,12625.582926333
rank,12,12,56.3696355398155,Lepidopygia nana,Lepidopygia_nana,AVES,0.999998725710086,118,76904.1186294399
rank,12,12,56.3696355398155,Lepilemur ankaranensis,Lepilemur_ankaranensis,MAMMALIA,0.942459903341428,13,361.823311685567
rank,12,12,56.3696355398155,Lepilemur edwardsi,Lepilemur_edwardsi,MAMMALIA,1,67,7903.73608173988
rank,12,12,56.3696355398155,Lepilemur leucopus,Lepilemur_leucopus,MAMMALIA,1,65,8687.71631915122
rank,12,12,56.3696355398155,Lepilemur microdon,Lepilemur_microdon,MAMMALIA,0.999999999997001,34,4773.54297635564
rank,12,12,56.3696355398155,Lepilemur mustelinus,Lepilemur_mustelinus,MAMMALIA,1,236,43844.9283266468
rank,12,12,56.3696355398155,Lepilemur ruficaudatus,Lepilemur_ruficaudatus,MAMMALIA,1,149,9445.22105500847
rank,12,12,56.3696355398155,Leptopterus chabert,Leptopterus_chabert,AVES,0.999999999999662,45,63612.9620171934
rank,12,12,56.3696355398155,Lophotibis cristata,Lophotibis_cristata,AVES,0.99949542584655,2,45968.0638378809
rank,12,12,56.3696355398155,Macrotarsomys bastardi,Macrotarsomys_bastardi,MAMMALIA,1,256,7858.36704104899
rank,12,12,56.3696355398155,Margaroperdix madagarensis,Margaroperdix_madagarensis,AVES,0.99999525383214,2,56599.6487362122
rank,12,12,56.3696355398155,Mentocrex kioloides,Mentocrex_kioloides,AVES,0.999848278354191,2,21833.3500244766
rank,12,12,56.3696355398155,Mesitornis unicolor,Mesitornis_unicolor,AVES,0,1,89.8278131379858
rank,12,12,56.3696355398155,Mesitornis variegatus,Mesitornis_variegatus,AVES,0.998762356946553,5,2869.24937690049
rank,12,12,56.3696355398155,Microcebus berthae,Microcebus_berthae,MAMMALIA,1.52725555535582e-08,2,17.7781751081347
rank,12,12,56.3696355398155,Microcebus griseorufus,Microcebus_griseorufus,MAMMALIA,0.995769019106108,14,501.433658043884
rank,12,12,56.3696355398155,Microcebus murinus,Microcebus_murinus,MAMMALIA,1,975,43780.2124034911
rank,12,12,56.3696355398155,Microcebus myoxinus,Microcebus_myoxinus,MAMMALIA,0.999999992654343,102,1124.39007911777
rank,12,12,56.3696355398155,Microcebus ravelobensis,Microcebus_ravelobensis,MAMMALIA,0.778620368188765,15,246.875988043973
rank,12,12,56.3696355398155,Microcebus rufus,Microcebus_rufus,MAMMALIA,1,748,36869.7471009914
rank,12,12,56.3696355398155,Microcebus tavaratra,Microcebus_tavaratra,MAMMALIA,0.99348955741329,45,767.433245509863
rank,12,12,56.3696355398155,Microgale brevicaudata,Microgale_brevicaudata,MAMMALIA,1,602,21436.0700621381
rank,12,12,56.3696355398155,Microgale cowani,Microgale_cowani,MAMMALIA,1,399,33174.8391315182
rank,12,12,56.3696355398155,Microgale drouhardi,Microgale_drouhardi,MAMMALIA,1,260,18083.6030302365
rank,12,12,56.3696355398155,Microgale dryas,Microgale_dryas,MAMMALIA,0.897201399235259,47,1369.92029440585
rank,12,12,56.3696355398155,Microgale fotsifotsy,Microgale_fotsifotsy,MAMMALIA,0.999999999999998,321,21339.1182965871
rank,12,12,56.3696355398155,Microgale gracilis,Microgale_gracilis,MAMMALIA,0.999999999984178,117,8248.71386278712
rank,12,12,56.3696355398155,Microgale gymnorhyncha,Microgale_gymnorhyncha,MAMMALIA,1,117,12801.1875714485
rank,12,12,56.3696355398155,Microgale longicaudata,Microgale_longicaudata,MAMMALIA,1,628,33554.342385692
rank,12,12,56.3696355398155,Microgale mergulus,Microgale_mergulus,MAMMALIA,0.999999999999896,71,5562.61775285862
rank,12,12,56.3696355398155,Microgale parvula,Microgale_parvula,MAMMALIA,0.999999999999998,689,35292.0294173138
rank,12,12,56.3696355398155,Microgale principula,Microgale_principula,MAMMALIA,1,404,29747.6302151531
rank,12,12,56.3696355398155,Microgale pusilla,Microgale_pusilla,MAMMALIA,0.99999990969318,323,12295.8088312361
rank,12,12,56.3696355398155,Microgale soricoides,Microgale_soricoides,MAMMALIA,1,143,17653.817918053
rank,12,12,56.3696355398155,Microgale taiva,Microgale_taiva,MAMMALIA,1,251,25956.8147290546
rank,12,12,56.3696355398155,Microgale thomasi,Microgale_thomasi,MAMMALIA,1,96,15524.8985968381
rank,12,12,56.3696355398155,Mirza coquereli,Mirza_coquereli,MAMMALIA,0.999997589067307,53,2653.0007427779
rank,12,12,56.3696355398155,Monias benschi,Monias_benschi,AVES,0,1,82.9420458882274
rank,12,12,56.3696355398155,Monticola erythronotus,Monticola_erythronotus,AVES,0.505764981643065,1,97.4973036619822
rank,12,12,56.3696355398155,Monticola sharpei,Monticola_sharpei,AVES,1,48,46373.1302973963
rank,12,12,56.3696355398155,Monticolomys koopmani,Monticolomys_koopmani,MAMMALIA,0.132627251095215,6,104.060766987503
rank,12,12,56.3696355398155,Motacilla flaviventris,Motacilla_flaviventris,AVES,1,39,7819.68987896243
rank,12,12,56.3696355398155,Mystacornis crossleyi,Mystacornis_crossleyi,AVES,1,10,28461.0055032868
rank,12,12,56.3696355398155,Neodrepanis coruscans,Neodrepanis_coruscans,AVES,0.999997991962686,17,19481.1685745567
rank,12,12,56.3696355398155,Neodrepanis hypoxantha,Neodrepanis_hypoxantha,AVES,0.0211788111247608,3,88.4296057149768
rank,12,12,56.3696355398155,Neomixis striatigula,Neomixis_striatigula,AVES,1,34,32480.5765750894
rank,12,12,56.3696355398155,Neomixis tenella,Neomixis_tenella,AVES,1,109,52098.0025706515
rank,12,12,56.3696355398155,Neomixis viridis,Neomixis_viridis,AVES,1,35,31004.8736488
rank,12,12,56.3696355398155,Nesillas lantzii,Nesillas_lantzii,AVES,0.999983000083502,3,2703.9328436479
rank,12,12,56.3696355398155,Nesogale dobsoni,Nesogale_dobsoni,MAMMALIA,1,308,36018.9647954239
rank,12,12,56.3696355398155,Nesogale talazaci,Nesogale_talazaci,MAMMALIA,1,200,34315.5552751865
rank,12,12,56.3696355398155,Nesomys audeberti,Nesomys_audeberti,MAMMALIA,1,111,4404.70734705302
rank,12,12,56.3696355398155,Nesomys lambertoni,Nesomys_lambertoni,MAMMALIA,0.999983982375401,29,958.575495295227
rank,12,12,56.3696355398155,Nesomys rufus,Nesomys_rufus,MAMMALIA,1,191,26388.1107951254
rank,12,12,56.3696355398155,Newtonia amphichroa,Newtonia_amphichroa,AVES,1,23,26143.8663505986
rank,12,12,56.3696355398155,Newtonia archboldi,Newtonia_archboldi,AVES,0.999743205924592,10,2057.60292387809
rank,12,12,56.3696355398155,Newtonia brunneicauda,Newtonia_brunneicauda,AVES,1,83,62483.5377074406
rank,12,12,56.3696355398155,Newtonia fanovanae,Newtonia_fanovanae,AVES,0.353055283448657,2,98.2207024819943
rank,12,12,56.3696355398155,Oriolia bernieri,Oriolia_bernieri,AVES,0.999998264362009,14,7974.51048679481
rank,12,12,56.3696355398155,Oryzorictes hova,Oryzorictes_hova,MAMMALIA,1,285,35408.617233403
rank,12,12,56.3696355398155,Oryzorictes tetradactylus,Oryzorictes_tetradactylus,MAMMALIA,0.999999999999608,119,7931.15905011373
rank,12,12,56.3696355398155,Otus rutilus,Otus_rutilus,AVES,0.999999902024126,4,56953.4161064625
rank,12,12,56.3696355398155,Oxylabes madagascariensis,Oxylabes_madagascariensis,AVES,1,21,29496.0018575901
rank,12,12,56.3696355398155,Phaner electromontis,Phaner_electromontis,MAMMALIA,1.1181189119025e-07,1,17.4337788633315
rank,12,12,56.3696355398155,Phaner furcifer,Phaner_furcifer,MAMMALIA,0.887905466959644,58,892.662774423171
rank,12,12,56.3696355398155,Phaner pallescens,Phaner_pallescens,MAMMALIA,0.999999999997009,57,3504.14815962315
rank,12,12,56.3696355398155,Phaner parienti,Phaner_parienti,MAMMALIA,0.00280017666108967,1,24.4501852478648
rank,12,12,56.3696355398155,Philepitta castanea,Philepitta_castanea,AVES,0.999546116109108,7,24518.4322392783
rank,12,12,56.3696355398155,Philepitta schlegeli,Philepitta_schlegeli,AVES,0.988278027030843,14,4281.37986122647
rank,12,12,56.3696355398155,Ploceus nelicourvi,Ploceus_nelicourvi,AVES,0.999999999998547,16,32575.5914784514
rank,12,12,56.3696355398155,Ploceus sakalava,Ploceus_sakalava,AVES,0.999999999179071,39,23192.525731422
rank,12,12,56.3696355398155,Polyboroides radiatus,Polyboroides_radiatus,AVES,0.995537205462412,1,55554.6879251992
rank,12,12,56.3696355398155,Pseudobias wardi,Pseudobias_wardi,AVES,1,20,26625.6170830628
rank,12,12,56.3696355398155,Pterocles personatus,Pterocles_personatus,AVES,0.940123497880854,5,7087.00341547594
rank,12,12,56.3696355398155,Rallus madagascariensis,Rallus_madagascariensis,AVES,0.999979733499629,5,10604.800013258
rank,12,12,56.3696355398155,Randia pseudozosterops,Randia_pseudozosterops,AVES,0.9999999999998,12,25163.3752989379
rank,12,12,56.3696355398155,Sarothrura insularis,Sarothrura_insularis,AVES,0.999849290930855,10,39781.4208930704
rank,12,12,56.3696355398155,Schetba rufa,Schetba_rufa,AVES,0.999999999999997,28,16569.4066258445
rank,12,12,56.3696355398155,Setifer setosus,Setifer_setosus,MAMMALIA,1,258,59662.4309321493
rank,12,12,56.3696355398155,Tenrec ecaudatus,Tenrec_ecaudatus,MAMMALIA,1,139,62983.8778003454
rank,12,12,56.3696355398155,Thamnornis chloropetoides,Thamnornis_chloropetoides,AVES,0.999977507869225,5,3407.17432130128
rank,12,12,56.3696355398155,Treron australis,Treron_australis,AVES,0.992804448434603,1,56302.6885317564
rank,12,12,56.3696355398155,Turnix nigricollis,Turnix_nigricollis,AVES,0.999998756032773,7,63459.4463965893
rank,12,12,56.3696355398155,Tylas eduardi,Tylas_eduardi,AVES,0.999999997294688,10,32204.0403319422
rank,12,12,56.3696355398155,Vanga curvirostris,Vanga_curvirostris,AVES,0.999999970520451,19,63015.618692485
rank,12,12,56.3696355398155,Varecia rubra,Varecia_rubra,MAMMALIA,1,81,37552.6302910601
rank,12,12,56.3696355398155,Varecia variegata,Varecia_variegata,MAMMALIA,1,57,37019.9996144303
rank,12,12,56.3696355398155,Xanthomixis apperti,Xanthomixis_apperti,AVES,0.441311210122258,1,68.4073899760842
rank,12,12,56.3696355398155,Xanthomixis cinereiceps,Xanthomixis_cinereiceps,AVES,1,24,11260.5155840811
rank,12,12,56.3696355398155,Xanthomixis zosterops,Xanthomixis_zosterops,AVES,1,26,32900.4621263408
rank,12,12,56.3696355398155,Xenopirostris damii,Xenopirostris_damii,AVES,0.00179910766481406,1,93.5023440420628
rank,12,12,56.3696355398155,Xenopirostris polleni,Xenopirostris_polleni,AVES,0.999999984676926,13,11773.6883886947
rank,12,12,56.3696355398155,Xenopirostris xenopirostris,Xenopirostris_xenopirostris,AVES,0.96505807541122,1,1102.55740338564
rank,13,13,61.0801185886043,Accipiter henstii,Accipiter_henstii,AVES,0.59041318067887,1,38733.0979225859
rank,13,13,61.0801185886043,Accipiter madagascariensis,Accipiter_madagascariensis,AVES,0.848316872228521,1,47318.6883204877
rank,13,13,61.0801185886043,Acrocephalus newtoni,Acrocephalus_newtoni,AVES,1,68,54958.0265317498
rank,13,13,61.0801185886043,Alectroenas madagascariensis,Alectroenas_madagascariensis,AVES,0.995624251443452,6,32260.6671113022
rank,13,13,61.0801185886043,Allocebus trichotis,Allocebus_trichotis,MAMMALIA,0.00783473494650444,3,72.1001097112894
rank,13,13,61.0801185886043,Anas bernieri,Anas_bernieri,AVES,0,1,161.555721102021
rank,13,13,61.0801185886043,Apus balstoni,Apus_balstoni,AVES,0.999999311572645,12,45059.6703417376
rank,13,13,61.0801185886043,Artamella viridis,Artamella_viridis,AVES,0.999999999999985,24,51351.710948579
rank,13,13,61.0801185886043,Asio madagascariensis,Asio_madagascariensis,AVES,0.776836423483137,2,33452.4030109582
rank,13,13,61.0801185886043,Atelornis crossleyi,Atelornis_crossleyi,AVES,0.999991733756233,6,8742.58607367426
rank,13,13,61.0801185886043,Atelornis pittoides,Atelornis_pittoides,AVES,0.999517376687358,4,23850.6050904686
rank,13,13,61.0801185886043,Athene superciliaris,Athene_superciliaris,AVES,0.999999785499857,6,35022.1408166662
rank,13,13,61.0801185886043,Avahi laniger,Avahi_laniger,MAMMALIA,1,96,22302.0143028689
rank,13,13,61.0801185886043,Avahi occidentalis,Avahi_occidentalis,MAMMALIA,0.996177513156648,4,630.900925964117
rank,13,13,61.0801185886043,Aviceda madagascariensis,Aviceda_madagascariensis,AVES,0.933461300075557,1,45465.1129534841
rank,13,13,61.0801185886043,Bernieria madagascariensis,Bernieria_madagascariensis,AVES,1,42,45821.2081030533
rank,13,13,61.0801185886043,Brachypteracias leptosomus,Brachypteracias_leptosomus,AVES,0.999284352785383,2,19816.2125995755
rank,13,13,61.0801185886043,Brachytarsomys albicauda,Brachytarsomys_albicauda,MAMMALIA,0.999999991596676,50,1815.17485363856
rank,13,13,61.0801185886043,Brachyuromys betsileoensis,Brachyuromys_betsileoensis,MAMMALIA,1,101,9099.61217011406
rank,13,13,61.0801185886043,Brachyuromys ramirohitra,Brachyuromys_ramirohitra,MAMMALIA,0.65541484639138,2,90.5857082977891
rank,13,13,61.0801185886043,Bradypterus brunneus,Bradypterus_brunneus,AVES,1,48,9063.84664972446
rank,13,13,61.0801185886043,Bradypterus seebohmi,Bradypterus_seebohmi,AVES,0.452718231585579,1,71.7493425011635
rank,13,13,61.0801185886043,Buteo brachypterus,Buteo_brachypterus,AVES,0.73203223497513,1,49130.7596585229
rank,13,13,61.0801185886043,Calicalicus madagascariensis,Calicalicus_madagascariensis,AVES,1,69,46143.3114205866
rank,13,13,61.0801185886043,Cheirogaleus crossleyi,Cheirogaleus_crossleyi,MAMMALIA,1,92,5731.87398069368
rank,13,13,61.0801185886043,Cheirogaleus major,Cheirogaleus_major,MAMMALIA,1,214,33582.2616686629
rank,13,13,61.0801185886043,Cheirogaleus medius,Cheirogaleus_medius,MAMMALIA,1,665,26287.5624862164
rank,13,13,61.0801185886043,Cinnyris notatus,Cinnyris_notatus,AVES,1,80,50585.2689281479
rank,13,13,61.0801185886043,Copsychus albospecularis,Copsychus_albospecularis,AVES,0.999966659871504,13,31417.3914031096
rank,13,13,61.0801185886043,Coracopsis nigra,Coracopsis_nigra,AVES,0.997994825165157,3,51600.6107228473
rank,13,13,61.0801185886043,Corythornis madagascariensis,Corythornis_madagascariensis,AVES,0.818688809154484,8,43373.2805368751
rank,13,13,61.0801185886043,Coua caerulea,Coua_caerulea,AVES,0.999348728103992,1,22315.7945658056
rank,13,13,61.0801185886043,Coua coquereli,Coua_coquereli,AVES,0.999982831236563,5,16211.5021508187
rank,13,13,61.0801185886043,Coua cristata,Coua_cristata,AVES,0.999999388497712,3,41747.3187931925
rank,13,13,61.0801185886043,Coua cursor,Coua_cursor,AVES,0.99926784051988,3,7203.79810878634
rank,13,13,61.0801185886043,Coua gigas,Coua_gigas,AVES,0.999578762042597,1,17670.9614992738
rank,13,13,61.0801185886043,Coua reynaudii,Coua_reynaudii,AVES,0.999854751202978,4,18398.2730225399
rank,13,13,61.0801185886043,Coua ruficeps,Coua_ruficeps,AVES,0.959346120072314,3,1327.46846918499
rank,13,13,61.0801185886043,Coua serriana,Coua_serriana,AVES,0.979289818494536,2,16038.5231971517
rank,13,13,61.0801185886043,Crossleyia xanthophrys,Crossleyia_xanthophrys,AVES,1,45,4117.99735637009
rank,13,13,61.0801185886043,Cryptoprocta ferox,Cryptoprocta_ferox,MAMMALIA,0,2,10677.3611737777
rank,13,13,61.0801185886043,Cryptosylvicola randrianasoloi,Cryptosylvicola_randrianasoloi,AVES,1,39,5909.73896991462
rank,13,13,61.0801185886043,Cyanolanius madagascarinus,Cyanolanius_madagascarinus,AVES,1,39,48473.9313231036
rank,13,13,61.0801185886043,Daubentonia madagascariensis,Daubentonia_madagascariensis,MAMMALIA,1,75,15970.8486110833
rank,13,13,61.0801185886043,Echinops telfairi,Echinops_telfairi,MAMMALIA,1,291,25785.8590347394
rank,13,13,61.0801185886043,Eliurus antsingy,Eliurus_antsingy,MAMMALIA,0.0133748649300235,5,69.4813072830439
rank,13,13,61.0801185886043,Eliurus grandidieri,Eliurus_grandidieri,MAMMALIA,0.999641415738649,27,917.641006159482
rank,13,13,61.0801185886043,Eliurus majori,Eliurus_majori,MAMMALIA,1,222,23227.0785898812
rank,13,13,61.0801185886043,Eliurus minor,Eliurus_minor,MAMMALIA,1,813,36036.6570825267
rank,13,13,61.0801185886043,Eliurus myoxinus,Eliurus_myoxinus,MAMMALIA,1,662,39162.1855990738
rank,13,13,61.0801185886043,Eliurus tanala,Eliurus_tanala,MAMMALIA,1,296,26532.1373341084
rank,13,13,61.0801185886043,Eliurus webbi,Eliurus_webbi,MAMMALIA,1,340,31498.0875479206
rank,13,13,61.0801185886043,Eremopterix hova,Eremopterix_hova,AVES,0.999999862347248,22,4111.79749785364
rank,13,13,61.0801185886043,Eulemur albifrons,Eulemur_albifrons,MAMMALIA,1,46,9960.03572388392
rank,13,13,61.0801185886043,Eulemur cinereiceps,Eulemur_cinereiceps,MAMMALIA,1,230,46864.0644690171
rank,13,13,61.0801185886043,Eulemur collaris,Eulemur_collaris,MAMMALIA,1,177,46090.1690768972
rank,13,13,61.0801185886043,Eulemur coronatus,Eulemur_coronatus,MAMMALIA,1,178,12068.7727762171
rank,13,13,61.0801185886043,Eulemur flavifrons,Eulemur_flavifrons,MAMMALIA,0.000213248908682684,1,25.074716512655
rank,13,13,61.0801185886043,Eulemur fulvus,Eulemur_fulvus,MAMMALIA,1,211,46989.2818860859
rank,13,13,61.0801185886043,Eulemur macaco,Eulemur_macaco,MAMMALIA,1,77,22259.767550879
rank,13,13,61.0801185886043,Eulemur mongoz,Eulemur_mongoz,MAMMALIA,0.99999995289805,33,2266.66703993082
rank,13,13,61.0801185886043,Eulemur rubriventer,Eulemur_rubriventer,MAMMALIA,1,230,39817.0130419652
rank,13,13,61.0801185886043,Eulemur rufus,Eulemur_rufus,MAMMALIA,1,171,27498.914509818
rank,13,13,61.0801185886043,Eulemur sanfordi,Eulemur_sanfordi,MAMMALIA,1,247,47084.9291330278
rank,13,13,61.0801185886043,Euryceros prevostii,Euryceros_prevostii,AVES,0.999000955070916,3,2839.0629478842
rank,13,13,61.0801185886043,Falco zoniventris,Falco_zoniventris,AVES,0.864518277928805,1,36000.5434143394
rank,13,13,61.0801185886043,Falculea palliata,Falculea_palliata,AVES,0.999999999991529,10,17181.7775030509
rank,13,13,61.0801185886043,Fossa fossana,Fossa_fossana,MAMMALIA,0.210908207094258,3,18707.6232233346
rank,13,13,61.0801185886043,Foudia madagascariensis,Foudia_madagascariensis,AVES,0.999999999998901,70,62608.927768901
rank,13,13,61.0801185886043,Foudia omissa,Foudia_omissa,AVES,0.99999999993236,31,25522.1405130735
rank,13,13,61.0801185886043,Gactornis enarratus,Gactornis_enarratus,AVES,0.999997782496682,6,24092.646789819
rank,13,13,61.0801185886043,Galidia elegans,Galidia_elegans,MAMMALIA,0.222057478438188,5,20686.5360430728
rank,13,13,61.0801185886043,Galidictis fasciata,Galidictis_fasciata,MAMMALIA,0,3,4247.07071315497
rank,13,13,61.0801185886043,Geobiastes squamiger,Geobiastes_squamiger,AVES,0.99817289460161,4,6683.69900908904
rank,13,13,61.0801185886043,Geogale aurita,Geogale_aurita,MAMMALIA,1,418,17251.1800701544
rank,13,13,61.0801185886043,Gymnuromys roberti,Gymnuromys_roberti,MAMMALIA,1,116,16508.2657017879
rank,13,13,61.0801185886043,Haliaeetus vociferoides,Haliaeetus_vociferoides,AVES,0.0115773784314965,1,5133.49427342415
rank,13,13,61.0801185886043,Hapalemur alaotrensis,Hapalemur_alaotrensis,MAMMALIA,1,100,6666.63089045213
rank,13,13,61.0801185886043,Hapalemur aureus,Hapalemur_aureus,MAMMALIA,0.999999995692329,24,1820.55619611591
rank,13,13,61.0801185886043,Hapalemur griseus,Hapalemur_griseus,MAMMALIA,1,227,44751.0095880222
rank,13,13,61.0801185886043,Hapalemur occidentalis,Hapalemur_occidentalis,MAMMALIA,0.999995100328248,28,1026.71440970898
rank,13,13,61.0801185886043,Hartertula flavoviridis,Hartertula_flavoviridis,AVES,1,45,6716.27178949118
rank,13,13,61.0801185886043,Hartlaubius auratus,Hartlaubius_auratus,AVES,0.999999988549018,31,46631.5659024443
rank,13,13,61.0801185886043,Hemicentetes nigriceps,Hemicentetes_nigriceps,MAMMALIA,0.999953127257988,35,2052.96238155258
rank,13,13,61.0801185886043,Hemicentetes semispinosus,Hemicentetes_semispinosus,MAMMALIA,1,122,33721.3803531464
rank,13,13,61.0801185886043,Hypogeomys antimena,Hypogeomys_antimena,MAMMALIA,0.133821965840603,5,104.686912983656
rank,13,13,61.0801185886043,Hypositta corallirostris,Hypositta_corallirostris,AVES,0.999998948009194,27,31121.219074627
rank,13,13,61.0801185886043,Indri indri,Indri_indri,MAMMALIA,1,22,29468.084019335
rank,13,13,61.0801185886043,Lemur catta,Lemur_catta,MAMMALIA,1,154,11173.0018346682
rank,13,13,61.0801185886043,Lepidopygia nana,Lepidopygia_nana,AVES,0.999997796408068,128,68547.6768462313
rank,13,13,61.0801185886043,Lepilemur ankaranensis,Lepilemur_ankaranensis,MAMMALIA,0.942459903341428,13,361.823311685567
rank,13,13,61.0801185886043,Lepilemur edwardsi,Lepilemur_edwardsi,MAMMALIA,1,66,6655.68466013603
rank,13,13,61.0801185886043,Lepilemur leucopus,Lepilemur_leucopus,MAMMALIA,1,56,7670.4040126726
rank,13,13,61.0801185886043,Lepilemur microdon,Lepilemur_microdon,MAMMALIA,0.999999999997001,34,4773.54297635564
rank,13,13,61.0801185886043,Lepilemur mustelinus,Lepilemur_mustelinus,MAMMALIA,1,225,39038.3042444959
rank,13,13,61.0801185886043,Lepilemur ruficaudatus,Lepilemur_ruficaudatus,MAMMALIA,1,141,8651.52797212452
rank,13,13,61.0801185886043,Leptopterus chabert,Leptopterus_chabert,AVES,0.999999999999871,48,57514.819959946
rank,13,13,61.0801185886043,Lophotibis cristata,Lophotibis_cristata,AVES,0.999385252746643,2,41263.3039165214
rank,13,13,61.0801185886043,Macrotarsomys bastardi,Macrotarsomys_bastardi,MAMMALIA,1,212,6609.44208165034
rank,13,13,61.0801185886043,Margaroperdix madagarensis,Margaroperdix_madagarensis,AVES,0.99999408734878,3,50833.1666771585
rank,13,13,61.0801185886043,Mentocrex kioloides,Mentocrex_kioloides,AVES,0.999798506472681,2,19668.4311702326
rank,13,13,61.0801185886043,Mesitornis unicolor,Mesitornis_unicolor,AVES,0,1,89.8278131379858
rank,13,13,61.0801185886043,Mesitornis variegatus,Mesitornis_variegatus,AVES,0.998762356946553,5,2869.24937690049
rank,13,13,61.0801185886043,Microcebus berthae,Microcebus_berthae,MAMMALIA,1.52725555535582e-08,2,17.7781751081347
rank,13,13,61.0801185886043,Microcebus griseorufus,Microcebus_griseorufus,MAMMALIA,0.995769019106108,14,501.433658043884
rank,13,13,61.0801185886043,Microcebus murinus,Microcebus_murinus,MAMMALIA,1,903,39694.2070297524
rank,13,13,61.0801185886043,Microcebus myoxinus,Microcebus_myoxinus,MAMMALIA,0.999999992654343,102,1124.39007911777
rank,13,13,61.0801185886043,Microcebus ravelobensis,Microcebus_ravelobensis,MAMMALIA,0.778620368188765,15,246.875988043973
rank,13,13,61.0801185886043,Microcebus rufus,Microcebus_rufus,MAMMALIA,1,689,33186.3970992781
rank,13,13,61.0801185886043,Microcebus tavaratra,Microcebus_tavaratra,MAMMALIA,0.99348955741329,45,767.433245509863
rank,13,13,61.0801185886043,Microgale brevicaudata,Microgale_brevicaudata,MAMMALIA,1,555,19989.7349353209
rank,13,13,61.0801185886043,Microgale cowani,Microgale_cowani,MAMMALIA,1,381,29394.5865787014
rank,13,13,61.0801185886043,Microgale drouhardi,Microgale_drouhardi,MAMMALIA,1,252,16026.8197449542
rank,13,13,61.0801185886043,Microgale dryas,Microgale_dryas,MAMMALIA,0.897201399235259,47,1369.92029440585
rank,13,13,61.0801185886043,Microgale fotsifotsy,Microgale_fotsifotsy,MAMMALIA,0.999999999999993,303,19248.8049482002
rank,13,13,61.0801185886043,Microgale gracilis,Microgale_gracilis,MAMMALIA,0.999999999971918,114,8024.45044481914
rank,13,13,61.0801185886043,Microgale gymnorhyncha,Microgale_gymnorhyncha,MAMMALIA,0.999999999999997,102,11135.8805720455
rank,13,13,61.0801185886043,Microgale longicaudata,Microgale_longicaudata,MAMMALIA,1,579,29963.0892972353
rank,13,13,61.0801185886043,Microgale mergulus,Microgale_mergulus,MAMMALIA,0.999999999999896,71,5562.61775285862
rank,13,13,61.0801185886043,Microgale parvula,Microgale_parvula,MAMMALIA,0.999999999999989,635,31812.2952371429
rank,13,13,61.0801185886043,Microgale principula,Microgale_principula,MAMMALIA,1,372,26962.2348773032
rank,13,13,61.0801185886043,Microgale pusilla,Microgale_pusilla,MAMMALIA,0.999999824725121,321,11732.2690367441
rank,13,13,61.0801185886043,Microgale soricoides,Microgale_soricoides,MAMMALIA,1,125,15665.95573876
rank,13,13,61.0801185886043,Microgale taiva,Microgale_taiva,MAMMALIA,1,222,23164.1719713419
rank,13,13,61.0801185886043,Microgale thomasi,Microgale_thomasi,MAMMALIA,1,88,14217.5816752166
rank,13,13,61.0801185886043,Mirza coquereli,Mirza_coquereli,MAMMALIA,0.999997589067307,53,2653.0007427779
rank,13,13,61.0801185886043,Monias benschi,Monias_benschi,AVES,0,1,82.9420458882274
rank,13,13,61.0801185886043,Monticola erythronotus,Monticola_erythronotus,AVES,0.505764981643065,1,97.4973036619822
rank,13,13,61.0801185886043,Monticola sharpei,Monticola_sharpei,AVES,1,50,41390.1729628593
rank,13,13,61.0801185886043,Monticolomys koopmani,Monticolomys_koopmani,MAMMALIA,0.132627251095215,6,104.060766987503
rank,13,13,61.0801185886043,Motacilla flaviventris,Motacilla_flaviventris,AVES,1,34,6597.61391571564
rank,13,13,61.0801185886043,Mystacornis crossleyi,Mystacornis_crossleyi,AVES,1,13,25951.3898501248
rank,13,13,61.0801185886043,Neodrepanis coruscans,Neodrepanis_coruscans,AVES,0.999999484355621,19,17415.9999240935
rank,13,13,61.0801185886043,Neodrepanis hypoxantha,Neodrepanis_hypoxantha,AVES,0.0211788111247608,3,88.4296057149768
rank,13,13,61.0801185886043,Neomixis striatigula,Neomixis_striatigula,AVES,1,35,29390.9012721907
rank,13,13,61.0801185886043,Neomixis tenella,Neomixis_tenella,AVES,1,107,47976.8085535765
rank,13,13,61.0801185886043,Neomixis viridis,Neomixis_viridis,AVES,1,34,28071.928048566
rank,13,13,61.0801185886043,Nesillas lantzii,Nesillas_lantzii,AVES,0.999983000083502,3,2703.9328436479
rank,13,13,61.0801185886043,Nesogale dobsoni,Nesogale_dobsoni,MAMMALIA,1,301,32081.5232806823
rank,13,13,61.0801185886043,Nesogale talazaci,Nesogale_talazaci,MAMMALIA,1,199,30957.5886787908
rank,13,13,61.0801185886043,Nesomys audeberti,Nesomys_audeberti,MAMMALIA,1,111,4404.70734705302
rank,13,13,61.0801185886043,Nesomys lambertoni,Nesomys_lambertoni,MAMMALIA,0.999983982375401,29,958.575495295227
rank,13,13,61.0801185886043,Nesomys rufus,Nesomys_rufus,MAMMALIA,1,192,23892.8902822509
rank,13,13,61.0801185886043,Newtonia amphichroa,Newtonia_amphichroa,AVES,1,26,23443.5612467006
rank,13,13,61.0801185886043,Newtonia archboldi,Newtonia_archboldi,AVES,0.999743205924592,10,2057.60292387809
rank,13,13,61.0801185886043,Newtonia brunneicauda,Newtonia_brunneicauda,AVES,1,94,56638.2125356123
rank,13,13,61.0801185886043,Newtonia fanovanae,Newtonia_fanovanae,AVES,0.353055283448657,2,98.2207024819943
rank,13,13,61.0801185886043,Oriolia bernieri,Oriolia_bernieri,AVES,0.99998799546773,15,7050.39059484867
rank,13,13,61.0801185886043,Oryzorictes hova,Oryzorictes_hova,MAMMALIA,1,281,31905.608817488
rank,13,13,61.0801185886043,Oryzorictes tetradactylus,Oryzorictes_tetradactylus,MAMMALIA,0.999999999969464,110,6662.70405459275
rank,13,13,61.0801185886043,Otus rutilus,Otus_rutilus,AVES,0.999999776906304,5,51102.6713126749
rank,13,13,61.0801185886043,Oxylabes madagascariensis,Oxylabes_madagascariensis,AVES,1,24,26676.6230497229
rank,13,13,61.0801185886043,Phaner electromontis,Phaner_electromontis,MAMMALIA,1.1181189119025e-07,1,17.4337788633315
rank,13,13,61.0801185886043,Phaner furcifer,Phaner_furcifer,MAMMALIA,0.887905466959644,58,892.662774423171
rank,13,13,61.0801185886043,Phaner pallescens,Phaner_pallescens,MAMMALIA,0.999999999997009,57,3504.14815962315
rank,13,13,61.0801185886043,Phaner parienti,Phaner_parienti,MAMMALIA,0.00280017666108967,1,24.4501852478648
rank,13,13,61.0801185886043,Philepitta castanea,Philepitta_castanea,AVES,0.999403485287918,8,22157.1003735293
rank,13,13,61.0801185886043,Philepitta schlegeli,Philepitta_schlegeli,AVES,0.988278027030843,14,4281.37986122647
rank,13,13,61.0801185886043,Ploceus nelicourvi,Ploceus_nelicourvi,AVES,0.999999999999994,17,29817.5070385576
rank,13,13,61.0801185886043,Ploceus sakalava,Ploceus_sakalava,AVES,0.999999999997086,44,20764.2357336208
rank,13,13,61.0801185886043,Polyboroides radiatus,Polyboroides_radiatus,AVES,0.994585790884292,1,49480.3285753843
rank,13,13,61.0801185886043,Pseudobias wardi,Pseudobias_wardi,AVES,1,21,24178.3669522647
rank,13,13,61.0801185886043,Pterocles personatus,Pterocles_personatus,AVES,0.929199293108051,6,6605.52447609899
rank,13,13,61.0801185886043,Rallus madagascariensis,Rallus_madagascariensis,AVES,0.999973284074055,5,9915.3274759055
rank,13,13,61.0801185886043,Randia pseudozosterops,Randia_pseudozosterops,AVES,0.999999999998367,12,23162.9565264019
rank,13,13,61.0801185886043,Sarothrura insularis,Sarothrura_insularis,AVES,0.999903560167133,12,35573.2168026988
rank,13,13,61.0801185886043,Schetba rufa,Schetba_rufa,AVES,0.999999999999979,28,15508.7263277024
rank,13,13,61.0801185886043,Setifer setosus,Setifer_setosus,MAMMALIA,1,256,53896.671330601
rank,13,13,61.0801185886043,Tenrec ecaudatus,Tenrec_ecaudatus,MAMMALIA,1,150,56460.0944384113
rank,13,13,61.0801185886043,Thamnornis chloropetoides,Thamnornis_chloropetoides,AVES,0.999977507869225,5,3407.17432130128
rank,13,13,61.0801185886043,Treron australis,Treron_australis,AVES,0.991995031632232,2,51287.688567847
rank,13,13,61.0801185886043,Turnix nigricollis,Turnix_nigricollis,AVES,0.999996423191962,8,56434.9259052873
rank,13,13,61.0801185886043,Tylas eduardi,Tylas_eduardi,AVES,0.999999991623557,10,29548.7907221316
rank,13,13,61.0801185886043,Vanga curvirostris,Vanga_curvirostris,AVES,0.999999959730784,23,57074.0356562138
rank,13,13,61.0801185886043,Varecia rubra,Varecia_rubra,MAMMALIA,1,89,33883.421052815
rank,13,13,61.0801185886043,Varecia variegata,Varecia_variegata,MAMMALIA,1,58,33258.315503181
rank,13,13,61.0801185886043,Xanthomixis apperti,Xanthomixis_apperti,AVES,0.441311210122258,1,68.4073899760842
rank,13,13,61.0801185886043,Xanthomixis cinereiceps,Xanthomixis_cinereiceps,AVES,1,28,9872.59921474794
rank,13,13,61.0801185886043,Xanthomixis zosterops,Xanthomixis_zosterops,AVES,1,31,30106.5036358304
rank,13,13,61.0801185886043,Xenopirostris damii,Xenopirostris_damii,AVES,0.00179910766481406,1,93.5023440420628
rank,13,13,61.0801185886043,Xenopirostris polleni,Xenopirostris_polleni,AVES,0.999999976360223,13,11055.92195915
rank,13,13,61.0801185886043,Xenopirostris xenopirostris,Xenopirostris_xenopirostris,AVES,0.96505807541122,1,1102.55740338564
rank,14,14,65.7855369548315,Accipiter henstii,Accipiter_henstii,AVES,0.561751428608988,1,35128.1009187549
rank,14,14,65.7855369548315,Accipiter madagascariensis,Accipiter_madagascariensis,AVES,0.833887879582488,1,43045.2816404924
rank,14,14,65.7855369548315,Acrocephalus newtoni,Acrocephalus_newtoni,AVES,1,67,48394.0375858708
rank,14,14,65.7855369548315,Alectroenas madagascariensis,Alectroenas_madagascariensis,AVES,0.995184434858642,6,29619.8627935092
rank,14,14,65.7855369548315,Allocebus trichotis,Allocebus_trichotis,MAMMALIA,0.00783473494650444,3,72.1001097112894
rank,14,14,65.7855369548315,Anas bernieri,Anas_bernieri,AVES,0,1,161.555721102021
rank,14,14,65.7855369548315,Apus balstoni,Apus_balstoni,AVES,0.999999999999335,18,40675.7173778266
rank,14,14,65.7855369548315,Artamella viridis,Artamella_viridis,AVES,0.999999999999994,23,46960.4165361673
rank,14,14,65.7855369548315,Asio madagascariensis,Asio_madagascariensis,AVES,0.763308451351735,2,30885.5304099623
rank,14,14,65.7855369548315,Atelornis crossleyi,Atelornis_crossleyi,AVES,0.999984990847315,6,8029.14540617168
rank,14,14,65.7855369548315,Atelornis pittoides,Atelornis_pittoides,AVES,0.999370739095598,4,21923.1591403043
rank,14,14,65.7855369548315,Athene superciliaris,Athene_superciliaris,AVES,0.999999617237712,8,31922.8231261149
rank,14,14,65.7855369548315,Avahi laniger,Avahi_laniger,MAMMALIA,1,100,20161.3380929312
rank,14,14,65.7855369548315,Avahi occidentalis,Avahi_occidentalis,MAMMALIA,0.996177513156648,4,630.900925964117
rank,14,14,65.7855369548315,Aviceda madagascariensis,Aviceda_madagascariensis,AVES,0.924934363032832,1,41269.3628432676
rank,14,14,65.7855369548315,Bernieria madagascariensis,Bernieria_madagascariensis,AVES,1,44,41450.5296547711
rank,14,14,65.7855369548315,Brachypteracias leptosomus,Brachypteracias_leptosomus,AVES,0.999210356129994,2,18793.4453760982
rank,14,14,65.7855369548315,Brachytarsomys albicauda,Brachytarsomys_albicauda,MAMMALIA,0.999999991596676,50,1815.17485363856
rank,14,14,65.7855369548315,Brachyuromys betsileoensis,Brachyuromys_betsileoensis,MAMMALIA,1,93,7677.40061757412
rank,14,14,65.7855369548315,Brachyuromys ramirohitra,Brachyuromys_ramirohitra,MAMMALIA,0.65541484639138,2,90.5857082977891
rank,14,14,65.7855369548315,Bradypterus brunneus,Bradypterus_brunneus,AVES,1,49,8418.4522633967
rank,14,14,65.7855369548315,Bradypterus seebohmi,Bradypterus_seebohmi,AVES,0.452718231585579,1,71.7493425011635
rank,14,14,65.7855369548315,Buteo brachypterus,Buteo_brachypterus,AVES,0.710123795642661,1,44585.6260758042
rank,14,14,65.7855369548315,Calicalicus madagascariensis,Calicalicus_madagascariensis,AVES,1,69,41968.8674583756
rank,14,14,65.7855369548315,Cheirogaleus crossleyi,Cheirogaleus_crossleyi,MAMMALIA,1,83,5329.98286265385
rank,14,14,65.7855369548315,Cheirogaleus major,Cheirogaleus_major,MAMMALIA,1,202,30272.0273638509
rank,14,14,65.7855369548315,Cheirogaleus medius,Cheirogaleus_medius,MAMMALIA,1,593,23024.8906586841
rank,14,14,65.7855369548315,Cinnyris notatus,Cinnyris_notatus,AVES,1,89,45634.8489561453
rank,14,14,65.7855369548315,Copsychus albospecularis,Copsychus_albospecularis,AVES,0.999933596570345,13,28471.9419006456
rank,14,14,65.7855369548315,Coracopsis nigra,Coracopsis_nigra,AVES,0.997699969343309,4,46590.8623905778
rank,14,14,65.7855369548315,Corythornis madagascariensis,Corythornis_madagascariensis,AVES,0.854524957468253,11,39332.6607558429
rank,14,14,65.7855369548315,Coua caerulea,Coua_caerulea,AVES,0.999268339140328,1,20994.0257988812
rank,14,14,65.7855369548315,Coua coquereli,Coua_coquereli,AVES,0.999936567266416,5,14028.0583972931
rank,14,14,65.7855369548315,Coua cristata,Coua_cristata,AVES,0.99999998979977,6,38600.8854205683
rank,14,14,65.7855369548315,Coua cursor,Coua_cursor,AVES,0.998706858869885,2,6334.2899762392
rank,14,14,65.7855369548315,Coua gigas,Coua_gigas,AVES,0.999452863457972,1,15612.2126118317
rank,14,14,65.7855369548315,Coua reynaudii,Coua_reynaudii,AVES,0.999817489450032,5,17195.7842357606
rank,14,14,65.7855369548315,Coua ruficeps,Coua_ruficeps,AVES,0.959346120072314,3,1327.46846918499
rank,14,14,65.7855369548315,Coua serriana,Coua_serriana,AVES,0.977794927081794,2,15148.806771636
rank,14,14,65.7855369548315,Crossleyia xanthophrys,Crossleyia_xanthophrys,AVES,1,45,4117.99735637009
rank,14,14,65.7855369548315,Cryptoprocta ferox,Cryptoprocta_ferox,MAMMALIA,0,2,9583.00053606927
rank,14,14,65.7855369548315,Cryptosylvicola randrianasoloi,Cryptosylvicola_randrianasoloi,AVES,1,30,5343.4851801917
rank,14,14,65.7855369548315,Cyanolanius madagascarinus,Cyanolanius_madagascarinus,AVES,1,42,43876.0990133882
rank,14,14,65.7855369548315,Daubentonia madagascariensis,Daubentonia_madagascariensis,MAMMALIA,1,83,14606.1140328759
rank,14,14,65.7855369548315,Echinops telfairi,Echinops_telfairi,MAMMALIA,1,256,22581.3835509867
rank,14,14,65.7855369548315,Eliurus antsingy,Eliurus_antsingy,MAMMALIA,0.0133748649300235,5,69.4813072830439
rank,14,14,65.7855369548315,Eliurus grandidieri,Eliurus_grandidieri,MAMMALIA,0.999641415738649,27,917.641006159482
rank,14,14,65.7855369548315,Eliurus majori,Eliurus_majori,MAMMALIA,1,193,20631.6780059524
rank,14,14,65.7855369548315,Eliurus minor,Eliurus_minor,MAMMALIA,1,748,33125.9974964071
rank,14,14,65.7855369548315,Eliurus myoxinus,Eliurus_myoxinus,MAMMALIA,1,598,35312.5824669749
rank,14,14,65.7855369548315,Eliurus tanala,Eliurus_tanala,MAMMALIA,1,270,23753.7680930908
rank,14,14,65.7855369548315,Eliurus webbi,Eliurus_webbi,MAMMALIA,1,323,28801.64683411
rank,14,14,65.7855369548315,Eremopterix hova,Eremopterix_hova,AVES,0.999999862347248,22,4111.79749785364
rank,14,14,65.7855369548315,Eulemur albifrons,Eulemur_albifrons,MAMMALIA,1,42,9521.32459463179
rank,14,14,65.7855369548315,Eulemur cinereiceps,Eulemur_cinereiceps,MAMMALIA,1,235,41968.7979774848
rank,14,14,65.7855369548315,Eulemur collaris,Eulemur_collaris,MAMMALIA,1,181,41249.7884706855
rank,14,14,65.7855369548315,Eulemur coronatus,Eulemur_coronatus,MAMMALIA,1,184,10875.0632331845
rank,14,14,65.7855369548315,Eulemur flavifrons,Eulemur_flavifrons,MAMMALIA,0.000213248908682684,1,25.074716512655
rank,14,14,65.7855369548315,Eulemur fulvus,Eulemur_fulvus,MAMMALIA,1,218,42056.2029239014
rank,14,14,65.7855369548315,Eulemur macaco,Eulemur_macaco,MAMMALIA,1,77,19339.7771403551
rank,14,14,65.7855369548315,Eulemur mongoz,Eulemur_mongoz,MAMMALIA,0.99999995289805,33,2266.66703993082
rank,14,14,65.7855369548315,Eulemur rubriventer,Eulemur_rubriventer,MAMMALIA,1,225,36309.4822256774
rank,14,14,65.7855369548315,Eulemur rufus,Eulemur_rufus,MAMMALIA,1,168,24178.6441424713
rank,14,14,65.7855369548315,Eulemur sanfordi,Eulemur_sanfordi,MAMMALIA,1,258,42201.9786735922
rank,14,14,65.7855369548315,Euryceros prevostii,Euryceros_prevostii,AVES,0.999000955070916,3,2839.0629478842
rank,14,14,65.7855369548315,Falco zoniventris,Falco_zoniventris,AVES,0.852615581622533,1,32991.7568392605
rank,14,14,65.7855369548315,Falculea palliata,Falculea_palliata,AVES,0.99999999992855,11,15399.9208577573
rank,14,14,65.7855369548315,Fossa fossana,Fossa_fossana,MAMMALIA,0.177655942754666,3,17403.4954967052
rank,14,14,65.7855369548315,Foudia madagascariensis,Foudia_madagascariensis,AVES,0.999999999999995,74,56514.795067668
rank,14,14,65.7855369548315,Foudia omissa,Foudia_omissa,AVES,0.99999999982893,29,23362.0369415879
rank,14,14,65.7855369548315,Gactornis enarratus,Gactornis_enarratus,AVES,0.999997230407013,5,22408.2359077111
rank,14,14,65.7855369548315,Galidia elegans,Galidia_elegans,MAMMALIA,0.192648348431237,5,18916.2064533586
rank,14,14,65.7855369548315,Galidictis fasciata,Galidictis_fasciata,MAMMALIA,0,3,4247.07071315497
rank,14,14,65.7855369548315,Geobiastes squamiger,Geobiastes_squamiger,AVES,0.992564160632566,5,5692.27869728259
rank,14,14,65.7855369548315,Geogale aurita,Geogale_aurita,MAMMALIA,1,369,15301.3719989657
rank,14,14,65.7855369548315,Gymnuromys roberti,Gymnuromys_roberti,MAMMALIA,1,101,14902.2849645402
rank,14,14,65.7855369548315,Haliaeetus vociferoides,Haliaeetus_vociferoides,AVES,0.0115773784314965,1,5133.49427342415
rank,14,14,65.7855369548315,Hapalemur alaotrensis,Hapalemur_alaotrensis,MAMMALIA,1,86,5316.52181321529
rank,14,14,65.7855369548315,Hapalemur aureus,Hapalemur_aureus,MAMMALIA,0.999999995692329,24,1820.55619611591
rank,14,14,65.7855369548315,Hapalemur griseus,Hapalemur_griseus,MAMMALIA,1,226,40343.6205432968
rank,14,14,65.7855369548315,Hapalemur occidentalis,Hapalemur_occidentalis,MAMMALIA,0.999995100328248,28,1026.71440970898
rank,14,14,65.7855369548315,Hartertula flavoviridis,Hartertula_flavoviridis,AVES,1,41,6089.10359637439
rank,14,14,65.7855369548315,Hartlaubius auratus,Hartlaubius_auratus,AVES,0.999999999960101,33,42141.790408517
rank,14,14,65.7855369548315,Hemicentetes nigriceps,Hemicentetes_nigriceps,MAMMALIA,0.999953127257988,35,2052.96238155258
rank,14,14,65.7855369548315,Hemicentetes semispinosus,Hemicentetes_semispinosus,MAMMALIA,1,127,30512.9040323788
rank,14,14,65.7855369548315,Hypogeomys antimena,Hypogeomys_antimena,MAMMALIA,0.133821965840603,5,104.686912983656
rank,14,14,65.7855369548315,Hypositta corallirostris,Hypositta_corallirostris,AVES,0.99999855303515,23,28305.8043435762
rank,14,14,65.7855369548315,Indri indri,Indri_indri,MAMMALIA,1,26,26752.8905242871
rank,14,14,65.7855369548315,Lemur catta,Lemur_catta,MAMMALIA,1,144,9856.15316168219
rank,14,14,65.7855369548315,Lepidopygia nana,Lepidopygia_nana,AVES,0.999997029733843,137,60627.3084925777
rank,14,14,65.7855369548315,Lepilemur ankaranensis,Lepilemur_ankaranensis,MAMMALIA,0.942459903341428,13,361.823311685567
rank,14,14,65.7855369548315,Lepilemur edwardsi,Lepilemur_edwardsi,MAMMALIA,0.999999999999996,63,5309.8452352662
rank,14,14,65.7855369548315,Lepilemur leucopus,Lepilemur_leucopus,MAMMALIA,1,42,6681.61896027625
rank,14,14,65.7855369548315,Lepilemur microdon,Lepilemur_microdon,MAMMALIA,0.999999999997001,34,4773.54297635564
rank,14,14,65.7855369548315,Lepilemur mustelinus,Lepilemur_mustelinus,MAMMALIA,1,212,34943.4842410833
rank,14,14,65.7855369548315,Lepilemur ruficaudatus,Lepilemur_ruficaudatus,MAMMALIA,1,123,7331.71381098032
rank,14,14,65.7855369548315,Leptopterus chabert,Leptopterus_chabert,AVES,1,51,52150.8198593855
rank,14,14,65.7855369548315,Lophotibis cristata,Lophotibis_cristata,AVES,0.999256726228885,2,37369.2015611753
rank,14,14,65.7855369548315,Macrotarsomys bastardi,Macrotarsomys_bastardi,MAMMALIA,1,169,5293.11054842174
rank,14,14,65.7855369548315,Margaroperdix madagarensis,Margaroperdix_madagarensis,AVES,0.999991755849516,2,45434.7492961344
rank,14,14,65.7855369548315,Mentocrex kioloides,Mentocrex_kioloides,AVES,0.999747466363017,3,18093.8732324913
rank,14,14,65.7855369548315,Mesitornis unicolor,Mesitornis_unicolor,AVES,0,1,89.8278131379858
rank,14,14,65.7855369548315,Mesitornis variegatus,Mesitornis_variegatus,AVES,0.998762356946553,5,2869.24937690049
rank,14,14,65.7855369548315,Microcebus berthae,Microcebus_berthae,MAMMALIA,1.52725555535582e-08,2,17.7781751081347
rank,14,14,65.7855369548315,Microcebus griseorufus,Microcebus_griseorufus,MAMMALIA,0.995769019106108,14,501.433658043884
rank,14,14,65.7855369548315,Microcebus murinus,Microcebus_murinus,MAMMALIA,1,839,35641.3748643175
rank,14,14,65.7855369548315,Microcebus myoxinus,Microcebus_myoxinus,MAMMALIA,0.999999992654343,102,1124.39007911777
rank,14,14,65.7855369548315,Microcebus ravelobensis,Microcebus_ravelobensis,MAMMALIA,0.778620368188765,15,246.875988043973
rank,14,14,65.7855369548315,Microcebus rufus,Microcebus_rufus,MAMMALIA,1,640,30135.5847197817
rank,14,14,65.7855369548315,Microcebus tavaratra,Microcebus_tavaratra,MAMMALIA,0.99348955741329,45,767.433245509863
rank,14,14,65.7855369548315,Microgale brevicaudata,Microgale_brevicaudata,MAMMALIA,1,503,17648.6067245156
rank,14,14,65.7855369548315,Microgale cowani,Microgale_cowani,MAMMALIA,1,356,26490.4500261718
rank,14,14,65.7855369548315,Microgale drouhardi,Microgale_drouhardi,MAMMALIA,0.999999999999996,239,14314.9926448912
rank,14,14,65.7855369548315,Microgale dryas,Microgale_dryas,MAMMALIA,0.897201399235259,47,1369.92029440585
rank,14,14,65.7855369548315,Microgale fotsifotsy,Microgale_fotsifotsy,MAMMALIA,0.99999999999999,279,17041.535697942
rank,14,14,65.7855369548315,Microgale gracilis,Microgale_gracilis,MAMMALIA,0.999999999853219,109,7444.51678392354
rank,14,14,65.7855369548315,Microgale gymnorhyncha,Microgale_gymnorhyncha,MAMMALIA,0.999999999999969,92,9953.93132236734
rank,14,14,65.7855369548315,Microgale longicaudata,Microgale_longicaudata,MAMMALIA,1,534,27169.0076059338
rank,14,14,65.7855369548315,Microgale mergulus,Microgale_mergulus,MAMMALIA,0.999999999998769,68,5234.65452516615
rank,14,14,65.7855369548315,Microgale parvula,Microgale_parvula,MAMMALIA,0.999999999999969,580,29089.8709782927
rank,14,14,65.7855369548315,Microgale principula,Microgale_principula,MAMMALIA,1,353,24736.7321632281
rank,14,14,65.7855369548315,Microgale pusilla,Microgale_pusilla,MAMMALIA,0.999999076149711,303,10457.7190972666
rank,14,14,65.7855369548315,Microgale soricoides,Microgale_soricoides,MAMMALIA,1,103,14054.5843847557
rank,14,14,65.7855369548315,Microgale taiva,Microgale_taiva,MAMMALIA,1,205,20945.7072554123
rank,14,14,65.7855369548315,Microgale thomasi,Microgale_thomasi,MAMMALIA,1,70,12867.5077496701
rank,14,14,65.7855369548315,Mirza coquereli,Mirza_coquereli,MAMMALIA,0.999997589067307,53,2653.0007427779
rank,14,14,65.7855369548315,Monias benschi,Monias_benschi,AVES,0,1,82.9420458882274
rank,14,14,65.7855369548315,Monticola erythronotus,Monticola_erythronotus,AVES,0.505764981643065,1,97.4973036619822
rank,14,14,65.7855369548315,Monticola sharpei,Monticola_sharpei,AVES,1,51,37430.1921716109
rank,14,14,65.7855369548315,Monticolomys koopmani,Monticolomys_koopmani,MAMMALIA,0.132627251095215,6,104.060766987503
rank,14,14,65.7855369548315,Motacilla flaviventris,Motacilla_flaviventris,AVES,1,38,5182.89251366283
rank,14,14,65.7855369548315,Mystacornis crossleyi,Mystacornis_crossleyi,AVES,0.999999999999998,13,23849.6045581847
rank,14,14,65.7855369548315,Neodrepanis coruscans,Neodrepanis_coruscans,AVES,0.99999968652523,21,16303.5170473978
rank,14,14,65.7855369548315,Neodrepanis hypoxantha,Neodrepanis_hypoxantha,AVES,0.0211788111247608,3,88.4296057149768
rank,14,14,65.7855369548315,Neomixis striatigula,Neomixis_striatigula,AVES,1,32,26681.9111319928
rank,14,14,65.7855369548315,Neomixis tenella,Neomixis_tenella,AVES,1,118,43696.9953858703
rank,14,14,65.7855369548315,Neomixis viridis,Neomixis_viridis,AVES,1,33,25651.5460849255
rank,14,14,65.7855369548315,Nesillas lantzii,Nesillas_lantzii,AVES,0.999983000083502,3,2703.9328436479
rank,14,14,65.7855369548315,Nesogale dobsoni,Nesogale_dobsoni,MAMMALIA,1,285,29005.7311865171
rank,14,14,65.7855369548315,Nesogale talazaci,Nesogale_talazaci,MAMMALIA,1,185,27905.4036893368
rank,14,14,65.7855369548315,Nesomys audeberti,Nesomys_audeberti,MAMMALIA,1,111,4404.70734705302
rank,14,14,65.7855369548315,Nesomys lambertoni,Nesomys_lambertoni,MAMMALIA,0.999983982375401,29,958.575495295227
rank,14,14,65.7855369548315,Nesomys rufus,Nesomys_rufus,MAMMALIA,1,196,21798.2025821433
rank,14,14,65.7855369548315,Newtonia amphichroa,Newtonia_amphichroa,AVES,1,28,21272.7528750747
rank,14,14,65.7855369548315,Newtonia archboldi,Newtonia_archboldi,AVES,0.999743205924592,10,2057.60292387809
rank,14,14,65.7855369548315,Newtonia brunneicauda,Newtonia_brunneicauda,AVES,1,100,51103.7650926039
rank,14,14,65.7855369548315,Newtonia fanovanae,Newtonia_fanovanae,AVES,0.353055283448657,2,98.2207024819943
rank,14,14,65.7855369548315,Oriolia bernieri,Oriolia_bernieri,AVES,0.999995257389753,14,6334.38063989597
rank,14,14,65.7855369548315,Oryzorictes hova,Oryzorictes_hova,MAMMALIA,1,251,28596.2163548619
rank,14,14,65.7855369548315,Oryzorictes tetradactylus,Oryzorictes_tetradactylus,MAMMALIA,0.999999973791555,101,5308.23688901222
rank,14,14,65.7855369548315,Otus rutilus,Otus_rutilus,AVES,0.999999615535675,6,46370.215535529
rank,14,14,65.7855369548315,Oxylabes madagascariensis,Oxylabes_madagascariensis,AVES,1,24,24461.5775543079
rank,14,14,65.7855369548315,Phaner electromontis,Phaner_electromontis,MAMMALIA,1.1181189119025e-07,1,17.4337788633315
rank,14,14,65.7855369548315,Phaner furcifer,Phaner_furcifer,MAMMALIA,0.887905466959644,58,892.662774423171
rank,14,14,65.7855369548315,Phaner pallescens,Phaner_pallescens,MAMMALIA,0.999999999997009,57,3504.14815962315
rank,14,14,65.7855369548315,Phaner parienti,Phaner_parienti,MAMMALIA,0.00280017666108967,1,24.4501852478648
rank,14,14,65.7855369548315,Philepitta castanea,Philepitta_castanea,AVES,0.999322332950324,10,20223.9287670269
rank,14,14,65.7855369548315,Philepitta schlegeli,Philepitta_schlegeli,AVES,0.988278027030843,14,4281.37986122647
rank,14,14,65.7855369548315,Ploceus nelicourvi,Ploceus_nelicourvi,AVES,0.999999999999958,15,27255.7613784297
rank,14,14,65.7855369548315,Ploceus sakalava,Ploceus_sakalava,AVES,0.999999999994339,46,18444.1716139391
rank,14,14,65.7855369548315,Polyboroides radiatus,Polyboroides_radiatus,AVES,0.993187520486756,1,43120.9540684957
rank,14,14,65.7855369548315,Pseudobias wardi,Pseudobias_wardi,AVES,1,21,22293.7127225132
rank,14,14,65.7855369548315,Pterocles personatus,Pterocles_personatus,AVES,0.860568257036711,6,5073.88079441001
rank,14,14,65.7855369548315,Rallus madagascariensis,Rallus_madagascariensis,AVES,0.999959809542685,5,8791.48398953156
rank,14,14,65.7855369548315,Randia pseudozosterops,Randia_pseudozosterops,AVES,0.999999999999871,14,21551.5329166559
rank,14,14,65.7855369548315,Sarothrura insularis,Sarothrura_insularis,AVES,0.999798316550031,10,31534.1955757804
rank,14,14,65.7855369548315,Schetba rufa,Schetba_rufa,AVES,0.999999999999997,30,14571.7638296261
rank,14,14,65.7855369548315,Setifer setosus,Setifer_setosus,MAMMALIA,1,239,48598.8025438264
rank,14,14,65.7855369548315,Tenrec ecaudatus,Tenrec_ecaudatus,MAMMALIA,1,160,51019.1589634791
rank,14,14,65.7855369548315,Thamnornis chloropetoides,Thamnornis_chloropetoides,AVES,0.999977507869225,5,3407.17432130128
rank,14,14,65.7855369548315,Treron australis,Treron_australis,AVES,0.991068132569476,2,46472.0436352789
rank,14,14,65.7855369548315,Turnix nigricollis,Turnix_nigricollis,AVES,0.999997748961809,12,50468.8193901554
rank,14,14,65.7855369548315,Tylas eduardi,Tylas_eduardi,AVES,0.999999986713224,10,27251.5097054224
rank,14,14,65.7855369548315,Vanga curvirostris,Vanga_curvirostris,AVES,0.99999999939709,21,51573.3542760015
rank,14,14,65.7855369548315,Varecia rubra,Varecia_rubra,MAMMALIA,1,90,30695.4620131005
rank,14,14,65.7855369548315,Varecia variegata,Varecia_variegata,MAMMALIA,1,62,30179.4875369138
rank,14,14,65.7855369548315,Xanthomixis apperti,Xanthomixis_apperti,AVES,0.441311210122258,1,68.4073899760842
rank,14,14,65.7855369548315,Xanthomixis cinereiceps,Xanthomixis_cinereiceps,AVES,1,21,8763.7040368245
rank,14,14,65.7855369548315,Xanthomixis zosterops,Xanthomixis_zosterops,AVES,1,26,27404.2681804939
rank,14,14,65.7855369548315,Xenopirostris damii,Xenopirostris_damii,AVES,0.00179910766481406,1,93.5023440420628
rank,14,14,65.7855369548315,Xenopirostris polleni,Xenopirostris_polleni,AVES,0.999999964584337,12,10411.6703155093
rank,14,14,65.7855369548315,Xenopirostris xenopirostris,Xenopirostris_xenopirostris,AVES,0.96505807541122,1,1102.55740338564
rank,15,15,70.4793253092505,Accipiter henstii,Accipiter_henstii,AVES,0.521447379736817,1,30812.9439820609
rank,15,15,70.4793253092505,Accipiter madagascariensis,Accipiter_madagascariensis,AVES,0.816455905532089,1,38760.2107680738
rank,15,15,70.4793253092505,Acrocephalus newtoni,Acrocephalus_newtoni,AVES,1,71,41526.596796304
rank,15,15,70.4793253092505,Alectroenas madagascariensis,Alectroenas_madagascariensis,AVES,0.995184795282129,6,26258.3264115099
rank,15,15,70.4793253092505,Allocebus trichotis,Allocebus_trichotis,MAMMALIA,0.00783473494650444,3,72.1001097112894
rank,15,15,70.4793253092505,Anas bernieri,Anas_bernieri,AVES,0,1,161.555721102021
rank,15,15,70.4793253092505,Apus balstoni,Apus_balstoni,AVES,0.999999999998735,20,35328.0230297446
rank,15,15,70.4793253092505,Artamella viridis,Artamella_viridis,AVES,1,24,40971.3017029986
rank,15,15,70.4793253092505,Asio madagascariensis,Asio_madagascariensis,AVES,0.742351374694277,2,27465.4905699629
rank,15,15,70.4793253092505,Atelornis crossleyi,Atelornis_crossleyi,AVES,0.999981042159511,6,7701.84302984923
rank,15,15,70.4793253092505,Atelornis pittoides,Atelornis_pittoides,AVES,0.999174082633687,4,19957.3642914355
rank,15,15,70.4793253092505,Athene superciliaris,Athene_superciliaris,AVES,0.999999935791586,8,28638.7909003943
rank,15,15,70.4793253092505,Avahi laniger,Avahi_laniger,MAMMALIA,1,103,17622.5591115916
rank,15,15,70.4793253092505,Avahi occidentalis,Avahi_occidentalis,MAMMALIA,0.996177513156648,4,630.900925964117
rank,15,15,70.4793253092505,Aviceda madagascariensis,Aviceda_madagascariensis,AVES,0.914807458176197,1,37267.3846371323
rank,15,15,70.4793253092505,Bernieria madagascariensis,Bernieria_madagascariensis,AVES,1,46,36002.7787658758
rank,15,15,70.4793253092505,Brachypteracias leptosomus,Brachypteracias_leptosomus,AVES,0.999987517456166,3,16895.8501207307
rank,15,15,70.4793253092505,Brachytarsomys albicauda,Brachytarsomys_albicauda,MAMMALIA,0.999999991596676,50,1815.17485363856
rank,15,15,70.4793253092505,Brachyuromys betsileoensis,Brachyuromys_betsileoensis,MAMMALIA,1,95,7135.03233021141
rank,15,15,70.4793253092505,Brachyuromys ramirohitra,Brachyuromys_ramirohitra,MAMMALIA,0.65541484639138,2,90.5857082977891
rank,15,15,70.4793253092505,Bradypterus brunneus,Bradypterus_brunneus,AVES,1,47,8077.33267337002
rank,15,15,70.4793253092505,Bradypterus seebohmi,Bradypterus_seebohmi,AVES,0.452718231585579,1,71.7493425011635
rank,15,15,70.4793253092505,Buteo brachypterus,Buteo_brachypterus,AVES,0.67982276054577,1,39346.4388455972
rank,15,15,70.4793253092505,Calicalicus madagascariensis,Calicalicus_madagascariensis,AVES,1,68,36645.1935633715
rank,15,15,70.4793253092505,Cheirogaleus crossleyi,Cheirogaleus_crossleyi,MAMMALIA,1,70,4233.72655339941
rank,15,15,70.4793253092505,Cheirogaleus major,Cheirogaleus_major,MAMMALIA,1,216,26232.4150127516
rank,15,15,70.4793253092505,Cheirogaleus medius,Cheirogaleus_medius,MAMMALIA,1,531,20672.9666315764
rank,15,15,70.4793253092505,Cinnyris notatus,Cinnyris_notatus,AVES,1,102,39585.4469038993
rank,15,15,70.4793253092505,Copsychus albospecularis,Copsychus_albospecularis,AVES,0.999921328426401,18,24769.6336429872
rank,15,15,70.4793253092505,Coracopsis nigra,Coracopsis_nigra,AVES,0.999632126186431,4,41078.650466755
rank,15,15,70.4793253092505,Corythornis madagascariensis,Corythornis_madagascariensis,AVES,0.823840098866407,11,34284.2161238715
rank,15,15,70.4793253092505,Coua caerulea,Coua_caerulea,AVES,0.999081419210786,1,18633.2029290024
rank,15,15,70.4793253092505,Coua coquereli,Coua_coquereli,AVES,0.999999360995096,5,12193.0654681474
rank,15,15,70.4793253092505,Coua cristata,Coua_cristata,AVES,0.999999999999894,7,34605.5652452409
rank,15,15,70.4793253092505,Coua cursor,Coua_cursor,AVES,0.998573756622181,2,6063.63354337961
rank,15,15,70.4793253092505,Coua gigas,Coua_gigas,AVES,0.999294936838211,1,13846.9609454721
rank,15,15,70.4793253092505,Coua reynaudii,Coua_reynaudii,AVES,0.999993401387746,6,15161.6845926049
rank,15,15,70.4793253092505,Coua ruficeps,Coua_ruficeps,AVES,0.959346120072314,3,1327.46846918499
rank,15,15,70.4793253092505,Coua serriana,Coua_serriana,AVES,0.996133352391359,2,13187.8690017462
rank,15,15,70.4793253092505,Crossleyia xanthophrys,Crossleyia_xanthophrys,AVES,1,45,4117.99735637009
rank,15,15,70.4793253092505,Cryptoprocta ferox,Cryptoprocta_ferox,MAMMALIA,0,1,4832.69685539603
rank,15,15,70.4793253092505,Cryptosylvicola randrianasoloi,Cryptosylvicola_randrianasoloi,AVES,0.999999999999999,28,4252.59518506259
rank,15,15,70.4793253092505,Cyanolanius madagascarinus,Cyanolanius_madagascarinus,AVES,1,48,38100.5025903375
rank,15,15,70.4793253092505,Daubentonia madagascariensis,Daubentonia_madagascariensis,MAMMALIA,1,84,12152.5504389463
rank,15,15,70.4793253092505,Echinops telfairi,Echinops_telfairi,MAMMALIA,1,224,20659.9355852753
rank,15,15,70.4793253092505,Eliurus antsingy,Eliurus_antsingy,MAMMALIA,0.0133748649300235,5,69.4813072830439
rank,15,15,70.4793253092505,Eliurus grandidieri,Eliurus_grandidieri,MAMMALIA,0.999641415738649,27,917.641006159482
rank,15,15,70.4793253092505,Eliurus majori,Eliurus_majori,MAMMALIA,1,194,18612.0490358865
rank,15,15,70.4793253092505,Eliurus minor,Eliurus_minor,MAMMALIA,1,654,29053.6804758272
rank,15,15,70.4793253092505,Eliurus myoxinus,Eliurus_myoxinus,MAMMALIA,1,532,30832.0573584065
rank,15,15,70.4793253092505,Eliurus tanala,Eliurus_tanala,MAMMALIA,1,262,21000.5537027432
rank,15,15,70.4793253092505,Eliurus webbi,Eliurus_webbi,MAMMALIA,1,305,25215.2084161304
rank,15,15,70.4793253092505,Eremopterix hova,Eremopterix_hova,AVES,0.999999862347248,22,4111.79749785364
rank,15,15,70.4793253092505,Eulemur albifrons,Eulemur_albifrons,MAMMALIA,1,43,8796.66430468857
rank,15,15,70.4793253092505,Eulemur cinereiceps,Eulemur_cinereiceps,MAMMALIA,1,240,36302.7228827179
rank,15,15,70.4793253092505,Eulemur collaris,Eulemur_collaris,MAMMALIA,1,191,35646.0875240341
rank,15,15,70.4793253092505,Eulemur coronatus,Eulemur_coronatus,MAMMALIA,1,166,9326.6968346494
rank,15,15,70.4793253092505,Eulemur flavifrons,Eulemur_flavifrons,MAMMALIA,0.000213248908682684,1,25.074716512655
rank,15,15,70.4793253092505,Eulemur fulvus,Eulemur_fulvus,MAMMALIA,1,229,36389.7229488194
rank,15,15,70.4793253092505,Eulemur macaco,Eulemur_macaco,MAMMALIA,1,92,16816.5721718747
rank,15,15,70.4793253092505,Eulemur mongoz,Eulemur_mongoz,MAMMALIA,0.99999995289805,33,2266.66703993082
rank,15,15,70.4793253092505,Eulemur rubriventer,Eulemur_rubriventer,MAMMALIA,1,234,31286.267052758
rank,15,15,70.4793253092505,Eulemur rufus,Eulemur_rufus,MAMMALIA,1,153,21332.5176600466
rank,15,15,70.4793253092505,Eulemur sanfordi,Eulemur_sanfordi,MAMMALIA,1,265,36527.3208259642
rank,15,15,70.4793253092505,Euryceros prevostii,Euryceros_prevostii,AVES,0.999000955070916,3,2839.0629478842
rank,15,15,70.4793253092505,Falco zoniventris,Falco_zoniventris,AVES,0.898058418841435,2,29951.6609606817
rank,15,15,70.4793253092505,Falculea palliata,Falculea_palliata,AVES,0.999999999992461,13,13852.2654787749
rank,15,15,70.4793253092505,Fossa fossana,Fossa_fossana,MAMMALIA,0.000951798483001309,4,15733.7153308392
rank,15,15,70.4793253092505,Foudia madagascariensis,Foudia_madagascariensis,AVES,0.999999999999993,76,49930.5860368982
rank,15,15,70.4793253092505,Foudia omissa,Foudia_omissa,AVES,0.999999999404654,31,20981.2161952257
rank,15,15,70.4793253092505,Gactornis enarratus,Gactornis_enarratus,AVES,0.99999998620053,5,19373.6071896628
rank,15,15,70.4793253092505,Galidia elegans,Galidia_elegans,MAMMALIA,0.00253800672265259,5,13889.1066322103
rank,15,15,70.4793253092505,Galidictis fasciata,Galidictis_fasciata,MAMMALIA,0,3,4247.07071315497
rank,15,15,70.4793253092505,Geobiastes squamiger,Geobiastes_squamiger,AVES,0.997719317145312,7,4935.99939770828
rank,15,15,70.4793253092505,Geogale aurita,Geogale_aurita,MAMMALIA,1,328,13912.5438757762
rank,15,15,70.4793253092505,Gymnuromys roberti,Gymnuromys_roberti,MAMMALIA,1,98,13464.8194657836
rank,15,15,70.4793253092505,Haliaeetus vociferoides,Haliaeetus_vociferoides,AVES,0.00338420549114271,1,4255.8956329301
rank,15,15,70.4793253092505,Hapalemur alaotrensis,Hapalemur_alaotrensis,MAMMALIA,1,62,4244.3935891981
rank,15,15,70.4793253092505,Hapalemur aureus,Hapalemur_aureus,MAMMALIA,0.999999995692329,24,1820.55619611591
rank,15,15,70.4793253092505,Hapalemur griseus,Hapalemur_griseus,MAMMALIA,1,225,35026.2500043138
rank,15,15,70.4793253092505,Hapalemur occidentalis,Hapalemur_occidentalis,MAMMALIA,0.999995100328248,28,1026.71440970898
rank,15,15,70.4793253092505,Hartertula flavoviridis,Hartertula_flavoviridis,AVES,1,40,5926.63645991683
rank,15,15,70.4793253092505,Hartlaubius auratus,Hartlaubius_auratus,AVES,0.999999999880346,37,36781.0042741747
rank,15,15,70.4793253092505,Hemicentetes nigriceps,Hemicentetes_nigriceps,MAMMALIA,0.999953127257988,35,2052.96238155258
rank,15,15,70.4793253092505,Hemicentetes semispinosus,Hemicentetes_semispinosus,MAMMALIA,1,144,26794.5704913012
rank,15,15,70.4793253092505,Hypogeomys antimena,Hypogeomys_antimena,MAMMALIA,0.133821965840603,5,104.686912983656
rank,15,15,70.4793253092505,Hypositta corallirostris,Hypositta_corallirostris,AVES,0.999999996827448,29,24860.2182747983
rank,15,15,70.4793253092505,Indri indri,Indri_indri,MAMMALIA,1,29,23222.7135519589
rank,15,15,70.4793253092505,Lemur catta,Lemur_catta,MAMMALIA,1,133,8989.80537307262
rank,15,15,70.4793253092505,Lepidopygia nana,Lepidopygia_nana,AVES,0.999998527705801,140,51672.6269016042
rank,15,15,70.4793253092505,Lepilemur ankaranensis,Lepilemur_ankaranensis,MAMMALIA,0.942459903341428,13,361.823311685567
rank,15,15,70.4793253092505,Lepilemur edwardsi,Lepilemur_edwardsi,MAMMALIA,0.999999999999869,50,4246.04255229188
rank,15,15,70.4793253092505,Lepilemur leucopus,Lepilemur_leucopus,MAMMALIA,1,41,6397.57019176334
rank,15,15,70.4793253092505,Lepilemur microdon,Lepilemur_microdon,MAMMALIA,0.99999999990014,34,4160.56701041689
rank,15,15,70.4793253092505,Lepilemur mustelinus,Lepilemur_mustelinus,MAMMALIA,1,221,30560.200315237
rank,15,15,70.4793253092505,Lepilemur ruficaudatus,Lepilemur_ruficaudatus,MAMMALIA,1,90,6034.72789787501
rank,15,15,70.4793253092505,Leptopterus chabert,Leptopterus_chabert,AVES,1,57,45996.5864962414
rank,15,15,70.4793253092505,Lophotibis cristata,Lophotibis_cristata,AVES,0.999042018232985,1,32484.8511804715
rank,15,15,70.4793253092505,Macrotarsomys bastardi,Macrotarsomys_bastardi,MAMMALIA,1,131,4364.29029471427
rank,15,15,70.4793253092505,Margaroperdix madagarensis,Margaroperdix_madagarensis,AVES,0.999999979388263,4,40073.5945940421
rank,15,15,70.4793253092505,Mentocrex kioloides,Mentocrex_kioloides,AVES,0.999660468729452,3,16393.7862248868
rank,15,15,70.4793253092505,Mesitornis unicolor,Mesitornis_unicolor,AVES,0,1,89.8278131379858
rank,15,15,70.4793253092505,Mesitornis variegatus,Mesitornis_variegatus,AVES,0.998762356946553,5,2869.24937690049
rank,15,15,70.4793253092505,Microcebus berthae,Microcebus_berthae,MAMMALIA,1.52725555535582e-08,2,17.7781751081347
rank,15,15,70.4793253092505,Microcebus griseorufus,Microcebus_griseorufus,MAMMALIA,0.995769019106108,14,501.433658043884
rank,15,15,70.4793253092505,Microcebus murinus,Microcebus_murinus,MAMMALIA,1,777,31759.6762333438
rank,15,15,70.4793253092505,Microcebus myoxinus,Microcebus_myoxinus,MAMMALIA,0.999999992654343,102,1124.39007911777
rank,15,15,70.4793253092505,Microcebus ravelobensis,Microcebus_ravelobensis,MAMMALIA,0.778620368188765,15,246.875988043973
rank,15,15,70.4793253092505,Microcebus rufus,Microcebus_rufus,MAMMALIA,1,568,26598.0019864575
rank,15,15,70.4793253092505,Microcebus tavaratra,Microcebus_tavaratra,MAMMALIA,0.99348955741329,45,767.433245509863
rank,15,15,70.4793253092505,Microgale brevicaudata,Microgale_brevicaudata,MAMMALIA,1,433,15467.4701750278
rank,15,15,70.4793253092505,Microgale cowani,Microgale_cowani,MAMMALIA,1,329,23265.1191684828
rank,15,15,70.4793253092505,Microgale drouhardi,Microgale_drouhardi,MAMMALIA,0.999999999999945,204,12565.5872661267
rank,15,15,70.4793253092505,Microgale dryas,Microgale_dryas,MAMMALIA,0.897201399235259,47,1369.92029440585
rank,15,15,70.4793253092505,Microgale fotsifotsy,Microgale_fotsifotsy,MAMMALIA,0.999999999999763,247,15225.9676335453
rank,15,15,70.4793253092505,Microgale gracilis,Microgale_gracilis,MAMMALIA,0.999999998192255,99,6764.94605896467
rank,15,15,70.4793253092505,Microgale gymnorhyncha,Microgale_gymnorhyncha,MAMMALIA,0.999999999999703,91,9090.77442247775
rank,15,15,70.4793253092505,Microgale longicaudata,Microgale_longicaudata,MAMMALIA,1,476,23848.9108585399
rank,15,15,70.4793253092505,Microgale mergulus,Microgale_mergulus,MAMMALIA,0.999999999628199,63,4113.29592518159
rank,15,15,70.4793253092505,Microgale parvula,Microgale_parvula,MAMMALIA,1,502,25559.1535197511
rank,15,15,70.4793253092505,Microgale principula,Microgale_principula,MAMMALIA,1,306,21571.0722834468
rank,15,15,70.4793253092505,Microgale pusilla,Microgale_pusilla,MAMMALIA,0.999992505999074,230,8238.74637188303
rank,15,15,70.4793253092505,Microgale soricoides,Microgale_soricoides,MAMMALIA,0.99999999999999,105,12636.7117416758
rank,15,15,70.4793253092505,Microgale taiva,Microgale_taiva,MAMMALIA,1,210,18827.4402323198
rank,15,15,70.4793253092505,Microgale thomasi,Microgale_thomasi,MAMMALIA,1,71,11611.1551797002
rank,15,15,70.4793253092505,Mirza coquereli,Mirza_coquereli,MAMMALIA,0.999997589067307,53,2653.0007427779
rank,15,15,70.4793253092505,Monias benschi,Monias_benschi,AVES,0,1,82.9420458882274
rank,15,15,70.4793253092505,Monticola erythronotus,Monticola_erythronotus,AVES,0.505764981643065,1,97.4973036619822
rank,15,15,70.4793253092505,Monticola sharpei,Monticola_sharpei,AVES,1,56,33073.5538756251
rank,15,15,70.4793253092505,Monticolomys koopmani,Monticolomys_koopmani,MAMMALIA,0.132627251095215,6,104.060766987503
rank,15,15,70.4793253092505,Motacilla flaviventris,Motacilla_flaviventris,AVES,0.999999999999049,31,4104.05525520444
rank,15,15,70.4793253092505,Mystacornis crossleyi,Mystacornis_crossleyi,AVES,0.99999999999999,14,21291.3899970278
rank,15,15,70.4793253092505,Neodrepanis coruscans,Neodrepanis_coruscans,AVES,0.999999446622759,21,15110.5981075242
rank,15,15,70.4793253092505,Neodrepanis hypoxantha,Neodrepanis_hypoxantha,AVES,0.0211788111247608,3,88.4296057149768
rank,15,15,70.4793253092505,Neomixis striatigula,Neomixis_striatigula,AVES,1,40,23410.2738113196
rank,15,15,70.4793253092505,Neomixis tenella,Neomixis_tenella,AVES,1,115,38229.4693395048
rank,15,15,70.4793253092505,Neomixis viridis,Neomixis_viridis,AVES,1,37,22687.2910543829
rank,15,15,70.4793253092505,Nesillas lantzii,Nesillas_lantzii,AVES,0.999983000083502,3,2703.9328436479
rank,15,15,70.4793253092505,Nesogale dobsoni,Nesogale_dobsoni,MAMMALIA,1,281,25311.6911716353
rank,15,15,70.4793253092505,Nesogale talazaci,Nesogale_talazaci,MAMMALIA,1,189,24350.6604189536
rank,15,15,70.4793253092505,Nesomys audeberti,Nesomys_audeberti,MAMMALIA,1,107,4177.87915626748
rank,15,15,70.4793253092505,Nesomys lambertoni,Nesomys_lambertoni,MAMMALIA,0.999983982375401,29,958.575495295227
rank,15,15,70.4793253092505,Nesomys rufus,Nesomys_rufus,MAMMALIA,1,183,18969.3875851408
rank,15,15,70.4793253092505,Newtonia amphichroa,Newtonia_amphichroa,AVES,1,29,19419.120113723
rank,15,15,70.4793253092505,Newtonia archboldi,Newtonia_archboldi,AVES,0.999743205924592,10,2057.60292387809
rank,15,15,70.4793253092505,Newtonia brunneicauda,Newtonia_brunneicauda,AVES,1,105,45107.0024634823
rank,15,15,70.4793253092505,Newtonia fanovanae,Newtonia_fanovanae,AVES,0.353055283448657,2,98.2207024819943
rank,15,15,70.4793253092505,Oriolia bernieri,Oriolia_bernieri,AVES,0.999996090802219,15,5644.31533672189
rank,15,15,70.4793253092505,Oryzorictes hova,Oryzorictes_hova,MAMMALIA,1,220,24080.6697877422
rank,15,15,70.4793253092505,Oryzorictes tetradactylus,Oryzorictes_tetradactylus,MAMMALIA,0.999999826222311,104,4906.71188964657
rank,15,15,70.4793253092505,Otus rutilus,Otus_rutilus,AVES,0.999999999975722,8,40649.6462284103
rank,15,15,70.4793253092505,Oxylabes madagascariensis,Oxylabes_madagascariensis,AVES,1,26,22003.4660620764
rank,15,15,70.4793253092505,Phaner electromontis,Phaner_electromontis,MAMMALIA,1.1181189119025e-07,1,17.4337788633315
rank,15,15,70.4793253092505,Phaner furcifer,Phaner_furcifer,MAMMALIA,0.887905466959644,58,892.662774423171
rank,15,15,70.4793253092505,Phaner pallescens,Phaner_pallescens,MAMMALIA,0.999999999997009,57,3504.14815962315
rank,15,15,70.4793253092505,Phaner parienti,Phaner_parienti,MAMMALIA,0.00280017666108967,1,24.4501852478648
rank,15,15,70.4793253092505,Philepitta castanea,Philepitta_castanea,AVES,0.999571415467086,14,18240.7096646707
rank,15,15,70.4793253092505,Philepitta schlegeli,Philepitta_schlegeli,AVES,0.988278027030843,14,4281.37986122647
rank,15,15,70.4793253092505,Ploceus nelicourvi,Ploceus_nelicourvi,AVES,1,20,23730.5289380785
rank,15,15,70.4793253092505,Ploceus sakalava,Ploceus_sakalava,AVES,0.999999999989102,47,16564.5933895931
rank,15,15,70.4793253092505,Polyboroides radiatus,Polyboroides_radiatus,AVES,0.996712003569937,2,36944.2972182483
rank,15,15,70.4793253092505,Pseudobias wardi,Pseudobias_wardi,AVES,1,22,20428.8818492578
rank,15,15,70.4793253092505,Pterocles personatus,Pterocles_personatus,AVES,0.766175699908925,7,4300.4638075158
rank,15,15,70.4793253092505,Rallus madagascariensis,Rallus_madagascariensis,AVES,0.999947467906452,5,8022.61713781736
rank,15,15,70.4793253092505,Randia pseudozosterops,Randia_pseudozosterops,AVES,1,24,18884.1737578459
rank,15,15,70.4793253092505,Sarothrura insularis,Sarothrura_insularis,AVES,0.999459893314543,10,26736.3130918045
rank,15,15,70.4793253092505,Schetba rufa,Schetba_rufa,AVES,0.999999999999996,32,13196.3170874864
rank,15,15,70.4793253092505,Setifer setosus,Setifer_setosus,MAMMALIA,1,248,42952.615658246
rank,15,15,70.4793253092505,Tenrec ecaudatus,Tenrec_ecaudatus,MAMMALIA,1,163,44899.5144482106
rank,15,15,70.4793253092505,Thamnornis chloropetoides,Thamnornis_chloropetoides,AVES,0.999977507869225,5,3407.17432130128
rank,15,15,70.4793253092505,Treron australis,Treron_australis,AVES,0.989952077135094,3,41892.8287234381
rank,15,15,70.4793253092505,Turnix nigricollis,Turnix_nigricollis,AVES,0.999999999989679,16,44941.4810884968
rank,15,15,70.4793253092505,Tylas eduardi,Tylas_eduardi,AVES,0.999999958335077,11,23800.5042683737
rank,15,15,70.4793253092505,Vanga curvirostris,Vanga_curvirostris,AVES,0.999999999995183,25,45571.2276520655
rank,15,15,70.4793253092505,Varecia rubra,Varecia_rubra,MAMMALIA,1,104,26887.8211401035
rank,15,15,70.4793253092505,Varecia variegata,Varecia_variegata,MAMMALIA,1,75,26387.3040747401
rank,15,15,70.4793253092505,Xanthomixis apperti,Xanthomixis_apperti,AVES,0.441311210122258,1,68.4073899760842
rank,15,15,70.4793253092505,Xanthomixis cinereiceps,Xanthomixis_cinereiceps,AVES,1,20,7829.80739051215
rank,15,15,70.4793253092505,Xanthomixis zosterops,Xanthomixis_zosterops,AVES,1,34,23872.1129511286
rank,15,15,70.4793253092505,Xenopirostris damii,Xenopirostris_damii,AVES,0.00179910766481406,1,93.5023440420628
rank,15,15,70.4793253092505,Xenopirostris polleni,Xenopirostris_polleni,AVES,0.999999855440401,11,8925.47503286171
rank,15,15,70.4793253092505,Xenopirostris xenopirostris,Xenopirostris_xenopirostris,AVES,0.96505807541122,1,1102.55740338564
rank,16,16,75.1702061607174,Accipiter henstii,Accipiter_henstii,AVES,0.463669353433912,1,25783.8885901612
rank,16,16,75.1702061607174,Accipiter madagascariensis,Accipiter_madagascariensis,AVES,0.791741954239547,1,33888.5446837246
rank,16,16,75.1702061607174,Acrocephalus newtoni,Acrocephalus_newtoni,AVES,1,72,34414.2335519269
rank,16,16,75.1702061607174,Alectroenas madagascariensis,Alectroenas_madagascariensis,AVES,0.993899026997216,7,21940.3826792159
rank,16,16,75.1702061607174,Allocebus trichotis,Allocebus_trichotis,MAMMALIA,0.00783473494650444,3,72.1001097112894
rank,16,16,75.1702061607174,Anas bernieri,Anas_bernieri,AVES,0,1,161.555721102021
rank,16,16,75.1702061607174,Apus balstoni,Apus_balstoni,AVES,0.999999999999874,21,29547.0920775905
rank,16,16,75.1702061607174,Artamella viridis,Artamella_viridis,AVES,1,24,34558.227751784
rank,16,16,75.1702061607174,Asio madagascariensis,Asio_madagascariensis,AVES,0.704031888769807,2,22638.3804900673
rank,16,16,75.1702061607174,Atelornis crossleyi,Atelornis_crossleyi,AVES,0.999997859963732,8,7146.8385681957
rank,16,16,75.1702061607174,Atelornis pittoides,Atelornis_pittoides,AVES,0.999991879962463,5,17136.7019246628
rank,16,16,75.1702061607174,Athene superciliaris,Athene_superciliaris,AVES,0.999999815881814,9,25810.0712265447
rank,16,16,75.1702061607174,Avahi laniger,Avahi_laniger,MAMMALIA,1,93,14686.399003649
rank,16,16,75.1702061607174,Avahi occidentalis,Avahi_occidentalis,MAMMALIA,0.996177513156648,4,630.900925964117
rank,16,16,75.1702061607174,Aviceda madagascariensis,Aviceda_madagascariensis,AVES,0.899691673302748,1,32648.0377445296
rank,16,16,75.1702061607174,Bernieria madagascariensis,Bernieria_madagascariensis,AVES,1,47,30017.6357463355
rank,16,16,75.1702061607174,Brachypteracias leptosomus,Brachypteracias_leptosomus,AVES,0.999977587851395,4,14699.8366863877
rank,16,16,75.1702061607174,Brachytarsomys albicauda,Brachytarsomys_albicauda,MAMMALIA,0.999999991596676,50,1815.17485363856
rank,16,16,75.1702061607174,Brachyuromys betsileoensis,Brachyuromys_betsileoensis,MAMMALIA,1,86,5966.5277780244
rank,16,16,75.1702061607174,Brachyuromys ramirohitra,Brachyuromys_ramirohitra,MAMMALIA,0.65541484639138,2,90.5857082977891
rank,16,16,75.1702061607174,Bradypterus brunneus,Bradypterus_brunneus,AVES,1,36,6752.90325284867
rank,16,16,75.1702061607174,Bradypterus seebohmi,Bradypterus_seebohmi,AVES,0.452718231585579,1,71.7493425011635
rank,16,16,75.1702061607174,Buteo brachypterus,Buteo_brachypterus,AVES,0.640758565334727,1,33920.6074161008
rank,16,16,75.1702061607174,Calicalicus madagascariensis,Calicalicus_madagascariensis,AVES,1,73,30529.3875458106
rank,16,16,75.1702061607174,Cheirogaleus crossleyi,Cheirogaleus_crossleyi,MAMMALIA,1,48,3441.54039149932
rank,16,16,75.1702061607174,Cheirogaleus major,Cheirogaleus_major,MAMMALIA,1,187,21777.2681082715
rank,16,16,75.1702061607174,Cheirogaleus medius,Cheirogaleus_medius,MAMMALIA,1,444,18313.5810777694
rank,16,16,75.1702061607174,Cinnyris notatus,Cinnyris_notatus,AVES,1,111,32605.4027440995
rank,16,16,75.1702061607174,Copsychus albospecularis,Copsychus_albospecularis,AVES,0.999999999898024,21,20756.8991298281
rank,16,16,75.1702061607174,Coracopsis nigra,Coracopsis_nigra,AVES,0.999492810772255,5,35201.0804983452
rank,16,16,75.1702061607174,Corythornis madagascariensis,Corythornis_madagascariensis,AVES,0.849980719972812,13,28734.1435124553
rank,16,16,75.1702061607174,Coua caerulea,Coua_caerulea,AVES,0.999978354962162,2,16024.363301968
rank,16,16,75.1702061607174,Coua coquereli,Coua_coquereli,AVES,0.999998938532155,5,11007.4491970837
rank,16,16,75.1702061607174,Coua cristata,Coua_cristata,AVES,0.999999999999989,9,29755.6755118296
rank,16,16,75.1702061607174,Coua cursor,Coua_cursor,AVES,0.998573388717016,2,6062.93806122989
rank,16,16,75.1702061607174,Coua gigas,Coua_gigas,AVES,0.999178616631221,1,12882.6750119552
rank,16,16,75.1702061607174,Coua reynaudii,Coua_reynaudii,AVES,0.999981725894306,5,12575.921795197
rank,16,16,75.1702061607174,Coua ruficeps,Coua_ruficeps,AVES,0.959346120072314,3,1327.46846918499
rank,16,16,75.1702061607174,Coua serriana,Coua_serriana,AVES,0.994348504631914,3,11394.3354667127
rank,16,16,75.1702061607174,Crossleyia xanthophrys,Crossleyia_xanthophrys,AVES,0.999999999999984,32,3434.70800424367
rank,16,16,75.1702061607174,Cryptoprocta ferox,Cryptoprocta_ferox,MAMMALIA,0,1,4376.88095794618
rank,16,16,75.1702061607174,Cryptosylvicola randrianasoloi,Cryptosylvicola_randrianasoloi,AVES,0.999999999999942,29,3443.30154407653
rank,16,16,75.1702061607174,Cyanolanius madagascarinus,Cyanolanius_madagascarinus,AVES,1,54,31377.3848698241
rank,16,16,75.1702061607174,Daubentonia madagascariensis,Daubentonia_madagascariensis,MAMMALIA,0.999999999999948,72,9826.09260456257
rank,16,16,75.1702061607174,Echinops telfairi,Echinops_telfairi,MAMMALIA,1,213,18723.3427529484
rank,16,16,75.1702061607174,Eliurus antsingy,Eliurus_antsingy,MAMMALIA,0.0133748649300235,5,69.4813072830439
rank,16,16,75.1702061607174,Eliurus grandidieri,Eliurus_grandidieri,MAMMALIA,0.999641415738649,27,917.641006159482
rank,16,16,75.1702061607174,Eliurus majori,Eliurus_majori,MAMMALIA,1,171,15783.543522069
rank,16,16,75.1702061607174,Eliurus minor,Eliurus_minor,MAMMALIA,1,517,24213.7724904886
rank,16,16,75.1702061607174,Eliurus myoxinus,Eliurus_myoxinus,MAMMALIA,1,461,26829.5365041345
rank,16,16,75.1702061607174,Eliurus tanala,Eliurus_tanala,MAMMALIA,1,225,17480.5348729037
rank,16,16,75.1702061607174,Eliurus webbi,Eliurus_webbi,MAMMALIA,1,234,20848.96969846
rank,16,16,75.1702061607174,Eremopterix hova,Eremopterix_hova,AVES,0.999998148510249,24,3347.06215925515
rank,16,16,75.1702061607174,Eulemur albifrons,Eulemur_albifrons,MAMMALIA,1,34,7536.76968211681
rank,16,16,75.1702061607174,Eulemur cinereiceps,Eulemur_cinereiceps,MAMMALIA,1,233,30194.6997564957
rank,16,16,75.1702061607174,Eulemur collaris,Eulemur_collaris,MAMMALIA,1,187,29596.1262624338
rank,16,16,75.1702061607174,Eulemur coronatus,Eulemur_coronatus,MAMMALIA,1,144,7776.84599707222
rank,16,16,75.1702061607174,Eulemur flavifrons,Eulemur_flavifrons,MAMMALIA,0.000213248908682684,1,25.074716512655
rank,16,16,75.1702061607174,Eulemur fulvus,Eulemur_fulvus,MAMMALIA,1,222,30244.068161957
rank,16,16,75.1702061607174,Eulemur macaco,Eulemur_macaco,MAMMALIA,1,87,14375.0461809998
rank,16,16,75.1702061607174,Eulemur mongoz,Eulemur_mongoz,MAMMALIA,0.99999995289805,33,2266.66703993082
rank,16,16,75.1702061607174,Eulemur rubriventer,Eulemur_rubriventer,MAMMALIA,1,235,25823.5299201424
rank,16,16,75.1702061607174,Eulemur rufus,Eulemur_rufus,MAMMALIA,1,162,18404.2927144898
rank,16,16,75.1702061607174,Eulemur sanfordi,Eulemur_sanfordi,MAMMALIA,1,267,30466.6097418293
rank,16,16,75.1702061607174,Euryceros prevostii,Euryceros_prevostii,AVES,0.999000955070916,3,2839.0629478842
rank,16,16,75.1702061607174,Falco zoniventris,Falco_zoniventris,AVES,0.877273683247753,2,26488.0724971518
rank,16,16,75.1702061607174,Falculea palliata,Falculea_palliata,AVES,0.999999999966563,14,12997.5527121052
rank,16,16,75.1702061607174,Fossa fossana,Fossa_fossana,MAMMALIA,1.19133139131478e-07,4,12760.7029413506
rank,16,16,75.1702061607174,Foudia madagascariensis,Foudia_madagascariensis,AVES,1,87,42180.2252004594
rank,16,16,75.1702061607174,Foudia omissa,Foudia_omissa,AVES,0.999999999990871,28,17868.7784363106
rank,16,16,75.1702061607174,Gactornis enarratus,Gactornis_enarratus,AVES,0.999999991387083,7,16897.9823867381
rank,16,16,75.1702061607174,Galidia elegans,Galidia_elegans,MAMMALIA,1.89973592412684e-11,5,11085.3392290771
rank,16,16,75.1702061607174,Galidictis fasciata,Galidictis_fasciata,MAMMALIA,0,0,0
rank,16,16,75.1702061607174,Geobiastes squamiger,Geobiastes_squamiger,AVES,0.993200964163751,7,3840.19305628222
rank,16,16,75.1702061607174,Geogale aurita,Geogale_aurita,MAMMALIA,0.999999999999991,288,12322.5278220028
rank,16,16,75.1702061607174,Gymnuromys roberti,Gymnuromys_roberti,MAMMALIA,1,87,11666.183310269
rank,16,16,75.1702061607174,Haliaeetus vociferoides,Haliaeetus_vociferoides,AVES,0.000533343974977174,1,3484.59285400808
rank,16,16,75.1702061607174,Hapalemur alaotrensis,Hapalemur_alaotrensis,MAMMALIA,1,47,3440.40226072369
rank,16,16,75.1702061607174,Hapalemur aureus,Hapalemur_aureus,MAMMALIA,0.999999995692329,24,1820.55619611591
rank,16,16,75.1702061607174,Hapalemur griseus,Hapalemur_griseus,MAMMALIA,1,218,28984.5044535344
rank,16,16,75.1702061607174,Hapalemur occidentalis,Hapalemur_occidentalis,MAMMALIA,0.999995100328248,28,1026.71440970898
rank,16,16,75.1702061607174,Hartertula flavoviridis,Hartertula_flavoviridis,AVES,0.999999999999998,30,4885.3795716092
rank,16,16,75.1702061607174,Hartlaubius auratus,Hartlaubius_auratus,AVES,0.999999999999996,38,30644.3825984644
rank,16,16,75.1702061607174,Hemicentetes nigriceps,Hemicentetes_nigriceps,MAMMALIA,0.999953127257988,35,2052.96238155258
rank,16,16,75.1702061607174,Hemicentetes semispinosus,Hemicentetes_semispinosus,MAMMALIA,1,125,22096.9735528348
rank,16,16,75.1702061607174,Hypogeomys antimena,Hypogeomys_antimena,MAMMALIA,0.133821965840603,5,104.686912983656
rank,16,16,75.1702061607174,Hypositta corallirostris,Hypositta_corallirostris,AVES,0.99999999999041,32,20679.7099555806
rank,16,16,75.1702061607174,Indri indri,Indri_indri,MAMMALIA,1,30,19355.6956817448
rank,16,16,75.1702061607174,Lemur catta,Lemur_catta,MAMMALIA,1,113,8118.55457700044
rank,16,16,75.1702061607174,Lepidopygia nana,Lepidopygia_nana,AVES,0.999999374622167,140,43007.3359044418
rank,16,16,75.1702061607174,Lepilemur ankaranensis,Lepilemur_ankaranensis,MAMMALIA,0.942459903341428,13,361.823311685567
rank,16,16,75.1702061607174,Lepilemur edwardsi,Lepilemur_edwardsi,MAMMALIA,0.999999999991691,50,3745.19671432797
rank,16,16,75.1702061607174,Lepilemur leucopus,Lepilemur_leucopus,MAMMALIA,1,40,6310.39672292024
rank,16,16,75.1702061607174,Lepilemur microdon,Lepilemur_microdon,MAMMALIA,0.99999999476239,29,3311.28988631528
rank,16,16,75.1702061607174,Lepilemur mustelinus,Lepilemur_mustelinus,MAMMALIA,1,203,26001.1797170863
rank,16,16,75.1702061607174,Lepilemur ruficaudatus,Lepilemur_ruficaudatus,MAMMALIA,1,84,5282.68140482158
rank,16,16,75.1702061607174,Leptopterus chabert,Leptopterus_chabert,AVES,1,66,38605.4462824613
rank,16,16,75.1702061607174,Lophotibis cristata,Lophotibis_cristata,AVES,0.998676569908537,1,27419.1153495088
rank,16,16,75.1702061607174,Macrotarsomys bastardi,Macrotarsomys_bastardi,MAMMALIA,1,128,4225.13989581168
rank,16,16,75.1702061607174,Margaroperdix madagarensis,Margaroperdix_madagarensis,AVES,0.999999949815253,4,33913.9695008804
rank,16,16,75.1702061607174,Mentocrex kioloides,Mentocrex_kioloides,AVES,0.999452941374748,4,14337.9688726738
rank,16,16,75.1702061607174,Mesitornis unicolor,Mesitornis_unicolor,AVES,0,1,89.8278131379858
rank,16,16,75.1702061607174,Mesitornis variegatus,Mesitornis_variegatus,AVES,0.998762356946553,5,2869.24937690049
rank,16,16,75.1702061607174,Microcebus berthae,Microcebus_berthae,MAMMALIA,1.52725555535582e-08,2,17.7781751081347
rank,16,16,75.1702061607174,Microcebus griseorufus,Microcebus_griseorufus,MAMMALIA,0.995769019106108,14,501.433658043884
rank,16,16,75.1702061607174,Microcebus murinus,Microcebus_murinus,MAMMALIA,1,656,27745.7945984975
rank,16,16,75.1702061607174,Microcebus myoxinus,Microcebus_myoxinus,MAMMALIA,0.999999992654343,102,1124.39007911777
rank,16,16,75.1702061607174,Microcebus ravelobensis,Microcebus_ravelobensis,MAMMALIA,0.778620368188765,15,246.875988043973
rank,16,16,75.1702061607174,Microcebus rufus,Microcebus_rufus,MAMMALIA,1,440,21568.9646545319
rank,16,16,75.1702061607174,Microcebus tavaratra,Microcebus_tavaratra,MAMMALIA,0.99348955741329,45,767.433245509863
rank,16,16,75.1702061607174,Microgale brevicaudata,Microgale_brevicaudata,MAMMALIA,1,356,13412.1157848462
rank,16,16,75.1702061607174,Microgale cowani,Microgale_cowani,MAMMALIA,1,259,18641.979215465
rank,16,16,75.1702061607174,Microgale drouhardi,Microgale_drouhardi,MAMMALIA,0.999999999999807,168,10731.445319742
rank,16,16,75.1702061607174,Microgale dryas,Microgale_dryas,MAMMALIA,0.897201399235259,47,1369.92029440585
rank,16,16,75.1702061607174,Microgale fotsifotsy,Microgale_fotsifotsy,MAMMALIA,0.999999999999922,204,13198.0914526107
rank,16,16,75.1702061607174,Microgale gracilis,Microgale_gracilis,MAMMALIA,0.999999999887709,84,6067.63132264465
rank,16,16,75.1702061607174,Microgale gymnorhyncha,Microgale_gymnorhyncha,MAMMALIA,0.99999999999856,79,7741.04855611999
rank,16,16,75.1702061607174,Microgale longicaudata,Microgale_longicaudata,MAMMALIA,1,370,19748.314241177
rank,16,16,75.1702061607174,Microgale mergulus,Microgale_mergulus,MAMMALIA,0.999999981850611,51,3356.31527595635
rank,16,16,75.1702061607174,Microgale parvula,Microgale_parvula,MAMMALIA,0.999999999999984,402,21265.0653678437
rank,16,16,75.1702061607174,Microgale principula,Microgale_principula,MAMMALIA,1,231,18184.1140440404
rank,16,16,75.1702061607174,Microgale pusilla,Microgale_pusilla,MAMMALIA,0.999977319810034,168,7026.11823000884
rank,16,16,75.1702061607174,Microgale soricoides,Microgale_soricoides,MAMMALIA,0.999999999999961,87,10706.5477172533
rank,16,16,75.1702061607174,Microgale taiva,Microgale_taiva,MAMMALIA,1,177,16138.4441076282
rank,16,16,75.1702061607174,Microgale thomasi,Microgale_thomasi,MAMMALIA,1,73,10125.2085631501
rank,16,16,75.1702061607174,Mirza coquereli,Mirza_coquereli,MAMMALIA,0.999997589067307,53,2653.0007427779
rank,16,16,75.1702061607174,Monias benschi,Monias_benschi,AVES,0,1,82.9420458882274
rank,16,16,75.1702061607174,Monticola erythronotus,Monticola_erythronotus,AVES,0.505764981643065,1,97.4973036619822
rank,16,16,75.1702061607174,Monticola sharpei,Monticola_sharpei,AVES,1,55,27182.5066564456
rank,16,16,75.1702061607174,Monticolomys koopmani,Monticolomys_koopmani,MAMMALIA,0.132627251095215,6,104.060766987503
rank,16,16,75.1702061607174,Motacilla flaviventris,Motacilla_flaviventris,AVES,0.999999999640765,25,3349.42850810289
rank,16,16,75.1702061607174,Mystacornis crossleyi,Mystacornis_crossleyi,AVES,0.99999999999999,14,18267.6008723304
rank,16,16,75.1702061607174,Neodrepanis coruscans,Neodrepanis_coruscans,AVES,0.999999453377539,24,13477.8758457899
rank,16,16,75.1702061607174,Neodrepanis hypoxantha,Neodrepanis_hypoxantha,AVES,0.0211788111247608,3,88.4296057149768
rank,16,16,75.1702061607174,Neomixis striatigula,Neomixis_striatigula,AVES,1,45,19633.0165821351
rank,16,16,75.1702061607174,Neomixis tenella,Neomixis_tenella,AVES,1,122,32278.1673939303
rank,16,16,75.1702061607174,Neomixis viridis,Neomixis_viridis,AVES,1,43,19190.1574369147
rank,16,16,75.1702061607174,Nesillas lantzii,Nesillas_lantzii,AVES,0.999983000083502,3,2703.9328436479
rank,16,16,75.1702061607174,Nesogale dobsoni,Nesogale_dobsoni,MAMMALIA,1,237,20407.8977571717
rank,16,16,75.1702061607174,Nesogale talazaci,Nesogale_talazaci,MAMMALIA,1,160,20137.5527781343
rank,16,16,75.1702061607174,Nesomys audeberti,Nesomys_audeberti,MAMMALIA,1,76,3419.23026650399
rank,16,16,75.1702061607174,Nesomys lambertoni,Nesomys_lambertoni,MAMMALIA,0.999983982375401,29,958.575495295227
rank,16,16,75.1702061607174,Nesomys rufus,Nesomys_rufus,MAMMALIA,1,149,16014.4484738335
rank,16,16,75.1702061607174,Newtonia amphichroa,Newtonia_amphichroa,AVES,1,26,16729.5560406074
rank,16,16,75.1702061607174,Newtonia archboldi,Newtonia_archboldi,AVES,0.999743205924592,10,2057.60292387809
rank,16,16,75.1702061607174,Newtonia brunneicauda,Newtonia_brunneicauda,AVES,1,116,38079.0360035375
rank,16,16,75.1702061607174,Newtonia fanovanae,Newtonia_fanovanae,AVES,0.353055283448657,2,98.2207024819943
rank,16,16,75.1702061607174,Oriolia bernieri,Oriolia_bernieri,AVES,0.999997716017835,15,5057.36415958898
rank,16,16,75.1702061607174,Oryzorictes hova,Oryzorictes_hova,MAMMALIA,1,169,19732.1652113199
rank,16,16,75.1702061607174,Oryzorictes tetradactylus,Oryzorictes_tetradactylus,MAMMALIA,0.999993321118562,99,4138.79565123926
rank,16,16,75.1702061607174,Otus rutilus,Otus_rutilus,AVES,0.999999999934269,6,33900.6752495095
rank,16,16,75.1702061607174,Oxylabes madagascariensis,Oxylabes_madagascariensis,AVES,1,26,18711.2801554278
rank,16,16,75.1702061607174,Phaner electromontis,Phaner_electromontis,MAMMALIA,1.1181189119025e-07,1,17.4337788633315
rank,16,16,75.1702061607174,Phaner furcifer,Phaner_furcifer,MAMMALIA,0.887905466959644,58,892.662774423171
rank,16,16,75.1702061607174,Phaner pallescens,Phaner_pallescens,MAMMALIA,0.999999999996342,52,3426.43184284866
rank,16,16,75.1702061607174,Phaner parienti,Phaner_parienti,MAMMALIA,0.00280017666108967,1,24.4501852478648
rank,16,16,75.1702061607174,Philepitta castanea,Philepitta_castanea,AVES,0.999677516439611,16,15713.7498822618
rank,16,16,75.1702061607174,Philepitta schlegeli,Philepitta_schlegeli,AVES,0.993258869817852,14,3480.7498981528
rank,16,16,75.1702061607174,Ploceus nelicourvi,Ploceus_nelicourvi,AVES,1,17,20140.6485646022
rank,16,16,75.1702061607174,Ploceus sakalava,Ploceus_sakalava,AVES,0.99999999991434,42,15160.5498317406
rank,16,16,75.1702061607174,Polyboroides radiatus,Polyboroides_radiatus,AVES,0.995305980975022,3,31727.1205739677
rank,16,16,75.1702061607174,Pseudobias wardi,Pseudobias_wardi,AVES,1,21,17625.7545400736
rank,16,16,75.1702061607174,Pterocles personatus,Pterocles_personatus,AVES,0.758540277754836,7,4028.58114804328
rank,16,16,75.1702061607174,Rallus madagascariensis,Rallus_madagascariensis,AVES,0.999935678109077,3,7229.78348748973
rank,16,16,75.1702061607174,Randia pseudozosterops,Randia_pseudozosterops,AVES,1,24,16081.1313529172
rank,16,16,75.1702061607174,Sarothrura insularis,Sarothrura_insularis,AVES,0.999998353737062,11,21955.2657098008
rank,16,16,75.1702061607174,Schetba rufa,Schetba_rufa,AVES,0.999999999999992,33,11330.9598320723
rank,16,16,75.1702061607174,Setifer setosus,Setifer_setosus,MAMMALIA,1,233,36736.3992857412
rank,16,16,75.1702061607174,Tenrec ecaudatus,Tenrec_ecaudatus,MAMMALIA,1,165,37461.7459196076
rank,16,16,75.1702061607174,Thamnornis chloropetoides,Thamnornis_chloropetoides,AVES,0.999976854149925,5,3362.59848940373
rank,16,16,75.1702061607174,Treron australis,Treron_australis,AVES,0.988144278705918,3,36135.856032081
rank,16,16,75.1702061607174,Turnix nigricollis,Turnix_nigricollis,AVES,0.999999999999942,18,38258.833929129
rank,16,16,75.1702061607174,Tylas eduardi,Tylas_eduardi,AVES,0.999999999999989,11,20279.1177082586
rank,16,16,75.1702061607174,Vanga curvirostris,Vanga_curvirostris,AVES,0.999999999999168,24,38778.1994886175
rank,16,16,75.1702061607174,Varecia rubra,Varecia_rubra,MAMMALIA,1,98,22042.1474987068
rank,16,16,75.1702061607174,Varecia variegata,Varecia_variegata,MAMMALIA,1,75,21646.1952242597
rank,16,16,75.1702061607174,Xanthomixis apperti,Xanthomixis_apperti,AVES,0.441311210122258,1,68.4073899760842
rank,16,16,75.1702061607174,Xanthomixis cinereiceps,Xanthomixis_cinereiceps,AVES,1,20,6748.42170530393
rank,16,16,75.1702061607174,Xanthomixis zosterops,Xanthomixis_zosterops,AVES,1,29,20202.7124973406
rank,16,16,75.1702061607174,Xenopirostris damii,Xenopirostris_damii,AVES,0.00179910766481406,1,93.5023440420628
rank,16,16,75.1702061607174,Xenopirostris polleni,Xenopirostris_polleni,AVES,0.999999408267192,11,7583.4970212033
rank,16,16,75.1702061607174,Xenopirostris xenopirostris,Xenopirostris_xenopirostris,AVES,0.96505807541122,1,1102.55740338564
rank,17,17,79.8661985899549,Accipiter henstii,Accipiter_henstii,AVES,0.39145361098118,1,20848.1395624186
rank,17,17,79.8661985899549,Accipiter madagascariensis,Accipiter_madagascariensis,AVES,0.743995782329197,1,27083.336794585
rank,17,17,79.8661985899549,Acrocephalus newtoni,Acrocephalus_newtoni,AVES,1,76,28082.3943643048
rank,17,17,79.8661985899549,Alectroenas madagascariensis,Alectroenas_madagascariensis,AVES,0.999494906615122,8,17236.4298099204
rank,17,17,79.8661985899549,Allocebus trichotis,Allocebus_trichotis,MAMMALIA,0.00783473494650444,3,72.1001097112894
rank,17,17,79.8661985899549,Anas bernieri,Anas_bernieri,AVES,0,1,161.555721102021
rank,17,17,79.8661985899549,Apus balstoni,Apus_balstoni,AVES,0.999999999999996,27,24048.1504542306
rank,17,17,79.8661985899549,Artamella viridis,Artamella_viridis,AVES,1,32,28241.0534596667
rank,17,17,79.8661985899549,Asio madagascariensis,Asio_madagascariensis,AVES,0.652648534543152,2,17966.2279901322
rank,17,17,79.8661985899549,Atelornis crossleyi,Atelornis_crossleyi,AVES,0.999987092887027,8,5837.63167705387
rank,17,17,79.8661985899549,Atelornis pittoides,Atelornis_pittoides,AVES,0.999959671252906,7,13183.8601961856
rank,17,17,79.8661985899549,Athene superciliaris,Athene_superciliaris,AVES,0.999999279239384,8,21310.7821809873
rank,17,17,79.8661985899549,Avahi laniger,Avahi_laniger,MAMMALIA,1,101,11459.6157548894
rank,17,17,79.8661985899549,Avahi occidentalis,Avahi_occidentalis,MAMMALIA,0.996177513156648,4,630.900925964117
rank,17,17,79.8661985899549,Aviceda madagascariensis,Aviceda_madagascariensis,AVES,0.870679336445589,1,26523.4656767547
rank,17,17,79.8661985899549,Bernieria madagascariensis,Bernieria_madagascariensis,AVES,1,56,24478.5257495689
rank,17,17,79.8661985899549,Brachypteracias leptosomus,Brachypteracias_leptosomus,AVES,0.999947098832328,5,11812.5790945515
rank,17,17,79.8661985899549,Brachytarsomys albicauda,Brachytarsomys_albicauda,MAMMALIA,0.999999991596676,50,1815.17485363856
rank,17,17,79.8661985899549,Brachyuromys betsileoensis,Brachyuromys_betsileoensis,MAMMALIA,1,85,5007.00307061916
rank,17,17,79.8661985899549,Brachyuromys ramirohitra,Brachyuromys_ramirohitra,MAMMALIA,0.65541484639138,2,90.5857082977891
rank,17,17,79.8661985899549,Bradypterus brunneus,Bradypterus_brunneus,AVES,1,34,5217.07916349247
rank,17,17,79.8661985899549,Bradypterus seebohmi,Bradypterus_seebohmi,AVES,0.452718231585579,1,71.7493425011635
rank,17,17,79.8661985899549,Buteo brachypterus,Buteo_brachypterus,AVES,0.58206771172103,1,27701.7896671072
rank,17,17,79.8661985899549,Calicalicus madagascariensis,Calicalicus_madagascariensis,AVES,1,78,24750.4293561056
rank,17,17,79.8661985899549,Cheirogaleus crossleyi,Cheirogaleus_crossleyi,MAMMALIA,0.999999999996096,42,2663.87890046478
rank,17,17,79.8661985899549,Cheirogaleus major,Cheirogaleus_major,MAMMALIA,1,173,17204.0983540388
rank,17,17,79.8661985899549,Cheirogaleus medius,Cheirogaleus_medius,MAMMALIA,1,376,15239.0121200308
rank,17,17,79.8661985899549,Cinnyris notatus,Cinnyris_notatus,AVES,1,112,26817.8234568238
rank,17,17,79.8661985899549,Copsychus albospecularis,Copsychus_albospecularis,AVES,0.999999999999693,23,16249.4431176131
rank,17,17,79.8661985899549,Coracopsis nigra,Coracopsis_nigra,AVES,0.999638942730346,6,28987.2273564488
rank,17,17,79.8661985899549,Corythornis madagascariensis,Corythornis_madagascariensis,AVES,0.776744145680647,17,23120.2469387885
rank,17,17,79.8661985899549,Coua caerulea,Coua_caerulea,AVES,0.999974417531375,3,12811.4178172717
rank,17,17,79.8661985899549,Coua coquereli,Coua_coquereli,AVES,0.999996306455168,5,9165.51190634817
rank,17,17,79.8661985899549,Coua cristata,Coua_cristata,AVES,0.999999999999994,11,24429.3331296668
rank,17,17,79.8661985899549,Coua cursor,Coua_cursor,AVES,0.997896950811732,2,5137.43063241243
rank,17,17,79.8661985899549,Coua gigas,Coua_gigas,AVES,0.998846564296001,1,10974.857481502
rank,17,17,79.8661985899549,Coua reynaudii,Coua_reynaudii,AVES,0.999887082450914,5,10310.4598770219
rank,17,17,79.8661985899549,Coua ruficeps,Coua_ruficeps,AVES,0.959346120072314,3,1327.46846918499
rank,17,17,79.8661985899549,Coua serriana,Coua_serriana,AVES,0.994874108037464,4,9454.11401880845
rank,17,17,79.8661985899549,Crossleyia xanthophrys,Crossleyia_xanthophrys,AVES,0.999999999910648,29,2646.46545381844
rank,17,17,79.8661985899549,Cryptoprocta ferox,Cryptoprocta_ferox,MAMMALIA,0,0,0
rank,17,17,79.8661985899549,Cryptosylvicola randrianasoloi,Cryptosylvicola_randrianasoloi,AVES,0.999999999715665,28,2655.02978511984
rank,17,17,79.8661985899549,Cyanolanius madagascarinus,Cyanolanius_madagascarinus,AVES,1,61,25726.2118170123
rank,17,17,79.8661985899549,Daubentonia madagascariensis,Daubentonia_madagascariensis,MAMMALIA,0.999999999848806,62,7715.51003728744
rank,17,17,79.8661985899549,Echinops telfairi,Echinops_telfairi,MAMMALIA,1,181,15482.7679018676
rank,17,17,79.8661985899549,Eliurus antsingy,Eliurus_antsingy,MAMMALIA,0.0133748649300235,5,69.4813072830439
rank,17,17,79.8661985899549,Eliurus grandidieri,Eliurus_grandidieri,MAMMALIA,0.999641415738649,27,917.641006159482
rank,17,17,79.8661985899549,Eliurus majori,Eliurus_majori,MAMMALIA,1,153,12178.9709787287
rank,17,17,79.8661985899549,Eliurus minor,Eliurus_minor,MAMMALIA,1,443,19403.674975312
rank,17,17,79.8661985899549,Eliurus myoxinus,Eliurus_myoxinus,MAMMALIA,1,393,21830.8966906518
rank,17,17,79.8661985899549,Eliurus tanala,Eliurus_tanala,MAMMALIA,1,192,13227.9935182999
rank,17,17,79.8661985899549,Eliurus webbi,Eliurus_webbi,MAMMALIA,1,191,16187.0472938152
rank,17,17,79.8661985899549,Eremopterix hova,Eremopterix_hova,AVES,0.99998614058006,17,2532.86741271615
rank,17,17,79.8661985899549,Eulemur albifrons,Eulemur_albifrons,MAMMALIA,1,31,6309.80044580251
rank,17,17,79.8661985899549,Eulemur cinereiceps,Eulemur_cinereiceps,MAMMALIA,1,219,24668.0344620422
rank,17,17,79.8661985899549,Eulemur collaris,Eulemur_collaris,MAMMALIA,1,179,24165.8030318767
rank,17,17,79.8661985899549,Eulemur coronatus,Eulemur_coronatus,MAMMALIA,1,132,6450.3759168653
rank,17,17,79.8661985899549,Eulemur flavifrons,Eulemur_flavifrons,MAMMALIA,0.000213248908682684,1,25.074716512655
rank,17,17,79.8661985899549,Eulemur fulvus,Eulemur_fulvus,MAMMALIA,1,206,24686.2887616903
rank,17,17,79.8661985899549,Eulemur macaco,Eulemur_macaco,MAMMALIA,1,77,11177.5152863479
rank,17,17,79.8661985899549,Eulemur mongoz,Eulemur_mongoz,MAMMALIA,0.99999995289805,33,2266.66703993082
rank,17,17,79.8661985899549,Eulemur rubriventer,Eulemur_rubriventer,MAMMALIA,1,224,20618.4123373659
rank,17,17,79.8661985899549,Eulemur rufus,Eulemur_rufus,MAMMALIA,1,153,14692.6567333821
rank,17,17,79.8661985899549,Eulemur sanfordi,Eulemur_sanfordi,MAMMALIA,1,248,24906.7770072818
rank,17,17,79.8661985899549,Euryceros prevostii,Euryceros_prevostii,AVES,0.998618379340919,3,2721.52663478255
rank,17,17,79.8661985899549,Falco zoniventris,Falco_zoniventris,AVES,0.826776872746687,2,21419.6694277823
rank,17,17,79.8661985899549,Falculea palliata,Falculea_palliata,AVES,0.99999999977932,14,10753.9909420908
rank,17,17,79.8661985899549,Fossa fossana,Fossa_fossana,MAMMALIA,0,4,9402.23292217404
rank,17,17,79.8661985899549,Foudia madagascariensis,Foudia_madagascariensis,AVES,1,89,34291.3637070134
rank,17,17,79.8661985899549,Foudia omissa,Foudia_omissa,AVES,0.999999999917958,25,14173.378372997
rank,17,17,79.8661985899549,Gactornis enarratus,Gactornis_enarratus,AVES,0.999999713431733,8,13506.3999256939
rank,17,17,79.8661985899549,Galidia elegans,Galidia_elegans,MAMMALIA,0,3,6135.58086996526
rank,17,17,79.8661985899549,Galidictis fasciata,Galidictis_fasciata,MAMMALIA,0,0,0
rank,17,17,79.8661985899549,Geobiastes squamiger,Geobiastes_squamiger,AVES,0.982731315261998,5,2855.41666437131
rank,17,17,79.8661985899549,Geogale aurita,Geogale_aurita,MAMMALIA,0.999999999988328,259,9871.28099612147
rank,17,17,79.8661985899549,Gymnuromys roberti,Gymnuromys_roberti,MAMMALIA,1,86,9151.92957531998
rank,17,17,79.8661985899549,Haliaeetus vociferoides,Haliaeetus_vociferoides,AVES,5.50503713347972e-05,1,2941.15282443911
rank,17,17,79.8661985899549,Hapalemur alaotrensis,Hapalemur_alaotrensis,MAMMALIA,0.999999999999844,43,2731.8721436504
rank,17,17,79.8661985899549,Hapalemur aureus,Hapalemur_aureus,MAMMALIA,0.999999995692329,24,1820.55619611591
rank,17,17,79.8661985899549,Hapalemur griseus,Hapalemur_griseus,MAMMALIA,1,203,23487.005566737
rank,17,17,79.8661985899549,Hapalemur occidentalis,Hapalemur_occidentalis,MAMMALIA,0.999995100328248,28,1026.71440970898
rank,17,17,79.8661985899549,Hartertula flavoviridis,Hartertula_flavoviridis,AVES,0.999999999992422,26,3747.37347600899
rank,17,17,79.8661985899549,Hartlaubius auratus,Hartlaubius_auratus,AVES,1,49,24891.2279315591
rank,17,17,79.8661985899549,Hemicentetes nigriceps,Hemicentetes_nigriceps,MAMMALIA,0.999953127257988,35,2052.96238155258
rank,17,17,79.8661985899549,Hemicentetes semispinosus,Hemicentetes_semispinosus,MAMMALIA,1,114,17340.4997224984
rank,17,17,79.8661985899549,Hypogeomys antimena,Hypogeomys_antimena,MAMMALIA,0.133821965840603,5,104.686912983656
rank,17,17,79.8661985899549,Hypositta corallirostris,Hypositta_corallirostris,AVES,0.999999999778664,35,16137.2135557178
rank,17,17,79.8661985899549,Indri indri,Indri_indri,MAMMALIA,0.999999999999977,26,14904.3651093518
rank,17,17,79.8661985899549,Lemur catta,Lemur_catta,MAMMALIA,1,104,6857.93986545503
rank,17,17,79.8661985899549,Lepidopygia nana,Lepidopygia_nana,AVES,0.999998084663173,143,35267.2941047102
rank,17,17,79.8661985899549,Lepilemur ankaranensis,Lepilemur_ankaranensis,MAMMALIA,0.942459903341428,13,361.823311685567
rank,17,17,79.8661985899549,Lepilemur edwardsi,Lepilemur_edwardsi,MAMMALIA,0.999999999997272,49,3502.12906837707
rank,17,17,79.8661985899549,Lepilemur leucopus,Lepilemur_leucopus,MAMMALIA,1,32,5077.75295364112
rank,17,17,79.8661985899549,Lepilemur microdon,Lepilemur_microdon,MAMMALIA,0.999999843808745,26,2612.84437107271
rank,17,17,79.8661985899549,Lepilemur mustelinus,Lepilemur_mustelinus,MAMMALIA,1,194,20699.6633337066
rank,17,17,79.8661985899549,Lepilemur ruficaudatus,Lepilemur_ruficaudatus,MAMMALIA,1,73,4352.19618238509
rank,17,17,79.8661985899549,Leptopterus chabert,Leptopterus_chabert,AVES,1,74,31618.0986087844
rank,17,17,79.8661985899549,Lophotibis cristata,Lophotibis_cristata,AVES,0.998044597698733,1,22348.0923352093
rank,17,17,79.8661985899549,Macrotarsomys bastardi,Macrotarsomys_bastardi,MAMMALIA,0.999999999999984,106,3623.49971194565
rank,17,17,79.8661985899549,Margaroperdix madagarensis,Margaroperdix_madagarensis,AVES,0.999999992522601,6,27518.9192148949
rank,17,17,79.8661985899549,Mentocrex kioloides,Mentocrex_kioloides,AVES,0.998899797084794,5,11532.8981967196
rank,17,17,79.8661985899549,Mesitornis unicolor,Mesitornis_unicolor,AVES,0,1,89.8278131379858
rank,17,17,79.8661985899549,Mesitornis variegatus,Mesitornis_variegatus,AVES,0.998338775497268,5,2674.03532061726
rank,17,17,79.8661985899549,Microcebus berthae,Microcebus_berthae,MAMMALIA,1.52725555535582e-08,2,17.7781751081347
rank,17,17,79.8661985899549,Microcebus griseorufus,Microcebus_griseorufus,MAMMALIA,0.995769019106108,14,501.433658043884
rank,17,17,79.8661985899549,Microcebus murinus,Microcebus_murinus,MAMMALIA,1,529,22804.8986846283
rank,17,17,79.8661985899549,Microcebus myoxinus,Microcebus_myoxinus,MAMMALIA,0.999999992654343,102,1124.39007911777
rank,17,17,79.8661985899549,Microcebus ravelobensis,Microcebus_ravelobensis,MAMMALIA,0.778620368188765,15,246.875988043973
rank,17,17,79.8661985899549,Microcebus rufus,Microcebus_rufus,MAMMALIA,1,372,16874.1620028528
rank,17,17,79.8661985899549,Microcebus tavaratra,Microcebus_tavaratra,MAMMALIA,0.99348955741329,45,767.433245509863
rank,17,17,79.8661985899549,Microgale brevicaudata,Microgale_brevicaudata,MAMMALIA,0.999999999999914,301,11391.7674256265
rank,17,17,79.8661985899549,Microgale cowani,Microgale_cowani,MAMMALIA,1,229,14256.99065954
rank,17,17,79.8661985899549,Microgale drouhardi,Microgale_drouhardi,MAMMALIA,0.999999999964021,121,8410.08686543903
rank,17,17,79.8661985899549,Microgale dryas,Microgale_dryas,MAMMALIA,0.897201399235259,47,1369.92029440585
rank,17,17,79.8661985899549,Microgale fotsifotsy,Microgale_fotsifotsy,MAMMALIA,0.999999999987894,156,10136.029338679
rank,17,17,79.8661985899549,Microgale gracilis,Microgale_gracilis,MAMMALIA,0.999999985444339,66,4927.24492806896
rank,17,17,79.8661985899549,Microgale gymnorhyncha,Microgale_gymnorhyncha,MAMMALIA,0.999999999324664,71,5919.25387305845
rank,17,17,79.8661985899549,Microgale longicaudata,Microgale_longicaudata,MAMMALIA,0.999999999999998,315,15383.7328902876
rank,17,17,79.8661985899549,Microgale mergulus,Microgale_mergulus,MAMMALIA,0.999997089723008,44,2648.21612024032
rank,17,17,79.8661985899549,Microgale parvula,Microgale_parvula,MAMMALIA,0.999999999999715,337,16729.3288790264
rank,17,17,79.8661985899549,Microgale principula,Microgale_principula,MAMMALIA,1,179,14048.6205393299
rank,17,17,79.8661985899549,Microgale pusilla,Microgale_pusilla,MAMMALIA,0.999756245770855,146,5695.37458423107
rank,17,17,79.8661985899549,Microgale soricoides,Microgale_soricoides,MAMMALIA,0.999999999999888,86,8214.33868777373
rank,17,17,79.8661985899549,Microgale taiva,Microgale_taiva,MAMMALIA,1,156,12448.9805764966
rank,17,17,79.8661985899549,Microgale thomasi,Microgale_thomasi,MAMMALIA,1,80,8356.94689594883
rank,17,17,79.8661985899549,Mirza coquereli,Mirza_coquereli,MAMMALIA,0.999997556101757,52,2635.46626229015
rank,17,17,79.8661985899549,Monias benschi,Monias_benschi,AVES,0,1,82.9420458882274
rank,17,17,79.8661985899549,Monticola erythronotus,Monticola_erythronotus,AVES,0.505764981643065,1,97.4973036619822
rank,17,17,79.8661985899549,Monticola sharpei,Monticola_sharpei,AVES,1,54,21701.8238650635
rank,17,17,79.8661985899549,Monticolomys koopmani,Monticolomys_koopmani,MAMMALIA,0.132627251095215,6,104.060766987503
rank,17,17,79.8661985899549,Motacilla flaviventris,Motacilla_flaviventris,AVES,0.999999972391701,23,2569.81917758286
rank,17,17,79.8661985899549,Mystacornis crossleyi,Mystacornis_crossleyi,AVES,1,18,14157.1941916719
rank,17,17,79.8661985899549,Neodrepanis coruscans,Neodrepanis_coruscans,AVES,0.999995363333036,24,10717.9294570163
rank,17,17,79.8661985899549,Neodrepanis hypoxantha,Neodrepanis_hypoxantha,AVES,0.0211788111247608,3,88.4296057149768
rank,17,17,79.8661985899549,Neomixis striatigula,Neomixis_striatigula,AVES,1,48,15213.101506075
rank,17,17,79.8661985899549,Neomixis tenella,Neomixis_tenella,AVES,1,126,26182.5553988367
rank,17,17,79.8661985899549,Neomixis viridis,Neomixis_viridis,AVES,1,42,14788.0320185944
rank,17,17,79.8661985899549,Nesillas lantzii,Nesillas_lantzii,AVES,0.999964378264919,2,2580.14727674425
rank,17,17,79.8661985899549,Nesogale dobsoni,Nesogale_dobsoni,MAMMALIA,1,221,15795.4705723851
rank,17,17,79.8661985899549,Nesogale talazaci,Nesogale_talazaci,MAMMALIA,1,143,15588.4299082731
rank,17,17,79.8661985899549,Nesomys audeberti,Nesomys_audeberti,MAMMALIA,0.999999999999476,61,2650.04458901286
rank,17,17,79.8661985899549,Nesomys lambertoni,Nesomys_lambertoni,MAMMALIA,0.999983982375401,29,958.575495295227
rank,17,17,79.8661985899549,Nesomys rufus,Nesomys_rufus,MAMMALIA,1,129,12157.623422116
rank,17,17,79.8661985899549,Newtonia amphichroa,Newtonia_amphichroa,AVES,1,28,12986.2843715623
rank,17,17,79.8661985899549,Newtonia archboldi,Newtonia_archboldi,AVES,0.999743205924592,10,2057.60292387809
rank,17,17,79.8661985899549,Newtonia brunneicauda,Newtonia_brunneicauda,AVES,1,118,30988.2422031686
rank,17,17,79.8661985899549,Newtonia fanovanae,Newtonia_fanovanae,AVES,0.353055283448657,2,98.2207024819943
rank,17,17,79.8661985899549,Oriolia bernieri,Oriolia_bernieri,AVES,0.999996769817414,15,4149.28543232908
rank,17,17,79.8661985899549,Oryzorictes hova,Oryzorictes_hova,MAMMALIA,1,153,15131.9836862013
rank,17,17,79.8661985899549,Oryzorictes tetradactylus,Oryzorictes_tetradactylus,MAMMALIA,0.999978812376046,92,3641.46232050757
rank,17,17,79.8661985899549,Otus rutilus,Otus_rutilus,AVES,0.999999999999814,10,27881.8945225179
rank,17,17,79.8661985899549,Oxylabes madagascariensis,Oxylabes_madagascariensis,AVES,1,29,14661.6894104704
rank,17,17,79.8661985899549,Phaner electromontis,Phaner_electromontis,MAMMALIA,1.1181189119025e-07,1,17.4337788633315
rank,17,17,79.8661985899549,Phaner furcifer,Phaner_furcifer,MAMMALIA,0.887905466959644,58,892.662774423171
rank,17,17,79.8661985899549,Phaner pallescens,Phaner_pallescens,MAMMALIA,0.999999999866326,35,2594.08753170818
rank,17,17,79.8661985899549,Phaner parienti,Phaner_parienti,MAMMALIA,0.00280017666108967,1,24.4501852478648
rank,17,17,79.8661985899549,Philepitta castanea,Philepitta_castanea,AVES,0.998621696566948,19,11827.1414974008
rank,17,17,79.8661985899549,Philepitta schlegeli,Philepitta_schlegeli,AVES,0.98426424868395,17,2726.415797664
rank,17,17,79.8661985899549,Ploceus nelicourvi,Ploceus_nelicourvi,AVES,1,21,15791.9365545801
rank,17,17,79.8661985899549,Ploceus sakalava,Ploceus_sakalava,AVES,0.999999999385505,40,12726.0755246133
rank,17,17,79.8661985899549,Polyboroides radiatus,Polyboroides_radiatus,AVES,0.990467988352273,3,26014.4971310869
rank,17,17,79.8661985899549,Pseudobias wardi,Pseudobias_wardi,AVES,1,24,13429.9622142742
rank,17,17,79.8661985899549,Pterocles personatus,Pterocles_personatus,AVES,0.610618619188256,5,2914.07308662683
rank,17,17,79.8661985899549,Rallus madagascariensis,Rallus_madagascariensis,AVES,0.99990564309242,4,5977.48861757977
rank,17,17,79.8661985899549,Randia pseudozosterops,Randia_pseudozosterops,AVES,1,24,12839.3068602786
rank,17,17,79.8661985899549,Sarothrura insularis,Sarothrura_insularis,AVES,0.99999416355234,15,17155.5372096254
rank,17,17,79.8661985899549,Schetba rufa,Schetba_rufa,AVES,0.999999999999843,29,8941.07279035086
rank,17,17,79.8661985899549,Setifer setosus,Setifer_setosus,MAMMALIA,1,220,30116.3184339628
rank,17,17,79.8661985899549,Tenrec ecaudatus,Tenrec_ecaudatus,MAMMALIA,1,164,30624.4508865103
rank,17,17,79.8661985899549,Thamnornis chloropetoides,Thamnornis_chloropetoides,AVES,0.999959723202194,5,2586.08906015009
rank,17,17,79.8661985899549,Treron australis,Treron_australis,AVES,0.998516461384851,5,29205.2210377455
rank,17,17,79.8661985899549,Turnix nigricollis,Turnix_nigricollis,AVES,0.999999999999616,21,30632.4993458688
rank,17,17,79.8661985899549,Tylas eduardi,Tylas_eduardi,AVES,0.999999999999787,14,15794.8183963314
rank,17,17,79.8661985899549,Vanga curvirostris,Vanga_curvirostris,AVES,0.999999999999998,29,31650.1519713327
rank,17,17,79.8661985899549,Varecia rubra,Varecia_rubra,MAMMALIA,1,96,17372.6734354787
rank,17,17,79.8661985899549,Varecia variegata,Varecia_variegata,MAMMALIA,1,75,17017.4429547855
rank,17,17,79.8661985899549,Xanthomixis apperti,Xanthomixis_apperti,AVES,0.441311210122258,1,68.4073899760842
rank,17,17,79.8661985899549,Xanthomixis cinereiceps,Xanthomixis_cinereiceps,AVES,0.999999999999992,23,5149.81396795862
rank,17,17,79.8661985899549,Xanthomixis zosterops,Xanthomixis_zosterops,AVES,1,30,15855.5736674926
rank,17,17,79.8661985899549,Xenopirostris damii,Xenopirostris_damii,AVES,0.00179910766481406,1,93.5023440420628
rank,17,17,79.8661985899549,Xenopirostris polleni,Xenopirostris_polleni,AVES,0.999999742017791,11,5904.31416691993
rank,17,17,79.8661985899549,Xenopirostris xenopirostris,Xenopirostris_xenopirostris,AVES,0.96505807541122,1,1102.55740338564
rank,18,18,84.5572201270485,Accipiter henstii,Accipiter_henstii,AVES,0.310063404405632,1,16488.0665828644
rank,18,18,84.5572201270485,Accipiter madagascariensis,Accipiter_madagascariensis,AVES,0.652810800715164,2,20223.5974034518
rank,18,18,84.5572201270485,Acrocephalus newtoni,Acrocephalus_newtoni,AVES,1,82,21867.5887145847
rank,18,18,84.5572201270485,Alectroenas madagascariensis,Alectroenas_madagascariensis,AVES,0.998421137547726,10,13189.6849735071
rank,18,18,84.5572201270485,Allocebus trichotis,Allocebus_trichotis,MAMMALIA,0.00783473494650444,3,72.1001097112894
rank,18,18,84.5572201270485,Anas bernieri,Anas_bernieri,AVES,0,1,161.555721102021
rank,18,18,84.5572201270485,Apus balstoni,Apus_balstoni,AVES,0.999999999999988,26,18807.9772600681
rank,18,18,84.5572201270485,Artamella viridis,Artamella_viridis,AVES,1,34,21990.822823979
rank,18,18,84.5572201270485,Asio madagascariensis,Asio_madagascariensis,AVES,0.587504068454894,2,13903.5740508413
rank,18,18,84.5572201270485,Atelornis crossleyi,Atelornis_crossleyi,AVES,0.999925083431981,5,4118.48222351074
rank,18,18,84.5572201270485,Atelornis pittoides,Atelornis_pittoides,AVES,0.999980226804828,8,9545.15088714227
rank,18,18,84.5572201270485,Athene superciliaris,Athene_superciliaris,AVES,0.999994224549136,7,16260.0995819494
rank,18,18,84.5572201270485,Avahi laniger,Avahi_laniger,MAMMALIA,1,104,8858.26695337245
rank,18,18,84.5572201270485,Avahi occidentalis,Avahi_occidentalis,MAMMALIA,0.996177513156648,4,630.900925964117
rank,18,18,84.5572201270485,Aviceda madagascariensis,Aviceda_madagascariensis,AVES,0.818113827232075,1,19964.1953495145
rank,18,18,84.5572201270485,Bernieria madagascariensis,Bernieria_madagascariensis,AVES,1,57,19148.2462415104
rank,18,18,84.5572201270485,Brachypteracias leptosomus,Brachypteracias_leptosomus,AVES,0.999850650937872,3,8613.05812963843
rank,18,18,84.5572201270485,Brachytarsomys albicauda,Brachytarsomys_albicauda,MAMMALIA,0.999999991596676,50,1815.17485363856
rank,18,18,84.5572201270485,Brachyuromys betsileoensis,Brachyuromys_betsileoensis,MAMMALIA,1,89,3855.18330650499
rank,18,18,84.5572201270485,Brachyuromys ramirohitra,Brachyuromys_ramirohitra,MAMMALIA,0.65541484639138,2,90.5857082977891
rank,18,18,84.5572201270485,Bradypterus brunneus,Bradypterus_brunneus,AVES,0.999999999999435,34,4030.0308679999
rank,18,18,84.5572201270485,Bradypterus seebohmi,Bradypterus_seebohmi,AVES,0.452718231585579,1,71.7493425011635
rank,18,18,84.5572201270485,Buteo brachypterus,Buteo_brachypterus,AVES,0.500529405481053,1,21499.748703137
rank,18,18,84.5572201270485,Calicalicus madagascariensis,Calicalicus_madagascariensis,AVES,1,83,19371.1242925888
rank,18,18,84.5572201270485,Cheirogaleus crossleyi,Cheirogaleus_crossleyi,MAMMALIA,0.999999996502073,31,1912.28968673875
rank,18,18,84.5572201270485,Cheirogaleus major,Cheirogaleus_major,MAMMALIA,1,180,13434.1152766986
rank,18,18,84.5572201270485,Cheirogaleus medius,Cheirogaleus_medius,MAMMALIA,1,328,11741.9097758532
rank,18,18,84.5572201270485,Cinnyris notatus,Cinnyris_notatus,AVES,1,114,21331.984279938
rank,18,18,84.5572201270485,Copsychus albospecularis,Copsychus_albospecularis,AVES,0.999999999991694,27,12557.6243197123
rank,18,18,84.5572201270485,Coracopsis nigra,Coracopsis_nigra,AVES,0.998856779863804,10,22632.7591525018
rank,18,18,84.5572201270485,Corythornis madagascariensis,Corythornis_madagascariensis,AVES,0.675632505769981,20,17889.4987809438
rank,18,18,84.5572201270485,Coua caerulea,Coua_caerulea,AVES,0.999822332687846,4,9816.04845812823
rank,18,18,84.5572201270485,Coua coquereli,Coua_coquereli,AVES,0.999983824647244,5,7478.65985651908
rank,18,18,84.5572201270485,Coua cristata,Coua_cristata,AVES,0.99999999999976,15,18644.5599203706
rank,18,18,84.5572201270485,Coua cursor,Coua_cursor,AVES,0.99402349836558,2,3850.76593088359
rank,18,18,84.5572201270485,Coua gigas,Coua_gigas,AVES,0.998047216600064,2,8809.16688188166
rank,18,18,84.5572201270485,Coua reynaudii,Coua_reynaudii,AVES,0.999624092903312,3,7664.57656108774
rank,18,18,84.5572201270485,Coua ruficeps,Coua_ruficeps,AVES,0.959346120072314,3,1327.46846918499
rank,18,18,84.5572201270485,Coua serriana,Coua_serriana,AVES,0.987249457788812,3,7241.40117160133
rank,18,18,84.5572201270485,Crossleyia xanthophrys,Crossleyia_xanthophrys,AVES,0.999999935392486,28,2022.11481463164
rank,18,18,84.5572201270485,Cryptoprocta ferox,Cryptoprocta_ferox,MAMMALIA,0,0,0
rank,18,18,84.5572201270485,Cryptosylvicola randrianasoloi,Cryptosylvicola_randrianasoloi,AVES,0.999999710425831,25,2012.81205669013
rank,18,18,84.5572201270485,Cyanolanius madagascarinus,Cyanolanius_madagascarinus,AVES,1,67,20344.5383688047
rank,18,18,84.5572201270485,Daubentonia madagascariensis,Daubentonia_madagascariensis,MAMMALIA,0.999999949261447,67,6200.42498641876
rank,18,18,84.5572201270485,Echinops telfairi,Echinops_telfairi,MAMMALIA,1,172,11511.9271743298
rank,18,18,84.5572201270485,Eliurus antsingy,Eliurus_antsingy,MAMMALIA,0.0133748649300235,5,69.4813072830439
rank,18,18,84.5572201270485,Eliurus grandidieri,Eliurus_grandidieri,MAMMALIA,0.999641415738649,27,917.641006159482
rank,18,18,84.5572201270485,Eliurus majori,Eliurus_majori,MAMMALIA,1,157,9197.3279150946
rank,18,18,84.5572201270485,Eliurus minor,Eliurus_minor,MAMMALIA,1,392,15230.5957861586
rank,18,18,84.5572201270485,Eliurus myoxinus,Eliurus_myoxinus,MAMMALIA,1,363,16731.4011475295
rank,18,18,84.5572201270485,Eliurus tanala,Eliurus_tanala,MAMMALIA,1,182,9855.37458003543
rank,18,18,84.5572201270485,Eliurus webbi,Eliurus_webbi,MAMMALIA,1,190,12290.9026603973
rank,18,18,84.5572201270485,Eremopterix hova,Eremopterix_hova,AVES,0.999748643647744,16,1858.04440777749
rank,18,18,84.5572201270485,Eulemur albifrons,Eulemur_albifrons,MAMMALIA,1,34,4851.15483550727
rank,18,18,84.5572201270485,Eulemur cinereiceps,Eulemur_cinereiceps,MAMMALIA,1,226,19603.8203115463
rank,18,18,84.5572201270485,Eulemur collaris,Eulemur_collaris,MAMMALIA,1,183,19070.4031916559
rank,18,18,84.5572201270485,Eulemur coronatus,Eulemur_coronatus,MAMMALIA,1,129,5130.10991616224
rank,18,18,84.5572201270485,Eulemur flavifrons,Eulemur_flavifrons,MAMMALIA,0.000213248908682684,1,25.074716512655
rank,18,18,84.5572201270485,Eulemur fulvus,Eulemur_fulvus,MAMMALIA,1,216,19625.4213098213
rank,18,18,84.5572201270485,Eulemur macaco,Eulemur_macaco,MAMMALIA,1,87,8370.46024279194
rank,18,18,84.5572201270485,Eulemur mongoz,Eulemur_mongoz,MAMMALIA,0.999999775497878,22,1870.13686156273
rank,18,18,84.5572201270485,Eulemur rubriventer,Eulemur_rubriventer,MAMMALIA,1,227,16098.2669954754
rank,18,18,84.5572201270485,Eulemur rufus,Eulemur_rufus,MAMMALIA,1,155,11084.2194100991
rank,18,18,84.5572201270485,Eulemur sanfordi,Eulemur_sanfordi,MAMMALIA,1,260,19875.1164170802
rank,18,18,84.5572201270485,Euryceros prevostii,Euryceros_prevostii,AVES,0.996194800459943,3,1949.88403960317
rank,18,18,84.5572201270485,Falco zoniventris,Falco_zoniventris,AVES,0.685778975911323,3,15764.6867159829
rank,18,18,84.5572201270485,Falculea palliata,Falculea_palliata,AVES,0.999999987861776,15,8371.06526812166
rank,18,18,84.5572201270485,Fossa fossana,Fossa_fossana,MAMMALIA,0,1,2060.81943509728
rank,18,18,84.5572201270485,Foudia madagascariensis,Foudia_madagascariensis,AVES,1,100,26487.4238131493
rank,18,18,84.5572201270485,Foudia omissa,Foudia_omissa,AVES,0.999999999571487,29,10384.5668279007
rank,18,18,84.5572201270485,Gactornis enarratus,Gactornis_enarratus,AVES,0.999999930973193,11,10065.6152365878
rank,18,18,84.5572201270485,Galidia elegans,Galidia_elegans,MAMMALIA,0,1,1781.57974971086
rank,18,18,84.5572201270485,Galidictis fasciata,Galidictis_fasciata,MAMMALIA,0,0,0
rank,18,18,84.5572201270485,Geobiastes squamiger,Geobiastes_squamiger,AVES,0.920142092690425,5,2217.89818349818
rank,18,18,84.5572201270485,Geogale aurita,Geogale_aurita,MAMMALIA,0.999999891336435,226,7305.91695141047
rank,18,18,84.5572201270485,Gymnuromys roberti,Gymnuromys_roberti,MAMMALIA,1,90,6917.81792329097
rank,18,18,84.5572201270485,Haliaeetus vociferoides,Haliaeetus_vociferoides,AVES,1.31817121408195e-05,1,2713.73676403612
rank,18,18,84.5572201270485,Hapalemur alaotrensis,Hapalemur_alaotrensis,MAMMALIA,0.999999995770554,34,1905.23799025344
rank,18,18,84.5572201270485,Hapalemur aureus,Hapalemur_aureus,MAMMALIA,0.999999995692329,24,1820.55619611591
rank,18,18,84.5572201270485,Hapalemur griseus,Hapalemur_griseus,MAMMALIA,1,212,18551.1062826061
rank,18,18,84.5572201270485,Hapalemur occidentalis,Hapalemur_occidentalis,MAMMALIA,0.999995100328248,28,1026.71440970898
rank,18,18,84.5572201270485,Hartertula flavoviridis,Hartertula_flavoviridis,AVES,0.999999996923947,27,2886.64649773642
rank,18,18,84.5572201270485,Hartlaubius auratus,Hartlaubius_auratus,AVES,1,53,19523.7178868329
rank,18,18,84.5572201270485,Hemicentetes nigriceps,Hemicentetes_nigriceps,MAMMALIA,0.999948648324613,27,1884.76008230448
rank,18,18,84.5572201270485,Hemicentetes semispinosus,Hemicentetes_semispinosus,MAMMALIA,1,127,13301.5487915986
rank,18,18,84.5572201270485,Hypogeomys antimena,Hypogeomys_antimena,MAMMALIA,0.133821965840603,5,104.686912983656
rank,18,18,84.5572201270485,Hypositta corallirostris,Hypositta_corallirostris,AVES,0.999999999185971,42,12343.9508984324
rank,18,18,84.5572201270485,Indri indri,Indri_indri,MAMMALIA,0.999999999818725,37,10949.2990713864
rank,18,18,84.5572201270485,Lemur catta,Lemur_catta,MAMMALIA,1,89,4734.10514643788
rank,18,18,84.5572201270485,Lepidopygia nana,Lepidopygia_nana,AVES,0.999991592521992,148,27271.3836276159
rank,18,18,84.5572201270485,Lepilemur ankaranensis,Lepilemur_ankaranensis,MAMMALIA,0.942459903341428,13,361.823311685567
rank,18,18,84.5572201270485,Lepilemur edwardsi,Lepilemur_edwardsi,MAMMALIA,0.999999999935591,48,3201.0977507507
rank,18,18,84.5572201270485,Lepilemur leucopus,Lepilemur_leucopus,MAMMALIA,0.999999999999994,27,3380.12583534757
rank,18,18,84.5572201270485,Lepilemur microdon,Lepilemur_microdon,MAMMALIA,0.999997611215229,22,1969.1838594469
rank,18,18,84.5572201270485,Lepilemur mustelinus,Lepilemur_mustelinus,MAMMALIA,1,190,15633.6114693135
rank,18,18,84.5572201270485,Lepilemur ruficaudatus,Lepilemur_ruficaudatus,MAMMALIA,0.999999999999956,71,3237.42072033137
rank,18,18,84.5572201270485,Leptopterus chabert,Leptopterus_chabert,AVES,1,78,24716.8041404858
rank,18,18,84.5572201270485,Lophotibis cristata,Lophotibis_cristata,AVES,0.996762596806101,2,17593.1457023248
rank,18,18,84.5572201270485,Macrotarsomys bastardi,Macrotarsomys_bastardi,MAMMALIA,0.999999999618119,78,2419.83826944232
rank,18,18,84.5572201270485,Margaroperdix madagarensis,Margaroperdix_madagarensis,AVES,0.999999999638638,8,20922.0706119251
rank,18,18,84.5572201270485,Mentocrex kioloides,Mentocrex_kioloides,AVES,0.997444453614265,4,8459.73277197033
rank,18,18,84.5572201270485,Mesitornis unicolor,Mesitornis_unicolor,AVES,0,1,89.8278131379858
rank,18,18,84.5572201270485,Mesitornis variegatus,Mesitornis_variegatus,AVES,0.987077598684851,4,1878.35901849717
rank,18,18,84.5572201270485,Microcebus berthae,Microcebus_berthae,MAMMALIA,1.52725555535582e-08,2,17.7781751081347
rank,18,18,84.5572201270485,Microcebus griseorufus,Microcebus_griseorufus,MAMMALIA,0.995769019106108,14,501.433658043884
rank,18,18,84.5572201270485,Microcebus murinus,Microcebus_murinus,MAMMALIA,1,457,17722.9215244651
rank,18,18,84.5572201270485,Microcebus myoxinus,Microcebus_myoxinus,MAMMALIA,0.999999992654343,102,1124.39007911777
rank,18,18,84.5572201270485,Microcebus ravelobensis,Microcebus_ravelobensis,MAMMALIA,0.778620368188765,15,246.875988043973
rank,18,18,84.5572201270485,Microcebus rufus,Microcebus_rufus,MAMMALIA,1,341,13197.1950638495
rank,18,18,84.5572201270485,Microcebus tavaratra,Microcebus_tavaratra,MAMMALIA,0.99348955741329,45,767.433245509863
rank,18,18,84.5572201270485,Microgale brevicaudata,Microgale_brevicaudata,MAMMALIA,0.999999995523572,287,9108.5196736455
rank,18,18,84.5572201270485,Microgale cowani,Microgale_cowani,MAMMALIA,0.999999999999813,223,10948.8481061224
rank,18,18,84.5572201270485,Microgale drouhardi,Microgale_drouhardi,MAMMALIA,0.99999995901581,109,6435.91545275916
rank,18,18,84.5572201270485,Microgale dryas,Microgale_dryas,MAMMALIA,0.897201399235259,47,1369.92029440585
rank,18,18,84.5572201270485,Microgale fotsifotsy,Microgale_fotsifotsy,MAMMALIA,0.999999981446262,144,7563.07332553606
rank,18,18,84.5572201270485,Microgale gracilis,Microgale_gracilis,MAMMALIA,0.999995299128948,59,3723.71598797268
rank,18,18,84.5572201270485,Microgale gymnorhyncha,Microgale_gymnorhyncha,MAMMALIA,0.999999220587989,62,4297.52242187505
rank,18,18,84.5572201270485,Microgale longicaudata,Microgale_longicaudata,MAMMALIA,0.999999999984781,278,11839.3014047456
rank,18,18,84.5572201270485,Microgale mergulus,Microgale_mergulus,MAMMALIA,0.999321800191757,40,1879.75351956215
rank,18,18,84.5572201270485,Microgale parvula,Microgale_parvula,MAMMALIA,0.999999999616095,306,12969.7397184601
rank,18,18,84.5572201270485,Microgale principula,Microgale_principula,MAMMALIA,0.999999999999558,171,10653.5943012163
rank,18,18,84.5572201270485,Microgale pusilla,Microgale_pusilla,MAMMALIA,0.998965625709884,136,4679.96992161208
rank,18,18,84.5572201270485,Microgale soricoides,Microgale_soricoides,MAMMALIA,0.999999998690388,85,6075.03395783386
rank,18,18,84.5572201270485,Microgale taiva,Microgale_taiva,MAMMALIA,0.999999999981491,162,9394.65755103139
rank,18,18,84.5572201270485,Microgale thomasi,Microgale_thomasi,MAMMALIA,0.999999999990467,79,6472.61635220194
rank,18,18,84.5572201270485,Mirza coquereli,Mirza_coquereli,MAMMALIA,0.999928498689838,30,1803.8903510496
rank,18,18,84.5572201270485,Monias benschi,Monias_benschi,AVES,0,1,82.9420458882274
rank,18,18,84.5572201270485,Monticola erythronotus,Monticola_erythronotus,AVES,0.505764981643065,1,97.4973036619822
rank,18,18,84.5572201270485,Monticola sharpei,Monticola_sharpei,AVES,1,57,15830.967266005
rank,18,18,84.5572201270485,Monticolomys koopmani,Monticolomys_koopmani,MAMMALIA,0.132627251095215,6,104.060766987503
rank,18,18,84.5572201270485,Motacilla flaviventris,Motacilla_flaviventris,AVES,0.999998526575479,24,1795.39141011983
rank,18,18,84.5572201270485,Mystacornis crossleyi,Mystacornis_crossleyi,AVES,1,19,10486.034593381
rank,18,18,84.5572201270485,Neodrepanis coruscans,Neodrepanis_coruscans,AVES,0.99999185961923,25,7935.24360230565
rank,18,18,84.5572201270485,Neodrepanis hypoxantha,Neodrepanis_hypoxantha,AVES,0.0211788111247608,3,88.4296057149768
rank,18,18,84.5572201270485,Neomixis striatigula,Neomixis_striatigula,AVES,1,50,11588.7760997897
rank,18,18,84.5572201270485,Neomixis tenella,Neomixis_tenella,AVES,1,125,20766.753229171
rank,18,18,84.5572201270485,Neomixis viridis,Neomixis_viridis,AVES,1,43,11122.3653668687
rank,18,18,84.5572201270485,Nesillas lantzii,Nesillas_lantzii,AVES,0.999873512679057,3,1890.21756714582
rank,18,18,84.5572201270485,Nesogale dobsoni,Nesogale_dobsoni,MAMMALIA,1,208,12209.0783585014
rank,18,18,84.5572201270485,Nesogale talazaci,Nesogale_talazaci,MAMMALIA,1,149,12094.3142024326
rank,18,18,84.5572201270485,Nesomys audeberti,Nesomys_audeberti,MAMMALIA,0.999999984998335,48,1900.59926590323
rank,18,18,84.5572201270485,Nesomys lambertoni,Nesomys_lambertoni,MAMMALIA,0.999983982375401,29,958.575495295227
rank,18,18,84.5572201270485,Nesomys rufus,Nesomys_rufus,MAMMALIA,1,131,9012.12941487134
rank,18,18,84.5572201270485,Newtonia amphichroa,Newtonia_amphichroa,AVES,1,32,9649.97709110379
rank,18,18,84.5572201270485,Newtonia archboldi,Newtonia_archboldi,AVES,0.999257689334545,7,1837.13896903333
rank,18,18,84.5572201270485,Newtonia brunneicauda,Newtonia_brunneicauda,AVES,1,124,24169.041277051
rank,18,18,84.5572201270485,Newtonia fanovanae,Newtonia_fanovanae,AVES,0.353055283448657,2,98.2207024819943
rank,18,18,84.5572201270485,Oriolia bernieri,Oriolia_bernieri,AVES,0.999959853342326,16,3237.56553649902
rank,18,18,84.5572201270485,Oryzorictes hova,Oryzorictes_hova,MAMMALIA,1,160,11574.1844911799
rank,18,18,84.5572201270485,Oryzorictes tetradactylus,Oryzorictes_tetradactylus,MAMMALIA,0.995638375223837,82,2520.28047561659
rank,18,18,84.5572201270485,Otus rutilus,Otus_rutilus,AVES,0.999999999999763,14,22082.7226840705
rank,18,18,84.5572201270485,Oxylabes madagascariensis,Oxylabes_madagascariensis,AVES,1,32,10829.8401382789
rank,18,18,84.5572201270485,Phaner electromontis,Phaner_electromontis,MAMMALIA,1.1181189119025e-07,1,17.4337788633315
rank,18,18,84.5572201270485,Phaner furcifer,Phaner_furcifer,MAMMALIA,0.887905466959644,58,892.662774423171
rank,18,18,84.5572201270485,Phaner pallescens,Phaner_pallescens,MAMMALIA,0.999999990036355,20,1948.42886392027
rank,18,18,84.5572201270485,Phaner parienti,Phaner_parienti,MAMMALIA,0.00280017666108967,1,24.4501852478648
rank,18,18,84.5572201270485,Philepitta castanea,Philepitta_castanea,AVES,0.998648334503331,18,8800.39389879548
rank,18,18,84.5572201270485,Philepitta schlegeli,Philepitta_schlegeli,AVES,0.971125547073967,17,2328.10310676673
rank,18,18,84.5572201270485,Ploceus nelicourvi,Ploceus_nelicourvi,AVES,1,23,11772.9626744161
rank,18,18,84.5572201270485,Ploceus sakalava,Ploceus_sakalava,AVES,0.999999977903786,41,10219.3239712194
rank,18,18,84.5572201270485,Polyboroides radiatus,Polyboroides_radiatus,AVES,0.983874186837633,5,19632.2714731544
rank,18,18,84.5572201270485,Pseudobias wardi,Pseudobias_wardi,AVES,1,26,9796.18583968849
rank,18,18,84.5572201270485,Pterocles personatus,Pterocles_personatus,AVES,0.27475400964863,4,1597.88562167436
rank,18,18,84.5572201270485,Rallus madagascariensis,Rallus_madagascariensis,AVES,0.999592295689904,4,4502.03960090254
rank,18,18,84.5572201270485,Randia pseudozosterops,Randia_pseudozosterops,AVES,0.999999999999998,21,9796.81123189515
rank,18,18,84.5572201270485,Sarothrura insularis,Sarothrura_insularis,AVES,0.999997046031161,14,13030.0560512454
rank,18,18,84.5572201270485,Schetba rufa,Schetba_rufa,AVES,0.999999999923844,31,7116.00903217121
rank,18,18,84.5572201270485,Setifer setosus,Setifer_setosus,MAMMALIA,1,216,22757.0850383937
rank,18,18,84.5572201270485,Tenrec ecaudatus,Tenrec_ecaudatus,MAMMALIA,1,172,23700.5279971436
rank,18,18,84.5572201270485,Thamnornis chloropetoides,Thamnornis_chloropetoides,AVES,0.999606198709943,4,2025.54712434113
rank,18,18,84.5572201270485,Treron australis,Treron_australis,AVES,0.9997448597864,8,22353.954815045
rank,18,18,84.5572201270485,Turnix nigricollis,Turnix_nigricollis,AVES,0.999999999999663,23,23426.2275552377
rank,18,18,84.5572201270485,Tylas eduardi,Tylas_eduardi,AVES,0.999999999999996,15,11795.8666370719
rank,18,18,84.5572201270485,Vanga curvirostris,Vanga_curvirostris,AVES,0.999999999999998,30,24602.5501217544
rank,18,18,84.5572201270485,Varecia rubra,Varecia_rubra,MAMMALIA,1,106,13312.0784922109
rank,18,18,84.5572201270485,Varecia variegata,Varecia_variegata,MAMMALIA,1,86,12980.4864400106
rank,18,18,84.5572201270485,Xanthomixis apperti,Xanthomixis_apperti,AVES,0.441311210122258,1,68.4073899760842
rank,18,18,84.5572201270485,Xanthomixis cinereiceps,Xanthomixis_cinereiceps,AVES,0.999999999994288,21,3865.25090699905
rank,18,18,84.5572201270485,Xanthomixis zosterops,Xanthomixis_zosterops,AVES,1,35,11834.7307311643
rank,18,18,84.5572201270485,Xenopirostris damii,Xenopirostris_damii,AVES,0.00179910766481406,1,93.5023440420628
rank,18,18,84.5572201270485,Xenopirostris polleni,Xenopirostris_polleni,AVES,0.999998162083303,14,4570.75457583728
rank,18,18,84.5572201270485,Xenopirostris xenopirostris,Xenopirostris_xenopirostris,AVES,0.96505807541122,1,1102.55740338564
rank,19,19,89.261981960351,Accipiter henstii,Accipiter_henstii,AVES,0.198987219802999,1,11805.721829355
rank,19,19,89.261981960351,Accipiter madagascariensis,Accipiter_madagascariensis,AVES,0.413889160493484,4,14552.0794323757
rank,19,19,89.261981960351,Acrocephalus newtoni,Acrocephalus_newtoni,AVES,1,87,15277.7473369315
rank,19,19,89.261981960351,Alectroenas madagascariensis,Alectroenas_madagascariensis,AVES,0.996324553132536,14,9187.01259141498
rank,19,19,89.261981960351,Allocebus trichotis,Allocebus_trichotis,MAMMALIA,0.00783473494650444,3,72.1001097112894
rank,19,19,89.261981960351,Anas bernieri,Anas_bernieri,AVES,0,1,161.555721102021
rank,19,19,89.261981960351,Apus balstoni,Apus_balstoni,AVES,0.999999999999814,23,13251.2116933142
rank,19,19,89.261981960351,Artamella viridis,Artamella_viridis,AVES,1,35,15736.9648118764
rank,19,19,89.261981960351,Asio madagascariensis,Asio_madagascariensis,AVES,0.468629590917713,2,9228.30414877556
rank,19,19,89.261981960351,Atelornis crossleyi,Atelornis_crossleyi,AVES,0.999254284223045,6,2991.157837376
rank,19,19,89.261981960351,Atelornis pittoides,Atelornis_pittoides,AVES,0.999887235973948,7,6909.54875210673
rank,19,19,89.261981960351,Athene superciliaris,Athene_superciliaris,AVES,0.999965163310918,9,12067.6983655319
rank,19,19,89.261981960351,Avahi laniger,Avahi_laniger,MAMMALIA,1,85,5932.0964917469
rank,19,19,89.261981960351,Avahi occidentalis,Avahi_occidentalis,MAMMALIA,0.996177513156648,4,630.900925964117
rank,19,19,89.261981960351,Aviceda madagascariensis,Aviceda_madagascariensis,AVES,0.702505474127752,2,14707.389782317
rank,19,19,89.261981960351,Bernieria madagascariensis,Bernieria_madagascariensis,AVES,1,64,13600.0815737091
rank,19,19,89.261981960351,Brachypteracias leptosomus,Brachypteracias_leptosomus,AVES,0.99951548125226,3,6307.99287155271
rank,19,19,89.261981960351,Brachytarsomys albicauda,Brachytarsomys_albicauda,MAMMALIA,0.999997199566526,31,1174.28074344993
rank,19,19,89.261981960351,Brachyuromys betsileoensis,Brachyuromys_betsileoensis,MAMMALIA,0.99999999999919,59,2372.3348140017
rank,19,19,89.261981960351,Brachyuromys ramirohitra,Brachyuromys_ramirohitra,MAMMALIA,0.65541484639138,2,90.5857082977891
rank,19,19,89.261981960351,Bradypterus brunneus,Bradypterus_brunneus,AVES,0.999999999969698,35,3016.37187279016
rank,19,19,89.261981960351,Bradypterus seebohmi,Bradypterus_seebohmi,AVES,0.452718231585579,1,71.7493425011635
rank,19,19,89.261981960351,Buteo brachypterus,Buteo_brachypterus,AVES,0.378468671151117,1,15210.2047422826
rank,19,19,89.261981960351,Calicalicus madagascariensis,Calicalicus_madagascariensis,AVES,1,88,13812.591450003
rank,19,19,89.261981960351,Cheirogaleus crossleyi,Cheirogaleus_crossleyi,MAMMALIA,0.999853854810357,26,1192.07984665914
rank,19,19,89.261981960351,Cheirogaleus major,Cheirogaleus_major,MAMMALIA,1,139,9083.13135790162
rank,19,19,89.261981960351,Cheirogaleus medius,Cheirogaleus_medius,MAMMALIA,1,240,8831.54400093108
rank,19,19,89.261981960351,Cinnyris notatus,Cinnyris_notatus,AVES,1,117,14968.4711864069
rank,19,19,89.261981960351,Copsychus albospecularis,Copsychus_albospecularis,AVES,0.999999999892433,35,8143.20784253782
rank,19,19,89.261981960351,Coracopsis nigra,Coracopsis_nigra,AVES,0.998962656107048,12,15962.7481526509
rank,19,19,89.261981960351,Corythornis madagascariensis,Corythornis_madagascariensis,AVES,0.47187037196659,19,12488.9315774357
rank,19,19,89.261981960351,Coua caerulea,Coua_caerulea,AVES,0.999152823449237,5,6793.79312619179
rank,19,19,89.261981960351,Coua coquereli,Coua_coquereli,AVES,0.999990240345773,7,5997.17647016721
rank,19,19,89.261981960351,Coua cristata,Coua_cristata,AVES,0.999999999999445,15,13712.2970747054
rank,19,19,89.261981960351,Coua cursor,Coua_cursor,AVES,0.97906034595609,2,2436.88315467536
rank,19,19,89.261981960351,Coua gigas,Coua_gigas,AVES,0.999720827595362,3,7038.31211045385
rank,19,19,89.261981960351,Coua reynaudii,Coua_reynaudii,AVES,0.999105819938423,4,5462.03010997176
rank,19,19,89.261981960351,Coua ruficeps,Coua_ruficeps,AVES,0.938346247256216,3,1194.05109615862
rank,19,19,89.261981960351,Coua serriana,Coua_serriana,AVES,0.962853737935617,3,5210.65563385725
rank,19,19,89.261981960351,Crossleyia xanthophrys,Crossleyia_xanthophrys,AVES,0.999893048731534,28,1413.14883569628
rank,19,19,89.261981960351,Cryptoprocta ferox,Cryptoprocta_ferox,MAMMALIA,0,0,0
rank,19,19,89.261981960351,Cryptosylvicola randrianasoloi,Cryptosylvicola_randrianasoloi,AVES,0.99994756460836,25,1451.11602697521
rank,19,19,89.261981960351,Cyanolanius madagascarinus,Cyanolanius_madagascarinus,AVES,1,76,14320.0129692544
rank,19,19,89.261981960351,Daubentonia madagascariensis,Daubentonia_madagascariensis,MAMMALIA,0.999917719580678,49,3980.93498908001
rank,19,19,89.261981960351,Echinops telfairi,Echinops_telfairi,MAMMALIA,0.999999999999988,145,8270.71522341669
rank,19,19,89.261981960351,Eliurus antsingy,Eliurus_antsingy,MAMMALIA,0.0133748649300235,5,69.4813072830439
rank,19,19,89.261981960351,Eliurus grandidieri,Eliurus_grandidieri,MAMMALIA,0.999641415738649,27,917.641006159482
rank,19,19,89.261981960351,Eliurus majori,Eliurus_majori,MAMMALIA,1,105,6064.06566806138
rank,19,19,89.261981960351,Eliurus minor,Eliurus_minor,MAMMALIA,1,289,10707.8683981689
rank,19,19,89.261981960351,Eliurus myoxinus,Eliurus_myoxinus,MAMMALIA,1,289,12182.0313606411
rank,19,19,89.261981960351,Eliurus tanala,Eliurus_tanala,MAMMALIA,1,129,6608.99385648221
rank,19,19,89.261981960351,Eliurus webbi,Eliurus_webbi,MAMMALIA,1,145,8494.9775716573
rank,19,19,89.261981960351,Eremopterix hova,Eremopterix_hova,AVES,0.997615564666568,13,1197.15389222652
rank,19,19,89.261981960351,Eulemur albifrons,Eulemur_albifrons,MAMMALIA,1,32,3351.9944158718
rank,19,19,89.261981960351,Eulemur cinereiceps,Eulemur_cinereiceps,MAMMALIA,1,196,13971.7601127177
rank,19,19,89.261981960351,Eulemur collaris,Eulemur_collaris,MAMMALIA,1,164,13627.6014314443
rank,19,19,89.261981960351,Eulemur coronatus,Eulemur_coronatus,MAMMALIA,1,117,4459.87497739276
rank,19,19,89.261981960351,Eulemur flavifrons,Eulemur_flavifrons,MAMMALIA,0.000213248908682684,1,25.074716512655
rank,19,19,89.261981960351,Eulemur fulvus,Eulemur_fulvus,MAMMALIA,1,189,14000.1979659721
rank,19,19,89.261981960351,Eulemur macaco,Eulemur_macaco,MAMMALIA,1,79,5341.27730210322
rank,19,19,89.261981960351,Eulemur mongoz,Eulemur_mongoz,MAMMALIA,0.999968964314891,12,1161.85551857948
rank,19,19,89.261981960351,Eulemur rubriventer,Eulemur_rubriventer,MAMMALIA,1,199,11347.0431815349
rank,19,19,89.261981960351,Eulemur rufus,Eulemur_rufus,MAMMALIA,1,133,7996.07532555216
rank,19,19,89.261981960351,Eulemur sanfordi,Eulemur_sanfordi,MAMMALIA,1,230,14247.4437436387
rank,19,19,89.261981960351,Euryceros prevostii,Euryceros_prevostii,AVES,0.982675698202845,3,1211.20764917041
rank,19,19,89.261981960351,Falco zoniventris,Falco_zoniventris,AVES,0.456992431230269,5,11508.0445741341
rank,19,19,89.261981960351,Falculea palliata,Falculea_palliata,AVES,0.999999982509675,16,6336.00713793188
rank,19,19,89.261981960351,Fossa fossana,Fossa_fossana,MAMMALIA,0,0,0
rank,19,19,89.261981960351,Foudia madagascariensis,Foudia_madagascariensis,AVES,0.999999999999999,105,18637.8906386122
rank,19,19,89.261981960351,Foudia omissa,Foudia_omissa,AVES,0.99999999932758,35,7543.5090944469
rank,19,19,89.261981960351,Gactornis enarratus,Gactornis_enarratus,AVES,0.999999318028662,11,7224.99886338413
rank,19,19,89.261981960351,Galidia elegans,Galidia_elegans,MAMMALIA,0,0,0
rank,19,19,89.261981960351,Galidictis fasciata,Galidictis_fasciata,MAMMALIA,0,0,0
rank,19,19,89.261981960351,Geobiastes squamiger,Geobiastes_squamiger,AVES,0.843056561868297,4,1544.87457881267
rank,19,19,89.261981960351,Geogale aurita,Geogale_aurita,MAMMALIA,0.999979850487166,180,5459.48718119413
rank,19,19,89.261981960351,Gymnuromys roberti,Gymnuromys_roberti,MAMMALIA,1,69,4797.69793768972
rank,19,19,89.261981960351,Haliaeetus vociferoides,Haliaeetus_vociferoides,AVES,2.11837991592745e-10,1,1952.8029543981
rank,19,19,89.261981960351,Hapalemur alaotrensis,Hapalemur_alaotrensis,MAMMALIA,0.999997761046,20,1173.96010097763
rank,19,19,89.261981960351,Hapalemur aureus,Hapalemur_aureus,MAMMALIA,0.999996076223581,14,1171.05457390518
rank,19,19,89.261981960351,Hapalemur griseus,Hapalemur_griseus,MAMMALIA,1,180,13049.1234825017
rank,19,19,89.261981960351,Hapalemur occidentalis,Hapalemur_occidentalis,MAMMALIA,0.999995100328248,28,1026.71440970898
rank,19,19,89.261981960351,Hartertula flavoviridis,Hartertula_flavoviridis,AVES,0.999997878157928,31,1968.12322946083
rank,19,19,89.261981960351,Hartlaubius auratus,Hartlaubius_auratus,AVES,0.999999999999989,54,14032.2619022716
rank,19,19,89.261981960351,Hemicentetes nigriceps,Hemicentetes_nigriceps,MAMMALIA,0.998144217891547,18,1186.85264743886
rank,19,19,89.261981960351,Hemicentetes semispinosus,Hemicentetes_semispinosus,MAMMALIA,1,103,8920.19444886595
rank,19,19,89.261981960351,Hypogeomys antimena,Hypogeomys_antimena,MAMMALIA,0.133821965840603,5,104.686912983656
rank,19,19,89.261981960351,Hypositta corallirostris,Hypositta_corallirostris,AVES,0.999999990307635,40,8426.37775149196
rank,19,19,89.261981960351,Indri indri,Indri_indri,MAMMALIA,0.999995087817991,34,7025.73547837883
rank,19,19,89.261981960351,Lemur catta,Lemur_catta,MAMMALIA,1,56,2834.88598308712
rank,19,19,89.261981960351,Lepidopygia nana,Lepidopygia_nana,AVES,0.999882069038309,145,18980.7855645642
rank,19,19,89.261981960351,Lepilemur ankaranensis,Lepilemur_ankaranensis,MAMMALIA,0.942459903341428,13,361.823311685567
rank,19,19,89.261981960351,Lepilemur edwardsi,Lepilemur_edwardsi,MAMMALIA,0.999999985002185,41,2445.65055518153
rank,19,19,89.261981960351,Lepilemur leucopus,Lepilemur_leucopus,MAMMALIA,0.999999999990885,21,2558.77607066971
rank,19,19,89.261981960351,Lepilemur microdon,Lepilemur_microdon,MAMMALIA,0.999762674650374,17,1321.75242961319
rank,19,19,89.261981960351,Lepilemur mustelinus,Lepilemur_mustelinus,MAMMALIA,1,155,11092.4935676381
rank,19,19,89.261981960351,Lepilemur ruficaudatus,Lepilemur_ruficaudatus,MAMMALIA,0.999999999999442,52,2762.86432106793
rank,19,19,89.261981960351,Leptopterus chabert,Leptopterus_chabert,AVES,1,81,17278.6466071382
rank,19,19,89.261981960351,Lophotibis cristata,Lophotibis_cristata,AVES,0.993790809793786,2,12505.3389603868
rank,19,19,89.261981960351,Macrotarsomys bastardi,Macrotarsomys_bastardi,MAMMALIA,0.999999961495071,61,1830.99434792995
rank,19,19,89.261981960351,Margaroperdix madagarensis,Margaroperdix_madagarensis,AVES,0.999999999958038,14,14522.2857105694
rank,19,19,89.261981960351,Mentocrex kioloides,Mentocrex_kioloides,AVES,0.993502811065874,4,6183.87952947617
rank,19,19,89.261981960351,Mesitornis unicolor,Mesitornis_unicolor,AVES,0,1,89.8278131379858
rank,19,19,89.261981960351,Mesitornis variegatus,Mesitornis_variegatus,AVES,0.98623384163887,4,1857.17466522753
rank,19,19,89.261981960351,Microcebus berthae,Microcebus_berthae,MAMMALIA,1.52725555535582e-08,2,17.7781751081347
rank,19,19,89.261981960351,Microcebus griseorufus,Microcebus_griseorufus,MAMMALIA,0.995769019106108,14,501.433658043884
rank,19,19,89.261981960351,Microcebus murinus,Microcebus_murinus,MAMMALIA,1,366,12924.656207405
rank,19,19,89.261981960351,Microcebus myoxinus,Microcebus_myoxinus,MAMMALIA,0.999999992654343,102,1124.39007911777
rank,19,19,89.261981960351,Microcebus ravelobensis,Microcebus_ravelobensis,MAMMALIA,0.778620368188765,15,246.875988043973
rank,19,19,89.261981960351,Microcebus rufus,Microcebus_rufus,MAMMALIA,1,224,8703.81052860078
rank,19,19,89.261981960351,Microcebus tavaratra,Microcebus_tavaratra,MAMMALIA,0.99348955741329,45,767.433245509863
rank,19,19,89.261981960351,Microgale brevicaudata,Microgale_brevicaudata,MAMMALIA,0.999999769581617,231,7054.72150300443
rank,19,19,89.261981960351,Microgale cowani,Microgale_cowani,MAMMALIA,0.999999998594431,141,6952.97397561818
rank,19,19,89.261981960351,Microgale drouhardi,Microgale_drouhardi,MAMMALIA,0.999989997509281,86,4424.5131547483
rank,19,19,89.261981960351,Microgale dryas,Microgale_dryas,MAMMALIA,0.890571378594887,39,1178.93559175499
rank,19,19,89.261981960351,Microgale fotsifotsy,Microgale_fotsifotsy,MAMMALIA,0.999991548927447,117,5314.60674916012
rank,19,19,89.261981960351,Microgale gracilis,Microgale_gracilis,MAMMALIA,0.999794220191826,46,2630.70648018271
rank,19,19,89.261981960351,Microgale gymnorhyncha,Microgale_gymnorhyncha,MAMMALIA,0.9999213601376,51,3063.48463860154
rank,19,19,89.261981960351,Microgale longicaudata,Microgale_longicaudata,MAMMALIA,0.999999986418958,197,8088.67675629016
rank,19,19,89.261981960351,Microgale mergulus,Microgale_mergulus,MAMMALIA,0.903291257657976,31,1183.12810517848
rank,19,19,89.261981960351,Microgale parvula,Microgale_parvula,MAMMALIA,0.999999799317878,220,8936.67072217721
rank,19,19,89.261981960351,Microgale principula,Microgale_principula,MAMMALIA,0.999999999567447,141,7751.08773697913
rank,19,19,89.261981960351,Microgale pusilla,Microgale_pusilla,MAMMALIA,0.989510535804741,95,3206.28261247277
rank,19,19,89.261981960351,Microgale soricoides,Microgale_soricoides,MAMMALIA,0.999998877629854,65,4194.87319096178
rank,19,19,89.261981960351,Microgale taiva,Microgale_taiva,MAMMALIA,0.999999991931141,123,6669.79708490521
rank,19,19,89.261981960351,Microgale thomasi,Microgale_thomasi,MAMMALIA,0.999999766512454,64,4429.56147859216
rank,19,19,89.261981960351,Mirza coquereli,Mirza_coquereli,MAMMALIA,0.997881458717172,18,1128.00338608772
rank,19,19,89.261981960351,Monias benschi,Monias_benschi,AVES,0,1,82.9420458882274
rank,19,19,89.261981960351,Monticola erythronotus,Monticola_erythronotus,AVES,0.505764981643065,1,97.4973036619822
rank,19,19,89.261981960351,Monticola sharpei,Monticola_sharpei,AVES,1,57,9958.89228645704
rank,19,19,89.261981960351,Monticolomys koopmani,Monticolomys_koopmani,MAMMALIA,0.132627251095215,6,104.060766987503
rank,19,19,89.261981960351,Motacilla flaviventris,Motacilla_flaviventris,AVES,0.999335895047549,19,1067.62140181661
rank,19,19,89.261981960351,Mystacornis crossleyi,Mystacornis_crossleyi,AVES,1,25,7587.54380657524
rank,19,19,89.261981960351,Neodrepanis coruscans,Neodrepanis_coruscans,AVES,0.99997833682891,30,5975.99393095821
rank,19,19,89.261981960351,Neodrepanis hypoxantha,Neodrepanis_hypoxantha,AVES,0.0211788111247608,3,88.4296057149768
rank,19,19,89.261981960351,Neomixis striatigula,Neomixis_striatigula,AVES,1,53,8294.72499440871
rank,19,19,89.261981960351,Neomixis tenella,Neomixis_tenella,AVES,1,117,14944.6490364373
rank,19,19,89.261981960351,Neomixis viridis,Neomixis_viridis,AVES,1,48,7947.46851733327
rank,19,19,89.261981960351,Nesillas lantzii,Nesillas_lantzii,AVES,0.999205012717815,4,1367.176764898
rank,19,19,89.261981960351,Nesogale dobsoni,Nesogale_dobsoni,MAMMALIA,0.99999999999997,143,7972.97352621212
rank,19,19,89.261981960351,Nesogale talazaci,Nesogale_talazaci,MAMMALIA,1,118,8427.29252713919
rank,19,19,89.261981960351,Nesomys audeberti,Nesomys_audeberti,MAMMALIA,0.999980739637834,36,1296.846277982
rank,19,19,89.261981960351,Nesomys lambertoni,Nesomys_lambertoni,MAMMALIA,0.999983982375401,29,958.575495295227
rank,19,19,89.261981960351,Nesomys rufus,Nesomys_rufus,MAMMALIA,1,104,6565.0497128889
rank,19,19,89.261981960351,Newtonia amphichroa,Newtonia_amphichroa,AVES,1,34,6795.71377498657
rank,19,19,89.261981960351,Newtonia archboldi,Newtonia_archboldi,AVES,0.999604266192451,7,1133.39958287079
rank,19,19,89.261981960351,Newtonia brunneicauda,Newtonia_brunneicauda,AVES,1,128,17123.2714534104
rank,19,19,89.261981960351,Newtonia fanovanae,Newtonia_fanovanae,AVES,0.353055283448657,2,98.2207024819943
rank,19,19,89.261981960351,Oriolia bernieri,Oriolia_bernieri,AVES,0.999642389107491,18,2327.96644898504
rank,19,19,89.261981960351,Oryzorictes hova,Oryzorictes_hova,MAMMALIA,0.999999999999994,122,8075.85289117694
rank,19,19,89.261981960351,Oryzorictes tetradactylus,Oryzorictes_tetradactylus,MAMMALIA,0.862241434881737,51,1380.72643607028
rank,19,19,89.261981960351,Otus rutilus,Otus_rutilus,AVES,0.99999999999636,18,15731.0354560539
rank,19,19,89.261981960351,Oxylabes madagascariensis,Oxylabes_madagascariensis,AVES,1,35,7912.88713677228
rank,19,19,89.261981960351,Phaner electromontis,Phaner_electromontis,MAMMALIA,1.1181189119025e-07,1,17.4337788633315
rank,19,19,89.261981960351,Phaner furcifer,Phaner_furcifer,MAMMALIA,0.887905466959644,58,892.662774423171
rank,19,19,89.261981960351,Phaner pallescens,Phaner_pallescens,MAMMALIA,0.999999914020346,22,1745.32845456898
rank,19,19,89.261981960351,Phaner parienti,Phaner_parienti,MAMMALIA,0.00280017666108967,1,24.4501852478648
rank,19,19,89.261981960351,Philepitta castanea,Philepitta_castanea,AVES,0.998146419346528,14,6371.27711265607
rank,19,19,89.261981960351,Philepitta schlegeli,Philepitta_schlegeli,AVES,0.967799300499849,15,2193.15397067292
rank,19,19,89.261981960351,Ploceus nelicourvi,Ploceus_nelicourvi,AVES,1,27,8361.44761467594
rank,19,19,89.261981960351,Ploceus sakalava,Ploceus_sakalava,AVES,0.999999950022043,38,7952.1974369809
rank,19,19,89.261981960351,Polyboroides radiatus,Polyboroides_radiatus,AVES,0.932458540249381,5,13486.2967308089
rank,19,19,89.261981960351,Pseudobias wardi,Pseudobias_wardi,AVES,1,34,7213.68910180572
rank,19,19,89.261981960351,Pterocles personatus,Pterocles_personatus,AVES,0.0419200079820035,4,956.045561879873
rank,19,19,89.261981960351,Rallus madagascariensis,Rallus_madagascariensis,AVES,0.999588278824739,5,3278.63652707636
rank,19,19,89.261981960351,Randia pseudozosterops,Randia_pseudozosterops,AVES,1,28,7014.92948031858
rank,19,19,89.261981960351,Sarothrura insularis,Sarothrura_insularis,AVES,0.999926387338154,17,8514.43264088035
rank,19,19,89.261981960351,Schetba rufa,Schetba_rufa,AVES,0.999999991082775,33,5615.51938545552
rank,19,19,89.261981960351,Setifer setosus,Setifer_setosus,MAMMALIA,1,197,16232.4721780866
rank,19,19,89.261981960351,Tenrec ecaudatus,Tenrec_ecaudatus,MAMMALIA,1,158,16688.174566716
rank,19,19,89.261981960351,Thamnornis chloropetoides,Thamnornis_chloropetoides,AVES,0.999791219204406,4,1681.93538243324
rank,19,19,89.261981960351,Treron australis,Treron_australis,AVES,0.999555154641964,12,16551.3701479659
rank,19,19,89.261981960351,Turnix nigricollis,Turnix_nigricollis,AVES,0.999999999713339,21,16210.7450326607
rank,19,19,89.261981960351,Tylas eduardi,Tylas_eduardi,AVES,0.999999999999239,14,8277.90024458156
rank,19,19,89.261981960351,Vanga curvirostris,Vanga_curvirostris,AVES,0.999999999999981,35,17306.533680588
rank,19,19,89.261981960351,Varecia rubra,Varecia_rubra,MAMMALIA,1,100,8947.70011321455
rank,19,19,89.261981960351,Varecia variegata,Varecia_variegata,MAMMALIA,1,82,8674.41867282242
rank,19,19,89.261981960351,Xanthomixis apperti,Xanthomixis_apperti,AVES,0.441311210122258,1,68.4073899760842
rank,19,19,89.261981960351,Xanthomixis cinereiceps,Xanthomixis_cinereiceps,AVES,0.999999999759902,21,2926.34325626493
rank,19,19,89.261981960351,Xanthomixis zosterops,Xanthomixis_zosterops,AVES,1,40,8405.21175621726
rank,19,19,89.261981960351,Xenopirostris damii,Xenopirostris_damii,AVES,0.00179910766481406,1,93.5023440420628
rank,19,19,89.261981960351,Xenopirostris polleni,Xenopirostris_polleni,AVES,0.999984950408578,16,3392.34216462076
rank,19,19,89.261981960351,Xenopirostris xenopirostris,Xenopirostris_xenopirostris,AVES,0.96505807541122,1,1102.55740338564
rank,20,20,93.953331763907,Accipiter henstii,Accipiter_henstii,AVES,0.0405566334206349,2,7088.97916841507
rank,20,20,93.953331763907,Accipiter madagascariensis,Accipiter_madagascariensis,AVES,0.0671048291462934,5,8090.89577775973
rank,20,20,93.953331763907,Acrocephalus newtoni,Acrocephalus_newtoni,AVES,1,89,9020.43087715922
rank,20,20,93.953331763907,Alectroenas madagascariensis,Alectroenas_madagascariensis,AVES,0.99275761119343,15,5157.46597575815
rank,20,20,93.953331763907,Allocebus trichotis,Allocebus_trichotis,MAMMALIA,0.00783473494650444,3,72.1001097112894
rank,20,20,93.953331763907,Anas bernieri,Anas_bernieri,AVES,0,1,161.555721102021
rank,20,20,93.953331763907,Apus balstoni,Apus_balstoni,AVES,0.999999994720979,30,7584.65023179352
rank,20,20,93.953331763907,Artamella viridis,Artamella_viridis,AVES,0.99999999999995,47,9172.98439538535
rank,20,20,93.953331763907,Asio madagascariensis,Asio_madagascariensis,AVES,0.188060266169213,3,5012.31996523589
rank,20,20,93.953331763907,Atelornis crossleyi,Atelornis_crossleyi,AVES,0.981087748735705,6,1895.44624430686
rank,20,20,93.953331763907,Atelornis pittoides,Atelornis_pittoides,AVES,0.996214149748802,7,3682.35052503645
rank,20,20,93.953331763907,Athene superciliaris,Athene_superciliaris,AVES,0.992187147506323,12,6810.88314394548
rank,20,20,93.953331763907,Avahi laniger,Avahi_laniger,MAMMALIA,0.999999999305358,60,3383.60504236035
rank,20,20,93.953331763907,Avahi occidentalis,Avahi_occidentalis,MAMMALIA,0.996177513156648,4,630.900925964117
rank,20,20,93.953331763907,Aviceda madagascariensis,Aviceda_madagascariensis,AVES,0.142413058595615,5,8018.71389214174
rank,20,20,93.953331763907,Bernieria madagascariensis,Bernieria_madagascariensis,AVES,1,72,8036.98247291945
rank,20,20,93.953331763907,Brachypteracias leptosomus,Brachypteracias_leptosomus,AVES,0.995650071898566,5,3553.14628472179
rank,20,20,93.953331763907,Brachytarsomys albicauda,Brachytarsomys_albicauda,MAMMALIA,0.996258795799317,20,641.487552270293
rank,20,20,93.953331763907,Brachyuromys betsileoensis,Brachyuromys_betsileoensis,MAMMALIA,0.999999910873455,38,1410.10432761163
rank,20,20,93.953331763907,Brachyuromys ramirohitra,Brachyuromys_ramirohitra,MAMMALIA,0.65541484639138,2,90.5857082977891
rank,20,20,93.953331763907,Bradypterus brunneus,Bradypterus_brunneus,AVES,0.999999482464553,30,1843.85730456155
rank,20,20,93.953331763907,Bradypterus seebohmi,Bradypterus_seebohmi,AVES,0.452718231585579,1,71.7493425011635
rank,20,20,93.953331763907,Buteo brachypterus,Buteo_brachypterus,AVES,0.143675293608641,2,8666.16603794748
rank,20,20,93.953331763907,Calicalicus madagascariensis,Calicalicus_madagascariensis,AVES,0.999999999999956,85,8054.00934335533
rank,20,20,93.953331763907,Cheirogaleus crossleyi,Cheirogaleus_crossleyi,MAMMALIA,0.991450827247003,21,813.968283056908
rank,20,20,93.953331763907,Cheirogaleus major,Cheirogaleus_major,MAMMALIA,1,101,5035.37720349026
rank,20,20,93.953331763907,Cheirogaleus medius,Cheirogaleus_medius,MAMMALIA,1,182,5371.52442938573
rank,20,20,93.953331763907,Cinnyris notatus,Cinnyris_notatus,AVES,1,112,8752.78170051917
rank,20,20,93.953331763907,Copsychus albospecularis,Copsychus_albospecularis,AVES,0.999999990388912,34,4479.08721718192
rank,20,20,93.953331763907,Coracopsis nigra,Coracopsis_nigra,AVES,0.994389629399321,16,9418.12369329699
rank,20,20,93.953331763907,Corythornis madagascariensis,Corythornis_madagascariensis,AVES,0.0988537035928145,21,6783.84130145505
rank,20,20,93.953331763907,Coua caerulea,Coua_caerulea,AVES,0.992231571874591,3,3605.57473977783
rank,20,20,93.953331763907,Coua coquereli,Coua_coquereli,AVES,0.999162176721337,9,3581.94251271337
rank,20,20,93.953331763907,Coua cristata,Coua_cristata,AVES,0.999999983712081,21,8113.53375320191
rank,20,20,93.953331763907,Coua cursor,Coua_cursor,AVES,0.896900656220767,2,1260.24477991462
rank,20,20,93.953331763907,Coua gigas,Coua_gigas,AVES,0.998321867913236,4,4106.09837962687
rank,20,20,93.953331763907,Coua reynaudii,Coua_reynaudii,AVES,0.981474295269856,4,3105.27802882437
rank,20,20,93.953331763907,Coua ruficeps,Coua_ruficeps,AVES,0.716808779635237,2,729.461430475116
rank,20,20,93.953331763907,Coua serriana,Coua_serriana,AVES,0.805536532479006,3,2786.50567149524
rank,20,20,93.953331763907,Crossleyia xanthophrys,Crossleyia_xanthophrys,AVES,0.999247192254493,24,1149.36535171419
rank,20,20,93.953331763907,Cryptoprocta ferox,Cryptoprocta_ferox,MAMMALIA,0,0,0
rank,20,20,93.953331763907,Cryptosylvicola randrianasoloi,Cryptosylvicola_randrianasoloi,AVES,0.995269597712761,21,1001.11541290581
rank,20,20,93.953331763907,Cyanolanius madagascarinus,Cyanolanius_madagascarinus,AVES,1,74,8259.38544504345
rank,20,20,93.953331763907,Daubentonia madagascariensis,Daubentonia_madagascariensis,MAMMALIA,0.898484365565933,30,1782.46797429808
rank,20,20,93.953331763907,Echinops telfairi,Echinops_telfairi,MAMMALIA,0.999999909888006,101,4709.95485132487
rank,20,20,93.953331763907,Eliurus antsingy,Eliurus_antsingy,MAMMALIA,0.0133748649300235,5,69.4813072830439
rank,20,20,93.953331763907,Eliurus grandidieri,Eliurus_grandidieri,MAMMALIA,0.990313940980837,20,649.105320257262
rank,20,20,93.953331763907,Eliurus majori,Eliurus_majori,MAMMALIA,1,80,3518.77153012902
rank,20,20,93.953331763907,Eliurus minor,Eliurus_minor,MAMMALIA,1,192,6366.64320509378
rank,20,20,93.953331763907,Eliurus myoxinus,Eliurus_myoxinus,MAMMALIA,1,210,7094.2562976554
rank,20,20,93.953331763907,Eliurus tanala,Eliurus_tanala,MAMMALIA,1,94,3842.55443631858
rank,20,20,93.953331763907,Eliurus webbi,Eliurus_webbi,MAMMALIA,1,102,4618.18583236635
rank,20,20,93.953331763907,Eremopterix hova,Eremopterix_hova,AVES,0.972738242322573,5,640.496266434439
rank,20,20,93.953331763907,Eulemur albifrons,Eulemur_albifrons,MAMMALIA,0.999999998304355,32,1788.02286821604
rank,20,20,93.953331763907,Eulemur cinereiceps,Eulemur_cinereiceps,MAMMALIA,1,159,8282.43208303406
rank,20,20,93.953331763907,Eulemur collaris,Eulemur_collaris,MAMMALIA,1,133,8000.76414202443
rank,20,20,93.953331763907,Eulemur coronatus,Eulemur_coronatus,MAMMALIA,1,89,2624.54500622316
rank,20,20,93.953331763907,Eulemur flavifrons,Eulemur_flavifrons,MAMMALIA,0.000213248908682684,1,25.074716512655
rank,20,20,93.953331763907,Eulemur fulvus,Eulemur_fulvus,MAMMALIA,1,159,8302.06532280221
rank,20,20,93.953331763907,Eulemur macaco,Eulemur_macaco,MAMMALIA,1,56,3155.90349827707
rank,20,20,93.953331763907,Eulemur mongoz,Eulemur_mongoz,MAMMALIA,0.992210654298987,8,644.218306399882
rank,20,20,93.953331763907,Eulemur rubriventer,Eulemur_rubriventer,MAMMALIA,1,154,6801.27233104876
rank,20,20,93.953331763907,Eulemur rufus,Eulemur_rufus,MAMMALIA,1,97,4885.04207352549
rank,20,20,93.953331763907,Eulemur sanfordi,Eulemur_sanfordi,MAMMALIA,1,181,8436.75676655783
rank,20,20,93.953331763907,Euryceros prevostii,Euryceros_prevostii,AVES,0.932552155564447,3,663.203815381559
rank,20,20,93.953331763907,Falco zoniventris,Falco_zoniventris,AVES,0.117927054544408,5,5890.27843345772
rank,20,20,93.953331763907,Falculea palliata,Falculea_palliata,AVES,0.999985723616066,16,3409.06722368122
rank,20,20,93.953331763907,Fossa fossana,Fossa_fossana,MAMMALIA,0,0,0
rank,20,20,93.953331763907,Foudia madagascariensis,Foudia_madagascariensis,AVES,0.999999999971274,100,10549.0672057285
rank,20,20,93.953331763907,Foudia omissa,Foudia_omissa,AVES,0.999999160340482,37,4249.00232376903
rank,20,20,93.953331763907,Gactornis enarratus,Gactornis_enarratus,AVES,0.999872448296641,15,3940.80911305547
rank,20,20,93.953331763907,Galidia elegans,Galidia_elegans,MAMMALIA,0,0,0
rank,20,20,93.953331763907,Galidictis fasciata,Galidictis_fasciata,MAMMALIA,0,0,0
rank,20,20,93.953331763907,Geobiastes squamiger,Geobiastes_squamiger,AVES,0.382171630423415,4,830.725755906347
rank,20,20,93.953331763907,Geogale aurita,Geogale_aurita,MAMMALIA,0.969613168471186,127,3150.85776723103
rank,20,20,93.953331763907,Gymnuromys roberti,Gymnuromys_roberti,MAMMALIA,1,54,3019.64845781028
rank,20,20,93.953331763907,Haliaeetus vociferoides,Haliaeetus_vociferoides,AVES,0,0,0
rank,20,20,93.953331763907,Hapalemur alaotrensis,Hapalemur_alaotrensis,MAMMALIA,0.991994502356233,15,637.027533433416
rank,20,20,93.953331763907,Hapalemur aureus,Hapalemur_aureus,MAMMALIA,0.999765206703492,7,641.778400078416
rank,20,20,93.953331763907,Hapalemur griseus,Hapalemur_griseus,MAMMALIA,1,148,7670.48016834616
rank,20,20,93.953331763907,Hapalemur occidentalis,Hapalemur_occidentalis,MAMMALIA,0.997858988239887,19,641.165591545403
rank,20,20,93.953331763907,Hartertula flavoviridis,Hartertula_flavoviridis,AVES,0.999963637399395,27,1581.74367532365
rank,20,20,93.953331763907,Hartlaubius auratus,Hartlaubius_auratus,AVES,0.999999999999019,65,8234.46229053289
rank,20,20,93.953331763907,Hemicentetes nigriceps,Hemicentetes_nigriceps,MAMMALIA,0.934657470493243,12,649.325879126787
rank,20,20,93.953331763907,Hemicentetes semispinosus,Hemicentetes_semispinosus,MAMMALIA,0.999999999190091,87,4947.36404019594
rank,20,20,93.953331763907,Hypogeomys antimena,Hypogeomys_antimena,MAMMALIA,0.133821965840603,5,104.686912983656
rank,20,20,93.953331763907,Hypositta corallirostris,Hypositta_corallirostris,AVES,0.999997956230818,37,4663.62976405025
rank,20,20,93.953331763907,Indri indri,Indri_indri,MAMMALIA,0.952128857028733,24,3367.92856285721
rank,20,20,93.953331763907,Lemur catta,Lemur_catta,MAMMALIA,1,36,1627.00365249068
rank,20,20,93.953331763907,Lepidopygia nana,Lepidopygia_nana,AVES,0.993202760053681,140,10870.2529383106
rank,20,20,93.953331763907,Lepilemur ankaranensis,Lepilemur_ankaranensis,MAMMALIA,0.942459903341428,13,361.823311685567
rank,20,20,93.953331763907,Lepilemur edwardsi,Lepilemur_edwardsi,MAMMALIA,0.999996587694593,33,1693.00391233615
rank,20,20,93.953331763907,Lepilemur leucopus,Lepilemur_leucopus,MAMMALIA,0.999999601557655,17,1399.4669149519
rank,20,20,93.953331763907,Lepilemur microdon,Lepilemur_microdon,MAMMALIA,0.7130453667189,13,654.556385728236
rank,20,20,93.953331763907,Lepilemur mustelinus,Lepilemur_mustelinus,MAMMALIA,1,130,6670.53018677235
rank,20,20,93.953331763907,Lepilemur ruficaudatus,Lepilemur_ruficaudatus,MAMMALIA,0.999999934556084,41,1626.39758913964
rank,20,20,93.953331763907,Leptopterus chabert,Leptopterus_chabert,AVES,0.999999999999993,81,9844.33039660361
rank,20,20,93.953331763907,Lophotibis cristata,Lophotibis_cristata,AVES,0.98658738122064,4,7222.13698729429
rank,20,20,93.953331763907,Macrotarsomys bastardi,Macrotarsomys_bastardi,MAMMALIA,0.996877761608454,35,789.489989437163
rank,20,20,93.953331763907,Margaroperdix madagarensis,Margaroperdix_madagarensis,AVES,0.99999996804772,20,8105.99105056375
rank,20,20,93.953331763907,Mentocrex kioloides,Mentocrex_kioloides,AVES,0.966613068165075,5,3577.21863350272
rank,20,20,93.953331763907,Mesitornis unicolor,Mesitornis_unicolor,AVES,0,1,89.8278131379858
rank,20,20,93.953331763907,Mesitornis variegatus,Mesitornis_variegatus,AVES,0.940052787274125,4,1354.39764745533
rank,20,20,93.953331763907,Microcebus berthae,Microcebus_berthae,MAMMALIA,1.52725555535582e-08,2,17.7781751081347
rank,20,20,93.953331763907,Microcebus griseorufus,Microcebus_griseorufus,MAMMALIA,0.995769019106108,14,501.433658043884
rank,20,20,93.953331763907,Microcebus murinus,Microcebus_murinus,MAMMALIA,1,244,7226.75921056959
rank,20,20,93.953331763907,Microcebus myoxinus,Microcebus_myoxinus,MAMMALIA,0.9999973735863,37,649.703427344561
rank,20,20,93.953331763907,Microcebus ravelobensis,Microcebus_ravelobensis,MAMMALIA,0.778620368188765,15,246.875988043973
rank,20,20,93.953331763907,Microcebus rufus,Microcebus_rufus,MAMMALIA,1,139,4776.61313863458
rank,20,20,93.953331763907,Microcebus tavaratra,Microcebus_tavaratra,MAMMALIA,0.988983380941536,41,651.098106913269
rank,20,20,93.953331763907,Microgale brevicaudata,Microgale_brevicaudata,MAMMALIA,0.998740894902563,160,4410.18418380618
rank,20,20,93.953331763907,Microgale cowani,Microgale_cowani,MAMMALIA,0.999949071082046,107,4154.67245291066
rank,20,20,93.953331763907,Microgale drouhardi,Microgale_drouhardi,MAMMALIA,0.994130316795024,59,2640.37025740283
rank,20,20,93.953331763907,Microgale dryas,Microgale_dryas,MAMMALIA,0.515156076911004,21,650.735614284595
rank,20,20,93.953331763907,Microgale fotsifotsy,Microgale_fotsifotsy,MAMMALIA,0.994988478026883,76,3164.45207131654
rank,20,20,93.953331763907,Microgale gracilis,Microgale_gracilis,MAMMALIA,0.995692545682944,33,1712.97406098992
rank,20,20,93.953331763907,Microgale gymnorhyncha,Microgale_gymnorhyncha,MAMMALIA,0.991166006514934,35,1857.71603062004
rank,20,20,93.953331763907,Microgale longicaudata,Microgale_longicaudata,MAMMALIA,0.999792798472542,141,4869.87101976574
rank,20,20,93.953331763907,Microgale mergulus,Microgale_mergulus,MAMMALIA,0.761682029973082,26,901.045039631426
rank,20,20,93.953331763907,Microgale parvula,Microgale_parvula,MAMMALIA,0.998114682062319,139,5074.30660816266
rank,20,20,93.953331763907,Microgale principula,Microgale_principula,MAMMALIA,0.999886349149091,96,4328.43762146682
rank,20,20,93.953331763907,Microgale pusilla,Microgale_pusilla,MAMMALIA,0.705449480987877,45,1542.26170414686
rank,20,20,93.953331763907,Microgale soricoides,Microgale_soricoides,MAMMALIA,0.999288543126211,51,2695.46456596255
rank,20,20,93.953331763907,Microgale taiva,Microgale_taiva,MAMMALIA,0.999879981183397,88,3939.09095414728
rank,20,20,93.953331763907,Microgale thomasi,Microgale_thomasi,MAMMALIA,0.999788343150716,51,2975.34537968802
rank,20,20,93.953331763907,Mirza coquereli,Mirza_coquereli,MAMMALIA,0.952870596108131,11,592.89679107815
rank,20,20,93.953331763907,Monias benschi,Monias_benschi,AVES,0,1,82.9420458882274
rank,20,20,93.953331763907,Monticola erythronotus,Monticola_erythronotus,AVES,0.505764981643065,1,97.4973036619822
rank,20,20,93.953331763907,Monticola sharpei,Monticola_sharpei,AVES,0.999999999999958,54,5454.88562410325
rank,20,20,93.953331763907,Monticolomys koopmani,Monticolomys_koopmani,MAMMALIA,0.132627251095215,6,104.060766987503
rank,20,20,93.953331763907,Motacilla flaviventris,Motacilla_flaviventris,AVES,0.910092226090179,15,563.677393399179
rank,20,20,93.953331763907,Mystacornis crossleyi,Mystacornis_crossleyi,AVES,0.999999999999995,29,4292.19768676162
rank,20,20,93.953331763907,Neodrepanis coruscans,Neodrepanis_coruscans,AVES,0.999078464906162,38,3385.1345289126
rank,20,20,93.953331763907,Neodrepanis hypoxantha,Neodrepanis_hypoxantha,AVES,0.0211788111247608,3,88.4296057149768
rank,20,20,93.953331763907,Neomixis striatigula,Neomixis_striatigula,AVES,1,44,4624.73505011201
rank,20,20,93.953331763907,Neomixis tenella,Neomixis_tenella,AVES,1,113,8481.56646720176
rank,20,20,93.953331763907,Neomixis viridis,Neomixis_viridis,AVES,1,43,4507.38587678224
rank,20,20,93.953331763907,Nesillas lantzii,Nesillas_lantzii,AVES,0.998362663729147,2,937.563866823912
rank,20,20,93.953331763907,Nesogale dobsoni,Nesogale_dobsoni,MAMMALIA,0.999999814284579,100,4623.28305431652
rank,20,20,93.953331763907,Nesogale talazaci,Nesogale_talazaci,MAMMALIA,0.999999963025174,93,4735.37882126868
rank,20,20,93.953331763907,Nesomys audeberti,Nesomys_audeberti,MAMMALIA,0.983644682926191,24,641.457196310163
rank,20,20,93.953331763907,Nesomys lambertoni,Nesomys_lambertoni,MAMMALIA,0.999560277842329,18,642.700826473534
rank,20,20,93.953331763907,Nesomys rufus,Nesomys_rufus,MAMMALIA,1,79,3821.77046322078
rank,20,20,93.953331763907,Newtonia amphichroa,Newtonia_amphichroa,AVES,0.999999999999644,34,3955.47568901628
rank,20,20,93.953331763907,Newtonia archboldi,Newtonia_archboldi,AVES,0.997803518082101,5,788.145761768737
rank,20,20,93.953331763907,Newtonia brunneicauda,Newtonia_brunneicauda,AVES,1,112,9876.04321043174
rank,20,20,93.953331763907,Newtonia fanovanae,Newtonia_fanovanae,AVES,0.353055283448657,2,98.2207024819943
rank,20,20,93.953331763907,Oriolia bernieri,Oriolia_bernieri,AVES,0.947003408641606,15,1196.16969619691
rank,20,20,93.953331763907,Oryzorictes hova,Oryzorictes_hova,MAMMALIA,0.999999622903652,92,4517.04458078742
rank,20,20,93.953331763907,Oryzorictes tetradactylus,Oryzorictes_tetradactylus,MAMMALIA,0.563305436012659,31,744.33227673918
rank,20,20,93.953331763907,Otus rutilus,Otus_rutilus,AVES,0.999999946507512,16,8751.36845663844
rank,20,20,93.953331763907,Oxylabes madagascariensis,Oxylabes_madagascariensis,AVES,1,37,4594.06622100622
rank,20,20,93.953331763907,Phaner electromontis,Phaner_electromontis,MAMMALIA,1.1181189119025e-07,1,17.4337788633315
rank,20,20,93.953331763907,Phaner furcifer,Phaner_furcifer,MAMMALIA,0.836802726701862,37,623.727777410475
rank,20,20,93.953331763907,Phaner pallescens,Phaner_pallescens,MAMMALIA,0.999048324413013,15,669.612194120884
rank,20,20,93.953331763907,Phaner parienti,Phaner_parienti,MAMMALIA,0.00280017666108967,1,24.4501852478648
rank,20,20,93.953331763907,Philepitta castanea,Philepitta_castanea,AVES,0.993208861543077,21,3917.91797941923
rank,20,20,93.953331763907,Philepitta schlegeli,Philepitta_schlegeli,AVES,0.938365607816471,13,1666.39996267855
rank,20,20,93.953331763907,Ploceus nelicourvi,Ploceus_nelicourvi,AVES,1,31,4559.72968864441
rank,20,20,93.953331763907,Ploceus sakalava,Ploceus_sakalava,AVES,0.999982073719856,40,4424.34362525574
rank,20,20,93.953331763907,Polyboroides radiatus,Polyboroides_radiatus,AVES,0.485351270008146,4,6990.87995699048
rank,20,20,93.953331763907,Pseudobias wardi,Pseudobias_wardi,AVES,0.999999999999989,33,4264.19703044742
rank,20,20,93.953331763907,Pterocles personatus,Pterocles_personatus,AVES,0.0295531985753507,1,399.792617224945
rank,20,20,93.953331763907,Rallus madagascariensis,Rallus_madagascariensis,AVES,0.989388207266992,4,1939.71689967066
rank,20,20,93.953331763907,Randia pseudozosterops,Randia_pseudozosterops,AVES,0.999999999999957,35,3777.56146305964
rank,20,20,93.953331763907,Sarothrura insularis,Sarothrura_insularis,AVES,0.992068950845322,18,4440.86451702565
rank,20,20,93.953331763907,Schetba rufa,Schetba_rufa,AVES,0.999999522627182,32,3424.83993839473
rank,20,20,93.953331763907,Setifer setosus,Setifer_setosus,MAMMALIA,1,160,9548.03296844169
rank,20,20,93.953331763907,Tenrec ecaudatus,Tenrec_ecaudatus,MAMMALIA,1,131,9390.59213759055
rank,20,20,93.953331763907,Thamnornis chloropetoides,Thamnornis_chloropetoides,AVES,0.999048529759841,4,841.781537912786
rank,20,20,93.953331763907,Treron australis,Treron_australis,AVES,0.994639546723805,14,9582.73595939161
rank,20,20,93.953331763907,Turnix nigricollis,Turnix_nigricollis,AVES,0.999997116256375,27,9244.7428334763
rank,20,20,93.953331763907,Tylas eduardi,Tylas_eduardi,AVES,0.999999999999993,23,4483.07705515623
rank,20,20,93.953331763907,Vanga curvirostris,Vanga_curvirostris,AVES,0.999999999979924,44,9876.51449299738
rank,20,20,93.953331763907,Varecia rubra,Varecia_rubra,MAMMALIA,1,82,4918.82350164652
rank,20,20,93.953331763907,Varecia variegata,Varecia_variegata,MAMMALIA,0.999999999935523,69,4733.73012275994
rank,20,20,93.953331763907,Xanthomixis apperti,Xanthomixis_apperti,AVES,0.441311210122258,1,68.4073899760842
rank,20,20,93.953331763907,Xanthomixis cinereiceps,Xanthomixis_cinereiceps,AVES,0.999999770975207,16,1783.49765743315
rank,20,20,93.953331763907,Xanthomixis zosterops,Xanthomixis_zosterops,AVES,1,41,4575.37295977771
rank,20,20,93.953331763907,Xenopirostris damii,Xenopirostris_damii,AVES,0.00179910766481406,1,93.5023440420628
rank,20,20,93.953331763907,Xenopirostris polleni,Xenopirostris_polleni,AVES,0.99909666113774,18,2133.04081812501
rank,20,20,93.953331763907,Xenopirostris xenopirostris,Xenopirostris_xenopirostris,AVES,0.919201404023923,1,631.11278641969
rank,21,21,98.6595004534767,Accipiter henstii,Accipiter_henstii,AVES,0,1,888.153704104365
rank,21,21,98.6595004534767,Accipiter madagascariensis,Accipiter_madagascariensis,AVES,0,0,0
rank,21,21,98.6595004534767,Acrocephalus newtoni,Acrocephalus_newtoni,AVES,0.999996358766936,46,2069.00413972131
rank,21,21,98.6595004534767,Alectroenas madagascariensis,Alectroenas_madagascariensis,AVES,0.229627324605751,13,1155.40627166629
rank,21,21,98.6595004534767,Allocebus trichotis,Allocebus_trichotis,MAMMALIA,0.00783473494650444,3,72.1001097112894
rank,21,21,98.6595004534767,Anas bernieri,Anas_bernieri,AVES,0,1,130.828752949834
rank,21,21,98.6595004534767,Apus balstoni,Apus_balstoni,AVES,0.411964500243912,11,1188.91881068763
rank,21,21,98.6595004534767,Artamella viridis,Artamella_viridis,AVES,0.964029898872477,35,1975.01786320176
rank,21,21,98.6595004534767,Asio madagascariensis,Asio_madagascariensis,AVES,3.2991385686687e-06,2,882.211813993752
rank,21,21,98.6595004534767,Atelornis crossleyi,Atelornis_crossleyi,AVES,6.17488512655307e-07,2,212.255553856492
rank,21,21,98.6595004534767,Atelornis pittoides,Atelornis_pittoides,AVES,7.78154768399375e-08,6,587.925848737359
rank,21,21,98.6595004534767,Athene superciliaris,Athene_superciliaris,AVES,0.00635950691439036,7,1091.15514734929
rank,21,21,98.6595004534767,Avahi laniger,Avahi_laniger,MAMMALIA,0.726454026154342,25,781.908410872452
rank,21,21,98.6595004534767,Avahi occidentalis,Avahi_occidentalis,MAMMALIA,0.227859840065364,4,129.14610260838
rank,21,21,98.6595004534767,Aviceda madagascariensis,Aviceda_madagascariensis,AVES,0,0,0
rank,21,21,98.6595004534767,Bernieria madagascariensis,Bernieria_madagascariensis,AVES,0.999328309385403,36,1776.47347084428
rank,21,21,98.6595004534767,Brachypteracias leptosomus,Brachypteracias_leptosomus,AVES,8.90342617746454e-05,3,447.892039112747
rank,21,21,98.6595004534767,Brachytarsomys albicauda,Brachytarsomys_albicauda,MAMMALIA,0.238656507995134,5,130.55131188035
rank,21,21,98.6595004534767,Brachyuromys betsileoensis,Brachyuromys_betsileoensis,MAMMALIA,0.394065092178961,14,292.889936491847
rank,21,21,98.6595004534767,Brachyuromys ramirohitra,Brachyuromys_ramirohitra,MAMMALIA,0.65541484639138,2,90.5857082977891
rank,21,21,98.6595004534767,Bradypterus brunneus,Bradypterus_brunneus,AVES,0.758018567579016,14,501.781191423535
rank,21,21,98.6595004534767,Bradypterus seebohmi,Bradypterus_seebohmi,AVES,0.452718231585579,1,71.7493425011635
rank,21,21,98.6595004534767,Buteo brachypterus,Buteo_brachypterus,AVES,0,0,0
rank,21,21,98.6595004534767,Calicalicus madagascariensis,Calicalicus_madagascariensis,AVES,0.975566066089325,39,1758.06874060631
rank,21,21,98.6595004534767,Cheirogaleus crossleyi,Cheirogaleus_crossleyi,MAMMALIA,0.0152490381617997,8,207.958451397717
rank,21,21,98.6595004534767,Cheirogaleus major,Cheirogaleus_major,MAMMALIA,0.999946572059141,35,1148.79648660123
rank,21,21,98.6595004534767,Cheirogaleus medius,Cheirogaleus_medius,MAMMALIA,1,52,1225.37144178007
rank,21,21,98.6595004534767,Cinnyris notatus,Cinnyris_notatus,AVES,0.999999060586804,47,1937.08050645345
rank,21,21,98.6595004534767,Copsychus albospecularis,Copsychus_albospecularis,AVES,0.802783811582575,21,919.947479143739
rank,21,21,98.6595004534767,Coracopsis nigra,Coracopsis_nigra,AVES,0.0253349059685748,15,1858.8338203416
rank,21,21,98.6595004534767,Corythornis madagascariensis,Corythornis_madagascariensis,AVES,1.26858565985266e-07,7,904.423950903118
rank,21,21,98.6595004534767,Coua caerulea,Coua_caerulea,AVES,1.17624088247226e-09,2,356.615853348539
rank,21,21,98.6595004534767,Coua coquereli,Coua_coquereli,AVES,0.195556808200282,5,664.182018965483
rank,21,21,98.6595004534767,Coua cristata,Coua_cristata,AVES,0.468111598487775,10,1288.06669351002
rank,21,21,98.6595004534767,Coua cursor,Coua_cursor,AVES,0,1,114.441985972226
rank,21,21,98.6595004534767,Coua gigas,Coua_gigas,AVES,2.54195518620826e-05,2,481.464587256312
rank,21,21,98.6595004534767,Coua reynaudii,Coua_reynaudii,AVES,3.33066907387547e-16,3,382.840079784393
rank,21,21,98.6595004534767,Coua ruficeps,Coua_ruficeps,AVES,1.73194791841524e-14,1,116.547133922577
rank,21,21,98.6595004534767,Coua serriana,Coua_serriana,AVES,8.13858602732864e-09,3,357.526802927256
rank,21,21,98.6595004534767,Crossleyia xanthophrys,Crossleyia_xanthophrys,AVES,0.077569359496962,9,251.443037100136
rank,21,21,98.6595004534767,Cryptoprocta ferox,Cryptoprocta_ferox,MAMMALIA,0,0,0
rank,21,21,98.6595004534767,Cryptosylvicola randrianasoloi,Cryptosylvicola_randrianasoloi,AVES,0.666123395751733,8,273.416091263294
rank,21,21,98.6595004534767,Cyanolanius madagascarinus,Cyanolanius_madagascarinus,AVES,0.999823445945005,41,1914.75975012341
rank,21,21,98.6595004534767,Daubentonia madagascariensis,Daubentonia_madagascariensis,MAMMALIA,1.91854955877702e-06,9,357.526986688375
rank,21,21,98.6595004534767,Echinops telfairi,Echinops_telfairi,MAMMALIA,0.111293071042674,33,922.865029161246
rank,21,21,98.6595004534767,Eliurus antsingy,Eliurus_antsingy,MAMMALIA,0.0133748649300235,5,69.4813072830439
rank,21,21,98.6595004534767,Eliurus grandidieri,Eliurus_grandidieri,MAMMALIA,0.238750457814216,6,127.029411800206
rank,21,21,98.6595004534767,Eliurus majori,Eliurus_majori,MAMMALIA,0.999771297849148,30,1003.37486432493
rank,21,21,98.6595004534767,Eliurus minor,Eliurus_minor,MAMMALIA,0.999906714189155,52,1403.77053231746
rank,21,21,98.6595004534767,Eliurus myoxinus,Eliurus_myoxinus,MAMMALIA,0.999987437826736,66,1727.23159623137
rank,21,21,98.6595004534767,Eliurus tanala,Eliurus_tanala,MAMMALIA,0.999487027846733,31,988.269043579698
rank,21,21,98.6595004534767,Eliurus webbi,Eliurus_webbi,MAMMALIA,0.998943192024482,32,990.431140527129
rank,21,21,98.6595004534767,Eremopterix hova,Eremopterix_hova,AVES,0.198927622488903,2,101.791915066095
rank,21,21,98.6595004534767,Eulemur albifrons,Eulemur_albifrons,MAMMALIA,0.56677310517757,12,358.030338284526
rank,21,21,98.6595004534767,Eulemur cinereiceps,Eulemur_cinereiceps,MAMMALIA,0.99987106590127,57,1759.14568630981
rank,21,21,98.6595004534767,Eulemur collaris,Eulemur_collaris,MAMMALIA,0.971621188881468,54,1725.63130108326
rank,21,21,98.6595004534767,Eulemur coronatus,Eulemur_coronatus,MAMMALIA,0.993874256780309,22,574.358056992293
rank,21,21,98.6595004534767,Eulemur flavifrons,Eulemur_flavifrons,MAMMALIA,0.000213248908682684,1,25.074716512655
rank,21,21,98.6595004534767,Eulemur fulvus,Eulemur_fulvus,MAMMALIA,0.999983391535328,58,1775.24549019449
rank,21,21,98.6595004534767,Eulemur macaco,Eulemur_macaco,MAMMALIA,0.999523496827799,20,577.318322338164
rank,21,21,98.6595004534767,Eulemur mongoz,Eulemur_mongoz,MAMMALIA,0.0824158575278653,4,107.313132880783
rank,21,21,98.6595004534767,Eulemur rubriventer,Eulemur_rubriventer,MAMMALIA,0.999999997523204,52,1528.50468578353
rank,21,21,98.6595004534767,Eulemur rufus,Eulemur_rufus,MAMMALIA,0.992818765627145,43,1258.76846580707
rank,21,21,98.6595004534767,Eulemur sanfordi,Eulemur_sanfordi,MAMMALIA,0.999999999839793,62,1795.88433729581
rank,21,21,98.6595004534767,Euryceros prevostii,Euryceros_prevostii,AVES,0.178878529176894,2,131.181970228545
rank,21,21,98.6595004534767,Falco zoniventris,Falco_zoniventris,AVES,0,1,320.344846795665
rank,21,21,98.6595004534767,Falculea palliata,Falculea_palliata,AVES,0.642631143065239,9,656.344567311894
rank,21,21,98.6595004534767,Fossa fossana,Fossa_fossana,MAMMALIA,0,0,0
rank,21,21,98.6595004534767,Foudia madagascariensis,Foudia_madagascariensis,AVES,0.953155971707925,54,2315.21714024058
rank,21,21,98.6595004534767,Foudia omissa,Foudia_omissa,AVES,0.85256205081585,20,1005.74039437622
rank,21,21,98.6595004534767,Gactornis enarratus,Gactornis_enarratus,AVES,0.00759462137641254,8,666.939871236682
rank,21,21,98.6595004534767,Galidia elegans,Galidia_elegans,MAMMALIA,0,0,0
rank,21,21,98.6595004534767,Galidictis fasciata,Galidictis_fasciata,MAMMALIA,0,0,0
rank,21,21,98.6595004534767,Geobiastes squamiger,Geobiastes_squamiger,AVES,0,0,0
rank,21,21,98.6595004534767,Geogale aurita,Geogale_aurita,MAMMALIA,0.0536462142778397,38,853.297256751148
rank,21,21,98.6595004534767,Gymnuromys roberti,Gymnuromys_roberti,MAMMALIA,0.995170105602026,25,762.548624299467
rank,21,21,98.6595004534767,Haliaeetus vociferoides,Haliaeetus_vociferoides,AVES,0,0,0
rank,21,21,98.6595004534767,Hapalemur alaotrensis,Hapalemur_alaotrensis,MAMMALIA,0.171910845091685,6,129.340436154352
rank,21,21,98.6595004534767,Hapalemur aureus,Hapalemur_aureus,MAMMALIA,0.673938520993979,3,122.19913097471
rank,21,21,98.6595004534767,Hapalemur griseus,Hapalemur_griseus,MAMMALIA,0.996001065992338,58,1733.31558803573
rank,21,21,98.6595004534767,Hapalemur occidentalis,Hapalemur_occidentalis,MAMMALIA,0.455506986636052,5,133.377391735104
rank,21,21,98.6595004534767,Hartertula flavoviridis,Hartertula_flavoviridis,AVES,0.238711707997047,11,322.959669694304
rank,21,21,98.6595004534767,Hartlaubius auratus,Hartlaubius_auratus,AVES,0.991307706131561,36,1885.65294913948
rank,21,21,98.6595004534767,Hemicentetes nigriceps,Hemicentetes_nigriceps,MAMMALIA,0.00248689292573578,5,129.030805809183
rank,21,21,98.6595004534767,Hemicentetes semispinosus,Hemicentetes_semispinosus,MAMMALIA,0.682258172946279,38,1221.90883100778
rank,21,21,98.6595004534767,Hypogeomys antimena,Hypogeomys_antimena,MAMMALIA,0.133821965840603,5,104.686912983656
rank,21,21,98.6595004534767,Hypositta corallirostris,Hypositta_corallirostris,AVES,0.695593426306279,21,1048.97007654607
rank,21,21,98.6595004534767,Indri indri,Indri_indri,MAMMALIA,1.24591559291787e-10,4,319.400398008525
rank,21,21,98.6595004534767,Lemur catta,Lemur_catta,MAMMALIA,0.999912990651975,10,335.574972848396
rank,21,21,98.6595004534767,Lepidopygia nana,Lepidopygia_nana,AVES,0.38881511047621,58,2425.94267583051
rank,21,21,98.6595004534767,Lepilemur ankaranensis,Lepilemur_ankaranensis,MAMMALIA,0.347664922824737,6,130.881823689933
rank,21,21,98.6595004534767,Lepilemur edwardsi,Lepilemur_edwardsi,MAMMALIA,0.852699713661818,10,363.996795557439
rank,21,21,98.6595004534767,Lepilemur leucopus,Lepilemur_leucopus,MAMMALIA,0.581607416232921,11,318.812270276248
rank,21,21,98.6595004534767,Lepilemur microdon,Lepilemur_microdon,MAMMALIA,1.48036525758899e-05,5,132.548285655677
rank,21,21,98.6595004534767,Lepilemur mustelinus,Lepilemur_mustelinus,MAMMALIA,0.989994535401314,53,1597.55349483473
rank,21,21,98.6595004534767,Lepilemur ruficaudatus,Lepilemur_ruficaudatus,MAMMALIA,0.414172426553323,15,286.874041795731
rank,21,21,98.6595004534767,Leptopterus chabert,Leptopterus_chabert,AVES,0.95969307463514,48,2181.03958892547
rank,21,21,98.6595004534767,Lophotibis cristata,Lophotibis_cristata,AVES,0,1,350.450553028922
rank,21,21,98.6595004534767,Macrotarsomys bastardi,Macrotarsomys_bastardi,MAMMALIA,0.194289792972729,8,135.345004469156
rank,21,21,98.6595004534767,Margaroperdix madagarensis,Margaroperdix_madagarensis,AVES,0.971039677977996,14,1594.2347696051
rank,21,21,98.6595004534767,Mentocrex kioloides,Mentocrex_kioloides,AVES,0.000589324504915001,4,574.163840085268
rank,21,21,98.6595004534767,Mesitornis unicolor,Mesitornis_unicolor,AVES,0,1,89.8278131379858
rank,21,21,98.6595004534767,Mesitornis variegatus,Mesitornis_variegatus,AVES,0.000285757834271982,2,211.165293760598
rank,21,21,98.6595004534767,Microcebus berthae,Microcebus_berthae,MAMMALIA,1.52725555535582e-08,2,17.7781751081347
rank,21,21,98.6595004534767,Microcebus griseorufus,Microcebus_griseorufus,MAMMALIA,0.538422324335705,6,124.88842625916
rank,21,21,98.6595004534767,Microcebus murinus,Microcebus_murinus,MAMMALIA,0.999977988212214,65,1552.2657592253
rank,21,21,98.6595004534767,Microcebus myoxinus,Microcebus_myoxinus,MAMMALIA,0.78414500125335,10,124.249905137528
rank,21,21,98.6595004534767,Microcebus ravelobensis,Microcebus_ravelobensis,MAMMALIA,0.600682508894188,6,129.128739202262
rank,21,21,98.6595004534767,Microcebus rufus,Microcebus_rufus,MAMMALIA,0.998698342007762,38,1101.36998151243
rank,21,21,98.6595004534767,Microcebus tavaratra,Microcebus_tavaratra,MAMMALIA,0.464833100921812,11,111.772694177926
rank,21,21,98.6595004534767,Microgale brevicaudata,Microgale_brevicaudata,MAMMALIA,0.350840490280544,44,1039.16122049838
rank,21,21,98.6595004534767,Microgale cowani,Microgale_cowani,MAMMALIA,0.458675645898804,35,1042.33696947247
rank,21,21,98.6595004534767,Microgale drouhardi,Microgale_drouhardi,MAMMALIA,0.156875933909155,21,643.231542088091
rank,21,21,98.6595004534767,Microgale dryas,Microgale_dryas,MAMMALIA,8.64022845226131e-06,7,159.955322794616
rank,21,21,98.6595004534767,Microgale fotsifotsy,Microgale_fotsifotsy,MAMMALIA,0.336777031103362,25,765.245527684689
rank,21,21,98.6595004534767,Microgale gracilis,Microgale_gracilis,MAMMALIA,0.12476456936384,15,415.603053703904
rank,21,21,98.6595004534767,Microgale gymnorhyncha,Microgale_gymnorhyncha,MAMMALIA,0.128996381151872,16,494.14198897779
rank,21,21,98.6595004534767,Microgale longicaudata,Microgale_longicaudata,MAMMALIA,0.370869279762815,43,1193.83152583016
rank,21,21,98.6595004534767,Microgale mergulus,Microgale_mergulus,MAMMALIA,1.27357161237018e-05,7,176.217362098396
rank,21,21,98.6595004534767,Microgale parvula,Microgale_parvula,MAMMALIA,0.23380066699957,42,1164.56124744483
rank,21,21,98.6595004534767,Microgale principula,Microgale_principula,MAMMALIA,0.259548098742935,31,931.744929358363
rank,21,21,98.6595004534767,Microgale pusilla,Microgale_pusilla,MAMMALIA,0.0791946510684548,16,453.102548912168
rank,21,21,98.6595004534767,Microgale soricoides,Microgale_soricoides,MAMMALIA,0.150028387079527,23,683.776105023921
rank,21,21,98.6595004534767,Microgale taiva,Microgale_taiva,MAMMALIA,0.271832584707273,29,847.455292403698
rank,21,21,98.6595004534767,Microgale thomasi,Microgale_thomasi,MAMMALIA,0.126684165111433,20,623.00793637255
rank,21,21,98.6595004534767,Mirza coquereli,Mirza_coquereli,MAMMALIA,0.00156775616772675,6,123.761910580099
rank,21,21,98.6595004534767,Monias benschi,Monias_benschi,AVES,0,1,82.9420458882274
rank,21,21,98.6595004534767,Monticola erythronotus,Monticola_erythronotus,AVES,0.505764981643065,1,97.4973036619822
rank,21,21,98.6595004534767,Monticola sharpei,Monticola_sharpei,AVES,0.997961833668726,26,1292.49252384901
rank,21,21,98.6595004534767,Monticolomys koopmani,Monticolomys_koopmani,MAMMALIA,0.132627251095215,6,104.060766987503
rank,21,21,98.6595004534767,Motacilla flaviventris,Motacilla_flaviventris,AVES,0.153501082882717,4,105.086242973804
rank,21,21,98.6595004534767,Mystacornis crossleyi,Mystacornis_crossleyi,AVES,0.988145511719849,18,895.042134985328
rank,21,21,98.6595004534767,Neodrepanis coruscans,Neodrepanis_coruscans,AVES,0.652012322978131,18,800.638296291232
rank,21,21,98.6595004534767,Neodrepanis hypoxantha,Neodrepanis_hypoxantha,AVES,0.0211788111247608,3,88.4296057149768
rank,21,21,98.6595004534767,Neomixis striatigula,Neomixis_striatigula,AVES,0.999993759457042,22,1036.17451030761
rank,21,21,98.6595004534767,Neomixis tenella,Neomixis_tenella,AVES,0.999999999987054,48,1901.79186718532
rank,21,21,98.6595004534767,Neomixis viridis,Neomixis_viridis,AVES,0.999973707510372,23,981.39654880017
rank,21,21,98.6595004534767,Nesillas lantzii,Nesillas_lantzii,AVES,0.577709126973754,4,177.714084676
rank,21,21,98.6595004534767,Nesogale dobsoni,Nesogale_dobsoni,MAMMALIA,0.606058142644098,34,1080.31752049923
rank,21,21,98.6595004534767,Nesogale talazaci,Nesogale_talazaci,MAMMALIA,0.655293674201012,32,1066.3692966029
rank,21,21,98.6595004534767,Nesomys audeberti,Nesomys_audeberti,MAMMALIA,0.72999100302056,9,260.699454344809
rank,21,21,98.6595004534767,Nesomys lambertoni,Nesomys_lambertoni,MAMMALIA,0.759586102313232,3,130.035018853843
rank,21,21,98.6595004534767,Nesomys rufus,Nesomys_rufus,MAMMALIA,0.998108733202436,27,856.030180349946
rank,21,21,98.6595004534767,Newtonia amphichroa,Newtonia_amphichroa,AVES,0.979078777151665,22,916.321983166039
rank,21,21,98.6595004534767,Newtonia archboldi,Newtonia_archboldi,AVES,0.450012811899632,3,138.776864802814
rank,21,21,98.6595004534767,Newtonia brunneicauda,Newtonia_brunneicauda,AVES,0.99999999907464,53,2185.16731802043
rank,21,21,98.6595004534767,Newtonia fanovanae,Newtonia_fanovanae,AVES,0.353055283448657,2,98.2207024819943
rank,21,21,98.6595004534767,Oriolia bernieri,Oriolia_bernieri,AVES,0.135841028510252,7,340.819473467767
rank,21,21,98.6595004534767,Oryzorictes hova,Oryzorictes_hova,MAMMALIA,0.394585476705934,34,1038.48445757478
rank,21,21,98.6595004534767,Oryzorictes tetradactylus,Oryzorictes_tetradactylus,MAMMALIA,2.83141284984634e-06,6,130.312505103648
rank,21,21,98.6595004534767,Otus rutilus,Otus_rutilus,AVES,0.0732422140391776,8,1341.66407487384
rank,21,21,98.6595004534767,Oxylabes madagascariensis,Oxylabes_madagascariensis,AVES,0.999143113817062,22,1048.65775325894
rank,21,21,98.6595004534767,Phaner electromontis,Phaner_electromontis,MAMMALIA,1.1181189119025e-07,1,17.4337788633315
rank,21,21,98.6595004534767,Phaner furcifer,Phaner_furcifer,MAMMALIA,0.266324195552001,6,128.758254684508
rank,21,21,98.6595004534767,Phaner pallescens,Phaner_pallescens,MAMMALIA,0.644609440069803,7,155.350750155747
rank,21,21,98.6595004534767,Phaner parienti,Phaner_parienti,MAMMALIA,0.00280017666108967,1,24.4501852478648
rank,21,21,98.6595004534767,Philepitta castanea,Philepitta_castanea,AVES,0.405639660394272,16,835.1254016608
rank,21,21,98.6595004534767,Philepitta schlegeli,Philepitta_schlegeli,AVES,0.387130389486557,10,472.47455522418
rank,21,21,98.6595004534767,Ploceus nelicourvi,Ploceus_nelicourvi,AVES,0.998525331160377,20,1049.29650306702
rank,21,21,98.6595004534767,Ploceus sakalava,Ploceus_sakalava,AVES,0.812335960340205,20,922.706004602544
rank,21,21,98.6595004534767,Polyboroides radiatus,Polyboroides_radiatus,AVES,0,0,0
rank,21,21,98.6595004534767,Pseudobias wardi,Pseudobias_wardi,AVES,0.986724990683423,20,927.481698185206
rank,21,21,98.6595004534767,Pterocles personatus,Pterocles_personatus,AVES,0,0,0
rank,21,21,98.6595004534767,Rallus madagascariensis,Rallus_madagascariensis,AVES,1.10447317958062e-10,1,136.577991507947
rank,21,21,98.6595004534767,Randia pseudozosterops,Randia_pseudozosterops,AVES,0.987270760062676,17,756.979065941696
rank,21,21,98.6595004534767,Sarothrura insularis,Sarothrura_insularis,AVES,0.0117251794153328,10,862.49244222045
rank,21,21,98.6595004534767,Schetba rufa,Schetba_rufa,AVES,0.902359979790423,19,947.978633400874
rank,21,21,98.6595004534767,Setifer setosus,Setifer_setosus,MAMMALIA,0.736904244653409,69,2150.74031423675
rank,21,21,98.6595004534767,Tenrec ecaudatus,Tenrec_ecaudatus,MAMMALIA,0.565917944840255,59,2038.96780872373
rank,21,21,98.6595004534767,Thamnornis chloropetoides,Thamnornis_chloropetoides,AVES,0.60311982734138,5,200.966865897519
rank,21,21,98.6595004534767,Treron australis,Treron_australis,AVES,0.106177301637863,15,2063.80054286276
rank,21,21,98.6595004534767,Turnix nigricollis,Turnix_nigricollis,AVES,0.0986771453876379,15,1737.66874593051
rank,21,21,98.6595004534767,Tylas eduardi,Tylas_eduardi,AVES,0.992059947542208,19,996.67170342803
rank,21,21,98.6595004534767,Vanga curvirostris,Vanga_curvirostris,AVES,0.977565108729736,35,2230.55183973989
rank,21,21,98.6595004534767,Varecia rubra,Varecia_rubra,MAMMALIA,0.98876753918881,35,1170.340881221
rank,21,21,98.6595004534767,Varecia variegata,Varecia_variegata,MAMMALIA,0.712469688857618,32,1127.81401838362
rank,21,21,98.6595004534767,Xanthomixis apperti,Xanthomixis_apperti,AVES,0.441311210122258,1,68.4073899760842
rank,21,21,98.6595004534767,Xanthomixis cinereiceps,Xanthomixis_cinereiceps,AVES,0.934482842940841,11,469.743459299207
rank,21,21,98.6595004534767,Xanthomixis zosterops,Xanthomixis_zosterops,AVES,0.99905136918622,22,1050.01379215717
rank,21,21,98.6595004534767,Xenopirostris damii,Xenopirostris_damii,AVES,0.00179910766481406,1,93.5023440420628
rank,21,21,98.6595004534767,Xenopirostris polleni,Xenopirostris_polleni,AVES,0.144290397609677,11,450.223928160965
rank,21,21,98.6595004534767,Xenopirostris xenopirostris,Xenopirostris_xenopirostris,AVES,0.0216069550681125,2,122.763363324106
rank,22,22,99.7962403173118,Accipiter henstii,Accipiter_henstii,AVES,0,0,0
rank,22,22,99.7962403173118,Accipiter madagascariensis,Accipiter_madagascariensis,AVES,0,0,0
rank,22,22,99.7962403173118,Acrocephalus newtoni,Acrocephalus_newtoni,AVES,0.0140515074050867,15,281.127283417723
rank,22,22,99.7962403173118,Alectroenas madagascariensis,Alectroenas_madagascariensis,AVES,0,3,92.7864798977971
rank,22,22,99.7962403173118,Allocebus trichotis,Allocebus_trichotis,MAMMALIA,4.83587614397152e-11,1,15.5614534169436
rank,22,22,99.7962403173118,Anas bernieri,Anas_bernieri,AVES,0,0,0
rank,22,22,99.7962403173118,Apus balstoni,Apus_balstoni,AVES,0,0,0
rank,22,22,99.7962403173118,Artamella viridis,Artamella_viridis,AVES,2.60226606929592e-09,4,112.952474675528
rank,22,22,99.7962403173118,Asio madagascariensis,Asio_madagascariensis,AVES,0,0,0
rank,22,22,99.7962403173118,Atelornis crossleyi,Atelornis_crossleyi,AVES,0,0,0
rank,22,22,99.7962403173118,Atelornis pittoides,Atelornis_pittoides,AVES,0,0,0
rank,22,22,99.7962403173118,Athene superciliaris,Athene_superciliaris,AVES,0,0,0
rank,22,22,99.7962403173118,Avahi laniger,Avahi_laniger,MAMMALIA,0,5,76.1294625476003
rank,22,22,99.7962403173118,Avahi occidentalis,Avahi_occidentalis,MAMMALIA,0,2,31.5822444483638
rank,22,22,99.7962403173118,Aviceda madagascariensis,Aviceda_madagascariensis,AVES,0,0,0
rank,22,22,99.7962403173118,Bernieria madagascariensis,Bernieria_madagascariensis,AVES,0.0046210603437159,12,221.665202204759
rank,22,22,99.7962403173118,Brachypteracias leptosomus,Brachypteracias_leptosomus,AVES,0,0,0
rank,22,22,99.7962403173118,Brachytarsomys albicauda,Brachytarsomys_albicauda,MAMMALIA,2.51993503841419e-09,1,13.4083201736212
rank,22,22,99.7962403173118,Brachyuromys betsileoensis,Brachyuromys_betsileoensis,MAMMALIA,2.7359377583136e-05,1,15.2518228068948
rank,22,22,99.7962403173118,Brachyuromys ramirohitra,Brachyuromys_ramirohitra,MAMMALIA,0,2,15.5747328624129
rank,22,22,99.7962403173118,Bradypterus brunneus,Bradypterus_brunneus,AVES,0.00775216501034481,3,62.735982529819
rank,22,22,99.7962403173118,Bradypterus seebohmi,Bradypterus_seebohmi,AVES,7.3707160548997e-05,1,22.8754445599846
rank,22,22,99.7962403173118,Buteo brachypterus,Buteo_brachypterus,AVES,0,0,0
rank,22,22,99.7962403173118,Calicalicus madagascariensis,Calicalicus_madagascariensis,AVES,0.000144763869032727,13,237.120971787447
rank,22,22,99.7962403173118,Cheirogaleus crossleyi,Cheirogaleus_crossleyi,MAMMALIA,0,3,44.4947417080402
rank,22,22,99.7962403173118,Cheirogaleus major,Cheirogaleus_major,MAMMALIA,0.133632379727107,10,146.802818842232
rank,22,22,99.7962403173118,Cheirogaleus medius,Cheirogaleus_medius,MAMMALIA,0.92677804498345,17,193.348828578351
rank,22,22,99.7962403173118,Cinnyris notatus,Cinnyris_notatus,AVES,0.286682883122567,18,269.085555881262
rank,22,22,99.7962403173118,Copsychus albospecularis,Copsychus_albospecularis,AVES,0.00124027075109012,6,132.086953828395
rank,22,22,99.7962403173118,Coracopsis nigra,Coracopsis_nigra,AVES,0,0,0
rank,22,22,99.7962403173118,Corythornis madagascariensis,Corythornis_madagascariensis,AVES,0,0,0
rank,22,22,99.7962403173118,Coua caerulea,Coua_caerulea,AVES,0,0,0
rank,22,22,99.7962403173118,Coua coquereli,Coua_coquereli,AVES,0,0,0
rank,22,22,99.7962403173118,Coua cristata,Coua_cristata,AVES,0,0,0
rank,22,22,99.7962403173118,Coua cursor,Coua_cursor,AVES,0,0,0
rank,22,22,99.7962403173118,Coua gigas,Coua_gigas,AVES,0,0,0
rank,22,22,99.7962403173118,Coua reynaudii,Coua_reynaudii,AVES,0,0,0
rank,22,22,99.7962403173118,Coua ruficeps,Coua_ruficeps,AVES,0,0,0
rank,22,22,99.7962403173118,Coua serriana,Coua_serriana,AVES,0,0,0
rank,22,22,99.7962403173118,Crossleyia xanthophrys,Crossleyia_xanthophrys,AVES,0.00558473737333498,3,61.7601005211473
rank,22,22,99.7962403173118,Cryptoprocta ferox,Cryptoprocta_ferox,MAMMALIA,0,0,0
rank,22,22,99.7962403173118,Cryptosylvicola randrianasoloi,Cryptosylvicola_randrianasoloi,AVES,1.89931625982354e-10,2,30.7233142852783
rank,22,22,99.7962403173118,Cyanolanius madagascarinus,Cyanolanius_madagascarinus,AVES,0.000322271920477402,13,241.728341346186
rank,22,22,99.7962403173118,Daubentonia madagascariensis,Daubentonia_madagascariensis,MAMMALIA,0,1,31.9949532151222
rank,22,22,99.7962403173118,Echinops telfairi,Echinops_telfairi,MAMMALIA,0,6,80.7619032757908
rank,22,22,99.7962403173118,Eliurus antsingy,Eliurus_antsingy,MAMMALIA,0,2,15.5615207180381
rank,22,22,99.7962403173118,Eliurus grandidieri,Eliurus_grandidieri,MAMMALIA,6.50784206293054e-05,1,15.5614534169436
rank,22,22,99.7962403173118,Eliurus majori,Eliurus_majori,MAMMALIA,0.149987066159575,10,153.364477604628
rank,22,22,99.7962403173118,Eliurus minor,Eliurus_minor,MAMMALIA,0.00144515904049669,15,195.533183805645
rank,22,22,99.7962403173118,Eliurus myoxinus,Eliurus_myoxinus,MAMMALIA,0.149636699096976,23,296.682478850702
rank,22,22,99.7962403173118,Eliurus tanala,Eliurus_tanala,MAMMALIA,0.000357995130100486,11,144.68130889535
rank,22,22,99.7962403173118,Eliurus webbi,Eliurus_webbi,MAMMALIA,0.000470322820002256,11,144.47382184118
rank,22,22,99.7962403173118,Eremopterix hova,Eremopterix_hova,AVES,0,1,9.27427583869672
rank,22,22,99.7962403173118,Eulemur albifrons,Eulemur_albifrons,MAMMALIA,0,3,47.3879994717496
rank,22,22,99.7962403173118,Eulemur cinereiceps,Eulemur_cinereiceps,MAMMALIA,0.0179515789466529,14,232.094814438154
rank,22,22,99.7962403173118,Eulemur collaris,Eulemur_collaris,MAMMALIA,3.42221019122846e-06,12,209.945495867304
rank,22,22,99.7962403173118,Eulemur coronatus,Eulemur_coronatus,MAMMALIA,0.25438669573586,5,90.6998135558231
rank,22,22,99.7962403173118,Eulemur flavifrons,Eulemur_flavifrons,MAMMALIA,0,1,15.9476195908073
rank,22,22,99.7962403173118,Eulemur fulvus,Eulemur_fulvus,MAMMALIA,0.0410631004388508,14,232.449364685363
rank,22,22,99.7962403173118,Eulemur macaco,Eulemur_macaco,MAMMALIA,0.0674871962233954,5,76.882748991251
rank,22,22,99.7962403173118,Eulemur mongoz,Eulemur_mongoz,MAMMALIA,0,1,15.7856336683035
rank,22,22,99.7962403173118,Eulemur rubriventer,Eulemur_rubriventer,MAMMALIA,0.325960009382484,14,220.899257940017
rank,22,22,99.7962403173118,Eulemur rufus,Eulemur_rufus,MAMMALIA,3.95108091577612e-07,10,154.661188030566
rank,22,22,99.7962403173118,Eulemur sanfordi,Eulemur_sanfordi,MAMMALIA,0.323186500931175,17,255.054379424987
rank,22,22,99.7962403173118,Euryceros prevostii,Euryceros_prevostii,AVES,0,0,0
rank,22,22,99.7962403173118,Falco zoniventris,Falco_zoniventris,AVES,0,0,0
rank,22,22,99.7962403173118,Falculea palliata,Falculea_palliata,AVES,0,3,92.440910465201
rank,22,22,99.7962403173118,Fossa fossana,Fossa_fossana,MAMMALIA,0,0,0
rank,22,22,99.7962403173118,Foudia madagascariensis,Foudia_madagascariensis,AVES,0.00557028390828152,21,343.531005154778
rank,22,22,99.7962403173118,Foudia omissa,Foudia_omissa,AVES,0.00110295741914213,8,147.336369775236
rank,22,22,99.7962403173118,Gactornis enarratus,Gactornis_enarratus,AVES,0,0,0
rank,22,22,99.7962403173118,Galidia elegans,Galidia_elegans,MAMMALIA,0,0,0
rank,22,22,99.7962403173118,Galidictis fasciata,Galidictis_fasciata,MAMMALIA,0,0,0
rank,22,22,99.7962403173118,Geobiastes squamiger,Geobiastes_squamiger,AVES,0,0,0
rank,22,22,99.7962403173118,Geogale aurita,Geogale_aurita,MAMMALIA,3.33066907387547e-16,13,151.025067963154
rank,22,22,99.7962403173118,Gymnuromys roberti,Gymnuromys_roberti,MAMMALIA,0.000154917382437447,8,105.559424124658
rank,22,22,99.7962403173118,Haliaeetus vociferoides,Haliaeetus_vociferoides,AVES,0,0,0
rank,22,22,99.7962403173118,Hapalemur alaotrensis,Hapalemur_alaotrensis,MAMMALIA,0,1,15.7057971230909
rank,22,22,99.7962403173118,Hapalemur aureus,Hapalemur_aureus,MAMMALIA,4.18349154931441e-05,2,37.998546284425
rank,22,22,99.7962403173118,Hapalemur griseus,Hapalemur_griseus,MAMMALIA,0.0029009617027036,14,237.612821795566
rank,22,22,99.7962403173118,Hapalemur occidentalis,Hapalemur_occidentalis,MAMMALIA,2.6044199019637e-09,1,15.8345987275243
rank,22,22,99.7962403173118,Hartertula flavoviridis,Hartertula_flavoviridis,AVES,1.05845998632503e-10,3,46.7837423309684
rank,22,22,99.7962403173118,Hartlaubius auratus,Hartlaubius_auratus,AVES,0.00575012101759487,13,248.776440581556
rank,22,22,99.7962403173118,Hemicentetes nigriceps,Hemicentetes_nigriceps,MAMMALIA,0,1,15.7181747589481
rank,22,22,99.7962403173118,Hemicentetes semispinosus,Hemicentetes_semispinosus,MAMMALIA,1.25729969469024e-06,11,187.421255305409
rank,22,22,99.7962403173118,Hypogeomys antimena,Hypogeomys_antimena,MAMMALIA,0,1,15.4674796760082
rank,22,22,99.7962403173118,Hypositta corallirostris,Hypositta_corallirostris,AVES,2.46832454358081e-05,8,146.82924643904
rank,22,22,99.7962403173118,Indri indri,Indri_indri,MAMMALIA,0,0,0
rank,22,22,99.7962403173118,Lemur catta,Lemur_catta,MAMMALIA,0.0596351402381934,4,51.2882664501667
rank,22,22,99.7962403173118,Lepidopygia nana,Lepidopygia_nana,AVES,0.000876212260250697,24,360.606946928323
rank,22,22,99.7962403173118,Lepilemur ankaranensis,Lepilemur_ankaranensis,MAMMALIA,1.55431223447522e-13,1,15.9522403500341
rank,22,22,99.7962403173118,Lepilemur edwardsi,Lepilemur_edwardsi,MAMMALIA,0,2,31.5822444483638
rank,22,22,99.7962403173118,Lepilemur leucopus,Lepilemur_leucopus,MAMMALIA,0,4,54.1410571680998
rank,22,22,99.7962403173118,Lepilemur microdon,Lepilemur_microdon,MAMMALIA,0,1,15.7181747589481
rank,22,22,99.7962403173118,Lepilemur mustelinus,Lepilemur_mustelinus,MAMMALIA,0.00118192940445161,16,252.185947469113
rank,22,22,99.7962403173118,Lepilemur ruficaudatus,Lepilemur_ruficaudatus,MAMMALIA,1.03583808197527e-13,3,37.6167981699109
rank,22,22,99.7962403173118,Leptopterus chabert,Leptopterus_chabert,AVES,4.92676364273192e-05,14,272.821511375965
rank,22,22,99.7962403173118,Lophotibis cristata,Lophotibis_cristata,AVES,0,0,0
rank,22,22,99.7962403173118,Macrotarsomys bastardi,Macrotarsomys_bastardi,MAMMALIA,0.000133527260910205,3,28.5568825080991
rank,22,22,99.7962403173118,Margaroperdix madagarensis,Margaroperdix_madagarensis,AVES,0,4,123.382290481956
rank,22,22,99.7962403173118,Mentocrex kioloides,Mentocrex_kioloides,AVES,0,0,0
rank,22,22,99.7962403173118,Mesitornis unicolor,Mesitornis_unicolor,AVES,0,0,0
rank,22,22,99.7962403173118,Mesitornis variegatus,Mesitornis_variegatus,AVES,0,0,0
rank,22,22,99.7962403173118,Microcebus berthae,Microcebus_berthae,MAMMALIA,1.52725555535582e-08,2,15.4549267962575
rank,22,22,99.7962403173118,Microcebus griseorufus,Microcebus_griseorufus,MAMMALIA,1.23234755733392e-14,2,16.8879332020879
rank,22,22,99.7962403173118,Microcebus murinus,Microcebus_murinus,MAMMALIA,0.157710744008904,22,259.274562628478
rank,22,22,99.7962403173118,Microcebus myoxinus,Microcebus_myoxinus,MAMMALIA,0.00825261241667419,2,15.1042787716785
rank,22,22,99.7962403173118,Microcebus ravelobensis,Microcebus_ravelobensis,MAMMALIA,0.000306109397199994,1,15.7856336683035
rank,22,22,99.7962403173118,Microcebus rufus,Microcebus_rufus,MAMMALIA,0.000274164261509391,13,175.605201520026
rank,22,22,99.7962403173118,Microcebus tavaratra,Microcebus_tavaratra,MAMMALIA,8.91541429570708e-09,2,15.5976161211729
rank,22,22,99.7962403173118,Microgale brevicaudata,Microgale_brevicaudata,MAMMALIA,0,11,132.985976170183
rank,22,22,99.7962403173118,Microgale cowani,Microgale_cowani,MAMMALIA,0,12,168.336130030453
rank,22,22,99.7962403173118,Microgale drouhardi,Microgale_drouhardi,MAMMALIA,0,8,97.8580508455634
rank,22,22,99.7962403173118,Microgale dryas,Microgale_dryas,MAMMALIA,0,1,15.4714914783835
rank,22,22,99.7962403173118,Microgale fotsifotsy,Microgale_fotsifotsy,MAMMALIA,7.7715611723761e-16,11,145.814224667847
rank,22,22,99.7962403173118,Microgale gracilis,Microgale_gracilis,MAMMALIA,0,6,75.2319252858063
rank,22,22,99.7962403173118,Microgale gymnorhyncha,Microgale_gymnorhyncha,MAMMALIA,0,6,77.1989660039544
rank,22,22,99.7962403173118,Microgale longicaudata,Microgale_longicaudata,MAMMALIA,9.99200722162641e-16,13,172.593496181071
rank,22,22,99.7962403173118,Microgale mergulus,Microgale_mergulus,MAMMALIA,0,2,14.8471838533878
rank,22,22,99.7962403173118,Microgale parvula,Microgale_parvula,MAMMALIA,6.93889390390723e-14,13,175.479206874967
rank,22,22,99.7962403173118,Microgale principula,Microgale_principula,MAMMALIA,0,9,111.838927432895
rank,22,22,99.7962403173118,Microgale pusilla,Microgale_pusilla,MAMMALIA,3.1641356201817e-14,5,62.4284027963877
rank,22,22,99.7962403173118,Microgale soricoides,Microgale_soricoides,MAMMALIA,0,8,105.559424124658
rank,22,22,99.7962403173118,Microgale taiva,Microgale_taiva,MAMMALIA,0,9,112.672669568714
rank,22,22,99.7962403173118,Microgale thomasi,Microgale_thomasi,MAMMALIA,0,6,75.5409660488367
rank,22,22,99.7962403173118,Mirza coquereli,Mirza_coquereli,MAMMALIA,0,3,41.9947228953242
rank,22,22,99.7962403173118,Monias benschi,Monias_benschi,AVES,0,0,0
rank,22,22,99.7962403173118,Monticola erythronotus,Monticola_erythronotus,AVES,7.07212066686225e-14,1,15.9522403500341
rank,22,22,99.7962403173118,Monticola sharpei,Monticola_sharpei,AVES,0.0126407676802439,9,178.217183713178
rank,22,22,99.7962403173118,Monticolomys koopmani,Monticolomys_koopmani,MAMMALIA,7.29037265646548e-05,1,14.9763581901789
rank,22,22,99.7962403173118,Motacilla flaviventris,Motacilla_flaviventris,AVES,0,1,15.7057972848415
rank,22,22,99.7962403173118,Mystacornis crossleyi,Mystacornis_crossleyi,AVES,8.80135596591503e-05,6,115.0683587268
rank,22,22,99.7962403173118,Neodrepanis coruscans,Neodrepanis_coruscans,AVES,0.00210175502723453,9,131.176301375031
rank,22,22,99.7962403173118,Neodrepanis hypoxantha,Neodrepanis_hypoxantha,AVES,3.15306314945252e-05,2,22.9729786887765
rank,22,22,99.7962403173118,Neomixis striatigula,Neomixis_striatigula,AVES,0.0393597048439894,11,162.677037134767
rank,22,22,99.7962403173118,Neomixis tenella,Neomixis_tenella,AVES,0.329377101987337,20,259.721512391153
rank,22,22,99.7962403173118,Neomixis viridis,Neomixis_viridis,AVES,0.0440941160449976,10,146.715816527605
rank,22,22,99.7962403173118,Nesillas lantzii,Nesillas_lantzii,AVES,0.00260673630121155,1,30.1985099077969
rank,22,22,99.7962403173118,Nesogale dobsoni,Nesogale_dobsoni,MAMMALIA,2.894911707918e-05,11,169.14381070435
rank,22,22,99.7962403173118,Nesogale talazaci,Nesogale_talazaci,MAMMALIA,2.29055575620141e-05,12,176.412882193923
rank,22,22,99.7962403173118,Nesomys audeberti,Nesomys_audeberti,MAMMALIA,7.91458572568793e-07,3,37.925116635859
rank,22,22,99.7962403173118,Nesomys lambertoni,Nesomys_lambertoni,MAMMALIA,7.18042908687266e-06,1,15.4557696506381
rank,22,22,99.7962403173118,Nesomys rufus,Nesomys_rufus,MAMMALIA,3.94395315636009e-05,10,128.638595879078
rank,22,22,99.7962403173118,Newtonia amphichroa,Newtonia_amphichroa,AVES,0.00159135865675375,7,130.903547659516
rank,22,22,99.7962403173118,Newtonia archboldi,Newtonia_archboldi,AVES,0,2,29.6743853166699
rank,22,22,99.7962403173118,Newtonia brunneicauda,Newtonia_brunneicauda,AVES,0.245490044987056,21,331.498145463886
rank,22,22,99.7962403173118,Newtonia fanovanae,Newtonia_fanovanae,AVES,0,1,14.9521378784429
rank,22,22,99.7962403173118,Oriolia bernieri,Oriolia_bernieri,AVES,0,1,22.5208942964673
rank,22,22,99.7962403173118,Oryzorictes hova,Oryzorictes_hova,MAMMALIA,0,10,137.148857489228
rank,22,22,99.7962403173118,Oryzorictes tetradactylus,Oryzorictes_tetradactylus,MAMMALIA,0,1,15.0636965408921
rank,22,22,99.7962403173118,Otus rutilus,Otus_rutilus,AVES,0,0,0
rank,22,22,99.7962403173118,Oxylabes madagascariensis,Oxylabes_madagascariensis,AVES,0.00367772832568281,8,146.981819532812
rank,22,22,99.7962403173118,Phaner electromontis,Phaner_electromontis,MAMMALIA,7.73939246023758e-10,1,16.0427131277968
rank,22,22,99.7962403173118,Phaner furcifer,Phaner_furcifer,MAMMALIA,2.08648254229615e-09,2,31.7608878867449
rank,22,22,99.7962403173118,Phaner pallescens,Phaner_pallescens,MAMMALIA,1.96712093336604e-06,2,26.2765481993556
rank,22,22,99.7962403173118,Phaner parienti,Phaner_parienti,MAMMALIA,5.40407385507535e-10,1,15.9612208724285
rank,22,22,99.7962403173118,Philepitta castanea,Philepitta_castanea,AVES,0.000443821006236522,7,115.162415869534
rank,22,22,99.7962403173118,Philepitta schlegeli,Philepitta_schlegeli,AVES,4.3903554314273e-07,6,84.6548122689128
rank,22,22,99.7962403173118,Ploceus nelicourvi,Ploceus_nelicourvi,AVES,0.00268754230522039,8,163.024532549083
rank,22,22,99.7962403173118,Ploceus sakalava,Ploceus_sakalava,AVES,0.00128224605815974,8,129.053098884829
rank,22,22,99.7962403173118,Polyboroides radiatus,Polyboroides_radiatus,AVES,0,0,0
rank,22,22,99.7962403173118,Pseudobias wardi,Pseudobias_wardi,AVES,0.00145871297924516,7,130.786533422768
rank,22,22,99.7962403173118,Pterocles personatus,Pterocles_personatus,AVES,0,0,0
rank,22,22,99.7962403173118,Rallus madagascariensis,Rallus_madagascariensis,AVES,0,0,0
rank,22,22,99.7962403173118,Randia pseudozosterops,Randia_pseudozosterops,AVES,0.0152511172755297,5,92.8229288874292
rank,22,22,99.7962403173118,Sarothrura insularis,Sarothrura_insularis,AVES,0,0,0
rank,22,22,99.7962403173118,Schetba rufa,Schetba_rufa,AVES,0,9,132.943399217054
rank,22,22,99.7962403173118,Setifer setosus,Setifer_setosus,MAMMALIA,4.37922020868342e-09,19,307.034475039289
rank,22,22,99.7962403173118,Tenrec ecaudatus,Tenrec_ecaudatus,MAMMALIA,0,12,204.746430416011
rank,22,22,99.7962403173118,Thamnornis chloropetoides,Thamnornis_chloropetoides,AVES,0,3,42.9993220981522
rank,22,22,99.7962403173118,Treron australis,Treron_australis,AVES,0,0,0
rank,22,22,99.7962403173118,Turnix nigricollis,Turnix_nigricollis,AVES,0,0,0
rank,22,22,99.7962403173118,Tylas eduardi,Tylas_eduardi,AVES,9.05711105003704e-08,2,53.4700378999114
rank,22,22,99.7962403173118,Vanga curvirostris,Vanga_curvirostris,AVES,4.61320011413413e-07,14,292.338241207581
rank,22,22,99.7962403173118,Varecia rubra,Varecia_rubra,MAMMALIA,0.000942653530612292,11,194.690326794982
rank,22,22,99.7962403173118,Varecia variegata,Varecia_variegata,MAMMALIA,1.11022302462516e-16,2,54.5158475115895
rank,22,22,99.7962403173118,Xanthomixis apperti,Xanthomixis_apperti,AVES,0,1,15.0811465416388
rank,22,22,99.7962403173118,Xanthomixis cinereiceps,Xanthomixis_cinereiceps,AVES,0,3,46.0627797245979
rank,22,22,99.7962403173118,Xanthomixis zosterops,Xanthomixis_zosterops,AVES,0.0362777567136415,8,163.379082791507
rank,22,22,99.7962403173118,Xenopirostris damii,Xenopirostris_damii,AVES,0,0,0
rank,22,22,99.7962403173118,Xenopirostris polleni,Xenopirostris_polleni,AVES,1.22479804076647e-12,1,30.9491436034441
rank,22,22,99.7962403173118,Xenopirostris xenopirostris,Xenopirostris_xenopirostris,AVES,0,0,0
